1.000000000000000000e+00 0.000000000000000000e+00 0.000000000000000000e+00 0.000000000000000000e+00 0.000000000000000000e+00 1.000000000000000000e+00 0.000000000000000000e+00 0.000000000000000000e+00 0.000000000000000000e+00 0.000000000000000000e+00 1.000000000000000000e+00 0.000000000000000000e+00
9.999972745036219690e-01 -2.224169886106746805e-03 7.099673552569063994e-04 4.298379873284439157e-01 2.223970817899869820e-03 9.999974874772022959e-01 2.810570827849935712e-04 1.987494892402592167e-02 -7.105906901475480359e-04 -2.794773700851795506e-04 9.999997084765928079e-01 6.635676858954086101e-04
9.999874837442324083e-01 -4.923159439238699100e-03 8.915469781625225566e-04 1.078893946163598461e+00 4.922566790365406550e-03 9.999876624998013108e-01 6.657209460093338731e-04 1.670627704193600876e-02 -8.948134290607471630e-04 -6.613239141289503891e-04 9.999993809796122735e-01 1.132976754534403309e-02
9.999644935687712621e-01 -8.406396075981275098e-03 5.866061408075145612e-04 1.663170081978329939e+00 8.405950052738598785e-03 9.999643815448314710e-01 7.587129718098548472e-04 -1.090177682401314782e-02 -5.929632885520050517e-04 -7.537550506996412584e-04 9.999995401238251924e-01 2.849623595549341873e-02
9.999253339257582196e-01 -1.221795096267746204e-02 2.196536697510409963e-04 2.082953063334823884e+00 1.221784169515050845e-02 9.999252382976003828e-01 4.920973474136824998e-04 -1.878641828950169609e-02 -2.256496693283161273e-04 -4.893769106718292043e-04 9.999998547962224427e-01 3.807309334168609838e-02
9.998716870803135981e-01 -1.601459083309504997e-02 3.771678883215009688e-04 2.450012315943971064e+00 1.601433427712940435e-02 9.998715353695252217e-01 6.736879460550544620e-04 3.297856398110415865e-02 -3.879082723933606480e-04 -6.675614105455590294e-04 9.999997019444232249e-01 3.134296002593899705e-02
9.997884585885534747e-01 -2.054342940629548878e-02 1.002786793268178878e-03 2.926405134254778773e+00 2.054179036852417720e-02 9.997876854411450465e-01 1.618298085533661536e-03 1.001367767054301278e-01 -1.035819279511044407e-03 -1.597356712380867266e-03 9.999981877633347116e-01 2.665295143285629012e-02
9.996952538732309934e-01 -2.463039843562377096e-02 1.656157069414275875e-03 3.475006846221862400e+00 2.462625543409082546e-02 9.996936588573134275e-01 2.477091797315710692e-03 1.403107041117522824e-01 -1.716661478294664476e-03 -2.435551966154456127e-03 9.999955605701402739e-01 1.503610238761739909e-02
9.996013943044355088e-01 -2.817270450076293092e-02 1.830635338104500505e-03 3.981854816068369551e+00 2.816777544785218496e-02 9.995996576636876352e-01 2.664737314979639515e-03 1.293860249734121448e-01 -1.904975314223385533e-03 -2.612110210378074723e-03 9.999947739609947872e-01 2.883365128234470151e-02
9.994568604960896163e-01 -3.289698979251096805e-02 1.942181734915608042e-03 4.426341484838232532e+00 3.289274058378811177e-02 9.994565083885855739e-01 2.180700938861616749e-03 1.094433175263340441e-01 -2.012864671961088828e-03 -2.115632834062355742e-03 9.999957362276720163e-01 4.809359463802799495e-02
9.992732254946358195e-01 -3.807098471990561644e-02 1.902874668337608492e-03 4.837749234348218685e+00 3.806791423647869904e-02 9.992738336363801155e-01 1.624596976532087468e-03 1.170489905616436122e-01 -1.963342871428835207e-03 -1.550977791191008150e-03 9.999968698714313264e-01 5.994262329387209376e-02
9.990548776504541983e-01 -4.344652049410229616e-02 1.323366839334646139e-03 5.279664766284092536e+00 4.344407900443986864e-02 9.990542008144194241e-01 1.820943304375764824e-03 1.780599130384499795e-01 -1.401228850647939046e-03 -1.761729836641633216e-03 9.999974664296359395e-01 5.913287910812406456e-02
9.988219280793098065e-01 -4.852401732358362779e-02 4.192024696381973928e-04 5.758037131945528131e+00 4.852277305264738466e-02 9.988187121628719911e-01 2.592436804080204375e-03 2.396136426775152817e-01 -5.445027192510033592e-04 -2.569041860777790398e-03 9.999965517644079371e-01 5.739649688453139775e-02
9.985803896108863542e-01 -5.326415705897894620e-02 -3.675015193677156136e-04 6.240018392982248585e+00 5.326505585922355207e-02 9.985753856762319414e-01 3.167482577446095824e-03 2.772901759300525071e-01 1.982646819525496040e-04 -3.182560975229287593e-03 9.999949159854538694e-01 4.752951267792335927e-02
9.982334486901409676e-01 -5.941341231534219558e-02 -1.683841884112573998e-04 6.721243264634733983e+00 5.941364875613218410e-02 9.982286375795366151e-01 3.099267265838243513e-03 2.941525528948406021e-01 -1.605212495298532452e-05 -3.103796570216526152e-03 9.999951830829886257e-01 4.763071297564932388e-02
9.977465959747559010e-01 -6.709258998847651700e-02 5.608827198202683472e-04 7.180527100337850577e+00 6.709061502496478646e-02 9.977423575009841672e-01 3.006230854451136508e-03 3.075328169433974579e-01 -7.613122612834360677e-04 -2.961826635113286917e-03 9.999953239823795581e-01 7.017502760361889191e-02
9.971851804952268639e-01 -7.497426926044918616e-02 7.581223934710269903e-04 7.630474186925083835e+00 7.497182778888196453e-02 9.971815678466757760e-01 2.854082136140261364e-03 3.433037557848728216e-01 -9.699683995075308787e-04 -2.789210588549024053e-03 9.999956397232923067e-01 8.699875148129057600e-02
9.965917026794487432e-01 -8.248824340832824897e-02 8.172208304268907845e-04 8.085268433890412609e+00 8.248530102545337250e-02 9.965873171488087712e-01 3.145538567547790255e-03 4.153715797188154979e-01 -1.073901865923422962e-03 -3.067408930674293040e-03 9.999947188546719490e-01 8.872039697148112469e-02
9.959369340848801544e-01 -9.004941168883813518e-02 8.525139900865272508e-04 8.546201845570651656e+00 9.004606787201387130e-02 9.959318882184292621e-01 3.373379679617800539e-03 4.970607742383416627e-01 -1.152816723432166469e-03 -3.282907883009614919e-03 9.999939467463959675e-01 7.779045060482971119e-02
9.950692029352600221e-01 -9.917813017993239166e-02 9.898806992344199879e-04 9.027777070059816111e+00 9.917289933877514174e-02 9.950605340832073820e-01 4.389709191201738789e-03 5.506060278751964132e-01 -1.420354366875912220e-03 -4.269895087064127723e-03 9.999898752434536187e-01 8.026352790121421554e-02
9.939229544253591619e-01 -1.100766710095848755e-01 5.358785431782718328e-04 9.493734143710316431e+00 1.100725302411217632e-01 9.939104323165099952e-01 5.107897681584683790e-03 6.045185522666817191e-01 -1.094875647165876372e-03 -5.017871247433533001e-03 9.999868110207561500e-01 9.678056670219187252e-02
9.924379320697497286e-01 -1.227471882891928295e-01 2.806353796829032265e-04 9.955109763086596786e+00 1.227443280742474691e-01 9.924260787531932193e-01 4.930328200262927216e-03 6.617639552650761425e-01 -8.836937933433077798e-04 -4.858598322381070186e-03 9.999878064794697208e-01 1.091984924075796864e-01
9.905100007375361448e-01 -1.374267000115865500e-01 1.959735403475617709e-03 1.041733130882754566e+01 1.374179010118437294e-01 9.905047585636922447e-01 4.079674518987344567e-03 7.315435863207304656e-01 -2.501783448934124295e-03 -3.771655685126844206e-03 9.999897577940323190e-01 9.800219246014603425e-02
9.880504869768559351e-01 -1.540169154989494416e-01 5.918185954096655266e-03 1.091320775319223024e+01 1.539964649263730057e-01 9.880642018704898222e-01 3.771176502411246502e-03 8.191160305419488141e-01 -6.428372653959150626e-03 -2.814733063975310111e-03 9.999753763482380764e-01 9.621836622351728763e-02
9.849634432122871264e-01 -1.724328323152572728e-01 1.067398122230324604e-02 1.141531091569498990e+01 1.723837706931139746e-01 9.850152586329961046e-01 5.364313730166089811e-03 9.176600635601995792e-01 -1.143901818425093787e-02 -3.443631790727211955e-03 9.999286425855948846e-01 1.535719258177198898e-01
9.812258219186035246e-01 -1.924469955136318411e-01 1.265070424668551449e-02 1.186955197697141351e+01 1.923631850772110352e-01 9.812947632738694415e-01 7.549344225241003299e-03 1.035427110708802001e+00 -1.386691844324481476e-02 -4.974081729996342009e-03 9.998914776533659454e-01 2.081683812156066293e-01
9.767267035272949594e-01 -2.142696071714698669e-01 9.668612066255218365e-03 1.229768056274411947e+01 2.141925466523240673e-01 9.767551999015062769e-01 8.416200090335900635e-03 1.162779904426528121e+00 -1.124720299877799388e-02 -6.149382729395311623e-03 9.999178393831923417e-01 2.024341929313286936e-01
9.712406518247755915e-01 -2.380700676098420621e-01 3.773479989373744979e-03 1.275059339781435952e+01 2.380435481911568063e-01 9.712335448527943393e-01 6.377344058419097753e-03 1.292150373095503069e+00 -5.183185077669605866e-03 -5.295683234510970352e-03 9.999725447888708763e-01 1.386000818041144833e-01
9.648777953587145406e-01 -2.626976490758209382e-01 8.861115863451768122e-04 1.319397713457303034e+01 2.626919083990265635e-01 9.648707664595946865e-01 4.167168505327643185e-03 1.427194869220098195e+00 -1.949688535137972549e-03 -3.788034016637303100e-03 9.999909247152719560e-01 1.005362312341947922e-01
9.573995696092408858e-01 -2.887574205379058179e-01 2.283899370645410890e-03 1.365275995271387366e+01 2.887498501525833094e-01 9.573993917599369352e-01 3.150983110629813899e-03 1.575004017295389858e+00 -3.096473623480791061e-03 -2.357274272925528880e-03 9.999924275258794681e-01 1.108424726242427938e-01
9.488975393576309925e-01 -3.155191709954475732e-01 6.411905752482679327e-03 1.411958385754646983e+01 3.154920238049608860e-01 9.489155562086537543e-01 4.904090198106883167e-03 1.746276448273068826e+00 -7.631691587268151986e-03 -2.630573999474067511e-03 9.999674181511866156e-01 1.782840719343262992e-01
9.396595404171671495e-01 -3.419805952571518537e-01 9.445664114414683774e-03 1.454978131966863231e+01 3.419187043990743469e-01 9.396989374566336872e-01 7.583305673125941525e-03 1.928729723891085657e+00 -1.146942392000027851e-02 -3.896076287462920708e-03 9.999266337609502564e-01 2.331335653748417558e-01
9.292443347355533456e-01 -3.693559733460949901e-01 9.007292347738771882e-03 1.495059137346085976e+01 3.692744308865200664e-01 9.292715465337447744e-01 9.528247279485131324e-03 2.135516134766251461e+00 -1.188953553826128592e-02 -5.527907048881263927e-03 9.999140368993443273e-01 2.388659233704305829e-01
9.171213782542928517e-01 -3.985714782435608172e-01 5.399470315592022097e-03 1.534891774125851249e+01 3.985061394742392404e-01 9.171090654364948414e-01 1.018915578138254729e-02 2.346065128788300758e+00 -9.013010056824260693e-03 -7.192970522796929798e-03 9.999335112020067973e-01 1.891333673842662544e-01
9.029578136830349600e-01 -4.297245214927699064e-01 2.005576366931335376e-03 1.576870334156982878e+01 4.296923171423880361e-01 9.029316248908131337e-01 8.887820927614793406e-03 2.570498675453281923e+00 -5.630212923068617092e-03 -7.163546596892640152e-03 9.999584912898110689e-01 1.512577998105071875e-01
8.868110481960493896e-01 -4.621304992559725489e-01 1.251580940188482156e-03 1.619257747806796388e+01 4.620840991475835824e-01 8.867545760025021817e-01 1.202527561384295410e-02 2.802258668545531517e+00 -6.667091749065565641e-03 -1.008581162070118151e-02 9.999269104747412484e-01 1.713125022409199283e-01
8.689453709843745211e-01 -4.948923180398669408e-01 3.941546645037699234e-03 1.660282671306784863e+01 4.947751762098211992e-01 8.688691001277117909e-01 1.624844145758919459e-02 3.058850122943539418e+00 -1.146591694406669595e-02 -1.216882855444497563e-02 9.998602164103961298e-01 1.914880397350003371e-01
8.495841921766196236e-01 -5.273931766695271195e-01 7.945917569777151065e-03 1.697361890131328011e+01 5.271741621266105016e-01 8.495284586887941192e-01 1.971802890625818164e-02 3.347964029604949321e+00 -1.714943700845405344e-02 -1.256324322246420676e-02 9.997740053282172523e-01 2.176791451893018703e-01
8.289487507506323460e-01 -5.592361752567771571e-01 9.943284826325251430e-03 1.733120614131834714e+01 5.588926849927595697e-01 8.288762535587426150e-01 2.455856160297529081e-02 3.656261158991988225e+00 -2.197578873556781456e-02 -1.480055980678613228e-02 9.996489424487255970e-01 2.364681341375573509e-01
8.071310414806891487e-01 -5.902980492882221597e-01 9.364554704716809841e-03 1.769958520595932683e+01 5.898560934635670439e-01 8.069870089980921701e-01 2.901303693536747344e-02 3.970251435925229888e+00 -2.468341309863298499e-02 -1.789358306301072968e-02 9.995351663663312181e-01 2.139336131227039250e-01
7.837601548079106140e-01 -6.210222236470339663e-01 7.170597741708025635e-03 1.805726154696859354e+01 6.205221880765465770e-01 7.835066884747042826e-01 3.270295430228972733e-02 4.272313792240540309e+00 -2.592747269162514259e-02 -2.118175752613721610e-02 9.994393925135875989e-01 1.907245326126857099e-01
7.590024111889446257e-01 -6.510623370049151148e-01 5.759613100419645054e-03 1.840174945519810734e+01 6.505615811021667749e-01 7.587148752797231444e-01 3.348682163363927294e-02 4.580403523609028582e+00 -2.617191248680828322e-02 -2.166959535784056257e-02 9.994225631002184862e-01 1.844048247229874149e-01
7.331217307386852511e-01 -6.800823132643930569e-01 4.535978799178795595e-03 1.872264329348708145e+01 6.796422483992804464e-01 7.328587342999428600e-01 3.169368629643028873e-02 4.929405065700823485e+00 -2.487854717392985401e-02 -2.015248732136258256e-02 9.994873361605323137e-01 1.961711086998310372e-01
7.061767718961422524e-01 -7.080334927162127423e-01 1.714650525499281097e-03 1.903012385049361299e+01 7.076543106996689980e-01 7.058739069141586331e-01 3.110312019585958349e-02 5.286862396479030224e+00 -2.323237789207322629e-02 -2.075092118009681103e-02 9.995147101907291276e-01 2.163317037860714720e-01
6.781781010883125571e-01 -7.348975193722494526e-01 3.149996267114169718e-04 1.931948449545172153e+01 7.344692935494866459e-01 6.777974328375768742e-01 3.384518978685808338e-02 5.670584253546118170e+00 -2.508625195537479008e-02 -2.272170898732588096e-02 9.994270378089271656e-01 1.994111735284447851e-01
6.486510937043303837e-01 -7.610858846334652705e-01 -1.866758465254979987e-04 1.959670959996210726e+01 7.605250960123043358e-01 6.481636969288909755e-01 3.854089151729673396e-02 6.057154853093916991e+00 -2.921193200819290070e-02 -2.514156310113645904e-02 9.992570063968430061e-01 1.694409344908455461e-01
6.172351418783270649e-01 -7.867766333308414684e-01 -1.819031343367253500e-03 1.987643690762326187e+01 7.860592867982516552e-01 6.165702290231271920e-01 4.418088184489486758e-02 6.454299454017766280e+00 -3.363892490353387332e-02 -2.869985935427421878e-02 9.990218920546132253e-01 1.573556149648925873e-01
5.851135374195794991e-01 -8.109417115924092423e-01 -3.960899887693002802e-03 2.013300541828731482e+01 8.101391696701717438e-01 5.843019936018477578e-01 4.759943317972480104e-02 6.859992506098037346e+00 -3.628600411275817450e-02 -3.105995287311797207e-02 9.988586512780717186e-01 1.546646806014334574e-01
5.531063626435004377e-01 -8.330707776263782671e-01 -8.150525643069518253e-03 2.035166376297098623e+01 8.322981956442995211e-01 5.521085711747443225e-01 4.955642402984522521e-02 7.283077539075094364e+00 -3.678403363580746294e-02 -3.419364122704600384e-02 9.987380686491907911e-01 1.748029342548109710e-01
5.200800322989214131e-01 -8.540219210507961067e-01 -1.277960753156993749e-02 2.057033626980883412e+01 8.534444893185412218e-01 5.190181658600202530e-01 4.746206020723359870e-02 7.718275631383956892e+00 -3.390079137376383889e-02 -3.559075542902349204e-02 9.987912867422422680e-01 1.459558421382678439e-01
4.863512299149982399e-01 -8.736572047010130460e-01 -1.362240192406589251e-02 2.079262320169962663e+01 8.733844044392865547e-01 4.856220454077003756e-01 3.702581661859824513e-02 8.122053099001133702e+00 -2.573253276304618420e-02 -2.990514484254531979e-02 9.992214564697583512e-01 1.644711798278377102e-01
4.519315706159153789e-01 -8.918700984701735113e-01 -1.804391685402284562e-02 2.098088871319056992e+01 8.919787729146897437e-01 4.515414638572564643e-01 2.200397889588127237e-02 8.537147486906009775e+00 -1.147711419462115259e-02 -2.603908355624106469e-02 9.995950389919483481e-01 1.992314359078548036e-01
4.161729209956679387e-01 -9.088401303986676227e-01 -2.845553033886881467e-02 2.114653722485685350e+01 9.092812764919934176e-01 4.160624107986004017e-01 9.981509983332942371e-03 8.977616490809452898e+00 2.767679718514558934e-03 -3.002811511549437901e-02 9.995452227146035540e-01 1.957916171996767485e-01
3.812940442311025802e-01 -9.236450488327042629e-01 -3.866103465663089239e-02 2.128833029518409248e+01 9.244014610088903128e-01 3.813839545053604452e-01 5.312074028284680116e-03 9.432064012134208753e+00 9.838227407356731416e-03 -3.776377911020461359e-02 9.992382630127795151e-01 1.262235700176660425e-01
3.481837872104386333e-01 -9.364809607876530828e-01 -4.208872065090621395e-02 2.143051660645987155e+01 9.373790363791300040e-01 3.482659403563789224e-01 5.601512708242446792e-03 9.909094895645129242e+00 9.412357873005660486e-03 -4.140344031504011174e-02 9.990981746802209962e-01 5.977751868898714682e-02
3.155841254911314619e-01 -9.483024205392160955e-01 -3.360325783999853350e-02 2.156937368964213775e+01 9.488898801676599604e-01 3.155264819147890476e-01 7.143845314668327215e-03 1.039010311343207782e+01 3.828191923272576333e-03 -3.414027548131271655e-02 9.994097190525308427e-01 7.774628646117343056e-02
2.838847899764347371e-01 -9.585808250802078101e-01 -2.307006303813832759e-02 2.170094579887830477e+01 9.588191318358697535e-01 2.835732513832771584e-01 1.587713845206159893e-02 1.086097852684621223e+01 -8.677467691947847450e-03 -2.662729592851685936e-02 9.996077674097927357e-01 1.829161539684669435e-01
2.540818357949468087e-01 -9.670517061517355240e-01 -1.591911894819615647e-02 2.180479057733005632e+01 9.670153646629678912e-01 2.536972773969724537e-01 2.278104359133883289e-02 1.133116204524870518e+01 -1.799180993720535943e-02 -2.118228199181514809e-02 9.996137282494687026e-01 2.444121711995058122e-01
2.259463234459188063e-01 -9.739874284760815515e-01 -1.722637779169823233e-02 2.190267336900866013e+01 9.740030222630592371e-01 2.255830082744521015e-01 2.074654188715109246e-02 1.181740907620530123e+01 -1.632089285851410013e-02 -2.146614889537786300e-02 9.996363503334111389e-01 2.302810054083882507e-01
1.996788398315041402e-01 -9.796148974720949587e-01 -2.197756979927135979e-02 2.198372444494051337e+01 9.798389619442416931e-01 1.994722518223430718e-01 1.124408328654989339e-02 1.232126379057191379e+01 -6.630956158477884811e-03 -2.377968468380224978e-02 9.996952320666350200e-01 1.747776875723785484e-01
1.759784762410305792e-01 -9.840382174569877183e-01 -2.646436252698207078e-02 2.205131473432602007e+01 9.843939898408533562e-01 1.759088419128495007e-01 4.955007778657462281e-03 1.281825115155144168e+01 -2.206016579123643018e-04 -2.692333413518123442e-02 9.996374769955125306e-01 1.588697033868015918e-01
1.549509190407771797e-01 -9.875271759593664544e-01 -2.793366123759966763e-02 2.212166735713221755e+01 9.879214994914109482e-01 1.548559343788857845e-01 5.545307050486664516e-03 1.332389946821677285e+01 -1.150448199822901377e-03 -2.845551491997078131e-02 9.995943978132224572e-01 1.617543102080762352e-01
1.376543226154093302e-01 -9.901431128905036072e-01 -2.584382829219362271e-02 2.218131931989907102e+01 9.904607786041188522e-01 1.374407914072326431e-01 9.872937975921463466e-03 1.382447901634527199e+01 -6.223625327382025993e-03 -2.695635088169666752e-02 9.996172375639224006e-01 1.784094721829371788e-01
1.239627894651469386e-01 -9.920493692629118732e-01 -2.170888696084342234e-02 2.222545220626570739e+01 9.922333075788548618e-01 1.236991249839016760e-01 1.309922934156857420e-02 1.433951342858066980e+01 -1.030971188470256560e-02 -2.316409772203768119e-02 9.996785155326577410e-01 1.969327370936521104e-01
1.116889019120345106e-01 -9.935768226355117250e-01 -1.818479340562039609e-02 2.228290727633945068e+01 9.936866793274370391e-01 1.114686416756085485e-01 1.270925844439041268e-02 1.487477951927571951e+01 -1.060059040315489837e-02 -1.948947009325661950e-02 9.997538637277620932e-01 2.254808797053246827e-01
9.887642667867468926e-02 -9.949962357095505361e-01 -1.435072022864958448e-02 2.233119811908041896e+01 9.950749427059515373e-01 9.876191458010730173e-02 8.481899976935715693e-03 1.540703205795811748e+01 -7.022153943331053624e-03 -1.511870207047796323e-02 9.998610474469441511e-01 2.316586572783062015e-01
8.648362732097469863e-02 -9.961649031883683669e-01 -1.326905652695643811e-02 2.236472216377040212e+01 9.962499929737747006e-01 8.644149870164097305e-02 3.717364922642569028e-03 1.591326229188766916e+01 -2.556111335733163292e-03 -1.354078867433485510e-02 9.999050521609120779e-01 2.361509403783332850e-01
7.653792178602047969e-02 -9.969748512913271243e-01 -1.353116481733088010e-02 2.239789616180234688e+01 9.970666644383271437e-01 7.652930946140479307e-02 1.153888724861493360e-03 1.641813778615205521e+01 -1.148673401967347657e-04 -1.357978961535456428e-02 9.999077838078354041e-01 2.307765436770617684e-01
6.891364136559252618e-02 -9.975397579132785353e-01 -1.285851531289028231e-02 2.243069499463521765e+01 9.976226108936048220e-01 6.890545508115109019e-02 1.079117179122374148e-03 1.695492549020703521e+01 -1.904404403191388429e-04 -1.290231151293449313e-02 9.999167435792151171e-01 2.174124724802365405e-01
6.324985358162171778e-02 -9.979362990880553674e-01 -1.107244256424748385e-02 2.245968535149464529e+01 9.979950580159768769e-01 6.322015000555514241e-02 3.012774296520815027e-03 1.751238936914557343e+01 -2.306555351617983925e-03 -1.124080049241415330e-02 9.999341599358928523e-01 2.246711296400092928e-01
5.872773476553294625e-02 -9.982260133800264779e-01 -9.791801710022864438e-03 2.247296170754237110e+01 9.982565191768149049e-01 5.866577017003993255e-02 6.499948564841453308e-03 1.807240082546625004e+01 -5.913974154386101786e-03 -1.015645714682262418e-02 9.999309332588556254e-01 2.459112255948678050e-01
5.389344933436135410e-02 -9.985170117724310179e-01 -7.698916800411455957e-03 2.248943603543623837e+01 9.984955657550454999e-01 5.381106768277466035e-02 1.053442748095555388e-02 1.861650349662409809e+01 -1.010451811598612332e-02 -8.255070920039244212e-03 9.999148726355403527e-01 2.523170179707385774e-01
4.856515467500122085e-02 -9.988124602737232793e-01 -3.885222431877602065e-03 2.253112140312383715e+01 9.987484130509928226e-01 4.851472999386075013e-02 1.216258203450879503e-02 1.914974332435365056e+01 -1.195964796792008296e-02 -4.471037415941186630e-03 9.999184850001067160e-01 2.563314276128665359e-01
4.377264890164367372e-02 -9.990409286417861745e-01 -1.085406233293153590e-03 2.257473964293221513e+01 9.989769171165346906e-01 4.375743752674354781e-02 1.141953280294582401e-02 1.968390979676118491e+01 -1.136108606066587104e-02 -1.584158972758416793e-03 9.999342059175049258e-01 2.767798188510696700e-01
4.042940034329245425e-02 -9.991795686594326931e-01 -2.377637783992648732e-03 2.258545023788574113e+01 9.991428783258720081e-01 4.040652304566660913e-02 8.990082649892634434e-03 2.024600526591322236e+01 -8.886634828419224738e-03 -2.739063509686560233e-03 9.999567616914823986e-01 2.870501421178126567e-01
3.766714955735939174e-02 -9.992770104435515499e-01 -5.161612463389677642e-03 2.258079582199560775e+01 9.992685763193369652e-01 3.763173583706669323e-02 6.794471179943421119e-03 2.081925876414410581e+01 -6.595318411523136935e-03 -5.413765499901645323e-03 9.999635957964483346e-01 2.676876471719536466e-01
3.511005653382881508e-02 -9.993604634161223910e-01 -6.778502113660204997e-03 2.258122140532277200e+01 9.993671041315714820e-01 3.506987940049111074e-02 5.957746093283628960e-03 2.139312973211795210e+01 -5.716214645057480365e-03 -6.983388829827722258e-03 9.999592777561409074e-01 2.554243716252220797e-01
3.205009305550410303e-02 -9.994675093665511545e-01 -6.122847030357411735e-03 2.259277241564898731e+01 9.994656587708262707e-01 3.200949518025131280e-02 6.617337538957744798e-03 2.195128386922617736e+01 -6.417824626192234275e-03 -6.331661624652444066e-03 9.999593599682631284e-01 2.681070077389463013e-01
2.829016463448008611e-02 -9.995916059240733675e-01 -4.035833381895554198e-03 2.260345777489131081e+01 9.995697460372071630e-01 2.825780110947517798e-02 7.862536713474215302e-03 2.249799163830824611e+01 -7.745281923042090372e-03 -4.256529406658652280e-03 9.999609455200452190e-01 2.868523491900261124e-01
2.411755134285809010e-02 -9.997036355719016720e-01 -3.314323693816421511e-03 2.262021781175663548e+01 9.996840837057435758e-01 2.409334720616784775e-02 7.158449958712382807e-03 2.307466224862950455e+01 -7.076475297275548401e-03 -3.485920929371631727e-03 9.999688854422628115e-01 3.082687108415548272e-01
2.008047968877535450e-02 -9.997925060628328753e-01 -3.423325294131917239e-03 2.262406756276821085e+01 9.997810445002052182e-01 2.005985845982227733e-02 5.955261257985181717e-03 2.366543966527674314e+01 -5.885354156517685724e-03 -3.542160240963503418e-03 9.999764075753385661e-01 3.093094761189930653e-01
1.743667660579273360e-02 -9.998397982575756293e-01 -4.042292566832490948e-03 2.263398047591048368e+01 9.998185139791121445e-01 1.740498749955676772e-02 7.746322659200139717e-03 2.424593010086161726e+01 -7.674725633217481351e-03 -4.176629070331870815e-03 9.999618264494218867e-01 3.050347021611914400e-01
1.501734080166383656e-02 -9.998787694997499642e-01 -4.114095151129532404e-03 2.265050822493568816e+01 9.998343108162657256e-01 1.497408599568883503e-02 1.035024942485216967e-02 2.482182745018979730e+01 -1.028738984434922343e-02 -4.268846713057367244e-03 9.999379713551890259e-01 3.069859278140977810e-01
1.298209044257070399e-02 -9.999137111220229857e-01 -2.008889724315446844e-03 2.265536805718678792e+01 9.998615253471251352e-01 1.296044179939670471e-02 1.043825075790178608e-02 2.540684955363511222e+01 -1.041131395460244760e-02 -2.144121859409522414e-03 9.999435020455859080e-01 3.107586533463044254e-01
1.076735267000361596e-02 -9.999414409955917904e-01 -1.085677732695611818e-03 2.264028322571807905e+01 9.998946446987790893e-01 1.075626614614488830e-02 9.746909320183532247e-03 2.599396307864688893e+01 -9.734660712235866653e-03 -1.190511760884017251e-03 9.999519083748802384e-01 3.325457324500054601e-01
8.727878870641525566e-03 -9.999614715158087197e-01 -9.378775815938140623e-04 2.262304118867997005e+01 9.999106871952214703e-01 8.717934624648870923e-03 1.012991849228355237e-02 2.657213742188242733e+01 -1.012135184643680325e-02 -1.026206518686585863e-03 9.999482512295232439e-01 3.407932628263689590e-01
8.254196918119016679e-03 -9.999649770362212253e-01 -1.383088640176983672e-03 2.262004894828367796e+01 9.998957957793238593e-01 8.237228502530835605e-03 1.185519503971989991e-02 2.716054627817366196e+01 -1.184338701848504025e-02 -1.480799630863663917e-03 9.999287681712051290e-01 3.354069291635955463e-01
8.177519748099881802e-03 -9.999591838035506441e-01 -3.841731082024765591e-03 2.261594196774327514e+01 9.998997269539655619e-01 8.132494359259778705e-03 1.159303984647532329e-02 2.773933546915903037e+01 -1.156132380632914070e-02 -3.936148172232189005e-03 9.999254184835044690e-01 3.246690381545583315e-01
7.272251225904913241e-03 -9.999488395796849449e-01 -7.030831056810823813e-03 2.262711242841173487e+01 9.999498912651993976e-01 7.223527288321429651e-03 6.930772845182457849e-03 2.831954590073168987e+01 -6.879630863932134459e-03 -7.080881072081817752e-03 9.999512647136454824e-01 3.351499989815963088e-01
5.641197336640701998e-03 -9.999508800020403543e-01 -8.149507700160341442e-03 2.261745674567012543e+01 9.999792157747015020e-01 5.615541514770949760e-03 3.167603527825434140e-03 2.889508177847638848e+01 -3.121684036331409673e-03 -8.167207395540930850e-03 9.999617751754991124e-01 3.564097548948581551e-01
3.247462699172420919e-03 -9.999257445112195164e-01 -1.174561406234043634e-02 2.261507219747163333e+01 9.999947269650102388e-01 3.247301046140571579e-03 3.283429642528343934e-05 2.949850354165908684e+01 5.309686533651325480e-06 -1.174565875545939900e-02 9.999310173568012328e-01 3.703592469257533937e-01
1.540321322185955744e-03 -9.998324396083777543e-01 -1.824061723146332137e-02 2.260794001773609097e+01 9.999987910602818886e-01 1.543946816839891767e-03 -1.846786451103685223e-04 3.008652598637860009e+01 2.128102431959901647e-04 -1.824031071520184483e-02 9.998336090454317260e-01 3.642870753654104399e-01
2.350121751518274849e-03 -9.997201279887583114e-01 -2.354023410873060801e-02 2.259341702457459178e+01 9.999894279000699493e-01 2.256412560332266004e-03 4.006580892518801090e-03 3.070134119099997250e+01 -3.952343082750107636e-03 -2.354940119192796416e-02 9.997148616919016018e-01 3.458644087411515411e-01
3.673922535329832151e-03 -9.996554640312788065e-01 -2.598952722950464284e-02 2.258069140433894617e+01 9.999104996306084070e-01 3.338031157464338428e-03 1.295570439841517776e-02 3.132574677568733890e+01 -1.286448684058994624e-02 -2.603479941156769742e-02 9.995782581658765320e-01 3.524666653371116842e-01
4.579744011639519385e-03 -9.995983127136915947e-01 -2.796853883793477130e-02 2.256157148751762875e+01 9.997220357911342781e-01 3.929874450632198091e-03 2.324666084479385525e-02 3.195375775850059696e+01 -2.312741011048265183e-02 -2.806722834095810859e-02 9.993384579784959643e-01 3.690340830825225016e-01
6.951728813581303790e-03 -9.994920403192462111e-01 -3.110200644609703580e-02 2.254498401796409013e+01 9.995346286779303036e-01 6.021468175194555350e-03 2.990431398122183476e-02 3.256626265172683787e+01 -2.970184405343889028e-02 -3.129541914539183539e-02 9.990687650008579501e-01 3.617825921379819176e-01
8.986855618954514568e-03 -9.994061830186629081e-01 -3.326436186297410114e-02 2.255117596677262526e+01 9.996182034884220080e-01 8.109606481840114789e-03 2.641366194395239342e-02 3.317317088517934565e+01 -2.612821617837252780e-02 -3.348903741191312788e-02 9.990974930869157555e-01 3.492002018017218989e-01
1.145935492441363390e-02 -9.993981115097229084e-01 -3.274290603346222128e-02 2.255839936667000245e+01 9.998322365033444070e-01 1.098410791850457091e-02 1.465770179650988450e-02 3.376986501254492623e+01 -1.428922788106763708e-02 -3.290538077631779967e-02 9.993563197791508479e-01 3.591674900511338531e-01
1.468720309646320832e-02 -9.994110607570300120e-01 -3.101318593295104842e-02 2.257210975625576665e+01 9.998905420860334514e-01 1.462471073817395162e-02 2.240911136872469900e-03 3.438159753415050091e+01 -1.786032503025336560e-03 -3.104270401130173468e-02 9.995164634039626073e-01 3.896957119361448840e-01
1.934177236784695442e-02 -9.993038566598673178e-01 -3.190137781328723776e-02 2.259034967880267075e+01 9.997938479260153333e-01 1.952868930842732720e-02 -5.558052103666128591e-03 3.503480908802634985e+01 6.177174998536500566e-03 -3.178729869949030451e-02 9.994755675605215828e-01 4.100029531266737304e-01
2.288570010089119311e-02 -9.991668901764747535e-01 -3.379009183125472604e-02 2.259560551388479155e+01 9.997255628157111218e-01 2.304152480471721720e-02 -4.229324707730167457e-03 3.568773349900016711e+01 5.004376454852809547e-03 -3.368402751670529494e-02 9.994200030550478564e-01 3.860573834355507383e-01
2.605712401986948201e-02 -9.991068870323168705e-01 -3.326341191770031819e-02 2.259842182203095362e+01 9.996513740763185440e-01 2.590062458314634775e-02 5.127177930558895688e-03 3.635777278359382336e+01 -4.261055637026578760e-03 -3.338541494120421393e-02 9.994334682579234519e-01 3.525194603859305720e-01
2.913051005517930392e-02 -9.991761318472981435e-01 -2.825722793545610428e-02 2.260831841716827029e+01 9.994989707735860707e-01 2.876656333654470377e-02 1.320197925870408677e-02 3.700806631535817814e+01 -1.237823923131972127e-02 -2.862765062794694199e-02 9.995135000654350454e-01 3.540386349268655475e-01
3.263187031033765173e-02 -9.991862963186631807e-01 -2.370456262077101986e-02 2.262916949158631397e+01 9.993856377793971513e-01 3.231658725868025162e-02 1.356411398580385438e-02 3.764628269620961021e+01 -1.278702624995653112e-02 -2.413262184150028952e-02 9.996269846911587376e-01 3.908116911645286295e-01
3.619587824828351952e-02 -9.991134363735317825e-01 -2.149882917064738913e-02 2.265873984912852634e+01 9.993043673952729522e-01 3.599272850884549513e-02 9.762417693504174890e-03 3.829576425537306505e+01 -8.979961167473559172e-03 -2.183723316635579476e-02 9.997212089102985866e-01 4.296085050865234845e-01
3.925303621516240682e-02 -9.989763540292950772e-01 -2.248206481238232760e-02 2.268021926915019648e+01 9.992089434308437657e-01 3.909867462804261784e-02 7.265054036111296201e-03 3.897430566690351839e+01 -6.378598255754368285e-03 -2.274945565650888374e-02 9.997208489131474973e-01 4.336845013331329657e-01
4.051085154399869381e-02 -9.989453590624608470e-01 -2.161112016420443926e-02 2.270351324912897084e+01 9.991525840011412640e-01 4.034273268148658165e-02 8.159522267449176303e-03 3.966025688613156319e+01 -7.279065257503171057e-03 -2.192335575047061821e-02 9.997331552377440866e-01 4.051816060235019501e-01
4.050431983919455803e-02 -9.990488380040025707e-01 -1.614990269991403368e-02 2.273541500868024201e+01 9.991356072751329531e-01 4.034599168520747181e-02 1.001195434911700613e-02 4.034486763546880894e+01 -9.350847518586819992e-03 -1.654147024268496496e-02 9.998194544080918345e-01 3.882911823549068941e-01
4.098898110348869750e-02 -9.991232690575386766e-01 -8.520367120908731856e-03 2.277206700434324560e+01 9.990905527918538809e-01 4.088440887588395967e-02 1.210505815506617358e-02 4.102172441415383020e+01 -1.174609510287746156e-02 -9.008792296792883514e-03 9.998904294527413139e-01 4.117313285039498338e-01
4.298114443624179160e-02 -9.990737522314666608e-01 -2.063692101226365615e-03 2.279425573428245144e+01 9.989792704472347795e-01 4.294817071648360240e-02 1.399542242371567061e-02 4.171098400972297782e+01 -1.389382739425629523e-02 -2.663124902350775917e-03 9.998999296560097116e-01 4.479333930391107277e-01
4.490150115931024200e-02 -9.989888423675606921e-01 -2.268924582623612837e-03 2.282466183294537032e+01 9.989089590559644405e-01 4.486849772664502911e-02 1.295026754487148615e-02 4.242779454322258204e+01 -1.283536954552398114e-02 -2.847935546184467669e-03 9.999135675405922408e-01 4.553920748920413097e-01
4.503714234987943321e-02 -9.989729013585127992e-01 -4.979775126649849115e-03 2.284324671547190988e+01 9.989334433950011194e-01 4.498344746642712888e-02 1.041465894983794119e-02 4.315083323891818878e+01 -1.017995461497473407e-02 -5.443510392246411062e-03 9.999333661392876271e-01 4.287794319351135863e-01
4.445245099233297026e-02 -9.989954971494093838e-01 -5.654756933690642529e-03 2.287438452652124710e+01 9.989974564702409632e-01 4.442109958690287908e-02 5.554086556762675639e-03 4.386029670234434263e+01 -5.297316940092776025e-03 -5.895980554186079289e-03 9.999685874298956945e-01 4.114036148022525152e-01
4.367730434468919398e-02 -9.990328605930302031e-01 -5.063253942728200389e-03 2.290309633121305311e+01 9.990454492398322950e-01 4.367320563005228085e-02 9.173130201816643951e-04 4.455749382990015306e+01 -6.952973200133787460e-04 -5.098486569790066855e-03 9.999867609105305144e-01 4.447288235514916810e-01
4.292758497589355127e-02 -9.990506256184490397e-01 -7.420909615598724612e-03 2.292442774802008287e+01 9.990769712504177225e-01 4.293793311703075766e-02 -1.240732335928590533e-03 4.527143519747716027e+01 1.558192937176606629e-03 -7.360798259892562326e-03 9.999716949412856826e-01 4.807061123570748884e-01
4.243904777375417936e-02 -9.990405650962661532e-01 -1.081094427837533262e-02 2.295497981758002126e+01 9.990990469908482829e-01 4.243815172163900584e-02 3.123786639363046805e-04 4.599462115506646143e+01 1.467175365969337550e-04 -1.081446117863825440e-02 9.999415112412226581e-01 4.701924361293859933e-01
4.245978271369443835e-02 -9.990275490297557681e-01 -1.187952572728539873e-02 2.298168213995795028e+01 9.990863387121904360e-01 4.239839643966081262e-02 5.372502025675035368e-03 4.673358325308351624e+01 -4.863604689566930137e-03 -1.209678713314988469e-02 9.999150029329887390e-01 4.542076713884333206e-01
4.239377210796979600e-02 -9.990263403971045841e-01 -1.221225938253194324e-02 2.300598323168683734e+01 9.990578481702138136e-01 4.227519787276801111e-02 9.809365643114064184e-03 4.747943257748354284e+01 -9.283538978187226565e-03 -1.261660959160679392e-02 9.998773110069322234e-01 4.642000319092294269e-01
4.325356537914282207e-02 -9.989872768670922110e-01 -1.239151886024897863e-02 2.302216753536839278e+01 9.990074358841487534e-01 4.311565469118405769e-02 1.118853738114267485e-02 4.822094913409069505e+01 -1.064293804223559979e-02 -1.286316361639963657e-02 9.998606237329314972e-01 4.934776606802812049e-01
4.408983967657109648e-02 -9.989506729381232297e-01 -1.239512298306166653e-02 2.304559592968158199e+01 9.989851426684401847e-01 4.397022822318619184e-02 9.762364350776365357e-03 4.896404541215848383e+01 -9.207104051255509194e-03 -1.281296478071672351e-02 9.998755208367277048e-01 5.033350922519785886e-01
4.475648046937974467e-02 -9.989320532849329526e-01 -1.147215655149328578e-02 2.308504153827891869e+01 9.989581547426883423e-01 4.464927745144520177e-02 9.436476892723108176e-03 4.972200978528626081e+01 -8.914175737389680443e-03 -1.188254783334788921e-02 9.998896651770690092e-01 4.908102730846903849e-01
4.476349160102688352e-02 -9.989704485322511429e-01 -7.367006105487817862e-03 2.312044343324372520e+01 9.989398772916054936e-01 4.468040566954412096e-02 1.108074482324117663e-02 5.048415272777912577e+01 -1.074017580478144746e-02 -7.855209002850787464e-03 9.999114682386656128e-01 4.883192224361257994e-01
4.489889128210133862e-02 -9.989881386518201234e-01 -2.605454779937756843e-03 2.315971381364279580e+01 9.989234519474775587e-01 4.486522966275152680e-02 1.179187502666016740e-02 5.124882886620308398e+01 -1.166304895702029859e-02 -3.132091997502621343e-03 9.999270789856354869e-01 5.132537055256505276e-01
4.585239210802249943e-02 -9.989463154029895042e-01 -1.953735080215553664e-03 2.317523454648587133e+01 9.988988387525893353e-01 4.583058982010723703e-02 1.003329335114508739e-02 5.202469792994688902e+01 -9.933180593405182418e-03 -2.411634203729035118e-03 9.999477566071970358e-01 5.331928527078426683e-01
4.674408116662753798e-02 -9.988920905474560907e-01 -5.438962917742521178e-03 2.320160738382139343e+01 9.988796466473985891e-01 4.670189371941491085e-02 7.640984006575778954e-03 5.279866869913051630e+01 -7.378508620039907207e-03 -5.790040133999234222e-03 9.999560155555796692e-01 5.367207588767439752e-01
4.624114015619118501e-02 -9.989043170395006666e-01 -7.205716959774903681e-03 2.323872795361930699e+01 9.988958471655076110e-01 4.617842663219906552e-02 8.639411396473853366e-03 5.356993767367800530e+01 -8.297196668658633409e-03 -7.597256980220561985e-03 9.999367171045465685e-01 5.081472901737960068e-01
4.571926505226342474e-02 -9.989350569193242713e-01 -6.204906177165802478e-03 2.328452968371283660e+01 9.988705952813419220e-01 4.563412997104365765e-02 1.323102656953071415e-02 5.435804648255819416e+01 -1.293378078438833789e-02 -6.802811137496398569e-03 9.998932138359820643e-01 5.037924830325409831e-01
4.570763171486424969e-02 -9.989530626944693736e-01 -1.894976611457604640e-03 2.332904938251484239e+01 9.987397499488801511e-01 4.565834232318544128e-02 2.083812967488622020e-02 5.514604038188569746e+01 -2.072979196873173113e-02 -2.845050023892433180e-03 9.997810667417615926e-01 5.204242991731724555e-01
4.559418715500740404e-02 -9.989577867087579000e-01 2.123787092530571990e-03 2.335574649363198674e+01 9.984914673202073265e-01 4.563780688238161520e-02 3.052835193236328598e-02 5.597392362454844772e+01 -3.059345986340785903e-02 7.286678987584588318e-04 9.995316449501132627e-01 5.500542614733933133e-01
4.431638014307925921e-02 -9.990093708516193383e-01 -4.041707766040413680e-03 2.335171235988924465e+01 9.983298286790726062e-01 4.413542095578071311e-02 3.727757753220763137e-02 5.680185647969999962e+01 -3.706226680368875093e-02 -5.686964718372437139e-03 9.992967761439361940e-01 5.467033304988880849e-01
4.157902133392410438e-02 -9.990647521577907808e-01 -1.186616959280375680e-02 2.336682907107125473e+01 9.985664233525505251e-01 4.115173308396125051e-02 3.422912527484717887e-02 5.759620670930822683e+01 -3.370879911548109453e-02 -1.327237205922526808e-02 9.993435650476334420e-01 4.643880192472767954e-01
3.831548088117320283e-02 -9.992177865576131746e-01 -9.784628339826741475e-03 2.341264730908271829e+01 9.991392879757207135e-01 3.815305562426141162e-02 1.627966737688287674e-02 5.837205425158626326e+01 -1.589361973291095881e-02 -1.039996987669236476e-02 9.998196004671789927e-01 4.149063579482477060e-01
3.669146765059494442e-02 -9.993255051266863864e-01 1.506985381104799376e-03 2.345488501091304911e+01 9.992665292142063338e-01 3.667267876551416617e-02 -1.102353048507666300e-02 5.915550502002481892e+01 1.096082997949307872e-02 1.910349563541679889e-03 9.999381034697626403e-01 4.926837733776165962e-01
3.610025549735307315e-02 -9.993086585126244037e-01 8.886876544932156841e-03 2.347820365668736997e+01 9.989173202433184739e-01 3.582216473629151743e-02 -2.968096749625286079e-02 5.997111313796203547e+01 2.934210065645360965e-02 9.948745413620193809e-03 9.995199165568245947e-01 6.196597286948117844e-01
3.460324151820493022e-02 -9.993934741865014848e-01 3.911448563858449176e-03 2.348457791655013693e+01 9.990356916406609722e-01 3.448449357959337824e-02 -2.717547664026522675e-02 6.081145513822971083e+01 2.702410968930148844e-02 4.848036302866632827e-03 9.996230259650418226e-01 6.422844725231984242e-01
3.257999165807545783e-02 -9.994680565730353905e-01 -1.465617166588241687e-03 2.350856043649914895e+01 9.994515723075794167e-01 3.258807641726535476e-02 -5.879786333646203240e-03 6.167773577702396182e+01 5.924420264177297779e-03 -1.273249991846140544e-03 9.999816398709486798e-01 5.293817127722095783e-01
2.948592567165375655e-02 -9.995643831129347179e-01 -1.274440796508825857e-03 2.353989539932838326e+01 9.993206660481729342e-01 2.945048787939630319e-02 2.215570293855350509e-02 6.252963529787025720e+01 -2.210851863697808201e-02 -1.926856435655590824e-03 9.997537199870549784e-01 4.710698021992018036e-01
2.695069278528938739e-02 -9.996358938887871526e-01 1.319017648878061111e-03 2.355672641571223025e+01 9.988312937938662595e-01 2.698191244310621517e-02 4.010016133363503155e-02 6.337330267074039369e+01 -4.012115023854578855e-02 2.367489760224834872e-04 9.991947944487392652e-01 5.389066183389303877e-01
2.488386818253263133e-02 -9.996862209831884893e-01 2.872747922475073906e-03 2.355127433802103454e+01 9.989699736228292437e-01 2.497490676009750388e-02 3.788463847430070808e-02 6.422109718321445371e+01 -3.794449768119706468e-02 1.927072566402555226e-03 9.992779900943707938e-01 6.233931917825636937e-01
2.311647670037630942e-02 -9.997323526976592545e-01 9.227537941234754265e-04 2.355118077026020984e+01 9.996647302690216952e-01 2.312566241585178872e-02 1.164606345476954657e-02 6.504701154964494947e+01 -1.166428571003882975e-02 6.532284682038728627e-04 9.999317565371363958e-01 6.327487786021934735e-01
2.115604358937261953e-02 -9.997755545133268917e-01 1.123573413112834846e-03 2.356390030980497841e+01 9.994458551303162519e-01 2.112015328162519801e-02 -2.572784072152114326e-02 6.587845208884590420e+01 2.569833618108124940e-02 1.667250110435185631e-03 9.996683529023979720e-01 5.832105579932340689e-01
1.912240672678655606e-02 -9.998142217249016417e-01 2.419834210203156144e-03 2.359219379591777610e+01 9.988293099555506371e-01 1.899589620872710327e-02 -4.448781294856197360e-02 6.672471811044179901e+01 4.443358115991014046e-02 3.267715387971659169e-03 9.990069964226721000e-01 5.855674580979112198e-01
1.811022553053620587e-02 -9.998331123805064280e-01 2.401482613433633673e-03 2.361326805546925200e+01 9.994110053859888154e-01 1.803245167345046696e-02 -2.919714027112298854e-02 6.761825882562435197e+01 2.914896301071574769e-02 2.928834948265417529e-03 9.995707878290790438e-01 5.975661636306930369e-01
1.916967634153265987e-02 -9.997691709277336525e-01 9.701977707297285494e-03 2.362804574323898876e+01 9.997873985302530020e-01 1.924193256782358308e-02 7.409842856925113151e-03 6.851638281483623416e+01 -7.594817250591150495e-03 9.557870763268390760e-03 9.999254801520974789e-01 6.053404715550223525e-01
1.967226521292875230e-02 -9.995852812841035107e-01 2.103015505345014885e-02 2.364650390857676143e+01 9.991838601393339125e-01 2.039787719130403687e-02 3.486459870913306142e-02 6.938320718112920815e+01 -3.527911022762051513e-02 2.032712587328663195e-02 9.991707523418001946e-01 6.628551947564429447e-01
1.961235760698010200e-02 -9.993313921005312350e-01 3.085650971043588445e-02 2.366127648717150223e+01 9.992531606000388811e-01 2.061986862002029852e-02 3.267938262767469682e-02 7.025241614746352070e+01 -3.329379011060163568e-02 3.019254511476955963e-02 9.989894562804774170e-01 7.600970260527084577e-01
1.862812114518086481e-02 -9.994873658476761680e-01 2.603840650796843126e-02 2.366589068764606552e+01 9.997677657493604375e-01 1.890294600285746807e-02 1.034858448993799737e-02 7.112378048724428936e+01 -1.083548204432083044e-02 2.583958481258549419e-02 9.996073770163865779e-01 7.609377384810969147e-01
1.708627747027380295e-02 -9.997222708677356851e-01 1.623084265424906344e-02 2.368517376361097604e+01 9.997623908996241537e-01 1.686269706776510890e-02 -1.381344237575785408e-02 7.201450154888550514e+01 1.353591019756008457e-02 1.646300636757947952e-02 9.997728484793256820e-01 6.842480688172816183e-01
1.457238750576217434e-02 -9.998243529441531718e-01 1.178595699077281990e-02 2.369337869037418542e+01 9.996498417544722459e-01 1.430744695894914376e-02 -2.225962357670365627e-02 7.291617380557735828e+01 2.208708678485219595e-02 1.210620590124319301e-02 9.996827498641932541e-01 6.336187308445936361e-01
1.236666386884610613e-02 -9.998437827740401795e-01 1.262836778262163562e-02 2.369842054572851353e+01 9.998668830683355990e-01 1.223054784531130146e-02 -1.079952974046557469e-02 7.380347660966130263e+01 1.064339081151430277e-02 1.276024088729242785e-02 9.998619377116680917e-01 6.489749430057878410e-01
1.139126315852179161e-02 -9.997233248258936555e-01 2.057942960127912349e-02 2.369966901395945413e+01 9.998882765764345315e-01 1.158752091065962109e-02 9.442654507737459693e-03 7.469925280500717690e+01 -9.678506530491775423e-03 2.046956663453640413e-02 9.997436288134741167e-01 7.259503787176022627e-01
1.039959383006416882e-02 -9.997021227665737753e-01 2.207972337182516689e-02 2.368120674162166495e+01 9.997343506778099131e-01 1.084906149374764706e-02 2.033533721193822585e-02 7.560857527863420557e+01 -2.056882405457461163e-02 2.186237866087573783e-02 9.995493784082407629e-01 8.125429792540780349e-01
9.799591472631097311e-03 -9.998150024289381710e-01 1.655079831886444378e-02 2.367551386736493768e+01 9.998531407267378102e-01 1.002999614612531953e-02 1.389590429539858812e-02 7.652895983110316536e+01 -1.405933803020974204e-02 1.641219349541374328e-02 9.997664601889890701e-01 8.192336925719065910e-01
9.007449430841640847e-03 -9.999119069956547978e-01 9.749056521717026219e-03 2.370079910057234684e+01 9.999586056596876382e-01 9.019548500134644264e-03 1.197794634683844832e-03 7.744320543248403510e+01 -1.285621205484067074e-03 9.737863891353195495e-03 9.999517594288983569e-01 7.462276059086542235e-01
8.311712462601539286e-03 -9.999360714465134192e-01 7.666058703975853206e-03 2.371667864403817561e+01 9.999605628761091269e-01 8.287441852484422888e-03 -3.192334574749575854e-03 7.837602935469364240e+01 3.128598477671032732e-03 7.692290143738728450e-03 9.999655196775086852e-01 7.053813553943236725e-01
8.837813130350813395e-03 -9.998792244472963775e-01 1.278395782792606308e-02 2.371628578304263613e+01 9.999558451988120877e-01 8.877879089525864131e-03 3.080732964935172652e-03 7.930755838067662467e+01 -3.193855319590527438e-03 1.275616641256116512e-02 9.999135360153159624e-01 7.269944539486821178e-01
8.997008535524209094e-03 -9.997938133404470351e-01 1.820397329098856834e-02 2.369742418306051590e+01 9.998760807121626071e-01 9.229946498986563164e-03 1.275269804044370722e-02 8.024079439012203352e+01 -1.291809030377926576e-02 1.808698133446170336e-02 9.997529615105474887e-01 8.116918328664581850e-01
8.344050927709401044e-03 -9.998243997254880888e-01 1.677934824965357161e-02 2.368568793398932470e+01 9.998260932035161197e-01 8.621583363285667545e-03 1.653637353544121572e-02 8.116775600907747901e+01 -1.667813429342495171e-02 1.663844986401304474e-02 9.997224623977463143e-01 8.532794215468695320e-01
7.513665805806701847e-03 -9.999031940829935516e-01 1.171099008564951971e-02 2.368735735233159545e+01 9.998886761119624156e-01 7.663502144069966882e-03 1.280258247211252427e-02 8.209065200680460350e+01 -1.289109030400682060e-02 1.161349204655367888e-02 9.998494619657793958e-01 8.214856646169753640e-01
6.443592606378611976e-03 -9.999489890242030388e-01 7.778140124583380298e-03 2.371430324940586587e+01 9.999360439385047705e-01 6.515416443735544405e-03 9.244316155233186366e-03 8.303767369359222528e+01 -9.294522415714920327e-03 7.718076058146363522e-03 9.999270189143928400e-01 7.698856602072640110e-01
6.992680888037616782e-03 -9.999277463782255682e-01 9.777752142559742454e-03 2.371162519137965319e+01 9.999425490448895504e-01 7.071555166225484967e-03 8.055539531272496931e-03 8.400602360016824832e+01 -8.124101403043804820e-03 9.720860584037158483e-03 9.999197487028140818e-01 7.552376164672467418e-01
8.119084947584398471e-03 -9.998525401170246241e-01 1.513203493083430280e-02 2.371499496063744061e+01 9.999549839778969496e-01 8.192364264961060627e-03 4.786980834992776886e-03 8.496606132800140188e+01 -4.910242089582557076e-03 1.509248784277362337e-02 9.998740452343671814e-01 7.989988381081112312e-01
8.375738977488778048e-03 -9.998048288870239331e-01 1.789276755480156272e-02 2.371539837574989917e+01 9.999647362587252841e-01 8.363464464641756635e-03 -7.607241071566541585e-04 8.589737550696791857e+01 6.109301101673118850e-04 1.789850821543124276e-02 9.998396222235157449e-01 8.646424978233288039e-01
8.773658881171875201e-03 -9.998226062051808194e-01 1.666670426080247430e-02 2.371712894008915029e+01 9.999581993269753832e-01 8.729517292909383386e-03 -2.719398202950754767e-03 8.686215405639616449e+01 2.573423515523425194e-03 1.668986665354202717e-02 9.998574027542611597e-01 8.696808563336542175e-01
1.034462500109400995e-02 -9.998428983280208682e-01 1.439331082864318129e-02 2.372920812224560549e+01 9.999448671983764969e-01 1.036949234518769192e-02 1.654143924924935533e-03 8.784232975096507801e+01 -1.803135382608161280e-03 1.437540578649137285e-02 9.998950426976151995e-01 8.329263960833300784e-01
1.293318605469229166e-02 -9.998258847343778344e-01 1.345113056934250928e-02 2.373228684195729699e+01 9.998816768468467009e-01 1.304361455377334167e-02 8.154534033936598064e-03 8.881241596095225077e+01 -8.328565567536236336e-03 1.334407488330984284e-02 9.998762776769413163e-01 8.346209029450097905e-01
1.536930141640968639e-02 -9.997200947906875745e-01 1.798656847958093538e-02 2.372591509884996341e+01 9.998367534015052405e-01 1.553703473450240846e-02 9.223182704311397306e-03 8.978012276320019680e+01 -9.500059026647779403e-03 1.784187835845686340e-02 9.997956872557174357e-01 8.585168165875455282e-01
1.709249973290571933e-02 -9.996038852763468041e-01 2.235886833704474330e-02 2.374432122246124521e+01 9.998423736596538935e-01 1.719546209199884768e-02 4.420850378865182756e-03 9.076513108942306474e+01 -4.803570287848701534e-03 2.227978060653451609e-02 9.997402348053290311e-01 9.088543402095865531e-01
1.886622636811785547e-02 -9.995249545476780906e-01 2.437069426769954833e-02 2.376301980706226402e+01 9.998178754222493136e-01 1.893070072176050722e-02 2.417551720904834514e-03 9.174990994016030754e+01 -2.877757593517415655e-03 2.432064568727332343e-02 9.997000673725030540e-01 9.378073379201181670e-01
1.902749122493496703e-02 -9.995572885773023053e-01 2.287315959103703583e-02 2.378221494239885914e+01 9.997818830499907161e-01 1.921882684077469428e-02 8.174534841788237000e-03 9.273721663924762026e+01 -8.610511175320086086e-03 2.271262967725990595e-02 9.997049542492241203e-01 9.071198823303333603e-01
1.888790992032918226e-02 -9.995389857341184792e-01 2.377105080663051428e-02 2.379831853742201275e+01 9.997141679117477198e-01 1.922907973633714018e-02 1.420651150057070794e-02 9.369431638456612177e+01 -1.465705752747775530e-02 2.349592496803359909e-02 9.996164825444470159e-01 8.830516410709788877e-01
1.892282033775360972e-02 -9.995246178313673679e-01 2.434060844605627841e-02 2.379556456289185817e+01 9.997322504006550536e-01 1.923980460338203802e-02 1.285524903164896038e-02 9.466552636117849318e+01 -1.331744642591553909e-02 2.409083369007405939e-02 9.996210668812507416e-01 9.126571759768900005e-01
1.902749747640808398e-02 -9.995404309208204552e-01 2.359833244968195798e-02 2.381608691872991912e+01 9.997893286121537493e-01 1.920334885345409415e-02 7.247743515842144241e-03 9.565062019515661973e+01 -7.697579687419466368e-03 2.345545453477658471e-02 9.996952480228776805e-01 9.497027055508742155e-01
1.921146191905664935e-02 -9.995262410560740163e-01 2.404606352914392259e-02 2.383888530442346010e+01 9.997959533598271831e-01 1.935569844773510351e-02 5.780015823042999532e-03 9.664252609037745856e+01 -6.242705843375990007e-03 2.393011445679547877e-02 9.996941423484673184e-01 9.480415850803317612e-01
1.884933241737396514e-02 -9.995201479776733011e-01 2.458000110068523508e-02 2.385653043079094715e+01 9.997502610318088623e-01 1.913746294260743053e-02 1.154006407914041910e-02 9.763583142864527531e+01 -1.200492541624788301e-02 2.435634001262668852e-02 9.996312572478611713e-01 9.487486017856252563e-01
1.740831761789096710e-02 -9.995532656615756517e-01 2.429443522691305743e-02 2.388196203530711514e+01 9.996808228472527924e-01 1.784519066584033808e-02 1.788299755465700899e-02 9.862150752145633703e+01 -1.830854743431855822e-02 2.397536809685828565e-02 9.995448858432849359e-01 9.559553171807555483e-01
1.558987041623860481e-02 -9.995818138312645429e-01 2.435474077473327378e-02 2.389397174943421831e+01 9.997079352660226403e-01 1.603243541564880470e-02 1.808328456860415490e-02 9.959844757132678694e+01 -1.846618819764803479e-02 2.406571155072330381e-02 9.995398148253057391e-01 9.551677490307493024e-01
1.395568353045395504e-02 -9.995974235605431524e-01 2.470282794179287644e-02 2.389347156714437048e+01 9.998079936823363045e-01 1.428997047598645764e-02 1.340792723342859073e-02 1.005711958185362818e+02 -1.375553219978405128e-02 2.451096805349481378e-02 9.996049208457216118e-01 9.614523403965126169e-01
1.353767394769567201e-02 -9.995630365925243233e-01 2.627674374837922489e-02 2.391137595469470511e+01 9.998571589905986823e-01 1.379824723688660715e-02 9.760634632992622531e-03 1.015506062752100291e+02 -1.011894259964471639e-02 2.614085406259437916e-02 9.996070541715595947e-01 9.667106911000217240e-01
1.342033045980028927e-02 -9.995771165209726972e-01 2.579695443202538463e-02 2.391078236379281563e+01 9.998437782989854083e-01 1.371176556891295917e-02 1.115376536389578108e-02 1.025329438078756255e+02 -1.150277041235830966e-02 2.564323717086845408e-02 9.996049773086562729e-01 9.762457827655230957e-01
1.251511023862528216e-02 -9.996041742733509095e-01 2.519656307926535291e-02 2.390151001373071438e+01 9.998222392066816733e-01 1.286526568253076874e-02 1.378313921625738681e-02 1.035322717649517443e+02 -1.410184397346300397e-02 2.501958661149771002e-02 9.995874940605938841e-01 9.656456422435252263e-01
1.125390591015174024e-02 -9.996424373019582310e-01 2.425586829545467449e-02 2.391590028316930372e+01 9.998232058369450614e-01 1.161474040276355701e-02 1.478698330663708732e-02 1.045300793623637929e+02 -1.506342164648540038e-02 2.408516868069231903e-02 9.995964175495642978e-01 9.680454045490303194e-01
1.028304216712216945e-02 -9.996466249981531549e-01 2.451293890154967320e-02 2.393274963361575658e+01 9.998305456408781433e-01 1.065307837733397989e-02 1.501305846756529824e-02 1.055259396805848695e+02 -1.526889148737860247e-02 2.435440516391846819e-02 9.995867765741293098e-01 9.732343302673028829e-01
1.050848588369146519e-02 -9.996501814311739009e-01 2.427110399330041288e-02 2.394083802908894043e+01 9.998040438405916275e-01 1.091113657263786951e-02 1.651729453312134055e-02 1.065093102843418791e+02 -1.677634180722648374e-02 2.409277616453919801e-02 9.995689533455170972e-01 9.890814551963391654e-01
1.045034794533639122e-02 -9.996606100113578641e-01 2.386325668348090318e-02 2.393296715274837894e+01 9.997431181323113147e-01 1.092524585942622473e-02 1.985791403936770436e-02 1.075004496685947117e+02 -2.011188640842105635e-02 2.364960453435493645e-02 9.995179879474223039e-01 1.001092162368044880e+00
1.020941462618940587e-02 -9.996945738522765579e-01 2.250615167695859536e-02 2.391095946586367660e+01 9.997103583079663958e-01 1.069494833525375110e-02 2.155962828677963211e-02 1.084970485209563407e+02 -2.179374554197610614e-02 2.227952177273945233e-02 9.995142097863489727e-01 1.000311418316033985e+00
9.962566511359849386e-03 -9.998126556175515045e-01 1.659520820859553339e-02 2.391127604116104877e+01 9.997296773862409669e-01 1.030765610175199409e-02 2.084045054434557551e-02 1.094934518848978655e+02 -2.100760390215957243e-02 1.638309777386194946e-02 9.996450743567049102e-01 9.732177226485592136e-01
9.959623363327341217e-03 -9.997923955011023267e-01 1.777559564764927963e-02 2.392397816217677686e+01 9.997958228689163285e-01 1.026906757985079910e-02 1.740283956449143604e-02 1.104923796946904986e+02 -1.758176544968206162e-02 1.759864055001188199e-02 9.996905368034969541e-01 9.392655035034263022e-01
1.020782139427101054e-02 -9.997213064381772485e-01 2.128637676842506238e-02 2.391992744501397894e+01 9.999170090659271759e-01 1.037251561583929504e-02 7.641066708912996192e-03 1.114636677242691576e+02 -7.859730468250893456e-03 2.120661154790772288e-02 9.997442194199587240e-01 1.002847371461740300e+00
1.056776375734558293e-02 -9.998290376677000380e-01 1.517293002850907992e-02 2.393538501974403232e+01 9.998368963412290755e-01 1.034316724496786577e-02 -1.480539111544510768e-02 1.124232612188515077e+02 1.464592379836832971e-02 1.532691514375028076e-02 9.997752660414582770e-01 1.031474394504480419e+00
1.058174838499692516e-02 -9.998670086318887096e-01 1.240933723594568779e-02 2.395016233807814032e+01 9.993977984712320017e-01 1.016502343470981895e-02 -3.317699066260491880e-02 1.134029499085854695e+02 3.304643720541428076e-02 1.275293488145428158e-02 9.993724509110394338e-01 1.051170037048572148e+00
1.067505411021474337e-02 -9.998518569573776604e-01 1.350212422648860641e-02 2.394887012046083896e+01 9.996589855057461671e-01 1.034923196000747669e-02 -2.397511408649151757e-02 1.144225919301639323e+02 2.383182572457076195e-02 1.375345544659602529e-02 9.996213715932208421e-01 1.031713606025038921e+00
1.111791032978648452e-02 -9.998144708366554223e-01 1.572946202250674261e-02 2.394822790132565515e+01 9.998590466450978376e-01 1.131356996977883611e-02 1.240523988059206648e-02 1.154580926153312674e+02 -1.258089471599454015e-02 1.558932455745195081e-02 9.997993268891450791e-01 1.030304873769629648e+00
1.196474582799667008e-02 -9.997188827940717282e-01 2.046949540767956446e-02 2.395974872141037437e+01 9.990942268247686719e-01 1.278826902032403900e-02 4.058554053948040113e-02 1.164542640856531222e+02 -4.083590065970653382e-02 1.996535901098201587e-02 9.989663726356724505e-01 1.092744879460161744e+00
1.325624290783677939e-02 -9.996178421416969107e-01 2.425781721314530445e-02 2.397264949448320692e+01 9.993093158339799720e-01 1.408662130079274544e-02 3.438689267368512381e-02 1.174202122319718029e+02 -3.471546213709267997e-02 2.378522172076587629e-02 9.991141575997720681e-01 1.166608547162844012e+00
1.455499760876199922e-02 -9.996365699042759623e-01 2.269097077303205631e-02 2.399080740780934562e+01 9.998869298098007619e-01 1.463690911881809775e-02 3.447968529177433683e-03 1.183789205831548088e+02 -3.778841110667448960e-03 2.263821992695367810e-02 9.997365809844107609e-01 1.162797587422461199e+00
1.514931723763668359e-02 -9.996600395611119350e-01 2.122035560280721017e-02 2.400265855722706476e+01 9.996936475210480566e-01 1.472755782177570527e-02 -1.989246456999962248e-02 1.193682543620367653e+02 1.957317790487485970e-02 2.151521195067342129e-02 9.995769036754609260e-01 1.085247880074786675e+00
1.642733308106647527e-02 -9.996045201814135472e-01 2.282424063862941235e-02 2.401263591356288885e+01 9.997628758704671936e-01 1.609502325737521833e-02 -1.466772843891485725e-02 1.203728599921865055e+02 1.429457096442208683e-02 2.305978012104441602e-02 9.996318881376845544e-01 1.033021919495510588e+00
1.803873087945717657e-02 -9.994569435020541626e-01 2.757575518078407562e-02 2.400828415167223540e+01 9.997671732648045761e-01 1.835722830433039743e-02 1.134069799814325930e-02 1.213715831364274607e+02 -1.184075379192210502e-02 2.736476300856107574e-02 9.995553843060045462e-01 1.098279593667843779e+00
1.917475177658400920e-02 -9.992279938263861627e-01 3.428914183823126433e-02 2.402747931974259288e+01 9.993164557494214062e-01 2.023804156423181233e-02 3.093611064855486537e-02 1.223586560634535374e+02 -3.160617285787053338e-02 3.367251144985147771e-02 9.989330366996268529e-01 1.209792187159892674e+00
1.929963437566739604e-02 -9.991334416939732233e-01 3.687668371371976422e-02 2.404933422707135193e+01 9.993687229601024846e-01 2.037826690942912133e-02 2.910123376873511442e-02 1.233417244355582483e+02 -2.982749875634996967e-02 3.629176113836630330e-02 9.988960047929993369e-01 1.262156929293823282e+00
1.971195514513301994e-02 -9.992397441487059773e-01 3.363588170369300606e-02 2.405822723153636744e+01 9.997186810278244629e-01 2.014293937760847086e-02 1.252281107487929375e-02 1.243093173274185830e+02 -1.319081606055486772e-02 3.337957020182490825e-02 9.993556957684276432e-01 1.198025205088482092e+00
1.999734852975043609e-02 -9.993514436027673975e-01 2.994658946932542143e-02 2.408490581781458673e+01 9.997996553189024693e-01 2.001440456402503454e-02 2.698780300196806231e-04 1.252930203578621473e+02 -8.690661558486845878e-04 2.993519298438140908e-02 9.995514638801769047e-01 1.107081668675375719e+00
2.048036844749756558e-02 -9.993621843279575367e-01 2.925370136425273909e-02 2.408683532017647977e+01 9.997867590984074182e-01 2.054890778793916351e-02 2.044191827185784169e-03 1.262799697651347373e+02 -2.644019621391690764e-03 2.920559747680077228e-02 9.995699286374439829e-01 1.100634607363555784e+00
2.099526864756673383e-02 -9.992528334683093982e-01 3.244955315519584133e-02 2.408269330195433255e+01 9.997168116308109420e-01 2.134656511106380883e-02 1.051763760000764408e-02 1.272687355797558126e+02 -1.120246567245278442e-02 3.221954319220698970e-02 9.994180335572012686e-01 1.168574215089815738e+00
2.115566533131141291e-02 -9.991078963005849412e-01 3.654927323776673009e-02 2.410225854877188567e+01 9.996822913838093738e-01 2.164057300894517422e-02 1.292292124331561980e-02 1.282512511634745920e+02 -1.370233987339298729e-02 3.626426822181710169e-02 9.992482918335813258e-01 1.232827435014617112e+00
2.153339760844230621e-02 -9.991219465299135960e-01 3.593951515690425869e-02 2.414193293883387526e+01 9.997373481211805357e-01 2.180090170345883038e-02 7.067917412214739722e-03 1.292327931006916231e+02 -7.845225240010304107e-03 3.577787929982358117e-02 9.993289727580907389e-01 1.250854340777110663e+00
2.177496634333941916e-02 -9.992356188313010756e-01 3.246581124157396636e-02 2.415832533644636726e+01 9.997580514313654243e-01 2.186448373515181842e-02 2.404776321155117219e-03 1.302140012300871774e+02 -3.112786357260201656e-03 3.240559226155809158e-02 9.994699536010432928e-01 1.212350239186523737e+00
2.203354864103812538e-02 -9.993188422036773932e-01 2.960362057223756699e-02 2.416718690575729056e+01 9.997376168574991784e-01 2.220894063066491952e-02 5.608956779317405758e-03 1.312159375684063605e+02 -6.262601246419493770e-03 2.947226785921984449e-02 9.995459795591510321e-01 1.175317394037620256e+00
2.219297375031659136e-02 -9.993405806476607367e-01 2.873805468215682307e-02 2.416842304314566192e+01 9.996740953012508424e-01 2.254478774937296315e-02 1.197646562897417867e-02 1.321931134800733219e+02 -1.261646145890491129e-02 2.846289542777759307e-02 9.995152267395046586e-01 1.194972000392080069e+00
2.234608848264540981e-02 -9.994073253211955832e-01 2.618492741750499953e-02 2.419274186529622028e+01 9.996498882970606958e-01 2.270737180005910627e-02 1.358219767225643353e-02 1.331691377444856244e+02 -1.416873873004041891e-02 2.587225077700248260e-02 9.995648420600494743e-01 1.256152218707186741e+00
2.221779556949365908e-02 -9.994665808980642829e-01 2.393581475457727537e-02 2.421500017192406062e+01 9.997140182511845552e-01 2.242239767297549147e-02 8.313711245012015555e-03 1.341540782700603813e+02 -8.845974909679756373e-03 2.374425721154895322e-02 9.996789279450523091e-01 1.257733175077313081e+00
2.212198275324483987e-02 -9.995061722316325170e-01 2.231657567673679676e-02 2.422308514332756602e+01 9.997471015381800274e-01 2.220657365443412523e-02 3.549796126283673650e-03 1.351346992835300398e+02 -4.043617819864680704e-03 2.223240332039187750e-02 9.997446520974875295e-01 1.257847015978433847e+00
2.153831493456082047e-02 -9.995420097247748048e-01 2.125727605169107359e-02 2.422733788404120148e+01 9.997572352223697001e-01 2.163198924973874782e-02 4.186605023471201906e-03 1.361161972411017587e+02 -4.644524766113154388e-03 2.116194311629522595e-02 9.997652727281737262e-01 1.269976808967823612e+00
2.066980224636549845e-02 -9.995841161182581480e-01 2.010855736191076090e-02 2.423481336849957302e+01 9.997588640770727064e-01 2.081420893660401727e-02 6.998743148948371844e-03 1.370983795723959702e+02 -7.414376198824773785e-03 1.995904582951068401e-02 9.997733060625082491e-01 1.286585326635331095e+00
1.998319255727520893e-02 -9.996539529166557081e-01 1.710691185818506710e-02 2.426081080952446811e+01 9.997820328708220128e-01 2.008337807924298613e-02 5.704793915010304174e-03 1.380766411296862941e+02 -6.046384366331148709e-03 1.698918311841501536e-02 9.998373912257250140e-01 1.307732054756499007e+00
1.923748775264721989e-02 -9.997593494914385204e-01 1.054334716406776264e-02 2.425522922709157925e+01 9.998124240730028589e-01 1.926003812986709640e-02 2.041470181381122018e-03 1.390481492343568277e+02 -2.244044168940128106e-03 1.050209672833809886e-02 9.999423334523228624e-01 1.340419392517032460e+00
1.829972211892438860e-02 -9.998304208638052470e-01 2.061476576673572630e-03 2.425173626150569817e+01 9.998322029449814297e-01 1.830138508919776363e-02 7.907325731437613373e-04 1.400154796740394829e+02 -8.283263580791105224e-04 2.046660480616104266e-03 9.999975625251901201e-01 1.318964128446926898e+00
1.740452643370815622e-02 -9.998424743777917234e-01 -3.479782998014570999e-03 2.425244855946701961e+01 9.998463433912682108e-01 1.739710471583377771e-02 2.151825879713095777e-03 1.409912156638033025e+02 -2.090948762797671841e-03 -3.516699816764177425e-03 9.999916303428094677e-01 1.320053162177994288e+00
1.657566729441728448e-02 -9.998363387280568837e-01 -7.248655918128345602e-03 2.425634500953872674e+01 9.998506318375575130e-01 1.653954096168774868e-02 5.015735121978584683e-03 1.419668936113857569e+02 -4.895024798913726397e-03 -7.330712356332517825e-03 9.999611489395808794e-01 1.358983313395589088e+00
1.610184750854903868e-02 -9.997925045885064366e-01 -1.247711006013548299e-02 2.426123442858708401e+01 9.998311347200442567e-01 1.598943356833137930e-02 9.057596733816487833e-03 1.429433862839460119e+02 -8.856215401623766109e-03 -1.262084715085398656e-02 9.998811337683869427e-01 1.384113143393664425e+00
1.614452753473194502e-02 -9.996927942895282859e-01 -1.880614995887115379e-02 2.426305477654908316e+01 9.997709698116906685e-01 1.587580995548110163e-02 1.435153580803879246e-02 1.439221391256091636e+02 -1.404856407154319621e-02 -1.903354154782327737e-02 9.997201419115626653e-01 1.384573049785314813e+00
1.600345411167802823e-02 -9.995874494054157733e-01 -2.384995697420187744e-02 2.426685751538263247e+01 9.997077857828167158e-01 1.556406933713183616e-02 1.849602094741921443e-02 1.448856725169787865e+02 -1.811718801894581649e-02 -2.413898790017546259e-02 9.995444346108087741e-01 1.383667559074472697e+00
1.587518032211310270e-02 -9.995057700580711746e-01 -2.713290014655657389e-02 2.425757030848926021e+01 9.997230436764796835e-01 1.539544498541256523e-02 1.779933189580878289e-02 1.458466935934574735e+02 -1.737281186153852991e-02 -2.740795312174463400e-02 9.994733560799407002e-01 1.398344977402306011e+00
1.559183261483898519e-02 -9.994252919102778465e-01 -3.009951238421121333e-02 2.425018643037869737e+01 9.997952847197394410e-01 1.519523985976778402e-02 1.336013988623206347e-02 1.468009726174682612e+02 -1.289509239541947183e-02 -3.030165961891473705e-02 9.994576159179803243e-01 1.421209519829761625e+00
1.554345712474736185e-02 -9.992897538221291454e-01 -3.432766882152324395e-02 2.425370224018380583e+01 9.998224199866548867e-01 1.516756169752664363e-02 1.118362929380497910e-02 1.477657754412049371e+02 -1.065501912906160510e-02 -3.449540517606312917e-02 9.993480562792417254e-01 1.401961348848707711e+00
1.724184791271787809e-02 -9.991349201530133062e-01 -3.784349364668890964e-02 2.426402448531601763e+01 9.997481513996435698e-01 1.668393281025404296e-02 1.500933572743171074e-02 1.487212077010740643e+02 -1.436497314827060896e-02 -3.809275149966468571e-02 9.991709512539054261e-01 1.368189999267643175e+00
1.959781460816345522e-02 -9.991380841898011012e-01 -3.659254547197183377e-02 2.427592683058958656e+01 9.995812528289017562e-01 1.880090584856064506e-02 2.199647545124571932e-02 1.496900419634512502e+02 -2.128954333910791641e-02 -3.700830529499868349e-02 9.990881546107952538e-01 1.369521184295157124e+00
2.067301020067902062e-02 -9.992366051263885662e-01 -3.314865947112640571e-02 2.428468809826717134e+01 9.994285735299970330e-01 1.976739958757112170e-02 2.741853981051692313e-02 1.506663951153011567e+02 -2.674234584022557384e-02 -3.369654120285003190e-02 9.990742665337378758e-01 1.405593492403295119e+00
2.020888055739766820e-02 -9.993634101883364096e-01 -2.940026400146452529e-02 2.429077475580264434e+01 9.994301463631209970e-01 1.939754253950842777e-02 2.762458839546139480e-02 1.516179761374735051e+02 -2.703670999229625810e-02 -2.994177216142923995e-02 9.991859219347646315e-01 1.426463589645600827e+00
1.867699960866497921e-02 -9.993195723843623091e-01 -3.180506147066945732e-02 2.429756994596680642e+01 9.994655433142424217e-01 1.780722842646553783e-02 2.741405375594698282e-02 1.525449208214297698e+02 -2.682904048198887434e-02 -3.230007531419727684e-02 9.991180649560456040e-01 1.443687277005789804e+00
1.748709564641093284e-02 -9.991663170398981109e-01 -3.689000377851704704e-02 2.431363315829355898e+01 9.994713310729501643e-01 1.645718982655575147e-02 2.803960174963238822e-02 1.534793392527971889e+02 -2.740911981656025953e-02 -3.736083237748368674e-02 9.989258773076924447e-01 1.383941963759927063e+00
1.719784044701333503e-02 -9.993479162414793393e-01 -3.174864702270251138e-02 2.433679915729176102e+01 9.994860800113272159e-01 1.632375739899616374e-02 2.758823676804227423e-02 1.544305500099492008e+02 -2.705198971517465065e-02 -3.220678885253544510e-02 9.991150647469281276e-01 1.318053006960147933e+00
1.723351098604419818e-02 -9.995989777532957588e-01 -2.246975241653396960e-02 2.435004320068967942e+01 9.995764634105098745e-01 1.669734843396641910e-02 2.383468797808305575e-02 1.553883579207407024e+02 -2.344994445263675481e-02 -2.287099101134801651e-02 9.994633649490746174e-01 1.358362776569932873e+00
1.688044007079569919e-02 -9.997245638124322431e-01 -1.630482299991501891e-02 2.434074534065254269e+01 9.995835464731291919e-01 1.649185092798410857e-02 2.368021269268455117e-02 1.563392741078194774e+02 -2.340479359485791652e-02 -1.669776521009426126e-02 9.995866146931793317e-01 1.380552751914625897e+00
1.486977874475103878e-02 -9.998332454926082136e-01 -1.060051356304966656e-02 2.436585095630411502e+01 9.993097330964768599e-01 1.449936611786895035e-02 3.420271510902020418e-02 1.572964232613921354e+02 -3.404331092492263178e-02 -1.110178318551763299e-02 9.993586960603139113e-01 1.352461387594418030e+00
1.359454687648453675e-02 -9.999075885576077516e-01 -5.138222373771497709e-05 2.440033581173333133e+01 9.985837912370615355e-01 1.357390539902159077e-02 5.144084924294445998e-02 1.582535869000291200e+02 -5.143539806242382328e-02 -7.506244921815855009e-04 9.986760417618076868e-01 1.309851181276705967e+00
1.266874544958274118e-02 -9.998775494699582156e-01 9.186346100877748611e-03 2.441395149974250600e+01 9.982593778686893460e-01 1.317639026631944876e-02 5.748562634926453196e-02 1.591820586823908457e+02 -5.759963008519491945e-02 8.442085376320018764e-03 9.983040688129782847e-01 1.305486966581241415e+00
1.190628533839210856e-02 -9.997815047593193727e-01 1.718089376697002138e-02 2.441833284404875570e+01 9.988715103298987374e-01 1.268198596032887870e-02 4.576978351892209418e-02 1.600981198796643241e+02 -4.597767089259484352e-02 1.661655720337817249e-02 9.988042570023413225e-01 1.307727262763101361e+00
1.024929173781585767e-02 -9.996854457730139920e-01 2.289020595109850578e-02 2.444515135701539066e+01 9.994830372628564774e-01 1.093945580464505962e-02 3.023221014934479589e-02 1.610378417836502081e+02 -3.047310687621246003e-02 2.256851382587663629e-02 9.992807673226790088e-01 1.295311533693420891e+00
8.873330366230725019e-03 -9.995725661391838823e-01 2.785586168366705265e-02 2.447091261676462892e+01 9.995542103361616526e-01 9.660429158628969226e-03 2.824989748165887549e-02 1.619970073979844756e+02 -2.850692209735826085e-02 2.759277315528423091e-02 9.992126872003458393e-01 1.244616156831230835e+00
7.177323737830643147e-03 -9.994418239141154015e-01 3.262708438074764933e-02 2.447800824081168258e+01 9.992195592190269426e-01 8.435479098356402083e-03 3.858905500934774191e-02 1.629417460220603857e+02 -3.884274060999875350e-02 3.232465473299363234e-02 9.987223629208955566e-01 1.202523265764213312e+00
5.129502395805451975e-03 -9.991859076183627897e-01 4.001512491595433929e-02 2.447046820983857884e+01 9.989861316789693246e-01 6.910020270195271763e-03 4.448550699895267163e-02 1.638527556024631906e+02 -4.472579701089519910e-02 3.974636633371025213e-02 9.982083096453399085e-01 1.218982617454888562e+00
2.203187380380056126e-03 -9.988959730741692189e-01 4.692526975495926733e-02 2.445650572114222854e+01 9.992963016657766540e-01 3.956291771637587829e-03 3.729945351501812861e-02 1.647508540731151072e+02 -3.744392397263220096e-02 4.681007083552034959e-02 9.982017680939586635e-01 1.262807714512010904e+00
-1.106395719230768293e-03 -9.989276915372091725e-01 4.628437067364191138e-02 2.444873719746379948e+01 9.996762885095467066e-01 7.162229175750045584e-05 2.544234780882358160e-02 1.656707279628734284e+02 -2.541838075665511440e-02 4.629753719572930748e-02 9.986042479227292823e-01 1.238212040823024385e+00
-4.266613724869028346e-03 -9.990960772845961513e-01 4.229449564489146107e-02 2.447180351985665325e+01 9.997656207807822382e-01 -3.364119613268767850e-03 2.138658935046724649e-02 1.666055891100287738e+02 -2.122497378421606129e-02 4.237583100967581839e-02 9.988762633249920198e-01 1.157551100991425441e+00
-7.989456233349789827e-03 -9.990928037894257763e-01 4.182986977364520909e-02 2.446763046625902049e+01 9.995400271232020017e-01 -6.755200851807030560e-03 2.956520657801956636e-02 1.675526197018660071e+02 -2.925581596272124399e-02 4.204683909209434162e-02 9.986872185798308932e-01 1.103917014154146337e+00
-1.176284334256916253e-02 -9.990155329381958937e-01 4.277382920327356397e-02 2.444071635555343391e+01 9.991458745960549725e-01 -1.004823458394499269e-02 4.008184451133305765e-02 1.684766786626244937e+02 -3.961258378574721017e-02 4.320877144699506595e-02 9.982804442018577973e-01 1.147611661411823469e+00
-1.606206519997055437e-02 -9.988693783905525647e-01 4.474343499534918361e-02 2.439956436840389387e+01 9.990174537284218781e-01 -1.418365434655832757e-02 4.198751118318338332e-02 1.693678162551057085e+02 -4.130541377946102960e-02 4.537387864232567819e-02 9.981157617879095056e-01 1.213493270018805026e+00
-2.165980332021066879e-02 -9.987192529097000948e-01 4.572424726138622775e-02 2.436712648352812138e+01 9.991696982488035284e-01 -2.004567671327261991e-02 3.546949318078870816e-02 1.702552310813089207e+02 -3.450749225204351178e-02 4.645454458497638717e-02 9.983241999800854805e-01 1.199501852147824899e+00
-2.871246629614199186e-02 -9.985940892582337858e-01 4.455826722070516804e-02 2.433639308963789105e+01 9.992222006849299509e-01 -2.746806002431467775e-02 2.829309698259561273e-02 1.711703910041420329e+02 -2.702939025503216935e-02 4.533597442450643805e-02 9.986060592072439901e-01 1.118103044972792670e+00
-3.576897123274380697e-02 -9.985222951630220445e-01 4.091218350713689278e-02 2.430794293521021032e+01 9.990105300565775837e-01 -3.464379276144669006e-02 2.788850048277283916e-02 1.720766166491935962e+02 -2.642993630387385773e-02 4.186924510272947014e-02 9.987734601907986010e-01 1.068472407375239630e+00
-4.301350832505890232e-02 -9.984159013846615194e-01 3.627018009086432210e-02 2.426194756945031372e+01 9.986129794985595387e-01 -4.186195851211138574e-02 3.193264170937686747e-02 1.729708102934679346e+02 -3.036371648167037265e-02 3.759340755749477486e-02 9.988317077614410344e-01 1.085181804261507565e+00
-5.159630461442921145e-02 -9.981560151141679604e-01 3.197484701354894043e-02 2.419567754221996125e+01 9.981109932661009765e-01 -5.047185864471837036e-02 3.502908229321750194e-02 1.738622085337551937e+02 -3.335065923624989936e-02 3.372181751258971488e-02 9.988746530732247608e-01 1.119127823639061825e+00
-6.096341269628879900e-02 -9.977463016032219745e-01 2.803176679260233409e-02 2.413309103665533684e+01 9.975968353572715053e-01 -5.997983269727757971e-02 3.468391204527042360e-02 1.747562619121516718e+02 -3.292440428587061624e-02 3.007885148571072531e-02 9.990051282629739404e-01 1.138925799093744473e+00
-6.904588547683898625e-02 -9.973401248630764382e-01 2.335253812377983268e-02 2.406213998398467879e+01 9.971581081980096517e-01 -6.828825855946285550e-02 3.181856373067257909e-02 1.756347186556871236e+02 -3.013922616269635452e-02 2.548311364451570638e-02 9.992208154183410684e-01 1.110772988540497552e+00
-7.731196309833121560e-02 -9.968233477154407884e-01 1.913305546074324515e-02 2.396598277011558054e+01 9.966373978166006564e-01 -7.674661770457924526e-02 2.870285602971003186e-02 1.765175518698195845e+02 -2.714327974356370299e-02 2.128779275286150213e-02 9.994048590258474141e-01 1.064226344142952474e+00
-8.738924275132053943e-02 -9.959836888132740373e-01 1.948363080264897684e-02 2.387821198362649966e+01 9.958578816447767323e-01 -8.685190231663120208e-02 2.690402627786622411e-02 1.774047913831118706e+02 -2.510378093691348345e-02 2.175404978125929437e-02 9.994481284692997569e-01 1.050014951870661406e+00
-9.912988396842292715e-02 -9.949144114745017697e-01 1.784880793646457034e-02 2.377492501967649119e+01 9.947873570491639894e-01 -9.865445025868346818e-02 2.579561395462454804e-02 1.782692089098262613e+02 -2.390356374154398514e-02 2.031288469180989736e-02 9.995078820879559345e-01 1.072093376231135764e+00
-1.131534620606498009e-01 -9.934569698162917240e-01 1.547718149796661370e-02 2.367094351014902287e+01 9.933120569274759282e-01 -1.127494400258552965e-01 2.487410976021743950e-02 1.791357598824855017e+02 -2.296631416218920113e-02 1.818826262423028570e-02 9.995707756414828893e-01 1.074937402563801214e+00
-1.280111909078347487e-01 -9.916774491844152495e-01 1.374670074780166840e-02 2.355311325774890463e+01 9.914827768825335008e-01 -1.276263357641198581e-01 2.595036733313761321e-02 1.799898727917857570e+02 -2.397995303703667064e-02 1.695155445721431217e-02 9.995687103215193936e-01 1.063348468097996991e+00
-1.433800157223859006e-01 -9.896166370209681373e-01 1.005399536296050327e-02 2.340109060976107003e+01 9.892895030935059397e-01 -1.430369979565830896e-01 2.909804606108799124e-02 1.808423197843062269e+02 -2.735781717266784485e-02 1.411839037845710049e-02 9.995259981074371414e-01 1.057014997814646584e+00
-1.607847487636446804e-01 -9.869792779539875438e-01 4.491041576029740703e-03 2.323805766600985834e+01 9.864657755085409763e-01 -1.605495562547039068e-01 3.330335924124167707e-02 1.816967730786467712e+02 -3.214869072520996213e-02 9.784931059727714278e-03 9.994351989042666862e-01 1.056369166561594630e+00
-1.797486529711929126e-01 -9.837110532312193234e-01 -1.727861616813632095e-03 2.307128216186325886e+01 9.830973657480494010e-01 -1.796980729814117161e-01 3.504528536070750100e-02 1.825359043436756394e+02 -3.478492797589016750e-02 4.600686632711591117e-03 9.993842316487786537e-01 1.050084868791599124e+00
-2.003543968480929749e-01 -9.797051751656453700e-01 -5.990443830751850801e-03 2.288854027820774917e+01 9.790907553181633638e-01 -2.004409740049668542e-01 3.470891514364983499e-02 1.833632083462497064e+02 -3.520523418677691529e-02 1.088895583915731186e-03 9.993795103924542067e-01 1.033163606228084674e+00
-2.224362763346185989e-01 -9.748942535270451737e-01 -1.016353335875717044e-02 2.267759984282823638e+01 9.743153797987068598e-01 -2.226552928610334714e-01 3.367731059138825978e-02 1.841836724626314208e+02 -3.509478106628687033e-02 -2.411431299621499824e-03 9.993810791389822201e-01 1.024639360320834358e+00
-2.447439417592807143e-01 -9.694794566139690595e-01 -1.449089975167645872e-02 2.245057740358985754e+01 9.689132072187613964e-01 -2.451037464927638965e-01 3.363555161231475410e-02 1.849933497090911203e+02 -3.616075011920497767e-02 -5.808326669036752155e-03 9.993291066971491388e-01 1.016251429692445196e+00
-2.676893002715130532e-01 -9.633496846190792162e-01 -1.731541695913240558e-02 2.221715071355537319e+01 9.627413106788562658e-01 -2.681493674174744157e-01 3.500122092108312599e-02 1.857956396271882511e+02 -3.836153323976931179e-02 -7.300814881172647958e-03 9.992372545444675458e-01 1.002055609067840525e+00
-2.916166417142744827e-01 -9.563301595537485600e-01 -1.980808428874178753e-02 2.196997847182279529e+01 9.556758536855456398e-01 -2.921697850277740205e-01 3.633840116498850137e-02 1.865892629251402184e+02 -4.053883271249529574e-02 -8.333225349518517955e-03 9.991432131569439878e-01 9.933640612611938092e-01
-3.162029830185264512e-01 -9.483890025705085103e-01 -2.395774057588485884e-02 2.168884376833140593e+01 9.477320843558992847e-01 -3.169179265410067003e-01 3.697193691668698712e-02 1.873489454296439760e+02 -4.265641584343331238e-02 -1.101488267141204937e-02 9.990290799306730252e-01 9.846785265660118469e-01
-3.411529956753893700e-01 -9.396241507569856877e-01 -2.685309769693749321e-02 2.138324700162991832e+01 9.390187974573639407e-01 -3.419650490682886179e-01 3.610544609126511290e-02 1.881105596906510584e+02 -4.310836999277588982e-02 -1.289808241315198133e-02 9.989871410116496486e-01 9.491816344432617569e-01
-3.666849110444705406e-01 -9.299308073122941609e-01 -2.776453896274295313e-02 2.105808757368327022e+01 9.293324574813109917e-01 -3.675147011432908783e-01 3.569492842554558565e-02 1.888827688296756833e+02 -4.339768984699590021e-02 -1.271369557062159913e-02 9.989769779433765873e-01 9.153144115345092091e-01
-3.931430307086449805e-01 -9.190650787074955419e-01 -2.753068298474582731e-02 2.072738085879490200e+01 9.184240969866958038e-01 -3.939493423531927885e-01 3.607067692266609921e-02 1.896342290552852603e+02 -4.399699398133760653e-02 -1.110390741460284998e-02 9.989699533823497291e-01 9.186958007272509885e-01
-4.200596900831834457e-01 -9.070612522695350455e-01 -2.810233795332930939e-02 2.037847706660637925e+01 9.063650562324042648e-01 -4.208806238482654116e-01 3.690373029824695061e-02 1.903620557864400666e+02 -4.530167334713708360e-02 -9.969207607336345173e-03 9.989236073352312228e-01 9.153620050447467404e-01
-4.464344292087754074e-01 -8.943129817487989186e-01 -3.000984992643238383e-02 2.000646321245812587e+01 8.935879411767628788e-01 -4.473274809205904923e-01 3.739941438996588485e-02 1.910677669973597403e+02 -4.687101236914531510e-02 -1.012005379485745107e-02 9.988496847427448255e-01 8.818243753349936931e-01
-4.716655382788492723e-01 -8.813192765977719834e-01 -2.842450874340057138e-02 1.962615430181212517e+01 8.803947408670971253e-01 -4.724857253813796731e-01 4.077179864059002345e-02 1.917695447299680893e+02 -4.936314671574979634e-02 -5.794135657009938378e-03 9.987640901325535170e-01 7.749289112872682628e-01
-4.958201856234478733e-01 -8.680980504913472506e-01 -2.383523151665348228e-02 1.921431867321669529e+01 8.666602700000961557e-01 -4.963750592856619459e-01 5.011763085498535664e-02 1.924777867579519750e+02 -5.533823209762411821e-02 4.192284851788564276e-03 9.984588648592545024e-01 7.678700414764254578e-01
-5.192551064144779183e-01 -8.543169204997503874e-01 -2.273177974361962478e-02 1.878908035077616745e+01 8.530939727906335923e-01 -5.197334127092734235e-01 4.591136353742757137e-02 1.931337159562144450e+02 -5.103732017634660806e-02 4.447365669174620229e-03 9.986868442549053926e-01 8.848948049695346540e-01
-5.446848374554280614e-01 -8.384823310693254594e-01 -1.630362937213560709e-02 1.835292261029115579e+01 8.382222882450591772e-01 -5.449242302229826418e-01 2.099949535362227032e-02 1.937565284608492959e+02 -2.649194850083647773e-02 -2.227958805677105261e-03 9.996465439665107588e-01 8.793636372969064752e-01
-5.717290932854766083e-01 -8.204424106630858748e-01 -3.076951597654345796e-04 1.789610865322627120e+01 8.204391409409785840e-01 -5.717256662379526233e-01 -3.062446211509029827e-03 1.944012436278256928e+02 2.336643532081416480e-03 -2.003334748291250855e-03 9.999952633622272158e-01 7.436288522189681283e-01
-5.973828048542988434e-01 -8.019480840156858470e-01 3.613171457547089717e-03 1.741486412076758228e+01 8.019502042249619933e-01 -5.973897141051656146e-01 -1.182972903591378386e-03 1.950459373977069788e+02 3.107154317514577990e-03 2.190895917065640436e-03 9.999927727574473568e-01 6.674545095050694599e-01
-6.194445917472994889e-01 -7.848814465768481075e-01 -1.579596703136072408e-02 1.689431159821512907e+01 7.845181596186197037e-01 -6.196410039845916540e-01 2.400590364017143874e-02 1.956776526838243910e+02 -2.862961724570204855e-02 2.478104195071498955e-03 9.995870167303909648e-01 7.283900204518753974e-01
-6.393835890243582121e-01 -7.679783143352553187e-01 -3.738896624822288239e-02 1.635407637800971159e+01 7.664610954270435483e-01 -6.404719772340545791e-01 4.830150696072986471e-02 1.962890700992398081e+02 -6.104109503529055181e-02 2.226002848338803214e-03 9.981327715430506897e-01 8.166476624395581085e-01
-6.610286881746898491e-01 -7.492506461680101815e-01 -4.079880668435939550e-02 1.579691266278406303e+01 7.476095731639877950e-01 -6.622825666581877435e-01 4.961580407695746764e-02 1.968856248619864857e+02 -6.419501167231454752e-02 2.295891430829640617e-03 9.979347320135366628e-01 8.315931693007332370e-01
-6.850751947194870795e-01 -7.280246859632790724e-01 -2.553496050763293113e-02 1.524860848695517923e+01 7.272383247301867915e-01 -6.855338213117483370e-01 3.417307245981658637e-02 1.974670939497629263e+02 -4.238391939980051815e-02 4.841122367949524802e-03 9.990896691040948019e-01 7.468113319883649126e-01
-7.090144781397971219e-01 -7.051249522525669944e-01 -9.862631442299927761e-03 1.468420536940678289e+01 7.048495325967257807e-01 -7.090359468785267794e-01 2.133453613858763559e-02 1.980443120859918054e+02 -2.203647399945732333e-02 8.174823844376474455e-03 9.997237448759455081e-01 6.750390075975889470e-01
-7.311758282774745155e-01 -6.821401789752131739e-01 -8.166049866002908150e-03 1.407322604743280614e+01 6.818753274440515488e-01 -7.311502006614902793e-01 2.157363890794867026e-02 1.985891475597282749e+02 -2.068685490395448523e-02 1.020589537117332427e-02 9.997339114653736036e-01 6.711355234404161596e-01
-7.516040838161885951e-01 -6.593724341268134559e-01 -1.786880814463199380e-02 1.344781145350878759e+01 6.587337611334607157e-01 -7.517244859134841750e-01 3.130701552485706113e-02 1.991071114066715779e+02 -3.407540364828109264e-02 1.175969352449372611e-02 9.993500770372796271e-01 6.917142759626004889e-01
-7.706116720261673159e-01 -6.366600664866480797e-01 -2.866375199188744838e-02 1.280664151062850920e+01 6.355765704254944248e-01 -7.710542259707657831e-01 3.895900074168512361e-02 1.996146562488103484e+02 -4.690494710797737943e-02 1.180425151548789367e-02 9.988296078826243152e-01 6.848619934495059347e-01
-7.900100938099519077e-01 -6.121704772994183141e-01 -3.363567156151597848e-02 1.213096926100295825e+01 6.109806705301565888e-01 -7.906525471101153446e-01 3.963798666440795232e-02 2.001206565644993418e+02 -5.085933460941045869e-02 1.076366439879938679e-02 9.986478216127034901e-01 6.487072833666693850e-01
-8.091060751621916847e-01 -5.867263953622006145e-01 -3.315865077039814590e-02 1.144103867217060255e+01 5.856522151379388585e-01 -8.097167600508152763e-01 3.701690690530967665e-02 2.005994305100165320e+02 -4.856791162547373364e-02 1.053116698613033517e-02 9.987643628415314723e-01 6.043851036416190148e-01
-8.272713288440773916e-01 -5.610206347678099448e-01 -2.963099453744769823e-02 1.075657177374905871e+01 5.599818100130833365e-01 -8.276853509048620605e-01 3.684199169381291439e-02 2.010550670623210294e+02 -4.519425767756073825e-02 1.388550547223532140e-02 9.988817106198084605e-01 5.765394055437056409e-01
-8.438331329828083760e-01 -5.359461351904376558e-01 -2.659668879488641738e-02 1.005400746914290266e+01 5.348180532072955851e-01 -8.440307094831007717e-01 3.977199282174367218e-02 2.014965398798518095e+02 -4.376406795508455683e-02 1.933653598470026769e-02 9.988547465633504929e-01 5.855250687347708372e-01
-8.590505602073010838e-01 -5.111980826810686995e-01 -2.662057983442134290e-02 9.327773086326246244e+00 5.100681216210196656e-01 -8.592181496271462660e-01 3.968227132243450084e-02 2.019159499553018406e+02 -4.315838636379171200e-02 2.051076825722980210e-02 9.988576785868804597e-01 5.935286382396457450e-01
-8.724596164380484797e-01 -4.878231504909129601e-01 -2.903087201400510534e-02 8.577478396855388709e+00 4.868066545788511945e-01 -8.727743188800876073e-01 3.583670410551427488e-02 2.023139905058101817e+02 -4.281937344848091298e-02 1.713365543365619886e-02 9.989359034036969787e-01 5.425872038384084162e-01
-8.838953939549543115e-01 -4.666215695896875348e-01 -3.151576333953214071e-02 7.805492852560231398e+00 4.656943271067955359e-01 -8.843434941661212356e-01 3.264012908376866251e-02 2.027063167185542625e+02 -4.310134853767252916e-02 1.417374755357781596e-02 9.989701590310501311e-01 4.856312772045210391e-01
-8.934526793116290833e-01 -4.478600681842653808e-01 -3.411259528175874384e-02 7.030527532196552798e+00 4.469351184082946959e-01 -8.940100699962478803e-01 3.154353624228056763e-02 2.030816273903648437e+02 -4.462409398783941800e-02 1.293654015916195950e-02 9.989200849740057508e-01 4.616720266436267761e-01
-9.012352886422487774e-01 -4.318705464388100101e-01 -3.553569507646263392e-02 6.242355152799813567e+00 4.309583493606204407e-01 -9.018518821139684949e-01 3.062815443122879344e-02 2.034417074361890911e+02 -4.527533127756291909e-02 1.228876910587317628e-02 9.988989591202753759e-01 4.647746589245948523e-01
-9.075634434922508209e-01 -4.182956360070296808e-01 -3.684232530613661821e-02 5.430944544065895663e+00 4.174829738926404410e-01 -9.082566539352301405e-01 2.788937238693625642e-02 2.038051899379651672e+02 -4.512828986617527932e-02 9.930331306399557342e-03 9.989318425067346130e-01 4.585330839732538744e-01
-9.126440854049886475e-01 -4.066874488617446270e-01 -4.106205442519258314e-02 4.616647845070398937e+00 4.059512361667332869e-01 -9.135448927448597267e-01 2.528483328961905752e-02 2.041614160330340724e+02 -4.779505445119584112e-02 6.406861798769388980e-03 9.988366157144513702e-01 4.260123761099338657e-01
-9.164492988290542375e-01 -3.977132729653952703e-01 -4.410028551935256391e-02 3.797696337976963044e+00 3.969767934049499569e-01 -9.174952251448142970e-01 2.473736716772251959e-02 2.045013256287255388e+02 -5.030018065235059010e-02 5.163752862020837275e-03 9.987207955593599973e-01 3.643597128496554594e-01
-9.196214511285658588e-01 -3.905087270049135695e-01 -4.241840116262808602e-02 2.965316814494274311e+00 3.897846748475861656e-01 -9.205795865552959256e-01 2.451799485363682571e-02 2.048419023627584750e+02 -4.862400516363556136e-02 6.013231301334735768e-03 9.987990524480704346e-01 3.355435202808426665e-01
-9.228171105418458975e-01 -3.834624500570232852e-01 -3.694766416790434826e-02 2.125202246508916204e+00 3.828201884771142982e-01 -9.235264019211850695e-01 2.340274019975716394e-02 2.051793385895191477e+02 -4.309621544342384647e-02 7.452137329355137951e-03 9.990431331347402466e-01 3.352066112800595743e-01
-9.259260492534180376e-01 -3.763879533275704681e-01 -3.151285299429509856e-02 1.290437258413488664e+00 3.758466542763660989e-01 -9.264241454857815583e-01 2.185394999083207362e-02 2.055130837356895483e+02 -3.741983141623124454e-02 8.391141210984130738e-03 9.992644019307193037e-01 3.219278119656570070e-01
-9.286540417708604167e-01 -3.695838016756812783e-01 -3.177238174257007719e-02 4.533673506613377091e-01 3.690706316366871853e-01 -9.291652878355387557e-01 2.094604365499760576e-02 2.058475405349661003e+02 -3.726311267113453785e-02 7.725375100990129057e-03 9.992756271487899244e-01 2.953921678304925469e-01
-9.308159874985411086e-01 -3.637106544589452373e-01 -3.600218396377586477e-02 -4.156323744950221610e-01 3.631389328741381206e-01 -9.314857960783313739e-01 2.154825132927289458e-02 2.061642195057892195e+02 -4.137285158347197428e-02 6.983662174179922945e-03 9.991193700526924681e-01 2.571426865673936968e-01
-9.327058061203730155e-01 -3.585256364933069317e-01 -3.897752180956843421e-02 -1.295538229371475447e+00 3.578675938414418445e-01 -9.334900242267947235e-01 2.295996400685064442e-02 2.064763950282501810e+02 -4.461686348773397787e-02 7.466099793611792948e-03 9.989762724141093564e-01 2.240509637886093919e-01
-9.348247793746462531e-01 -3.530278659760309190e-01 -3.839215690155137195e-02 -2.159725600417211400e+00 3.523645076582737068e-01 -9.355781936646050401e-01 2.308023574439839118e-02 2.067987430078794659e+02 -4.406683117591020382e-02 8.047942823117708311e-03 9.989961686645397743e-01 2.132065667148963783e-01
-9.372337389956921783e-01 -3.468828453537577405e-01 -3.556979178229202621e-02 -3.034871037729589105e+00 3.463065052776148067e-01 -9.378761444756407162e-01 2.145092133015265995e-02 2.071195261465934720e+02 -4.080101580304033859e-02 7.786476917583453304e-03 9.991369515169840065e-01 1.943607203670743022e-01
-9.396120223378214842e-01 -3.405995485373725096e-01 -3.348425024346625423e-02 -3.918875744342289913e+00 3.400985667849055760e-01 -9.401804728662461752e-01 1.984044636229143413e-02 2.074489197126202953e+02 -3.823888530125023333e-02 7.254376412887733432e-03 9.992422937775291558e-01 1.650539215269193338e-01
-9.414004240986861838e-01 -3.357066626084938554e-01 -3.265391534075967606e-02 -4.813611300889021116e+00 3.352268791056178254e-01 -9.419384319848242981e-01 1.936310602870472755e-02 2.077639663283711400e+02 -3.725830151687122005e-02 7.281966097028529268e-03 9.992791361465722666e-01 1.293419169504040067e-01
-9.429786757003524311e-01 -3.312400260895052018e-01 -3.273014345574484785e-02 -5.719224460717693859e+00 3.307519879011144859e-01 -9.435162119963871330e-01 1.950077432949443718e-02 2.080582609484156649e+02 -3.734085796913000355e-02 7.563254340081830042e-03 9.992739651916867638e-01 1.122926235325614475e-01
-9.446364386279086922e-01 -3.263597743912419746e-01 -3.393076002213614439e-02 -6.632752115897927681e+00 3.258581471738914992e-01 -9.452166074848191712e-01 1.954566077901729801e-02 2.083585049134033795e+02 -3.845083531967287416e-02 7.406928795904858635e-03 9.992330412216320346e-01 1.049695467802355814e-01
-9.462787928545655092e-01 -3.214891084753886408e-01 -3.465832259942717292e-02 -7.549373873767187604e+00 3.209209195858868102e-01 -9.468726622102501267e-01 2.102201063224834465e-02 2.086543926570611802e+02 -3.957536564398294460e-02 8.770102084547315435e-03 9.991781001120729755e-01 8.356209575916273558e-02
-9.477379422240335138e-01 -3.171349246573434977e-01 -3.490318655274350645e-02 -8.468442768444683466e+00 3.165204672239230188e-01 -9.483292083511636328e-01 2.205689045184101860e-02 2.089601577855636094e+02 -4.009472156411611476e-02 9.856579053410618671e-03 9.991472669992446098e-01 5.348977964682755104e-02
-9.490268096460121594e-01 -3.132876761656182563e-01 -3.462580736760596800e-02 -9.386869496428062121e+00 3.127031136714822912e-01 -9.496117471295830725e-01 2.131413647466749023e-02 2.092676920437373269e+02 -3.955852971575012089e-02 9.400089161674052979e-03 9.991730385926557156e-01 3.840286478780974289e-02
-9.501648681462342427e-01 -3.098248147779181227e-01 -3.457321923798626490e-02 -1.031931133900926056e+01 3.092789085435014851e-01 -9.507548880880687392e-01 2.029037966091646814e-02 2.095687377478186590e+02 -3.915712030767298096e-02 8.586438404392153501e-03 9.991961734337947432e-01 1.246968540168245931e-02
-9.508153940960426542e-01 -3.078810204945811035e-01 -3.404942832417223036e-02 -1.125128269522213387e+01 3.073421858918584659e-01 -9.513847511889670372e-01 2.019494927753365254e-02 2.098528692662226263e+02 -3.861174848672251775e-02 8.736842926548492316e-03 9.992160929721233265e-01 -2.269896144663643978e-02
-9.509306528093730559e-01 -3.075715649783459793e-01 -3.362478199647155053e-02 -1.219091502314922337e+01 3.069750590589166994e-01 -9.514681657407315640e-01 2.178629609965848993e-02 2.101444266640850174e+02 -3.869375483606836419e-02 1.039528733313649714e-02 9.991970432992421935e-01 -4.286215547168803486e-02
-9.506213669436589520e-01 -3.084099832485113768e-01 -3.467418265543506517e-02 -1.315210124535634151e+01 3.077254966920742185e-01 -9.511792678881865193e-01 2.372802194262973660e-02 2.104537413041737750e+02 -4.029932252266472947e-02 1.188623457393634883e-02 9.991169511282789184e-01 -6.128491964391703795e-02
-9.502011060741795134e-01 -3.095773356793345976e-01 -3.577333153468154059e-02 -1.410251933346912523e+01 3.087602009682088311e-01 -9.507676779598859262e-01 2.660753361057185268e-02 2.107604959957694462e+02 -4.224921672027751041e-02 1.423712683272065210e-02 9.990056595966171349e-01 -9.883156487102781607e-02
-9.498587221587762031e-01 -3.104912343791303986e-01 -3.692697269775159497e-02 -1.504475818210891624e+01 3.093787171096292754e-01 -9.503692752929859822e-01 3.290972468259850681e-02 2.110673469943155851e+02 -4.531244132130340940e-02 1.983516959363746529e-02 9.987759251747586609e-01 -1.166205259575144870e-01
-9.494365961062309900e-01 -3.112226995919364914e-01 -4.135917350384211294e-02 -1.599463397987758206e+01 3.098846325979308647e-01 -9.501026269742389729e-01 3.572831784867492450e-02 2.113707743991406005e+02 -5.041492292822710025e-02 2.110520019705522388e-02 9.985053360251927579e-01 -5.759510743686901968e-02
-9.490879231400493055e-01 -3.103302774955503662e-01 -5.410390946357258868e-02 -1.696487467026246776e+01 3.098234113802003642e-01 -9.506287996558278053e-01 1.772960872820718639e-02 2.116414122446737736e+02 -5.693476890655566058e-02 6.429972693028362940e-05 9.983778983707032317e-01 -1.005912381630951202e-01
-9.494015096438808143e-01 -3.106204751424351262e-01 -4.638635476310234290e-02 -1.791140440382867638e+01 3.107002915886403760e-01 -9.504910654239979717e-01 5.662451402657401982e-03 2.119285311745933313e+02 -4.584868910508107381e-02 -9.036314040661967001e-03 9.989075246167204991e-01 -3.085646563256004837e-01
-9.497018907790946152e-01 -3.125665957545083473e-01 -1.919483964638924248e-02 -1.881992730477324471e+01 3.125402347721117358e-01 -9.498941677695755814e-01 4.435277436528470979e-03 2.122359431405839985e+02 -1.961938580093984877e-02 -1.786968321894587697e-03 9.998059243898339554e-01 -2.750478792768076275e-01
-9.495747529525671027e-01 -3.135403562966452284e-01 4.832478074887838629e-04 -1.975421091906780191e+01 3.135392364401908827e-01 -9.495738608825616822e-01 -1.621709310358625776e-03 2.125471661155751519e+02 9.673508012995878395e-04 -1.388417069173240783e-03 9.999985682642097418e-01 -1.577202121396790169e-01
-9.495414552548528953e-01 -3.134486521323001096e-01 -1.099851030552630692e-02 -2.072376934832129436e+01 3.134770144840549611e-01 -9.495953498293665529e-01 -9.126733295951507813e-04 2.128612462479559042e+02 -1.015805801617944946e-02 -4.314401335904569611e-03 9.999390980447022681e-01 -1.809210767389017871e-01
-9.484009427712511986e-01 -3.139090374664280647e-01 -4.468520949378632784e-02 -2.168867571747681211e+01 3.137077138324972925e-01 -9.494483619937568175e-01 1.163091524176228589e-02 2.131663264043218931e+02 -4.607734836761848835e-02 -2.987323931842048030e-03 9.989334081224510165e-01 -2.868742956312413384e-01
-9.463189237202822568e-01 -3.159862114918045028e-01 -6.806767776224431632e-02 -2.262873850731629588e+01 3.149504156572895397e-01 -9.487593191859196029e-01 2.572916506947584697e-02 2.134610274900379920e+02 -7.270990500742435803e-02 2.910052392722557377e-03 9.973488864529217457e-01 -3.129646182144794064e-01
-9.462480329225533282e-01 -3.172132106022503284e-01 -6.316992329907943071e-02 -2.355654316398847925e+01 3.160208307413104323e-01 -9.483296580768454387e-01 2.831420402247458029e-02 2.137458404000608425e+02 -6.888755132657282954e-02 6.829248221194468560e-03 9.976010558539731843e-01 -2.446770520515242353e-01
-9.477354225607672600e-01 -3.164660698658415261e-01 -4.058072753453482312e-02 -2.447938367453139108e+01 3.159776376737772341e-01 -9.485939325172600967e-01 1.810203528719735860e-02 2.140624065067690083e+02 -4.422331188030797361e-02 4.333337640676388283e-03 9.990122726329386804e-01 -2.324736131244709014e-01
-9.488752109677769386e-01 -3.147742919263012418e-01 -2.351550877936730080e-02 -2.539588049273901049e+01 3.146797471321099993e-01 -9.491665495709273870e-01 7.714785835755098853e-03 2.143792363248082893e+02 -2.474855057832977753e-02 -7.948531890087815951e-05 9.996937045547280576e-01 -3.380046708870506622e-01
-9.495985994306499478e-01 -3.125096660669125503e-01 -2.449915455877080955e-02 -2.632432088571613704e+01 3.124149997818450597e-01 -9.499145177845713661e-01 7.699143680623674046e-03 2.146916846545770738e+02 -2.567815940945734204e-02 -3.428073101981888443e-04 9.996702029231893105e-01 -4.385673480319720596e-01
-9.501498588501671172e-01 -3.096452396501471749e-01 -3.653862735532308059e-02 -2.725866846760115081e+01 3.092068670343612324e-01 -9.508385933527505607e-01 1.723608916657427131e-02 2.149796428459921458e+02 -4.007940999819091521e-02 5.078873198473977078e-03 9.991835897077326889e-01 -4.303341674864697985e-01
-9.512746206558329032e-01 -3.051007434574345423e-01 -4.461090043724377091e-02 -2.818478333887782483e+01 3.041903181618444973e-01 -9.522534430109037551e-01 2.610805642852366548e-02 2.152433172521740801e+02 -5.044647096375324408e-02 1.126572747761338256e-02 9.986632249921408855e-01 -3.605105526988672815e-01
-9.535029104595693639e-01 -2.984166355500982859e-01 -4.218662551201586564e-02 -2.910786419456745477e+01 2.975797327130395575e-01 -9.543685598925411018e-01 2.503906082651192327e-02 2.155167531390095235e+02 -4.773366132581044474e-02 1.132093262932252348e-02 9.987959421527677906e-01 -3.266069400533231359e-01
-9.563768787734556742e-01 -2.901968621638016943e-01 -3.360129369275430267e-02 -3.003306307989998203e+01 2.897772030622797201e-01 -9.569456709671921857e-01 1.685690963827883929e-02 2.157902799922452459e+02 -3.704643482098569918e-02 6.384669720062734199e-03 9.992931490106494730e-01 -3.896832936092435862e-01
-9.592680253080780872e-01 -2.809108398889322844e-01 -2.989909119747670430e-02 -3.096480019391391281e+01 2.807818309158128800e-01 -9.597338426697357150e-01 8.515554118608601938e-03 2.160663351476828211e+02 -3.108728114686518107e-02 -2.264227853846275534e-04 9.995166480272442699e-01 -5.091569333525671759e-01
-9.617299429192351923e-01 -2.717012735576080362e-01 -3.541094237291875224e-02 -3.189986674568336866e+01 2.716274590754699791e-01 -9.623772262642227293e-01 6.971215402268844327e-03 2.163255366312553463e+02 -3.597277260329263815e-02 -2.914157709322105078e-03 9.993485214458852628e-01 -5.619526334737559026e-01
-9.637189463373871945e-01 -2.629662064860095461e-01 -4.576643657434948526e-02 -3.284040957388721438e+01 2.627031424141088589e-01 -9.648048108589446503e-01 1.177862085258261915e-02 2.165588980540927935e+02 -4.725305742604379161e-02 -6.717066278191163517e-04 9.988827245348160799e-01 -5.120663435540655506e-01
-9.660386844342130352e-01 -2.533112628600566740e-01 -5.101631390898003077e-02 -3.377602034418526245e+01 2.528044960934067165e-01 -9.673807448441069656e-01 1.625980503637003069e-02 2.167765029907441772e+02 -5.347099149609104568e-02 2.810447136188938370e-03 9.985654482583100622e-01 -4.642561362271301895e-01
-9.692126555645002028e-01 -2.416493056414791285e-01 -4.724871825352270488e-02 -3.470998146800641848e+01 2.412891857097324566e-01 -9.703625529394859228e-01 1.326818421254008507e-02 2.169860902409322136e+02 -4.905463436969032670e-02 1.459087301933884549e-03 9.987950309803815818e-01 -4.811673431159819714e-01
-9.728032689792234233e-01 -2.280594916566325847e-01 -4.052984244548574200e-02 -3.563143475884891842e+01 2.280857031214112984e-01 -9.736326858366304293e-01 4.037957672062173278e-03 2.172009887072771903e+02 -4.038207393075524121e-02 -5.316139188196818480e-03 9.991701690749092979e-01 -5.565095318941595259e-01
-9.760273212582046831e-01 -2.143195085903605857e-01 -3.791854948596266872e-02 -3.656237619969156327e+01 2.146182826308468128e-01 -9.766900387988504129e-01 -3.944727073677164499e-03 2.174079827491636934e+02 -3.618923760068742945e-02 -1.198817536934592906e-02 9.992730471363644451e-01 -6.374438663953152506e-01
-9.787576970764673145e-01 -2.008872740681661717e-01 -4.095941321639821886e-02 -3.749958776069337318e+01 2.013025865937422554e-01 -9.795092408768755199e-01 -6.238242338655622388e-03 2.175849658149907668e+02 -3.886694024796732982e-02 -1.435096353101036545e-02 9.991413367494573761e-01 -6.631927283895335812e-01
-9.810923439825867121e-01 -1.879559217975929342e-01 -4.615608345572604770e-02 -3.844406244809671591e+01 1.883043137054883076e-01 -9.821052502872769097e-01 -3.280670369144903301e-03 2.177424723404236886e+02 -4.471351047121956829e-02 -1.191003020076232370e-02 9.989288529029267671e-01 -6.493306491391479529e-01
-9.831952915806421167e-01 -1.752723298936680052e-01 -5.105515632433055284e-02 -3.939082888439763508e+01 1.754911934430587184e-01 -9.844809807313681382e-01 1.990028517909634906e-04 2.178966484388978131e+02 -5.029771006305912284e-02 -8.764071647886697430e-03 9.986958152563587543e-01 -6.311530617539140575e-01
-9.852100643897705456e-01 -1.627221245720470721e-01 -5.369021512216046177e-02 -4.034165621159711179e+01 1.629709810379601775e-01 -9.866308283652109878e-01 -2.604974141962321590e-04 2.180492732100399564e+02 -5.293003272840000883e-02 -9.006591704811252319e-03 9.985576062207094372e-01 -6.610000227508728843e-01
-9.871970664061646694e-01 -1.511215698132473417e-01 -5.103159037540209303e-02 -4.128818020994697235e+01 1.515006653147793758e-01 -9.884505208379046337e-01 -3.621638366092222016e-03 2.181853856164360366e+02 -4.989489441057304991e-02 -1.130659066453496356e-02 9.986904728289452970e-01 -7.105516497925851160e-01
-9.892450049344441165e-01 -1.396832955609347837e-01 -4.339236284748580058e-02 -4.223662622063186944e+01 1.402531005066953718e-01 -9.900614611631002315e-01 -1.036199391263851154e-02 2.183127624404244784e+02 -4.151370870580153166e-02 -1.633646414691018733e-02 9.990043703251084706e-01 -7.467869744086886863e-01
-9.911758935524912495e-01 -1.284952048081255682e-01 -3.254735598690726428e-02 -4.317845845980914277e+01 1.289126055291493766e-01 -9.915942862644926414e-01 -1.105945673609153718e-02 2.184242978820654457e+02 -3.085268507126298285e-02 -1.515763137595762394e-02 9.994090043795703648e-01 -8.014493971105951520e-01
-9.925507641618565025e-01 -1.186167989804352563e-01 -2.780351706800788039e-02 -4.411442121379047876e+01 1.188554162453603347e-01 -9.928862801346582945e-01 -7.086942182928580858e-03 2.185283747227259994e+02 -2.676510024001640606e-02 -1.033874847343970935e-02 9.995882850899888705e-01 -7.747130688781054264e-01
-9.933333086426354708e-01 -1.101528294551944176e-01 -3.398958817181359227e-02 -4.506995100668623166e+01 1.104424801164239911e-01 -9.938595307592774653e-01 -6.759563941707987314e-03 2.186301724991367053e+02 -3.303629105707731051e-02 -1.046839443102921298e-02 9.993993276920034585e-01 -7.731116415480758786e-01
-9.936323140846243795e-01 -1.032371220654932781e-01 -4.513226157051244275e-02 -4.605337374865529654e+01 1.036189144652407551e-01 -9.945977659649403169e-01 -6.197136644869521288e-03 2.187219585428291850e+02 -4.424867197871406449e-02 -1.083423117643812772e-02 9.989617983000830259e-01 -8.383603077527002068e-01
-9.937208470725287235e-01 -9.750783773269522392e-02 -5.487348789854265552e-02 -4.702734701676553897e+01 9.783918614114983647e-02 -9.951965035433445461e-01 -3.378311758911812460e-03 2.188019392374143592e+02 -5.428049141905921804e-02 -8.725876219460576913e-03 9.984875999908602306e-01 -8.639763911009461506e-01
-9.942781095208912401e-01 -9.162886740947837061e-02 -5.491076019159841365e-02 -4.798303070844578144e+01 9.176253999637368208e-02 -9.957809139744708826e-01 8.727875938438923314e-05 2.188843007560120100e+02 -5.468708422449414935e-02 -4.951971468430793610e-03 9.984912622540064175e-01 -8.651949474446769539e-01
-9.953593704478025384e-01 -8.502314694216241142e-02 -4.506426683977829417e-02 -4.894342732947501418e+01 8.503427031380338119e-02 -9.963766215846474594e-01 1.673568571732979597e-03 2.189696471590418128e+02 -4.504327401459956581e-02 -2.166204887985706366e-03 9.989826880494120376e-01 -8.703161668863967915e-01
-9.962619177429854478e-01 -7.862159233541396453e-02 -3.578877580629945265e-02 -4.989311080951250688e+01 7.861518963195504583e-02 -9.969037713591424321e-01 1.588272347813139349e-03 2.190364448533071311e+02 -3.580283807467413149e-02 -1.231206141577284498e-03 9.993581144500882640e-01 -9.075767083457311202e-01
-9.967247755090686834e-01 -7.318830327745320941e-02 -3.439758930164349415e-02 -5.084742740394339933e+01 7.320776715832458259e-02 -9.973164692609197690e-01 6.949594419589554201e-04 2.191123759085362508e+02 -3.435614521580589165e-02 -1.825487414627945462e-03 9.994079862006354231e-01 -9.550241081242843988e-01
-9.968018254558874691e-01 -6.923907434692072593e-02 -3.990076880703177092e-02 -5.180456422443891285e+01 6.915476323564917482e-02 -9.975998353070951730e-01 3.491033812223068907e-03 2.191730609468799003e+02 -4.004671634019350140e-02 7.205406569815229860e-04 9.991975487017218382e-01 -9.892985908209379620e-01
-9.968041406129457549e-01 -6.525843777262493872e-02 -4.607430473011579070e-02 -5.277441571377816132e+01 6.500239890769746176e-02 -9.978603075317766802e-01 7.035253288492941334e-03 2.192248904162329666e+02 -4.643482952624789634e-02 4.017829272768806345e-03 9.989132413051712289e-01 -9.923774252317481004e-01
-9.969970162948300629e-01 -6.111644214480647236e-02 -4.755764921404998652e-02 -5.373744374848135408e+01 6.067713710971166935e-02 -9.981008605846481974e-01 1.062812929700125177e-02 2.192653822783094313e+02 -4.811688405721380873e-02 7.710551195929437121e-03 9.988119507038747402e-01 -9.975771099001300435e-01
-9.973858417222869477e-01 -5.600105503672794804e-02 -4.566579208442816257e-02 -5.469179604032212438e+01 5.558159071443541377e-02 -9.983999300714592184e-01 1.040511446156056584e-02 2.193076312597700337e+02 -4.617542101137617899e-02 7.839736480173135555e-03 9.989025823504229518e-01 -1.021284767227696566e+00
-9.978130281126538215e-01 -5.069937926126121680e-02 -4.241148277506166797e-02 -5.564836341041026913e+01 5.036207917060556843e-02 -9.986906106402777539e-01 8.984720394282171008e-03 2.193528218716533900e+02 -4.281146937761204363e-02 6.829140610103780033e-03 9.990598285029066439e-01 -1.064189041419431270e+00
-9.981236279595460115e-01 -4.601663102063725808e-02 -4.039421961599734545e-02 -5.660405480055977989e+01 4.569834269667109872e-02 -9.989168021745471471e-01 8.768341243081947609e-03 2.194009514149715869e+02 -4.075395420879435182e-02 6.905939681755823498e-03 9.991453463903334775e-01 -1.091440528122356923e+00
-9.982784210440909245e-01 -4.214800446062071798e-02 -4.078896661727385992e-02 -5.756675294508837482e+01 4.175062365202136111e-02 -9.990724031761279988e-01 1.054602467968302273e-02 2.194210154065636118e+02 -4.119562479663173987e-02 8.824904071133315986e-03 9.991121266233087272e-01 -1.116775352601337978e+00
-9.983413534346063933e-01 -3.836495698378292185e-02 -4.292635668201393723e-02 -5.852882613223641783e+01 3.787676878380584478e-02 -9.992088046299600901e-01 1.212910287141484231e-02 2.194506933205211965e+02 -4.335772605726812695e-02 1.048307328982003850e-02 9.990046109831240972e-01 -1.133767520953527397e+00
-9.983730613614063554e-01 -3.494434254969861625e-02 -4.505688928037229757e-02 -5.948317840562008740e+01 3.434761372508449845e-02 -9.993125692941235982e-01 1.395099574118739173e-02 2.194931123530143964e+02 -4.551342416525912260e-02 1.238070169851306600e-02 9.988870038428799836e-01 -1.150444268127665870e+00
-9.984828158037986068e-01 -3.156479511506152247e-02 -4.511906751986591996e-02 -6.044658422651126273e+01 3.088623097595023445e-02 -9.994002475043186617e-01 1.565841704665616591e-02 2.195236352303647323e+02 -4.558626197242194450e-02 1.424110240293737298e-02 9.988588907957574037e-01 -1.181945374552829442e+00
-9.986270151278640039e-01 -2.915568181167550038e-02 -4.352046501256044697e-02 -6.141325655856294929e+01 2.837608862478199073e-02 -9.994274959532312153e-01 1.842492678446364107e-02 2.195436149092082303e+02 -4.403274067295473437e-02 1.716468906653021570e-02 9.988826213314944136e-01 -1.213563374009738238e+00
-9.987842308087406806e-01 -2.752731057219072464e-02 -4.089385602330287278e-02 -6.236507556948811271e+01 2.668898200973642693e-02 -9.994251407296885770e-01 2.090660940292489098e-02 2.195601357143349333e+02 -4.144585054111488837e-02 1.978977640360444004e-02 9.989447463312567388e-01 -1.226210989931751039e+00
-9.988805406082361671e-01 -2.661857448038355486e-02 -3.910392674439661792e-02 -6.332889455477786811e+01 2.570263023861671034e-02 -9.993876513368045167e-01 2.374230726622108406e-02 2.195838087000609846e+02 -3.971196788143103312e-02 2.271065494738058049e-02 9.989530448218501002e-01 -1.247296729236747392e+00
-9.988705982938148598e-01 -2.507276466010886079e-02 -4.035943924853543918e-02 -6.428370515824943254e+01 2.404964778067119474e-02 -9.993819330655604460e-01 2.563915567584269806e-02 2.196078373133513821e+02 -4.097733892998768612e-02 2.463956847112457049e-02 9.988562205641879910e-01 -1.270188549742884643e+00
-9.988074205826242835e-01 -2.385308709637324817e-02 -4.260008010623696217e-02 -6.522899195700509267e+01 2.264889417823565468e-02 -9.993363182138741418e-01 2.852982108674951417e-02 2.196279123643160176e+02 -4.325233151620912209e-02 2.753095230302951557e-02 9.986847763352059149e-01 -1.301884109316011395e+00
-9.987736494626557882e-01 -2.343996810557743768e-02 -4.360923106702336433e-02 -6.618733862319488992e+01 2.210421085680917483e-02 -9.992791400050307082e-01 3.086428701920426731e-02 2.196499378160546598e+02 -4.430125282026731864e-02 2.986248894542473109e-02 9.985717954922115336e-01 -1.315932903833499923e+00
-9.987962265020513541e-01 -2.444171534758668787e-02 -4.252881935970695415e-02 -6.715471570060701367e+01 2.314999815862036139e-02 -9.992634436431007128e-01 3.060470198821473031e-02 2.196551795506277642e+02 -4.324552590174980671e-02 2.958331876918318670e-02 9.986263824574643788e-01 -1.328057341667175706e+00
-9.987939199244415533e-01 -2.531919265414708450e-02 -4.206713688036183701e-02 -6.812305285019409951e+01 2.413875884826482618e-02 -9.993069652561867855e-01 2.833565795488441133e-02 2.196714489304656013e+02 -4.275541887567272520e-02 2.728603440980517311e-02 9.987128949217350948e-01 -1.365917645400695823e+00
-9.987714938660643416e-01 -2.586971001345171953e-02 -4.226418275998903434e-02 -6.908175004845749356e+01 2.473606626066551448e-02 -9.993258405573874903e-01 2.712916180456996507e-02 2.196853267706200086e+02 -4.293751351088933438e-02 2.605038383768055327e-02 9.987380774934996319e-01 -1.403210436968047370e+00
-9.988729440736798804e-01 -2.575602665293448904e-02 -3.986814127386310858e-02 -7.002223189575255446e+01 2.459728739842915665e-02 -9.992683554316614813e-01 2.928698150274675061e-02 2.197049103908605900e+02 -4.059328824101907096e-02 2.827332530772566632e-02 9.987756524995115015e-01 -1.418864200159610345e+00
-9.990336708801543786e-01 -2.574144461887774987e-02 -3.562446458065198635e-02 -7.096171157653543560e+01 2.461890876624792113e-02 -9.991974120503852586e-01 3.159811834544885151e-02 2.197308496971512568e+02 -3.640925402811816952e-02 3.069054872020179209e-02 9.988655847712287761e-01 -1.421024320690814191e+00
-9.991027890187891281e-01 -2.620158502384757268e-02 -3.327302085948037613e-02 -7.191350240811708261e+01 2.515836244919636075e-02 -9.991904006300209584e-01 3.139426838920528900e-02 2.197497555679346704e+02 -3.406866263521649008e-02 3.052900638829693022e-02 9.989531050030282522e-01 -1.432919714481557527e+00
-9.990699008551953142e-01 -2.636095008885784921e-02 -3.412379691070749343e-02 -7.288157533736794846e+01 2.532497854817348723e-02 -9.992156106610221578e-01 3.044353581395307234e-02 2.197656281295977578e+02 -3.489955109632525421e-02 2.955103588258178177e-02 9.989538315715803529e-01 -1.461469087939198497e+00
-9.990081367171774751e-01 -2.607803526924145146e-02 -3.609264259334159924e-02 -7.384436756466408269e+01 2.502588198397226807e-02 -9.992572572243783036e-01 2.930254451985756653e-02 2.197836666175764435e+02 -3.682998783326963538e-02 2.837023018782437039e-02 9.989187564738640779e-01 -1.493905973532038356e+00
-9.990431469803109366e-01 -2.380156794775449905e-02 -3.669163167406670756e-02 -7.480202160539182898e+01 2.274435787697069375e-02 -9.993215897258305169e-01 2.896643734743929721e-02 2.197909936501224593e+02 -3.735618632089242330e-02 2.810419312250880125e-02 9.989067372244976317e-01 -1.507776130924825209e+00
-9.991290275642479290e-01 -2.102614073445353490e-02 -3.604285899225366518e-02 -7.573908009394814655e+01 1.997887770649778641e-02 -9.993746644947882896e-01 2.917403659966398555e-02 2.198006434982264636e+02 -3.663373751215309726e-02 2.842853094594727237e-02 9.989243154033973227e-01 -1.511075011945088642e+00
-9.991473116309339542e-01 -1.891162170404385445e-02 -3.670150167501039923e-02 -7.668811326081602431e+01 1.784039548976622952e-02 -9.994114781999483554e-01 2.929876330091130826e-02 2.198173272209822642e+02 -3.723398916912317586e-02 2.861901128126609350e-02 9.988966824671290379e-01 -1.542486019417848908e+00
-9.991996627281796162e-01 -1.766829556882630603e-02 -3.588684070219608224e-02 -7.764465403680202371e+01 1.650640082707129086e-02 -9.993380594001315398e-01 3.241884893260744971e-02 2.198314027092399670e+02 -3.643587155027672164e-02 3.180054034244945982e-02 9.988298918726351561e-01 -1.597247801042395166e+00
-9.994291862838136087e-01 -1.660724040963924841e-02 -2.941940125241868792e-02 -7.858551753399866868e+01 1.551575886223368478e-02 -9.991967182908212397e-01 3.694833397844224376e-02 2.198561502077857597e+02 -3.000937905061325933e-02 3.647077902691328588e-02 9.988840370364152621e-01 -1.558869493933144668e+00
-9.996592883147890074e-01 -1.506623812097864813e-02 -2.131468401950432218e-02 -7.952251328621638038e+01 1.425677198638588584e-02 -9.991899515762183714e-01 3.763223514013635390e-02 2.198487519759108011e+02 -2.186439430895687625e-02 3.731553480785556459e-02 9.990643118055544392e-01 -1.503451183293175841e+00
-9.996619741055545738e-01 -1.325235375749288756e-02 -2.236766968800543362e-02 -8.048181165786809288e+01 1.251215383946180197e-02 -9.993798626791969841e-01 3.291407111870008756e-02 2.198417458321915205e+02 -2.278998757531680228e-02 3.262307758620375947e-02 9.992078618961729441e-01 -1.537514016356527069e+00
-9.993535506539776847e-01 -1.239253376845422978e-02 -3.374767995114619223e-02 -8.143756562294321100e+01 1.146870449907773891e-02 -9.995578810885430432e-01 2.743193706055930409e-02 2.198529924789527286e+02 -3.407271066997909215e-02 2.702716153389723985e-02 9.990538438577875047e-01 -1.624385145131838959e+00
-9.989511465440137350e-01 -1.320542251336211288e-02 -4.384317090087921920e-02 -8.239194825315287574e+01 1.209257318912312397e-02 -9.996003674106881398e-01 2.555142160590693351e-02 2.198611697546206756e+02 -4.416306705909150976e-02 2.499444515608810480e-02 9.987116206489606851e-01 -1.641838876179565698e+00
-9.988496419927759273e-01 -1.435263436436984633e-02 -4.575362912061325948e-02 -8.333465217437120032e+01 1.317561321419189260e-02 -9.995770904641367860e-01 2.592380056398982391e-02 2.198566030798723432e+02 -4.610635430538757851e-02 2.529114679199456067e-02 9.986163237132726911e-01 -1.624624924458683672e+00
-9.989358134978714165e-01 -1.469348878886295867e-02 -4.371889635568330240e-02 -8.429157510142071885e+01 1.360428761778396597e-02 -9.995921771212299412e-01 2.510782341131014700e-02 2.198536557513156708e+02 -4.406998831132168809e-02 2.448633956418318214e-02 9.987283190662952226e-01 -1.626066543097665740e+00
-9.989989004158323915e-01 -1.443320247523588451e-02 -4.234240940555644706e-02 -8.524040227177908946e+01 1.344436975286213143e-02 -9.996323547124161824e-01 2.354579227929210969e-02 2.198631623593214215e+02 -4.266668360568039164e-02 2.295295358815703166e-02 9.988256684885870040e-01 -1.657480436231152598e+00
-9.990631001436662828e-01 -1.389054017810580251e-02 -4.098749595776985527e-02 -8.617139626284372866e+01 1.295480695822148233e-02 -9.996513487974485468e-01 2.300769054290947510e-02 2.198735754783963046e+02 -4.129279486790628922e-02 2.245514954311144881e-02 9.988947248589280514e-01 -1.711820909679370173e+00
-9.991406033802667785e-01 -1.397870008230103246e-02 -3.902115606855170032e-02 -8.708965879932864596e+01 1.292643331140593856e-02 -9.995494222007899054e-01 2.708984865061835057e-02 2.198951815610085418e+02 -3.938225487148961507e-02 2.656216335460481748e-02 9.988711075404875794e-01 -1.737494447611373172e+00
-9.991567878862455121e-01 -1.499567898895501350e-02 -3.822097372518241942e-02 -8.804446461469127883e+01 1.371108166277671542e-02 -9.993395193710767899e-01 3.365310183062678040e-02 2.199074014116858677e+02 -3.870038062445303739e-02 3.310067423552094656e-02 9.987024711617952244e-01 -1.738355997953872745e+00
-9.990553203621763689e-01 -1.674480668422522953e-02 -4.010085167595610345e-02 -8.900993660985174927e+01 1.512738574204348409e-02 -9.990729813904066781e-01 4.030310231601601234e-02 2.199097087732855584e+02 -4.073854509724819661e-02 3.965840774403028846e-02 9.983824826380758299e-01 -1.753474997648248213e+00
-9.988784326230317756e-01 -1.809500645397650251e-02 -4.375440071566240319e-02 -8.996614167132206319e+01 1.595247145206488484e-02 -9.986796938559168169e-01 4.883019285671674065e-02 2.199306323162939236e+02 -4.458021416645802093e-02 4.807743567707874893e-02 9.978482673651285495e-01 -1.780616510411585418e+00
-9.988621216044306639e-01 -1.945481526391282939e-02 -4.354276273897622618e-02 -9.090545311023237218e+01 1.705006676857433873e-02 -9.983444518368029819e-01 5.493314764202746753e-02 2.199619017961104532e+02 -4.453938983734408164e-02 5.412823338813724933e-02 9.975401631529411395e-01 -1.775053016713780796e+00
-9.993236095180595413e-01 -1.986249002627607854e-02 -3.094842402696777739e-02 -9.181320524699093255e+01 1.821502515288445437e-02 -9.984477094552528520e-01 5.263444064715499388e-02 2.199770538604406909e+02 -3.194583413336862798e-02 5.203511289038564164e-02 9.981341646832895265e-01 -1.765183077974182169e+00
-9.996688500612069816e-01 -2.018755073793034732e-02 -1.595785112437164352e-02 -9.273372980360680629e+01 1.930816155595690975e-02 -9.983831814750712130e-01 5.346230302787478850e-02 2.199920361651074643e+02 -1.701132312999753191e-02 5.313648222190409109e-02 9.984423514367006813e-01 -1.840298324940600194e+00
-9.995759155730565837e-01 -2.129043914396978182e-02 -1.986721438306788060e-02 -9.371290778343394834e+01 2.013993292883328040e-02 -9.982042367036425556e-01 5.641528984699831217e-02 2.200202666201679165e+02 -2.103264386395483146e-02 5.599124063597495093e-02 9.982097018483322426e-01 -1.877574009966014756e+00
-9.988289145238229416e-01 -2.367522595558279111e-02 -4.219340217515006597e-02 -9.468640071105311051e+01 2.134031632094621558e-02 -9.982607752036674054e-01 5.495466849226858519e-02 2.200338716113363375e+02 -4.342108255771401359e-02 5.398989132907455746e-02 9.975969633192509622e-01 -1.867544861862248995e+00
-9.983394764317874426e-01 -2.562533105893595453e-02 -5.159100896498439170e-02 -9.561760188897700630e+01 2.291148082921177359e-02 -9.983567753103581577e-01 5.252440611864415271e-02 2.200213114868085142e+02 -5.285218864075383327e-02 5.125516169151683038e-02 9.972860946367689827e-01 -1.824517423052286036e+00
-9.992182915881158145e-01 -2.626665466878891006e-02 -2.954434985302057531e-02 -9.653949868853658245e+01 2.484730842934030140e-02 -9.985657813768871183e-01 4.742353347215073900e-02 2.200188806403241131e+02 -3.074763437314034786e-02 4.665236452397195088e-02 9.984378497757274706e-01 -1.792477737558269002e+00
-9.996661567785427582e-01 -2.583510172908086433e-02 -3.500146659289808497e-04 -9.746659221388277672e+01 2.579879091748273068e-02 -9.988189430615530551e-01 4.117209453742162739e-02 2.200487427065445161e+02 -1.413286529452849327e-03 4.114931955756274962e-02 9.991520085157890030e-01 -1.862480294308328954e+00
-9.996620051213047642e-01 -2.592377656024728513e-02 1.957888073351247461e-03 -9.842694785162719029e+01 2.597474044594669587e-02 -9.991042771132034872e-01 3.340593230056550927e-02 2.200883137530184683e+02 1.090126423447551835e-03 3.344549690105737966e-02 9.994399483517868443e-01 -1.944461926754106784e+00
-9.993561454534274358e-01 -2.767337333302489696e-02 -2.283591366333613884e-02 -9.938983690654580982e+01 2.702612445204440397e-02 -9.992374099499736761e-01 2.818132632739745597e-02 2.201066790183654120e+02 -2.359837158727108933e-02 2.754601540767164652e-02 9.993419504321778835e-01 -1.958917688832420456e+00
-9.983888044767781356e-01 -2.969803542063913226e-02 -4.835102674799203470e-02 -1.003238693038181424e+02 2.826365200137052197e-02 -9.991476854553149600e-01 3.008435847468213242e-02 2.200906166628213612e+02 -4.920326280823256182e-02 2.866931009707450462e-02 9.983772381157243192e-01 -1.907829510634596826e+00
-9.981075883442589447e-01 -3.090771580688670903e-02 -5.315971400608579533e-02 -1.012624515086814370e+02 2.915282903133007905e-02 -9.990142404611765947e-01 3.347625897930399386e-02 2.200838118239909704e+02 -5.414198600973321729e-02 3.186315206284712209e-02 9.980247416229427460e-01 -1.849230543156278772e+00
-9.987509633357645189e-01 -3.159413670940881824e-02 -3.870818726664043696e-02 -1.022015897313119410e+02 3.030740145225886695e-02 -9.989827795912791242e-01 3.338963158366924783e-02 2.201104150492713813e+02 -3.972372909349947134e-02 3.217478213863664976e-02 9.986925496574196037e-01 -1.878651800815222872e+00
-9.991545439539510909e-01 -3.235287070673063814e-02 -2.536708602118301764e-02 -1.031543601260657681e+02 3.163911965384945402e-02 -9.991056605128203483e-01 2.805076182157290390e-02 2.201490384102272060e+02 -2.625192190491823507e-02 2.722445386550087151e-02 9.992845769389334665e-01 -1.951445690309706382e+00
-9.991114425377889408e-01 -3.337279396197691955e-02 -2.574066846898275321e-02 -1.041101180831265225e+02 3.277074760018826999e-02 -9.991873688364811823e-01 2.346657323416879298e-02 2.201882583751401228e+02 -2.650289591315260415e-02 2.260218088595188773e-02 9.993931848513953886e-01 -2.019525695492658812e+00
-9.988247812180934826e-01 -3.436360644201358339e-02 -3.417892591826649645e-02 -1.050407255672062945e+02 3.347736777101721628e-02 -9.990967294386066122e-01 2.617233409927600951e-02 2.202177156483233489e+02 -3.504742888932089323e-02 2.499735540769204567e-02 9.990729752880264103e-01 -2.031605363806454623e+00
-9.986734541448489821e-01 -3.437370940335411629e-02 -3.833771104604585117e-02 -1.059730357081521817e+02 3.307208956285169477e-02 -9.988716202155927260e-01 3.408406108173584609e-02 2.202337338964906337e+02 -3.946604715883080677e-02 3.277093879843159113e-02 9.986833816039627498e-01 -1.976138129650583775e+00
-9.989039620278987730e-01 -3.233483513965282330e-02 -3.384277000272710445e-02 -1.069206382452031789e+02 3.107535569518164384e-02 -9.988281798382416810e-01 3.710241810775816163e-02 2.202482903994894343e+02 -3.500281293530499438e-02 3.601007633311031908e-02 9.987382427288441500e-01 -1.944459854717669467e+00
-9.992033468664769380e-01 -2.938950080875085691e-02 -2.699868243163193807e-02 -1.078437939345818251e+02 2.849288403535735897e-02 -9.990486372838645046e-01 3.301478306155324755e-02 2.202719810258831785e+02 -2.794328488526994989e-02 3.221921140354273155e-02 9.990901336948305733e-01 -1.990993017755322336e+00
-9.992541288156691071e-01 -2.736447049945356022e-02 -2.724650067666575456e-02 -1.087763875436084930e+02 2.659518920055277749e-02 -9.992482433884743998e-01 2.820716214785838269e-02 2.203054284377373335e+02 -2.799789199610950088e-02 2.746149739787162244e-02 9.992306961880429439e-01 -2.076412042484491849e+00
-9.990642808941763153e-01 -2.697801510597979888e-02 -3.380457576045814427e-02 -1.097171502563036114e+02 2.607650497846874735e-02 -9.992998036434630471e-01 2.683129378625919229e-02 2.203346603677690609e+02 -3.450476096875507159e-02 2.592468204391680173e-02 9.990682320699677543e-01 -2.095810658221921585e+00
-9.988602673328705883e-01 -2.724000783790487407e-02 -3.919372802754084867e-02 -1.106538601274800726e+02 2.612190665243833282e-02 -9.992449011147350735e-01 2.876236410736131982e-02 2.203380543253036876e+02 -3.994761991091907299e-02 2.770576779650781724e-02 9.988175900004258034e-01 -2.067262385387305113e+00
-9.989088789440043747e-01 -2.729536727178038039e-02 -3.789478186150696537e-02 -1.115859415913403581e+02 2.615057631363936971e-02 -9.991961661689339191e-01 3.038369417580350645e-02 2.203389903480411647e+02 -3.869365484542783284e-02 2.935957150237129831e-02 9.988197117778062628e-01 -2.040259681782195411e+00
-9.991000592526779744e-01 -2.695173741755495581e-02 -3.275172440453963385e-02 -1.125194899433270876e+02 2.596031998062286669e-02 -9.992028189138149052e-01 3.032801446171752222e-02 2.203574263512877849e+02 -3.354300803147240717e-02 2.945047580025901904e-02 9.990032713096284045e-01 -2.064551914081963702e+00
-9.991813048014626109e-01 -2.662162083048871114e-02 -3.046324735816104828e-02 -1.134508804014649286e+02 2.578036493416385744e-02 -9.992842614939310142e-01 2.768280177998594382e-02 2.203880154217505947e+02 -3.117840469151927224e-02 2.687478436911350937e-02 9.991524673672209644e-01 -2.116462235940147263e+00
-9.990577172448535936e-01 -2.637305492155119988e-02 -3.446940074336624082e-02 -1.143829897138971887e+02 2.547027650316209882e-02 -9.993276502411083673e-01 2.637257056939240618e-02 2.204117155223736120e+02 -3.514175050213637352e-02 2.546977498310414728e-02 9.990577300306302533e-01 -2.162310733714712718e+00
-9.987675470137695743e-01 -2.638619755605278727e-02 -4.203755000747928100e-02 -1.153152798642067438e+02 2.525213275273844454e-02 -9.993087214363736148e-01 2.728386066228812717e-02 2.204329146976608627e+02 -4.272840768781866611e-02 2.618869679335023709e-02 9.987434281819979054e-01 -2.165119494501348107e+00
-9.986056040783550802e-01 -2.692798103249099614e-02 -4.540629186377399817e-02 -1.162483378289270917e+02 2.555359046505988399e-02 -9.992055524382446041e-01 3.058231500274940368e-02 2.204470051149152994e+02 -4.619373894423814408e-02 2.937937736061123351e-02 9.985003708903940067e-01 -2.162014038510055247e+00
-9.987769348321338114e-01 -2.720369249072948636e-02 -4.128672380072635761e-02 -1.171731536084034531e+02 2.582337496545751565e-02 -9.991015098641886638e-01 3.360545033907466617e-02 2.204614586696599190e+02 -4.216382042368810312e-02 3.249818613351304619e-02 9.985820347599442259e-01 -2.163035238492012180e+00
-9.990780593302366341e-01 -2.693543498512710258e-02 -3.342923431803523221e-02 -1.180869804169554271e+02 2.575882983084261044e-02 -9.990503074306440467e-01 3.514208173232129251e-02 2.204781385258294790e+02 -3.434405408034709589e-02 3.424858485977848310e-02 9.988230676072858971e-01 -2.193086739267676499e+00
-9.992580922356475437e-01 -2.665164680419709192e-02 -2.780206510672694406e-02 -1.190123316111313017e+02 2.559358817932937818e-02 -9.989596929905950606e-01 3.774254925469947702e-02 2.205015603332101080e+02 -2.877904351574673766e-02 3.700299315948448603e-02 9.989006683106973483e-01 -2.230007308295516300e+00
-9.992231771882034153e-01 -2.738263269350152754e-02 -2.834137605490370804e-02 -1.199461558494654696e+02 2.627518938510123650e-02 -9.989039536310586609e-01 3.873636331688250223e-02 2.205412250719412270e+02 -2.937101620117613804e-02 3.796159700293492978e-02 9.988474661129681520e-01 -2.237259228901389285e+00
-9.990095020298974671e-01 -2.754588052283274413e-02 -3.494623470701700707e-02 -1.208794862170597213e+02 2.616211754126407385e-02 -9.988788076421748485e-01 3.945467334935101600e-02 2.205665646491866596e+02 -3.599386697387735312e-02 3.850132607545785068e-02 9.986100787748429797e-01 -2.253327318717657679e+00
-9.986861469965342408e-01 -2.715167498889104261e-02 -4.345993951347394690e-02 -1.218083645527669887e+02 2.531446841794562572e-02 -9.987850592482339085e-01 4.227981919567756069e-02 2.205787694980094216e+02 -4.455510617127983464e-02 4.112410446198166286e-02 9.981601327173240668e-01 -2.279823835448842484e+00
-9.984231252695485725e-01 -2.653552138002309574e-02 -4.946846502650182470e-02 -1.227323452808567623e+02 2.432354417933852569e-02 -9.987001324642184041e-01 4.479297505758373515e-02 2.205961881896124908e+02 -5.059276752208425459e-02 4.351909375255750417e-02 9.977707453886450750e-01 -2.288337730623017041e+00
-9.984727568242273144e-01 -2.638374926000846069e-02 -4.853917649499279313e-02 -1.236639745616710400e+02 2.416908712094453446e-02 -9.986645786378696155e-01 4.566086510115743846e-02 2.206125301039224951e+02 -4.967906105762518593e-02 4.441798227104544472e-02 9.977770461097017485e-01 -2.299701282378836531e+00
-9.987189636789080005e-01 -2.663474231139349724e-02 -4.302350625104949672e-02 -1.245879328886833548e+02 2.469627927704608206e-02 -9.986827689491337701e-01 4.497578008174440978e-02 2.206305004910769298e+02 -4.416475266542963657e-02 4.385564394803657950e-02 9.980611990834552527e-01 -2.335145928474430477e+00
-9.988065538556039069e-01 -2.675732124045395247e-02 -4.085968349275505285e-02 -1.255169126210494284e+02 2.499647768203380402e-02 -9.987617151758323430e-01 4.301409539350577182e-02 2.206563498616622212e+02 -4.196002953507722844e-02 4.194141222068208108e-02 9.982385856409029534e-01 -2.378581078902237245e+00
-9.986192514319234270e-01 -2.653828132367736306e-02 -4.533553014944279036e-02 -1.264480630496887699e+02 2.465858642168876000e-02 -9.988329385647412018e-01 4.152968761992893720e-02 2.206696919773983154e+02 -4.638474733390045290e-02 4.035443547505192241e-02 9.981081979185724151e-01 -2.390749425378515980e+00
-9.983310067098887242e-01 -2.606484196720998056e-02 -5.153469758177903898e-02 -1.273743399118107789e+02 2.399923481815567985e-02 -9.988992713118733935e-01 4.030238827603337126e-02 2.206768894080813936e+02 -5.252844724303277341e-02 3.899833055187744424e-02 9.978576513934251935e-01 -2.407949382289312545e+00
-9.982166651554442716e-01 -2.551668079425947061e-02 -5.396654896495529929e-02 -1.282989514416896100e+02 2.351384169477616082e-02 -9.990226626417106903e-01 3.742751363662012720e-02 2.206856594590642260e+02 -5.486883135894234098e-02 3.609180695823152596e-02 9.978410659096936808e-01 -2.447554009318816171e+00
-9.983566135674213360e-01 -2.521612390813561186e-02 -5.146085154018185254e-02 -1.292283578751631126e+02 2.351003931303592351e-02 -9.991623840677299473e-01 3.349340704661181445e-02 2.207014207506005903e+02 -5.226232101323658591e-02 3.222851779309858500e-02 9.981132062262122462e-01 -2.477003822727888327e+00
-9.986765946336166877e-01 -2.519145366067386191e-02 -4.483804181122182791e-02 -1.301531900688622443e+02 2.396116047150450082e-02 -9.993271794370550687e-01 2.776780919047939708e-02 2.207032081444820335e+02 -4.550738533316944084e-02 2.665668960771729393e-02 9.986082809486892531e-01 -2.475979734519166087e+00
-9.989608746348410673e-01 -2.499885632178531353e-02 -3.810811109720231571e-02 -1.310785416760328701e+02 2.418701998085370092e-02 -9.994736914320465626e-01 2.161777508543608409e-02 2.207146898440427663e+02 -3.862847412518080614e-02 2.067358986246587219e-02 9.990397608048233735e-01 -2.515030120382903966e+00
-9.987223561882683232e-01 -2.412984776830112005e-02 -4.440051459649051180e-02 -1.320167430329485683e+02 2.334554145029076044e-02 -9.995636112602579448e-01 1.809897065430834950e-02 2.207288698636293702e+02 -4.481786411853323771e-02 1.703929256252654373e-02 9.988498493591623228e-01 -2.564608658695949561e+00
-9.976038785082859128e-01 -2.365704696753441125e-02 -6.501419624976077782e-02 -1.329652174933251274e+02 2.276387805994159810e-02 -9.996365112327967317e-01 1.444476604157902272e-02 2.207428454150889365e+02 -6.533228482839588402e-02 1.293017939162933658e-02 9.977797868367557221e-01 -2.587959365705337689e+00
-9.965515906829773840e-01 -2.335125790170088436e-02 -7.962189310507997164e-02 -1.338747246286169741e+02 2.268533792948928055e-02 -9.996997875526980604e-01 9.257980887648415563e-03 2.207376430339283786e+02 -7.981417512104854728e-02 7.419806028424215383e-03 9.967821446676535802e-01 -2.630483994144775295e+00
-9.975298227001148099e-01 -2.265573386008629467e-02 -6.649037935775566066e-02 -1.347687055024051688e+02 2.246368381128470773e-02 -9.997410524003245147e-01 3.634701517068025280e-03 2.207325666649703351e+02 -6.655550866385100128e-02 2.132104301503711004e-03 9.977804459888676147e-01 -2.660990960456143029e+00
-9.989108460656133115e-01 -2.213154556305639911e-02 -4.107695586908936131e-02 -1.356679738516902489e+02 2.210752012562359689e-02 -9.997550589159842627e-01 1.039098547906649322e-03 2.207411496605189996e+02 -4.108989129184822259e-02 1.298571810597358217e-04 9.991554453490891774e-01 -2.679650081830794672e+00
-9.991119348164998470e-01 -2.212034596970971490e-02 -3.586128834008264765e-02 -1.365965239700012148e+02 2.210889655727325126e-02 -9.997553121963937972e-01 7.158408421024081269e-04 2.207650013948783396e+02 -3.586834816729077280e-02 -7.764838554782693995e-05 9.993565207524680583e-01 -2.719665817132888908e+00
-9.981517668408397270e-01 -2.256385269884569195e-02 -5.642626076477735148e-02 -1.375347435171830455e+02 2.237505505885425267e-02 -9.997417426605672564e-01 3.975536834861833312e-03 2.207943732881435608e+02 -5.650139169633875552e-02 2.705648424481017777e-03 9.983988542676619504e-01 -2.776989680157440077e+00
-9.965658634993204146e-01 -2.318626851350145263e-02 -7.949136217396997328e-02 -1.384387746233587109e+02 2.243525430538065996e-02 -9.996949493415390187e-01 1.032800199798897603e-02 2.208057561205243928e+02 -7.970658110913018957e-02 8.509125303894461007e-03 9.967820502569537666e-01 -2.827447734325871487e+00
-9.960288327734523328e-01 -2.306561489079158103e-02 -8.599152105681079350e-02 -1.393321868125170795e+02 2.172139272209941754e-02 -9.996273150201238078e-01 1.653517958386100176e-02 2.208115112785127678e+02 -8.634086739294763446e-02 1.460166002096682444e-02 9.961586450673735049e-01 -2.851157228644048747e+00
-9.967553606827366242e-01 -2.331316058356295434e-02 -7.704055746055295251e-02 -1.402241102832284980e+02 2.164283167051343076e-02 -9.995137746562330339e-01 2.244553652134409147e-02 2.208372153256828483e+02 -7.752637478632400103e-02 2.070533303412859863e-02 9.967752757750546477e-01 -2.876089019113351242e+00
-9.974661290050572671e-01 -2.337176515937091498e-02 -6.719436048511134851e-02 -1.411240348025172011e+02 2.149038824491648209e-02 -9.993602712429314749e-01 2.858691089184491746e-02 2.208646392508059364e+02 -6.781950088839222568e-02 2.707044245280711831e-02 9.973302895453735051e-01 -2.928400154080156970e+00
-9.975223754084523442e-01 -2.328821264898157939e-02 -6.638350481178222073e-02 -1.420228774609553852e+02 2.101245817285598422e-02 -9.991741958948521241e-01 3.477646991013799010e-02 2.208942784689769212e+02 -6.713856686744272551e-02 3.329542625485622936e-02 9.971879599300692565e-01 -2.973873500395532332e+00
-9.969917690331595583e-01 -2.463362575325935000e-02 -7.348875398576509843e-02 -1.429233455755460795e+02 2.181447488194473983e-02 -9.990041533879194802e-01 3.892081961253876510e-02 2.209235533623912886e+02 -7.437433136342772033e-02 3.720061821979761540e-02 9.965362877679406761e-01 -2.970003370332256587e+00
-9.960651814120116132e-01 -2.390244061988578556e-02 -8.533948506447416871e-02 -1.438326614234088083e+02 2.182904738565276392e-02 -9.994454072185292581e-01 2.514698152907196907e-02 2.209091744706980762e+02 -8.589323063485096443e-02 2.318515305537996105e-02 9.960345383614500614e-01 -3.029849093249357139e+00
-9.958817331839791009e-01 -2.270404858716754820e-02 -8.777300090703105129e-02 -1.447322580508744636e+02 2.149322714705806381e-02 -9.996606885573267043e-01 1.471560192098106921e-02 2.208937506684394236e+02 -8.807732226446887691e-02 1.276847410003836662e-02 9.960318023898019346e-01 -3.207864701231908811e+00
-9.966475032209196616e-01 -2.239280848949973257e-02 -7.869127303239778493e-02 -1.456086287844874221e+02 2.073255948785867470e-02 -9.995462138018518239e-01 2.185240150337785375e-02 2.209124475234869749e+02 -7.914490066068177732e-02 2.014766989840309497e-02 9.966594985736482171e-01 -3.270448133282934933e+00
-9.977041083560103107e-01 -2.270025885151146297e-02 -6.380603746992266623e-02 -1.464658442235046607e+02 2.094925610898261056e-02 -9.993889653455134692e-01 2.797900309347230510e-02 2.209471704874177362e+02 -6.440218038249212462e-02 2.657807731380608732e-02 9.975700301073013865e-01 -3.200988870438895351e+00
-9.982073663969923683e-01 -2.373266672979481781e-02 -5.494373668284249779e-02 -1.473485673980295019e+02 2.203255324161016229e-02 -9.992657745156590110e-01 3.134451274587281289e-02 2.209645977654449496e+02 -5.564728446597062839e-02 3.007777271529691460e-02 9.979973483532159628e-01 -3.197954781313929740e+00
-9.977268000835806117e-01 -2.461662366960550019e-02 -6.273160474664321584e-02 -1.482534263352487187e+02 2.281356806187613551e-02 -9.993103334480870625e-01 2.929843982467614932e-02 2.209749605832938641e+02 -6.340956952437223904e-02 2.780070687919720257e-02 9.976002943011548219e-01 -3.290112985229569631e+00
-9.967053620278139014e-01 -2.509055049456775793e-02 -7.712901905823071891e-02 -1.491529911564803115e+02 2.283303022064084309e-02 -9.992886731662100619e-01 3.001333724629459340e-02 2.209863540190496849e+02 -7.782720627099931621e-02 2.815336494268594683e-02 9.965692720561151186e-01 -3.412130875046130107e+00
-9.961286971868550388e-01 -2.506059812301409534e-02 -8.425903549492849698e-02 -1.500235408245966369e+02 2.204075806091564810e-02 -9.990875922422344235e-01 3.658125218899940800e-02 2.210167567956951586e+02 -8.509890495722621795e-02 3.458250206870194798e-02 9.957721762158998624e-01 -3.468137477816961578e+00
-9.964631764369931144e-01 -2.505857068322502046e-02 -8.020726924919338585e-02 -1.508886422980433508e+02 2.170319533893868419e-02 -9.988634435427448111e-01 4.243574514498588829e-02 2.210374451223672736e+02 -8.117948827862034311e-02 4.054490336952523005e-02 9.958744908338486024e-01 -3.434140523840720327e+00
-9.971432358760954351e-01 -2.527277847600241725e-02 -7.118043140254477763e-02 -1.517516681869192610e+02 2.239660417284276492e-02 -9.989114141102179989e-01 4.091917498984458390e-02 2.210450778439200121e+02 -7.213708663423050449e-02 3.920807861177884324e-02 9.966237842353041776e-01 -3.427694150334978929e+00
-9.975878736869652208e-01 -2.567166068241904728e-02 -6.449341137299213766e-02 -1.526151856592586000e+02 2.344074770255207343e-02 -9.991084018794051946e-01 3.511314057623013407e-02 2.210597568589516015e+02 -6.533732179898829595e-02 3.351666946144171710e-02 9.973001891348201031e-01 -3.521477636664561039e+00
-9.976509441026562008e-01 -2.537538454317504397e-02 -6.362926677532231012e-02 -1.534781329254153661e+02 2.346697482575653068e-02 -9.992573319587179093e-01 3.056281432186068459e-02 2.210720824021262843e+02 -6.435755451853693299e-02 2.899783416104065314e-02 9.975055041403843026e-01 -3.608356601072141956e+00
-9.971713385354579184e-01 -2.466857276217507972e-02 -7.099847266864800499e-02 -1.543432822656149028e+02 2.280433757439662840e-02 -9.993766526400695849e-01 2.694936633249463490e-02 2.210754191690921289e+02 -7.161901836241854613e-02 2.525406256045365297e-02 9.971123048749304107e-01 -3.647989817431662729e+00
-9.961462622192907013e-01 -2.440542052023358249e-02 -8.424369243906434934e-02 -1.552080021325558334e+02 2.250388702632438731e-02 -9.994717383566229518e-01 2.344822584115548517e-02 2.210819858600280270e+02 -8.477145353975909514e-02 2.146205199001169003e-02 9.961692531839830833e-01 -3.684824157050572868e+00
-9.949898663426801626e-01 -2.410953344295923770e-02 -9.702523523568397368e-02 -1.560545666174147925e+02 2.209591762161532483e-02 -9.995186961348190291e-01 2.177490531348401370e-02 2.210960286609988543e+02 -9.750351942281761108e-02 1.952194852250243445e-02 9.950436961390434210e-01 -3.739679258123076888e+00
-9.949340818512082407e-01 -2.468143301950776955e-02 -9.745255068492018891e-02 -1.568965981191717276e+02 2.270885867052916882e-02 -9.995152108223668286e-01 2.129908619170534090e-02 2.211128017080983170e+02 -9.793099871223269470e-02 1.897815056382766430e-02 9.950122357500943426e-01 -3.777559147542914886e+00
-9.963108555095558927e-01 -2.456214314191224393e-02 -8.222761286875469866e-02 -1.577225550907291733e+02 2.300608630167712623e-02 -9.995388731337755406e-01 1.981820091588812338e-02 2.211134531824702094e+02 -8.267647299502660363e-02 1.785335315112928506e-02 9.964165085918457176e-01 -3.826742356137565970e+00
-9.975812506922514533e-01 -2.311274134970557614e-02 -6.555493463185038672e-02 -1.585530084229970669e+02 2.190259252388966627e-02 -9.995772776897324796e-01 1.911916230165914415e-02 2.211272713298958195e+02 -6.596911935153462747e-02 1.763709481990562156e-02 9.976657797971706376e-01 -3.882636759595063491e+00
-9.976986183281952858e-01 -2.085997930821081175e-02 -6.451610844798032207e-02 -1.593841344980268673e+02 1.967390549856974646e-02 -9.996265595529394421e-01 1.896520178609848242e-02 2.211385198904025344e+02 -6.488762924043293967e-02 1.765227179756483425e-02 9.977364345717465444e-01 -3.929576997337071553e+00
-9.966364000515919308e-01 -1.987780649908161071e-02 -7.950320057072128577e-02 -1.602111869543580838e+02 1.828351238232601636e-02 -9.996178921738738676e-01 2.073120403707329196e-02 2.211540129398955514e+02 -7.988491263792306396e-02 1.920787480817442300e-02 9.966190136045894876e-01 -3.986913645394174477e+00
-9.951617320180892179e-01 -2.007992467204233397e-02 -9.617652391265747724e-02 -1.610297678447405474e+02 1.806024326176280601e-02 -9.995986791793651793e-01 2.182448616106123090e-02 2.211627012732943456e+02 -9.657616030927519690e-02 1.998192203051316757e-02 9.951250012193862959e-01 -4.032623604878886603e+00
-9.947699437205197448e-01 -2.012694178739888110e-02 -1.001382308839190161e-01 -1.618349693349188101e+02 1.799585539477027360e-02 -9.995929125748324040e-01 2.213951938897228480e-02 2.211661605778018043e+02 -1.005430666872904333e-01 2.022165533409218605e-02 9.947271869194408422e-01 -4.079595997848678657e+00
-9.957023063551841968e-01 -1.877742823411310963e-02 -9.068806596173847878e-02 -1.626345164714080340e+02 1.701127746109019900e-02 -9.996510471729389558e-01 2.020891697220258271e-02 2.211665057358162301e+02 -9.103589159287506227e-02 1.857934538567774380e-02 9.956742812621656169e-01 -4.103485024690503913e+00
-9.963618985937952033e-01 -1.716662725710802612e-02 -8.347618785727686785e-02 -1.634158638188481234e+02 1.610528418058791017e-02 -9.997808917991790612e-01 1.337117102952458531e-02 2.211634291515887014e+02 -8.368743544899895359e-02 1.197811762564588225e-02 9.964200609412255938e-01 -4.151836998921778488e+00
-9.962502307264127221e-01 -1.657344950506021639e-02 -8.491642096245256843e-02 -1.641806080104712180e+02 1.579156074577313731e-02 -9.998265777062316229e-01 9.871226947911301841e-03 2.211712683041897947e+02 -8.506529484332485402e-02 8.493249304467206245e-03 9.963391793608592506e-01 -4.255287865418571513e+00
-9.957222417503821532e-01 -1.724382138462193098e-02 -9.077371815481058426e-02 -1.649329167226696882e+02 1.629808262137241726e-02 -9.998050098369772876e-01 1.114965505067266188e-02 2.211830118075203586e+02 -9.094828083290332210e-02 9.622521963462974531e-03 9.958091269337724372e-01 -4.316834696508008662e+00
-9.955329235864474047e-01 -1.874667040633056295e-02 -9.253518468181255729e-02 -1.656810250444178223e+02 1.750523383890929471e-02 -9.997457977317218969e-01 1.420938795332913653e-02 2.211940034684987211e+02 -9.277804074060765072e-02 1.252606348537001375e-02 9.956080217082898809e-01 -4.317213025301706253e+00
-9.958586956195671913e-01 -1.918631701963429206e-02 -8.886699948865527110e-02 -1.664142521420691878e+02 1.793503887305617980e-02 -9.997287565812897903e-01 1.485757870753833323e-02 2.211942288573407325e+02 -8.912795711513042674e-02 1.320221586139328288e-02 9.959326828439925006e-01 -4.337942422450233870e+00
-9.962549578072690259e-01 -1.925465140543946435e-02 -8.429304504935124231e-02 -1.671397027419518508e+02 1.791999168019352273e-02 -9.997022473524601605e-01 1.656171901170358160e-02 2.212146738969746878e+02 -8.458683669826379259e-02 1.498916400923804362e-02 9.963033634489474322e-01 -4.415120783099365731e+00
-9.964067538034500071e-01 -1.938729347510415729e-02 -8.244824938457774588e-02 -1.678464797105531261e+02 1.766025195845688511e-02 -9.996101620140651622e-01 2.162497396481476847e-02 2.212306423195109915e+02 -8.283535764174111693e-02 2.009121325169987288e-02 9.963607010889377058e-01 -4.473623769440629339e+00
-9.962254733547104557e-01 -1.997071177111891388e-02 -8.447471166294391598e-02 -1.685376531437935625e+02 1.780517049511253641e-02 -9.994952099227407682e-01 2.631161806381448684e-02 2.212354301168925304e+02 -8.495753140730134823e-02 2.470821751666775826e-02 9.960781705490420190e-01 -4.498863722665923603e+00
-9.961029256670523857e-01 -2.076345271119442795e-02 -8.571954566520158247e-02 -1.692261863793930843e+02 1.844518184254546542e-02 -9.994447325064956811e-01 2.774890865988659944e-02 2.212477177491047655e+02 -8.624811154068255659e-02 2.605965649292582564e-02 9.959328077531820478e-01 -4.526328107794078903e+00
-9.962275114933554221e-01 -2.093117703421424128e-02 -8.421776042924945804e-02 -1.699065751938454127e+02 1.852795553628104261e-02 -9.994013625695934433e-01 2.921697037143854495e-02 2.212654306243276210e+02 -8.477889010479948417e-02 2.754636676591501812e-02 9.960189443331868286e-01 -4.577873075135015846e+00
-9.964118363485867658e-01 -2.085685456456587775e-02 -8.202709309800959581e-02 -1.705744714938989262e+02 1.821685444547012020e-02 -9.992958293073779252e-01 3.280231307380953448e-02 2.212796790488440308e+02 -8.265348509621081585e-02 3.119033739080434922e-02 9.960901386194415119e-01 -4.629027428977693148e+00
-9.965349645488965624e-01 -2.091196093712915927e-02 -8.050313236946025908e-02 -1.712511811659708201e+02 1.798646754585895430e-02 -9.991572538473967313e-01 3.689538005430886142e-02 2.212943792299144263e+02 -8.120684341083957147e-02 3.531956927673544216e-02 9.960712708483029365e-01 -4.658465404581325409e+00
-9.965844876433400668e-01 -2.145187188611226425e-02 -7.974444294898000440e-02 -1.719151527271679925e+02 1.825743674489838098e-02 -9.990097183325692409e-01 4.057399019799050321e-02 2.213067619820682523e+02 -8.053586152868383308e-02 3.897948011021211412e-02 9.959892444892014529e-01 -4.691989427134451773e+00
-9.966859001880159497e-01 -2.217271657691840744e-02 -7.826612936643710661e-02 -1.725818236675214052e+02 1.882173184181508072e-02 -9.988849622094673197e-01 4.329635876451830984e-02 2.213286031998857482e+02 -7.913885756617304590e-02 4.167976621084534122e-02 9.959918866696305662e-01 -4.731077079873736047e+00
-9.968058222168272309e-01 -2.231082835950096502e-02 -7.668363405935180177e-02 -1.732469055638968598e+02 1.895206919560461431e-02 -9.988406037329644604e-01 4.425231527923124270e-02 2.213371082595504902e+02 -7.758203315098610720e-02 4.265765197804909786e-02 9.960729656304697643e-01 -4.767010755559084600e+00
-9.969016484349648710e-01 -2.212493100619243938e-02 -7.548238718814496984e-02 -1.739033776034265770e+02 1.869443390399987484e-02 -9.987731476629964078e-01 4.585539933704021326e-02 2.213439389683293541e+02 -7.640432899161399283e-02 4.430222269053408352e-02 9.960922103781454373e-01 -4.811590453877661488e+00
-9.969270005392674161e-01 -2.168666764414465403e-02 -7.527445810015642724e-02 -1.745387995225738962e+02 1.827155813022078579e-02 -9.987851340903179942e-01 4.576468161890553249e-02 2.213399206986956926e+02 -7.617549316725005792e-02 4.424866514007214785e-02 9.961121171203811686e-01 -4.851913751915684969e+00
-9.974034953166492912e-01 -2.040924655455140027e-02 -6.906323323742485920e-02 -1.751652274473699720e+02 1.765971916030973851e-02 -9.990359529221508605e-01 4.019078362149299671e-02 2.213481310726492097e+02 -6.981691664138717224e-02 3.886679076031634289e-02 9.968023729539789990e-01 -4.874366470795020057e+00
-9.982598045076078730e-01 -1.823553815830553093e-02 -5.607876471990685258e-02 -1.757785479522168259e+02 1.641249836847574750e-02 -9.993271988148744178e-01 3.279907934869802366e-02 2.213583363334391834e+02 -5.663914372356337185e-02 3.182160990418918256e-02 9.978874648683423443e-01 -4.892827695839439883e+00
-9.986948153138484052e-01 -1.533686305715515827e-02 -4.871803051033207071e-02 -1.764026961329662697e+02 1.380331349133435970e-02 -9.994033770147996432e-01 3.166004655832620890e-02 2.213623515428682538e+02 -4.917453001198409529e-02 3.094625410258090500e-02 9.983106705605820919e-01 -4.921561489905751152e+00
-9.985253528323576599e-01 -1.155918057804753742e-02 -5.304248387264237641e-02 -1.770388435740888440e+02 9.668384150682477265e-03 -9.993134220166104420e-01 3.576600236770028501e-02 2.213559799324717687e+02 -5.341949175095425661e-02 3.520042502322378447e-02 9.979515459075426476e-01 -4.946512185224387181e+00
-9.978740389960412127e-01 -7.883084517103572039e-03 -6.469357986866619559e-02 -1.776513279491221624e+02 5.616480105539816553e-03 -9.993664984313002098e-01 3.514337724787187228e-02 2.213386881418956307e+02 -6.492963459739600762e-02 3.470531359400696320e-02 9.972861594143329622e-01 -4.955793988489539004e+00
-9.971566763752568452e-01 -4.088384452241914518e-03 -7.524525149683905512e-02 -1.782544292092880482e+02 2.148351653224864558e-03 -9.996636356609034380e-01 2.584569833452368681e-02 2.213203474139102411e+02 -7.532560882877734065e-02 2.561055738940058724e-02 9.968300517163285468e-01 -4.972692450322907298e+00
-9.970696910313765482e-01 8.229539731099040373e-04 -7.649414339250815154e-02 -1.788604859742314375e+02 -2.128957986518910731e-03 -9.998533372739595304e-01 1.699327749485852329e-02 2.212995235182195302e+02 -7.646893986768152351e-02 1.710633475890643157e-02 9.969252101068710736e-01 -5.046517076407003088e+00
-9.975886108311671219e-01 7.497925070926131190e-03 -6.899814968224136924e-02 -1.794542101166111934e+02 -8.570176471540083551e-03 -9.998468699296072515e-01 1.525741679360362139e-02 2.212937571075837013e+02 -6.887318502282922805e-02 1.581195154298970298e-02 9.975001085579957572e-01 -5.098580639689055616e+00
-9.980032812743548920e-01 1.497676005527922780e-02 -6.136079549572796138e-02 -1.800344924601410241e+02 -1.616423059080644015e-02 -9.996906724685050705e-01 1.890177316751609840e-02 2.212824078655708604e+02 -6.105872759097747543e-02 1.985588169071287809e-02 9.979366591859701874e-01 -5.071482337495514692e+00
-9.979855723063351114e-01 2.321331688235396193e-02 -5.904184437936331464e-02 -1.805992367952317181e+02 -2.442759014634672890e-02 -9.995029542740490047e-01 1.992830241369030961e-02 2.212604694949551458e+02 -5.854989588410589030e-02 2.133040826540390580e-02 9.980565732337979279e-01 -5.046701793610563591e+00
-9.977102825934947017e-01 3.273839731499091077e-02 -5.918098806589588284e-02 -1.811774758855743244e+02 -3.367880241093791638e-02 -9.993206915817847147e-01 1.496307604302536676e-02 2.212248867196555011e+02 -5.865091879395340629e-02 1.692195963091016470e-02 9.981351196140104687e-01 -5.076651650760866552e+00
-9.973580634864758210e-01 4.369350347477495011e-02 -5.803249910703281444e-02 -1.817709351155610022e+02 -4.429017181922535740e-02 -9.989778532596316207e-01 9.034897730596114923e-03 2.211796229083436174e+02 -5.757841504184905979e-02 1.158129746093521789e-02 9.982738099691836897e-01 -5.161533625587127361e+00
-9.968452222254740036e-01 5.633147712496123366e-02 -5.591393038559840101e-02 -1.823670049359912468e+02 -5.688965968737295237e-02 -9.983447913534828633e-01 8.440627821783794685e-03 2.211336265040013416e+02 -5.534590813150026822e-02 1.159492398814873822e-02 9.983999139577329762e-01 -5.218765988158653890e+00
-9.960681310293699742e-01 7.036958993797096107e-02 -5.381820472312362491e-02 -1.829437087577289560e+02 -7.111510464638898243e-02 -9.973951723965757132e-01 1.206283429125454276e-02 2.210885299889471298e+02 -5.282916087532880944e-02 1.584269206817262576e-02 9.984778860191354521e-01 -5.199528810434074444e+00
-9.949946533124205406e-01 8.626529447386144245e-02 -5.043747464965248756e-02 -1.835071696739882157e+02 -8.695169925058626736e-02 -9.961453056880351653e-01 1.157289735230384448e-02 2.210195901238774923e+02 -4.924471420499832580e-02 1.590059511557144478e-02 9.986601670227158722e-01 -5.154952114430056298e+00
-9.935917777057434730e-01 1.033995607989130899e-01 -4.564986420717041804e-02 -1.840723806853334281e+02 -1.038482595877525255e-01 -9.945643962546417693e-01 7.563113329528395670e-03 2.209249272865167768e+02 -4.461970703776517444e-02 1.225530616640800423e-02 9.989288709485933948e-01 -5.183285861190988442e+00
-9.917149315575519708e-01 1.212207923861544773e-01 -4.250898750939775816e-02 -1.846380405201751671e+02 -1.214925331306099116e-01 -9.925848443848601654e-01 3.858897639459661459e-03 2.208314540173394391e+02 -4.172599812238114714e-02 8.991450981738521864e-03 9.990886321492873368e-01 -5.251961098538464157e+00
-9.892558799583128781e-01 1.399526216580433968e-01 -4.226189369805578855e-02 -1.852138512100116259e+02 -1.402535220943735284e-01 -9.901066048396094388e-01 4.226179492818375565e-03 2.207482941802105358e+02 -4.125231518385709395e-02 1.010815235456014732e-02 9.990976287370262332e-01 -5.302934103201444316e+00
-9.862223053935850192e-01 1.596176648700014522e-01 -4.344842236043430089e-02 -1.857892400150031449e+02 -1.601072474867303308e-01 -9.870671312666476904e-01 8.009224385275480473e-03 2.206580380487161506e+02 -4.160809592357801040e-02 1.485528304943094235e-02 9.990235667486205839e-01 -5.275694412616365625e+00
-9.824810627883342473e-01 1.808254225164954154e-01 -4.509021882888059052e-02 -1.863640244293501667e+02 -1.815233074480846476e-01 -9.833151024810213858e-01 1.186162239522118786e-02 2.205466182553542183e+02 -4.219301026726539339e-02 1.983874503262712460e-02 9.989124957072650357e-01 -5.246137681750862924e+00
-9.778058249861349971e-01 2.040422872705691115e-01 -4.756588723633267679e-02 -1.869264020088229472e+02 -2.049294325470932820e-01 -9.786688218160912722e-01 1.453495376776327633e-02 2.203978824964592604e+02 -4.358550560807233909e-02 2.396001273996377703e-02 9.987623448500596579e-01 -5.262256800191392969e+00
-9.721899759705801003e-01 2.290552452046521470e-01 -4.878878217950868151e-02 -1.874881202857073674e+02 -2.298394753115923228e-01 -9.731658734096761965e-01 1.104528946084486901e-02 2.202463196654532283e+02 -4.494959633650583847e-02 2.195170779275671530e-02 9.987480444607471641e-01 -5.273761028285128383e+00
-9.657881207641558774e-01 2.549295537886283047e-01 -4.758390900263959056e-02 -1.880418785678209588e+02 -2.554976782294852700e-01 -9.667900239237965376e-01 6.163283278230407766e-03 2.200755155958536591e+02 -4.443244546705749087e-02 1.811000404627680777e-02 9.988482294839695630e-01 -5.328154714567515882e+00
-9.586128843210006689e-01 2.808618315228804674e-01 -4.666872193863274426e-02 -1.885913139600642694e+02 -2.814936007037706078e-01 -9.595343265421170109e-01 7.431618275491313867e-03 2.198953188268331189e+02 -4.269298275593388231e-02 2.026099160899017329e-02 9.988827766271786146e-01 -5.384673045819033277e+00
-9.506008295943746411e-01 3.064403301538140556e-01 -4.952157943471691137e-02 -1.891387979555178731e+02 -3.075006507097063913e-01 -9.514256690176654541e-01 1.524946383961053517e-02 2.197042880676579273e+02 -4.244305111080808046e-02 2.972407087715104798e-02 9.986566311915699989e-01 -5.390279998580582266e+00
-9.416069783295770712e-01 3.324187258590410310e-01 -5.361053123496424544e-02 -1.896881112121599813e+02 -3.338836788154082025e-01 -9.423820103163476070e-01 2.092452276178943110e-02 2.195196733194094350e+02 -4.356589700365040563e-02 3.760235804269521087e-02 9.983426642630757186e-01 -5.304692106371298621e+00
-9.317032562738638557e-01 3.592526133305773972e-01 -5.354065804441890397e-02 -1.902238740971307323e+02 -3.604573481585958139e-01 -9.326625570441233748e-01 1.452772681426810035e-02 2.192827264966676353e+02 -4.471624321375423927e-02 3.283465399646814248e-02 9.984599857229035091e-01 -5.267356947526319111e+00
-9.212926123475868589e-01 3.859317649391261762e-01 -4.771367984897201264e-02 -1.907397396426021317e+02 -3.864729608741974687e-01 -9.222978216495942849e-01 2.319201057370207444e-03 2.190134239600886019e+02 -4.311116963027344928e-02 2.057670992613962191e-02 9.988583613614721024e-01 -5.360269899097861668e+00
-9.094847073406520099e-01 4.135805481891924873e-01 -4.229299319054312389e-02 -1.912576451850572425e+02 -4.138454819481717784e-01 -9.103431447915368846e-01 -2.697369485277093491e-03 2.187390867108536270e+02 -3.961671597411578483e-02 1.504954785306421988e-02 9.991016099100453740e-01 -5.493945851855996487e+00
-8.962918782500213233e-01 4.414110060629382604e-01 -4.262854336654956638e-02 -1.917662684359414413e+02 -4.419419469473233608e-01 -8.970370285012152500e-01 3.447466623337365824e-03 2.184835480223628679e+02 -3.671763216028906679e-02 2.192927778597662802e-02 9.990850425586037531e-01 -5.507927290691648992e+00
-8.820994047456873766e-01 4.689893003425389950e-01 -4.415513912921160966e-02 -1.922579803114369099e+02 -4.697732278366376080e-01 -8.827430204674655556e-01 8.824637325266660587e-03 2.182137711698108262e+02 -3.483898039912795841e-02 2.852710956601984746e-02 9.989857103405220817e-01 -5.367926779277255811e+00
-8.673632229274665928e-01 4.961222122484960639e-01 -3.929109347595878543e-02 -1.927252501824223430e+02 -4.967102444087725388e-01 -8.678936909241172781e-01 6.282861886957997327e-03 2.179034573005844209e+02 -3.098342479868500254e-02 2.496581197901144578e-02 9.992080542209279548e-01 -5.303174490026105303e+00
-8.516745499512443640e-01 5.231671820974314047e-01 -3.076622403835337430e-02 -1.932083746174062355e+02 -5.234504489520067638e-01 -8.520550132732973569e-01 1.371804571923044419e-03 2.175713921266370505e+02 -2.549683229908707507e-02 1.727292482684771383e-02 9.995256663090940075e-01 -5.397953960796300521e+00
-8.338812165904689877e-01 5.513343082369155379e-01 -2.593447856660324041e-02 -1.936963687106621137e+02 -5.515075882950946085e-01 -8.341696862010181679e-01 -5.609600909017645187e-04 2.172225237920908114e+02 -2.194303239135629580e-02 1.383528764489831177e-02 9.996634874522800640e-01 -5.519150492364735427e+00
-8.140107077556053561e-01 5.801458519480794385e-01 -2.858947580239797406e-02 -1.941649988147383397e+02 -5.803815465820295616e-01 -8.143446788665344993e-01 -6.624811497604396471e-05 2.168760387723362442e+02 -2.332012106036905966e-02 1.653887750720612129e-02 9.995912351979340249e-01 -5.531036073954513910e+00
-7.922391808977402583e-01 6.090415711450114511e-01 -3.775506413309022424e-02 -1.946057767044567584e+02 -6.094381257994125889e-01 -7.928326448489808609e-01 -1.252231555770604368e-03 2.165118299348253572e+02 -3.069610842724470809e-02 2.201730862266912392e-02 9.992862387966907622e-01 -5.441339748746481852e+00
-7.690038341363509833e-01 6.376450473031485267e-01 -4.518735147534885810e-02 -1.950271274296324862e+02 -6.380776325843691144e-01 -7.699488622483363631e-01 -5.973635243205554363e-03 2.161124378678123321e+02 -3.860100878368610822e-02 2.423928984639129106e-02 9.989606693702332008e-01 -5.395658579486267037e+00
-7.444166135146481622e-01 6.662233731017839222e-01 -4.461303235898619185e-02 -1.954344063844807238e+02 -6.665611942626621378e-01 -7.453961033604623587e-01 -8.990183433738602875e-03 2.157011708625567223e+02 -3.924385081151163940e-02 2.304487422226544555e-02 9.989638902110344887e-01 -5.403095288133975771e+00
-7.177057493025684742e-01 6.953735781834881058e-01 -3.679733933766359683e-02 -1.958402773149860820e+02 -6.955258134537319892e-01 -7.184231062995867223e-01 -1.058693319035807628e-02 2.152786383128982948e+02 -3.379793244509308320e-02 1.799519655755930925e-02 9.992666674433264840e-01 -5.476163096685704446e+00
-6.876435836353202991e-01 7.251717130847423753e-01 -3.566915231560811167e-02 -1.962420529303408330e+02 -7.255404654909973772e-01 -6.881701128501855891e-01 -3.595652217544310220e-03 2.148431630267241985e+02 -2.715390985255605044e-02 2.340688619835714149e-02 9.993571848234326094e-01 -5.595724604050748674e+00
-6.545141691708273868e-01 7.545697873083045959e-01 -4.728253838492290501e-02 -1.966191701191376637e+02 -7.556713321513044423e-01 -6.548844273264042837e-01 9.339411653893122528e-03 2.144176114115542759e+02 -2.391736020748611719e-02 4.184283602802207902e-02 9.988378932308472624e-01 -5.561459884195265602e+00
-6.191459371879310947e-01 7.831472528931114896e-01 -5.778138757118869706e-02 -1.969484790488648400e+02 -7.848359963579848442e-01 -6.195843372219749234e-01 1.215351348276479462e-02 2.139722498878554973e+02 -2.628245202503436129e-02 5.287371138079331734e-02 9.982552796556461994e-01 -5.373631072287949451e+00
-5.825626879187915108e-01 8.107807725999782722e-01 -5.705482825330961127e-02 -1.972417843530598986e+02 -8.120953365902585652e-01 -5.835247231158706693e-01 -2.485978693019287589e-04 2.134712878593746552e+02 -3.349446123147538368e-02 4.618913611151945209e-02 9.983710155909398809e-01 -5.320454396844981559e+00
-5.443276463103290386e-01 8.375883343268262227e-01 -4.640253939032167041e-02 -1.975230953783092218e+02 -8.380431339286169568e-01 -5.454161922889468883e-01 -1.431372991672186408e-02 2.129220634140101538e+02 -3.729770954575824249e-02 3.109597061742030988e-02 9.988202648494877156e-01 -5.477735597210124041e+00
-5.022464683092591198e-01 8.638057556054302699e-01 -3.985099313452245690e-02 -1.977960382231503047e+02 -8.641501456055137309e-01 -5.030590147823690295e-01 -1.327228300486667928e-02 2.123871748738604310e+02 -3.151207579397980602e-02 2.777128425412661583e-02 9.991174830068939583e-01 -5.683829619259912924e+00
-4.562846248920164882e-01 8.887644652374725451e-01 -4.361268643756327501e-02 -1.980490067885429823e+02 -8.894111939225578523e-01 -4.570302801005765581e-01 -8.429187175449473837e-03 2.118837092149143473e+02 -2.742388033087307664e-02 3.494350300610873927e-02 9.990129540627888938e-01 -5.634839466514437234e+00
-4.103981167864869661e-01 9.102655547123355007e-01 -5.468094405137566283e-02 -1.982641914451256753e+02 -9.114020903915600602e-01 -4.114271213443068120e-01 -8.599619307395209300e-03 2.113713957522045064e+02 -3.032516064260757857e-02 4.630705914417201224e-02 9.984668451708440529e-01 -5.487920556045274623e+00
-3.661253182437211873e-01 9.286883769083413842e-01 -5.907749094439034010e-02 -1.984628191805882977e+02 -9.299715600360201062e-01 -3.674214982928447615e-01 -1.242336976880029781e-02 2.108199097544490144e+02 -3.324377934448916050e-02 5.039187620630709158e-02 9.981760916528220617e-01 -5.392579516856569555e+00
-3.210999630730801968e-01 9.454951918037100000e-01 -5.416323467567608907e-02 -1.986263563479632523e+02 -9.465623834665295444e-01 -3.222371158035077787e-01 -1.352388275605681187e-02 2.102202262715243819e+02 -3.024017064484722794e-02 4.692636225729042432e-02 9.984405082951453014e-01 -5.457398053730774024e+00
-2.740461672119181014e-01 9.605918820700647398e-01 -4.649660565620503117e-02 -1.987607523430222045e+02 -9.614248952007902194e-01 -2.748332610011221533e-01 -1.135119093482256890e-02 2.096122223112077165e+02 -2.368267562179590668e-02 4.159224385123060086e-02 9.988539513496518252e-01 -5.575372474292916714e+00
-2.269716276252791154e-01 9.730698412383358420e-01 -4.023635576853645118e-02 -1.988659996073509433e+02 -9.737094613370889107e-01 -2.275532893695084713e-01 -1.045874752317933927e-02 2.090379357131755000e+02 -1.933300689930420729e-02 3.680468135329122148e-02 9.991354514152294142e-01 -5.597677011791102331e+00
-1.828206073043674440e-01 9.824692780908383938e-01 -3.647935241378235521e-02 -1.989421978938703717e+02 -9.829319818328978720e-01 -1.834295829087815299e-01 -1.408215906607112981e-02 2.084517080710211019e+02 -2.052668104964581325e-02 3.328221329144396418e-02 9.992351823487346518e-01 -5.556623240716403345e+00
-1.435467361748488102e-01 9.890203454984556330e-01 -3.511539154934957552e-02 -1.989986108798247244e+02 -9.893145426454617031e-01 -1.443235104088422815e-01 -2.067510709694134891e-02 2.078314971413641956e+02 -2.551607814201762095e-02 3.177232338662970557e-02 9.991693796463470001e-01 -5.535338332401951611e+00
-1.085064715179795414e-01 9.934487556086472049e-01 -3.585966561959551269e-02 -1.990468076542459812e+02 -9.936261939066169946e-01 -1.094932163608948184e-01 -2.679967077404389261e-02 2.071718029019548624e+02 -3.055048970751102558e-02 3.272316535082762240e-02 9.989974284391595072e-01 -5.557479362590657779e+00
-7.871227445291562042e-02 9.961390425057677911e-01 -3.887654622187911718e-02 -1.990900755608985833e+02 -9.963779525088493072e-01 -7.987014326662134067e-02 -2.918451590901251572e-02 2.065291634973108330e+02 -3.217691105005095892e-02 3.643855389916587223e-02 9.988177402234177382e-01 -5.585054307881353708e+00
-5.395591686501388651e-02 9.977112976688827795e-01 -4.075445422441986709e-02 -1.991211316654387531e+02 -9.980774200818279818e-01 -5.513242698713027856e-02 -2.831746841282752752e-02 2.058844225663587508e+02 -3.049955012878789729e-02 3.914820555764176452e-02 9.987678386109347661e-01 -5.557561607687708793e+00
-3.471026456099601809e-02 9.986189383919203966e-01 -3.943872993771482816e-02 -1.991366637361657013e+02 -9.990101245838476363e-01 -3.576830679359543907e-02 -2.644615677342850718e-02 2.052398346561094513e+02 -2.782028959358938749e-02 3.848173741027793165e-02 9.988719574464062223e-01 -5.534184043859696089e+00
-2.045976962909223928e-02 9.991836224429704316e-01 -3.483513267475951691e-02 -1.991243729827823188e+02 -9.995540808646194986e-01 -2.120046925811336358e-02 -2.102806529667990490e-02 2.045782733819103782e+02 -2.174941961547748395e-02 3.438936965080073571e-02 9.991718240630139691e-01 -5.557161662135453817e+00
-1.015294963702961795e-02 9.994958032462272213e-01 -3.008416372191137847e-02 -1.991109568342684497e+02 -9.998528659932549578e-01 -1.056337621174607833e-02 -1.351523022678160872e-02 2.039041783649775823e+02 -1.382620623098509624e-02 2.994251786653802372e-02 9.994559928506459023e-01 -5.602495441736253134e+00
-2.957139913750461702e-03 9.995857154490082053e-01 -2.862957900187835733e-02 -1.991172399551964816e+02 -9.999295356354793718e-01 -3.284887132129599152e-03 -1.140759748342069259e-02 2.032142407718020820e+02 -1.149691642768093866e-02 2.859382777494927363e-02 9.995249941476358480e-01 -5.633003067738558300e+00
1.349165797233098374e-03 9.993304630575425840e-01 -3.656234889676947264e-02 -1.991288712306061086e+02 -9.998956908122222931e-01 8.223531453762644716e-04 -1.441982074968530848e-02 2.025242675629902749e+02 -1.438009898437217840e-02 3.657798983681050803e-02 9.992273331993565266e-01 -5.646082349919081089e+00
3.438396657504561027e-03 9.988970230994478339e-01 -4.682856683144105692e-02 -1.991269652651281490e+02 -9.998446409588250816e-01 2.624534188600979867e-03 -1.743002484826116846e-02 2.018268688709309231e+02 -1.728789675882518376e-02 4.688122292937700608e-02 9.987508596052883103e-01 -5.566751427040211198e+00
3.434298318264472627e-03 9.988345244883372054e-01 -4.814351758251988328e-02 -1.991127993406354335e+02 -9.998452324483384501e-01 2.599104589752987415e-03 -1.739987947255612621e-02 2.011189064396182573e+02 -1.725447030160940504e-02 4.819582290498586330e-02 9.986888634149887478e-01 -5.498721019889387662e+00
1.220815354463833380e-03 9.991521222234019950e-01 -4.115271882078315457e-02 -1.990913277914270907e+02 -9.999293088622737136e-01 7.329663249390216961e-04 -1.186760458484690389e-02 2.003970676464443272e+02 -1.182737874958263505e-02 4.116429784216706772e-02 9.990823858396640222e-01 -5.537607090857103564e+00
-1.761058662253622842e-03 9.993338014308023043e-01 -3.645342220217440837e-02 -1.991022526649280451e+02 -9.999666330854054541e-01 -2.050619427519606575e-03 -7.907444328073389220e-03 1.996556861821140103e+02 -7.976928495743372885e-03 3.643828039061886709e-02 9.993040680063043357e-01 -5.651975001205570948e+00
-4.784855061559678546e-03 9.991782256304511112e-01 -4.024895760169500125e-02 -1.991278304982860448e+02 -9.999001694663263162e-01 -5.315676148022641101e-03 -1.309177941691247807e-02 1.989024988814747701e+02 -1.329497135204197635e-02 4.018229725976997513e-02 9.991039118748739067e-01 -5.675803241346630834e+00
-7.545504444691264467e-03 9.987973143263096931e-01 -4.844574550181305478e-02 -1.991395994781697993e+02 -9.997103570412823048e-01 -8.641877589229629564e-03 -2.246152212395632203e-02 1.981511895502365803e+02 -2.285317017543419399e-02 4.826223001772777382e-02 9.985732270427886137e-01 -5.589785607242195198e+00
-1.089611051808492270e-02 9.985618513994126699e-01 -5.249289195076982384e-02 -1.991142416684853913e+02 -9.996117578068993703e-01 -1.222378858483219588e-02 -2.503822371563362709e-02 1.974125450429446857e+02 -2.564387704264844969e-02 5.219969274249457863e-02 9.983073593076486896e-01 -5.525600786555608934e+00
-1.455884901312032298e-02 9.986824715038663536e-01 -4.920732695790840105e-02 -1.991005080626405004e+02 -9.996951545475459833e-01 -1.551976094106599646e-02 -1.920247365550933893e-02 1.966572231345153057e+02 -1.994085980020756169e-02 4.891276041342887404e-02 9.986039775502433269e-01 -5.550074817998542187e+00
-1.717890105977804005e-02 9.989767981148794940e-01 -4.183589590915410411e-02 -1.991253594089679666e+02 -9.997783039082096535e-01 -1.767208246527163240e-02 -1.144729381838099566e-02 1.958715157877989270e+02 -1.217490832828158238e-02 4.162996912662632332e-02 9.990589158191393038e-01 -5.614879733175010657e+00
-1.865866462459853103e-02 9.990689927863650732e-01 -3.889732493713527611e-02 -1.991505212473760764e+02 -9.997789102700470609e-01 -1.902088700855952830e-02 -8.963059558283071465e-03 1.950810454179835460e+02 -9.694576507742530200e-03 3.872148641576071693e-02 9.992030132441002133e-01 -5.649657424026793606e+00
-1.896237132171285644e-02 9.989274949389167491e-01 -4.224083721848042455e-02 -1.991568187705406388e+02 -9.997018138615100247e-01 -1.959332499750887635e-02 -1.457343396556776312e-02 1.942849609883356834e+02 -1.538544233567087742e-02 4.195189472005610848e-02 9.990011645105990601e-01 -5.638409062782819170e+00
-1.968035827793412906e-02 9.988116056110359908e-01 -4.458766639729368902e-02 -1.991578838991838438e+02 -9.995702964468374807e-01 -2.062510758513824705e-02 -2.082852367026110513e-02 1.934867258253507316e+02 -2.172339658601540185e-02 4.415859411038438459e-02 9.987883222219615664e-01 -5.577155931147730783e+00
-2.070149490818384841e-02 9.988541315486163530e-01 -4.314941479123089729e-02 -1.991608499858426171e+02 -9.995006071767422728e-01 -2.170691395226809206e-02 -2.296401837641595667e-02 1.926746238528327240e+02 -2.387434526620539621e-02 4.265247677366557078e-02 9.988046765324949394e-01 -5.566735094863113353e+00
-2.102581543399995034e-02 9.989601920554737058e-01 -4.045305642132061841e-02 -1.991749384928516236e+02 -9.995320819767993248e-01 -2.190249554286261002e-02 -2.135176311501608276e-02 1.918319799290397327e+02 -2.221558427006259384e-02 3.998518947668071311e-02 9.989532784059791393e-01 -5.621046289610913682e+00
-2.174690607112395035e-02 9.990461084844788342e-01 -3.786746886646853716e-02 -1.991942063797447133e+02 -9.995793966293202715e-01 -2.245416756904372590e-02 -1.835320661208383886e-02 1.910015430433064409e+02 -1.918598213535718799e-02 3.745241622112726460e-02 9.991142149968146313e-01 -5.648467762763363709e+00
-2.291839952912955169e-02 9.990670232748501967e-01 -3.660368789826527053e-02 -1.992080895277738932e+02 -9.995975985083611626e-01 -2.351198027418210934e-02 -1.586908440661500413e-02 1.901837346836960592e+02 -1.671490410804051668e-02 3.622526450306323698e-02 9.992038541720813516e-01 -5.639875968921001181e+00
-2.324306220432248438e-02 9.990850976921020754e-01 -3.589885275226625816e-02 -1.992165256955038899e+02 -9.996057777503074560e-01 -2.379088702497611507e-02 -1.490915097407226504e-02 1.893453250993763390e+02 -1.574957610759269988e-02 3.553816630226888651e-02 9.992442091842731466e-01 -5.624566807322675999e+00
-2.376812113948689742e-02 9.990227342042651282e-01 -3.726463417951821067e-02 -1.992233602805854105e+02 -9.995687857338783067e-01 -2.439098515099424880e-02 -1.634999785518233967e-02 1.884884804866613592e+02 -1.724294070044797567e-02 3.685995640798586659e-02 9.991716692388762366e-01 -5.628102976413940084e+00
-2.532291485555804300e-02 9.988944360196962968e-01 -3.960625799178150303e-02 -1.992445433882904240e+02 -9.994617601957476172e-01 -2.612405299822628812e-02 -1.984247367049614408e-02 1.876218908669355585e+02 -2.085521252916462676e-02 3.908247105595120258e-02 9.990183284437398337e-01 -5.629958683774887618e+00
-2.655963545704254081e-02 9.988541178839250856e-01 -3.981252253644943645e-02 -1.992680637982864766e+02 -9.993802379596917751e-01 -2.745189341360498858e-02 -2.203482524637444609e-02 1.867346626945693515e+02 -2.310250505939113325e-02 3.920261132034907892e-02 9.989641782995256625e-01 -5.626850131564637536e+00
-2.740570073756587455e-02 9.988664279725079087e-01 -3.892025997505607626e-02 -1.992798051367110475e+02 -9.993774560596999645e-01 -2.824352556581199991e-02 -2.114245925279457927e-02 1.858575173544120389e+02 -2.221773811002674889e-02 3.831660649191544199e-02 9.990186233400346616e-01 -5.643913349021921988e+00
-2.764187639572246447e-02 9.989076839948566322e-01 -3.767446781781304266e-02 -1.993022797370243495e+02 -9.994030675213266823e-01 -2.839761952727615224e-02 -1.967444622211183408e-02 1.849693854944788995e+02 -2.072282071259395203e-02 3.710814009372995215e-02 9.990963670439892974e-01 -5.658952646961330935e+00
-2.786095455342718630e-02 9.989492048264504431e-01 -3.639029249641377584e-02 -1.993165173716158733e+02 -9.994095488481623546e-01 -2.856914770504892509e-02 -1.908815000255296296e-02 1.840708836301209601e+02 -2.010773190801826149e-02 3.583699172656343301e-02 9.991553378436736077e-01 -5.665373700493836040e+00
-2.849648956651540388e-02 9.989389489724942450e-01 -3.617908661249250035e-02 -1.993334909395856016e+02 -9.993984768414430064e-01 -2.918789299445068153e-02 -1.872835789781397697e-02 1.831726819552865493e+02 -1.976447746310539336e-02 3.562363159860661849e-02 9.991698165488873684e-01 -5.678695325799648863e+00
-2.985369061926101963e-02 9.987933018776538052e-01 -3.899611879076500531e-02 -1.993528801040502572e+02 -9.993445321131408932e-01 -3.062389643388896410e-02 -1.930500201434772259e-02 1.822685020189072134e+02 -2.047591980783713267e-02 3.839423252964496713e-02 9.990528612723565960e-01 -5.684997432691812236e+00
-3.109702517441914615e-02 9.986496279249890140e-01 -4.161605063654121028e-02 -1.993787890831582388e+02 -9.992531320865658540e-01 -3.201739028350880645e-02 -2.163480378053062730e-02 1.813321344932508907e+02 -2.293802608094544157e-02 4.091219090583015500e-02 9.988994141527938186e-01 -5.674843481548909274e+00
-3.206191825440574128e-02 9.984377938624028337e-01 -4.576030140881797575e-02 -1.994118071701194310e+02 -9.990993185014479527e-01 -3.328914522265913334e-02 -2.631320163505386153e-02 1.803764411954749107e+02 -2.779541630899053789e-02 4.487543423213609384e-02 9.986058332669037751e-01 -5.683234860693241686e+00
-3.320589329135326118e-02 9.983828804635168641e-01 -4.614100831250328438e-02 -1.994385504214925220e+02 -9.990018011060224357e-01 -3.453584228573669535e-02 -2.833155457326727578e-02 1.794484843410268411e+02 -2.987925764885338009e-02 4.515417583110066524e-02 9.985330892701390626e-01 -5.662568566534210923e+00
-3.394715069668174934e-02 9.984548635236050185e-01 -4.399405034361457412e-02 -1.994554228144824890e+02 -9.991143014859005245e-01 -3.499886506469862546e-02 -2.336005159507230367e-02 1.785280843632986887e+02 -2.486369895888800030e-02 4.316207768681583345e-02 9.987586452811505477e-01 -5.692349386464659489e+00
-3.491921801517494650e-02 9.983936896278327033e-01 -4.461713487586954630e-02 -1.994821462116269402e+02 -9.992476170055950568e-01 -3.563336930487270848e-02 -1.531218144556723872e-02 1.775958216991461711e+02 -1.687744417404788561e-02 4.404887630014420186e-02 9.988868045854076838e-01 -5.721583644800441348e+00
-3.601451952455092531e-02 9.984389417015451240e-01 -4.269231871560316693e-02 -1.995164429992877615e+02 -9.992224641919262851e-01 -3.666286416630448741e-02 -1.450177386866408069e-02 1.766692976734244382e+02 -1.604435843623882099e-02 4.213684949093846749e-02 9.989830151095400179e-01 -5.704574628190050234e+00
-3.719257762013650215e-02 9.984864447156086564e-01 -4.051582270119059165e-02 -1.995393393294734210e+02 -9.990369436996281438e-01 -3.809637369179985633e-02 -2.176812887781683081e-02 1.757295787955453363e+02 -2.327868753337775792e-02 3.966719085994011712e-02 9.989417483897669037e-01 -5.708314792354785894e+00
-3.817518235703576401e-02 9.983562609320596470e-01 -4.274847026227981267e-02 -1.995588893772732320e+02 -9.987436073910168632e-01 -3.950988162967572492e-02 -3.082492415543100148e-02 1.748057441975367965e+02 -3.246324302324277850e-02 4.151801429942156979e-02 9.986102304408096542e-01 -5.746103807896808746e+00
-3.885355083098063211e-02 9.981683010490723928e-01 -4.637288398011658874e-02 -1.995942852993371162e+02 -9.985928100920190564e-01 -4.046268959551313493e-02 -3.428075820664571588e-02 1.738835954182191585e+02 -3.609433778793778858e-02 4.497569934426932231e-02 9.983358078563265847e-01 -5.734696551980838386e+00
-3.969488245638363999e-02 9.980890955409442711e-01 -4.735476395289324458e-02 -1.996331107915441123e+02 -9.986865129164304022e-01 -4.116600685850158037e-02 -3.050588136977592721e-02 1.729772155043193607e+02 -3.239699408270650671e-02 4.608163670689398306e-02 9.984121982091459513e-01 -5.702453496591353144e+00
-4.103625268705801687e-02 9.980881575386773008e-01 -4.621748312546464232e-02 -1.996688004676599064e+02 -9.988190051620682297e-01 -4.218266768842471315e-02 -2.410845232993027998e-02 1.720749117075359038e+02 -2.601193749916598519e-02 4.517357997476635634e-02 9.986404391870994379e-01 -5.699874832518895929e+00
-4.199373229556990772e-02 9.982470336109784403e-01 -4.170595083163308042e-02 -1.996983125140612287e+02 -9.988696697988542761e-01 -4.287709835534458946e-02 -2.051675394779660377e-02 1.711865659659473806e+02 -2.226901892352537576e-02 4.079723426298273448e-02 9.989192542306284395e-01 -5.724204023323069990e+00
-4.255419624946710222e-02 9.983818224802901709e-01 -3.772104084587998840e-02 -1.997199904647186202e+02 -9.988411255093355701e-01 -4.336275810291767563e-02 -2.088246156351789007e-02 1.702972364853677334e+02 -2.248435840324976287e-02 3.678869052633649411e-02 9.990700905725041769e-01 -5.760501112130165247e+00
-4.339485209753557449e-02 9.983293299463650294e-01 -3.815017405300701742e-02 -1.997380927266702884e+02 -9.987412590215224428e-01 -4.431093996111612476e-02 -2.350400237973621076e-02 1.693966464391799605e+02 -2.515520501878874132e-02 3.708220015862166707e-02 9.989955585946609373e-01 -5.792094629518008020e+00
-4.478998254527177814e-02 9.981015264676276200e-01 -4.227529215257707501e-02 -1.997822352342301144e+02 -9.985188162453779714e-01 -4.603686379137861273e-02 -2.899622003266687925e-02 1.685079423794122135e+02 -3.088739334296495068e-02 4.091393448747677325e-02 9.986851450268154906e-01 -5.779607743978239398e+00
-4.608665573709602725e-02 9.979582480564235247e-01 -4.421939957896859480e-02 -1.998250712470964174e+02 -9.983342083527828592e-01 -4.755182702275417839e-02 -3.267464122864255360e-02 1.676217024257185528e+02 -3.471064095623745821e-02 4.263987433086741108e-02 9.984873622242070867e-01 -5.738758153075004032e+00
-4.761373721411832349e-02 9.979201591991697651e-01 -4.345443466907066704e-02 -1.998579219048463074e+02 -9.983524792977631623e-01 -4.893877082588993233e-02 -2.995536329375069265e-02 1.667439169519985001e+02 -3.201966752660690557e-02 4.195655579232729360e-02 9.986062228513954420e-01 -5.755959278491496356e+00
-4.930766248406959207e-02 9.979451991184532522e-01 -4.091618233398813115e-02 -1.998976341776585173e+02 -9.984552518832355839e-01 -5.030048375992102194e-02 -2.360023983570561090e-02 1.658900988535736474e+02 -2.560984980709520714e-02 3.968930447802045125e-02 9.988838244275002332e-01 -5.764562707362536287e+00
-5.068394383328600483e-02 9.979956362805515457e-01 -3.789258242033269330e-02 -1.999286098043332913e+02 -9.984627746555279071e-01 -5.148689348671475763e-02 -2.052285131926099085e-02 1.650413010775276064e+02 -2.243268741566925573e-02 3.679415393870434647e-02 9.990710509124192118e-01 -5.787016222949458388e+00
-5.301625349255978392e-02 9.979178553140222174e-01 -3.673187867608905532e-02 -1.999639128672023389e+02 -9.982594700226443685e-01 -5.391418825497451550e-02 -2.390169062883187173e-02 1.641825621310137819e+02 -2.583229327260470887e-02 3.540076765084984589e-02 9.990392776432810429e-01 -5.807432813745976752e+00
-5.599483865367260726e-02 9.977541948475687761e-01 -3.675792034689928656e-02 -1.999977556738916746e+02 -9.979593781547904108e-01 -5.706196052029222088e-02 -2.865331070722118914e-02 1.633272608778667063e+02 -3.068643995404351024e-02 3.507847382171053185e-02 9.989133311140093729e-01 -5.796398101758016175e+00
-6.027731262408186907e-02 9.975718567305728035e-01 -3.488604652201756501e-02 -2.000395428308529233e+02 -9.976933749708613020e-01 -6.130406961010970157e-02 -2.915031026406633696e-02 1.624897352792631864e+02 -3.121818575880421637e-02 3.304847512906607110e-02 9.989660770864906558e-01 -5.773027880090145558e+00
-6.510667195733899071e-02 9.973126406469199345e-01 -3.359491140793628011e-02 -2.000857901274897586e+02 -9.974830604638040832e-01 -6.599145970508324410e-02 -2.593590819222079541e-02 1.616702819012787131e+02 -2.808318632923247071e-02 3.182175438061207035e-02 9.990989493507325125e-01 -5.790830862263010026e+00
-7.043463038795483300e-02 9.969353942142020752e-01 -3.404089606761410980e-02 -2.001522253408342351e+02 -9.971603439318403872e-01 -7.128018523376566939e-02 -2.429781230428069289e-02 1.608766805800514987e+02 -2.664979046533365314e-02 3.223282420164221007e-02 9.991250340733836000e-01 -5.820413371500596789e+00
-7.654896173981939889e-02 9.964233989952344661e-01 -3.578639953026407916e-02 -2.002175423317366665e+02 -9.966801962120417357e-01 -7.746818763837359789e-02 -2.504528663744676545e-02 1.600724398830226676e+02 -2.772801715380693310e-02 3.375040501697339906e-02 9.990455781524226753e-01 -5.824904478356575765e+00
-8.467185034486135464e-02 9.956487319899471888e-01 -3.891375394366632101e-02 -2.002816883289050054e+02 -9.959372335633689399e-01 -8.576870440395967243e-02 -2.743640185975688983e-02 1.592658018103028041e+02 -3.065460098127630040e-02 3.643256553794985142e-02 9.988658386425084412e-01 -5.798805857878481795e+00
-9.441788592605226960e-02 9.947194924794576787e-01 -4.022926917886428255e-02 -2.003481077208204510e+02 -9.950308428436273056e-01 -9.557609906868869132e-02 -2.790754515741836195e-02 1.584791315472774897e+02 -3.160513577183479694e-02 3.739439220287921195e-02 9.988006682139440873e-01 -5.786099677968125299e+00
-1.052033789409891895e-01 9.936380096534218609e-01 -4.019645297020194019e-02 -2.004352376565006466e+02 -9.939867012440974925e-01 -1.063030145366847812e-01 -2.626988485492839226e-02 1.576988536464382946e+02 -3.037576022549014557e-02 3.719105903843534372e-02 9.988464037670271578e-01 -5.805782913404040180e+00
-1.174204472418842737e-01 9.922578183681104447e-01 -4.045813214762187388e-02 -2.005332405164548959e+02 -9.926146285368014910e-01 -1.185178526035097768e-01 -2.587890702871772225e-02 1.569313161051839245e+02 -3.047355877255176343e-02 3.712062097556132617e-02 9.988460450510501243e-01 -5.845312991034147920e+00
-1.313153424585873363e-01 9.904778015651292122e-01 -4.135221205319741800e-02 -2.006333996243300817e+02 -9.908273425025879710e-01 -1.324752945759912759e-01 -2.667346389698720122e-02 1.561760789582605753e+02 -3.189762035393091388e-02 3.747026732908344260e-02 9.987885266071309109e-01 -5.853384074695164863e+00
-1.468983872378755162e-01 9.882526970055858229e-01 -4.216006034266952390e-02 -2.007301252155910731e+02 -9.885607207646909256e-01 -1.481502212299290466e-01 -2.827036099377872383e-02 1.554305116415757482e+02 -3.418428276425696660e-02 3.752490920321360779e-02 9.987108270171020097e-01 -5.839412470136304378e+00
-1.645075382636798089e-01 9.855102226782203045e-01 -4.131429354531939574e-02 -2.008527060266765147e+02 -9.857794478653981729e-01 -1.657200832477556673e-01 -2.785200485688125310e-02 1.546939356034856416e+02 -3.429504367419245608e-02 3.614491672534034944e-02 9.987579261133817665e-01 -5.827316439817675331e+00
-1.840906669681736663e-01 9.821590702780933491e-01 -3.839514299601552716e-02 -2.009934133189306351e+02 -9.823764784967699004e-01 -1.851364466617770876e-01 -2.570895979491491512e-02 1.539641683357037607e+02 -3.235862839334363583e-02 3.298570581210180652e-02 9.989318607295388786e-01 -5.850935143999641319e+00
-2.043828791065702699e-01 9.781756475702406695e-01 -3.741712480468723651e-02 -2.011547898531412955e+02 -9.784012805783518507e-01 -2.053403027559397298e-01 -2.379693733950799181e-02 1.532406039160992464e+02 -3.096082832791291831e-02 3.174527625709872014e-02 9.990163484871555921e-01 -5.911100671620560298e+00
-2.252812049706518494e-01 9.734417292172452552e-01 -4.073792465885138492e-02 -2.013199047452556840e+02 -9.737874187710817697e-01 -2.263150971941516598e-01 -2.279341626775858304e-02 1.525220436783148443e+02 -3.140766992511138944e-02 3.453515021743538277e-02 9.989098466174685109e-01 -5.919055291718768430e+00
-2.468084668162786599e-01 9.681477440665493539e-01 -4.213699522568564726e-02 -2.015047475253828111e+02 -9.685292715607036751e-01 -2.478835810954511665e-01 -2.246731744975007800e-02 1.518089543777495294e+02 -3.219675197734743477e-02 3.526578911844273356e-02 9.988591959230103123e-01 -5.835825130715544873e+00
-2.696033234485255559e-01 9.624592466671089142e-01 -3.140456161915647360e-02 -2.016804458473098407e+02 -9.625802034456882872e-01 -2.702799953242269737e-01 -1.969964624032059797e-02 1.511230754708387565e+02 -2.744813144765250595e-02 2.491831921533960853e-02 9.993126024660725637e-01 -5.783224352002743096e+00
-2.926234998803682874e-01 9.561182732843452881e-01 -1.446840729060117937e-02 -2.018657689498676859e+02 -9.561302420100153965e-01 -2.927762303896319640e-01 -9.850849339367922716e-03 1.504433063671156106e+02 -1.365458280702476664e-02 1.095109175378192364e-02 9.998468012439537533e-01 -5.878566604555899744e+00
-3.156460434543677529e-01 9.488355127374746845e-01 -8.873839068673608152e-03 -2.020896093854268827e+02 -9.488726960666183929e-01 -3.156589975808188342e-01 -6.249431417912343356e-05 1.497626390066433828e+02 -2.860403969748344637e-03 8.400417518544582574e-03 9.999606247621173338e-01 -6.050992147216998518e+00
-3.385625561086027524e-01 9.407038916201464485e-01 -2.125050333336066244e-02 -2.023652632689142195e+02 -9.409317578073137511e-01 -3.385865046204545870e-01 2.570221496577517958e-03 1.490965176450481522e+02 -4.777316280911677801e-03 2.086545421539579004e-02 9.997708787865033919e-01 -6.024277679675153152e+00
-3.624291969450008644e-01 9.313082694617461632e-01 -3.619370710454179046e-02 -2.026587129288018332e+02 -9.318522635076341709e-01 -3.628113993468222720e-01 -4.387197248729211504e-03 1.484343429195369879e+02 -1.721732259964917078e-02 3.213713951440336225e-02 9.993351630290667753e-01 -5.819286628820909968e+00
-3.864661629722117020e-01 9.215768533019534914e-01 -3.660612429097277049e-02 -2.029281062996073786e+02 -9.218450154729180834e-01 -3.872210766361057210e-01 -1.617421579276827337e-02 1.477454087637366626e+02 -2.908044575435170948e-02 2.749438609689965063e-02 9.991988723011464568e-01 -5.706926387934013967e+00
-4.095880713719646238e-01 9.118585847614409934e-01 -2.741410561474644583e-02 -2.032001587389136716e+02 -9.117497606118926123e-01 -4.101846435511051769e-01 -2.146933205783052578e-02 1.470481495494528872e+02 -3.082183988588390114e-02 1.620122192042311449e-02 9.993935834266368667e-01 -5.863929558654113805e+00
-4.301181613112916580e-01 9.024428171631430073e-01 -2.439936599265874612e-02 -2.035278953817493743e+02 -9.023988661079344054e-01 -4.305606527083738477e-01 -1.714090973237183610e-02 1.463915795131603090e+02 -2.597409781509042725e-02 1.464534362823715144e-02 9.995553312111855604e-01 -6.059259140891648521e+00
-4.494528278227265528e-01 8.926963732542165797e-01 -3.294451002706353521e-02 -2.038878904055522980e+02 -8.930637806275063539e-01 -4.498815925395411863e-01 -6.605787265104582501e-03 1.457785417671823325e+02 -2.071809097045797243e-02 2.645255890939353718e-02 9.994353520031622473e-01 -6.021198075834768737e+00
-4.682379790374924244e-01 8.825323030412708381e-01 -4.347331452230777937e-02 -2.042379272942777675e+02 -8.834393256018213680e-01 -4.685297992186832072e-01 3.845155952569630220e-03 1.451554899980569360e+02 -1.697506898613339310e-02 4.020648371557863920e-02 9.990471889256007376e-01 -5.844505781420842538e+00
-4.851986076569962947e-01 8.732322070585972762e-01 -4.525288591109986880e-02 -2.045829968649118200e+02 -8.742820382842245719e-01 -4.853450947361659384e-01 8.429504678435111031e-03 1.445117467333631964e+02 -1.460235122484701206e-02 4.365376926581471945e-02 9.989399980817632585e-01 -5.761380947505479355e+00
-4.988623742106783610e-01 8.657800929244254817e-01 -3.951154632077623352e-02 -2.049473553044380765e+02 -8.665690351525705548e-01 -4.990126763602700244e-01 6.667544263353432019e-03 1.438497263651828177e+02 -1.394413538475946894e-02 3.756566953395243380e-02 9.991968682701308779e-01 -5.866253901101294410e+00
-5.083477333969754763e-01 8.604317628364808179e-01 -3.521027481096284523e-02 -2.053331537837918006e+02 -8.609796032991461345e-01 -5.086388604830065496e-01 7.951788438510885154e-04 1.431870639059753216e+02 -1.722511692275658507e-02 3.071955580171363553e-02 9.993796096770950488e-01 -6.013195143999769066e+00
-5.138721623677839911e-01 8.569360770838496677e-01 -3.994947478504566607e-02 -2.057197433962016078e+02 -8.574993346159507368e-01 -5.144576349853109409e-01 -5.313467655205879672e-03 1.425542435020106495e+02 -2.510561444498394038e-02 3.152620493278143060e-02 9.991875732443213920e-01 -6.034656223676860165e+00
-5.163330726124373271e-01 8.549987760166750661e-01 -4.875706242778556770e-02 -2.061007181050338204e+02 -8.557486049880409507e-01 -5.173101624817522115e-01 -9.193522400312032633e-03 1.419221592577732736e+02 -3.308297428619936392e-02 3.697686848680793725e-02 9.987683555305945093e-01 -5.928054758745122221e+00
-5.175469373203365198e-01 8.541798291895215112e-01 -5.021938944371739932e-02 -2.064746382056447089e+02 -8.548893024196300150e-01 -5.186746505631480986e-01 -1.186960284402163376e-02 1.412740971638331473e+02 -3.618629960106861665e-02 3.678894221034714751e-02 9.986676751814016484e-01 -5.840696836474696951e+00
-5.178411121632264802e-01 8.543759740839076411e-01 -4.338522169733138173e-02 -2.068514813628595732e+02 -8.549125893306628310e-01 -5.186752631051352314e-01 -1.002177862259441034e-02 1.406097613851716233e+02 -3.106520815147035403e-02 3.190088323217248750e-02 9.990081513638980892e-01 -5.895828456745142887e+00
-5.172086805577864599e-01 8.550975892861707450e-01 -3.610115722041412623e-02 -2.072505163958308572e+02 -8.555365653176989493e-01 -5.177118032192231656e-01 -5.627984709912508057e-03 1.399586552618990822e+02 -2.350247136086688893e-02 2.797501750633410444e-02 9.993322932015415994e-01 -6.002152098697131066e+00
-5.141131026873038135e-01 8.570591017726915117e-01 -3.372556469240705485e-02 -2.076489620536270024e+02 -8.574460999528380478e-01 -5.145479944557787011e-01 -5.152385583836942978e-03 1.393053692218117590e+02 -2.176932063483650800e-02 2.626894497546381282e-02 9.994178501552659633e-01 -6.024834084263568812e+00
-5.083132706721869010e-01 8.604358219566495825e-01 -3.560639201504105927e-02 -2.080324902200879080e+02 -8.606872352081870181e-01 -5.089800182976431664e-01 -1.252294387983744067e-02 1.386446886688193842e+02 -2.889813156989357729e-02 2.428038853716014273e-02 9.992874264816172802e-01 -5.993170714364693730e+00
-5.007524953217368235e-01 8.646398957193233148e-01 -4.055600029011537794e-02 -2.083832195615053706e+02 -8.647319220504108284e-01 -5.017927447140098085e-01 -2.104149090209472134e-02 1.379466103529550765e+02 -3.854401919956543937e-02 2.453348900703493374e-02 9.989556879567207393e-01 -5.984318554818202074e+00
-4.915835586192887074e-01 8.695451813883412484e-01 -4.729463415138746019e-02 -2.087590483284904508e+02 -8.698394840112948501e-01 -4.928896373006730336e-01 -2.095417611302609340e-02 1.372563737791585083e+02 -4.153163794218989180e-02 3.083801170516917156e-02 9.986611738141774053e-01 -5.993026332079117502e+00
-4.804998267021640679e-01 8.756198664697708578e-01 -4.908936730751321115e-02 -2.091455893123103067e+02 -8.762158458426815288e-01 -4.816790691391792389e-01 -1.520085021993719185e-02 1.365832937788521804e+02 -3.695548718912258085e-02 3.570887560082938728e-02 9.986787111829004138e-01 -5.991678301844285848e+00
-4.675907869587254684e-01 8.828911260515174275e-01 -4.315223622020424032e-02 -2.095093597163057666e+02 -8.834726972289742575e-01 -4.683794300157360091e-01 -9.833757628500092510e-03 1.359026554420430273e+02 -2.889375715066778982e-02 3.352564805665394360e-02 9.990201107685968696e-01 -5.986854505982982744e+00
-4.523257086012508754e-01 8.911650535159482134e-01 -3.501857693130212834e-02 -2.098359910868250608e+02 -8.915679102138657219e-01 -4.528249165822844091e-01 -7.500426596380185829e-03 1.351927776248796533e+02 -2.254140224690278152e-02 2.782880367828519108e-02 9.993585156842257344e-01 -6.039576913307363348e+00
-4.345880425814747650e-01 8.999769987009673677e-01 -3.427294930993442929e-02 -2.101603412898642205e+02 -9.003583869066138501e-01 -4.350760100222410554e-01 -7.977507759152993941e-03 1.344652923421397759e+02 -2.209091152765697841e-02 2.739100787349587479e-02 9.993806703731823449e-01 -6.107271905722733152e+00
-4.138601108770003645e-01 9.093447263588917417e-01 -4.256732629786710159e-02 -2.104981898898216457e+02 -9.099061029414367008e-01 -4.146544995928167499e-01 -1.151215867498408575e-02 1.337474517682946100e+02 -2.811925416514978252e-02 3.396784671866626137e-02 9.990272733686967888e-01 -6.103190125189251525e+00
-3.909648551761042423e-01 9.188340822888643178e-01 -5.376254496867902133e-02 -2.108108008913069966e+02 -9.196786873169309207e-01 -3.923101060538238816e-01 -1.684911816816849622e-02 1.330200055739274489e+02 -3.657313374781165360e-02 4.285685373914911722e-02 9.984115864589342415e-01 -6.046802640856589584e+00
-3.662001987123340019e-01 9.286066315166311425e-01 -5.989272381836786147e-02 -2.110907680124678905e+02 -9.295341332936152279e-01 -3.680334443148380874e-01 -2.275255827033500350e-02 1.322657819468742275e+02 -4.317070193007290640e-02 4.734033976528979198e-02 9.979454808383931841e-01 -6.000496242434254057e+00
-3.396080059142569940e-01 9.389934031848693463e-01 -5.438557799858259600e-02 -2.113280840323916721e+02 -9.397182206386004433e-01 -3.411898403437296778e-01 -2.278505312795286661e-02 1.314999461611240861e+02 -3.995082125270235651e-02 4.336913212779536231e-02 9.982600113496065131e-01 -6.022534838218248865e+00
-3.102418922297269788e-01 9.495638112541876508e-01 -4.559097127875304939e-02 -2.115496752491229699e+02 -9.502811606673907674e-01 -3.111117567467558409e-01 -1.323595461551385459e-02 1.307417652675179056e+02 -2.675227067661854058e-02 3.921789349734331603e-02 9.988725007944087020e-01 -6.132640059501156315e+00
-2.772904214736682249e-01 9.597569618230002986e-01 -4.445892926330448358e-02 -2.117799151212579716e+02 -9.606762534145502075e-01 -2.776615652691991620e-01 -2.278441932786440943e-03 1.299973925332084548e+02 -1.453128639654297123e-02 4.207884747164822303e-02 9.990086147331860289e-01 -6.173685593737515909e+00
-2.417925720195777117e-01 9.692002189041547533e-01 -4.676844868387743104e-02 -2.119791373402106274e+02 -9.702337975886700105e-01 -2.421595782025960375e-01 -2.262012689840404295e-03 1.292307805827063873e+02 -1.351777100063480258e-02 4.482939170767179238e-02 9.989031962639295381e-01 -6.123370633524043427e+00
-2.050477110902391154e-01 9.774896006857735076e-01 -4.969423233959307379e-02 -2.121130803649575114e+02 -9.784835514911335297e-01 -2.059161189001710301e-01 -1.298042520063841590e-02 1.284341262061826967e+02 -2.292107410119594707e-02 4.596338247190159820e-02 9.986801248817306353e-01 -6.074750884288033781e+00
-1.674096954681059124e-01 9.845047396144666063e-01 -5.219589581496927866e-02 -2.122156188842671725e+02 -9.853730121093540184e-01 -1.687977183377242785e-01 -2.339566819983481677e-02 1.276283629014783259e+02 -3.184369434934522514e-02 4.751576539033511987e-02 9.983627753324720855e-01 -6.082540168142188008e+00
-1.274734624081104162e-01 9.904516172406658825e-01 -5.249866938349692647e-02 -2.123051575206681605e+02 -9.913323058660035159e-01 -1.289260013888402501e-01 -2.526550043591665323e-02 1.268300827272754105e+02 -3.179269928899737530e-02 4.882294615479906147e-02 9.983013293593697712e-01 -6.110102618870848268e+00
-8.505572172679309872e-02 9.949554736602611582e-01 -5.318956321516528363e-02 -2.123837682020154034e+02 -9.960289517046606589e-01 -8.631408540406204644e-02 -2.182214533393424943e-02 1.260385575000581042e+02 -2.630307144896613589e-02 5.112224656982510690e-02 9.983459642518742738e-01 -6.133943128952739521e+00
-4.075454042008019861e-02 9.976287259849948574e-01 -5.546163110389587536e-02 -2.124117061636751487e+02 -9.989114183461512697e-01 -4.194198418905825676e-02 -2.041686214788724155e-02 1.252487591660009798e+02 -2.269461902806697504e-02 5.456917675612636687e-02 9.982520519464658237e-01 -6.144736122268395384e+00
3.914210934690798283e-03 9.981912674423459864e-01 -5.999060388595862936e-02 -2.123904855877348155e+02 -9.997006239547180373e-01 2.457078340923457560e-03 -2.434389513973619218e-02 1.244637596776900210e+02 -2.415246193054970680e-02 6.006793127676208349e-02 9.979020504111731915e-01 -6.124537090344595924e+00
4.807192980590135889e-02 9.968991617828764085e-01 -6.229888282573839420e-02 -2.123303417103999209e+02 -9.984420810177976335e-01 4.619011775099468586e-02 -3.130309689150680141e-02 1.236649175005968146e+02 -2.832843831887501065e-02 6.370662649009001255e-02 9.975665217536452412e-01 -6.095827931147349332e+00
9.193435032759600389e-02 9.940251675763330796e-01 -5.883911500597047844e-02 -2.122355235101581172e+02 -9.953929256826180572e-01 9.012408550471429081e-02 -3.271960746917747936e-02 1.228725176771995109e+02 -2.722129186576118659e-02 6.157609468602177200e-02 9.977311190057054358e-01 -6.083893195465321035e+00
1.368568987290955663e-01 9.891850558361140466e-01 -5.275523273342738739e-02 -2.121029837738055903e+02 -9.904003458945888072e-01 1.355920533382544146e-01 -2.686912583979936958e-02 1.220879261377786946e+02 -1.942534741344659199e-02 5.592602598093276284e-02 9.982459293660289612e-01 -6.141155706283041305e+00
1.820543787562671767e-01 9.818850123940898733e-01 -5.251690786334814454e-02 -2.119529628326246211e+02 -9.831920029107861225e-01 1.810286008082067077e-01 -2.370930411672961952e-02 1.213073899813222880e+02 -1.377274801723488498e-02 5.595058646056109281e-02 9.983385414210818043e-01 -6.184512378094023433e+00
2.264336595636982086e-01 9.726538972014332485e-01 -5.169326915039454406e-02 -2.117721884820444131e+02 -9.738744625447791625e-01 2.251412823124561147e-01 -2.966368489956201782e-02 1.205327517888437541e+02 -1.721420981947154039e-02 5.705961143897533838e-02 9.982223558520036955e-01 -6.163376324871144618e+00
2.684711499436431836e-01 9.621339257520749033e-01 -4.713332753836497330e-02 -2.115302752354147913e+02 -9.629676497312968930e-01 2.667992391278803943e-01 -3.887764874277241378e-02 1.197776472709204540e+02 -2.483036888409289461e-02 5.582539670871188020e-02 9.981317437409726878e-01 -6.110027963453999789e+00
3.083174452718078218e-01 9.502903167467654511e-01 -4.345879471865458227e-02 -2.112490997062475060e+02 -9.509110387471270132e-01 3.065966083635121020e-01 -4.203232242990172229e-02 1.190301100591060646e+02 -2.661858993120786582e-02 5.428474589904219716e-02 9.981706352286420225e-01 -6.100265641098995495e+00
3.473086050082917486e-01 9.368676701813929419e-01 -4.069031157515749786e-02 -2.109505647721690309e+02 -9.374941763628210634e-01 3.458712613099854671e-01 -3.844138246259953123e-02 1.182974138076337312e+02 -2.194087903869144929e-02 5.149795305377449089e-02 9.984320500956891387e-01 -6.120162356029315909e+00
3.838379399128616365e-01 9.227031728919571352e-01 -3.587883245823062645e-02 -2.106471811124506530e+02 -9.232411625444264525e-01 3.827601864937293374e-01 -3.347230823982036418e-02 1.175676676224290276e+02 -1.715201641401022103e-02 4.597275682837449751e-02 9.987954314886170470e-01 -6.134755968617626287e+00
4.163168009319881957e-01 9.087381187434572238e-01 -2.958636179656924658e-02 -2.103053380965298231e+02 -9.090704130414289930e-01 4.154385450400712720e-01 -3.165121526378560091e-02 1.168620417531029005e+02 -1.647135071696084058e-02 4.007301882302929941e-02 9.990609830075278808e-01 -6.146965771085175945e+00
4.438197233974366940e-01 8.957650941387229615e-01 -2.507886054165191225e-02 -2.099299140161852222e+02 -8.959215171674093092e-01 4.429663800101019122e-01 -3.324787598018558166e-02 1.161684331951317546e+02 -1.867319468838978674e-02 3.722475390638489701e-02 9.991324384168189798e-01 -6.153606737300990837e+00
4.656477663886785523e-01 8.846452942459853697e-01 -2.397625962631925317e-02 -2.095558405312235095e+02 -8.847339147581269048e-01 4.647266321775770370e-01 -3.570794619753840660e-02 1.154744428499390949e+02 -2.044646018248661573e-02 3.783993542966151979e-02 9.990746126054275145e-01 -6.146253772508995183e+00
4.822125220660810063e-01 8.757548356558582103e-01 -2.290308686727887330e-02 -2.091680051672674381e+02 -8.758508967892930652e-01 4.813725043802028480e-01 -3.414262175233281904e-02 1.147819145073520986e+02 -1.887564981823498453e-02 3.652368891708993037e-02 9.991545075671864895e-01 -6.110369367457485268e+00
4.933837471235422711e-01 8.695333333219202876e-01 -2.200591548659539681e-02 -2.087697648990213679e+02 -8.697055731583079874e-01 4.927703251570475507e-01 -2.810022530153874834e-02 1.141045222089558564e+02 -1.359022044383581367e-02 3.300286179543169413e-02 9.993628555342647379e-01 -6.099795561545662714e+00
5.007247613470454661e-01 8.653500627829950886e-01 -2.107088549186073023e-02 -2.083576573480393677e+02 -8.655690501210451249e-01 5.003280893107808769e-01 -2.149470909724612855e-02 1.134349420495045564e+02 -8.058091988575214609e-03 2.900123942334193600e-02 9.995468949806275427e-01 -6.119547541288929970e+00
5.049288611439284313e-01 8.629135487205927824e-01 -2.066525147024306230e-02 -2.079568705140437430e+02 -8.631291894745114490e-01 5.045601335871392479e-01 -2.066576569113616479e-02 1.127617457329955215e+02 -7.405907167128926785e-03 2.827152328689050420e-02 9.995728455245623811e-01 -6.144514067256641177e+00
5.057234932925915860e-01 8.624393169273459891e-01 -2.102790883162384758e-02 -2.075606447145526658e+02 -8.626205937163747839e-01 5.052077905313867578e-01 -2.551077581736058142e-02 1.120620553264925690e+02 -1.137803270989099294e-02 3.104050586390892652e-02 9.994533642783766103e-01 -6.144102904355105643e+00
5.039154087573924912e-01 8.635029063768009383e-01 -2.078440510787046835e-02 -2.071573845743282334e+02 -8.635908969592420714e-01 5.032087668134266334e-01 -3.149126372889043263e-02 1.113797465474798543e+02 -1.673390289209302634e-02 3.381815608410077695e-02 9.992879008639449223e-01 -6.088136294233889245e+00
5.002906668725006778e-01 8.657157008112529306e-01 -1.567080116491114533e-02 -2.067441892585190431e+02 -8.656287257873919172e-01 4.996605089825840729e-01 -3.203568096609630406e-02 1.107190468871860674e+02 -1.990371151230539704e-02 2.959224783869260356e-02 9.993638682361336567e-01 -6.047041263371036202e+00
4.952477186644689278e-01 8.686959309196173873e-01 -9.852753997656940252e-03 -2.063439527012935457e+02 -8.685546218667332674e-01 4.948618440181419276e-01 -2.691884412265868956e-02 1.100568042790273182e+02 -1.850853834247542795e-02 2.188915116361203270e-02 9.995890651011353212e-01 -6.090055899998392697e+00
4.887678597890962040e-01 8.723748935429411766e-01 -8.247687744365080065e-03 -2.059614712372329848e+02 -8.722695351520985962e-01 4.884931838978552321e-01 -2.280936936607272023e-02 1.093744532004252932e+02 -1.586938192646909426e-02 1.834269340305132515e-02 9.997058108843789315e-01 -6.151612543787785548e+00
4.801273919363534537e-01 8.771049134400468184e-01 -1.283192626705982435e-02 -2.055994665105650938e+02 -8.771079621654960246e-01 4.798158360650350840e-01 -2.140995485988057140e-02 1.086956897181643455e+02 -1.262181517397665924e-02 2.153449048710825986e-02 9.996884292124094129e-01 -6.135594916392773435e+00
4.694241029286861933e-01 8.828136498674870047e-01 -1.676517811550049669e-02 -2.052479167384907726e+02 -8.829160047571731340e-01 4.690938727973882338e-01 -2.025504992784179711e-02 1.080270226501205570e+02 -1.001699222470804097e-02 2.431045272293297713e-02 9.996542711133565851e-01 -6.051300562148381523e+00
4.575968775975447489e-01 8.890220861479553038e-01 -1.564697907313756728e-02 -2.048825476149244764e+02 -8.891189593456577667e-01 4.573364187054289598e-01 -1.763168335092131847e-02 1.073470388909635318e+02 -8.519022542068710457e-03 2.198022899858157256e-02 9.997221092824233324e-01 -6.028815342288143420e+00
4.453802791167297270e-01 8.952725222815399730e-01 -1.111385718612140083e-02 -2.045127119648962548e+02 -8.952893058758973899e-01 4.451859686170935859e-01 -1.632519925495009433e-02 1.066494816644656964e+02 -9.667769037252384873e-03 1.722103928657238436e-02 9.998049660047366727e-01 -6.081703633870423786e+00
4.321788289687804596e-01 9.017194934021187658e-01 -1.110923083746038868e-02 -2.041853062507264838e+02 -9.017028707625561745e-01 4.319360844238741004e-01 -1.905654300068434365e-02 1.059383253757081036e+02 -1.238517863167917961e-02 1.825305977633091825e-02 9.997566869789183963e-01 -6.135261991973930407e+00
4.170042775772250243e-01 9.087426350062400848e-01 -1.715388597992477046e-02 -2.038938128249987187e+02 -9.088051590963251991e-01 4.166053597406518261e-01 -2.265296967872868633e-02 1.052368578394057153e+02 -1.343931851694768129e-02 2.503592533296278982e-02 9.995962120579100496e-01 -6.111314577665101666e+00
3.999170514122071252e-01 9.162377197697977316e-01 -2.397483807677971285e-02 -2.035916910169795528e+02 -9.164383569233762739e-01 3.993202354928657716e-01 -2.615506615370286406e-02 1.045496900026646330e+02 -1.439062018637392304e-02 3.243131815026806947e-02 9.993703616045893634e-01 -6.025352805421153590e+00
3.810390992754247863e-01 9.241987279073474726e-01 -2.580535134063371983e-02 -2.032907197593089563e+02 -9.244031277586471917e-01 3.803140975812043800e-01 -2.898352240539688734e-02 1.038303610675290685e+02 -1.697239562946287889e-02 3.489840276337412978e-02 9.992467359322032561e-01 -6.005699776447785965e+00
3.615526780739771739e-01 9.320197244268400016e-01 -2.487758543051039536e-02 -2.030013390520838072e+02 -9.320940176485474904e-01 3.606967999377085343e-01 -3.314454372118944003e-02 1.030974229632000601e+02 -2.191810305031426445e-02 3.517174709925546816e-02 9.991409034588973892e-01 -6.051825726723328636e+00
3.422099078899241142e-01 9.392774394489589174e-01 -2.550040556887824689e-02 -2.027382842077906844e+02 -9.393228224744492039e-01 3.412878397902522343e-01 -3.457232404594287600e-02 1.023457447711094375e+02 -2.377002567529511168e-02 3.578410476050460087e-02 9.990768157283428375e-01 -6.114612374257498928e+00
3.221806296499648559e-01 9.460871564936174094e-01 -3.344748415312481099e-02 -2.025045890627939400e+02 -9.464777101639877399e-01 3.211841488760075469e-01 -3.194818732774749176e-02 1.016163021251590806e+02 -1.948296797426890548e-02 4.195038532142455340e-02 9.989297168120976345e-01 -6.115274753848726874e+00
3.008047162369473781e-01 9.527048237707320677e-01 -4.324397592252259698e-02 -2.023027237449208258e+02 -9.536102284163161524e-01 2.999008570626882086e-01 -2.621084113198541427e-02 1.009004494635538549e+02 -1.200228933956804661e-02 4.912224238614503607e-02 9.987206568172934951e-01 -6.044822959673605389e+00
2.788888172597236981e-01 9.591409605231564495e-01 -4.764079611204483783e-02 -2.020847501536754862e+02 -9.602901357594275655e-01 2.781228850747459180e-01 -2.214759492224933207e-02 1.001597664033560164e+02 -7.992669805064356314e-03 5.192570311913632247e-02 9.986189656645674262e-01 -6.009045938790182895e+00
2.562271353024160314e-01 9.654966577985187870e-01 -4.651729694003819277e-02 -2.018724180766098186e+02 -9.665631639156088140e-01 2.554100964225972659e-01 -2.283271352353263145e-02 9.938504684027171265e+01 -1.016392129866803412e-02 5.081226648448067956e-02 9.986565016453577970e-01 -6.041625959513675426e+00
2.335844221560272604e-01 9.712715299142637981e-01 -4.549651529556895946e-02 -2.016865762782627769e+02 -9.722346340955718702e-01 2.326267603388693095e-01 -2.538910473591466863e-02 9.859820017284664573e+01 -1.407600764008930597e-02 5.016378725980856490e-02 9.986418078854243374e-01 -6.083801534050409465e+00
2.113966049354771837e-01 9.762918988095174999e-01 -4.653604775505508495e-02 -2.015115232272451635e+02 -9.773265893509139879e-01 2.105559339477857117e-01 -2.233688490111437538e-02 9.782523895691440430e+01 -1.200887877629421008e-02 5.020285846724933942e-02 9.986668412600138156e-01 -6.073641158288554109e+00
1.892451391099467806e-01 9.807225208041947528e-01 -4.867868641122879980e-02 -2.013704888308046748e+02 -9.819188381650705288e-01 1.887752890067768696e-01 -1.411685223290992663e-02 9.706220644455609659e+01 -4.655381811929770047e-03 5.047006486892718913e-02 9.987147240189819808e-01 -6.049559459696100205e+00
1.665846577788855365e-01 9.847217739582817542e-01 -5.072060414807849638e-02 -2.012535088735611168e+02 -9.860258704251897433e-01 1.662808479125775785e-01 -1.018147679470958120e-02 9.629232832222879779e+01 -1.592056826420808202e-03 5.170790568113094177e-02 9.986609824385513923e-01 -6.036021007005280659e+00
1.436572944639095128e-01 9.884231630761758369e-01 -4.880811860538266517e-02 -2.011411581796545818e+02 -9.895946693056790755e-01 1.430760005147279079e-01 -1.522000520674039736e-02 9.549562815180378550e+01 -8.060535285775577430e-03 5.048671876045296436e-02 9.986922043351043055e-01 -6.009529433477384330e+00
1.214516251765455079e-01 9.916960573320610095e-01 -4.228986419961307253e-02 -2.010266356870229743e+02 -9.924598058531712841e-01 1.206152788924400587e-01 -2.180569337546169051e-02 9.467482740797221652e+01 -1.652381638307743802e-02 4.461932731165622890e-02 9.988673981677416158e-01 -6.014741551321860946e+00
1.006036325653089092e-01 9.941195969868605875e-01 -4.006414857883139335e-02 -2.009152514659101598e+02 -9.948245755299967019e-01 9.993510179744713451e-02 -1.835863149301606573e-02 9.386117913859658302e+01 -1.424686057441383949e-02 4.170374462103194901e-02 9.990284403601115137e-01 -6.051463514766515672e+00
8.174917553756366750e-02 9.957195448222109224e-01 -4.312377949551518541e-02 -2.008490183584868021e+02 -9.966528790909428004e-01 8.165815340916704468e-02 -3.870992319747097038e-03 9.306742738118893499e+01 -3.330145090009763165e-04 4.329588942213974390e-02 9.990622378312987717e-01 -6.058487756970752258e+00
6.553736443054414273e-02 9.967680502676309340e-01 -4.645759172798084174e-02 -2.008273755730748178e+02 -9.977920016082854060e-01 6.596495185563933106e-02 7.729595928305431352e-03 9.228070184869878290e+01 1.076918706447883844e-02 4.584843609490831667e-02 9.988903571051336305e-01 -6.002366913689386685e+00
5.111901731578116781e-02 9.975735851465068471e-01 -4.726296950693958943e-02 -2.008042589345330668e+02 -9.986598035851341759e-01 5.144340948883263653e-02 5.672065185244812985e-03 9.146434799031270302e+01 8.089670696033064712e-03 4.690967744622970281e-02 9.988663771445710493e-01 -5.970114478314043183e+00
3.804289399386862058e-02 9.981919185830228081e-01 -4.653635022340304322e-02 -2.007600707171600618e+02 -9.992644072332763638e-01 3.777581798653006917e-02 -6.605453215137432887e-03 9.061498429942560051e+01 -4.835561322131740059e-03 4.675340897723392203e-02 9.988947572671044162e-01 -5.982341832354325817e+00
2.685824396755220889e-02 9.984985387345186592e-01 -4.774204515948970995e-02 -2.006960005792240906e+02 -9.995503262554619184e-01 2.618818468321826298e-02 -1.460562445079545413e-02 8.975860454542856814e+01 -1.333341717563314363e-02 4.811285824006883427e-02 9.987529088109788900e-01 -5.991461757789116049e+00
1.792773489060228709e-02 9.985771021015628079e-01 -5.022317672288277579e-02 -2.006737975139371883e+02 -9.997874807794413510e-01 1.739284476460700724e-02 -1.106716891048706297e-02 8.892361640498185693e+01 -1.017789754277614173e-02 5.041091260272836244e-02 9.986766995840890004e-01 -5.981670797613596768e+00
1.075818065781042332e-02 9.984218426377324818e-01 -5.511883246957973576e-02 -2.006897053491974248e+02 -9.999412589386003081e-01 1.066909507535296342e-02 -1.910257197607154872e-03 8.809620823950626800e+01 -1.319174447086506052e-03 5.513614562289208265e-02 9.984779743312465206e-01 -5.958276846204283217e+00
5.448585339763445390e-03 9.984168406583958655e-01 -5.598325827872559224e-02 -2.006991653277912349e+02 -9.999733965799987301e-01 5.711483087400659464e-03 4.537079810049578915e-03 8.725054062604380078e+01 4.849644322601213281e-03 5.595704826605418791e-02 9.984213988588659383e-01 -5.913841449186632460e+00
1.742847275296832699e-03 9.985634735433376319e-01 -5.355326123065871913e-02 -2.006943542305964741e+02 -9.999858065680108377e-01 2.009954646106870690e-03 4.934242074079421558e-03 8.639703130441142775e+01 5.034793531021174162e-03 5.354390149573317464e-02 9.985528035445673245e-01 -5.921632526288552079e+00
-2.974262716471942625e-03 9.985984336928229732e-01 -5.284242601862955413e-02 -2.006881390086388137e+02 -9.999952602243334931e-01 -2.928054160419524266e-03 9.518548742181338895e-04 8.552498824463059179e+01 7.957953011466060989e-04 5.284500662384843117e-02 9.986024093625871512e-01 -5.945096140749290825e+00
-8.785072747221400746e-03 9.985815365749610706e-01 -5.251416293168958971e-02 -2.006731634541707479e+02 -9.999464008450646979e-01 -9.060558385326267228e-03 -5.010161549036239170e-03 8.462549441097331737e+01 -5.478862457424491655e-03 5.246733358325069568e-02 9.986076111130119948e-01 -5.931794085862732935e+00
-1.443957922206506872e-02 9.984569539929653015e-01 -5.362098073496855688e-02 -2.006742172387967855e+02 -9.998433910491382193e-01 -1.496680591463350751e-02 -9.443944942363044492e-03 8.372171341163544867e+01 -1.023190731244163695e-02 5.347621661826738870e-02 9.985167010766248241e-01 -5.908744774165181290e+00
-1.785572637664167850e-02 9.983390168605745796e-01 -5.477572865261111368e-02 -2.006891113024218498e+02 -9.997792972471992723e-01 -1.843434145350286713e-02 -1.007630145799611951e-02 8.284237148035813902e+01 -1.106931937651326955e-02 5.458371981678826479e-02 9.984478392482518672e-01 -5.870286859690073911e+00
-2.035267500605941748e-02 9.984490812894509792e-01 -5.181892214577143996e-02 -2.007030803848464302e+02 -9.997597993376522441e-01 -2.074615897571030487e-02 -7.066860412693696386e-03 8.196787089604841015e+01 -8.130943883440929637e-03 5.166264569305711873e-02 9.986314929900608206e-01 -5.861348017423179790e+00
-2.328928953733555574e-02 9.984980043833427965e-01 -4.959177588399640846e-02 -2.007182469706261827e+02 -9.997220351573595787e-01 -2.344251148362452852e-02 -2.510194448165220527e-03 8.108236371444667157e+01 -3.668979922761033546e-03 4.951953046851821638e-02 9.987664164801016708e-01 -5.900888413172769908e+00
-2.571007560692439853e-02 9.983946153124665379e-01 -5.046963569670344374e-02 -2.007370353999646966e+02 -9.996684970752811594e-01 -2.574665746940163480e-02 -7.472885482761454368e-05 8.017454877111850919e+01 -1.374033309156866972e-03 5.045098358035285391e-02 9.987255930876309806e-01 -5.899147548273601771e+00
-2.716466258749750118e-02 9.983486396489339443e-01 -5.061694200196584226e-02 -2.007678175511576057e+02 -9.996264913146800657e-01 -2.728131013425438844e-02 -1.614923917829892697e-03 7.925446658392291965e+01 -2.993153589305203727e-03 5.055416727117144349e-02 9.987168353457896997e-01 -5.858138212011592572e+00
-2.798217237793187984e-02 9.983848423889901680e-01 -4.944395328979383358e-02 -2.007778495383718109e+02 -9.995790047912983534e-01 -2.832657328578469524e-02 -6.278409537704688487e-03 7.834066041601336394e+01 -7.668846683157072575e-03 4.924745408441624783e-02 9.987571662104625103e-01 -5.843492314424326040e+00
-2.757587621829249436e-02 9.983787638819847654e-01 -4.979372330197755214e-02 -2.007917556025372221e+02 -9.995461985764644286e-01 -2.814372785198160365e-02 -1.073906392257483952e-02 7.740365978288127735e+01 -1.212303436161760173e-02 4.947498774203071270e-02 9.987017861332746493e-01 -5.862296869338293526e+00
-2.715025061720233168e-02 9.982878739158971282e-01 -5.180911776802601953e-02 -2.008181971881109575e+02 -9.995481299368715877e-01 -2.778031365552235954e-02 -1.147998749581317923e-02 7.647523196710102411e+01 -1.289960585158806891e-02 5.147402224111587155e-02 9.985910199892620298e-01 -5.864358967390617572e+00
-2.710798530128610828e-02 9.980866957598969469e-01 -5.557071962820250149e-02 -2.008453870941374362e+02 -9.995775036848474349e-01 -2.764775960702725577e-02 -8.967469870657388681e-03 7.554598115109524770e+01 -1.048671827000090956e-02 5.530415116248570129e-02 9.984144828697761875e-01 -5.851589219912613160e+00
-2.691263530759524514e-02 9.980904070621914315e-01 -5.559900530791496431e-02 -2.008696697488923633e+02 -9.995987483210144742e-01 -2.736148473809940640e-02 -7.327448941346226957e-03 7.461111743269658803e+01 -8.834727831781699625e-03 5.537949515259175948e-02 9.984262912708090631e-01 -5.810280935271267211e+00
-2.617750275868746535e-02 9.981660994770984452e-01 -5.458183034669127076e-02 -2.008858154539163650e+02 -9.996204105070973789e-01 -2.660662056864881997e-02 -7.150009757948657535e-03 7.366131124124143525e+01 -8.589135401291567162e-03 5.437394225722491647e-02 9.984837009968997590e-01 -5.819969662778658126e+00
-2.549825309368847215e-02 9.980785211583597105e-01 -5.647215855190838851e-02 -2.009027403282237856e+02 -9.996486172967987693e-01 -2.586623924253106388e-02 -5.794791113278636996e-03 7.270674680646735055e+01 -7.244378908408549006e-03 5.630455816174937539e-02 9.983873575443759085e-01 -5.843855261001666079e+00
-2.547139793264951990e-02 9.979180501513867929e-01 -5.925177693041050464e-02 -2.009213687817735092e+02 -9.996694829876376920e-01 -2.563298272390679422e-02 -1.968496864461568435e-03 7.173412471602706830e+01 -3.483198327130593297e-03 5.918205284315841697e-02 9.982411291620294502e-01 -5.817972020560700841e+00
-2.542175620524744772e-02 9.978921531086141217e-01 -5.970749597575898682e-02 -2.009478055073042242e+02 -9.996765869379838909e-01 -2.541670462564948885e-02 8.441883651705422986e-04 7.077213956542126994e+01 -6.751588438037407769e-04 5.970964654247083031e-02 9.982155590203495299e-01 -5.772668230801672351e+00
-2.498515366862008591e-02 9.979082164066105376e-01 -5.962326495867800030e-02 -2.009765040855748737e+02 -9.996869769587451993e-01 -2.501821810697446580e-02 1.919943672650942235e-04 6.980390574720021846e+01 -1.300075090388513877e-03 5.960939851172072229e-02 9.982209321657355972e-01 -5.770684512730952953e+00
-2.336351931733893217e-02 9.979150510414204200e-01 -6.016391667858760756e-02 -2.009955648325882862e+02 -9.997113776591922685e-01 -2.365762696637174756e-02 -4.180677586289135994e-03 6.882387113772954024e+01 -5.595296584527321981e-03 6.004887668657682420e-02 9.981797558880922683e-01 -5.786899053097464218e+00
-2.181784628144911586e-02 9.978975141185721931e-01 -6.102895132323074567e-02 -2.010101148974050602e+02 -9.997112807953749680e-01 -2.239070161006750936e-02 -8.718459260671995725e-03 6.784023669184688288e+01 -1.006660986182242659e-02 6.082111308898517643e-02 9.980979188278606973e-01 -5.782629410569340322e+00
-2.188359825945984660e-02 9.978490956870745832e-01 -6.179231638080792677e-02 -2.010208604812579836e+02 -9.996798185842185047e-01 -2.262532539496442396e-02 -1.132938507580694837e-02 6.684897212797422128e+01 -1.270308791760896630e-02 6.152460391793902056e-02 9.980247264823143283e-01 -5.757280009512079744e+00
-2.201352244371124200e-02 9.978221884631967020e-01 -6.217945834548085221e-02 -2.010388685465532888e+02 -9.996775480815355275e-01 -2.275654379775060576e-02 -1.126674647229133214e-02 6.584870298737070016e+01 -1.265719918900106572e-02 6.191138768351286265e-02 9.980013904718728623e-01 -5.751831868494090116e+00
-2.161771178759575029e-02 9.978267707816969034e-01 -6.224475920460464939e-02 -2.010507806997013063e+02 -9.996871661115459551e-01 -2.235744119424953880e-02 -1.121225825210260887e-02 6.486172819244529819e+01 -1.257952498843316336e-02 6.198290356716475158e-02 9.979979334730352258e-01 -5.746054234420951090e+00
-2.127226157991901623e-02 9.981063436709951553e-01 -5.771670131766873379e-02 -2.010609895943652816e+02 -9.996829868006480435e-01 -2.201260162070517445e-02 -1.222175401584011528e-02 6.386741817651451214e+01 -1.346910496696353612e-02 5.743842001313759910e-02 9.982581886054244791e-01 -5.733666691560392437e+00
-2.134614273538892881e-02 9.982800584051987336e-01 -5.460098150064667671e-02 -2.010842832920577337e+02 -9.996817667542583496e-01 -2.204668009404531226e-02 -1.226006182350654686e-02 6.287803433607506065e+01 -1.344274560518709388e-02 5.432190062345376713e-02 9.984329840821816182e-01 -5.754226756896698269e+00
-2.214630702434772225e-02 9.982301978282690502e-01 -5.519069875367710321e-02 -2.011011621132201697e+02 -9.996722958080388466e-01 -2.281965797304974508e-02 -1.160018120025687466e-02 6.189897158572329516e+01 -1.283908404322868166e-02 5.491571135593929093e-02 9.984084447595593659e-01 -5.752944120114496407e+00
-2.290168111076273938e-02 9.981311987707746081e-01 -5.665353512992663682e-02 -2.011100176888651561e+02 -9.996387624454983190e-01 -2.365993348505313065e-02 -1.274959465692804966e-02 6.092310462409852789e+01 -1.406618707162823195e-02 5.634108259431796356e-02 9.983124885492348222e-01 -5.722814013185035797e+00
-2.368069038361952927e-02 9.980797036361219732e-01 -5.723748852444447699e-02 -2.011248700216252416e+02 -9.995685395442897025e-01 -2.463344766223163340e-02 -1.599775014080028618e-02 5.995867530076887419e+01 -1.737698639725916358e-02 5.683395504364322642e-02 9.982324087595265683e-01 -5.696253080103148569e+00
-2.451884413797200679e-02 9.980681214016148273e-01 -5.708634971680665027e-02 -2.011500476076531641e+02 -9.994908925219240237e-01 -2.563986367130155486e-02 -1.898823732327025587e-02 5.899840050813976688e+01 -2.041524057819553775e-02 5.659171699788567017e-02 9.981886572784554046e-01 -5.697120961582506915e+00
-2.562971025127613878e-02 9.981122281275315311e-01 -5.581306311904549872e-02 -2.011786401048524340e+02 -9.994513048387131393e-01 -2.675588664135597483e-02 -1.952464561084767125e-02 5.803876153686541528e+01 -2.098111552396361018e-02 5.528202775161059068e-02 9.982503143996701578e-01 -5.711479880524001018e+00
-2.729803368549443832e-02 9.981708616939581891e-01 -5.394208210708033996e-02 -2.011862282785091054e+02 -9.994459866632900980e-01 -2.828115982293843977e-02 -1.754695818973879204e-02 5.709812480761200248e+01 -1.904040702161182569e-02 5.343320001844165112e-02 9.983898817777755452e-01 -5.722964782005069750e+00
-2.960431646100114556e-02 9.980718803751695845e-01 -5.455369878615504153e-02 -2.012016152452547715e+02 -9.994520168441913821e-01 -3.036543971051908208e-02 -1.317596665393601374e-02 5.615932704795508812e+01 -1.480710886553124675e-02 5.413373879163042857e-02 9.984239018831049250e-01 -5.718210940101210227e+00
-3.248370003045475407e-02 9.980471692598176237e-01 -5.335407355391882933e-02 -2.012185985551122656e+02 -9.994124142489904106e-01 -3.301963339555413768e-02 -9.194022809847567090e-03 5.521737781903867415e+01 -1.093780038838837454e-02 5.302406758151197858e-02 9.985333308306613143e-01 -5.675990528832967286e+00
-3.407725829793673000e-02 9.981858952399351725e-01 -4.963525975499159110e-02 -2.012411315765182849e+02 -9.993607118652301224e-01 -3.457051465992178052e-02 -9.113017961641538267e-03 5.427892305494412284e+01 -1.081240246738770366e-02 4.929298185541140104e-02 9.987258351983717697e-01 -5.669248342197079182e+00
-3.493313783407803186e-02 9.982119545789209791e-01 -4.850329490659235215e-02 -2.012684587290976594e+02 -9.992879467725901410e-01 -3.558080017119280569e-02 -1.255412658049785343e-02 5.334468646499170319e+01 -1.425746527566582739e-02 4.803020294469109719e-02 9.987441235316506516e-01 -5.707784414384993177e+00
-3.546947006685297055e-02 9.981414119834731702e-01 -4.955439815813386661e-02 -2.012923801590602864e+02 -9.992131053808103180e-01 -3.630098212094345911e-02 -1.598151220293408947e-02 5.243421972117224783e+01 -1.775068247742026331e-02 4.894854830016102942e-02 9.986435564759292838e-01 -5.702798196692280719e+00
-3.641354770247806627e-02 9.982330977259902260e-01 -4.695461796344285732e-02 -2.013209419656596992e+02 -9.991701432341221212e-01 -3.722534494863216636e-02 -1.653174409912826909e-02 5.152665853476143099e+01 -1.825043597350657631e-02 4.631367290367791739e-02 9.987602141099474196e-01 -5.652252049042867377e+00
-3.864322096903172188e-02 9.983663935259690092e-01 -4.208617054435630916e-02 -2.013501611195931957e+02 -9.991137784687784684e-01 -3.930676920457365497e-02 -1.505442023257898276e-02 5.062869161007226637e+01 -1.668409862651560466e-02 4.146712158624502736e-02 9.990005598999293079e-01 -5.644850645220638619e+00
-3.928108542025410266e-02 9.985551179250811149e-01 -3.666978038977272703e-02 -2.013593312125999262e+02 -9.991246930316197705e-01 -3.977876189034734722e-02 -1.294209708443280066e-02 4.970043613591264631e+01 -1.438207574303973502e-02 3.612930345437775914e-02 9.992436286157760916e-01 -5.655165314362469609e+00
-3.944665207056741174e-02 9.986829374893686495e-01 -3.280780407203418014e-02 -2.013772207182576892e+02 -9.991307581731616594e-01 -3.986470988587509368e-02 -1.218741063712494924e-02 4.880558152079499479e+01 -1.347923264679739587e-02 3.229853360944424934e-02 9.993873698491156921e-01 -5.682139091229890582e+00
-3.963515383632154609e-02 9.986279802604727251e-01 -3.422296920578835749e-02 -2.014049200183012260e+02 -9.990827794099881309e-01 -4.016220053583618999e-02 -1.485252620037395138e-02 4.792813866877877871e+01 -1.620661799341980430e-02 3.360289703297163894e-02 9.993038531118585421e-01 -5.665255337311396744e+00
-4.031761367799391316e-02 9.984941844117523058e-01 -3.720018445144281788e-02 -2.014324395138976627e+02 -9.990128828816497997e-01 -4.097748481360419248e-02 -1.714950654817425438e-02 4.705169207677990073e+01 -1.864805254730553946e-02 3.647203633278749135e-02 9.991606681119572508e-01 -5.626921902149170762e+00
-4.220762858826065944e-02 9.984235895808271088e-01 -3.699799802004723887e-02 -2.014637753809390404e+02 -9.990396018469067663e-01 -4.261177383505865279e-02 -1.020346373560647620e-02 4.616912041357617369e+01 -1.176392921304221517e-02 3.653180120341437825e-02 9.992632473329061682e-01 -5.611973140520893466e+00
-4.372882652122922487e-02 9.984947174471225928e-01 -3.310723427390803442e-02 -2.014957247960582265e+02 -9.990429072846072067e-01 -4.367064812226395532e-02 2.478688544670905325e-03 4.528306286860702556e+01 1.029143039773406515e-03 3.318393772252774265e-02 9.994487316225035833e-01 -5.612741459645730124e+00
-4.374062202996342741e-02 9.983970394442894802e-01 -3.591809590317013995e-02 -2.015404112462203443e+02 -9.990374225258712437e-01 -4.359282185021928768e-02 4.888177165215759970e-03 4.442996697490571023e+01 3.314570454124601828e-03 3.609733386293936114e-02 9.993427820876539247e-01 -5.655837766358170704e+00
-4.156181233353839488e-02 9.982538417852566681e-01 -4.197479144114478478e-02 -2.015786757079749236e+02 -9.990247311907560768e-01 -4.214727530439299485e-02 -1.316030598631659845e-02 4.357722671502794753e+01 -1.490644910062446059e-02 4.138688856862247911e-02 9.990319930962265893e-01 -5.629915494002006859e+00
-4.017074770075534929e-02 9.982399483368249449e-01 -4.362701655689250196e-02 -2.016080543374974638e+02 -9.984151773104068539e-01 -4.182348865892460132e-02 -3.765540482620957641e-02 4.271518184701416487e+01 -3.941376340050758292e-02 4.204522970433041684e-02 9.983379958279254840e-01 -5.592294545459036925e+00
-4.047204056476827461e-02 9.982833281106150425e-01 -4.233687221463378753e-02 -2.016268596284139107e+02 -9.982259149070694670e-01 -4.224892453547712812e-02 -4.195296394225635217e-02 4.183674468113115807e+01 -4.366963178764448478e-02 4.056384094227324932e-02 9.982221887273100558e-01 -5.603406579569357504e+00
-4.204616298328289759e-02 9.981943399024860719e-01 -4.289731885589193050e-02 -2.016579551750608346e+02 -9.989071659018270433e-01 -4.287573613013706542e-02 -1.860497678792361054e-02 4.100485475747708364e+01 -2.041063664767803210e-02 4.206817131680078148e-02 9.989062392805927448e-01 -5.628333125870080167e+00
-4.216242201906794662e-02 9.981260735895003400e-01 -4.434716890956733049e-02 -2.017061159823089724e+02 -9.990934822586789998e-01 -4.185902868739344029e-02 7.748253066010582502e-03 4.021247093931306438e+01 5.877403994364701484e-03 4.463365252985311560e-02 9.989861326285421894e-01 -5.612818708272058643e+00
-3.991369033018776769e-02 9.983038412196536537e-01 -4.238322699264829296e-02 -2.017412329250145717e+02 -9.991402773280213534e-01 -3.939949983458657101e-02 1.289905553398862544e-02 3.938523363203314887e+01 1.120729874280038639e-02 4.286163807962661831e-02 9.990181562093958245e-01 -5.561616268605869884e+00
-3.684922311394944749e-02 9.985230635091938423e-01 -3.992275536724858298e-02 -2.017596391466766192e+02 -9.993120574520647503e-01 -3.698694074267927512e-02 -2.716255772043530553e-03 3.854311023741634301e+01 -4.188864621828335827e-03 3.979519889022205270e-02 9.991990770404403088e-01 -5.594253557315978398e+00
-3.496917445792102619e-02 9.985434692640722254e-01 -4.108645552736793494e-02 -2.017861068481064137e+02 -9.991052808852323164e-01 -3.590820922240101076e-02 -2.234363931148115184e-02 3.771504493837414174e+01 -2.378643615535509792e-02 4.026835606914149629e-02 9.989057337679647652e-01 -5.640573057746536279e+00
-3.342691632875771646e-02 9.984583890953191432e-01 -4.431124586299602097e-02 -2.017873121103086760e+02 -9.989384456804777379e-01 -3.478330054595391019e-02 -3.020105535575801775e-02 3.688759125578627618e+01 -3.169578846190694577e-02 4.325467891812963955e-02 9.985611697564990008e-01 -5.616206473070544547e+00
-3.264422937463096197e-02 9.982396423652084572e-01 -4.951737774880150822e-02 -2.018091323893491165e+02 -9.991311770746642562e-01 -3.387746922932577398e-02 -2.427360863185445972e-02 3.607893841334487917e+01 -2.590840184057733794e-02 4.868196266788256399e-02 9.984782527550963849e-01 -5.575190564949332739e+00
-3.209288720758096680e-02 9.980331124338200910e-01 -5.385121239437404284e-02 -2.018429040104005594e+02 -9.993483656564036144e-01 -3.293240109020434403e-02 -1.477501330995673393e-02 3.528349557905324474e+01 -1.651940224575253191e-02 5.334194825928660622e-02 9.984396556153739555e-01 -5.544983506376958360e+00
-3.030753902118688003e-02 9.980554842499291812e-01 -5.446745300745128859e-02 -2.018898360268889292e+02 -9.994752503361299389e-01 -3.088374032442176009e-02 -9.768241863526136437e-03 3.449023105821664359e+01 -1.143140603818676784e-02 5.414281985834655531e-02 9.984677651350476468e-01 -5.550435767199116022e+00
-2.810102774888156851e-02 9.981400714753194681e-01 -5.409926020474667419e-02 -2.019134167176721064e+02 -9.995274089565358011e-01 -2.873235754494318783e-02 -1.092750541266947900e-02 3.371338575111224856e+01 -1.246158032076853661e-02 5.376661924608839432e-02 9.984757681940784613e-01 -5.583775462984363003e+00
-2.393886111239185155e-02 9.981328598862364565e-01 -5.619363793139404983e-02 -2.019172138268529295e+02 -9.996004868984667002e-01 -2.474319453359696830e-02 -1.366165863360380150e-02 3.293043375542722373e+01 -1.502656051763543929e-02 5.584414328822288887e-02 9.983264166290574115e-01 -5.599937606699490367e+00
-2.000276448840221377e-02 9.981267464236626141e-01 -5.781770910832940980e-02 -2.019194095200659831e+02 -9.997092508852406523e-01 -2.074629892001800258e-02 -1.228840004201337335e-02 3.216072132103246872e+01 -1.346488422871925175e-02 5.755509668860907257e-02 9.982515252870250988e-01 -5.559419007122245127e+00
-1.630399751279765219e-02 9.983066992927699390e-01 -5.583828267665513073e-02 -2.019248801229244350e+02 -9.998250827240594552e-01 -1.678972238738696277e-02 -8.240702517538549265e-03 3.138835225142858576e+01 -9.164257794866993712e-03 5.569415920300647277e-02 9.984058177964205694e-01 -5.531049975232938287e+00
-1.274240325831277332e-02 9.985761318907182549e-01 -5.180096502357524335e-02 -2.019226983044933945e+02 -9.998752217800666031e-01 -1.320846138434972339e-02 -8.664722622272528346e-03 3.061805081261722350e+01 -9.336596246240832370e-03 5.168409200159433670e-02 9.986198388798940284e-01 -5.543450122914626910e+00
-8.431329978064505681e-03 9.986714959134976866e-01 -5.083459377921258071e-02 -2.019163334942156780e+02 -9.998185236528915887e-01 -9.287673745408397963e-03 -1.663306577125450020e-02 2.984362597165718967e+01 -1.708310379740803076e-02 5.068512963676249233e-02 9.985685681005344039e-01 -5.561131958737687064e+00
-4.614186667553088483e-03 9.985915975238177644e-01 -5.285386112883953824e-02 -2.019246840070254905e+02 -9.995873175557401513e-01 -6.104492506850300870e-03 -2.807008644364347716e-02 2.908274649499267639e+01 -2.835319846360868923e-02 5.270252864961499917e-02 9.982076635704715262e-01 -5.586536867359649605e+00
-1.813433080586124291e-03 9.983581860469759039e-01 -5.725071015676794911e-02 -2.019400971553811530e+02 -9.996382360342128681e-01 -3.346125327111426628e-03 -2.668708496076081793e-02 2.833299207655531404e+01 -2.683483778355736510e-02 5.718160367012524448e-02 9.980030840046753005e-01 -5.555402032071011575e+00
1.289921012655570465e-03 9.985971455505624483e-01 -5.293464840773443036e-02 -2.019304167825996785e+02 -9.999594047048039336e-01 8.160061644052474250e-04 -8.973465125257408526e-03 2.759281354765577987e+01 -8.917681660368218660e-03 5.294407457127760924e-02 9.985576597881543615e-01 -5.451031767363451408e+00
4.781741030478903198e-03 9.989808632650972742e-01 -4.488173105884966929e-02 -2.018938349516408266e+02 -9.999010347402547128e-01 5.370341768776598634e-03 1.300308250588540562e-02 2.689263077637571087e+01 1.323086082179703027e-02 4.481511195353650445e-02 9.989076784480667159e-01 -5.478830036481968868e+00
9.999839888046535563e-03 9.990193558470189528e-01 -4.313154118764143258e-02 -2.018704416091135272e+02 -9.997683709984802602e-01 1.081080179369853234e-02 1.860996817898402655e-02 2.615161847439888021e+01 1.905800496533847921e-02 4.293545396971063660e-02 9.988960602781232767e-01 -5.573953199094933808e+00
1.754974322656943642e-02 9.986413193071732586e-01 -4.906650471666106766e-02 -2.018445043523515494e+02 -9.998410303336813243e-01 1.768310341221757120e-02 2.285150978754823398e-03 2.537045805806368648e+01 3.149694265220583100e-03 4.901860081786774126e-02 9.987928995542039168e-01 -5.560179042822656292e+00
2.399629353351540040e-02 9.983441305079675532e-01 -5.227977598406614856e-02 -2.018402598083381179e+02 -9.995166354461676450e-01 2.292484592456656145e-02 -2.099873581214339868e-02 2.460047370078105189e+01 -1.976545883673523282e-02 5.275839762185408066e-02 9.984116776747694599e-01 -5.465676806586714065e+00
3.104217098159767207e-02 9.982122617802100528e-01 -5.107508250004604705e-02 -2.018173044769248463e+02 -9.990542449533619251e-01 2.943066396861604428e-02 -3.200705639439943573e-02 2.386542030320109831e+01 -3.044666256615200656e-02 5.202034650022675788e-02 9.981817891990312219e-01 -5.431854128052611586e+00
3.873189707754620681e-02 9.982571089102322270e-01 -4.452622439595621540e-02 -2.017772972385168941e+02 -9.989767291478485189e-01 3.764150134528043701e-02 -2.507213587908141070e-02 2.313744313521000606e+01 -2.335240394135567124e-02 4.545175339475830689e-02 9.986935482636812855e-01 -5.457843390348815937e+00
4.976914370528151554e-02 9.978822179204849263e-01 -4.188211423670709643e-02 -2.017142226937043290e+02 -9.987296925144437676e-01 4.939313095674624510e-02 -9.965937200997015272e-03 2.243659115236074442e+01 -7.876142764548097613e-03 4.232490723419551903e-02 9.990728545019973428e-01 -5.501726331749942744e+00
6.338485860183362686e-02 9.969137825727357738e-01 -4.631705751174311492e-02 -2.016385848052094332e+02 -9.979875198793702884e-01 6.340054671184269797e-02 -1.131742754874771884e-03 2.174580919386762901e+01 1.808276817666883141e-03 4.629558070874605080e-02 9.989261480919351399e-01 -5.505748138212401166e+00
7.746468576148701768e-02 9.956876549567621471e-01 -5.104229840610927105e-02 -2.015938735308056096e+02 -9.969947659749371915e-01 7.740476246974681285e-02 -3.152675940021616718e-03 2.106101555436559991e+01 8.118364704761092676e-04 5.113312540522339106e-02 9.986915161389120499e-01 -5.452610695451523881e+00
9.127811717915368384e-02 9.945889215229837266e-01 -4.961030646928883681e-02 -2.015430086078331158e+02 -9.958054335687180902e-01 9.084716468405040768e-02 -1.087801194549881459e-02 2.036436876268593466e+01 -6.312194487346104582e-03 5.039513719216462406e-02 9.987094103632632169e-01 -5.388616697623534790e+00
1.038462483519609902e-01 9.936354169474741482e-01 -4.364189375865713816e-02 -2.014621757228538002e+02 -9.945020032457208004e-01 1.031419733859882948e-01 -1.809692974767956181e-02 1.963320773597851598e+01 -1.348043929073518797e-02 4.528124902940696556e-02 9.988833196339128584e-01 -5.403964588797034452e+00
1.159703744811404480e-01 9.925417195543937421e-01 -3.757402276455554940e-02 -2.013431044528103371e+02 -9.931309421892864364e-01 1.152809190705437192e-01 -2.003101007116523183e-02 1.892026243705286603e+01 -1.555004530297021854e-02 3.963892836919327700e-02 9.990930644583704279e-01 -5.452006160746631025e+00
1.293402689485715351e-01 9.909551218270595818e-01 -3.576368763185578531e-02 -2.012283972848339602e+02 -9.915379642245432112e-01 1.288436924539965167e-01 -1.586721198788745846e-02 1.825904441635545083e+01 -1.111576941825316751e-02 3.751332349363011714e-02 9.992343019686136252e-01 -5.454525339357312319e+00
1.437634909182340381e-01 9.888335260355144429e-01 -3.924686569873726133e-02 -2.011336113374356103e+02 -9.895986930538952508e-01 1.434422041581842056e-01 -1.089774161304140655e-02 1.758614218791734274e+01 -5.146395342920571936e-03 4.040534437934788226e-02 9.991701170274062127e-01 -5.409734405978364080e+00
1.572882897539817915e-01 9.866250185746746615e-01 -4.279563796452287572e-02 -2.010341285066483010e+02 -9.875519589775453300e-01 1.570862698228506771e-01 -8.064251531013907903e-03 1.692694420090939644e+01 -1.233785184041370081e-03 4.353132843901747623e-02 9.990513005939455349e-01 -5.364432902250134028e+00
1.708343004989180125e-01 9.843202230266784314e-01 -4.392425655324881661e-02 -2.009175205942058824e+02 -9.852994420423503152e-01 1.706278924979744982e-01 -8.433967792980837791e-03 1.626520853745473616e+01 -8.070217337655220813e-04 4.471935646238539563e-02 9.989992631996839068e-01 -5.354992533314846703e+00
1.872714824049279692e-01 9.814149531714225771e-01 -4.188175699985578759e-02 -2.007665889230271148e+02 -9.823003568573772659e-01 1.869293637699581678e-01 -1.197588737538528292e-02 1.559314680603055514e+01 -3.924384758148952851e-03 4.338320702867515949e-02 9.990507977836647902e-01 -5.370009423852600605e+00
2.060350075079520060e-01 9.777564831197199657e-01 -3.926621192011017780e-02 -2.006219557232465149e+02 -9.785142735341633147e-01 2.055466527874162397e-01 -1.613660490307573109e-02 1.493977738564915647e+01 -7.706631631703767665e-03 4.174725434380317790e-02 9.990984809235008424e-01 -5.382446668140340229e+00
2.261892142581883869e-01 9.733358261421567459e-01 -3.815506390282592808e-02 -2.004606883104161739e+02 -9.740498646691453377e-01 2.256828971700092223e-01 -1.714908344404521973e-02 1.432572225142114597e+01 -8.080871938293935491e-03 4.104387254044688377e-02 9.991246669137943126e-01 -5.360838932576123206e+00
2.498600731310055556e-01 9.674682345434365560e-01 -3.968827288222948058e-02 -2.002587963015321009e+02 -9.682729645852515832e-01 2.494711521337958926e-01 -1.454683148745555127e-02 1.372045909574301703e+01 -4.172518215239229278e-03 4.206375402222484877e-02 9.991062159196595349e-01 -5.340747449870708152e+00
2.758513373546470637e-01 9.602335143603097922e-01 -4.310031993966920855e-02 -2.000894144764117470e+02 -9.612000743199717867e-01 2.755422819096937648e-01 -1.307164898855847981e-02 1.311364364610041200e+01 -6.758749395535598725e-04 4.503386258414897314e-02 9.989852323301972037e-01 -5.309658864815159696e+00
3.030306290060753582e-01 9.519645820664106584e-01 -4.399854969548797068e-02 -1.999137207148087612e+02 -9.529808028600113001e-01 3.026994805125100552e-01 -1.416382285065704433e-02 1.250807608177183461e+01 -1.651195643603449448e-04 4.622184536104746028e-02 9.989311856914613319e-01 -5.292187722820912654e+00
3.320958785728183038e-01 9.423537057133871686e-01 -4.101000808576668599e-02 -1.996691048266437463e+02 -9.432387257560673754e-01 3.316130121760810789e-01 -1.826243109710989562e-02 1.189880362265106584e+01 -3.610217309010382153e-03 4.474710587013484842e-02 9.989918232133978560e-01 -5.294057790072547398e+00
3.616526397264240300e-01 9.316117061549901157e-01 -3.615241532592207430e-02 -1.993953667196290667e+02 -9.322765038701520401e-01 3.610238238528136190e-01 -2.285429811521890592e-02 1.132254487469327486e+01 -8.239448437614401224e-03 4.196936460897588567e-02 9.990849232791788603e-01 -5.297902963726437875e+00
3.921119287232655015e-01 9.193611533547705328e-01 -3.198913964312358194e-02 -1.991351477805849015e+02 -9.198536384423607881e-01 3.914377822223130687e-01 -2.541154251964783742e-02 1.077062194027363162e+01 -1.084062716228303969e-02 3.938949544058037433e-02 9.991651257182992962e-01 -5.283976001608315265e+00
4.246526080243121504e-01 9.047934604671526992e-01 -3.192109637880139600e-02 -1.988653889204755956e+02 -9.053148898236699216e-01 4.240316144170960255e-01 -2.453854597133305754e-02 1.024941727942587377e+01 -8.666761892767875508e-03 3.931900139507640141e-02 9.991891229229770133e-01 -5.271621819358531802e+00
4.575362316175256572e-01 8.884997480015158766e-01 -3.505416606448942540e-02 -1.985834431120101158e+02 -8.891790228646617722e-01 4.569699757508574045e-01 -2.321866834481248892e-02 9.711413360103303916e+00 -4.611079556840400745e-03 4.179281114622093035e-02 9.991156584108852323e-01 -5.266152806660644892e+00
4.903755898078228093e-01 8.706815665364558976e-01 -3.801829315280678967e-02 -1.982648934837799288e+02 -8.715049591828759601e-01 4.897401048056619910e-01 -2.517411099905692701e-02 9.149371290041685256e+00 -3.299551527633535347e-03 4.547790055138963700e-02 9.989598958522580840e-01 -5.263460243527033455e+00
5.232634092788180924e-01 8.513499418441121680e-01 -3.739894426230568752e-02 -1.979260299494241906e+02 -8.521420221005011619e-01 5.223795910608577397e-01 -3.120155466575502690e-02 8.625516290920502982e+00 -7.026996540285365689e-03 4.819584385730749099e-02 9.988131867143649201e-01 -5.232030406559412761e+00
5.557146350153590042e-01 8.308273037184634724e-01 -3.012035566945236303e-02 -1.975681041884299987e+02 -8.312615258806350660e-01 5.546817089639151099e-01 -3.650311399687575231e-02 8.144777553870449438e+00 -1.362057342201920818e-02 4.532320748555425383e-02 9.988795156788814467e-01 -5.189478296749566510e+00
5.879816091817648971e-01 8.085622849537049683e-01 -2.246460804167524361e-02 -1.971536928635243271e+02 -8.086728899146563565e-01 5.869887262316171306e-01 -3.863149484632698305e-02 7.667606498071693366e+00 -1.804949808444791803e-02 4.088112801070194202e-02 9.990009754707309675e-01 -5.241829429980112032e+00
6.204258398768099925e-01 7.839607244812090148e-01 -2.184856251685996648e-02 -1.967327277988643175e+02 -7.840770386753761478e-01 6.194262207179566104e-01 -3.917083748303270413e-02 7.171135353408767621e+00 -1.717482562379542277e-02 4.143355594162197869e-02 9.989936365196850909e-01 -5.284271698966761299e+00
6.518267431459099370e-01 7.579196997896056054e-01 -2.606962966039485727e-02 -1.963441446031782789e+02 -7.582338676851851922e-01 6.506800343103262829e-01 -4.119338351091864775e-02 6.689925479082557302e+00 -1.425828934203032458e-02 4.661782513960414237e-02 9.988110329608359539e-01 -5.252980336357947699e+00
6.819446400490336568e-01 7.307810081490747622e-01 -3.017658093647769546e-02 -1.959247134964152508e+02 -7.312708122044401238e-01 6.804533614112657780e-01 -4.718285877273475926e-02 6.234524477263111208e+00 -1.394658116716914788e-02 5.424335049322806523e-02 9.984303439905141131e-01 -5.205198699392057371e+00
7.104794236968480226e-01 7.031475903126941374e-01 -2.832763210800326448e-02 -1.954553595768138052e+02 -7.034773885682034100e-01 7.086083481737390777e-01 -5.471537874990860251e-02 5.809394146471388076e+00 -1.839979012531905295e-02 5.880199942124875179e-02 9.981000814484525252e-01 -5.168116964553748360e+00
7.380792382973778709e-01 6.743478063695611535e-01 -2.222777629281093292e-02 -1.949678830005750001e+02 -6.743088398306000819e-01 7.360940247262959257e-01 -5.893365158000147402e-02 5.397015166857670465e+00 -2.338004535223107277e-02 5.848609071227000439e-02 9.980144040406049299e-01 -5.184206897308563100e+00
7.653870912088277523e-01 6.433724743399596990e-01 -1.595179841170225182e-02 -1.944172950427833086e+02 -6.430369390429441223e-01 7.635091275282930301e-01 -5.964316563752834754e-02 4.998416099497405618e+00 -2.619342736585866804e-02 5.590770468068524679e-02 9.980922967943228752e-01 -5.231114938801749936e+00
7.916152169480119571e-01 6.108899489278548645e-01 -1.260232499481036585e-02 -1.939048831950219949e+02 -6.104251976478122232e-01 7.897667037444648930e-01 -6.041218199363521113e-02 4.607302142715814952e+00 -2.695229810204422677e-02 5.551597928097340429e-02 9.980939583383385827e-01 -5.272271464726881796e+00
8.165099297506519527e-01 5.771305657169749637e-01 -1.522644849562877767e-02 -1.933864066545304752e+02 -5.768067394703231265e-01 8.143600398765482584e-01 -6.412262279321996605e-02 4.256148623943593279e+00 -2.460731436382877085e-02 6.113947634279602583e-02 9.978258588112097760e-01 -5.266997423430018088e+00
8.403966031059166841e-01 5.416473214010559811e-01 -1.875443166554614793e-02 -1.928261078301009661e+02 -5.415461714754918887e-01 8.378622046152655045e-01 -6.866345634676486454e-02 3.898342834871761031e+00 -2.147774774676267096e-02 6.786092613800782936e-02 9.974635838242007502e-01 -5.208177486707358028e+00
8.623237569887290954e-01 5.060314217092699574e-01 -1.816420589341524727e-02 -1.922361767368583116e+02 -5.059679768295811675e-01 8.596996541980070905e-01 -7.009216072291778177e-02 3.548467968565119701e+00 -1.985307421594224159e-02 6.963264187665156590e-02 9.973751303443726401e-01 -5.168933172354219785e+00
8.820632145335806085e-01 4.709428763466283474e-01 -1.331513368505611930e-02 -1.915988039920481754e+02 -4.707505072881789099e-01 8.798629316412829304e-01 -6.507827142394931319e-02 3.274553533813189254e+00 -1.893265577273219383e-02 6.367125522534766713e-02 9.977913237763795795e-01 -5.173725463581673623e+00
8.997936800286525649e-01 4.362073557440241389e-01 -9.719885560085425244e-03 -1.909497940102856717e+02 -4.360568585237178940e-01 8.982697129883054910e-01 -5.446043391613303308e-02 3.007797310909644306e+00 -1.502496305889144783e-02 5.324157701189548286e-02 9.984686199187059463e-01 -5.237243262446241054e+00
9.164207060574153241e-01 4.000798867178794183e-01 -1.044862445669567097e-02 -1.903029879100201924e+02 -4.001118733868452848e-01 9.152729228393089445e-01 -4.675430987681841039e-02 2.748613422468777046e+00 -9.142115952960005315e-03 4.702723637422522723e-02 9.988517711627212803e-01 -5.291962917795095755e+00
9.310970738306472150e-01 3.645421581618282225e-01 -1.293267283754161341e-02 -1.896638970819311965e+02 -3.647375963792905962e-01 9.299419414709932941e-01 -4.663122645414099349e-02 2.488293002615868943e+00 -4.972413042372869282e-03 4.813523050610962056e-02 9.988284510828973062e-01 -5.273116654713498441e+00
9.435998772140783419e-01 3.308831031449834814e-01 -1.164662074262475672e-02 -1.890138471226756565e+02 -3.310536594931409171e-01 9.424113234008354434e-01 -4.758541858684636749e-02 2.265881291026493383e+00 -4.769303699264080577e-03 4.875725155330340455e-02 9.987992712067785828e-01 -5.174541298697564962e+00
9.539986371720237113e-01 2.997255065575638588e-01 -7.156884289489831921e-03 -1.882942743225733579e+02 -2.997535662443776006e-01 9.530772815983379331e-01 -4.232605373644049429e-02 2.072224588782423993e+00 -5.865134073396472206e-03 4.252429917040700946e-02 9.990782172494637736e-01 -5.133029498103916843e+00
9.629029345792232686e-01 2.698253359893448278e-01 -3.496660829608832545e-03 -1.875519111582643461e+02 -2.697857228421049469e-01 9.623215606256111387e-01 -3.395405286046410814e-02 1.922334837218868442e+00 -5.796751614747086730e-03 3.363780630964865320e-02 9.994172780462580175e-01 -5.187337579819761402e+00
9.707340398989202646e-01 2.401273258455481063e-01 -3.780365562674370579e-03 -1.868595057272239899e+02 -2.401373624316602562e-01 9.703323535361974006e-01 -2.809218477209592113e-02 1.770107340919955252e+00 -3.077490192825407117e-03 2.817784702865170493e-02 9.995981882691379328e-01 -5.242238778091518725e+00
9.776144873287178072e-01 2.102458928670567218e-01 -8.159577044325943412e-03 -1.861539762100807991e+02 -2.103931306711589178e-01 9.772250603479801789e-01 -2.767511507248349156e-02 1.634135717392567688e+00 2.155163890942580866e-03 2.877231239265747725e-02 9.995836679879190889e-01 -5.234136058978672956e+00
9.830719642796705848e-01 1.828156912516439581e-01 -1.216289766024855265e-02 -1.854228766533998112e+02 -1.831058678252044103e-01 9.826344426567883428e-01 -3.002987300275581847e-02 1.514909656158813123e+00 6.461750172272007035e-03 3.174862417123717334e-02 9.994749975101652195e-01 -5.148657927771918885e+00
9.874871754379755950e-01 1.571555871360759138e-01 -1.308433328236302193e-02 -1.846726698933693172e+02 -1.574891497317598144e-01 9.870530337093506024e-01 -3.038875387269105929e-02 1.396893008823729687e+00 8.139168403224178450e-03 3.206914525026985374e-02 9.994525120587876010e-01 -5.074471185284629371e+00
9.909188433478761660e-01 1.339957822800762199e-01 -1.117927677703738944e-02 -1.839135232762064902e+02 -1.342571025481571201e-01 9.905687844355103300e-01 -2.735897873330003782e-02 1.302793886680384539e+00 7.407854850145547884e-03 2.861142487024975756e-02 9.995631596119443074e-01 -5.088706034590869010e+00
9.936240369531944561e-01 1.124456467752342342e-01 -8.200592060092598903e-03 -1.831475733056369108e+02 -1.126169199180387520e-01 9.933289966884631950e-01 -2.479785648125724593e-02 1.242118709337223237e+00 5.357474872628754936e-03 2.556327168400471597e-02 9.996588501102757762e-01 -5.156263283481107074e+00
9.956609710973942651e-01 9.273822724155922348e-02 -7.671495387909436740e-03 -1.823762289693755179e+02 -9.290868411318689568e-02 9.953327208211211197e-01 -2.609121076493207611e-02 1.164031696066805344e+00 5.216037744288895030e-03 2.669074878899010614e-02 9.996301300377721244e-01 -5.147832640910636748e+00
9.970630062283378781e-01 7.591952287718102543e-02 -1.007907024534344421e-02 -1.816183641433476623e+02 -7.619237881758277042e-02 9.966352568700211911e-01 -3.021400625115564301e-02 1.090643410960579374e+00 7.751323824182950253e-03 3.089321624124127461e-02 9.994926343746833863e-01 -5.064303734772140686e+00
9.980211007220637365e-01 6.157706759658125584e-02 -1.273370565571196877e-02 -1.808335543669867320e+02 -6.193394612742263161e-02 9.976339990975725547e-01 -2.984275727325035737e-02 1.063295961235982245e+00 1.086594821475600492e-02 3.057235010251401625e-02 9.994734926843250600e-01 -4.986231731175492676e+00
9.986277172753058595e-01 5.074128920492694539e-02 -1.296163027299353059e-02 -1.800391518276715601e+02 -5.103670047827957301e-02 9.984183821466211528e-01 -2.357942738944381056e-02 1.058358323666252376e+00 1.174467938269052429e-02 2.420858859053207079e-02 9.996379378278178462e-01 -4.991682528561106835e+00
9.990007721492243364e-01 4.330830149831482040e-02 -1.103849023121396440e-02 -1.792604705605618847e+02 -4.351338523852823353e-02 9.988708176398443106e-01 -1.907026409340778841e-02 1.040052018881725271e+00 1.020012501575233606e-02 1.953153063228655131e-02 9.997572089066539824e-01 -5.054139821614836769e+00
9.992202208165957833e-01 3.881037107165835609e-02 -7.259849069626077983e-03 -1.784424132233707496e+02 -3.894431077013807418e-02 9.990545830872105126e-01 -1.932047284822420441e-02 9.940913609625567915e-01 6.503150765011872503e-03 1.958813696399544502e-02 9.997869842723535738e-01 -5.053826440067439307e+00
9.993004367698133938e-01 3.699120899734157503e-02 -5.503410631151675440e-03 -1.776167660342588022e+02 -3.710396834772341362e-02 9.990684689657037820e-01 -2.203383424135983357e-02 9.542774636581046188e-01 4.683225865919358848e-03 2.222261855496733204e-02 9.997420780481579561e-01 -4.981084340341809025e+00
9.992871084123596814e-01 3.720924911292868703e-02 -6.383317422537715218e-03 -1.768293044790522970e+02 -3.735057335471191758e-02 9.990218533448392835e-01 -2.367004878568367693e-02 9.519996824248280198e-01 5.496328860170352458e-03 2.389159517266223332e-02 9.996994458581871523e-01 -4.921678592554808773e+00
9.992634932319263141e-01 3.758936836837695195e-02 -7.714303571569909937e-03 -1.760167604188295911e+02 -3.775867878955053991e-02 9.990193707952430557e-01 -2.312096347352722223e-02 9.495100985543449834e-01 6.837636287155064718e-03 2.339521663808857496e-02 9.997029111533393131e-01 -4.903915244590512756e+00
9.992504324365545365e-01 3.800764612581889607e-02 -7.347932452962906494e-03 -1.751682684135128341e+02 -3.816324176442997124e-02 9.990217079388339361e-01 -2.234265080523831909e-02 9.060571693410920391e-01 6.491552463659948369e-03 2.260632440158445028e-02 9.997233686593816060e-01 -4.933875216248571505e+00
9.992610561409803749e-01 3.822990894993207739e-02 -3.976901016152081109e-03 -1.743211801609743077e+02 -3.830964080839060343e-02 9.990147921924111829e-01 -2.240125893528059631e-02 8.595346574843762966e-01 3.116584852761330668e-03 2.253705931201537005e-02 9.997411504266603410e-01 -4.924779264270022772e+00
9.992572372352371834e-01 3.846329382572841182e-02 -2.355602062464959030e-03 -1.734977039994212760e+02 -3.850454859851565326e-02 9.990350177974702817e-01 -2.112896002250953115e-02 8.405770826570709842e-01 1.540639550820584571e-03 2.120396761183959700e-02 9.997739835519278140e-01 -4.877270364955827553e+00
9.991985919637677016e-01 3.942319347462958090e-02 -6.927166367717689857e-03 -1.727128847263486193e+02 -3.955292758710132750e-02 9.990230137248694575e-01 -1.971253325599710976e-02 8.440543781128104772e-01 6.143267608824639139e-03 1.997072518315740064e-02 9.997816913700435792e-01 -4.851144651263058272e+00
9.990799188181118673e-01 3.958224123667662686e-02 -1.650945162858329096e-02 -1.718716355551761410e+02 -3.989029775544185308e-02 9.990278059994465165e-01 -1.876717839512327332e-02 8.142154200895626026e-01 1.575055425619004135e-02 1.940847800868803277e-02 9.996875667037222746e-01 -4.834707207579968191e+00
9.989661314460174246e-01 3.925456135528670315e-02 -2.292918743833284936e-02 -1.710129171665832075e+02 -3.959328103741373978e-02 9.991105210250076363e-01 -1.450995774736160704e-02 7.778562327786093800e-01 2.233921038153636671e-02 1.540279812053244393e-02 9.996317889551069591e-01 -4.799380424212224661e+00
9.989947595215715737e-01 3.924085898351815233e-02 -2.167084296175660410e-02 -1.701601026145131073e+02 -3.944577727161385078e-02 9.991801769259425203e-01 -9.110691174687881103e-03 7.510306333296632442e-01 2.129556535703397077e-02 9.956355983890196812e-03 9.997236467502638169e-01 -4.797456988995097760e+00
9.991222404621384889e-01 3.894588665962053775e-02 -1.542616369071074002e-02 -1.692883603187070491e+02 -3.903879587381688110e-02 9.992210473791615089e-01 -5.768092510871273941e-03 7.329899432542227311e-01 1.518950396290377931e-02 6.365248368092332222e-03 9.998643720938222845e-01 -4.805418477821580048e+00
9.992043991021366534e-01 3.900786930920843026e-02 -8.303911541786763648e-03 -1.684259002910258971e+02 -3.905765833185429609e-02 9.992194186922734866e-01 -5.920526489018005517e-03 7.063528130350811285e-01 8.066482540130910303e-03 6.240147452644567369e-03 9.999479948573321009e-01 -4.766030866446373082e+00
9.992167585978514177e-01 3.899892247605969003e-02 -6.704728399378951861e-03 -1.675700962150772284e+02 -3.904144585103198201e-02 9.992175239524043739e-01 -6.332877093947851879e-03 6.884696631014288748e-01 6.452506727163517114e-03 6.589679213163383842e-03 9.999574697379901567e-01 -4.666497325519626038e+00
9.989631101937469504e-01 3.855028797711403110e-02 -2.421940892997431066e-02 -1.667279364002330624e+02 -3.874099288598241431e-02 9.992214788563034134e-01 -7.454640328695878899e-03 6.761055875844538265e-01 2.391317507659745933e-02 8.385194637188606026e-03 9.996788727229621863e-01 -4.618784975280004090e+00
9.980265032110945400e-01 3.752965064876914031e-02 -5.034505149879719282e-02 -1.658738787218049708e+02 -3.794127163551625631e-02 9.992537061385180497e-01 -7.245044866403317109e-03 6.370818286308154166e-01 5.003557529313686775e-02 9.140902068043911879e-03 9.987056048278026843e-01 -4.635086866218914636e+00
9.976458820425820884e-01 3.738508829138843109e-02 -5.748955745979919540e-02 -1.650173114317657621e+02 -3.756644779910602722e-02 9.992919738375873884e-01 -2.076782014459185258e-03 5.954012874354143170e-01 5.737121267007960768e-02 4.231571483932557165e-03 9.983439476250360878e-01 -4.621687448743994509e+00
9.989829209382925512e-01 3.825067001979195330e-02 -2.387488045277050622e-02 -1.640840882421803997e+02 -3.824349731924741452e-02 9.992681630497286527e-01 7.571182296410201591e-04 5.602987883215007070e-01 2.388636821263982399e-02 1.567107460504659345e-04 9.997146677204212795e-01 -4.662646491679531380e+00
9.989246769758327593e-01 3.983205027137386861e-02 2.372546100514868680e-02 -1.631468569554778298e+02 -3.957055377835105164e-02 9.991518450824932174e-01 -1.139130115149405466e-02 5.389735758148863631e-01 -2.415907701884972489e-02 1.044022219247022452e-02 9.996536103862022626e-01 -4.635839425815200698e+00
9.983426949632079328e-01 4.011763889494056323e-02 4.126061636832682039e-02 -1.622363500581129188e+02 -3.894036681405234346e-02 9.988220393648493678e-01 -2.895136458667238802e-02 5.134424295531000437e-01 -4.237347337646677620e-02 2.729667980796435592e-02 9.987288821424337160e-01 -4.460340185879204888e+00
9.991778479601576279e-01 3.920830228669011652e-02 1.031199192705564531e-02 -1.613983496079895303e+02 -3.888664275228481682e-02 9.988011190935837114e-01 -2.973471898069509484e-02 4.829367743757337350e-01 -1.146547692703205577e-02 2.930927377469912110e-02 9.995046319600702223e-01 -4.317305036060580470e+00
9.985936527798062734e-01 3.783550970507421757e-02 -3.713745862658003605e-02 -1.605699792939818735e+02 -3.843453788201608295e-02 9.991401127059460485e-01 -1.555061026922764482e-02 4.509347492967079041e-01 3.651715933201239717e-02 1.695610177212829653e-02 9.991891651169030331e-01 -4.395032807583605816e+00
9.978201534437499687e-01 3.757761272788102264e-02 -5.424817419199098878e-02 -1.596857238643067092e+02 -3.776701100031550767e-02 9.992835191978673981e-01 -2.470048507086503725e-03 4.122611951889557647e-01 5.411648789041330343e-02 4.513455571810516022e-03 9.985244285730860980e-01 -4.555381565871702954e+00
9.987693700781287154e-01 3.809176403666207633e-02 -3.176102810542046073e-02 -1.587321117516011668e+02 -3.821720223584121334e-02 9.992638353026440656e-01 -3.351553298841213665e-03 3.911576479644752191e-01 3.160998018036176305e-02 4.561246411390003364e-03 9.994898719767858486e-01 -4.587917393762975138e+00
9.992587955804719257e-01 3.846885031262337051e-02 -1.416690047116669470e-03 -1.577944496785514730e+02 -3.848478018648933408e-02 9.991636007669856268e-01 -1.382102009076582178e-02 3.681522238526257484e-01 8.838263756084114436e-04 1.386529689464783069e-02 9.999034815385737796e-01 -4.446887660036948908e+00
9.992660637199711759e-01 3.785453954847702723e-02 5.862399949442976405e-03 -1.569064367337302599e+02 -3.772049472849494517e-02 9.990570405526650877e-01 -2.149869762539521542e-02 3.585065580573405519e-01 -6.670695243527865331e-03 2.126178632484527695e-02 9.997516883042731894e-01 -4.247142938886433683e+00
9.992671471100268432e-01 3.598103270907540563e-02 -1.305886640472662084e-02 -1.560262219627302329e+02 -3.625701386476816446e-02 9.991100989670892440e-01 -2.155084888312394642e-02 3.423247057754265077e-01 1.227182350745238508e-02 2.200853078153289927e-02 9.996824630454613780e-01 -4.217351163520154600e+00
9.989067606771182550e-01 3.400649485161979374e-02 -3.207556361863563021e-02 -1.551055246967574135e+02 -3.444992839031218307e-02 9.993169268707949859e-01 -1.337468143219091785e-02 3.033035100881221191e-01 3.159882762775777232e-02 1.446506057425913164e-02 9.993959556227622887e-01 -4.305379590501696718e+00
9.988307595020976537e-01 3.322745365114090216e-02 -3.511481448511622611e-02 -1.541672024682520430e+02 -3.349556685137677209e-02 9.994138261896373665e-01 -7.074674712967109376e-03 2.703388448295177549e-01 3.485915767438729079e-02 8.242593332843125772e-03 9.993582434649657120e-01 -4.365922375607200756e+00
9.991554891491541968e-01 3.307261171585988008e-02 -2.438259332815822730e-02 -1.532262709414148105e+02 -3.323961628916632244e-02 9.994264298711640349e-01 -6.476046936842788301e-03 2.451331069294079568e-01 2.415442841516575803e-02 7.281045891296803602e-03 9.996817243296315381e-01 -4.318780908116458761e+00
9.993518161124594901e-01 3.283806924310846836e-02 -1.475157080157219261e-02 -1.522956610406436084e+02 -3.303096439049191951e-02 9.993694065164002716e-01 -1.302861122652971236e-02 2.457852225403494850e-01 1.431443411955353809e-02 1.350742490050619617e-02 9.998063044652170106e-01 -4.210238589076133131e+00
9.993801180569098497e-01 3.222438095437994698e-02 -1.417635018838980625e-02 -1.513653650468569083e+02 -3.246128944617480971e-02 9.993315962773924310e-01 -1.681146540818206914e-02 2.135958856784502535e-01 1.362513559743625847e-02 1.726122689109430702e-02 9.997581736230845006e-01 -4.106380329455725509e+00
9.993181141258664635e-01 3.178360160111881605e-02 -1.879120669842942667e-02 -1.504256918086510098e+02 -3.207098405050090584e-02 9.993700816501840389e-01 -1.519512699970168579e-02 1.855347042545323899e-01 1.829641390967797973e-02 1.578741814755992012e-02 9.997079566884919943e-01 -4.089194824244771986e+00
9.992701759867471667e-01 3.112174174931698484e-02 -2.214842147657723748e-02 -1.494620219199048847e+02 -3.137879532410409872e-02 9.994430676522825241e-01 -1.135454648161265956e-02 1.600250396019000931e-01 2.178271304092468247e-02 1.204125044519629290e-02 9.996902128661122600e-01 -4.119444415061854770e+00
9.992769728103716442e-01 3.082837710437922110e-02 -2.225180388305295076e-02 -1.485109680450186147e+02 -3.105057326452531283e-02 9.994706488934946842e-01 -9.709989719926445315e-03 1.416139000732590802e-01 2.194068164128017834e-02 1.039390040008651185e-02 9.997052432210151718e-01 -4.115330634586224612e+00
9.993274583512526954e-01 3.016157819775599006e-02 -2.085450037392270334e-02 -1.475667924969359603e+02 -3.037961244311478473e-02 9.994861996839127238e-01 -1.021840443591561648e-02 1.259249281491582328e-01 2.053558212058857052e-02 1.084508377240328211e-02 9.997303006435976913e-01 -4.051963290492865966e+00
9.993615188857778442e-01 3.023336117624610131e-02 -1.903939185734900008e-02 -1.466325659359152098e+02 -3.046155496387655676e-02 9.994661479332581644e-01 -1.181155386209826325e-02 1.103764031524299555e-01 1.867212466469094639e-02 1.238398188956911505e-02 9.997489628667113326e-01 -4.000190132983587610e+00
9.993767941463626014e-01 2.972521815841228099e-02 -1.903771853908977491e-02 -1.456651977055127816e+02 -3.000496893781975927e-02 9.994433871240138156e-01 -1.458141876221714928e-02 8.188045403371151110e-02 1.859368604605544234e-02 1.514355769010253955e-02 9.997124324022920172e-01 -3.968270480466967509e+00
9.993426296588271418e-01 2.910355304696856521e-02 -2.161693194286756076e-02 -1.446977975331021185e+02 -2.946929674674979988e-02 9.994245294766381793e-01 -1.679792932632762081e-02 4.741878801154993800e-02 2.111561260850091520e-02 1.742392264797403695e-02 9.996251986738454720e-01 -3.921574693860404359e+00
9.992513444830622982e-01 2.874345097226191706e-02 -2.589526163215086219e-02 -1.437429220148317768e+02 -2.918678589893989803e-02 9.994309615914038769e-01 -1.690812057477997926e-02 3.427590314112527459e-02 2.539452849890724145e-02 1.765126167408524044e-02 9.995216610377342104e-01 -3.881348912765245629e+00
9.992959493515635172e-01 2.796595193862594017e-02 -2.501022074520330152e-02 -1.427791113885438676e+02 -2.833130213069730632e-02 9.994952219843449281e-01 -1.437492782744162131e-02 2.584675241869211632e-02 2.459558759486099588e-02 1.507337927047127171e-02 9.995838385589435049e-01 -3.855581063475042924e+00
9.993876457657435708e-01 2.725895682798774866e-02 -2.193815770420309494e-02 -1.418143877661121621e+02 -2.758349447554203637e-02 9.995124503673451510e-01 -1.462916242247413318e-02 -4.716368297310612190e-03 2.152868605656944531e-02 1.522533524475856367e-02 9.996522919712446109e-01 -3.855086912441107128e+00
9.994262787772483225e-01 2.659580713862407658e-02 -2.097084481147904259e-02 -1.408508908557508335e+02 -2.701255308481961825e-02 9.994380655812260539e-01 -1.984628537275352766e-02 -3.161727973153855009e-02 2.043123259379685600e-02 2.040137519634598051e-02 9.995830874043418746e-01 -3.806764660499383890e+00
9.993662689424060996e-01 2.645860525677636022e-02 -2.381181866218079826e-02 -1.398906696007720143e+02 -2.698315756555676181e-02 9.993941192539698148e-01 -2.198416722039277238e-02 -5.555101605695997313e-02 2.321572113734208728e-02 2.261275322573395863e-02 9.994747088764304177e-01 -3.716419064459508537e+00
9.993343991445843288e-01 2.575497948293383951e-02 -2.583485471541067252e-02 -1.389329998403916022e+02 -2.632837716289420163e-02 9.994089029059549656e-01 -2.210568588132690374e-02 -7.257354040149187335e-02 2.525025232153356447e-02 2.277116211679064764e-02 9.994217822989199806e-01 -3.672216976683698064e+00
9.994519630693240453e-01 2.406369499352391250e-02 -2.273130220935647844e-02 -1.379724017574322090e+02 -2.456549122746407021e-02 9.994547974126379852e-01 -2.206002197678188365e-02 -8.924307375641407636e-02 2.218806340417811551e-02 2.260633787505986897e-02 9.994981957613784385e-01 -3.670955030757850679e+00
9.995899591168849740e-01 2.166043715130121575e-02 -1.872802966461929383e-02 -1.369844247858726760e+02 -2.209001620690828963e-02 9.994903837943452940e-01 -2.304352157572293891e-02 -1.117845830254256684e-01 1.821935280636662394e-02 2.344777526860084699e-02 9.995590312824301771e-01 -3.652177954707570340e+00
9.996553632825833091e-01 1.926151802212909200e-02 -1.783672009786363422e-02 -1.360163052441400282e+02 -1.967361308034281178e-02 9.995366915626150428e-01 -2.322393524850428770e-02 -1.109499514316559521e-01 1.738112794761319246e-02 2.356684415752249157e-02 9.995711581712047877e-01 -3.587816064466553101e+00
9.996724766025931741e-01 1.677371291511333892e-02 -1.932827147675727358e-02 -1.350569857131673075e+02 -1.715500340004669569e-02 9.996580967677940466e-01 -1.973310479717075086e-02 -1.088305471076175118e-01 1.899066564347482583e-02 2.005821830654699531e-02 9.996184384537855072e-01 -3.529196008180094157e+00
9.996814607713743195e-01 1.434258108918626262e-02 -2.076697757766628183e-02 -1.340997696636076455e+02 -1.466733648920002034e-02 9.997711784997641571e-01 -1.557112332188079033e-02 -1.130864727465107356e-01 2.053889554780780058e-02 1.587075955626430709e-02 9.996630796227213844e-01 -3.507992928929094756e+00
9.997312345484894447e-01 1.206154098880995486e-02 -1.979843168355831240e-02 -1.331440166380617995e+02 -1.233938281260737839e-02 9.998262481272938151e-01 -1.397187129567850281e-02 -1.091329289747825781e-01 1.962646937065344599e-02 1.421241656701395170e-02 9.997063613458546660e-01 -3.504209287374382420e+00
9.997768757901296377e-01 9.784675559943816631e-03 -1.872054378254730048e-02 -1.321778881021171799e+02 -1.004055189177627261e-02 9.998567849639409255e-01 -1.362339455790012067e-02 -1.110222503535451544e-01 1.858456222342027772e-02 1.380831944004457489e-02 9.997319362515161290e-01 -3.461026175075411437e+00
9.997517160419714388e-01 7.181748456467848714e-03 -2.109333449792491141e-02 -1.312197923408738802e+02 -7.452226070852822036e-03 9.998906590241117831e-01 -1.277240474289618663e-02 -1.040620663696620318e-01 2.099929993409849552e-02 1.292642585695973415e-02 9.996959222267750578e-01 -3.386989753626009847e+00
9.996568898813712467e-01 4.115001099245798287e-03 -2.586830645127937214e-02 -1.302535798829154032e+02 -4.376165760220711472e-03 9.999399472525940524e-01 -1.004744055560382113e-02 -9.787116790543201605e-02 2.582540775947532105e-02 1.015719717404985761e-02 9.996148656655843290e-01 -3.344478073537267449e+00
9.996347632223604451e-01 1.196251618393347985e-03 -2.699831734461994454e-02 -1.292803234568789037e+02 -1.440623861703350852e-03 9.999581570797828611e-01 -9.033752957296581343e-03 -9.401263354181171872e-02 2.698638101458596117e-02 9.069347918668965725e-03 9.995946589333426502e-01 -3.336459145765437118e+00
9.997526389802433577e-01 -1.563937556159063951e-03 -2.218591786155360915e-02 -1.283234311382347528e+02 1.368260617893416386e-03 9.999600582750214350e-01 -8.832310994137464524e-03 -8.005141707650499650e-02 2.219884490059539570e-02 8.799770107001366262e-03 9.997148470094575634e-01 -3.305773132739344700e+00
9.998539957669286826e-01 -3.736889039739972346e-03 -1.667401598929498657e-02 -1.273569312813592092e+02 3.580165916347374886e-03 9.999492291250416942e-01 -9.419213568353580410e-03 -6.282439007530685182e-02 1.670836799086069385e-02 9.358142579566892591e-03 9.998166109875062935e-01 -3.259164751616771660e+00
9.998451688510534563e-01 -6.308824812022711427e-03 -1.642671770925491562e-02 -1.263897167526487806e+02 6.121583783065521166e-03 9.999160056126976670e-01 -1.142400680735399660e-02 -4.933479733857463329e-02 1.649741001476448879e-02 1.132168048651647010e-02 9.997998074683581704e-01 -3.214509081696622861e+00
9.997280554771870165e-01 -9.092531133629944834e-03 -2.147419310210282872e-02 -1.254307660608092476e+02 8.827317464797486413e-03 9.998839910833479117e-01 -1.241301098086894025e-02 -4.133425747383266680e-02 2.158456759303071376e-02 1.222007581070844867e-02 9.996923407673995454e-01 -3.169183744806923553e+00
9.995301695440353962e-01 -1.317355687046879546e-02 -2.767485448294755221e-02 -1.244625705724709803e+02 1.284251472186317099e-02 9.998442485009698677e-01 -1.210572406548431589e-02 -3.157116590421249480e-02 2.783001952731125120e-02 1.174462170150417269e-02 9.995436728198513476e-01 -3.128906644488337108e+00
9.994395505163258253e-01 -1.704895734969790605e-02 -2.880829597551453139e-02 -1.235165309813196330e+02 1.671180687889248229e-02 9.997894856384980100e-01 -1.190377744878379739e-02 -8.497363724303543323e-03 2.900517840950589746e-02 1.141566730400607986e-02 9.995140730202036750e-01 -3.092893211727011149e+00
9.994974948317559837e-01 -2.046920597889462928e-02 -2.420267405964556667e-02 -1.225639393681657197e+02 2.022630663580440857e-02 9.997430003100645779e-01 -1.023864497405173671e-02 2.980916492882842300e-02 2.440603091283526788e-02 9.743969295099640798e-03 9.996546407222135500e-01 -3.069852798989586518e+00
9.995707136509411894e-01 -2.314661292336667869e-02 -1.796170152084843735e-02 -1.215969247255999335e+02 2.300306067570626056e-02 9.997021085624526737e-01 -8.158022758973891564e-03 6.525612068831587731e-02 1.814518147878357857e-02 7.741346521245150852e-03 9.998053930356347596e-01 -3.033255460765302391e+00
9.995633622436158605e-01 -2.593363260283233773e-02 -1.416091664615434613e-02 -1.206243750268252768e+02 2.587743309396971225e-02 9.996565604649586545e-01 -4.137580915895110699e-03 1.106873020528958140e-01 1.426335573086294668e-02 3.769326118786995358e-03 9.998911685098058610e-01 -2.963385981226374533e+00
9.994701502171389196e-01 -2.966250447786891731e-02 -1.339980048471281666e-02 -1.196583473957117718e+02 2.967836861752134320e-02 9.995590133239886654e-01 9.865692964392189495e-04 1.557834312735321136e-01 1.336462723506449089e-02 -1.383730781098271466e-03 9.999097319398352335e-01 -2.936281530695949549e+00
9.993559286533542085e-01 -3.395581199596579836e-02 -1.160735530112827138e-02 -1.187081398475562537e+02 3.401492594339174114e-02 9.994091464700624039e-01 4.933838773908847015e-03 2.059129093394683474e-01 1.143296455245010335e-02 -5.325484360692116052e-03 9.999204601056358444e-01 -2.940580219984729737e+00
9.992456737683563794e-01 -3.816224616058128127e-02 -7.192108397584856538e-03 -1.177411724360712100e+02 3.823665169778611705e-02 9.992134546039499465e-01 1.050859673706888361e-02 2.540233272537490428e-01 6.785419822354539499e-03 -1.077567197066352234e-02 9.999189181985782549e-01 -2.899735214900929670e+00
9.990951499918481193e-01 -4.237761590015502733e-02 -3.608175908329936364e-03 -1.167689128223720303e+02 4.243211796724570550e-02 9.989601562835007664e-01 1.667697583069259124e-02 3.128856381699611777e-01 2.897693493154375639e-03 -1.681498821476507324e-02 9.998544191749901833e-01 -2.859627545486395306e+00
9.989844555242068935e-01 -4.498116259678024142e-02 -2.598582776428951836e-03 -1.158247436829541499e+02 4.502779158839638474e-02 9.987399717465911264e-01 2.215777110384325663e-02 3.675795265043799720e-01 1.598626183907617343e-03 -2.225227734548509625e-02 9.997511093003417226e-01 -2.852110412494677671e+00
9.988391937371695617e-01 -4.807279911965026825e-02 -3.044838137377382705e-03 -1.148675693372327800e+02 4.813187335947931994e-02 9.985563312625080901e-01 2.384483303500533821e-02 4.279722210249555792e-01 1.894154531214315481e-03 -2.396370756711051556e-02 9.997110346986523011e-01 -2.858152552491346921e+00
9.986780406939078647e-01 -5.127904440210150072e-02 -3.553961308833487008e-03 -1.139191675050558104e+02 5.135090495383812237e-02 9.983804114214508418e-01 2.448752029823482446e-02 4.955694418866524176e-01 2.292508713018549978e-03 -2.463764792227297884e-02 9.996938184807681038e-01 -2.818145518550326578e+00
9.984108369569191233e-01 -5.602775112436642752e-02 -6.057371618966959914e-03 -1.129727456905901875e+02 5.615832530568496544e-02 9.981306391808461020e-01 2.411368133024227936e-02 5.693675025789042277e-01 4.695012869532312616e-03 -2.441553260491500024e-02 9.996908715306813686e-01 -2.802853621531058437e+00
9.980802259451482250e-01 -6.149971484269493860e-02 -7.324455716910593939e-03 -1.120304809618325095e+02 6.159740533086326131e-02 9.980034989374660936e-01 1.395620883623040730e-02 6.214030943878743329e-01 6.451529569576029688e-03 -1.438058353622501985e-02 9.998757805764526552e-01 -2.783853182468452481e+00
9.976929036146444663e-01 -6.734875444558048596e-02 -8.544902083036333071e-03 -1.110977535894640198e+02 6.743645919977815650e-02 9.976690723433339070e-01 1.042813790608553177e-02 6.862954554101802218e-01 7.822662435285876112e-03 -1.098031712750519202e-02 9.999091151640747688e-01 -2.695520596609173314e+00
9.971306799219676886e-01 -7.480313106521484234e-02 -1.161459173603718829e-02 -1.101388055940932702e+02 7.497117639387633481e-02 9.970761944270717381e-01 1.477786239435771934e-02 7.663971736001284896e-01 1.047520255044322689e-02 -1.560621958286449035e-02 9.998233424169784556e-01 -2.692526860567988400e+00
9.965236678850961649e-01 -8.217176127442196720e-02 -1.372519558672955463e-02 -1.092063746258524617e+02 8.243590137129933049e-02 9.963969328861358443e-01 1.993675751477181485e-02 8.656468825719652038e-01 1.203750430678978724e-02 -2.099889959404559192e-02 9.997070294370762333e-01 -2.706497804508025684e+00
9.960498593027807823e-01 -8.800243203060169328e-02 -1.184270828864379330e-02 -1.082763750165259893e+02 8.828924379387663446e-02 9.957453563257444573e-01 2.638550333083859029e-02 9.703990757666891565e-01 9.470333321272124405e-03 -2.732686063959066658e-02 9.995816902456589048e-01 -2.682241966040519454e+00
9.956773388480517628e-01 -9.261144548192846992e-02 -7.053869165903414208e-03 -1.073239551655529596e+02 9.280014972015961094e-02 9.950939237268395798e-01 3.429599355374774589e-02 1.082756768411259118e+00 3.843060808503118327e-03 -3.480234370944774308e-02 9.993868258867292242e-01 -2.656556023167523151e+00
9.952658449613041025e-01 -9.717325069359721013e-02 -1.804772312721325241e-03 -1.063663437312632851e+02 9.717776046477415164e-02 9.946740198667989308e-01 3.435224989827929953e-02 1.175641875804252612e+00 -1.542959660015773586e-03 -3.436500475283191247e-02 9.994081577232724056e-01 -2.647045963464608409e+00
9.949008549237317034e-01 -1.008538001399411771e-01 -8.943541583815573090e-04 -1.054501233739005386e+02 1.008316471365476169e-01 9.944023134377327766e-01 3.157559129162574446e-02 1.269107907240426769e+00 -2.295170529298812701e-03 -3.150476197367382131e-02 9.995009665654274178e-01 -2.618514168381013807e+00
9.944530800069298904e-01 -1.051384040648113277e-01 -2.997941866541059021e-03 -1.045197805954962149e+02 1.051788395929316028e-01 9.942157363174659590e-01 2.173663636819894371e-02 1.372007653433778396e+00 6.952457227905040320e-04 -2.193138503203594450e-02 9.997592365084513322e-01 -2.602779547209206346e+00
9.939771289642919117e-01 -1.095708451314826720e-01 1.922756634611229960e-03 -1.035806482100040284e+02 1.095492461383049537e-01 9.939401123764812773e-01 9.056250855447575687e-03 1.486621891807076823e+00 -2.903406005432214443e-03 -8.791069684649110288e-03 9.999571427453114447e-01 -2.598261630265680466e+00
9.936614777293945044e-01 -1.118504701737634832e-01 1.124010669629868335e-02 -1.026563148222783468e+02 1.118844230396483508e-01 9.937182388990850601e-01 -2.436710977113408332e-03 1.580764290995406052e+00 -1.089695176281603624e-02 3.678858682937412479e-03 9.999338590332211840e-01 -2.576191781226153665e+00
9.935416794036827648e-01 -1.132000038598614117e-01 7.790405242160772584e-03 -1.017517806187094749e+02 1.132598446147744936e-01 9.935353842204291963e-01 -7.723205280271318654e-03 1.681919843445896401e+00 -6.865776397965834416e-03 8.555666431753409032e-03 9.999398290329082339e-01 -2.456826375254264949e+00
9.933062260173194380e-01 -1.151307664568192307e-01 -9.362049470885286384e-03 -1.008620716754826390e+02 1.150879195755475232e-01 9.933427499915409298e-01 -4.995178376724192931e-03 1.799117843771937286e+00 9.874822682066828478e-03 3.884282985099685170e-03 9.999436985264167355e-01 -2.439819100606019475e+00
9.928353536106082622e-01 -1.172949279774292142e-01 -2.280044937425970003e-02 -9.996232573929837883e+01 1.173641427150930172e-01 9.930874634324330374e-01 1.716967701275668627e-03 1.907229496481823938e+00 2.244144883134246982e-02 -4.380621429162890462e-03 9.997385615901012157e-01 -2.520844385092763762e+00
9.927788230060016206e-01 -1.185506303204808404e-01 -1.832912003983800178e-02 -9.904093931066201151e+01 1.187485278451511778e-01 9.928728840723898275e-01 1.011054936114174838e-02 2.020910804438542652e+00 1.699987427681330307e-02 -1.221409531612620974e-02 9.997808860696333344e-01 -2.551357512251936299e+00
9.930031476530252199e-01 -1.179486502530905923e-01 -5.732770242935408649e-03 -9.812959458358592713e+01 1.180317352839732603e-01 9.928576134733115843e-01 1.738588030369365295e-02 2.149579305118263228e+00 3.641183466709207832e-03 -1.794088268604452502e-02 9.998324192140437550e-01 -2.488052178272530668e+00
9.930536385784969333e-01 -1.176484814241689214e-01 -1.818165172654755135e-03 -9.723051947530080952e+01 1.176622079755563488e-01 9.928962196273088958e-01 1.768337818731756036e-02 2.289810138963798369e+00 -2.751732636002445810e-04 -1.777447237995414750e-02 9.998419837210724692e-01 -2.402887766781876877e+00
9.929893140765285731e-01 -1.179476841702361972e-01 -7.782411496666127859e-03 -9.634949351742837109e+01 1.180613810418526394e-01 9.928730052227503489e-01 1.626978200329543336e-02 2.410838901011145730e+00 5.807963181331698976e-03 -1.707452192075937722e-02 9.998373509050668684e-01 -2.345915653877742368e+00
9.929169588775678124e-01 -1.181232986099423760e-01 -1.275927501187985001e-02 -9.545579537933392089e+01 1.183276456916390190e-01 9.928347887099173708e-01 1.666285066870746429e-02 2.514552112276748019e+00 1.069958122527884907e-02 -1.805460198509196285e-02 9.997797508995486249e-01 -2.362144756830772518e+00
9.929516306294080552e-01 -1.181040977366444311e-01 -9.923775905007726009e-03 -9.453324075619525502e+01 1.182777711598671788e-01 9.927938364073654043e-01 1.925531721368198626e-02 2.620365775541605213e+00 7.578131686224806249e-03 -2.029336072114634390e-02 9.997653481846565660e-01 -2.389219490134654400e+00
9.931284044300060510e-01 -1.170017744145235572e-01 -2.560683143871354296e-03 -9.362849180746900402e+01 1.170286725563367269e-01 9.929768605237071499e-01 1.735638972205987354e-02 2.742524629344040399e+00 5.119707140863497766e-04 -1.753679698049933136e-02 9.998460874742935989e-01 -2.394285555210855954e+00
9.934043278268156474e-01 -1.143864965329930983e-01 7.973134004905553171e-03 -9.271823503355288665e+01 1.143553295482056531e-01 9.934307673044262543e-01 4.262531743011228023e-03 2.853006831468166915e+00 -8.408332704758063672e-03 -3.322647114343555211e-03 9.999591291434263285e-01 -2.365002250724296040e+00
9.936725319357454511e-01 -1.112500007397341090e-01 1.543815441735814538e-02 -9.182969746974384861e+01 1.113228755313047519e-01 9.937764747040767066e-01 -3.941536271468920952e-03 2.953762108144514897e+00 -1.490357875970274061e-02 5.635216069223724158e-03 9.998730557825861176e-01 -2.231876851683617158e+00
9.940714440199683866e-01 -1.087287949712798102e-01 1.154475995451831203e-04 -9.096152255499305284e+01 1.087282938374968394e-01 9.940623264177291807e-01 -4.271921834366634516e-03 3.065781858779108582e+00 3.497188038789562415e-04 4.259147927155454427e-03 9.999908686361554944e-01 -2.169492349653626473e+00
9.936760488227079913e-01 -1.075638770655188287e-01 -3.221680224238850088e-02 -9.009247199900651992e+01 1.073474609350555525e-01 9.941862620246099125e-01 -8.378486279177446011e-03 3.155047618589810199e+00 3.293072466387488018e-02 4.867109220841107226e-03 9.994457857337457618e-01 -2.237794627529356095e+00
9.931780497197475466e-01 -1.064919379803414556e-01 -4.750609118912901135e-02 -8.921599376483295885e+01 1.062016126012208517e-01 9.943074149880566370e-01 -8.601277850924928664e-03 3.232150856406188488e+00 4.815162547390213627e-02 3.497376868413132160e-03 9.988339147822631325e-01 -2.260338734872539224e+00
9.943110273930266807e-01 -1.034974088260746383e-01 -2.517671882736497585e-02 -8.829632518064535418e+01 1.034545514002333799e-01 9.946296504043947717e-01 -3.002387551250366125e-03 3.338545745420923083e+00 2.535225037743784465e-02 3.806608987009323618e-04 9.996785075703488177e-01 -2.245699477892935114e+00
9.949120225396894668e-01 -9.953773705666006666e-02 1.556619117265332398e-02 -8.735800055466501135e+01 9.951935001608346043e-02 9.950337097118497898e-01 1.953332908287559212e-03 3.463110031375259190e+00 -1.568331528601833377e-02 -3.942571667491543775e-04 9.998769315185372930e-01 -2.200496140855397353e+00
9.947041484740541950e-01 -9.585490669232812899e-02 3.708765119971761670e-02 -8.644947828050217709e+01 9.586667585709426898e-02 9.953931053922163708e-01 1.464990699894989402e-03 3.580865730762553323e+00 -3.705721884623383588e-02 2.098237509202847181e-03 9.993109425652945133e-01 -2.114071956011381648e+00
9.953348506570508514e-01 -9.368011391505559615e-02 2.307750689239276148e-02 -8.559962507407995247e+01 9.376876107123785498e-02 9.955901018793550383e-01 -2.787200570553638283e-03 3.658289116648318018e+00 -2.271463217116525407e-02 4.938147093555873487e-03 9.997297935885531839e-01 -2.054654511635194414e+00
9.957411528571542547e-01 -9.201161268170741925e-02 -5.780972099631692326e-03 -8.477841706055956195e+01 9.198312815046834345e-02 9.957479402750168962e-01 -5.014336817148316340e-03 3.722124078523820767e+00 6.217768278070674379e-03 4.461229625646634910e-03 9.999707179652149724e-01 -2.067883406004170421e+00
9.957901521250447363e-01 -8.965408557619174157e-02 -1.908187281891325290e-02 -8.392485925009303571e+01 8.966039390162695855e-02 9.959722569779071444e-01 -5.263988400351997908e-04 3.807570745913055887e+00 1.905220974547013404e-02 -1.186705452327412209e-03 9.998177859160057857e-01 -2.137079218812987680e+00
9.962070603077533004e-01 -8.638345943564855467e-02 -1.045901185170425643e-02 -8.301013629322221732e+01 8.644258594436067533e-02 9.962425291059688881e-01 5.338776619644368740e-03 3.899031696029408245e+00 9.958530425532113178e-03 -6.222630992779712433e-03 9.999310508906559258e-01 -2.180723335168088362e+00
9.965325718332390670e-01 -8.305772220704038533e-02 4.924231636333075042e-03 -8.210785624426161178e+01 8.302944384006982759e-02 9.965308306698813512e-01 5.693415495541381648e-03 3.996835651512581133e+00 -5.380030765603844266e-03 -5.264817772182656987e-03 9.999716680800445623e-01 -2.135278148975801926e+00
9.967488129590045265e-01 -8.005270431768030104e-02 9.130629564353358665e-03 -8.123589977240656879e+01 8.002925567082067038e-02 9.967882796931567535e-01 2.905805074589545497e-03 4.084146145607244094e+00 -9.333922090408194525e-03 -2.165640270946192492e-03 9.999540928965824360e-01 -2.019359331048440787e+00
9.970213869610208279e-01 -7.712319579990664642e-02 6.054848732296334510e-04 -8.038250567852293216e+01 7.712173285095796915e-02 9.970193632439394715e-01 2.151194718058766463e-03 4.160438350328293566e+00 -7.695871542058177819e-04 -2.098091098783661651e-03 9.999975028715588632e-01 -1.951988438667941583e+00
9.971914240593640066e-01 -7.454917991259332744e-02 -7.189127681255129583e-03 -7.952519137426219231e+01 7.459261183342258406e-02 9.971961905038257967e-01 5.974939708976137638e-03 4.237728855529629968e+00 6.723543881461857726e-03 -6.494414447611534212e-03 9.999563073148030057e-01 -1.997102729506355034e+00
9.974615914483757617e-01 -7.088180742241625976e-02 -6.792861091241770947e-03 -7.865735616419796372e+01 7.096459504551005937e-02 9.973962059961271054e-01 1.283878945064000944e-02 4.293096552268228727e+00 5.865137278886039564e-03 -1.328825199424637539e-02 9.998945056972946555e-01 -2.062412664674885487e+00
9.978353493823717280e-01 -6.575888530749558758e-02 -6.201016656756815331e-04 -7.777315561245021058e+01 6.576088575290046923e-02 9.977270125334247730e-01 1.470762952080445149e-02 4.346424349386296626e+00 -3.484651404421177387e-04 -1.471657107627007480e-02 9.998916446834641425e-01 -2.062309269734968531e+00
9.981720366252861965e-01 -6.018851197966160194e-02 5.470678660130306840e-03 -7.689335142709566639e+01 6.012948617954126662e-02 9.981366137465633726e-01 1.038003806968837428e-02 4.426549469997707931e+00 -6.085243718424833241e-03 -1.003211464338183215e-02 9.999311608729219980e-01 -1.978718978664862904e+00
9.985193509504820542e-01 -5.388316798191023632e-02 7.463912222243854894e-03 -7.602031838071899017e+01 5.382191779064914722e-02 9.985170650746991727e-01 8.177525294701103523e-03 4.506453028365100977e+00 -7.893474695260810012e-03 -7.763695179623864538e-03 9.999387071687909634e-01 -1.902652439157797692e+00
9.988938022748167223e-01 -4.667622065389506747e-02 5.701070287963864482e-03 -7.515761729683309511e+01 4.662577822936025962e-02 9.988746993105193095e-01 8.681698095767494475e-03 4.546487828089794014e+00 -6.099883725606584754e-03 -8.406277582166629334e-03 9.999460615031920963e-01 -1.917307070200631403e+00
9.992478146760361835e-01 -3.866626564073397110e-02 2.953771583304144570e-03 -7.430481382519539579e+01 3.863303906016724021e-02 9.991974431329817552e-01 1.058101741266849125e-02 4.559658868764177697e+00 -3.360529443663832355e-03 -1.045894535370547537e-02 9.999396568313242417e-01 -1.959787311358756723e+00
9.995509517101404118e-01 -2.996051175203598774e-02 -5.125143008921529287e-04 -7.346437264647808263e+01 2.996431537580713719e-02 9.994917904708048306e-01 1.087660726163855278e-02 4.575463331529645572e+00 1.863851165559888309e-04 -1.088708027989478307e-02 9.999407166145238834e-01 -1.968904356133453826e+00
9.997877054486962178e-01 -2.023852834625276126e-02 -3.866006209122233809e-03 -7.260277185068761696e+01 2.026878322670774141e-02 9.997629276496151629e-01 7.953925067479876432e-03 4.606636532538950668e+00 3.704113948001473092e-03 -8.030595734332377639e-03 9.999608937713574397e-01 -1.943612248093637529e+00
9.999236044809269863e-01 -1.006868339700062696e-02 -7.169854707150141206e-03 -7.172911528693252592e+01 1.012037923574567004e-02 9.999227884470641703e-01 7.210760595979157604e-03 4.641640525694234576e+00 7.096698246041396700e-03 -7.282771374882072817e-03 9.999482977209901424e-01 -1.873808622036523763e+00
9.999606301525815200e-01 -7.493209359732431801e-04 -8.841756781714737307e-03 -7.085663536353509073e+01 8.325573620321537584e-04 9.999553398612780475e-01 9.414092157758421550e-03 4.654108112370469286e+00 8.834307731283332077e-03 -9.421082796088499703e-03 9.999165956247841880e-01 -1.839705574263276189e+00
9.999313100876445759e-01 8.420016500040136687e-03 -8.153430477160487910e-03 -7.000976206642049249e+01 -8.341572270131773076e-03 9.999190519614785666e-01 9.607689447520779968e-03 4.641805668433503840e+00 8.233667376631528118e-03 -9.539017066599961986e-03 9.999206037855876694e-01 -1.858438481274679699e+00
9.998091082819470232e-01 1.837103372073215987e-02 -6.652226431019037968e-03 -6.916625555685112658e+01 -1.831147918250734460e-02 9.997926697099576154e-01 8.905465983556201323e-03 4.625733935429015453e+00 6.814449838866411431e-03 -8.781953898045606957e-03 9.999382183710782135e-01 -1.840360762574189346e+00
9.995658227736609058e-01 2.912487017192659858e-02 -4.461824770506056179e-03 -6.828655983162641974e+01 -2.908261412507708379e-02 9.995341227257953376e-01 9.259538996437588140e-03 4.609707683462241690e+00 4.729428978867130512e-03 -9.125757187384597388e-03 9.999471751334121361e-01 -1.804539385795693729e+00
9.992125563267114652e-01 3.956092895006061566e-02 -3.033179791355859745e-03 -6.742668867356162821e+01 -3.952846156071593980e-02 9.991673391653712599e-01 1.010589292616059093e-02 4.583788037965990547e+00 3.430452693367969444e-03 -9.978038173923602788e-03 9.999443338248976687e-01 -1.774443476593630553e+00
9.988155326180947480e-01 4.863056815286088963e-02 -1.612340522841669566e-03 -6.656963513748601713e+01 -4.861401056549445598e-02 9.987763968621492516e-01 9.076731118662769923e-03 4.558233857858588145e+00 2.051774249189959598e-03 -8.987597687505790092e-03 9.999575057522384069e-01 -1.766742993344917467e+00
9.983317161984721633e-01 5.771526872118869916e-02 -1.652933348414255006e-03 -6.571741396935325952e+01 -5.770304802113005588e-02 9.983114796910893540e-01 6.674411289303667713e-03 4.516582789587704205e+00 2.035357778004078487e-03 -6.567897184685712528e-03 9.999763597432126394e-01 -1.758605336560477461e+00
9.976598467983901486e-01 6.834508313583363692e-02 -1.944144379586832533e-03 -6.487063715403721176e+01 -6.833305893641571094e-02 9.976463125547954114e-01 5.694567780943526197e-03 4.462522451156188730e+00 2.328764179780159170e-03 -5.548392287447958746e-03 9.999818959363312443e-01 -1.726896131541141521e+00
9.969106523483324267e-01 7.852957578130173588e-02 -1.502318884630836782e-03 -6.400237261852902293e+01 -7.851968562254968420e-02 9.968957763932774219e-01 5.785324449042696798e-03 4.388118425324483596e+00 1.951974425624856523e-03 -5.649489964015878135e-03 9.999821363699394894e-01 -1.710222163702444842e+00
9.961202216017365219e-01 8.800062407515760188e-02 -6.279159897038353189e-04 -6.314297967639501508e+01 -8.799503548265716346e-02 9.961014235196568034e-01 6.231195111634142171e-03 4.308465028664892671e+00 1.173817069752620523e-03 -6.151765965650543046e-03 9.999803887721951945e-01 -1.695806542251061755e+00
9.953632732311158415e-01 9.618686568197153119e-02 -2.029111069592014335e-04 -6.229874677969598906e+01 -9.618399354677077684e-02 9.953460209417281934e-01 5.910835885347789573e-03 4.238491077944046559e+00 7.705115402888477148e-04 -5.863912153769385016e-03 9.999825102701642709e-01 -1.677392851367384363e+00
9.945079444378238653e-01 1.046580951452305147e-01 -7.947141788809486494e-04 -6.142119357258226842e+01 -1.046510937750855380e-01 9.944891389408277993e-01 6.284990088238957655e-03 4.162787325461019705e+00 1.448109710101125195e-03 -6.167304865408162855e-03 9.999799334631493952e-01 -1.658468991968605755e+00
9.936917834511354020e-01 1.121304901847458846e-01 -1.841920907745054833e-03 -6.057221078906546552e+01 -1.121134907221155996e-01 9.936662281909878214e-01 7.615257763058823001e-03 4.077058412490395689e+00 2.684157186880126340e-03 -7.360714885412679778e-03 9.999693071172593983e-01 -1.645622730721099547e+00
9.929003404342758854e-01 1.189282570403191741e-01 -2.232407411474659955e-03 -5.971687759869383427e+01 -1.189061603601140604e-01 9.928710682059720405e-01 8.268430803167343621e-03 3.990495326373197038e+00 3.199842795180953253e-03 -7.944280765664194985e-03 9.999633240320379146e-01 -1.628560506977191791e+00
9.922016960701744992e-01 1.246280088805688802e-01 -1.911470097589966239e-03 -5.886788283216527873e+01 -1.246110303029474009e-01 9.921787088110681774e-01 7.314431545895379826e-03 3.891017306708898893e+00 2.808102973015941511e-03 -7.019201127372622952e-03 9.999714222782700723e-01 -1.618785042683065889e+00
9.917337933680695494e-01 1.282903621782546799e-01 -2.380349543931179097e-03 -5.801615211807447992e+01 -1.282790261273399346e-01 9.917282483365670309e-01 4.424127835584840823e-03 3.775414830429088653e+00 2.928232845981692048e-03 -4.082208159391672100e-03 9.999873804348448081e-01 -1.602751610213677624e+00
9.914297206168148913e-01 1.305823172850692215e-01 -3.920139044196179270e-03 -5.715940804337920866e+01 -1.305799352207805686e-01 9.914374126534859499e-01 8.586668144615058418e-04 3.665876138900055370e+00 3.998699213627941382e-03 -3.394162975169113259e-04 9.999919475681671166e-01 -1.564674471783565002e+00
9.912312087236938574e-01 1.320315552203095710e-01 -5.325343019122121165e-03 -5.628750594156190346e+01 -1.320428642060972324e-01 9.912423189100172394e-01 -1.829539325008273584e-03 3.565488789647393020e+00 5.037148440848325699e-03 2.516670021660311930e-03 9.999841466281287339e-01 -1.538660299660908892e+00
9.911173429835329340e-01 1.329086362247268727e-01 -4.659061509048968708e-03 -5.541929115811264950e+01 -1.329227305873305065e-01 9.911222848425362830e-01 -2.857303224776760846e-03 3.464744207984856494e+00 4.237939413184935514e-03 3.451217957996141096e-03 9.999850643705318065e-01 -1.519776725991195176e+00
9.912199789318378862e-01 1.322142276719629750e-01 -1.533416927379897821e-03 -5.455838257181935802e+01 -1.322190945742987844e-01 9.912136368385096041e-01 -3.692854631297523126e-03 3.359285860769815724e+00 1.031695846396127672e-03 3.863178287576143986e-03 9.999920056966450366e-01 -1.517384473938324652e+00
9.913766608402645453e-01 1.310318787846801725e-01 1.721360904630148689e-03 -5.371786968208995461e+01 -1.310201336202977129e-01 9.913631251428625113e-01 -5.733994514854962553e-03 3.236386655833729975e+00 -2.457829800135385816e-03 5.459015399679907447e-03 9.999820789511878472e-01 -1.515776488863331606e+00
9.917241097514120085e-01 1.283523882247050441e-01 2.992419553447777259e-03 -5.286613918740657425e+01 -1.283317463969639582e-01 9.917113306068959799e-01 -6.292822308411147314e-03 3.123703769681621889e+00 -3.775315149042060819e-03 5.856721174386493589e-03 9.999757226116096076e-01 -1.485765366381075481e+00
9.921658442674825551e-01 1.249131237862877442e-01 1.910229029490192890e-03 -5.200983881204047066e+01 -1.248985411693723235e-01 9.921485831104680519e-01 -6.445420517951866608e-03 3.023641071593393015e+00 -2.700348636038779355e-03 6.156341270769956873e-03 9.999774035344006773e-01 -1.466319046197572806e+00
9.926280236427060810e-01 1.212003975660125993e-01 -2.651584731680690010e-04 -5.114410340795745924e+01 -1.211989335248826322e-01 9.925995119124463306e-01 -7.551653037877506004e-03 2.935894019672349753e+00 -6.520671794252654333e-04 7.528119354386841704e-03 9.999714507061586710e-01 -1.471216207813360821e+00
9.930434429367606119e-01 1.176989673193735431e-01 -3.416655127136644307e-03 -5.027077564730634407e+01 -1.177252919049944779e-01 9.930059251069941473e-01 -8.943620535702309984e-03 2.829672801287417716e+00 2.340103884145373729e-03 9.283630451274593395e-03 9.999541680094421459e-01 -1.451924449938295503e+00
9.934155208965762540e-01 1.144001838803551940e-01 -6.180677141309205529e-03 -4.939560293500311161e+01 -1.144539677696028712e-01 9.933860417634505779e-01 -9.190282440640379358e-03 2.728589054984736695e+00 5.088428399701332670e-03 9.837172240281143870e-03 9.999386670885050954e-01 -1.419023393430275171e+00
9.939237059252736817e-01 1.098141272658040429e-01 -7.518261276380861814e-03 -4.852673043061265901e+01 -1.098713494842198796e-01 9.939161865250694117e-01 -7.674680838960210895e-03 2.662584069044816815e+00 6.629733198745563043e-03 8.454088733463939118e-03 9.999422858452382545e-01 -1.408208346525522403e+00
9.945947748066833460e-01 1.033800202805982282e-01 -9.685315380823148954e-03 -4.766042975820647598e+01 -1.034548553128042114e-01 9.946053255879135913e-01 -7.572266791869749700e-03 2.586664770785955358e+00 8.850245163251639277e-03 8.533329886017756646e-03 9.999244248650028810e-01 -1.397989740168026573e+00
9.952756846128151258e-01 9.630313144719407359e-02 -1.232957793100083500e-02 -4.680872183869033876e+01 -9.642825448970265834e-02 9.952898030082523162e-01 -9.989983176330732156e-03 2.501355537712038224e+00 1.130943652713528071e-02 1.113170702357424435e-02 9.998740829445376121e-01 -1.385504439042856362e+00
9.956992663114131448e-01 9.086971042425776024e-02 -1.804624044850039466e-02 -4.594069140871438606e+01 -9.115518744066145040e-02 9.957132334722736955e-01 -1.568083195647577976e-02 2.408667361767876436e+00 1.654396776989806167e-02 1.725840130489779412e-02 9.997141815113096408e-01 -1.344967343028236506e+00
9.960489562930137097e-01 8.537402540485472535e-02 -2.444897653827797848e-02 -4.504494157832166934e+01 -8.587933495408708873e-02 9.960962384135770842e-01 -2.042115682731848042e-02 2.326328550374326731e+00 2.261009720106848045e-02 2.244013378956191684e-02 9.994924831633626994e-01 -1.285923533321522205e+00
9.963512312070976762e-01 8.069444085270657818e-02 -2.779624592583857662e-02 -4.416827990916694802e+01 -8.126642226653174594e-02 9.964897069307816491e-01 -2.010056200713640842e-02 2.263169218927729265e+00 2.607666934442378487e-02 2.228612116259852741e-02 9.994114948905818974e-01 -1.242894505481287215e+00
9.967454121362187003e-01 7.518408749483386500e-02 -2.908498535273193117e-02 -4.329547851432179328e+01 -7.583504808583611811e-02 9.968784278663220810e-01 -2.196464287415194477e-02 2.211801020291977338e+00 2.734280284130339092e-02 2.409881827682170546e-02 9.993355883237834414e-01 -1.247712655179201491e+00
9.969911575202641263e-01 6.928697718946860706e-02 -3.475552644328533392e-02 -4.243924816816752354e+01 -7.023723628885683579e-02 9.971673400269199794e-01 -2.690774279162337287e-02 2.151743179836790087e+00 3.279271969366281958e-02 2.926791375521877250e-02 9.990335463634391067e-01 -1.228856698304274353e+00
9.965681348272976692e-01 6.426550546930145935e-02 -5.217180707639126197e-02 -4.159035094417370715e+01 -6.590003617496081878e-02 9.973679913156789922e-01 -3.023698283669418174e-02 2.093586749695349081e+00 5.009129544122273986e-02 3.357133756201659269e-02 9.981802579771437145e-01 -1.154178965756600839e+00
9.947698678118226390e-01 5.973148048595883913e-02 -8.285565962928742589e-02 -4.075377458253294094e+01 -6.274601244884678297e-02 9.974410833508959850e-01 -3.426693983360684648e-02 2.039818462190059023e+00 8.059682385440494756e-02 3.928658145914944166e-02 9.959722468532120621e-01 -1.064744868291385815e+00
9.920944746776632073e-01 5.594473901248081527e-02 -1.123331629167312606e-01 -3.990450827417061674e+01 -6.005724572300960573e-02 9.976305053015881441e-01 -3.356340459285945405e-02 1.982792310422061721e+00 1.101892941724263997e-01 4.004448861607976667e-02 9.931035990173729955e-01 -9.277310173830733975e-01
9.903702835977244989e-01 5.262332506367187190e-02 -1.280526728569376937e-01 -3.902990047403373808e+01 -5.650128579105365145e-02 9.980416945506856985e-01 -2.683990764427863357e-02 1.940358039882912999e+00 1.263895014252388871e-01 3.381658761079910092e-02 9.914041216032142279e-01 -8.252651775234491893e-01
9.902184530673575624e-01 4.832637811299089758e-02 -1.308891759595487425e-01 -3.814306066625491809e+01 -5.195806942308847653e-02 9.983493571114607779e-01 -2.447284570618100952e-02 1.903706941538772179e+00 1.294904406769665783e-01 3.103421230856776014e-02 9.910949013286627363e-01 -7.828865011843266775e-01
9.905971704095295483e-01 4.348372554651677713e-02 -1.297166588732099612e-01 -3.729535704882861324e+01 -4.736691789722023704e-02 9.985125523048087315e-01 -2.700107365744016177e-02 1.852349837093669072e+00 1.283496048515596899e-01 3.289146549382856999e-02 9.911833989893680252e-01 -6.769031327833171519e-01
9.908342786627981624e-01 3.846346218312608062e-02 -1.294912904548400634e-01 -3.644703920792505158e+01 -4.261341918717493488e-02 9.986580715953651266e-01 -2.943046962936127914e-02 1.829899852964212092e+00 1.281855246584052976e-01 3.467878478715589324e-02 9.911437096373741928e-01 -5.060691722732759690e-01
9.910874762958452600e-01 3.496713511220389536e-02 -1.285414866553876434e-01 -3.559685389453338189e+01 -3.872839277663002455e-02 9.988882185375388412e-01 -2.687821533958363943e-02 1.810129745355919084e+00 1.274587224260128326e-01 3.161686779152602517e-02 9.913398245549210896e-01 -3.529670232959719045e-01
9.916313227841480060e-01 3.219394110815693849e-02 -1.250234771124424937e-01 -3.473325620752185472e+01 -3.528529439050972355e-02 9.991219253394553190e-01 -2.259040295689673100e-02 1.807631209216405077e+00 1.241864230628130089e-01 2.681284136201211865e-02 9.918965691366008475e-01 -2.487657247883715006e-01
9.922813869154131217e-01 2.958918850592134539e-02 -1.204247860898460948e-01 -3.388559442849354753e+01 -3.215816373589159421e-02 9.992936227604510835e-01 -1.944499975389081883e-02 1.781892879353214498e+00 1.197643589986592122e-01 2.316755131329764281e-02 9.925319958972537160e-01 -1.765628036079160967e-01
9.926239606531951365e-01 2.740282710067062921e-02 -1.180963920026974617e-01 -3.304415594330967565e+01 -2.989615626906756002e-02 9.993648681009457135e-01 -1.939278850281607458e-02 1.762862585886659339e+00 1.174899679866307917e-01 2.278037472190073964e-02 9.928127527132345476e-01 -6.193953230726345627e-02
9.928616555265271648e-01 2.522326346268948666e-02 -1.165740964597862667e-01 -3.220063118721318318e+01 -2.756556006124873809e-02 9.994483453051785649e-01 -1.852417245790697123e-02 1.746500259902676433e+00 1.160425477298455826e-01 2.160537079136445535e-02 9.930092321168692004e-01 8.656031705237049456e-02
9.931842430306977443e-01 2.474555163728802201e-02 -1.138978361063381212e-01 -3.134990221267194599e+01 -2.668314954061290142e-02 9.995234792755453013e-01 -1.551850210238879882e-02 1.733945510435134896e+00 1.134595475318548735e-01 1.845188475670895070e-02 9.933712594104944227e-01 2.018367394309971419e-01
9.935512755953547215e-01 2.521768634680043517e-02 -1.105437970134819509e-01 -3.051175883785113996e+01 -2.683660120967908472e-02 9.995529231994125796e-01 -1.318144753135709613e-02 1.722946240236767901e+00 1.101619698369458028e-01 1.606306380562760872e-02 9.937838388617618035e-01 2.943573918513487930e-01
9.936967371146138150e-01 2.677432634400242137e-02 -1.088573842079390425e-01 -2.969554042363720825e+01 -2.804590651939933496e-02 9.995549340545912820e-01 -1.016665798710637836e-02 1.700079603238816572e+00 1.085367300745471580e-01 1.315557889059002991e-02 9.940053867906241125e-01 4.086019859196960979e-01
9.939317490632787466e-01 2.812571378613619791e-02 -1.063420068836012783e-01 -2.888915305277830115e+01 -2.916232719607060944e-02 9.995410112670483072e-01 -8.205209793520429687e-03 1.692128834152258676e+00 1.060624197183944878e-01 1.125659892093127702e-02 9.942957568571900717e-01 4.976960733918078250e-01
9.944767300839779667e-01 2.896874803766554332e-02 -1.008803497149423772e-01 -2.807369899974291272e+01 -2.981607514357518043e-02 9.995315765375172301e-01 -6.901388806463949060e-03 1.682043538919376857e+00 1.006331703987880105e-01 9.871126660901299865e-03 9.948746282190198409e-01 6.040886568857454231e-01
9.954968292465403712e-01 2.978126011766404208e-02 -8.999521935018776897e-02 -2.724203914468332499e+01 -3.071182403549409939e-02 9.994880050855485809e-01 -8.972823107770321743e-03 1.653489983761260440e+00 8.968192027659323273e-02 1.169633429389410617e-02 9.959017767529025900e-01 6.970234320519065330e-01
9.966067445352797538e-01 3.033881562146699754e-02 -7.651505089508993385e-02 -2.642465895830897082e+01 -3.138653231139986594e-02 9.994288103602073647e-01 -1.252751417664764444e-02 1.627300599518941349e+00 7.609127634792982320e-02 1.488654723793552195e-02 9.969897233046465246e-01 7.733014711765469062e-01
9.972824656581484870e-01 3.141669969641336380e-02 -6.663838736786281691e-02 -2.559533424435039706e+01 -3.251910177862604723e-02 9.993505599891351343e-01 -1.552308825309513252e-02 1.608258259118955369e+00 6.610742553083820416e-02 1.764792422885479162e-02 9.976564333777923066e-01 8.325200212067522809e-01
9.974740848995622411e-01 3.171507555734865563e-02 -6.355787863178456731e-02 -2.476656794503610826e+01 -3.280158850849607816e-02 9.993318018915650081e-01 -1.612468664741192534e-02 1.584824067142061477e+00 6.300401372214543827e-02 1.816875643927213027e-02 9.978478794607673619e-01 9.037729925277315779e-01
9.974751527474480239e-01 3.213492868412148873e-02 -6.332981927908534758e-02 -2.394987777469292922e+01 -3.315054550281419654e-02 9.993370240617708289e-01 -1.505169997806088747e-02 1.563503749453543756e+00 6.280414782736112866e-02 1.711311479042136249e-02 9.978791411377676557e-01 1.009113656341703358e+00
9.977965349737352163e-01 3.335690528739742450e-02 -5.735321842804588094e-02 -2.315799313896197376e+01 -3.424137253415610732e-02 9.993082812313243135e-01 -1.450818629166410537e-02 1.541999295889089572e+00 5.682959793439228829e-02 1.644007092880343454e-02 9.982485266037066651e-01 1.085115477620317348e+00
9.984249880400409838e-01 3.483235140537294106e-02 -4.398011542523075357e-02 -2.233061367873120062e+01 -3.548390770379418468e-02 9.992704668808946034e-01 -1.412183818444278163e-02 1.513133208454373824e+00 4.345613364431565040e-02 1.566018247695678128e-02 9.989325918866976961e-01 1.115727297702564291e+00
9.989085622496471917e-01 3.562101717136315071e-02 -3.021303361167547094e-02 -2.150944940206741052e+01 -3.609103369115983229e-02 9.992335637820972671e-01 -1.515659257329929517e-02 1.488300753842395130e+00 2.964998400414991728e-02 1.623046970998920369e-02 9.994285618800109461e-01 1.126205440469368657e+00
9.990158855303178376e-01 3.609290098626127125e-02 -2.577911861314842110e-02 -2.068413381941123674e+01 -3.651697840368620801e-02 9.992021465602501928e-01 -1.617345348566674723e-02 1.466255861833363872e+00 2.517480379942512933e-02 1.709891247372917478e-02 9.995368209555244299e-01 1.150396158668510527e+00
9.987808585347756063e-01 3.680039605284123050e-02 -3.290178528424661519e-02 -1.986646318189964688e+01 -3.717803170194082518e-02 9.992487695422251903e-01 -1.094031659132321289e-02 1.448209726521489271e+00 3.247446047752175491e-02 1.215020241407221806e-02 9.993987102242982701e-01 1.220819706296717877e+00
9.983275197314677163e-01 3.775033708276506056e-02 -4.378441956853568878e-02 -1.908465821422664277e+01 -3.774842327173027340e-02 9.992868948670011742e-01 8.707970861443490099e-04 1.447666301321169469e+00 4.378606955772863102e-02 7.834521073802377510e-04 9.990406229555839346e-01 1.306042792150238663e+00
9.981243602380297508e-01 3.903776615592197130e-02 -4.715733572817120550e-02 -1.829546893375751537e+01 -3.852662972158453492e-02 9.991890753540927372e-01 1.170002116789096817e-02 1.442329739886561768e+00 4.757583737276537689e-02 -9.861262930716875943e-03 9.988189501564792572e-01 1.375498705604186078e+00
9.985205804195348422e-01 4.005015401979913903e-02 -3.677819519261003173e-02 -1.746107616382241901e+01 -3.950164364226609048e-02 9.990989415899275139e-01 1.552176096472614696e-02 1.416798797392687215e+00 3.736670480782023490e-02 -1.404599860732744405e-02 9.992029019648251964e-01 1.396838273376747264e+00
9.989983687864445461e-01 4.059290217602928852e-02 -1.882751855530010593e-02 -1.659774151352619498e+01 -4.029702299732024207e-02 9.990622269521435284e-01 1.583719088024106852e-02 1.388154874372824477e+00 1.945274015598565803e-02 -1.506263490731498365e-02 9.996973081538594874e-01 1.386012093705545123e+00
9.991346079018185167e-01 4.138362521615380346e-02 -4.175027766174657130e-03 -1.573846920993214304e+01 -4.131167182887838379e-02 9.990172860340003069e-01 1.605639984440473261e-02 1.358940290836781362e+00 4.835396941561956492e-03 -1.587002738590147927e-02 9.998623711127387903e-01 1.397848415759820329e+00
9.991187354593908942e-01 4.196521854072195884e-02 8.202968104032717055e-04 -1.491095529660302965e+01 -4.197294312091964102e-02 9.989938486637052195e-01 1.579754341174872609e-02 1.338104640986987670e+00 -1.565241059907485749e-04 -1.581805186827654405e-02 9.998748745394578918e-01 1.432981113073128920e+00
9.990529469274469498e-01 4.349195216543132875e-02 -1.288150776757796163e-03 -1.412249137862646720e+01 -4.346545497201056291e-02 9.989237604514452640e-01 1.618873156302350763e-02 1.315632790200045310e+00 1.990843956705374597e-03 -1.611740991547168378e-02 9.998681241233549066e-01 1.489708054940494408e+00
9.989816616785102132e-01 4.493096318555925978e-02 -4.104653123052710156e-03 -1.332197529145434167e+01 -4.486947117963369785e-02 9.988945785239363717e-01 1.401254978750960355e-02 1.283289772252325323e+00 4.729713109977107255e-03 -1.381410665607198975e-02 9.998933944532246709e-01 1.511740879163059548e+00
9.989581965532043917e-01 4.527512597748627882e-02 -5.717036548096364294e-03 -1.247678477290877730e+01 -4.518690332631489920e-02 9.988701240607493759e-01 1.471798310372356491e-02 1.255853678301261045e+00 6.376935545212452684e-03 -1.444431468038438748e-02 9.998753404632331199e-01 1.524223988772788418e+00
9.989391065973756145e-01 4.560979527986872700e-02 -6.356719670207526887e-03 -1.164133757659002200e+01 -4.549681812847585632e-02 9.988213645036317923e-01 1.690920906747040223e-02 1.218136480012854239e+00 7.120452978675582620e-03 -1.660205968039798682e-02 9.998368220683547802e-01 1.524139101042864652e+00
9.989329802835704708e-01 4.600897681663368433e-02 -4.009358311541855006e-03 -1.081374916834103139e+01 -4.593458338927959572e-02 9.987996913637825491e-01 1.700560438402788296e-02 1.180652954338198279e+00 4.786956301992404371e-03 -1.680329086516130568e-02 9.998473555825727610e-01 1.540525811034560988e+00
9.989345512682940020e-01 4.614526340335714516e-02 -6.139607860778956844e-04 -9.976228580543441637e+00 -4.613070820972529906e-02 9.988207958992446622e-01 1.513193441925360025e-02 1.149648458163880838e+00 1.311503900580033178e-03 -1.508748967304357480e-02 9.998853172303734382e-01 1.557673825285579516e+00
9.989412615967692144e-01 4.599592913675323164e-02 8.546240705203659227e-04 -9.152032152017039124e+00 -4.600333807281891535e-02 9.988465408459322736e-01 1.375793321227228479e-02 1.136687278261898193e+00 -2.208293754630776982e-04 -1.378268272007268473e-02 9.999049899322558499e-01 1.573199700189872097e+00
9.989189641793700947e-01 4.647679621420702095e-02 -9.002313465441241606e-04 -8.353550187424760409e+00 -4.645790534749433959e-02 9.988058116265968733e-01 1.511997657598554770e-02 1.112951467114104531e+00 1.601884370822371974e-03 -1.506180847701122857e-02 9.998852813657496119e-01 1.591168050968855052e+00
9.989193580971786890e-01 4.634726881796176479e-02 -3.470834458190569585e-03 -7.521576584450381020e+00 -4.627866203365289810e-02 9.987706794526005627e-01 1.775993542120990476e-02 1.068001293340525404e+00 4.289692191230949810e-03 -1.758011771593698258e-02 9.998362555948840935e-01 1.620113209790190911e+00
9.989353584135792774e-01 4.604428500723389828e-02 -2.841395661749308160e-03 -6.676956376468757171e+00 -4.598423232747589351e-02 9.987716061784277510e-01 1.845884798725120138e-02 1.026802553802348417e+00 3.687829766503973247e-03 -1.830853653180239057e-02 9.998255834902790573e-01 1.636435712945545129e+00
9.989527492225249716e-01 4.574403717829690630e-02 9.422756441903816071e-04 -5.839156714932568271e+00 -4.575341548208614051e-02 9.988114674853664221e-01 1.680111280399015916e-02 9.988064381226878785e-01 -1.726049902070281652e-04 -1.682663015459102962e-02 9.998584073383380844e-01 1.648702664483504332e+00
9.989195063415188258e-01 4.602066679635109792e-02 6.474417196597066423e-03 -5.026535836461880180e+00 -4.611535481349571253e-02 9.988185325285615646e-01 1.532687599989368370e-02 9.844047234575908911e-01 -5.761414829862667591e-03 -1.560888545380314206e-02 9.998615748162583694e-01 1.649850913027583132e+00
9.989118992627606941e-01 4.586032325759836076e-02 8.476335409411228650e-03 -4.227882648529085685e+00 -4.599171229500011865e-02 9.988134100546558480e-01 1.601668802105664716e-02 9.620346651386352255e-01 -7.731746984879294717e-03 -1.638910143047836790e-02 9.998357952398300164e-01 1.662191695221124643e+00
9.989365415691970895e-01 4.569027123048572531e-02 6.179403907849718991e-03 -3.441436540875546513e+00 -4.579134720830880384e-02 9.988004142167402621e-01 1.734603935531630475e-02 9.204538108605236912e-01 -5.379445939853760850e-03 -1.761055579340758265e-02 9.998304505695090327e-01 1.686674872919177615e+00
9.990423172932293427e-01 4.371385321507591931e-02 1.883426256927320458e-03 -2.626969966164510506e+00 -4.374202378187808798e-02 9.988579051429461453e-01 1.922292092557134624e-02 8.903305172150688396e-01 -1.040967261780206517e-03 -1.928689634274923653e-02 9.998134486076010186e-01 1.711565577325909082e+00
9.991088300778666609e-01 4.217967615514629787e-02 -1.555821289093569596e-03 -1.814432239119895041e+00 -4.214189583571331665e-02 9.989254181979411173e-01 1.928910297137790761e-02 8.669097822811834275e-01 2.367757548505043750e-03 -1.920634784428091810e-02 9.998127374297028913e-01 1.730440338262811961e+00
9.991395358175150232e-01 4.144722744282071381e-02 -1.521612192312190356e-03 -1.037671667152503696e+00 -4.141462200442905250e-02 9.989911049966592183e-01 1.736666985302992225e-02 8.343842754637424974e-01 2.239877360697253243e-03 -1.728870946187040583e-02 9.998480301898644562e-01 1.749314268548348261e+00
9.991317631621303708e-01 4.166139228240360592e-02 2.196215480749865215e-04 -2.753530490430679545e-01 -4.166031057128249948e-02 9.990309914762105503e-01 1.419494956539273968e-02 8.061957202871995465e-01 3.719726293498674496e-04 -1.419177448916931518e-02 9.998992225085544527e-01 1.753607278466946306e+00
9.991633274167991408e-01 4.083970298494392359e-02 2.182614370835860539e-03 5.047771240594115527e-01 -4.086512018621725473e-02 9.990767368380485403e-01 1.325578595190867251e-02 7.828169855261370991e-01 -1.639236882282579322e-03 -1.333388799781830281e-02 9.999097560946714758e-01 1.760303167046648465e+00
9.992206030388296467e-01 3.931543603215863908e-02 3.533122177192386283e-03 1.282529444773833349e+00 -3.936567445666595139e-02 9.991046737290132373e-01 1.549821303937244134e-02 7.650933175273898490e-01 -2.920639876726326134e-03 -1.562521751666896483e-02 9.998736532383815101e-01 1.786683505391742699e+00
9.993175215410067258e-01 3.672515336291417437e-02 3.969162582949574934e-03 2.079018410037892561e+00 -3.678322154676017669e-02 9.991997877478919765e-01 1.570919403437031833e-02 7.512733617809610465e-01 -3.389063850300064185e-03 -1.584447143447746328e-02 9.998687248690103502e-01 1.804643500998268424e+00
9.994022566729968693e-01 3.420150565289176853e-02 5.038488661938890674e-03 2.848072760813279203e+00 -3.426794650763884814e-02 9.993180885374196576e-01 1.375011869285255178e-02 7.263105728566398023e-01 -4.564778096564703520e-03 -1.391455831110506580e-02 9.998927681846369042e-01 1.819470288387272650e+00
9.994632241293476271e-01 3.223576410967365913e-02 5.841157867657639780e-03 3.586613547556936510e+00 -3.230624340165620667e-02 9.994010622388985743e-01 1.240255751988619641e-02 6.949270278287399405e-01 -5.437853459074434154e-03 -1.258460599409518856e-02 9.999060243051498542e-01 1.843301463083566460e+00
9.995375853405621402e-01 3.009613728721212064e-02 4.340277865268760311e-03 4.312661529656857340e+00 -3.014570831082636140e-02 9.994752951556972187e-01 1.184781177561604511e-02 6.912146863287552678e-01 -3.981427130695244614e-03 -1.197317392428306863e-02 9.999203925034141349e-01 1.849793679339075014e+00
9.996482717049183231e-01 2.648725289886579015e-02 1.326013288518736915e-03 5.034264268064609915e+00 -2.650161758713897447e-02 9.995725920248066387e-01 1.234088886890071651e-02 7.076549862567733662e-01 -9.985702953966403648e-04 -1.237168972618685539e-02 9.999229691084629001e-01 1.859387809007699621e+00
9.997740340011991300e-01 2.125630564239144871e-02 -2.245159379409909079e-04 5.742120923480380945e+00 -2.125209271289611040e-02 9.997023957872903654e-01 1.197783004030019381e-02 6.988220685112207509e-01 4.790535373212779753e-04 -1.197035202444302580e-02 9.999282380151683913e-01 1.878412852625725105e+00
9.998910735508589331e-01 1.470880614483422583e-02 1.221497075096686672e-03 6.451111822146181396e+00 -1.472078810045743258e-02 9.998369283729549029e-01 1.046016536370662081e-02 6.761223146633335013e-01 -1.067441339003549544e-03 -1.047700737464395127e-02 9.999445449050959889e-01 1.892538468700386334e+00
9.999616369633481661e-01 7.012181989144604909e-03 5.249181396398330292e-03 7.129880285532562034e+00 -7.062724420370839092e-03 9.999282745766849834e-01 9.672829258064018915e-03 6.712530121701224539e-01 -5.180977257533148257e-03 -9.709531700595963599e-03 9.999394394006129172e-01 1.912485704031737788e+00
9.999583496393082971e-01 -2.706115750842417577e-03 8.716416934382034687e-03 7.790676644523097494e+00 2.628953036518194997e-03 9.999573653417400676e-01 8.851898369138357439e-03 6.947280526823118585e-01 -8.739999574526369219e-03 -8.828614633611274812e-03 9.999228310080175985e-01 1.923274147676085732e+00
9.998478274265607535e-01 -1.468196466714342605e-02 9.421353612896910673e-03 8.436085189510894367e+00 1.459666056042009663e-02 9.998524150807978073e-01 9.060108033568716260e-03 7.320309848850897749e-01 -9.552983349214533293e-03 -8.921209032906466871e-03 9.999145726203417794e-01 1.935331152943489119e+00
9.995346700565933551e-01 -2.901313468791111641e-02 9.417078657324384761e-03 9.076748076047412184e+00 2.892151307724122669e-02 9.995343874792422811e-01 9.723904967599882390e-03 7.588658954670784995e-01 -9.694814912109998156e-03 -9.447023979914400196e-03 9.999083779535716809e-01 1.944370690416243441e+00
9.989502448959209913e-01 -4.461831871848809250e-02 1.037370990123005418e-02 9.686602152052032011e+00 4.452460119353641999e-02 9.989668759714610546e-01 9.096186034603071305e-03 7.933599865680603935e-01 -1.076884909988057998e-02 -8.624751970635885848e-03 9.999048182414709274e-01 1.946322715502417200e+00
9.980180920844592407e-01 -6.183666036593443022e-02 1.166684648411240970e-02 1.028492535796381624e+01 6.172580451265644724e-02 9.980466449751735913e-01 9.634288300914608735e-03 8.398095237477876118e-01 -1.223980920443994320e-02 -8.895048543312930253e-03 9.998855260388815891e-01 1.962750656726275356e+00
9.966560290452167736e-01 -8.085016255105154093e-02 1.183262368574857296e-02 1.087524856764687975e+01 8.072527052142447479e-02 9.966791930266564181e-01 1.067786902784755368e-02 9.095856183146759921e-01 -1.265663727310030115e-02 -9.686970795949184643e-03 9.998729779975732423e-01 1.980083575019558895e+00
9.947346316865451898e-01 -1.019767794511957648e-01 1.018572413701863098e-02 1.144474734932377125e+01 1.018710308386684693e-01 9.947431204846680641e-01 1.041236401074665217e-02 9.895257813976261474e-01 -1.119399836074339537e-02 -9.319908861539915809e-03 9.998939112223417247e-01 1.983508286494830575e+00
9.921815576981409812e-01 -1.245735872257050791e-01 7.561608916763778651e-03 1.199469375795161064e+01 1.245045473729775309e-01 9.921781877730913024e-01 9.003409951475463066e-03 1.076466139900187358e+00 -8.624050506602443447e-03 -7.991562614656723754e-03 9.999308779509890055e-01 1.982901516180954671e+00
9.889620304991089128e-01 -1.480156657030483880e-01 6.742769279976130840e-03 1.253423221706674973e+01 1.479539030166670266e-01 9.889543085036849313e-01 8.889222358171850261e-03 1.187131250087012369e+00 -7.984034895605911578e-03 -7.793484360782360412e-03 9.999377564570226529e-01 1.981140481715139678e+00
9.849692716072258047e-01 -1.725819795336769602e-01 7.141031421905277149e-03 1.306667819010904985e+01 1.725041397636359053e-01 9.849541845087249614e-01 1.037189390422679595e-02 1.306345534501409666e+00 -8.823590762218631173e-03 -8.984139301572829570e-03 9.999207116002102325e-01 1.981729211420903969e+00
9.802635835796927877e-01 -1.975341893411532157e-01 7.971872354229272289e-03 1.355648173387842803e+01 1.974260739242507945e-01 9.802365002448490960e-01 1.262334831121193247e-02 1.427880876748873318e+00 -1.030786313233463328e-02 -1.080035319160251202e-02 9.998885439530657004e-01 1.987984998366393752e+00
9.747200501402097927e-01 -2.232959628703732602e-01 7.728959856273945501e-03 1.402637037515792606e+01 2.231678494954908165e-01 9.746693198200865327e-01 1.469108413317096913e-02 1.549469591380293165e+00 -1.081363982315735467e-02 -1.259483891293681178e-02 9.998622081199649569e-01 2.014656644951435815e+00
9.680114562171223680e-01 -2.508238010025426457e-01 6.421953210902199560e-03 1.448982537110013169e+01 2.507032400155655427e-01 9.679410960642287343e-01 1.542465544760205157e-02 1.691303624592134680e+00 -1.008494313835598885e-02 -1.332123870427908557e-02 9.998604095178885709e-01 2.026079677449104111e+00
9.602831252986340216e-01 -2.789847375751861591e-01 4.882158005691213283e-03 1.494541707982883061e+01 2.788484112447092711e-01 9.601467427126809673e-01 1.902093595305782286e-02 1.854358872302038108e+00 -9.994138931871315856e-03 -1.690410181977488463e-02 9.998071656717995026e-01 2.027604394771491680e+00
9.518164930850449013e-01 -3.066344220388811381e-01 4.549144113794541255e-03 1.536090918348512524e+01 3.064518668208785490e-01 9.515975517130955685e-01 2.343827842741173437e-02 2.039605653995240964e+00 -1.151593736025269613e-02 -2.091484627062034987e-02 9.997149355652295011e-01 2.021285238843715248e+00
