1.000000000000000000e+00 0.000000000000000000e+00 0.000000000000000000e+00 0.000000000000000000e+00 0.000000000000000000e+00 1.000000000000000000e+00 0.000000000000000000e+00 0.000000000000000000e+00 0.000000000000000000e+00 0.000000000000000000e+00 1.000000000000000000e+00 0.000000000000000000e+00
9.999975840093778823e-01 4.419830104235103756e-04 -2.153282709198187442e-03 7.394180639130753727e-03 -4.417766190859500459e-04 9.999998977775171882e-01 9.632431646920387811e-05 -1.779301731371449357e-03 2.153325062795652563e-03 -9.537281379535280908e-05 9.999976770449020558e-01 2.775194381825267231e-01
9.999921826107273093e-01 1.135608172131295004e-04 -3.952444986911691528e-03 8.168690887447163651e-03 -1.129184576390485426e-04 9.999999803817674060e-01 1.627448518291652686e-04 -6.274540233110251913e-03 3.952463390810077686e-03 -1.622972755974811645e-04 9.999921758157603868e-01 5.812924980139491105e-01
9.999798195548117441e-01 3.467906663333541399e-04 -6.343517900971288800e-03 1.081504885305562338e-02 -3.458913155821488725e-04 9.999999299734909641e-01 1.428713091929577578e-04 -7.714631934026961249e-03 6.343567003193389606e-03 -1.406742582341477174e-04 9.999798694815956734e-01 8.811797761039766863e-01
9.999652663809939224e-01 1.866088895441479767e-04 -8.332539151430643984e-03 1.075729614532925163e-02 -1.853505915322311084e-04 9.999999713036710203e-01 1.517821315653146506e-04 -5.328271825390876182e-03 8.332567236212383779e-03 -1.502324185619017800e-04 9.999652722737296662e-01 1.179848119957928043e+00
9.999456223976120883e-01 1.313988596293568379e-04 -1.042760673365639330e-02 -1.255507713811618645e-03 -1.323922182820102807e-04 9.999999867642040963e-01 -9.457215309376629014e-05 4.027140014268241336e-03 1.042759416896565060e-02 9.594754447366959547e-05 9.999456265587224335e-01 1.485411397132053724e+00
9.999166321296053539e-01 1.841141195053847609e-04 -1.291103762593852171e-02 6.257089551014085455e-03 -1.833118362711146879e-04 9.999999811935014193e-01 6.332272531633675080e-05 -3.343796843896617091e-03 1.291104904173492711e-02 -6.095070022020330342e-05 9.999166470749719648e-01 1.799519953867751987e+00
9.998887915772962653e-01 1.627194144211702848e-04 -1.491234389646268164e-02 -4.458807427787942618e-03 -1.642755681331426311e-04 9.999999811890228907e-01 -1.031285193488227153e-04 8.034401818850929813e-03 1.491232683493464405e-02 1.055667843546383801e-04 9.998887994992353700e-01 2.109849754532446831e+00
9.998549812496790867e-01 4.723278948075724181e-05 -1.702980444008652186e-02 -1.529265159817176471e-02 -4.730675686714760680e-05 9.999999988732714007e-01 -3.940566263246141982e-06 4.631872751993740267e-04 1.702980423477461550e-02 4.745619625393331895e-06 9.998549823575438866e-01 2.415006525034493201e+00
9.998082183598990813e-01 -2.605318801524917518e-05 -1.958381528802951438e-02 -1.740188282589434296e-02 2.695407385470763103e-05 9.999999985907752631e-01 4.573759333961338938e-05 -3.045706158888104517e-03 1.958381406882139797e-02 -4.625668531257895520e-05 9.998082176531841725e-01 2.727949515447577689e+00
9.997613747945420792e-01 -1.192991258885438087e-04 -2.184443262357163226e-02 -2.165567796572985190e-02 1.163438531928269833e-04 9.999999839080018216e-01 -1.365580605013522219e-04 8.917558649162129342e-03 2.184444856330831561e-02 1.339840088438707278e-04 9.997613725861038692e-01 3.040913278362116223e+00
9.997000968164669876e-01 3.394186498379147431e-05 -2.448908477457388891e-02 -3.643684833269043855e-02 -3.376282387315628796e-05 9.999999994002016779e-01 7.724529943966906105e-06 -4.737163073469351227e-04 2.448908502207032892e-02 -6.895392676786683741e-06 9.997000973628218379e-01 3.347758366156581733e+00
9.996432403535302491e-01 1.251501842036391646e-04 -2.670910617983263818e-02 -4.474507976490900429e-02 -1.248980137346812483e-04 9.999999921385311907e-01 1.110962135237766135e-05 1.405756882395393925e-03 2.670910736023099363e-02 -7.769743577301776996e-06 9.996432481258755720e-01 3.661630649963329542e+00
9.995575179754188078e-01 1.753966884116269919e-04 -2.974453722655564722e-02 -4.875371335922880356e-02 -1.759036369540893392e-04 9.999999844248895764e-01 -1.442675250268729223e-05 9.466405801653423116e-05 2.974453423287657869e-02 1.965254120169921315e-05 9.995575332601154273e-01 3.971767412133605735e+00
9.994561974221464196e-01 -1.358274515746266359e-04 -3.297409567170545008e-02 -5.575436849553813690e-02 1.360233105319724051e-04 9.999999907419971912e-01 3.696549835204088916e-06 -2.574733732737282798e-03 3.297409486433823533e-02 -8.179785296937897601e-06 9.994562066448777760e-01 4.280005983607224174e+00
9.993485578208750608e-01 1.776223297975203219e-04 -3.608917333003262840e-02 -6.626416552458429254e-02 -1.755089955347337251e-04 9.999999826932041147e-01 6.172668824659729850e-05 -1.843829489859738231e-03 3.608918366948284107e-02 -5.535250231746284051e-05 9.993485716996701740e-01 4.589011189642981492e+00
9.992410159243124701e-01 2.140105418582029730e-05 -3.895371146043588584e-02 -7.452627770877180702e-02 -1.893761443557798703e-05 9.999999977976204990e-01 6.360916477532109383e-05 -2.381547575013269122e-03 3.895371273594820660e-02 -6.282319606371634675e-05 9.992410141288893266e-01 4.901200024338169925e+00
9.991079675595208043e-01 2.850626388267240798e-05 -4.222876207605837789e-02 -8.130371096035289569e-02 -3.509471125194309058e-05 9.999999873287563901e-01 -1.552766831702151505e-04 6.920348291281489157e-03 4.222875711460933462e-02 1.566201775431636033e-04 9.991079558999994559e-01 5.215248328531258970e+00
9.989514564290497001e-01 -8.089066261786662885e-06 -4.578195750344796894e-02 -8.320385346608293042e-02 5.619379023824643927e-06 9.999999985222529642e-01 -5.407325341145900120e-05 1.831915432952219147e-03 4.578195787319595117e-02 5.375928907756954463e-05 9.989514549983076197e-01 5.515890606144101760e+00
9.987681477318833823e-01 2.827546825186477968e-04 -4.961962440418366677e-02 -9.670591489280455644e-02 -2.866970457608382979e-04 9.999999562862662561e-01 -7.233442895766893470e-05 3.011217798885621778e-03 4.961960178222612344e-02 8.647112335573637113e-05 9.987681851369306640e-01 5.823985388207985281e+00
9.986194541389888935e-01 -6.434808089096185810e-05 -5.252791328876724869e-02 -1.294063617825111090e-01 5.969578266191503100e-05 9.999999941558637140e-01 -9.013703995117756018e-05 1.346494154387956142e-03 5.252791878193250469e-02 8.687690673837900111e-05 9.986194521442298688e-01 6.150029360432529124e+00
9.983774367355706669e-01 1.830001831242445039e-04 -5.694260556248390004e-02 -1.348448221815298775e-01 -1.720557843337069829e-04 9.999999657735875180e-01 1.971030972559630621e-04 -6.153506518300226082e-03 5.694263968344567828e-02 -1.869859803489922249e-04 9.983774340509327105e-01 6.454146864480176049e+00
9.981756649955652039e-01 1.410103831620183423e-04 -6.037650144495843724e-02 -1.652355021250224432e-01 -1.482936766384107454e-04 9.999999822590275311e-01 -1.161504635908569506e-04 5.487445565662545099e-03 6.037648399539920913e-02 1.248920196161840395e-04 9.981756681979062629e-01 6.772769022678641448e+00
9.978884179576645863e-01 -6.673963891795464773e-05 -6.495152693947860156e-02 -1.796801802629757194e-01 6.714700080238441692e-05 9.999999977372808768e-01 4.088828190279299491e-06 -4.532216190499569614e-03 6.495152651962461665e-02 -8.441494525619773931e-06 9.978884201810900301e-01 7.078714935361738902e+00
9.975486545499177016e-01 3.510195474831718430e-05 -6.997628579384415626e-02 -1.952508388532673278e-01 -4.612436016969254673e-05 9.999999867837859879e-01 -1.559005171693475164e-04 5.896782021387599743e-03 6.997627939660969187e-02 1.587459625552115744e-04 9.975486429851563308e-01 7.395397227145057428e+00
9.972034065182343587e-01 8.527709374220418829e-05 -7.473525778537334907e-02 -2.200426171124710562e-01 -1.039121572919400019e-04 9.999999644759891559e-01 -2.454593328632585585e-04 1.047879534590748229e-02 7.473523419841870963e-02 2.525387847551820750e-04 9.972033799548964961e-01 7.711779085714277393e+00
9.968506976224844607e-01 7.000607549472091470e-05 -7.930120899907819321e-02 -2.433010928514527382e-01 -9.184135248137498351e-05 9.999999588724619581e-01 -2.716988044451910294e-04 1.090497475984445776e-02 7.930118671704769473e-02 2.781262730422671406e-04 9.968506630539221147e-01 8.013460940948984756e+00
9.963570064113921321e-01 6.931237600455819430e-05 -8.528019096322178583e-02 -2.580695402034536845e-01 -7.129384205159706609e-05 9.999999972547910509e-01 -2.018925155265130776e-05 1.377519643467118790e-03 8.528018932974484878e-02 2.619565470334817828e-05 9.963570086177295781e-01 8.321753536632945369e+00
9.959218937962395213e-01 1.489193175236084958e-04 -9.021950609678980326e-02 -2.975242312144460999e-01 -1.381809212481273797e-04 9.999999826065735231e-01 1.252712483852689098e-04 -5.463726754702044261e-03 9.021952318287226880e-02 -1.122937644630706764e-04 9.959218970515537617e-01 8.617644506416912265e+00
9.953454502869423237e-01 1.983826217172377090e-04 -9.637113280137081517e-02 -3.282144827328322134e-01 -1.971605545770722695e-04 9.999999803173644786e-01 2.220329652672897009e-05 2.020488737222325692e-03 9.637113530928111127e-02 -3.099364190912596090e-06 9.953454698091482866e-01 8.925908191135135894e+00
9.946110130027249197e-01 1.142793818528648880e-04 -1.036769972265605549e-01 -3.575191614897211823e-01 -1.158019349330989008e-04 9.999999932574032968e-01 -8.666326699225070958e-06 2.167752147273150493e-03 1.036769955371259072e-01 2.062562086421804557e-05 9.946110195302375612e-01 9.228586184568671413e+00
9.937464278995360445e-01 1.745241445341461106e-04 -1.116602282741494118e-01 -3.811050064814303084e-01 -1.761281009164476210e-04 9.999999844793185932e-01 -4.500521992508612463e-06 2.822825166952874863e-03 1.116602257556568306e-01 2.413888160756169816e-05 9.937464432145204363e-01 9.543025287784374200e+00
9.929092726602656294e-01 2.427570001651403828e-04 -1.188743762730268827e-01 -4.250354833562577928e-01 -2.182135653884872549e-04 9.999999521053735130e-01 2.194814127476390402e-04 -6.659806223463106412e-03 1.188744238602323922e-01 -1.919851284138360552e-04 9.929092780781174632e-01 9.859514417836496847e+00
9.917380436292758672e-01 1.762265050826789718e-04 -1.282794674240402832e-01 -4.533421207487419169e-01 -1.591641191645047301e-04 9.999999770715967129e-01 1.432605642581560488e-04 -3.966779750116028458e-03 1.282794897291054670e-01 -1.216594632871706932e-04 9.917380489392424447e-01 1.016734923767623755e+01
9.905727268202059177e-01 2.359644217943087014e-04 -1.369876534610811603e-01 -4.919176716683969497e-01 -2.525176408094247375e-04 9.999999627654850842e-01 -1.034595064622797209e-04 5.685904053647675149e-03 1.369876239476497393e-01 1.370759645038243670e-04 9.905727495218901169e-01 1.047788116457393670e+01
9.889509818786431650e-01 6.309644853649461497e-05 -1.482428799642861450e-01 -5.347820331596614407e-01 -7.899864928288893330e-05 9.999999917403258332e-01 -1.013832419046491049e-04 4.960715322523283344e-03 1.482428723429257689e-01 1.119740439106267849e-04 9.889509786947644487e-01 1.079157239827763881e+01
9.873669458708258517e-01 -7.712164991461261483e-05 -1.584503337136551337e-01 -5.811391527347192776e-01 5.070761954936331715e-05 9.999999841374205278e-01 -1.707451200028500024e-04 5.700142007318642276e-03 1.584503443683694668e-01 1.605534484201399882e-04 9.873669341192945481e-01 1.111221692638163461e+01
9.848751489387985725e-01 -5.658775766245198913e-05 -1.732655124385837075e-01 -6.320051922810681067e-01 7.329757404973488450e-05 9.999999932599370478e-01 9.004216510523627549e-05 -5.149761024801956591e-03 1.732655061754790060e-01 -1.013802324970238254e-04 9.848751464484234441e-01 1.142933009005101219e+01
9.827121434003978084e-01 -5.967447440984407253e-09 -1.851400637717185715e-01 -6.874558953575056197e-01 -2.335647492047280573e-06 9.999999999200235301e-01 -1.242970621105286879e-05 9.849761006566065680e-06 1.851400637569859120e-01 1.264724515812688842e-05 9.827121433217900215e-01 1.173650208265020467e+01
9.798030879335534182e-01 1.462467051785299311e-04 -1.999647156069655207e-01 -7.201999351063943511e-01 -1.015932664345295372e-04 9.999999675624617890e-01 2.335677278217360479e-04 -6.946285108431893632e-03 1.999647432791130386e-01 -2.085353123311973447e-04 9.798030710088339035e-01 1.203535262273733153e+01
9.770847405326857915e-01 2.546981624593567650e-04 -2.128505225434508819e-01 -7.953456069162436748e-01 -2.515315814151599825e-04 9.999999674857531495e-01 4.195659991112801306e-05 -5.562686396212712658e-04 2.128505263090453292e-01 1.254347500259912843e-05 9.770847728281428779e-01 1.233522385862771209e+01
9.727502533327849754e-01 -1.630010726894853107e-04 -2.318553818043758707e-01 -8.411780245239901532e-01 1.689180272175815393e-04 9.999999857172910955e-01 5.667254289128055740e-06 -5.241182048923110834e-03 2.318553775690844199e-01 -4.467737673962495593e-05 9.727502669730958562e-01 1.264977378905551930e+01
9.692993588396582316e-01 3.740403992583342830e-05 -2.458836138378586167e-01 -9.253679720076725124e-01 -3.341532984686780062e-05 9.999999992337476051e-01 2.039412884379749997e-05 -5.137370274215721788e-04 2.458836144122725220e-01 -1.155173395205438735e-05 9.692993593467986724e-01 1.295355766029323874e+01
9.646850298519246136e-01 4.564888392908657668e-05 -2.634061333677912842e-01 -9.920294382456277260e-01 -1.608626810390261235e-05 9.999999933282215370e-01 1.143887623772100575e-04 -5.978391585534422598e-04 2.634061368321232166e-01 -1.061119049670169876e-04 9.646850241500799505e-01 1.326046631744750925e+01
9.604657984799390702e-01 2.067613211800099098e-05 -2.783980056013162785e-01 -1.065378639755969470e+00 -1.779334275712939143e-05 9.999999997587295519e-01 1.288168335262662525e-05 7.380612692723296196e-04 2.783980058004905112e-01 -7.418785150480820519e-06 9.604657986161047045e-01 1.355247041884403458e+01
9.551054376307532845e-01 -1.720355021492461908e-04 -2.962660517372067703e-01 -1.143241830812780302e+00 2.313473876108803695e-04 9.999999596034281346e-01 1.651409346509185986e-04 -5.512371081282881752e-03 2.962660113589703492e-01 -2.262673817677099408e-04 9.551054388477318025e-01 1.385771813415930787e+01
9.503453849712982793e-01 -2.395207380470277462e-04 -3.111970306631652861e-01 -1.260301050059921657e+00 3.237240981896356818e-04 9.999999236371516220e-01 2.189255559951517422e-04 -1.080343694867015591e-02 3.111969544620628580e-01 -3.087968699029935678e-04 9.503453899388526471e-01 1.416024174900714527e+01
9.440120752111322844e-01 -1.933726183216030704e-04 -3.299108432025263382e-01 -1.356969341065639600e+00 1.995031192869990515e-04 9.999999799825955993e-01 -1.527461405225044984e-05 1.108705686001000557e-04 3.299108395522596937e-01 -5.139882219599397798e-05 9.440120948929013878e-01 1.447724877998997250e+01
9.377292843367175390e-01 -7.261147539503946910e-05 -3.473669299529263954e-01 -1.434917089284556413e+00 1.881421558354874472e-04 9.999999376418750030e-01 2.988624688369826907e-04 -1.078484295642990684e-02 3.473668865909311787e-01 -3.456064520849066578e-04 9.377292395229570587e-01 1.476988096179025867e+01
9.301911165431180351e-01 -2.950592448899956740e-04 -3.670754685950962659e-01 -1.536151673064745093e+00 3.513295460225574602e-04 9.999999345444459120e-01 8.647921157487073820e-05 -7.384660849272077499e-03 3.670754190514771698e-01 -2.094066521101302521e-04 9.301911593199735373e-01 1.507699279159036010e+01
9.231383710985487934e-01 -2.800188013166270812e-04 -3.844677741956910588e-01 -1.638267053397741480e+00 4.147158487038695687e-04 9.999998782437961031e-01 2.674381384336944629e-04 -1.275992681300278965e-02 3.844676524966474385e-01 -4.063272867581626266e-04 9.231383748289598845e-01 1.537719522136809402e+01
9.129722239396911299e-01 -1.511211095072905429e-04 -4.080216850573319953e-01 -1.768113888056287220e+00 3.316440402608829231e-04 9.999998759265317227e-01 3.716976616447290114e-04 -1.470213604723222614e-02 4.080215782613034192e-01 -4.746676009314382510e-04 9.129721607824762275e-01 1.568194735402334139e+01
9.047253710018752226e-01 1.141981694461455710e-04 -4.259952934297481231e-01 -1.921970288849230935e+00 1.668833512033449920e-04 9.999997923222984086e-01 6.224992427174469347e-04 -2.190416924337155666e-02 4.259952760482987322e-01 -6.342823804803372420e-04 9.047251640528164440e-01 1.599638416529175267e+01
8.939362785711338910e-01 -7.116955084799022355e-05 -4.481940704530652519e-01 -2.041649326321984592e+00 2.875502878342855637e-04 9.999998726545473726e-01 4.147357242720007241e-04 -1.454886933930563814e-02 4.481939838610332627e-01 -4.996256439106151097e-04 8.939361851972387196e-01 1.628632037051252368e+01
8.839317523894736350e-01 3.465405801238538613e-05 -4.676159277834434080e-01 -2.177316457965867258e+00 1.317163271036454774e-04 9.999999391316424235e-01 3.230905766068080344e-04 -9.525389585606197640e-03 4.676159105168294916e-01 -3.471826720633800151e-04 8.839316940214944074e-01 1.657623782892580877e+01
8.716055064579244505e-01 1.252174065115988551e-04 -4.902079410136336302e-01 -2.333026757323170663e+00 2.545109790177294625e-04 9.999997170041313721e-01 7.079659728151736471e-04 -2.269356006685594243e-02 4.902078909364745440e-01 -7.418303432801918876e-04 8.716052279279623560e-01 1.687143631320000381e+01
8.602388167476042735e-01 1.265258627596607503e-04 -5.098913238641031853e-01 -2.475752197494552220e+00 2.190192796742104243e-04 9.999997852690748479e-01 6.176506773950077864e-04 -1.763915999777822957e-02 5.098912925234524440e-01 -6.430031183504832321e-04 8.602386043161240892e-01 1.714778007511026914e+01
8.444135825436233089e-01 2.122448106334168878e-04 -5.356917551801445576e-01 -2.617427474724573155e+00 1.196044880959187600e-04 9.999998218869006195e-01 5.847400563517523003e-04 -1.571133859650857695e-02 5.356917838744681415e-01 -5.578335839962688617e-04 8.444134067570709945e-01 1.742152633507473425e+01
8.320539826987616294e-01 3.062506527276808149e-04 -5.546945791024703309e-01 -2.786315326647109014e+00 1.799153334544762719e-04 9.999996459867032117e-01 8.219835405602936643e-04 -2.319735711401407427e-02 5.546946344662094797e-01 -7.837327388006327424e-04 8.320536330413998982e-01 1.768624033682050012e+01
8.167865817707063991e-01 4.008683910672287010e-04 -5.769397881441860054e-01 -2.951143445649202945e+00 1.131417118548882475e-04 9.999996280908268753e-01 8.549954158109804780e-04 -2.122739046903113214e-02 5.769399163156230248e-01 -7.636247383777042133e-04 8.167862326453481092e-01 1.794862030148674847e+01
8.032387210674709621e-01 5.357197071943619205e-04 -5.956570069950399837e-01 -3.110786113033952915e+00 2.276241855294703145e-05 9.999995672250860945e-01 9.300707031215982344e-04 -1.982100324405434988e-02 5.956572474668349049e-01 -7.606273961849328901e-04 8.032383612516262872e-01 1.819974180261890950e+01
7.867273398739457191e-01 4.425721710949681803e-04 -6.173004915150630545e-01 -3.287730030034390794e+00 1.312111481223054651e-04 9.999996005122739895e-01 8.841713222636681186e-04 -1.952259728954817281e-02 6.173006362207151820e-01 -7.765984585854796831e-04 7.867269675156269848e-01 1.845986361981758250e+01
7.723083174147429286e-01 5.863126684213507871e-04 -6.352476045523223203e-01 -3.488095941116062804e+00 1.743739750797644822e-04 9.999993407257312672e-01 1.134963356034008383e-03 -2.866082100311750230e-02 6.352478511933161709e-01 -9.873122897917016583e-04 7.723077060140710604e-01 1.872317732032767168e+01
7.546590516916075186e-01 7.613114863055398668e-04 -6.561167092101407583e-01 -3.680098349904832311e+00 8.524906428469591685e-05 9.999992046045000915e-01 1.258381088581693235e-03 -2.813818536778167276e-02 6.561171453578398260e-01 -1.005582014497431774e-03 7.546583865381020217e-01 1.897290250837324521e+01
7.368730385371409231e-01 7.974784423174615311e-04 -6.760306865114743546e-01 -3.901271562614798682e+00 2.098187089954224463e-04 9.999989862635834115e-01 1.408349358276890072e-03 -3.208073622800627911e-02 6.760311243228011024e-01 -1.179618556840451252e-03 7.368721242162101781e-01 1.922988477864647905e+01
7.179183042045269580e-01 8.580837344334434676e-04 -6.961268362736786619e-01 -4.096850611196778402e+00 2.827587197895546525e-04 9.999987983342194520e-01 1.524262977123302595e-03 -3.736985946821621413e-02 6.961273077071482573e-01 -1.291132224734003499e-03 7.179171988760093548e-01 1.947125138472332750e+01
7.010540288403090958e-01 9.832304417790298928e-04 -7.131074827153823792e-01 -4.305667917320743499e+00 1.923674347482446029e-04 9.999987523239044496e-01 1.567911159642253367e-03 -3.371820521319380398e-02 7.131081346062048132e-01 -1.236369092480618832e-03 7.010529650104377897e-01 1.971087030723733946e+01
6.807809988233906040e-01 1.035196498278310702e-03 -7.324862865673572587e-01 -4.518395143448102225e+00 1.650246792791154843e-04 9.999987592052846930e-01 1.566638039300122806e-03 -3.055173982171598482e-02 7.324869994804562578e-01 -1.187415723706584285e-03 6.807799832809549034e-01 1.993514256212589686e+01
6.631195459916294777e-01 1.174991580973106658e-03 -7.485125831398158347e-01 -4.746428844039979111e+00 1.545298376929564888e-04 9.999985317033203147e-01 1.706666848794129079e-03 -3.050607013422470051e-02 7.485134894204541478e-01 -1.247391673915059212e-03 6.631183907641435837e-01 2.016222278182541672e+01
6.389219137410325766e-01 1.115108801217536616e-03 -7.692707876124361688e-01 -4.981012271541253256e+00 3.502383858299214551e-04 9.999984240716021100e-01 1.740456085407043451e-03 -3.627653080201181240e-02 7.692715160946553832e-01 -1.381443691789986401e-03 6.389205162919381342e-01 2.038510840552110537e+01
6.201613797861764699e-01 1.558747000250196649e-03 -7.844727103790768430e-01 -5.224640844676899043e+00 4.879563408290489047e-04 9.999970659843632204e-01 2.372745514074833806e-03 -5.344466832743231810e-02 7.844741072338304866e-01 -1.854273565126930310e-03 6.201587996225083055e-01 2.059586314486085712e+01
5.979462505570172226e-01 1.762964752709819932e-03 -8.015342621498382503e-01 -5.466989944767004062e+00 3.982869146867928619e-04 9.999968041640124872e-01 2.496603551892111889e-03 -5.163807805863705747e-02 8.015361020018614280e-01 -1.812075341268634026e-03 5.979436374530791021e-01 2.080450313027355236e+01
5.786153282039735446e-01 1.460322811657090939e-03 -8.155992701227078312e-01 -5.732852993222921079e+00 3.345312444881025056e-04 9.999978880248602264e-01 2.027815244448116349e-03 -3.708781933398985070e-02 8.156005088621846033e-01 -1.446168422041105468e-03 5.786136176591774039e-01 2.101641672156158336e+01
5.550042584434553561e-01 1.699515414501553273e-03 -8.318457698137236012e-01 -5.984944052984278784e+00 4.122491969964108861e-04 9.999972282023371628e-01 2.318110921082657590e-03 -4.197759201325528683e-02 8.318474037708059043e-01 -1.629489183375724352e-03 5.550020194600839840e-01 2.121884826115128320e+01
5.349845684427266823e-01 1.911621800961225796e-03 -8.448596671816211989e-01 -6.267525276921109167e+00 4.219687134508505856e-04 9.999967109131452370e-01 2.529842939080025575e-03 -4.753454787463398667e-02 8.448617244677111282e-01 -1.709931279798749528e-03 5.349820021874232001e-01 2.141996145434900356e+01
5.083533037767486995e-01 1.826027851965917118e-03 -8.611466682055667343e-01 -6.550553172366661236e+00 6.747388639370485589e-04 9.999966002656270891e-01 2.518766494382414321e-03 -4.982099249181647094e-02 8.611483398734099959e-01 -1.861472393449678303e-03 5.083503434185898673e-01 2.160632494334456766e+01
4.881802639274229749e-01 1.940319188955292847e-03 -8.727406631257631497e-01 -6.832679427911100056e+00 7.854941487107352117e-04 9.999961467264053550e-01 2.662617374653931945e-03 -5.238876661620613800e-02 8.727424665447959251e-01 -1.985369936923512581e-03 4.881768587259330827e-01 2.178715026129620114e+01
4.650506422990151600e-01 2.008854327007852242e-03 -8.852817995427028075e-01 -7.128013318645064267e+00 7.119606096492827512e-04 9.999962533923837382e-01 2.643163499618583941e-03 -4.779360195138437212e-02 8.852837924696034255e-01 -1.859490652912771909e-03 4.650474697115853928e-01 2.194498594411854953e+01
4.445716358471213381e-01 1.960458119441322710e-03 -8.957411552475282868e-01 -7.424850327284759466e+00 7.825484135491042386e-04 9.999963732663329496e-01 2.577027776607032986e-03 -4.495651802895904436e-02 8.957429587879521815e-01 -1.846634274259253755e-03 4.445684893508110580e-01 2.210742430113330670e+01
4.211098693047382602e-01 2.263263164257543932e-03 -9.070068112280060824e-01 -7.731720539158137839e+00 9.568213888221427290e-04 9.999952217987079228e-01 2.939536116951173544e-03 -5.346845105833239464e-02 9.070091303107021830e-01 -2.105711186816190249e-03 4.211056916184126031e-01 2.226228580433955884e+01
3.980281811843744411e-01 2.199577684872840166e-03 -9.173705515445039760e-01 -8.063752197029831592e+00 1.112707579785954595e-03 9.999952323826913902e-01 2.880467623308353119e-03 -5.423458031583754113e-02 9.173725136850902073e-01 -2.167272455241893263e-03 3.980238360515663265e-01 2.241036319660172182e+01
3.749622145187683220e-01 2.467735503408130700e-03 -9.270368104690700495e-01 -8.363750961588861443e+00 1.170951310423478959e-03 9.999943985368904276e-01 3.135565000334761612e-03 -5.784713596474118369e-02 9.270393554516496160e-01 -2.261233364322624666e-03 3.749572245836347850e-01 2.254302878857417269e+01
3.548558236360035423e-01 2.370933298110709277e-03 -9.349180301539325999e-01 -8.686378160549168115e+00 1.212565212680407874e-03 9.999947762048309041e-01 2.996205709753676019e-03 -5.292194508171516043e-02 9.349202501375284413e-01 -2.196870124989888304e-03 3.548510950306273948e-01 2.266765275672228341e+01
3.320929807450204718e-01 2.529136902606267476e-03 -9.432432642783173948e-01 -9.018701113451010443e+00 1.268544439800064778e-03 9.999943034138856213e-01 3.127928193198607158e-03 -5.448010997596262894e-02 9.432458019704578200e-01 -2.235308995514834283e-03 3.320878806262024252e-01 2.278436514702341142e+01
3.104473596001763314e-01 2.419121573516209121e-03 -9.505874945359270578e-01 -9.348972542880455094e+00 1.175406627766558071e-03 9.999950204758483174e-01 2.928727158195706427e-03 -4.679653702308618490e-02 9.505898460095910663e-01 -2.026542454600720015e-03 3.104429702685204129e-01 2.288750727344008951e+01
2.897656787262755662e-01 2.329085504449838074e-03 -9.570947846441405504e-01 -9.693986329064527396e+00 1.108080600411050307e-03 9.999955524941475105e-01 2.768961774329712234e-03 -3.981265851429024311e-02 9.570969771082155075e-01 -1.862888251524525644e-03 2.897618091772594662e-01 2.297829442309571135e+01
2.723098027768026119e-01 2.467347636303816004e-03 -9.622064661533411556e-01 -1.001743868057310571e+01 1.098418396128454568e-03 9.999952636086585356e-01 2.875106480894418573e-03 -4.453430179961258284e-02 9.622090026541458840e-01 -1.839824962071247641e-03 2.723058028309771617e-01 2.307302846450736311e+01
2.530048220967348049e-01 2.445600350153822201e-03 -9.674619264005829278e-01 -1.034507888117159169e+01 1.067144311681784887e-03 9.999954912095352366e-01 2.806913539518943700e-03 -3.915996694073801271e-02 9.674644289062092062e-01 -1.742584152233990534e-03 2.530010715425031753e-01 2.314436221453190257e+01
2.342466855666530678e-01 2.837016370701381848e-03 -9.721730512821008530e-01 -1.067170265073607816e+01 1.387421546153711025e-03 9.999937481173898357e-01 3.252504817437902769e-03 -5.541917644263875953e-02 9.721762007797204452e-01 -2.110702311213184454e-03 2.342412849462336411e-01 2.322383594543915564e+01
2.190934209063206684e-01 3.401939632267177074e-03 -9.756979551696849384e-01 -1.099943677168577771e+01 2.175491063176833006e-03 9.999897326792110963e-01 3.975144625541096252e-03 -8.343934424238755310e-02 9.757014605678318020e-01 -2.993550216438734327e-03 2.190837705146180259e-01 2.329008692781058087e+01
2.030085305017360620e-01 2.939082706159904836e-03 -9.791725579980129490e-01 -1.133773609152724937e+01 1.547734985270623163e-03 9.999932828494340065e-01 3.322464812041187564e-03 -5.466132648032767660e-02 9.791757457473816428e-01 -2.189988323766660534e-03 2.030026179417415699e-01 2.335240715582875737e+01
1.877187202922624421e-01 3.163579203467736713e-03 -9.822177323885263878e-01 -1.165186251579776666e+01 1.571120235674070605e-03 9.999925666992961482e-01 3.521097465108878437e-03 -6.044120986577090210e-02 9.822215705394787832e-01 -2.204158065368080205e-03 1.877123545592630505e-01 2.341739204385216766e+01
1.764058146401967786e-01 3.245090627202934942e-03 -9.843121750481144128e-01 -1.199839463124554051e+01 1.669324859557990131e-03 9.999921411949016514e-01 3.595956472086319668e-03 -6.200777236579724933e-02 9.843161087352182426e-01 -2.277484414242489028e-03 1.763990111908259051e-01 2.346330978578153292e+01
1.635625068445416552e-01 3.303941907362380019e-03 -9.865274402278947363e-01 -1.234120294395801309e+01 1.742442165397263022e-03 9.999918646639329722e-01 3.637925404750589134e-03 -6.275599573119272634e-02 9.865314339898298979e-01 -2.313995208088962842e-03 1.635554192808891250e-01 2.352450481747779421e+01
1.519926166898852848e-01 3.313492118362394451e-03 -9.883760748023718845e-01 -1.267338125653780878e+01 1.840208023557889875e-03 9.999916986416507170e-01 3.635420500592025182e-03 -6.241377164050216503e-02 9.883799158755667280e-01 -2.371374657797012484e-03 1.519852574299255243e-01 2.358723882915094094e+01
1.431388675208588035e-01 3.159552634283119017e-03 -9.896975708932489457e-01 -1.301356641109596346e+01 1.668149174490301829e-03 9.999927135270618717e-01 3.433681859917690933e-03 -5.450783704566521115e-02 9.897012083872476218e-01 -2.142456518736165182e-03 1.431325539382556356e-01 2.363990294799229019e+01
1.336448561792793477e-01 3.011948368862239767e-03 -9.910247123981538175e-01 -1.335372525621464668e+01 1.374382808337631804e-03 9.999938566546793250e-01 3.224550324729957406e-03 -4.378789452207737520e-02 9.910283363702151460e-01 -1.792991891749152241e-03 1.336398955827197144e-01 2.368242656982367933e+01
1.243869784311844029e-01 3.228767185866176191e-03 -9.922285294523737198e-01 -1.370886827554783416e+01 1.937788922268943474e-03 9.999920081130023730e-01 3.496953562418897606e-03 -5.746526833888662006e-02 9.922318905230033126e-01 -2.357704940075467520e-03 1.243797276752235392e-01 2.371987207037415146e+01
1.153616579126822694e-01 3.270732736397707289e-03 -9.933181716806579464e-01 -1.405154616481675589e+01 1.776755404458771250e-03 9.999922998401783447e-01 3.499057099213104174e-03 -5.377626174515447860e-02 9.933219674525831655e-01 -2.168540457977079488e-03 1.153549583174131588e-01 2.375770661018416163e+01
1.084274031749667966e-01 3.335964804463267125e-03 -9.940987725470527003e-01 -1.440929890294903970e+01 1.995125042667965018e-03 9.999916252869713862e-01 3.573350246675869278e-03 -6.084056781411534970e-02 9.941023678257674412e-01 -2.370800443875801730e-03 1.084198394596579407e-01 2.379831051783126128e+01
1.016905767701946628e-01 3.377253277617853384e-03 -9.948103441141150638e-01 -1.474754213016281490e+01 1.649842785660898641e-03 9.999922897348867412e-01 3.563494010218174780e-03 -5.583408039799564460e-02 9.948147086844504328e-01 -2.003654430553728633e-03 1.016842207719328428e-01 2.382365114493360991e+01
9.599258502577712182e-02 3.388596717114973969e-03 -9.953762811280757461e-01 -1.510037994374216197e+01 1.704566444127786871e-03 9.999921793983070906e-01 3.568696605412393068e-03 -5.483227808457275670e-02 9.953805895602478859e-01 -2.039253420417875846e-03 9.598605821774752744e-02 2.387043425885783066e+01
8.975515801890709966e-02 3.343518164670919446e-03 -9.959582483695204047e-01 -1.545236893970137082e+01 1.899079984329672373e-03 9.999919726048116519e-01 3.528203671957141560e-03 -5.422835739537065769e-02 9.959620500321355596e-01 -2.208078852805998166e-03 8.974808791035970845e-02 2.390365073321945744e+01
8.601758639486067892e-02 3.205153814512736420e-03 -9.962884631570457783e-01 -1.580229798071064273e+01 1.545516731725193492e-03 9.999931927100533802e-01 3.350509153262260734e-03 -4.520391121970381704e-02 9.962924200297996746e-01 -1.827983199991501263e-03 8.601204722936151015e-02 2.391777195070326556e+01
8.220773501053002530e-02 3.492900524092063756e-03 -9.966090948563370855e-01 -1.615539844568215955e+01 1.916223511778295408e-03 9.999914558844374968e-01 3.662819347990966222e-03 -6.012490236218213935e-02 9.966133735766802282e-01 -2.210837861966882638e-03 8.220033944003346527e-02 2.392637499180083083e+01
7.866794628000650658e-02 3.448223194007082795e-03 -9.968949112042304606e-01 -1.651028113134792719e+01 2.000193725977368869e-03 9.999914590443282902e-01 3.616775283881226710e-03 -5.689999404879822476e-02 9.968988682174058091e-01 -2.278507230588692166e-03 7.866037726616603720e-02 2.395918802426817251e+01
7.528540827533680702e-02 3.295638905824995347e-03 -9.971565805153262962e-01 -1.687504862007724427e+01 1.513794545422322921e-03 9.999930083651760171e-01 3.419305022844350631e-03 -4.513459432368271962e-02 9.971608775553172377e-01 -1.766913967178823305e-03 7.527989298705517474e-02 2.398664740936336770e+01
7.157604171019593675e-02 2.974016296774440425e-03 -9.974307121199783577e-01 -1.724449697997897246e+01 1.326967345408977539e-03 9.999943859552785641e-01 3.076884071530223801e-03 -3.083000465222269018e-02 9.974342632027259903e-01 -1.543789166932518428e-03 7.157169345658620507e-02 2.401683624648909188e+01
6.893305279741890335e-02 3.423576044711967858e-03 -9.976154135532864231e-01 -1.760675471332979214e+01 1.590122847817652257e-03 9.999924642342974401e-01 3.541607537000336994e-03 -5.044772597828926786e-02 9.976200207199921177e-01 -1.830464881761917567e-03 6.892708942759395718e-02 2.403814936874118757e+01
6.598909178021949984e-02 3.681822529127660049e-03 -9.978135516963505536e-01 -1.797600100076797958e+01 1.926544382788861458e-03 9.999908584115747567e-01 3.817266040374519415e-03 -6.173229263074381246e-02 9.978184845916430179e-01 -2.174230012178996613e-03 6.598139534058999889e-02 2.406928978949240872e+01
6.328391943899580596e-02 3.678493342568459404e-03 -9.979887846199311241e-01 -1.833596298619450593e+01 1.991103533626710671e-03 9.999907515385458856e-01 3.812131174630560299e-03 -6.013703446482725201e-02 9.979935776582717910e-01 -2.228345597722775854e-03 6.327600989901338568e-02 2.409748020897610843e+01
6.108878073713719381e-02 3.378391942949619982e-03 -9.981266188895724367e-01 -1.870739238094630252e+01 1.562713377568985054e-03 9.999927225132115849e-01 3.480351636637914713e-03 -4.014734411926989405e-02 9.981311130282181088e-01 -1.772396257865144903e-03 6.108305670605851390e-02 2.411812489912947655e+01
5.912219625695658287e-02 3.265864372802123640e-03 -9.982454107280699374e-01 -1.908653133759789711e+01 1.450609410876781656e-03 9.999933114515164867e-01 3.357496771006921246e-03 -3.629586915729857838e-02 9.982496990443280316e-01 -1.646566770194266352e-03 5.911706332168664701e-02 2.413602214073631202e+01
5.726011234490024915e-02 3.411227682188137759e-03 -9.983534659928567923e-01 -1.945827929351212049e+01 1.572209588173716739e-03 9.999926145204763861e-01 3.507001783984941244e-03 -4.378062376065151862e-02 9.983580558553433182e-01 -1.770432207765175459e-03 5.725432628664361978e-02 2.415662193008040148e+01
5.501291132629859693e-02 3.377957530852691674e-03 -9.984799291875245952e-01 -1.982491855609888631e+01 1.532513193982078768e-03 9.999928138556393176e-01 3.467512132794112797e-03 -3.949504645592814833e-02 9.984844670753345586e-01 -1.720941602890439532e-03 5.500733923109135670e-02 2.417598107903945959e+01
5.316148684408561476e-02 3.458051329570643526e-03 -9.985799408147192358e-01 -2.019675037967974518e+01 1.553385881531086851e-03 9.999925076839428773e-01 3.545640743567553092e-03 -4.207060352004561576e-02 9.985847201458818434e-01 -1.739671515384753680e-03 5.315571685331110796e-02 2.418465298876116876e+01
5.084711140260655959e-02 3.481373098078980113e-03 -9.987003811471003578e-01 -2.057904839441653877e+01 1.544608385586894060e-03 9.999924541689346746e-01 3.564518217958608653e-03 -4.210390539515811853e-02 9.987052545405709081e-01 -1.723846438333800912e-03 5.084135036081316450e-02 2.420810438101545259e+01
4.894463584268859968e-02 3.439982697103736997e-03 -9.987955692439121069e-01 -2.096211466144416846e+01 1.502083200669689610e-03 9.999926846928772761e-01 3.517713289913480378e-03 -3.869578892693159577e-02 9.988003636204210167e-01 -1.672447241438402340e-03 4.893911065742551081e-02 2.422655135795890402e+01
4.679411908842912027e-02 3.673894664592347765e-03 -9.988977990348819613e-01 -2.133832782286349783e+01 1.606437450707277328e-03 9.999916664922618992e-01 3.753172624027698370e-03 -4.979961930514995028e-02 9.989032634732228910e-01 -1.780293240526890355e-03 4.678782724729646514e-02 2.424761919067304206e+01
4.474480436426087060e-02 3.664168152494926174e-03 -9.989917298727525319e-01 -2.172040483148141377e+01 1.639463675477420383e-03 9.999916575042233635e-01 3.741267273639198050e-03 -4.861985755442263524e-02 9.989971044208593165e-01 -1.805212925462127121e-03 4.473842381033255045e-02 2.426349913536597214e+01
4.252278755720151349e-02 3.619797455170367228e-03 -9.990889397870186261e-01 -2.210245587717101046e+01 1.451736342904637756e-03 9.999921571105448992e-01 3.684858069174787917e-03 -4.474738599613843626e-02 9.990944424827694625e-01 -1.607104160536837554e-03 4.251719906415973860e-02 2.427832020996645568e+01
4.058395980162965433e-02 3.682159390880238286e-03 -9.991693469622855428e-01 -2.248829890949780719e+01 1.594551564006266211e-03 9.999916975796272478e-01 3.749956949751962441e-03 -4.535930686176389143e-02 9.991748593775413578e-01 -1.745415147012407834e-03 4.057775146351938478e-02 2.429544884554990603e+01
3.878205651063337811e-02 3.780791420919075128e-03 -9.992405404651264478e-01 -2.287829537002463809e+01 1.582887234659439285e-03 9.999913549283212522e-01 3.845066530329444704e-03 -4.970565360687509426e-02 9.992464393535805955e-01 -1.730804683322829593e-03 3.877573667049794004e-02 2.430503716624990318e+01
3.729922235824856269e-02 3.626900266927390089e-03 -9.992975600920500634e-01 -2.325951738742046615e+01 1.484248763095292762e-03 9.999921095175240415e-01 3.684821339146322153e-03 -3.935910904368325469e-02 9.993030396316623376e-01 -1.620647138010007735e-03 3.729354482715319108e-02 2.431692040530938925e+01
3.578427547100770933e-02 3.684052284231922880e-03 -9.993527472258144639e-01 -2.364598282817449260e+01 1.488299735621792649e-03 9.999918997684715816e-01 3.739700701932327249e-03 -4.147998729058871570e-02 9.993584294900966780e-01 -1.621158909586160445e-03 3.577850263605075742e-02 2.432844079188747699e+01
3.434396950019436012e-02 3.631345676681408622e-03 -9.994034746225102239e-01 -2.403714355187603857e+01 1.314800432406823972e-03 9.999923693222161347e-01 3.678667851730964451e-03 -3.543996695211072689e-02 9.994092070112186033e-01 -1.440356177083753101e-03 3.433893293756340448e-02 2.434456088667046814e+01
3.302681148631114727e-02 3.684816798347056478e-03 -9.994476733917643241e-01 -2.442613569164101150e+01 1.524786367813867234e-03 9.999918541116389337e-01 3.737209774566525519e-03 -3.841094985665420569e-02 9.994533029359504717e-01 -1.647372310440457658e-03 3.302092389516986248e-02 2.435271919367785287e+01
3.215199714999283920e-02 3.654956391886113841e-03 -9.994763080598962901e-01 -2.481662380640256771e+01 1.587587112945445860e-03 9.999918654427150111e-01 3.707912560687399994e-03 -3.456249253364152701e-02 9.994817300213276745e-01 -1.705972500453827728e-03 3.214593304606405688e-02 2.436576275657682444e+01
3.161366213633765021e-02 3.509565457837631602e-03 -9.994940016411438810e-01 -2.521007856524375867e+01 1.583909677535393773e-03 9.999924037511854769e-01 3.561414053371476235e-03 -2.627586199542738393e-02 9.994989082517614642e-01 -1.695697562448875368e-03 3.160786315640151667e-02 2.438818889948048252e+01
3.129364813433177517e-02 3.581281844932815948e-03 -9.995038179050602656e-01 -2.559329905744212752e+01 1.539138573965522470e-03 9.999922226130067981e-01 3.631220999724463043e-03 -2.881664969821087080e-02 9.995090488029084730e-01 -1.652009033226863608e-03 3.128789266248810375e-02 2.439840021465727915e+01
3.052620124354032960e-02 3.728965737347156306e-03 -9.995270110668188490e-01 -2.598006258041282379e+01 1.570439921386291996e-03 9.999916276833898943e-01 3.778661347346036481e-03 -3.525572936304911115e-02 9.995327332089189998e-01 -1.685045297403522631e-03 3.052008955185925299e-02 2.441348781340555973e+01
2.985424365454758533e-02 3.639691813897664129e-03 -9.995476360730960463e-01 -2.636942859210401835e+01 1.511953503897181918e-03 9.999920619407779432e-01 3.686468775599926334e-03 -2.803003082633326315e-02 9.995531192149903488e-01 -1.621326287724503918e-03 2.984850362500224286e-02 2.442594299135791402e+01
2.920519133621635177e-02 3.695713461237662423e-03 -9.995666053350459324e-01 -2.675744776931832192e+01 1.594291527110040145e-03 9.999917208128410451e-01 3.743867024824044411e-03 -3.073269955906562934e-02 9.995721659958033412e-01 -1.702940922465146596e-03 2.919905749631346303e-02 2.443479935291369642e+01
2.886331876558290155e-02 3.747418979257581030e-03 -9.995763430978298336e-01 -2.714588840664081815e+01 1.668653993258319536e-03 9.999913985542395745e-01 3.797158330488712048e-03 -3.210899976561604890e-02 9.995819748393260928e-01 -1.777545647773026575e-03 2.885681735366796286e-02 2.444619167716328434e+01
2.798207495459004157e-02 3.740773162887193939e-03 -9.996014256179207580e-01 -2.753721558564294014e+01 1.561223446341831588e-03 9.999916145958671621e-01 3.785937044006760545e-03 -3.000793828389811818e-02 9.996072058876858124e-01 -1.666539556810174441e-03 2.797600013081369408e-02 2.446624315942264971e+01
2.774504935078114798e-02 3.606139100800169819e-03 -9.996085273732456811e-01 -2.794089836576483776e+01 1.624720079637025777e-03 9.999920093008257682e-01 3.652618124029714721e-03 -2.226447884981727632e-02 9.996137116512487930e-01 -1.725426116310472494e-03 2.773896868183112208e-02 2.447102405323147423e+01
2.744211380056449379e-02 3.775342394687611260e-03 -9.996162649636909370e-01 -2.833399545625076854e+01 1.626807088266948951e-03 9.999913750895341735e-01 3.821419270407748654e-03 -2.905031257330464856e-02 9.996220705290849162e-01 -1.731050647888065499e-03 2.743573536102161814e-02 2.447953780215929598e+01
2.727337302345189674e-02 3.752000416106008283e-03 -9.996209709769005025e-01 -2.873809434006457764e+01 1.650160138493426487e-03 9.999914244768760563e-01 3.798413382658998722e-03 -2.699588936853185989e-02 9.996266503527410086e-01 -1.753130224990706067e-03 2.726694773848459263e-02 2.448868050381014072e+01
2.716600377901468022e-02 3.618675209298939308e-03 -9.996243861713299816e-01 -2.914356786478689898e+01 1.627467763151759081e-03 9.999919623356963161e-01 3.664234256064452782e-03 -1.729698273489933824e-02 9.996296111997476919e-01 -1.726399065401647195e-03 2.715989615054736905e-02 2.450721673092537500e+01
2.694066504073167057e-02 3.729636475982477106e-03 -9.996300767678615307e-01 -2.954583761674436104e+01 1.436324373477864845e-03 9.999918631484716602e-01 3.769696160507800091e-03 -2.052588586082654265e-02 9.996360025226472823e-01 -1.537351165288802128e-03 2.693508886076545483e-02 2.452228269652165693e+01
2.663455232862044220e-02 3.688536162925185567e-03 -9.996384322960122359e-01 -2.994789070648180385e+01 1.609576949545916437e-03 9.999917379763800795e-01 3.732725682696615491e-03 -1.827921395831461765e-02 9.996439415533401318e-01 -1.708414456028045951e-03 2.662839529053462329e-02 2.453011570511286976e+01
2.669814553243299304e-02 3.576303306273295214e-03 -9.996371437075508570e-01 -3.036120214649988469e+01 1.509070989942362835e-03 9.999923168022626374e-01 3.617877995532070221e-03 -9.326824257384513928e-03 9.996424019267471373e-01 -1.605114047281211431e-03 2.669254350973082612e-02 2.453767334176484027e+01
2.736014722126234311e-02 3.568049425338152073e-03 -9.996192732072193277e-01 -3.076490330195975531e+01 1.502772719138666243e-03 9.999923529063473593e-01 3.610512841940376107e-03 -6.860917242798347630e-03 9.996245115132909032e-01 -1.600984736200777598e-03 2.735457602831725676e-02 2.455227767039381348e+01
2.883341678545447984e-02 3.585580165372658813e-03 -9.995777997191387376e-01 -3.117343871664118993e+01 1.585698063844685366e-03 9.999921441071167871e-01 3.632806862687420774e-03 -6.785388167145446625e-03 9.995829728632471545e-01 -1.689774816049695056e-03 2.882750462569472205e-02 2.456750670746117748e+01
3.015483815164832215e-02 3.611237004920859507e-03 -9.995387159601886173e-01 -3.157873917646500317e+01 1.458352221632005065e-03 9.999922502170405236e-01 3.656872250634113971e-03 -6.539374748086370336e-03 9.995441755844741705e-01 -1.567951897886869176e-03 3.014933800268859709e-02 2.458247236725205198e+01
3.178564383058324339e-02 3.666232370104562620e-03 -9.994879847134152673e-01 -3.200178558211946722e+01 1.675748669777091769e-03 9.999916715937877676e-01 3.721371985943096924e-03 -8.159111695560907623e-03 9.994933039859104085e-01 -1.793176865347990371e-03 3.177923542281235747e-02 2.459271758866341528e+01
3.390943718664918283e-02 3.729152550524322644e-03 -9.994179523557394917e-01 -3.241340884562926306e+01 1.634891128027252507e-03 9.999914937417673233e-01 3.786763143969907458e-03 -1.058009115513168508e-02 9.994235724659908948e-01 -1.762346550468726729e-03 3.390305198580001456e-02 2.460218219279102314e+01
3.660305628968318903e-02 3.785626452496903931e-03 -9.993227132926660872e-01 -3.282941491263570555e+01 1.610264945261380594e-03 9.999913032434010196e-01 3.847139764881786668e-03 -1.216235326507263126e-02 9.993285862603251690e-01 -1.749991407586914960e-03 3.659664210023949593e-02 2.461309267033327330e+01
3.892047314209245990e-02 3.826888764621266988e-03 -9.992349832210534188e-01 -3.324476162945116897e+01 1.638573462433532378e-03 9.999910774096065769e-01 3.893607348248368828e-03 -1.305836081415279182e-02 9.992409678588063393e-01 -1.788860966464588670e-03 3.891385523227930410e-02 2.462615595583552164e+01
4.122289844948145987e-02 3.701829734591322897e-03 -9.991431174261473647e-01 -3.366894411730896053e+01 1.550033905818824819e-03 9.999916962635874151e-01 3.768925412373799397e-03 -5.480120001080095865e-03 9.991487727252208462e-01 -1.704071738314003612e-03 4.121681818379641093e-02 2.464060933075360182e+01
4.334943226143539441e-02 3.768536411411116394e-03 -9.990528638945626039e-01 -3.409672852463621240e+01 1.435332070279782745e-03 9.999916187277920754e-01 3.834357314888966507e-03 -5.761965075063235978e-03 9.990589404757157510e-01 -1.600189828140647329e-03 4.334365983687427093e-02 2.465587313474091857e+01
4.511441282798700492e-02 3.750350237279139864e-03 -9.989747867830721662e-01 -3.451802975677652086e+01 1.511299233894971335e-03 9.999915525091668256e-01 3.822418727975002064e-03 -3.674046278684669781e-03 9.989806833617015380e-01 -1.682196006440943217e-03 4.510836382295779767e-02 2.468188179718615416e+01
4.737025223323176881e-02 3.910129516195202069e-03 -9.988697463085598471e-01 -3.495141524621554652e+01 1.437539567354140279e-03 9.999910357799242089e-01 3.982692529768152440e-03 -1.066982795176899326e-02 9.988763650639413960e-01 -1.624575932654072092e-03 4.736420662997264941e-02 2.470362359822805942e+01
4.959963235207542898e-02 3.841907995320272256e-03 -9.987617915266356894e-01 -3.538495021259581108e+01 1.370434575286877833e-03 9.999913984982548021e-01 3.914695209017191729e-03 -4.704323251445589882e-03 9.987682405741654668e-01 -1.562905134721250932e-03 4.959394063719935186e-02 2.471868901515335892e+01
5.158289015540107325e-02 3.847945279573015531e-03 -9.986613033257780714e-01 -3.582238267704109802e+01 1.462762744920363071e-03 9.999912130797843357e-01 3.928624234176050431e-03 -2.830509242390184463e-03 9.986676452996603448e-01 -1.663454341631913054e-03 5.157680826966137833e-02 2.473484137016913564e+01
5.374963432394608276e-02 3.665722202998900406e-03 -9.985477150796413515e-01 -3.626312239697348616e+01 1.481435877108548032e-03 9.999918685172177746e-01 3.750766213121988803e-03 9.166378118869727629e-03 9.985533446730745499e-01 -1.680886722513664057e-03 5.374376672733305327e-02 2.476164434376024559e+01
5.601484136952905590e-02 3.529429705324912785e-03 -9.984236979721095029e-01 -3.670396201198455799e+01 1.472069339329979592e-03 9.999923730962174684e-01 3.617562888949532856e-03 1.756025306948922823e-02 9.984288510245520332e-01 -1.672386124814002114e-03 5.600921858446905599e-02 2.478524012864975035e+01
5.766355803179201711e-02 3.741321469230913382e-03 -9.983290622779538159e-01 -3.714304831734002477e+01 1.487450401644357934e-03 9.999915459752684033e-01 3.833467007189849968e-03 8.449482429443155862e-03 9.983349646117866127e-01 -1.706016311890630379e-03 5.765750551252424305e-02 2.480787953421081582e+01
5.921692585450000212e-02 3.850949172685243053e-03 -9.982377101085756488e-01 -3.759342219986109512e+01 1.411308289471244941e-03 9.999912366122543084e-01 3.941434714214485033e-03 3.564966850734691169e-03 9.982441404292116127e-01 -1.642220802371018593e-03 5.921097203712788470e-02 2.483353989732562894e+01
6.004744916557669399e-02 3.729529807431702752e-03 -9.981885565644017522e-01 -3.803712606722097433e+01 1.511649988585919181e-03 9.999915336848241854e-01 3.827201717330223560e-03 1.164333676402775145e-02 9.981943792483607414e-01 -1.738725420704968251e-03 6.004130304125565587e-02 2.486182467385194172e+01
6.068976448502849674e-02 3.699976778583383315e-03 -9.981498197458085198e-01 -3.848619357434717614e+01 1.361622174537220446e-03 9.999918924455015734e-01 3.789594743275661801e-03 1.735309572821051166e-02 9.981557486042977878e-01 -1.589092540539325388e-03 6.068423446902848628e-02 2.489281497470264881e+01
6.149721226939919294e-02 3.753856691199992067e-03 -9.981001960940769635e-01 -3.893531203089086290e+01 1.420086082521766421e-03 9.999915862902496455e-01 3.848467776711024437e-03 1.454823967709496096e-02 9.981062449652398083e-01 -1.654058237211786155e-03 6.149136405006183637e-02 2.491355454765212940e+01
6.230879589875226721e-02 3.600647408996921622e-03 -9.980504242230872070e-01 -3.939049840369740707e+01 1.655599026859237493e-03 9.999917436606757803e-01 3.711010959759879040e-03 2.480363170973978390e-02 9.980555460221192110e-01 -1.883599935569904224e-03 6.230232022784409907e-02 2.493553984246220878e+01
6.276093203856902836e-02 3.773146552972048151e-03 -9.980214570713098476e-01 -3.984982969950301879e+01 1.386970995441537098e-03 9.999915581239268159e-01 3.867814930801635222e-03 1.712899869542065107e-02 9.980276257304244725e-01 -1.626974483796012364e-03 6.275516897372801495e-02 2.495805341197178606e+01
6.360597400762324494e-02 3.709216185271867715e-03 -9.979681967807555454e-01 -4.030450808842067545e+01 1.456596982280891064e-03 9.999916827013430876e-01 3.809573908939746945e-03 2.205638078596530022e-02 9.979740269144147247e-01 -1.695949122875292387e-03 6.360004214463899075e-02 2.498891558542716496e+01
6.411027248088652097e-02 3.519853386587094672e-03 -9.979366130143556557e-01 -4.077170746377717592e+01 1.445784030159113576e-03 9.999924026772311070e-01 3.619985684596648944e-03 3.377823700454853084e-02 9.979417731866748742e-01 -1.674879086823630962e-03 6.410469646663885523e-02 2.502075682539704715e+01
6.454346552507095325e-02 3.603901648142766520e-03 -9.979083890572945093e-01 -4.123432035643152460e+01 1.478749333045788336e-03 9.999920354333831085e-01 3.707070300030594796e-03 3.116368587422558428e-02 9.979138010662164104e-01 -1.714923528868310182e-03 6.453762219718151005e-02 2.504490774587149815e+01
6.464232385515533696e-02 3.624486838651190708e-03 -9.979019155517049322e-01 -4.169857637423701391e+01 1.433107800461123037e-03 9.999920355824678531e-01 3.724912571418778975e-03 3.122427930243438371e-02 9.979074687407835098e-01 -1.670888024046037661e-03 6.463661473633675048e-02 2.507782955998983354e+01
6.468104455206813430e-02 3.612158458695941335e-03 -9.978994512409168349e-01 -4.216857655785251069e+01 1.451951657250326365e-03 9.999920495657240727e-01 3.713844601967670155e-03 3.482091865279414444e-02 9.979049325021088768e-01 -1.689117110157768937e-03 6.467528563021418542e-02 2.510731447883710743e+01
6.467759765778635650e-02 3.696433853378237704e-03 -9.978993660374702035e-01 -4.263719416836288190e+01 1.421826981961864418e-03 9.999917830770599370e-01 3.796338551238417555e-03 3.234133969099172584e-02 9.979051992896172951e-01 -1.664378301304455555e-03 6.467181051756065724e-02 2.513694419990607543e+01
6.473700264940740468e-02 3.690918670578986933e-03 -9.978955344159720076e-01 -4.311267029776460191e+01 1.382683042077182019e-03 9.999918681798721787e-01 3.788371910756179253e-03 3.503339666634582711e-02 9.979014022815962948e-01 -1.625021075625075577e-03 6.473137284909069589e-02 2.516353836786172238e+01
6.421758925106846316e-02 3.750301208430952341e-03 -9.979288734532274496e-01 -4.358468512564134301e+01 1.474704882263836283e-03 9.999914899699342552e-01 3.852951235237398429e-03 3.455124118434840796e-02 9.979348307761843895e-01 -1.719077821662397037e-03 6.421151216995124589e-02 2.520220450299066073e+01
6.418300471181181965e-02 3.754507404932209969e-03 -9.979310825805106644e-01 -4.406654098933969266e+01 1.398495789745953346e-03 9.999916023261551379e-01 3.852205432589224897e-03 3.573893361762574272e-02 9.979371654145815507e-01 -1.642848536876207475e-03 6.417721506107354479e-02 2.522759014621284734e+01
6.370782926616203046e-02 3.698862806895876747e-03 -9.979617381964748235e-01 -4.454928637474324660e+01 1.358655556296240689e-03 9.999918831105539807e-01 3.793121153811397639e-03 4.076544365474026044e-02 9.979676680861323534e-01 -1.597537775424578499e-03 6.370228667625044139e-02 2.526602282383195686e+01
6.364765835906016633e-02 3.688842707346362375e-03 -9.979656146505694325e-01 -4.502999779400191471e+01 1.341408697688953365e-03 9.999919489543591666e-01 3.781884340912134573e-03 4.216981445573018267e-02 9.979715307603288510e-01 -1.579387837970631708e-03 6.364219768316581316e-02 2.529106022931688358e+01
6.338361485771493165e-02 3.784039146500959259e-03 -9.979820631731348701e-01 -4.550890756958204264e+01 1.350767875274156869e-03 9.999915703750985596e-01 3.877448244846433412e-03 3.876039928197706069e-02 9.979883229746309148e-01 -1.593808797216164337e-03 6.337796919909899351e-02 2.532502334304625080e+01
6.360697881249222085e-02 3.721899699529385673e-03 -9.979680855162526010e-01 -4.600164850003411487e+01 1.400166911397118796e-03 9.999917285409820611e-01 3.818688549628653991e-03 4.415871281274531823e-02 9.979740436398975012e-01 -1.640217133637924532e-03 6.360124140916689761e-02 2.535625889000235489e+01
6.378181682115380280e-02 3.620395450215652729e-03 -9.979572999781990417e-01 -4.649245751951026051e+01 1.431178347574283121e-03 9.999920594330100609e-01 3.719247163688785794e-03 5.131739579028206377e-02 9.979628407769151055e-01 -1.665475220839486049e-03 6.377612892578654602e-02 2.538693221337321759e+01
6.406816450490926407e-02 3.688632601467498918e-03 -9.979387076802381795e-01 -4.698703034246682364e+01 1.346774483162308357e-03 9.999919387121242176e-01 3.782685455954923164e-03 4.960904087988079331e-02 9.979446159459270937e-01 -1.586348101326162966e-03 6.406268027672601395e-02 2.541248813456903477e+01
6.401540318875553748e-02 3.586268765767245282e-03 -9.979424666938077060e-01 -4.748198635038186666e+01 1.386004975379881172e-03 9.999922589013572338e-01 3.682543627592814450e-03 5.840657776183250105e-02 9.979479481139235109e-01 -1.618892739061025951e-03 6.400993705285229485e-02 2.544758715718778674e+01
6.411182531532144679e-02 3.454132235233765141e-03 -9.979367428976845256e-01 -4.797548501187694114e+01 1.407910714632438576e-03 9.999927015848254497e-01 3.551698819152630544e-03 6.702771189764011872e-02 9.979417275783980523e-01 -1.632711727117194377e-03 6.410649429081893835e-02 2.548341043122115934e+01
6.455952441650880669e-02 3.501721341075234202e-03 -9.979077140471276364e-01 -4.847425155673441566e+01 1.357079860074570342e-03 9.999926105342119564e-01 3.596833499793259965e-03 6.619711763393069937e-02 9.979129351508416734e-01 -1.586450321098430063e-03 6.455429524060418700e-02 2.550942193488909737e+01
6.488263934912030795e-02 3.663344827342971712e-03 -9.978861773848599626e-01 -4.896876906215997138e+01 1.346480933300547465e-03 9.999920298358592197e-01 3.758623930936220037e-03 5.970807533623430363e-02 9.978919932037677576e-01 -1.587504152412789419e-03 6.487718959987265333e-02 2.554374421099426939e+01
6.504172682499032021e-02 3.555017147810708711e-03 -9.978762125758398049e-01 -4.947923497066410192e+01 1.334392396462630954e-03 9.999924501268722121e-01 3.649532324465108897e-03 6.607377666308686393e-02 9.978816528870324554e-01 -1.568930315158960842e-03 6.503649198035343915e-02 2.557771184260860053e+01
6.519841243286272903e-02 3.623290646568247224e-03 -9.978657418616621033e-01 -4.998525406996755294e+01 1.292177814162412440e-03 9.999922628601414232e-01 3.715440263345677271e-03 6.485718507514928732e-02 9.978714833548112395e-01 -1.531660779805633053e-03 6.519322604783939212e-02 2.561231502346887368e+01
6.558782323411127546e-02 3.655617450710000899e-03 -9.978401043776828905e-01 -5.049119729959669911e+01 1.408180187200661852e-03 9.999919544877622357e-01 3.756060210600995278e-03 6.425600269308302803e-02 9.978458069621635174e-01 -1.651490478128470009e-03 6.558214777841075982e-02 2.564301852004867399e+01
6.581487777458105981e-02 3.583444342377170317e-03 -9.978254159872669282e-01 -5.099816957831178854e+01 1.279871609602085524e-03 9.999924257533268079e-01 3.675644792441027341e-03 7.182709026019473697e-02 9.978310296799653978e-01 -1.519000534018775115e-03 6.580979292778366130e-02 2.567389516002275940e+01
6.602982651378219714e-02 3.562807525355298627e-03 -9.978112889785811790e-01 -5.152092626516130736e+01 1.139764343394432606e-03 9.999927037108776728e-01 3.646020056223808412e-03 7.361425900877575923e-02 9.978169987266211072e-01 -1.378015800392454583e-03 6.602528398009754884e-02 2.570840818762149382e+01
6.602972189767497557e-02 3.466514884363529857e-03 -9.978116350798246215e-01 -5.203612872171338211e+01 1.271690278937833351e-03 9.999928608183060730e-01 3.558246232975759496e-03 8.066962810280971230e-02 9.978168462347941636e-01 -1.503857365748916984e-03 6.602484216621284929e-02 2.574145671394812496e+01
6.604619469181882696e-02 3.547864111195526277e-03 -9.978102589305136716e-01 -5.256340609555557819e+01 1.274436023749020430e-03 9.999925631515946822e-01 3.639979989690296514e-03 7.836342487872423324e-02 9.978157525212515422e-01 -1.512052165920794089e-03 6.604118199045050375e-02 2.577347410558460084e+01
6.609100999233274987e-02 3.624101047375450583e-03 -9.978070175589024426e-01 -5.308317204351111229e+01 1.286321160449770216e-03 9.999922637256916103e-01 3.717239115113066001e-03 7.633512541016693187e-02 9.978127699002783402e-01 -1.529176368232119856e-03 6.608583693628533595e-02 2.580635841538022390e+01
6.587433707120937676e-02 3.587154591408223993e-03 -9.978214790419006608e-01 -5.360949220492026512e+01 1.156303812088568285e-03 9.999925922433499093e-01 3.671296762655037755e-03 8.076885229242525277e-02 9.978272569322421681e-01 -1.395629020431581133e-03 6.586970124962232553e-02 2.584385152913424122e+01
6.568157903658344843e-02 3.445676848577541081e-03 -9.978346844474371702e-01 -5.413025930591712864e+01 1.298737799392567661e-03 9.999928957070634006e-01 3.538617742931791151e-03 8.863922024587712889e-02 9.978397884707693732e-01 -1.528347623199472708e-03 6.567663738463769274e-02 2.587835027185961323e+01
6.465912147977304070e-02 3.602566712475180604e-03 -9.979009066648583115e-01 -5.466453568030942733e+01 1.300362042789723806e-03 9.999923302995558094e-01 3.694374185390164426e-03 8.338392887741247206e-02 9.979065622932949964e-01 -1.536507450737313032e-03 6.465394092267073844e-02 2.592281140192402233e+01
6.327771707551244074e-02 3.607942338423975742e-03 -9.979894354519962540e-01 -5.521437701193447367e+01 1.360986370777169828e-03 9.999922233638613989e-01 3.701476448605705519e-03 8.409898244077519680e-02 9.979950291648802541e-01 -1.592470999306313823e-03 6.327231462738192036e-02 2.595813108350047571e+01
6.203396030085217561e-02 3.643741905886406941e-03 -9.980673879625143741e-01 -5.575508587117518289e+01 1.398686267335900058e-03 9.999920365967910341e-01 3.737702466460906224e-03 8.431673607606747500e-02 9.980730591725830436e-01 -1.627847635839813935e-03 6.202836984764814598e-02 2.598508796197728898e+01
6.101621270810808628e-02 3.528503002314100842e-03 -9.981305382831056061e-01 -5.630004401975276096e+01 1.269510160729846919e-03 9.999926683747168976e-01 3.612691623339253817e-03 9.199434962853404729e-02 9.981359677572545497e-01 -1.487569620623623023e-03 6.101128588968673938e-02 2.601791244831994021e+01
5.962534926064977370e-02 3.606373438692707552e-03 -9.982143115564745539e-01 -5.684661799635955504e+01 1.298576144973185220e-03 9.999923474284622138e-01 3.690363736724626073e-03 8.911095124134003898e-02 9.982199814798045079e-01 -1.516296519259111714e-03 5.962020982288174231e-02 2.604242118511198001e+01
5.881782138110902558e-02 3.715899006839084792e-03 -9.982618173518165161e-01 -5.739038385351624072e+01 1.244117329620801236e-03 9.999920226007333879e-01 3.795643155571563898e-03 8.470470435306566570e-02 9.982679580453590606e-01 -1.465206287616988316e-03 5.881272915351443142e-02 2.607084074877122859e+01
5.849787607395207090e-02 3.699185083161738580e-03 -9.982806792303242638e-01 -5.792658562918239085e+01 1.202899906492277187e-03 9.999921473392801019e-01 3.776015305917773505e-03 8.977274331014471753e-02 9.982868082503404406e-01 -1.421720611118128773e-03 5.849296696058781109e-02 2.610239472293418217e+01
5.772625104236639437e-02 3.573374962263998339e-03 -9.983260544190825092e-01 -5.847882339012507202e+01 1.253195172274118932e-03 9.999925468887216340e-01 3.651803508968760274e-03 9.804101335116652272e-02 9.983316630471329445e-01 -1.461902317869588890e-03 5.772134266594219909e-02 2.613782845666548482e+01
5.657037708838197343e-02 3.643336500191969064e-03 -9.983919663815534751e-01 -5.903507683719785604e+01 1.304950678175457448e-03 9.999922177229906284e-01 3.723116595334907512e-03 9.752683814757751035e-02 9.983977611852934420e-01 -1.513470383356645957e-03 5.656518246760011692e-02 2.618304058956931968e+01
5.577204274500657810e-02 3.576268520544656493e-03 -9.984371234842572829e-01 -5.958924539506475782e+01 1.300121080869601599e-03 9.999924772625520264e-01 3.654463500894663576e-03 1.023073340670960785e-01 9.984426818466967113e-01 -1.501906046746651806e-03 5.576697360447768759e-02 2.620403389705593966e+01
5.417372994770408567e-02 3.633060425773726627e-03 -9.985249159913318628e-01 -6.015401076439815853e+01 1.239983001965056864e-03 9.999923651843628525e-01 3.705673371847535875e-03 1.015798103687364368e-01 9.985307553729672048e-01 -1.438904071388705025e-03 5.416881140809048922e-02 2.623594563097100618e+01
5.261383229699301278e-02 3.649816302525203410e-03 -9.986082632804428316e-01 -6.071296639825965258e+01 1.282396022955824191e-03 9.999922494187672983e-01 3.722440440665234808e-03 1.027960421094793048e-01 9.986141097097841479e-01 -1.476463122402368747e-03 5.260874399930093315e-02 2.626735207604776434e+01
5.135882132213342999e-02 3.686958891922346906e-03 -9.986734590478165696e-01 -6.126752580184653851e+01 1.224400762578352949e-03 9.999922011489541518e-01 3.754794806949547648e-03 1.042923264121053961e-01 9.986795143163667010e-01 -1.415618380416305009e-03 5.135390646705717543e-02 2.628474127374463620e+01
4.955909599594687798e-02 3.705894003573694667e-03 -9.987643177215029811e-01 -6.183064637782910467e+01 1.171867453041185126e-03 9.999922121652136120e-01 3.768598624818710833e-03 1.040645938034098494e-01 9.987705055370516005e-01 -1.357187738214299302e-03 4.955436722132788852e-02 2.632503260544638124e+01
4.804497085088776931e-02 3.706603227771246463e-03 -9.988382961563146978e-01 -6.239261939066660290e+01 1.339003807325211308e-03 9.999919770886603887e-01 3.775291659746508356e-03 1.061539029165244480e-01 9.988442760734737025e-01 -1.518832059201653687e-03 4.803962223451208047e-02 2.635543839581645642e+01
4.682183378428905751e-02 3.673880619144204683e-03 -9.988965003854369806e-01 -6.295687839730216240e+01 1.242040096866612849e-03 9.999922493061307316e-01 3.736129556514697532e-03 1.114553928684902939e-01 9.989024843384236574e-01 -1.415601943190150170e-03 4.681690777554892158e-02 2.637566285408810529e+01
4.528484898138063208e-02 3.645260330231025678e-03 -9.989674641998400606e-01 -6.351157258662853167e+01 1.250537334519180935e-03 9.999923519830802299e-01 3.705689102219928560e-03 1.138143960068509625e-01 9.989733322812521799e-01 -1.417057681317831575e-03 4.527994410795233016e-02 2.639958034306517476e+01
4.441358366836867244e-02 3.629685554873559108e-03 -9.990066360983321792e-01 -6.407400416754650507e+01 1.251919222186739051e-03 9.999924122377056301e-01 3.688924677413509511e-03 1.159482470919808994e-01 9.990124455100616307e-01 -1.414513975630229438e-03 4.440870259553653110e-02 2.642601640834485721e+01
4.371048239458530382e-02 3.623449325918462298e-03 -9.990376691315575597e-01 -6.464218482846946756e+01 1.263782736800270938e-03 9.999924220776615913e-01 3.682205921190286405e-03 1.191557103767210968e-01 9.990434407882508028e-01 -1.423517556753069874e-03 4.370557190723867169e-02 2.645228578935187969e+01
4.293060374369850329e-02 3.615262800394572831e-03 -9.990715155268345971e-01 -6.521653994038581459e+01 1.225067184153334982e-03 9.999925105855506091e-01 3.671237284851704662e-03 1.215826491777060037e-01 9.990773055537776060e-01 -1.381538161419325035e-03 4.292585327879561152e-02 2.647233052313761448e+01
4.240450969393794178e-02 3.537812222264144577e-03 -9.990942605391628373e-01 -6.578982783560309144e+01 1.223486280808613099e-03 9.999927969692957719e-01 3.592922326680027343e-03 1.301581693497189385e-01 9.990997751170487273e-01 -1.374734230635561282e-03 4.239987578823456449e-02 2.650489755754101395e+01
4.213079734872315907e-02 3.630672162242637880e-03 -9.991055070083496581e-01 -6.637414033707287331e+01 1.294597516151030966e-03 9.999923595143237476e-01 3.688486172776454970e-03 1.258244538102552268e-01 9.991112650411024809e-01 -1.448838371214638274e-03 4.212577518980631375e-02 2.652599161110749293e+01
4.172880094334119327e-02 3.730864684731073459e-03 -9.991220084757095332e-01 -6.696729800069834937e+01 1.082890998383528825e-03 9.999922719313648622e-01 3.779341825357665757e-03 1.221680348883518730e-01 9.991283874052008240e-01 -1.239647631992411934e-03 4.172443834052008693e-02 2.654698938412957432e+01
4.181656150210877332e-02 3.603375269435388304e-03 -9.991188071850155561e-01 -6.755119080151388289e+01 1.136178513756521107e-03 9.999926783723784851e-01 3.654079914527420120e-03 1.321159771348649481e-01 9.991246590303562991e-01 -1.287978378893115837e-03 4.181216125925890648e-02 2.656641201025245280e+01
4.182988152075417521e-02 3.597180730195789853e-03 -9.991182719291817893e-01 -6.813836437471503871e+01 1.069406172264830614e-03 9.999927847752666521e-01 3.645101897876167063e-03 1.338923611811738690e-01 9.991241751566213303e-01 -1.220937427342875343e-03 4.182573286148283387e-02 2.659230613187998316e+01
4.173462965079854925e-02 3.456958518469954895e-03 -9.991227502793198489e-01 -6.871703485280336565e+01 1.124420011163448094e-03 9.999932185069901891e-01 3.506938788940820034e-03 1.444818906888978016e-01 9.991280980772931919e-01 -1.269794405587192608e-03 4.173045955436338605e-02 2.662034400004658607e+01
4.154176551223409675e-02 3.622967896362551399e-03 -9.991301996345363090e-01 -6.930325764586307002e+01 1.188479944687041148e-03 9.999925390452758522e-01 3.675509380143405884e-03 1.394232174189377615e-01 9.991360614218403047e-01 -1.340133353204740274e-03 4.153714974631739221e-02 2.664661720272512113e+01
4.064624481425072045e-02 3.725276071859630247e-03 -9.991666553186653310e-01 -6.988434586674141258e+01 1.130428622571324083e-03 9.999922382136131604e-01 3.774340161900066430e-03 1.354444635634214078e-01 9.991729604596140124e-01 -1.282899340123924573e-03 4.064171816808248572e-02 2.667205405905186666e+01
3.964320342668115060e-02 3.781819520519851680e-03 -9.992067425028642313e-01 -7.047171134491516398e+01 1.191810558104149228e-03 9.999919473578391393e-01 3.832076078360279435e-03 1.351096253021496496e-01 9.992131884686393795e-01 -1.342780916964722701e-03 3.963837698171646107e-02 2.669518154304589785e+01
3.798458236004120803e-02 3.735484916500326873e-03 -9.992713433574346160e-01 -7.105963248812905420e+01 1.272452204781764984e-03 9.999920214288517961e-01 3.786547771425937802e-03 1.389519711634094878e-01 9.992775151920111343e-01 -1.415355459714363450e-03 3.797952607133037173e-02 2.672344246680799529e+01
3.695893342262013270e-02 3.684303077408981018e-03 -9.993099935210777440e-01 -7.164753101971933802e+01 1.376813929800211819e-03 9.999920668157339376e-01 3.737738487293348032e-03 1.432214353690745290e-01 9.993158367721716173e-01 -1.514006747171420036e-03 3.695356762079249346e-02 2.674101624150454626e+01
3.613262962687402435e-02 3.775611598884340021e-03 -9.993398710315234412e-01 -7.225048974537524771e+01 1.299163073214771365e-03 9.999918405582838288e-01 3.825047995138341345e-03 1.407287944263822255e-01 9.993461588716677779e-01 -1.436514500548718423e-03 3.612742966962045887e-02 2.676331902609158320e+01
3.529307758111799309e-02 3.799920745080716776e-03 -9.993697810506303458e-01 -7.284400951782801314e+01 1.146178184271164384e-03 9.999919596873788619e-01 3.842764130882499532e-03 1.425498371845600187e-01 9.993763480043058589e-01 -1.281078813657256536e-03 3.528843842748086157e-02 2.678688383880433932e+01
3.471480563326023727e-02 3.798139172452463623e-03 -9.993900421800651079e-01 -7.343353561637184157e+01 1.205701587579672629e-03 9.999918914446707108e-01 3.842307716933918583e-03 1.445109418351796238e-01 9.993965321900647458e-01 -1.338351126044358321e-03 3.470994472390798169e-02 2.679898594051812566e+01
3.396405883519415525e-02 3.830642008690678807e-03 -9.994157137494091847e-01 -7.403895446654610168e+01 1.218397974282629803e-03 9.999917527900560321e-01 3.874255831478634268e-03 1.450572446225296686e-01 9.994223122453370634e-01 -1.349271534101443605e-03 3.395911148000674284e-02 2.682379901269822398e+01
3.321013955413842922e-02 3.714808042887017721e-03 -9.994414874478642075e-01 -7.464048177890109059e+01 1.331942319557834209e-03 9.999920399473020138e-01 3.761113092001697883e-03 1.534923255282129306e-01 9.994475036541200508e-01 -1.456105503717914458e-03 3.320492728963608808e-02 2.684648086668356015e+01
3.298101046861090513e-02 3.761004561927835076e-03 -9.994489020420979086e-01 -7.524340665672573891e+01 1.190313333830899907e-03 9.999920626968484827e-01 3.802327901360191657e-03 1.530872126439440928e-01 9.994552696857609275e-01 -1.315061970903214561e-03 3.297627191445395844e-02 2.686064160149026137e+01
3.264199029210002045e-02 3.812190711030794595e-03 -9.994598379483556894e-01 -7.584838792395467522e+01 1.342383145105480093e-03 9.999916566518306515e-01 3.858060940300098163e-03 1.529898847052262312e-01 9.994662067710256004e-01 -1.467592828431333500e-03 3.263660052805361644e-02 2.688126105788208164e+01
3.229103307743819151e-02 3.861933071548729300e-03 -9.994710474324621785e-01 -7.646361043246704980e+01 1.337187585107447183e-03 9.999914730333765434e-01 3.907146004426557441e-03 1.525805422183549032e-01 9.994776141125694124e-01 -1.462646057168343365e-03 3.228559360391913824e-02 2.690121699071162809e+01
3.226141803783122430e-02 3.852964999646758554e-03 -9.994720384117307121e-01 -7.707383040200734570e+01 1.309093295336376337e-03 9.999915489272166447e-01 3.897223228175871867e-03 1.561767741791171005e-01 9.994786076654830209e-01 -1.434132092111905631e-03 3.225610150359103923e-02 2.692267738681045230e+01
3.222183233236519673e-02 3.854154823314368331e-03 -9.994733108051175874e-01 -7.768475415608341450e+01 1.212100966424660376e-03 9.999916789609031298e-01 3.895230442637146080e-03 1.568051792843837555e-01 9.994800069698205336e-01 -1.336974028161116773e-03 3.221689258845239490e-02 2.693662765370747536e+01
3.228170504036476096e-02 3.874192986425193958e-03 -9.994713013130446244e-01 -7.830688420608127842e+01 1.280327876339782799e-03 9.999915066963874777e-01 3.917562458714851995e-03 1.608084835392078749e-01 9.994779898928319861e-01 -1.406116564442128243e-03 3.227647062476390882e-02 2.695210835008780492e+01
3.184349515139539566e-02 3.861429232606683470e-03 -9.994854081880458763e-01 -7.893112584547985477e+01 1.264569288325144902e-03 9.999915810621402557e-01 3.903673828063771497e-03 1.635972604192339197e-01 9.994920673427368785e-01 -1.388225169940301724e-03 3.183834401817187132e-02 2.697716349963540949e+01
3.162568954328326409e-02 3.685895542941010523e-03 -9.994929864361022931e-01 -7.954806265464320347e+01 1.218085704930659463e-03 9.999923155253964691e-01 3.726279293256120652e-03 1.736658805974229947e-01 9.994990405338702866e-01 -1.335314271036353506e-03 3.162095677980436559e-02 2.699926537742176080e+01
3.141280109249655617e-02 3.941903447412803928e-03 -9.994987230230634179e-01 -8.016499924695654045e+01 1.268599877302689291e-03 9.999912602915349558e-01 3.983716217159862134e-03 1.636632747772423513e-01 9.995056911203030747e-01 -1.393103642529848691e-03 3.140752585554318355e-02 2.702049713250043084e+01
3.090529749258064118e-02 3.806364116492924263e-03 -9.995150695107644090e-01 -8.078159294400931856e+01 1.345971990727378885e-03 9.999916836766092887e-01 3.849797010275751892e-03 1.730805873043451404e-01 9.995214109494081622e-01 -1.464298409760038562e-03 3.089991721464491192e-02 2.704634392280395616e+01
3.090136875643012537e-02 3.836139706114757072e-03 -9.995150771454797134e-01 -8.140241950754172251e+01 1.383294889163905455e-03 9.999915131606597063e-01 3.880734711836422539e-03 1.745252753564444925e-01 9.995214814621187216e-01 -1.502544112233943898e-03 3.089579998902847180e-02 2.705742358380726031e+01
3.082321163626156046e-02 3.733307764039484403e-03 -9.995178797988384378e-01 -8.203201375462018063e+01 1.308497642081227859e-03 9.999920169482271470e-01 3.775430271799851481e-03 1.826485815914137278e-01 9.995239954390024995e-01 -1.424237675220444083e-03 3.081808054856094437e-02 2.708208102489113145e+01
3.100099653722621085e-02 3.766414420045320621e-03 -9.995122572215487944e-01 -8.265990367732881339e+01 1.292756790863116472e-03 9.999919127135253882e-01 3.808318188464414854e-03 1.830753331967965025e-01 9.995185175841309055e-01 -1.410187917047319621e-03 3.099587676546744497e-02 2.709194334291270323e+01
3.113919370939022269e-02 3.566641330151852640e-03 -9.995086941516574397e-01 -8.328655108576590749e+01 1.199041954141695206e-03 9.999927804992937430e-01 3.605724293891054977e-03 1.954506432750852674e-01 9.995143385232257982e-01 -1.310732205067345483e-03 3.113469234736898628e-02 2.711271944455130622e+01
3.145036546210466799e-02 3.775032538463083363e-03 -9.994981859121273571e-01 -8.391837758953924720e+01 1.212691979235315347e-03 9.999919873295213257e-01 3.815056345331334538e-03 1.883434596636442415e-01 9.995045792243592020e-01 -1.332068349635076370e-03 3.144553550900908157e-02 2.712436955698197139e+01
3.166134096233919060e-02 3.811106961839735765e-03 -9.994913881330803607e-01 -8.454736588494175464e+01 1.454475164566700323e-03 9.999914959348814580e-01 3.859087963978525236e-03 1.888146556083042660e-01 9.994975957902360042e-01 -1.575919301069045190e-03 3.165552855180842062e-02 2.714111932759939094e+01
3.218657522770451695e-02 3.587894808301512421e-03 -9.994754381103899687e-01 -8.519159061996008120e+01 1.461124905806218937e-03 9.999923193573463376e-01 3.636803586222744911e-03 2.015416935768087892e-01 9.994808099654145517e-01 -1.577414707581017072e-03 3.218108565165811452e-02 2.717011436642656719e+01
3.297139045487407216e-02 3.931444780162570048e-03 -9.994485635356192832e-01 -8.583012165503276947e+01 1.566679800572579008e-03 9.999908315587057173e-01 3.985261965132027608e-03 1.884443181632502462e-01 9.994550679874881771e-01 -1.697215504519861617e-03 3.296492884349222496e-02 2.719495231406456526e+01
3.427358821246728748e-02 3.884578009546874218e-03 -9.994049385533022578e-01 -8.648133405311349975e+01 1.453542153616940507e-03 9.999911947477122531e-01 3.936704491149724261e-03 1.922942243683985475e-01 9.994114309763771908e-01 -1.587602195364009715e-03 3.426764002699045353e-02 2.721394272039426454e+01
3.586701569803729672e-02 3.913180906189793820e-03 -9.993489101410539810e-01 -8.712796514685631166e+01 1.519352017449090856e-03 9.999909644000545272e-01 3.970225144242451286e-03 1.935515581345484126e-01 9.993554166333236122e-01 -1.660762910331646525e-03 3.586074611872769324e-02 2.723369424966696428e+01
3.702894044547766494e-02 3.952304463014841111e-03 -9.993063778736316349e-01 -8.777316834755923480e+01 1.425704322961557531e-03 9.999909522481158497e-01 4.007840951175194524e-03 1.980421087873674990e-01 9.993131766051467357e-01 -1.573121526793505760e-03 3.702297059925341305e-02 2.725240060430461853e+01
3.850193016313163685e-02 3.988285901921025112e-03 -9.992505666494653216e-01 -8.842140400554184509e+01 1.379208246057285481e-03 9.999908703350610661e-01 4.044382665028668430e-03 1.956522901813523008e-01 9.992575739809665958e-01 -1.533891160322271852e-03 3.849607797660614672e-02 2.727340598652462589e+01
3.922679274349660794e-02 4.033031531594465785e-03 -9.992221942029329007e-01 -8.907784402435957816e+01 1.571158667893330068e-03 9.999903696542663534e-01 4.097811509086115959e-03 1.966201905473947686e-01 9.992290979507647553e-01 -1.730680614342166397e-03 3.922007844347163985e-02 2.730556626355384964e+01
4.019798789574136055e-02 3.992437153811388695e-03 -9.991837579818374504e-01 -8.971331220985140931e+01 1.454124760073938682e-03 9.999907246020456331e-01 4.054162189399765012e-03 1.997363084845828474e-01 9.991906761426050387e-01 -1.615907004961980456e-03 4.019180954168832809e-02 2.732309838378085587e+01
4.064201994235561166e-02 4.113360420730325512e-03 -9.991653048825579475e-01 -9.037218251344226871e+01 1.374097230698235811e-03 9.999903503790592563e-01 4.172649705750434285e-03 1.960790150413032062e-01 9.991728269282578179e-01 -1.542535191002455649e-03 4.063597560510601170e-02 2.736424174067369108e+01
4.107156615162510516e-02 4.001375767366800035e-03 -9.991481949369779292e-01 -9.101876969025443032e+01 1.235427017293835731e-03 9.999910131365563615e-01 4.055535255479363228e-03 2.051733193669104949e-01 9.991554434490851344e-01 -1.400941858831179082e-03 4.106625363933935624e-02 2.738780201617096210e+01
4.133204313766214444e-02 4.009976263659802490e-03 -9.991374191273347805e-01 -9.167236204180997561e+01 1.357376084949098952e-03 9.999907980927096318e-01 4.069552809540947017e-03 2.086640350826237389e-01 9.991445439676036600e-01 -1.524408170576149442e-03 4.132621975815153892e-02 2.740907077710412665e+01
4.146390375540087714e-02 3.955911164104972989e-03 -9.991321711626670599e-01 -9.231700588676216057e+01 1.432598658061804255e-03 9.999908985575157727e-01 4.018763891680665785e-03 2.126276145674308726e-01 9.991389754916220056e-01 -1.597989046854341984e-03 4.145785914104060943e-02 2.743825307634594424e+01
4.133351340712876354e-02 4.028377213850858549e-03 -9.991372842840197110e-01 -9.297243799356002114e+01 1.377562941202460298e-03 9.999906919466891031e-01 4.088806711610063795e-03 2.126116975583041968e-01 9.991444555167016128e-01 -1.545379243036826061e-03 4.132757932941943935e-02 2.747044770700605198e+01
4.123103880848433267e-02 4.059757785970137707e-03 -9.991413912982950452e-01 -9.362713201066237900e+01 1.482440635926861100e-03 9.999903958728711961e-01 4.124382593715549168e-03 2.137638840915759841e-01 9.991485394117004537e-01 -1.651220378279616733e-03 4.122462447043195866e-02 2.750310127083420042e+01
4.125926668475565773e-02 4.116035511180686848e-03 -9.991399957785229713e-01 -9.428045392569207195e+01 1.476844720802631935e-03 9.999901710266876353e-01 4.180523853126737882e-03 2.148886028526092451e-01 9.991473824428040995e-01 -1.648059976646413811e-03 4.125278240320917611e-02 2.752066388292014310e+01
4.098703098183542615e-02 4.094958323211418671e-03 -9.991512871470592527e-01 -9.492870942829932801e+01 1.426462933230970885e-03 9.999903425910973143e-01 4.156913282694812799e-03 2.172157240405807321e-01 9.991586603211696227e-01 -1.595631809311909939e-03 4.098079384705632933e-02 2.755299995600068286e+01
4.073267430950044954e-02 3.988894951196309858e-03 -9.991621179571734679e-01 -9.558599584050689657e+01 1.321302071240849051e-03 9.999909417017535107e-01 4.046069114183299328e-03 2.259947494790604527e-01 9.991692065933741596e-01 -1.485002191423964377e-03 4.072703480562711587e-02 2.757713909818652454e+01
3.992802531818229195e-02 3.953657055009669741e-03 -9.991947364703650525e-01 -9.623991962219223240e+01 1.322731597356589925e-03 9.999910864452862258e-01 4.009664711337709679e-03 2.293178807811320497e-01 9.992016829325860439e-01 -1.481764443953457328e-03 3.992243979043219593e-02 2.760870346682749243e+01
3.960691588192255530e-02 4.127254137700405237e-03 -9.992068144221220027e-01 -9.689891173684570447e+01 1.255778894274791301e-03 9.999904741437053435e-01 4.180268079454719718e-03 2.236991397783442692e-01 9.992145491503268140e-01 -1.420350354753697466e-03 3.960135567349620800e-02 2.763406753710931341e+01
3.880654424533669378e-02 4.164539957756691752e-03 -9.992380640921738610e-01 -9.754402187287463732e+01 1.403746310622378934e-03 9.999901012536238643e-01 4.222190315755523088e-03 2.237517544495964406e-01 9.992457563682872745e-01 -1.566525361203436988e-03 3.880031415159634900e-02 2.766378485876973770e+01
3.827986379104031389e-02 4.133840728964663543e-03 -9.992585067883920091e-01 -9.819670892387109973e+01 1.420614153960925337e-03 9.999902074281226128e-01 4.191288976669531319e-03 2.288097624235100047e-01 9.992660475987188429e-01 -1.580002749345247367e-03 3.827361634007286906e-02 2.767977442319226355e+01
3.754808490646643904e-02 4.158783720470560913e-03 -9.992861681409502816e-01 -9.885239329404885211e+01 1.455922067338485167e-03 9.999900510003528753e-01 4.216419244522267781e-03 2.301976078068886655e-01 9.992937614189288942e-01 -1.613201251577107542e-03 3.754165647559104535e-02 2.770834137118916374e+01
3.715043854283617275e-02 4.067917110820662430e-03 -9.993014044653668604e-01 -9.951593012670511484e+01 1.452882328731871543e-03 9.999904378015490591e-01 4.124734949670878954e-03 2.371353676164554003e-01 9.993086280269044552e-01 -1.605103063877908473e-03 3.714417309808526468e-02 2.773513052678503854e+01
3.699075993621281366e-02 4.137981706726598027e-03 -9.993070402967930699e-01 -1.001641600429158103e+02 1.460051082288518634e-03 9.999901356676911268e-01 4.194856153654728977e-03 2.364212372924943129e-01 9.993145410380951388e-01 -1.614210242670656393e-03 3.698435338239502990e-02 2.775820449113919253e+01
3.667552280435470990e-02 4.072023612808006732e-03 -9.993189303974603366e-01 -1.008221649249593810e+02 1.468908930945116891e-03 9.999903981515553264e-01 4.128669428095221340e-03 2.424386494979750561e-01 9.993261471279433206e-01 -1.619329611485099399e-03 3.666918921969120060e-02 2.778057106674240728e+01
3.591185672813046459e-02 4.104487494853286365e-03 -9.993465323543895273e-01 -1.014669031482509354e+02 1.318811706179303213e-03 9.999905002865249193e-01 4.154524327672852110e-03 2.428680920066130788e-01 9.993540910418199363e-01 -1.467146587827583386e-03 3.590610252962511684e-02 2.780864776046559683e+01
3.528767167832702611e-02 4.182410744575365893e-03 -9.993684444027070013e-01 -1.021210042930343604e+02 1.449973085628924758e-03 9.999899759995227733e-01 4.236210396663475306e-03 2.404792173936797228e-01 9.993761443048226889e-01 -1.598543348648548846e-03 3.528125357167666287e-02 2.782752204747866998e+01
3.453432458953220596e-02 4.142224823858422361e-03 -9.993949281433508469e-01 -1.027695123809240556e+02 1.418268776563312442e-03 9.999902006461397486e-01 4.193700677271668294e-03 2.451539887972757903e-01 9.994025059698531388e-01 -1.562237242461690873e-03 3.452811138733202778e-02 2.785316742672863910e+01
3.431293751743946796e-02 4.089081651009953897e-03 -9.994027725247592864e-01 -1.034315031719134197e+02 1.512167771587974528e-03 9.999902727313533246e-01 4.143403347997029126e-03 2.524852908984825395e-01 9.994099937801076416e-01 -1.653437003636980263e-03 3.430642036879016921e-02 2.787928369671284656e+01
3.411763693393088381e-02 4.032669333869498031e-03 -9.994096879799034827e-01 -1.040750771806873871e+02 1.407911960831556867e-03 9.999906730910361752e-01 4.083076639863816165e-03 2.578178125774627238e-01 9.994168322746794786e-01 -1.546385779850128431e-03 3.411164107844788518e-02 2.790228731880258195e+01
3.406474680619475670e-02 4.042124265610609266e-03 -9.994114539349906456e-01 -1.047436766235320107e+02 1.309822687249530488e-03 9.999907817196109772e-01 4.089112413398213880e-03 2.597650790415432787e-01 9.994187697804951531e-01 -1.448346375285568342e-03 3.405913832173956823e-02 2.792805149984284085e+01
3.419776207538560708e-02 4.195774167521469991e-03 -9.994062780211916408e-01 -1.053835128218282051e+02 1.450275248593333203e-03 9.999899261848325116e-01 4.247850109936193025e-03 2.533264582543444665e-01 9.994140332068284227e-01 -1.594681155694421468e-03 3.419133254602746419e-02 2.794212409581574619e+01
3.410640425262367881e-02 4.116282585790354345e-03 -9.994097304942709536e-01 -1.060385778155920775e+02 1.458086945175011539e-03 9.999902490266443511e-01 4.168433049732080467e-03 2.615023958830139383e-01 9.994171437249902423e-01 -1.599396543608733439e-03 3.410006978408353095e-02 2.796909684872502666e+01
3.410771230200082549e-02 4.061454145533932060e-03 -9.994099101728720624e-01 -1.066845080713966212e+02 1.562973199617723663e-03 9.999903030331093179e-01 4.117153692486514444e-03 2.671653793761757933e-01 9.994169405589951038e-01 -1.702477598679006960e-03 3.410103361666294575e-02 2.799185177523044032e+01
3.385824322343333748e-02 4.030094276428972284e-03 -9.994185197933578291e-01 -1.073441925798887127e+02 1.616417298400464478e-03 9.999903411083775895e-01 4.087161003449803556e-03 2.720025400842737695e-01 9.994253381623565691e-01 -1.753861475083906465e-03 3.385140187622892594e-02 2.800925231969705109e+01
3.384137648479057514e-02 4.059568102959707110e-03 -9.994189717753174662e-01 -1.079769224954991529e+02 1.480418958361141369e-03 9.999904497884521959e-01 4.112017947038283661e-03 2.726277214606948607e-01 9.994261201296086305e-01 -1.618715140619916924e-03 3.383504343090371069e-02 2.803145448435774156e+01
3.361173128519223674e-02 4.074418158267916791e-03 -9.994266609595141571e-01 -1.086423364177740893e+02 1.484849281329545271e-03 9.999903829313293580e-01 4.126653300795651499e-03 2.744031695648274649e-01 9.994338631158261599e-01 -1.622701921120817039e-03 3.360535814199017146e-02 2.805674666306508769e+01
3.395008960694778644e-02 4.146961653712130658e-03 -9.994149259065140400e-01 -1.093002920562813358e+02 1.393303417502193657e-03 9.999902232466201246e-01 4.196679254074861878e-03 2.729836392976918713e-01 9.994225583411989744e-01 -1.534965868495709058e-03 3.394397970945017828e-02 2.806910843899588670e+01
3.408531862926178491e-02 4.205851045230456567e-03 -9.994100769308499332e-01 -1.099590294709094564e+02 1.382577312350813034e-03 9.999899897841642016e-01 4.255444917100882803e-03 2.719935061141926513e-01 9.994179703877238419e-01 -1.526809894008030431e-03 3.407916251363118931e-02 2.809403976440117390e+01
3.403445823329698250e-02 4.184991276939920533e-03 -9.994118978183010871e-01 -1.106230642422358699e+02 1.644692027491073119e-03 9.999896441350522025e-01 4.243419704237657783e-03 2.773818827487530836e-01 9.994193067181067480e-01 -1.788147271211709254e-03 3.402722275525560391e-02 2.811734641165666204e+01
3.401915621301743187e-02 4.290491579308948478e-03 -9.994119714574976054e-01 -1.112932632274652747e+02 1.469719841188273524e-03 9.999894890867514485e-01 4.342998918515063311e-03 2.737443297455997571e-01 9.994201003252549675e-01 -1.616600762614102014e-03 3.401249282001506113e-02 2.813269067776710131e+01
3.394461318845920506e-02 4.147352027877946462e-03 -9.994151103053439122e-01 -1.119612636331077482e+02 1.538341575840878814e-03 9.999899883567273662e-01 4.201986614480453068e-03 2.839806926960716238e-01 9.994225316354850008e-01 -1.680076625957931070e-03 3.393789330304686214e-02 2.816817475426928752e+01
3.438695596922758391e-02 4.125135735968371575e-03 -9.994000803053454396e-01 -1.126384655644599349e+02 1.606668214974435937e-03 9.999899611322683457e-01 4.182852128813731307e-03 2.900797888533613866e-01 9.994073022929229611e-01 -1.749539895048805296e-03 3.437998303865541505e-02 2.818761167501484266e+01
3.462042491214423201e-02 4.209735374879159005e-03 -9.993916671190412604e-01 -1.132997719170803919e+02 1.593658777571219619e-03 9.999896244608542650e-01 4.267460877419408660e-03 2.873511407859758449e-01 9.993992627726937528e-01 -1.740430611408006964e-03 3.461335682483890341e-02 2.821531920735820265e+01
3.547381013109740522e-02 4.180577604757842319e-03 -9.993618621728936890e-01 -1.139586089719331170e+02 1.632332092912884862e-03 9.999896740333388268e-01 4.241145910623606886e-03 2.916383827814135188e-01 9.993692732352348340e-01 -1.781740044829739937e-03 3.546661973872555773e-02 2.822998690367935382e+01
3.604423485784413739e-02 4.129229347991744681e-03 -9.993416645965004230e-01 -1.146142712229704159e+02 1.692862228896823426e-03 9.999897765769104607e-01 4.192965434484587951e-03 2.977557069814774637e-01 9.993487616197794798e-01 -1.842879988629678514e-03 3.603687614598360955e-02 2.825979662454889763e+01
3.636553691000721233e-02 4.118568177873340591e-03 -9.993300681563681565e-01 -1.152783766508980392e+02 1.450546310828263992e-03 9.999902364622951234e-01 4.174074206712505460e-03 2.990772004089047864e-01 9.993375023687680603e-01 -1.601366993293290185e-03 3.635920767984013313e-02 2.828490881260993461e+01
3.705002531114331976e-02 4.055192919726296856e-03 -9.993051841328690621e-01 -1.159439735898718595e+02 1.489400442197760062e-03 9.999904316134839988e-01 4.113194354857246590e-03 3.058647052479713246e-01 9.993123021912451165e-01 -1.640759538095122160e-03 3.704363099605290088e-02 2.830054890758911412e+01
3.761133337931599208e-02 4.213845695066697691e-03 -9.992835589090257598e-01 -1.166032933740656006e+02 1.535117530882198133e-03 9.999896855404103446e-01 4.274602549670169366e-03 3.006733364526916752e-01 9.992912643546908447e-01 -1.694791211163318130e-03 3.760447669033883944e-02 2.832336683769405283e+01
3.836978054449169395e-02 4.171815711393730974e-03 -9.992549003605825098e-01 -1.172585335149284305e+02 1.545863721976294906e-03 9.999898406953939833e-01 4.234242713129839943e-03 3.045943950462500216e-01 9.992624131059472115e-01 -1.707178863149367253e-03 3.836294167564047175e-02 2.834565436640321678e+01
3.916623007047448368e-02 4.125495850309013161e-03 -9.992241924143228093e-01 -1.179270196823106716e+02 1.391774539485628832e-03 9.999902818045843800e-01 4.183211687113231811e-03 3.103112748546943411e-01 9.992317395808130165e-01 -1.554535421611317808e-03 3.916010768530975295e-02 2.837598091724613525e+01
3.990359374909713264e-02 4.064475424044255124e-03 -9.991952678257810527e-01 -1.185786380501660915e+02 1.446352108969489389e-03 9.999904442311049468e-01 4.125471131183966814e-03 3.171383544113942632e-01 9.992024876227459940e-01 -1.609809306934545077e-03 3.989733377697579630e-02 2.840754450290393507e+01
4.069900718626473513e-02 4.252522144591657123e-03 -9.991624026500708355e-01 -1.192448491970923214e+02 1.499925160132611858e-03 9.999895562121922099e-01 4.317139221394944264e-03 3.104773208722245714e-01 9.991703263400922852e-01 -1.674372106989051008e-03 4.069220366951109558e-02 2.843083346268089429e+01
4.145191802877223886e-02 4.252210910375257141e-03 -9.991314514087271670e-01 -1.199057867048189223e+02 1.559727875443109616e-03 9.999894498959440714e-01 4.320572388209015235e-03 3.114581490545924591e-01 9.991392824529975458e-01 -1.737469188467541869e-03 4.144484841483453419e-02 2.845333561579060344e+01
4.176652649415846241e-02 4.124947439949819966e-03 -9.991188828529017352e-01 -1.205684742637275519e+02 1.520230841291022759e-03 9.999900575697746596e-01 4.192094916370811206e-03 3.212340976242416546e-01 9.991262413543154919e-01 -1.693980583219842091e-03 4.175984036106616948e-02 2.848582726585420488e+01
4.210568534029845988e-02 4.285039630634055428e-03 -9.991039734168751796e-01 -1.212211206791839544e+02 1.439677404380907549e-03 9.999895044884485884e-01 4.349510537796962353e-03 3.161855439330236162e-01 9.991121251346093413e-01 -1.621526537244249609e-03 4.209907434485848921e-02 2.851197802763129019e+01
4.236068209268595286e-02 4.122908803925391316e-03 -9.990938765879998629e-01 -1.218861391170262038e+02 1.284818811644679705e-03 9.999904338439234985e-01 4.181083742629798303e-03 3.275676736199998329e-01 9.991015573270137784e-01 -1.460768166463709663e-03 4.235497967299961530e-02 2.854511169058792674e+01
4.295279778802274517e-02 4.164454958704370824e-03 -9.990684233209847775e-01 -1.225389614990569385e+02 1.350484829892781551e-03 9.999901569949056768e-01 4.226358246546820657e-03 3.276535934788005200e-01 9.990761899639615251e-01 -1.530760660863557387e-03 4.294675097016875664e-02 2.856979632634329747e+01
4.309239948689647104e-02 4.320214148900985464e-03 -9.990617502718086573e-01 -1.231984581752367518e+02 1.406401368004639831e-03 9.999893973414381021e-01 4.384887672401204667e-03 3.230881972546163494e-01 9.990701012149518778e-01 -1.594037143587662565e-03 4.308586663780900050e-02 2.859946989501692372e+01
4.317925715461423675e-02 4.310762842834020558e-03 -9.990580408941660551e-01 -1.238543200122784071e+02 1.306819155845257568e-03 9.999895920875413458e-01 4.371263008171083833e-03 3.272255832986909474e-01 9.990664862636871035e-01 -1.494336075162003112e-03 4.317317436122647401e-02 2.863265537191963617e+01
4.341335153285863502e-02 4.329298693833637766e-03 -9.990478157132944848e-01 -1.245175538679989273e+02 1.350596419967676652e-03 9.999894427540326758e-01 4.392068964575736832e-03 3.286189738973674390e-01 9.990562830982023801e-01 -1.539984837194588495e-03 4.340704607211143262e-02 2.866709265283375885e+01
4.376625003719392115e-02 4.299389840552927423e-03 -9.990325473199966888e-01 -1.251790126675409311e+02 1.354949083783998443e-03 9.999895646983240072e-01 4.362866882769711463e-03 3.321543663213520903e-01 9.990408797795328200e-01 -1.544584557531916789e-03 4.375996786884628342e-02 2.868755557579667936e+01
4.378683253957871280e-02 4.256586778000769414e-03 -9.990318287047479373e-01 -1.258224297177000039e+02 1.376993602687727383e-03 9.999897162815690743e-01 4.321020680939304144e-03 3.365934317960346256e-01 9.990399477422160501e-01 -1.564864245964206479e-03 4.378052095535933663e-02 2.871496277560460442e+01
4.425950505826803383e-02 4.252832832550635864e-03 -9.990110157675419211e-01 -1.264704533885382176e+02 1.527250165307964761e-03 9.999894823541078948e-01 4.324660460183409744e-03 3.387371870604035662e-01 9.990189005814303913e-01 -1.717147070488235505e-03 4.425254441281989415e-02 2.872806824077636634e+01
4.417658868960128160e-02 4.370389094071631259e-03 -9.990141784333774755e-01 -1.271319116914616387e+02 1.368450441038616223e-03 9.999892282570895796e-01 4.435167773682644268e-03 3.376111539733017697e-01 9.990228007183521441e-01 -1.563031975588339163e-03 4.417013216986198643e-02 2.876968829752959067e+01
4.449543496157892797e-02 4.281629499105361544e-03 -9.990004123704917527e-01 -1.277837448860860690e+02 1.458749544857206731e-03 9.999894710600510939e-01 4.350841160585986606e-03 3.447643291887745876e-01 9.990085226449999523e-01 -1.650883966746631223e-03 4.448872064673314863e-02 2.879158147388356070e+01
4.458357847668092955e-02 4.332687403640210662e-03 -9.989962624304840055e-01 -1.284366275236673403e+02 1.525099669525363999e-03 9.999891347161933286e-01 4.405056249015939021e-03 3.450070862884499490e-01 9.990044937842932349e-01 -1.719962040662001120e-03 4.457648628332022689e-02 2.881726518519374025e+01
4.457049008565450166e-02 4.278125482340711452e-03 -9.989970816052876623e-01 -1.290761929566102140e+02 1.450481433785260959e-03 9.999894994052722641e-01 4.347089003367707316e-03 3.506228070744218384e-01 9.990051889340388902e-01 -1.642778606600187302e-03 4.456381672741782651e-02 2.884663500240767320e+01
4.503138781150639591e-02 4.249902328876828395e-03 -9.989765324780982558e-01 -1.297326490714040972e+02 1.540148439267107362e-03 9.999894669944873193e-01 4.323637689039296073e-03 3.548634493811828605e-01 9.989843852906584720e-01 -1.733271552892184280e-03 4.502436801521148002e-02 2.886195050404367279e+01
4.506751191884172947e-02 4.305723366732018900e-03 -9.989746644013222099e-01 -1.303857698948239374e+02 1.572859202611402284e-03 9.999891661828661515e-01 4.381053620409506091e-03 3.554627421803989162e-01 9.989827052974309396e-01 -1.768689680334146596e-03 4.506025136903768491e-02 2.889665002672159844e+01
4.523020998943527715e-02 4.358598289756288394e-03 -9.989670819027324233e-01 -1.310554776761175049e+02 1.466156254194596071e-03 9.999891151614354046e-01 4.429440651782081198e-03 3.553526369908192040e-01 9.989755144597639580e-01 -1.664986365682061481e-03 4.522332727975930666e-02 2.892009580980511174e+01
4.502945591992169039e-02 4.414569264941933108e-03 -9.989759054540612304e-01 -1.317000306180109135e+02 1.581621689959073016e-03 9.999886676075282477e-01 4.490337331450999087e-03 3.560543350704655219e-01 9.989844075722034145e-01 -1.782199406744799670e-03 4.502196344995323951e-02 2.895812883152317596e+01
4.508958871788493195e-02 4.349882209942633818e-03 -9.989734768821502131e-01 -1.323504264328720410e+02 1.424606856955870117e-03 9.999892231497783390e-01 4.418606070458391995e-03 3.620836806929070839e-01 9.989819315105531450e-01 -1.622377595506677107e-03 4.508290592211761094e-02 2.897775473264928081e+01
4.487119612591972118e-02 4.404240742871971641e-03 -9.989830721397174873e-01 -1.329983620949978160e+02 1.474376571368082737e-03 9.999889006822780813e-01 4.474899549125431822e-03 3.624794004047166007e-01 9.989916926441155809e-01 -1.673671332068708091e-03 4.486420457689144214e-02 2.900834085385287509e+01
4.512680080522279980e-02 4.289061465007003651e-03 -9.989720595696536254e-01 -1.336533055055057844e+02 1.632906384230992667e-03 9.999891305667539809e-01 4.367191899595166890e-03 3.710122499896340020e-01 9.989799324640242784e-01 -1.828305252670885204e-03 4.511930666662522516e-02 2.901953730391404562e+01
4.469131141661619733e-02 4.332306447790545273e-03 -9.989914503161206882e-01 -1.342915324940131541e+02 1.655614171772978567e-03 9.999889022793275739e-01 4.410698346022760147e-03 3.702236298303185347e-01 9.989994722849347975e-01 -1.851064295970269481e-03 4.468364281697423390e-02 2.905172217108226107e+01
4.412206786909600442e-02 4.272183179439393609e-03 -9.990170126568596043e-01 -1.349550286085570576e+02 1.556197486402666023e-03 9.999893492448942434e-01 4.345071478844100485e-03 3.745236577945948997e-01 9.990249353125966181e-01 -1.746381302655737036e-03 4.411494957503103720e-02 2.909100205702179665e+01
4.444575560158969818e-02 4.451763448389745546e-03 -9.990018801840180318e-01 -1.355870145932099149e+02 1.634207031831797765e-03 9.999884093039516086e-01 4.528865766357254539e-03 3.715687130208706890e-01 9.990104624959542656e-01 -1.833864758413830155e-03 4.443796534121446928e-02 2.910058997795202984e+01
4.442526541288460695e-02 4.440579567142111973e-03 -9.990028413603750934e-01 -1.362281619063528808e+02 1.496816290241645810e-03 9.999887027797209615e-01 4.511524567605357944e-03 3.753721668452118521e-01 9.990115891890285482e-01 -1.695749403278517435e-03 4.441811679904106303e-02 2.911867079790611612e+01
4.347819093573535021e-02 4.402527352951024139e-03 -9.990446760109692459e-01 -1.368789422213801856e+02 1.257905433053589433e-03 9.999892565842688485e-01 4.461433621931306694e-03 3.784737410925206880e-01 9.990535844422347989e-01 -1.450678788678900349e-03 4.347218586837842125e-02 2.915894574673079731e+01
4.275374714633572992e-02 4.157898496573017230e-03 -9.990769885174212162e-01 -1.375318016105868537e+02 1.169127159603814813e-03 9.999904471869649480e-01 4.211730819817898798e-03 3.883581362024531858e-01 9.990849564709859409e-01 -1.348115316329829075e-03 4.274847761572342364e-02 2.919554859178495576e+01
4.178584200027402051e-02 4.316473858776422728e-03 -9.991172661213273409e-01 -1.381851896345264095e+02 1.315070218571632362e-03 9.999895638681010057e-01 4.375242302466184584e-03 3.869319909004820812e-01 9.991257248207799924e-01 -1.496732545100633435e-03 4.177972945149444062e-02 2.922526180893324721e+01
4.135891410953507208e-02 4.125604758967924696e-03 -9.991358364151755600e-01 -1.388440397909134560e+02 1.116219186371253825e-03 9.999906602516193121e-01 4.175340017111148910e-03 3.958984613934238839e-01 9.991437305405100888e-01 -1.287942119543513579e-03 4.135392274849658545e-02 2.924316701645209804e+01
4.061667735666285584e-02 4.259139348840990276e-03 -9.991657246185500219e-01 -1.395035519762892875e+02 1.188109123323790326e-03 9.999900020019989455e-01 4.310950330632345312e-03 3.935882347779383617e-01 9.991740958998166500e-01 -1.362214391811618569e-03 4.061121094888597849e-02 2.927232016170468398e+01
4.057797667215035098e-02 4.412826922826532106e-03 -9.991666301312029930e-01 -1.401587689296970893e+02 1.239022102638541109e-03 9.999892562970758014e-01 4.466779001732783770e-03 3.906881358101593760e-01 9.991756065043944091e-01 -1.419242393083393339e-03 4.057207312433119828e-02 2.929314973687264256e+01
4.016432385889068257e-02 4.250417237372010326e-03 -9.991840476320000830e-01 -1.408065277572459877e+02 1.287971241248959996e-03 9.999899013409239146e-01 4.305617987104142647e-03 4.009108965135241842e-01 9.991922578858588588e-01 -1.459852553311464119e-03 4.015844383791200567e-02 2.932199749796306776e+01
3.975650046479084487e-02 4.056925772938145200e-03 -9.992011619409109091e-01 -1.414574349138023024e+02 1.176865821440909029e-03 9.999908739013725345e-01 4.106957609656189737e-03 4.080281075115926859e-01 9.992087047547333345e-01 -1.339203958349474179e-03 3.975136318576422134e-02 2.934343983787012888e+01
3.939126458381692064e-02 4.119245913247786967e-03 -9.992153722234231594e-01 -1.420869362427526710e+02 1.156192022699071686e-03 9.999906453642588566e-01 4.168021590591928713e-03 4.106905395574339535e-01 9.992231940334925788e-01 -1.319468483589074023e-03 3.938613345362096396e-02 2.937200448183961043e+01
3.935239547345514843e-02 4.214680626570216013e-03 -9.992165057872679501e-01 -1.427338442948375246e+02 1.207558400004407053e-03 9.999901736014552567e-01 4.265501522910507964e-03 4.106183130496701139e-01 9.992246648142808496e-01 -1.374469987808667887e-03 3.934691930813960514e-02 2.939186922823867221e+01
3.898066732021121528e-02 4.317144357164370318e-03 -9.992306389617315876e-01 -1.433764009823226502e+02 1.190156443892044372e-03 9.999897570091669241e-01 4.366852915585755709e-03 4.092172373967417065e-01 9.992392561858796096e-01 -1.359463624633412259e-03 3.897512996441732103e-02 2.941885668218822758e+01
3.906702997883304551e-02 4.351403968425195286e-03 -9.992271175524294335e-01 -1.440085566243730852e+02 1.323446119001961971e-03 9.999894157147740659e-01 4.406466701900583170e-03 4.135371138471449770e-01 9.992357157643050325e-01 -1.494570817470160110e-03 3.906085763355060525e-02 2.943559164190037691e+01
3.877617565881208428e-02 4.332861327255048932e-03 -9.992385273366894971e-01 -1.446560291151580486e+02 1.140534937584233464e-03 9.999897556815752209e-01 4.380378061277329441e-03 4.145043855566683533e-01 9.992472703897334885e-01 -1.309520760563809196e-03 3.877083664359792792e-02 2.946742104124551531e+01
3.859555956484295169e-02 4.444550598002537482e-03 -9.992450293856151022e-01 -1.453033452984070664e+02 1.161112804772720638e-03 9.999892336361521084e-01 4.492708407598504199e-03 4.126070664780600028e-01 9.992542392198952017e-01 -1.333634793678070522e-03 3.858998340639496760e-02 2.949888384695313803e+01
3.915429066081321796e-02 4.505722782458477550e-03 -9.992230181421246638e-01 -1.459508943585796885e+02 1.240240915351438185e-03 9.999888441844537734e-01 4.557774578895406117e-03 4.135809994174551307e-01 9.992324070632021549e-01 -1.417733701289352775e-03 3.914826568102069970e-02 2.951219151634665039e+01
3.935757907030756897e-02 4.192673084386386827e-03 -9.992163942120506626e-01 -1.465933664015097406e+02 1.101537159622685384e-03 9.999904073930258042e-01 4.239308648373818836e-03 4.265159283634193943e-01 9.992245831571653358e-01 -1.267522914060575370e-03 3.935258314331946394e-02 2.954257438009166137e+01
4.023713558431685211e-02 4.207836691674024000e-03 -9.991812983790007152e-01 -1.472353232143999548e+02 1.117458477067800838e-03 9.999903177904522211e-01 4.256243872526859623e-03 4.265332391317662730e-01 9.991895336754290646e-01 -1.287802673780007266e-03 4.023204391715728967e-02 2.955939919434171514e+01
4.109586301599221780e-02 4.050555527086384042e-03 -9.991469977149974868e-01 -1.478636118478092385e+02 1.262122064837665255e-03 9.999907743212615996e-01 4.105888485708685323e-03 4.399576817200941958e-01 9.991544110350835117e-01 -1.429780502600030891e-03 4.109037158325690164e-02 2.958686876124750498e+01
4.139572529867785455e-02 4.179239679417167015e-03 -9.991340890404545316e-01 -1.485025545337809945e+02 1.258638591999243321e-03 9.999902403887640512e-01 4.234968254492242797e-03 4.361779013503290225e-01 9.991420368275432118e-01 -1.432858305559907416e-03 4.139006114014642801e-02 2.960816753194857043e+01
4.164421640763893429e-02 4.390940979803175520e-03 -9.991228547466548537e-01 -1.491336500877924323e+02 1.540074667321935991e-03 9.999888729570042267e-01 4.458938461050046195e-03 4.342185156781050992e-01 9.991313163993071900e-01 -1.724412796358009304e-03 4.163699065368375862e-02 2.963378595090263445e+01
4.183080313305642672e-02 4.457001822603853455e-03 -9.991147677038892949e-01 -1.497677351239553332e+02 1.340794985036220530e-03 9.999888992588794601e-01 4.517037505123564292e-03 4.305672513643065136e-01 9.991238092338964316e-01 -1.528559376634459161e-03 4.182436285444801616e-02 2.964899448072961263e+01
4.149386903410012817e-02 4.605743338058691100e-03 -9.991281429130526304e-01 -1.504030389494647579e+02 1.594883546130221189e-03 9.999877958830440949e-01 4.675941770987282128e-03 4.275810669466653113e-01 9.991374856240035074e-01 -1.787515951064096772e-03 4.148601701380194573e-02 2.967945226744495457e+01
4.056540006339415250e-02 4.408402222360406630e-03 -9.991671603428238235e-01 -1.510352946212788368e+02 1.459381023350937983e-03 9.999889388802365442e-01 4.471277692933536135e-03 4.415693428074002891e-01 9.991758196257178870e-01 -1.639544761368138832e-03 4.055851782609920519e-02 2.970698661418974496e+01
4.074519007430932316e-02 4.345837172144513885e-03 -9.991601188924035259e-01 -1.516553552065872452e+02 1.370003757749897830e-03 9.999893581016443544e-01 4.405311925958778699e-03 4.449957338752527636e-01 9.991686307003000422e-01 -1.548348389236239983e-03 4.073880265488172281e-02 2.972625573273140631e+01
4.042760890124064144e-02 4.206118053341974077e-03 -9.991736170503353609e-01 -1.522797009868409646e+02 1.464951675333629874e-03 9.999898154627656632e-01 4.268827395540389716e-03 4.527263242068675919e-01 9.991813961214037754e-01 -1.636319548660860029e-03 4.042103540506358783e-02 2.976318803472366881e+01
4.000577319921949648e-02 4.421281604987600811e-03 -9.991896668699604689e-01 -1.529068045875876010e+02 1.330827441098824272e-03 9.999890876868549050e-01 4.478102894489254665e-03 4.467595525659696643e-01 9.991985623533767846e-01 -1.508898996292642189e-03 3.999945268080995486e-02 2.979704612354661464e+01
4.063066468351494986e-02 4.667109384672030355e-03 -9.991633335833375318e-01 -1.535450803954971377e+02 1.307278136874520441e-03 9.999879867782246468e-01 4.724121411012213376e-03 4.409174448034041127e-01 9.991733784039930066e-01 -1.498128574135212075e-03 4.062407536826817545e-02 2.980843786028322029e+01
4.026835398016781475e-02 4.035653558966931925e-03 -9.991807509995777048e-01 -1.541733112603893403e+02 1.550067351572893435e-03 9.999903878851218453e-01 4.101393491125497962e-03 4.659693405752483031e-01 9.991876985626543251e-01 -1.713953825357128393e-03 4.026171138129941429e-02 2.983122311169013585e+01
4.012620974587077782e-02 3.934638572815537909e-03 -9.991868723670923602e-01 -1.548019168160487311e+02 1.543686153045165576e-03 9.999908092861531372e-01 3.999797030528756854e-03 4.693416424506092199e-01 9.991934268821486276e-01 -1.702927633765495509e-03 4.011976711027709364e-02 2.984695638575412957e+01
3.953730147519673999e-02 4.062437939825908409e-03 -9.992098370162518783e-01 -1.554368597382453174e+02 1.389258608676612787e-03 9.999905453334361205e-01 4.120582999425618891e-03 4.689156206207409916e-01 9.992171294331266829e-01 -1.551077600251044063e-03 3.953128388631432788e-02 2.988687242261298138e+01
3.928700765508474912e-02 4.211354299736826991e-03 -9.992190928542508122e-01 -1.560644052059472244e+02 1.478561307992169727e-03 9.999897787390423787e-01 4.272736113974448871e-03 4.695346849615278373e-01 9.992268735807541269e-01 -1.645269705319202334e-03 3.928037934680539411e-02 2.990705607888458317e+01
3.866031723816565346e-02 4.138705157714809429e-03 -9.992438396060606687e-01 -1.566898399947844496e+02 1.408151965427718953e-03 9.999902041345535286e-01 4.196277275896967592e-03 4.724359150410932240e-01 9.992514183022646046e-01 -1.569316587388298011e-03 3.865411060109769092e-02 2.994505429649020556e+01
3.872226271495660122e-02 4.291619364973723975e-03 -9.992407959913669480e-01 -1.573197690417442232e+02 1.581102504308327114e-03 9.999892621773583956e-01 4.356104320739571586e-03 4.701400261467936770e-01 9.992487610625822025e-01 -1.748580340870433021e-03 3.871506143204184180e-02 2.995524403000730729e+01
3.778815304060068048e-02 4.411017660055116182e-03 -9.992760371453840440e-01 -1.579564267699254003e+02 1.229931326345146732e-03 9.999892947591377812e-01 4.460676636429204700e-03 4.693288878530162411e-01 9.992850157781375531e-01 -1.397601633153163414e-03 3.778232326051955692e-02 2.998370407988364050e+01
3.781195426663241932e-02 4.071013997118466850e-03 -9.992765798114022768e-01 -1.585879994113676617e+02 1.555667172955282201e-03 9.999902499386685850e-01 4.132786861931293972e-03 4.855384379184952692e-01 9.992836614366240600e-01 -1.710810519732712922e-03 3.780525245492327713e-02 2.999885594807928157e+01
3.709199803678586704e-02 4.094182286454828637e-03 -9.993034680981772722e-01 -1.592131132117948482e+02 1.320745750992928774e-03 9.999905330276862570e-01 4.146020461264279637e-03 4.833302245856848089e-01 9.993109822834435052e-01 -1.473609992252854174e-03 3.708623951400868979e-02 3.004447434891100244e+01
3.760986809154553967e-02 4.582711951010636289e-03 -9.992819905178472739e-01 -1.598328071686372027e+02 1.269769591031836556e-03 9.999884579935465201e-01 4.633741994835228334e-03 4.713797299934137652e-01 9.992916919034814383e-01 -1.443132309621335046e-03 3.760361500992548400e-02 3.004555280071894074e+01
3.651344979536408353e-02 4.349501625923745535e-03 -9.993236962164200321e-01 -1.604584676964857692e+02 1.366210159855563112e-03 9.999893764775996674e-01 4.402317769141387074e-03 4.825775940786505291e-01 9.993322277670428910e-01 -1.526029995602071632e-03 3.650711956060070928e-02 3.008235115976325602e+01
3.545681613062168225e-02 4.463306938876226114e-03 -9.993612425349748252e-01 -1.610794420545259698e+02 1.700633362668208621e-03 9.999883095021018242e-01 4.526445105642822216e-03 4.838943334890286607e-01 9.993697624183178752e-01 -1.860040402248663285e-03 3.544881117409914850e-02 3.010864189555199033e+01
3.465637429110635104e-02 4.287586692253424203e-03 -9.993900901656728175e-01 -1.617018484625405108e+02 1.303488436651799136e-03 9.999897527284296039e-01 4.335361118714606103e-03 4.888877873482638248e-01 9.993984373806529264e-01 -1.452941323852636676e-03 3.465043033815284890e-02 3.011311087846235068e+01
3.365027976218259997e-02 4.300329057190192122e-03 -9.994244172732256182e-01 -1.623022220932285506e+02 9.991784648011507817e-04 9.999900985677021570e-01 4.336405072502109125e-03 4.865472275779499922e-01 9.994331695087581569e-01 -1.144524598787689850e-03 3.364564978003026230e-02 3.012287629637293662e+01
3.112810000258570131e-02 4.367178023439296716e-03 -9.995058624872293906e-01 -1.629254661070149552e+02 1.385330986030547948e-03 9.999893055832219657e-01 4.412434389841868657e-03 4.909116456920670779e-01 9.995144432414609925e-01 -1.521997140964591756e-03 3.112171711867328661e-02 3.016099957933968412e+01
2.935966433593428793e-02 4.492962298548312458e-03 -9.995588143775558931e-01 -1.635224980187448693e+02 1.298435369827760557e-03 9.999888827728963259e-01 4.533033885262348350e-03 4.883114503231440473e-01 9.995680688055575969e-01 -1.430950872105638417e-03 2.935350411671444615e-02 3.017127426239475341e+01
2.808884582460036139e-02 4.220868791015464083e-03 -9.995965191050294463e-01 -1.641569890137817254e+02 1.247228354210680934e-03 9.999901586757637961e-01 4.257578308532962777e-03 5.010571149873566110e-01 9.996046524309872838e-01 -1.366315582092637653e-03 2.808330500592559620e-02 3.017829741125821741e+01
2.588993015962226529e-02 4.552932405198894389e-03 -9.996544314526113473e-01 -1.647620725380472493e+02 1.401988218238213370e-03 9.999884795922346914e-01 4.590763754177795176e-03 4.937323254302223852e-01 9.996638164629977341e-01 -1.520358288181169549e-03 2.588324873947933646e-02 3.020487224049288599e+01
2.377883588406248805e-02 4.508071010977177280e-03 -9.997070792285903673e-01 -1.653770509242788762e+02 1.521205209089193525e-03 9.999885120108359393e-01 4.545523189478288192e-03 4.976061350286937190e-01 9.997160861458170844e-01 -1.628846866415679419e-03 2.377170501194869612e-02 3.021763631480044410e+01
2.158352203518931756e-02 4.687138719982110804e-03 -9.997560614005682744e-01 -1.659866738397659276e+02 1.502849716277160092e-03 9.999877282855946792e-01 4.720669544238212043e-03 4.981195021961485336e-01 9.997659191127128420e-01 -1.604371788351129004e-03 2.157621310327562103e-02 3.023112462558237468e+01
1.882476990032533326e-02 4.963585874014335257e-03 -9.998104774673405304e-01 -1.665953963733657304e+02 1.721615203243505483e-03 9.999860335552229751e-01 4.996872580371100429e-03 4.927704281029872124e-01 9.998213160756735940e-01 -1.815353894916653171e-03 1.881596160031273612e-02 3.024954228438815917e+01
1.627768230203807676e-02 4.626275724872348782e-03 -9.998568070637873229e-01 -1.672054784428098912e+02 1.940337770158926962e-03 9.999872668011797749e-01 4.658468079087535810e-03 5.059418832258169019e-01 9.998656270460605233e-01 -2.015888990901946402e-03 1.626849849754885557e-02 3.026048113779097903e+01
1.291287091078230365e-02 4.079238658264394170e-03 -9.999083045843807360e-01 -1.678217121243076235e+02 1.694681348144583656e-03 9.999901530011368056e-01 4.101457776364914390e-03 5.211984131658935482e-01 9.999151893135588276e-01 -1.747487548446248094e-03 1.290583074808837605e-02 3.026792531543997455e+01
1.020512761822112147e-02 5.021805685378587063e-03 -9.999353163269882883e-01 -1.684352647234046856e+02 2.276670261492575592e-03 9.999846807993144626e-01 5.045288813704505021e-03 5.027979952866266089e-01 9.999453345772538748e-01 -2.328010814312463962e-03 1.019353828816016438e-02 3.025515972440112122e+01
5.588570403171289058e-03 4.720245400698538235e-03 -9.999732432241404956e-01 -1.690390201866628956e+02 1.953464102069322854e-03 9.999868996476504179e-01 4.731227227871571614e-03 5.118461743422967336e-01 9.999824757758760674e-01 -1.979852630124555660e-03 5.579276360986651362e-03 3.027156515799537928e+01
1.200537034330428909e-03 4.681776599221778440e-03 -9.999883197711383342e-01 -1.696242527854996354e+02 1.821359152299097204e-03 9.999873715106865069e-01 4.683958794281874866e-03 5.151839613588364841e-01 9.999976206780032406e-01 -1.826961144407172194e-03 1.191994676703278522e-03 3.029262654414920775e+01
-3.216380252967443454e-03 4.746299019551874707e-03 -9.999835636367656599e-01 -1.702254691035162182e+02 2.040973644526871723e-03 9.999866845135088056e-01 4.739749177183429085e-03 5.193862797470136794e-01 9.999927446360051819e-01 -2.025695262685186203e-03 -3.226024496507662320e-03 3.028686262593241452e+01
-8.096466361382281818e-03 4.783924325479322476e-03 -9.999557796725350167e-01 -1.708215886137886912e+02 1.846071110406091080e-03 9.999869236437879394e-01 4.769126008848462162e-03 5.188002006111682718e-01 9.999655190324886478e-01 -1.807376408233229851e-03 -8.105191953595713983e-03 3.026802810712668190e+01
-1.339695972883081510e-02 5.244014124033222028e-03 -9.998965055373937316e-01 -1.714199919836853780e+02 1.803158648602564253e-03 9.999847483353493383e-01 5.220317574250339480e-03 5.089215034754314138e-01 9.999086308702972437e-01 -1.733035647353294191e-03 -1.340621119231477643e-02 3.025432145830022890e+01
-1.756024493885499638e-02 5.593827734252328210e-03 -9.998301590215046275e-01 -1.720101154417528164e+02 1.846592911322189352e-03 9.999828255887576178e-01 5.562249737667312663e-03 5.019330535906683100e-01 9.998441017940284947e-01 -1.748604816370728570e-03 -1.757027287462809007e-02 3.022110442142101405e+01
-2.336080537463058882e-02 5.587846062498151231e-03 -9.997114827532145309e-01 -1.726080443095805492e+02 1.935212043959242669e-03 9.999827585777800731e-01 5.544141188518816703e-03 5.053644788256838050e-01 9.997252261129523365e-01 -1.805138098633912204e-03 -2.337121626812166397e-02 3.021528610629846057e+01
-2.867896984335716049e-02 5.750367041019443202e-03 -9.995721334489162668e-01 -1.732074393003404680e+02 2.203541343608503462e-03 9.999813868297769970e-01 5.689499059056720223e-03 5.076847086495800410e-01 9.995862449505152902e-01 -2.039429550035147358e-03 -2.869110720832557249e-02 3.020315592544577399e+01
-3.430694022062041881e-02 5.662560073584015259e-03 -9.993953018031012103e-01 -1.738073730496898577e+02 2.077715136020293930e-03 9.999821918282003619e-01 5.594562206453153157e-03 5.103158005042205403e-01 9.994091839444503300e-01 -1.884526434246542453e-03 -3.431809446350864157e-02 3.018185312872553538e+01
-4.048012815992585445e-02 5.709232871971466235e-03 -9.991640325212719498e-01 -1.743887011566226306e+02 1.836366653975430967e-03 9.999824116844818755e-01 5.639510546093285531e-03 5.090649398630899825e-01 9.991786561880052764e-01 -1.606543401508578328e-03 -4.048990042752542706e-02 3.016013891383746781e+01
-4.685767438333998669e-02 6.247904521161503147e-03 -9.988820360985972702e-01 -1.749796781598698203e+02 2.086468521242333760e-03 9.999788694625888485e-01 6.156888616219706456e-03 5.001132733558263377e-01 9.988993968365857956e-01 -1.795638442760856199e-03 -4.686972031160574481e-02 3.013127404238132101e+01
-5.252396825351102194e-02 6.012174254657578348e-03 -9.986015654502231609e-01 -1.755598168722342507e+02 1.864785232859548798e-03 9.999807237237867685e-01 5.922394523074150062e-03 5.079683952030745742e-01 9.986179225984981311e-01 -1.551109790847291468e-03 -5.253416720075843038e-02 3.008951919242651485e+01
-5.966734862423495045e-02 5.954499379396002712e-03 -9.982005567245967326e-01 -1.761500003601425419e+02 1.852031523156658695e-03 9.999811477185495123e-01 5.854416002449566031e-03 5.151547407025268699e-01 9.982165984832106487e-01 -1.499381416877021336e-03 -5.967725167914061934e-02 3.004077039699186713e+01
-6.710214715520912421e-02 6.156644401506156626e-03 -9.977271157871144824e-01 -1.767453242880148707e+02 1.720371051694947855e-03 9.999801893987584345e-01 6.054843802095807165e-03 5.077832406575579771e-01 9.977446277332718827e-01 -1.310167827681206227e-03 -6.711140953413341492e-02 3.001822198394972219e+01
-7.542021101473195266e-02 6.070918423002750683e-03 -9.971333590448147044e-01 -1.773321605542198256e+02 1.623076711245022286e-03 9.999808890897277092e-01 5.965490533651840975e-03 5.138325287128518992e-01 9.971505189250434720e-01 -1.168505378216753293e-03 -7.542862323215482334e-02 2.996067038404744665e+01
-8.345816029174923933e-02 6.084474500445385958e-03 -9.964927067724935750e-01 -1.779115707298604150e+02 1.514351373053216508e-03 9.999809793051903650e-01 5.978943698624360203e-03 5.153900882765557467e-01 9.965101315193118925e-01 -1.010048457163307146e-03 -8.346578689186712197e-02 2.991335121931758678e+01
-9.326608477531928010e-02 5.788299767034637416e-03 -9.956243935423086944e-01 -1.784946822765473655e+02 1.578671014663127290e-03 9.999827033634595130e-01 5.665754295313736415e-03 5.279641372497450025e-01 9.956399676733104220e-01 -1.043340651153937433e-03 -9.327360940681583834e-02 2.984851695718101539e+01
-1.041257715288146368e-01 5.784653483241131849e-03 -9.945473148561650989e-01 -1.790666210589356524e+02 1.502614373930736841e-03 9.999828590710170273e-01 5.658949920069628048e-03 5.312549192045483704e-01 9.945630024556374460e-01 -9.051785643869182489e-04 -1.041326788198317921e-01 2.979536531792787102e+01
-1.160891490101951806e-01 5.646236415085631455e-03 -9.932227491839048517e-01 -1.796357093112179086e+02 1.669200154019615228e-03 9.999835390514845157e-01 5.489571651224146170e-03 5.388695610932476843e-01 9.932373952147265372e-01 -1.020607864492457852e-03 -1.160966627713837518e-01 2.974112674753023455e+01
-1.266562845272829474e-01 5.661378915619541888e-03 -9.919305088455128150e-01 -1.801997803831184228e+02 1.643252868453682226e-03 9.999835383636196395e-01 5.497519603009383068e-03 5.416522519346901321e-01 9.919453035877303648e-01 -9.336972469340381470e-04 -1.266635026347242565e-01 2.967558973164150871e+01
-1.396503244910196617e-01 5.754012499298879341e-03 -9.901841637845513189e-01 -1.807755755515094336e+02 1.526703568836497785e-03 9.999831788703776869e-01 5.595636917017731034e-03 5.405503249586500747e-01 9.901997051331444810e-01 -7.302851854598044201e-04 -1.396567600862272940e-01 2.960120285819900232e+01
-1.511767792134228738e-01 5.392949617780003549e-03 -9.884920320979205810e-01 -1.813368545915279242e+02 1.614818949166237430e-03 9.999851308554917884e-01 5.208687712492374167e-03 5.557435762490779974e-01 9.885054242574583538e-01 -8.088030322284350641e-04 -1.511832399812811367e-01 2.951309329349768973e+01
-1.646605419954070282e-01 5.812128973310249844e-03 -9.863331714317313814e-01 -1.819106352995001998e+02 1.611372881683685501e-03 9.999828894003310875e-01 5.623556170367876965e-03 5.466391595092447986e-01 9.863489795134456894e-01 -6.633727177957687501e-04 -1.646670900618041333e-01 2.940222988000985183e+01
-1.791054803562934783e-01 6.360849672526364476e-03 -9.838093140938366510e-01 -1.824957322902760382e+02 1.915965980838548344e-03 9.999794579846795761e-01 6.116590800985826151e-03 5.353947235019033135e-01 9.838280113824275919e-01 -7.894302438824448744e-04 -1.791139883403538580e-01 2.929920927134615027e+01
-1.940452414652074076e-01 6.067704322044977644e-03 -9.809738157713335793e-01 -1.830439632072054223e+02 1.920530450298794500e-03 9.999813044158728514e-01 5.805375226372352059e-03 5.491922891398905993e-01 9.809907011931863208e-01 -7.574846465370913343e-04 -1.940532668869849875e-01 2.918591669495502572e+01
-2.073427065482922327e-01 6.012380972117817128e-03 -9.782498930826799555e-01 -1.836000955147874549e+02 1.911542871738998277e-03 9.999816945039501359e-01 5.740789219097389151e-03 5.545751639279353773e-01 9.782665015449920620e-01 -6.796558354907242770e-04 -2.073504039611859806e-01 2.907737865867754223e+01
-2.224248763587601818e-01 5.779213912517618817e-03 -9.749327028381722382e-01 -1.841578277310699434e+02 1.779011738560383471e-03 9.999831720710036231e-01 5.521837741881302844e-03 5.619025304323806980e-01 9.749482086213732135e-01 -5.062226456444269933e-04 -2.224314146981238860e-01 2.893394774816629322e+01
-2.363125550880595949e-01 5.986732445729590207e-03 -9.716586516582743638e-01 -1.847091025875168668e+02 1.713962207367991132e-03 9.999820319507335409e-01 5.744398074110461209e-03 5.593308128000686885e-01 9.716755830220826784e-01 -3.079128210684498046e-04 -2.363185700455852079e-01 2.880019673374951239e+01
-2.523507695936741957e-01 5.749991240028584118e-03 -9.676187403550120525e-01 -1.852563582980351384e+02 1.845873866405833624e-03 9.999833854161015445e-01 5.460919466708196238e-03 5.709428185192484406e-01 9.676340640113647584e-01 -4.080349153529590558e-04 -2.523571906492028116e-01 2.865839530128602775e+01
-2.680589728852700304e-01 6.233764241202990886e-03 -9.633823369976631801e-01 -1.857891431197545558e+02 1.744861815665053623e-03 9.999805669679018294e-01 5.985076757892108211e-03 5.568133968359635366e-01 9.634009251152596542e-01 -7.661552535332284003e-05 -2.680646407438382894e-01 2.848722541064892155e+01
-2.848184064799963444e-01 6.381594337737221852e-03 -9.585602488022880729e-01 -1.863206103547825023e+02 1.910522056769086395e-03 9.999796327245097372e-01 6.089666790988974496e-03 5.596742954759966748e-01 9.585795873247388021e-01 -9.690130667520209171e-05 -2.848247976817865901e-01 2.833424292035854108e+01
-2.982775181055270508e-01 6.720018045260338357e-03 -9.544555325159358450e-01 -1.868588787162933897e+02 1.671946016265345950e-03 9.999773597376978573e-01 6.518021827326144803e-03 5.493145046847027757e-01 9.544777246166229467e-01 3.483812483200563956e-04 -2.982820005316784151e-01 2.813122397999639546e+01
-3.157059391640568702e-01 6.267620920182681576e-03 -9.488363804705965965e-01 -1.873936753285846635e+02 1.825642226020667610e-03 9.999803452503636114e-01 5.998011622716895551e-03 5.633515968131771467e-01 9.488553245922184409e-01 1.613721306950319581e-04 -3.157111764762725592e-01 2.795217224661873345e+01
-3.308784298868108209e-01 6.756742372338354202e-03 -9.436491991562084847e-01 -1.879241900813420614e+02 1.946101586511672990e-03 9.999771258639319482e-01 6.477687668059867176e-03 5.519820920221939486e-01 9.436713820627681271e-01 3.068899213164361962e-04 -3.308840106356341071e-01 2.775396700540610340e+01
-3.511950611736736061e-01 6.293330280358198220e-03 -9.362811666381005704e-01 -1.884315342299911435e+02 2.138811017486029562e-03 9.999801938917833866e-01 5.919232347428876433e-03 5.730112127259261445e-01 9.362998742361614557e-01 7.627669168622838031e-05 -3.512015656104272576e-01 2.755557372029016960e+01
-3.673527115895049988e-01 6.423916441163272581e-03 -9.300595242162699172e-01 -1.889591875808041834e+02 2.191237445476923538e-03 9.999793499953452125e-01 6.041362540382830271e-03 5.731545080466999842e-01 9.300791276909159411e-01 1.813296549197525830e-04 -3.673592020805531710e-01 2.736371909140013869e+01
-3.855717673053078443e-01 6.496715652255220450e-03 -9.226549761112198267e-01 -1.894548346840063857e+02 2.298192222788455769e-03 9.999788710007413428e-01 6.080778288167883010e-03 5.747244483800826309e-01 9.226749864223960929e-01 2.241379407447617253e-04 -3.855785512611080712e-01 2.715878649100353215e+01
-4.012944041724320066e-01 6.285976397286311898e-03 -9.159275559129256283e-01 -1.899722652153643594e+02 2.049372048467580903e-03 9.999801096047705729e-01 5.964936633190809356e-03 5.787374032531461543e-01 9.159468332027245197e-01 5.166193606334413581e-04 -4.012993045724555508e-01 2.694674461267892696e+01
-4.177584441713404484e-01 6.283834649845674095e-03 -9.085364030932578938e-01 -1.904685893630682756e+02 2.221495979983053020e-03 9.999801578120095513e-01 5.894822972698107039e-03 5.844532163785374212e-01 9.085554178360020217e-01 4.443021065999009332e-04 -4.177641144431700759e-01 2.670488385523036357e+01
-4.324133710127138208e-01 6.750503419366253241e-03 -9.016502133715749157e-01 -1.909833187340955192e+02 2.380985198950882637e-03 9.999770370299193578e-01 6.344787021295712759e-03 5.748208491613470139e-01 9.016723393111845120e-01 5.967549315675679984e-04 -4.324195143661397900e-01 2.646314810168535203e+01
-4.519666526405488050e-01 6.680252192624968298e-03 -8.920098200869430727e-01 -1.914729779123302080e+02 2.766245661383650613e-03 9.999776466231707905e-01 6.087211095886974066e-03 5.863035655334287721e-01 8.920305447605696436e-01 2.836981281973244805e-04 -4.519750288782928838e-01 2.620491402632880806e+01
-4.674873470283305021e-01 6.822737465658501067e-03 -8.839734332104607351e-01 -1.919627288679164110e+02 2.812044662379677672e-03 9.999766336416621160e-01 6.230936968529478259e-03 5.841478668601757240e-01 8.839952900175604977e-01 4.271114183736772658e-04 -4.674956093939344193e-01 2.597597274595059957e+01
-4.849735043433776038e-01 6.873357926719856313e-03 -8.745018336377092805e-01 -1.924561059349989307e+02 3.030234159058941938e-03 9.999763180799726703e-01 6.179074377499723866e-03 5.881609450944790263e-01 8.745235947450735736e-01 3.467420260057480462e-04 -4.849828471236092842e-01 2.571073554637127856e+01
-4.999509879283299263e-01 6.752878970292548050e-03 -8.660273715622968105e-01 -1.929510477211619559e+02 2.890719225727080618e-03 9.999770419463257509e-01 6.128566115681062174e-03 5.903138810537430503e-01 8.660488747246577468e-01 5.605407111378113948e-04 -4.999590307037831138e-01 2.541324034775287544e+01
-5.180744682556464031e-01 7.356028602145552736e-03 -8.553038841165366835e-01 -1.934186026788849517e+02 3.295210847914920374e-03 9.999727621855015736e-01 6.604276839001986879e-03 5.774314486659498646e-01 8.553291687573255642e-01 6.031005743744577950e-04 -5.180845967046310285e-01 2.514234376689176642e+01
-5.353352789252960875e-01 7.682054182316097775e-03 -8.446047153441160749e-01 -1.938991571921999650e+02 3.497108388162369942e-03 9.999702270881761779e-01 6.878602339342102315e-03 5.681404145451297572e-01 8.446324107982696727e-01 7.286842672364992647e-04 -5.353462054113597990e-01 2.483937730518144704e+01
-5.501595018070100096e-01 7.131000619656335110e-03 -8.350291440432636714e-01 -1.943634828603994151e+02 3.559292099536077222e-03 9.999744790916391679e-01 6.194562547518231085e-03 5.927508553877747222e-01 8.350520067703647298e-01 4.358848097794302406e-04 -5.501708425509477252e-01 2.454854350824081877e+01
-5.667996407525777158e-01 6.786827672168018778e-03 -8.238277163417712101e-01 -1.948319378156059543e+02 3.342875910670264385e-03 9.999767821086613662e-01 5.938048859068475668e-03 6.022830080732846092e-01 8.238488893136869384e-01 6.117301325898618324e-04 -5.668091683828431204e-01 2.424457599297541321e+01
-5.836367841508061094e-01 7.128580986035529948e-03 -8.119835512614964612e-01 -1.952786927604085179e+02 3.677830411896143917e-03 9.999744146037066184e-01 6.135446311042938930e-03 5.959724326189443921e-01 8.120065133664674528e-01 5.945343555180640678e-04 -5.836480692843362128e-01 2.394593790630262475e+01
-5.974077234122139313e-01 7.067449704086094936e-03 -8.019065177201867289e-01 -1.957238569241814048e+02 3.798360710302078197e-03 9.999748855633882050e-01 5.983368482986637857e-03 6.013762459980447339e-01 8.019286654455932695e-01 5.285803335139242255e-04 -5.974195645770907781e-01 2.361627787985440463e+01
-6.136130305023721476e-01 6.561354939337941776e-03 -7.895796333613571694e-01 -1.961594924525776946e+02 3.623694600623628310e-03 9.999783441414679119e-01 5.493640462322669019e-03 6.166264392405506056e-01 7.895985800614997441e-01 5.097739184023305711e-04 -6.136235185318565932e-01 2.327935662826543606e+01
-6.299078594830400668e-01 6.648478596498958934e-03 -7.766414142278580401e-01 -1.966088213049064848e+02 3.716499390696660198e-03 9.999777143314922956e-01 5.546032153110773411e-03 6.164660446184744291e-01 7.766609789308166478e-01 6.071018994224957645e-04 -6.299185306319461386e-01 2.293251931143185374e+01
-6.456467205241200880e-01 7.049234446774699410e-03 -7.636037064932068574e-01 -1.970230878706726116e+02 4.049355607473965370e-03 9.999749376992945749e-01 5.807468678884917558e-03 6.096539714712801983e-01 7.636255070357547137e-01 6.574701562924185200e-04 -6.456590839888962652e-01 2.256179185389828845e+01
-6.594702346841097018e-01 7.263013511133658423e-03 -7.516955887860609087e-01 -1.974389062971212638e+02 4.279758203943296105e-03 9.999733937318465715e-01 5.907241160579220635e-03 6.088017275980280862e-01 7.517184933440187455e-01 6.785743515276805929e-04 -6.594837725838660347e-01 2.220424075902909777e+01
-6.756728169854642196e-01 7.120389794532275447e-03 -7.371672431925480051e-01 -1.978578589031780268e+02 4.290010761348376188e-03 9.999743998106028764e-01 5.726738259426522246e-03 6.138322016214634580e-01 7.371891481801633450e-01 7.069459656756063755e-04 -6.756860661822223779e-01 2.183607110080896874e+01
-6.890290926087412338e-01 6.867660365396287270e-03 -7.247011416990321031e-01 -1.982668348619916969e+02 4.197356401545037849e-03 9.999761450985092948e-01 5.485565892724521449e-03 6.232770755980532318e-01 7.247215270281499588e-01 7.378855131920060081e-04 -6.890414819058112705e-01 2.145137732103215100e+01
-7.045318802721631801e-01 6.803494570484398644e-03 -7.096397270036388649e-01 -1.986701095723531978e+02 4.364740240349790183e-03 9.999766735452975119e-01 5.253704209014993347e-03 6.280422518857669001e-01 7.096589171727528678e-01 6.040090321674899954e-04 -7.045451415276982043e-01 2.105333396326779294e+01
-7.196307489008961777e-01 6.678865942707875279e-03 -6.943248360717443335e-01 -1.990754564266382829e+02 4.372787420208637359e-03 9.999775011117938428e-01 5.086845819376068292e-03 6.356189320883844918e-01 6.943431888961776322e-01 6.245157578280450747e-04 -7.196437632701024878e-01 2.063866059971302391e+01
-7.347863479353562433e-01 6.468566427267542773e-03 -6.782677793734548377e-01 -1.994608763399224927e+02 4.258519846567960371e-03 9.999788127559159356e-01 4.923316766700240252e-03 6.404546766296161930e-01 6.782852555500067382e-01 7.291691469831391992e-04 -7.347983263561621570e-01 2.023759098688383062e+01
-7.473562482278306440e-01 6.498930609818074494e-03 -6.643917535127525920e-01 -1.998470685024753664e+02 4.413886328005073301e-03 9.999786592144525033e-01 4.816505283836627384e-03 6.446567374309515319e-01 6.644088770044429548e-01 6.670956412284075390e-04 -7.473689845993749525e-01 1.980903984583594024e+01
-7.614101323090194384e-01 6.373123460711816422e-03 -6.482391485513019358e-01 -2.002065231263278804e+02 4.324425291054805921e-03 9.999793594538212149e-01 4.751843034818556410e-03 6.453584088360163618e-01 6.482560526235481291e-01 8.148396652058044302e-04 -7.614219764842991012e-01 1.938235078787795018e+01
-7.754823686217615641e-01 6.376926672763886042e-03 -6.313370183689474002e-01 -2.005859089724529838e+02 4.451611984865936483e-03 9.999793614830848609e-01 4.632467875560069247e-03 6.495433022552903335e-01 6.313535294171709333e-01 7.819297232428106936e-04 -7.754947514189824975e-01 1.893397871788075193e+01
-7.868237690603221424e-01 6.210918816487480225e-03 -6.171464825543161448e-01 -2.009331386330570979e+02 4.532984022402100459e-03 9.999805475468778182e-01 4.284458390396811769e-03 6.601696539658632457e-01 6.171610879645300640e-01 5.735985542137673598e-04 -7.868366174035985594e-01 1.849087322077296136e+01
-7.996583221825379617e-01 6.236994511513462708e-03 -6.004229073442084452e-01 -2.012827996026342134e+02 4.567885300743954741e-03 9.999803054982290274e-01 4.303840093191853289e-03 6.593506245748478323e-01 6.004379253412361894e-01 6.989385751761747773e-04 -7.996710631858456875e-01 1.803009393918290471e+01
-8.118970846015367560e-01 6.324663705653007714e-03 -5.837663253773173189e-01 -2.016255592809527286e+02 4.576680815965352214e-03 9.999795416578992624e-01 4.468809502156594754e-03 6.539487100794409979e-01 5.837826462033917085e-01 9.565012640796266650e-04 -8.119094205002783671e-01 1.756479394266882466e+01
-8.216353590322789113e-01 6.481214735815094517e-03 -5.699766053474889516e-01 -2.019509290676385831e+02 4.795463381026844434e-03 9.999785646707521902e-01 4.457996184769843183e-03 6.534363085660245263e-01 5.699932809418547519e-01 9.295453568520250804e-04 -8.216488274357667265e-01 1.708916223553177716e+01
-8.321466716731147351e-01 6.514600753092342558e-03 -5.545173367897401340e-01 -2.022665760279564324e+02 4.883091974328981205e-03 9.999783089197586960e-01 4.420079495877827017e-03 6.548189548069978105e-01 5.545341037629051284e-01 9.703952841210515372e-04 -8.321604329075404927e-01 1.659997868099218366e+01
-8.419275772120413670e-01 6.631991384167409097e-03 -5.395497858586761897e-01 -2.025858182820052491e+02 5.018057511520503285e-03 9.999774584619370854e-01 4.461128424071904297e-03 6.521343050973674726e-01 5.395672097419135227e-01 1.048455189943220877e-03 -8.419418785836951802e-01 1.610453774938780214e+01
-8.497536311116484775e-01 6.389859241511928849e-03 -5.271412866693730992e-01 -2.028968558301135090e+02 5.007311907886189371e-03 9.999792633081640014e-01 4.049664321728616533e-03 6.640088084511965860e-01 5.271562322879487228e-01 8.016561202941832349e-04 -8.497680060507333266e-01 1.562785158359476156e+01
-8.576969477717788504e-01 6.403549843555769207e-03 -5.141156876933203890e-01 -2.031953808342571222e+02 4.976116974096858776e-03 9.999789928415615536e-01 4.153568999834209192e-03 6.617516823892798383e-01 5.141314851697322830e-01 1.004203653337070595e-03 -8.577107948091757805e-01 1.512172231312853121e+01
-8.639078413094078979e-01 6.174398323665359484e-03 -5.036120714691613154e-01 -2.034925863086113509e+02 4.867997443861880186e-03 9.999805097495324535e-01 3.909312209545935148e-03 6.701240724740573640e-01 5.036263935945032300e-01 9.257031953434765800e-04 -8.639210604844569374e-01 1.463571900932309688e+01
-8.704899509363444032e-01 6.011831314668823582e-03 -4.921494724197976733e-01 -2.037801067760930493e+02 4.836678902450936533e-03 9.999816040107494253e-01 3.660352070963126397e-03 6.829047343097394140e-01 4.921624242625962653e-01 8.059307245572436881e-04 -8.705030147102488236e-01 1.413719086575802031e+01
-8.757456022283161001e-01 6.262897122207221681e-03 -4.827322407892403189e-01 -2.040432031085368578e+02 5.033826958882200997e-03 9.999799515004523798e-01 3.841507946239104514e-03 6.736384708130714882e-01 4.827466217011907035e-01 9.341931222375332924e-04 -8.757595711833803254e-01 1.363927244767319102e+01
-8.803980522621004390e-01 6.177976064979805344e-03 -4.741952152698726830e-01 -2.043180265420055548e+02 4.989395634876980616e-03 9.999804663039945085e-01 3.764696753312274640e-03 6.757280550136595121e-01 4.742092106911242611e-01 9.484841518265260500e-04 -8.804116792009946124e-01 1.312365024903507127e+01
-8.838009704270108902e-01 6.176041498998941295e-03 -4.678222965867239180e-01 -2.045928305463223751e+02 5.007254027918491349e-03 9.999804629199032791e-01 3.741815815330786724e-03 6.801140285564364341e-01 4.678362663148015743e-01 9.645153698145335873e-04 -8.838146285453345463e-01 1.260058824751590478e+01
-8.873374969632030762e-01 6.133033139100354907e-03 -4.610797679226364965e-01 -2.048598469507505229e+02 4.977980407304801770e-03 9.999806860367497219e-01 3.721191279123461752e-03 6.805768960205820228e-01 4.610936848343751837e-01 1.006706504415183024e-03 -8.873508890781998115e-01 1.206979568650755219e+01
-8.903962361474688780e-01 6.432569085350705630e-03 -4.551408185489227431e-01 -2.051271293181460464e+02 5.253823300059534858e-03 9.999787689474192165e-01 3.854736714177522776e-03 6.770014024897824667e-01 4.551559512904922444e-01 1.041013624342628299e-03 -8.904111276795014795e-01 1.154898830426422940e+01
-8.931452812462696844e-01 6.269561232991339647e-03 -4.497245814823420118e-01 -2.053962500562624029e+02 5.147567513609429754e-03 9.999798406879429891e-01 3.717629138176815548e-03 6.843843231765782686e-01 4.497388232476874914e-01 1.005395276476158230e-03 -8.931595490415602523e-01 1.100923016572367175e+01
-8.950996391747834124e-01 6.298024021057630623e-03 -4.458216805434694896e-01 -2.056517244636844737e+02 5.141146682034023960e-03 9.999795475997852456e-01 3.804338697142228484e-03 6.820742363812675180e-01 4.458365222365334724e-01 1.113227541405782456e-03 -8.951137113040301685e-01 1.047859410666152513e+01
-8.973368168456397065e-01 6.187307077936876967e-03 -4.413030187574723540e-01 -2.059072145122698885e+02 5.105661052850455836e-03 9.999803465222452115e-01 3.638515420307407520e-03 6.890787260709030360e-01 4.413168582306232768e-01 1.011830209927063167e-03 -8.973507713492410165e-01 9.946790166919951659e+00
-8.991130476463760068e-01 6.084686553025491461e-03 -4.376741986244989113e-01 -2.061635399375186068e+02 5.053092966936268381e-03 9.999810324676736695e-01 3.521499162705710000e-03 6.963501831461872404e-01 4.376873242435898592e-01 9.546174295855692094e-04 -8.991267401774070134e-01 9.405009399630717581e+00
-9.011040263541787443e-01 6.006720325628572832e-03 -4.335613601316624655e-01 -2.064174552209205160e+02 5.031414290308464446e-03 9.999815726643737079e-01 3.396940082660871406e-03 7.008769258275100444e-01 4.335737752200041761e-01 8.795695626775876502e-04 -9.011176437063352918e-01 8.851395922367929714e+00
-9.030308237214339506e-01 6.134727679634745592e-03 -4.295319505290445816e-01 -2.066884414237800627e+02 5.113297432095707459e-03 9.999806890905712509e-01 3.532086538748616285e-03 6.983526204224308476e-01 4.295453242655072890e-01 9.932583968983263890e-04 -9.030447540622765779e-01 8.289199719753755247e+00
-9.044642971566585476e-01 6.038823717562126492e-03 -4.265065858542170796e-01 -2.069338382228453668e+02 4.999957457380617074e-03 9.999811793881158151e-01 3.555459882675938814e-03 6.980920177186847875e-01 4.265200295347649773e-01 1.083271739289449120e-03 -9.044774684468390724e-01 7.753969778946170344e+00
-9.061522124232881392e-01 6.017395576394594416e-03 -4.229089250309783776e-01 -2.071801389054623996e+02 5.014406183363999230e-03 9.999813581232238624e-01 3.484126384174819277e-03 7.025666180228705704e-01 4.229220065816021168e-01 1.036511702707203350e-03 -9.061654937109897556e-01 7.197737361276113077e+00
-9.080684866185235737e-01 6.067737861512888936e-03 -4.187777527132837130e-01 -2.074332836231722581e+02 5.121715237683338931e-03 9.999811612505098424e-01 3.383072140212721630e-03 7.102230378624461160e-01 4.187903910590216605e-01 9.272008012098454169e-04 -9.080824569692478310e-01 6.635349137584640289e+00
-9.094890217561029111e-01 5.947048285259754971e-03 -4.156854001788132802e-01 -2.076843488286178854e+02 4.977565023524621254e-03 9.999817779042927679e-01 3.415802366388464607e-03 7.096730678390389402e-01 4.156981394612729863e-01 1.037533643998929259e-03 -9.095020507796418574e-01 6.070344493300601663e+00
-9.111091354415179477e-01 5.858600101830912024e-03 -4.121235495817450745e-01 -2.079462091958302778e+02 4.945158790918427819e-03 9.999823841722625950e-01 3.282796017114460608e-03 7.171941240151302743e-01 4.121355222733693036e-01 9.529690468253406051e-04 -9.111220572077340929e-01 5.510506404560015170e+00
-9.126930295795627757e-01 5.858658309789994967e-03 -4.086038544601460765e-01 -2.081994394732732303e+02 4.932598747750614743e-03 9.999823230417234088e-01 3.320101455085388426e-03 7.170523216112563158e-01 4.086160829268383199e-01 1.014754594717206561e-03 -9.127057943536018847e-01 4.936057587763292176e+00
-9.139514864574742603e-01 5.873097203480953307e-03 -4.057809595476504771e-01 -2.084317627795687713e+02 4.911378243351300146e-03 9.999821206208930890e-01 3.411275757311999640e-03 7.131136227419294649e-01 4.057937391901509372e-01 1.124796772823103428e-03 -9.139639905741887560e-01 4.384636621487143060e+00
-9.150287605612643649e-01 6.068629836137179323e-03 -4.033429546646721264e-01 -2.086602754210803425e+02 5.089788078111131750e-03 9.999809260870007321e-01 3.498788290871156226e-03 7.137940239054352265e-01 4.033564941872583298e-01 1.148561751219732453e-03 -9.150421954220842036e-01 3.818593197994856858e+00
-9.163124723662547932e-01 6.074583050995867838e-03 -4.004179721575927831e-01 -2.088938229534944639e+02 5.080927181473419464e-03 9.999808148731840207e-01 3.543171536822251055e-03 7.121952117641732194e-01 4.004318133777818867e-01 1.212157712237358883e-03 -9.163257573094094610e-01 3.247247172404787552e+00
-9.176038512108009026e-01 6.080952608738436106e-03 -3.974496122258485697e-01 -2.091355716606526300e+02 5.057465639176130130e-03 9.999806466291127904e-01 3.623314577835393992e-03 7.121917496938314773e-01 3.974639534403285324e-01 1.314679653633887488e-03 -9.176168466920129330e-01 2.673624068324898406e+00
-9.186792003617600955e-01 6.027184075576771938e-03 -3.949584786718679519e-01 -2.093698584010757884e+02 5.053713298260438525e-03 9.999810873055872129e-01 3.504998293080806640e-03 7.186626215521848549e-01 3.949721342127521240e-01 1.223962113232078541e-03 -9.186922853230941044e-01 2.098494043761444772e+00
-9.198499313943431233e-01 6.160179523761228834e-03 -3.922220747256054962e-01 -2.095984252918305799e+02 5.116830305152697544e-03 9.999800438215195042e-01 3.705402318277781736e-03 7.114371708944062789e-01 3.922370734153665661e-01 1.401480269950412588e-03 -9.198630952982094211e-01 1.513991622009909888e+00
-9.210889086459141950e-01 6.145958836312823657e-03 -3.893038011109858365e-01 -2.098417643548266369e+02 5.109536193900928759e-03 9.999801099067325838e-01 3.697625021855274058e-03 7.126229777549746291e-01 3.893187832732488696e-01 1.416679533762706675e-03 -9.211019911007340966e-01 9.260506990448216236e-01
-9.220331231264429217e-01 6.221409660132275893e-03 -3.870609950893266760e-01 -2.100938908088833443e+02 5.167887026529757039e-03 9.999795680353366079e-01 3.762506550519244871e-03 7.114650574415959383e-01 3.870764947673521750e-01 1.468868170561128065e-03 -9.220464357205220285e-01 3.329749872453803827e-01
-9.230173246907180662e-01 6.095059262209737323e-03 -3.847101097883693921e-01 -2.103327675024519294e+02 5.069690672354566947e-03 9.999803796947112078e-01 3.679464921415102549e-03 7.148496434857811721e-01 3.847249882153168654e-01 1.445848612903314267e-03 -9.230301148741097972e-01 -2.653700729848699202e-01
-9.239402069683395613e-01 6.078087666120985874e-03 -3.824886283245887975e-01 -2.105831238770175275e+02 5.095687642746175514e-03 9.999806034487012107e-01 3.581437395661256178e-03 7.221442509634957707e-01 3.825029776547497762e-01 1.359991431746869657e-03 -9.239532577509297351e-01 -8.635398586767881746e-01
-9.245176803357380013e-01 5.992168440133123497e-03 -3.810920527431808091e-01 -2.108279673462926098e+02 5.010110617071029601e-03 9.999810803205161358e-01 3.569004429550385465e-03 7.234171772795456867e-01 3.811062286793944764e-01 1.390294356785892966e-03 -9.245302101842700626e-01 -1.466492488685125828e+00
-9.250208732431026704e-01 5.964286359390574659e-03 -3.798694662022619184e-01 -2.110673270789933724e+02 5.038817205072219745e-03 9.999814206219143076e-01 3.430558577238076133e-03 7.329614410019588133e-01 3.798828692975534382e-01 1.259245488846823247e-03 -9.250337398792851662e-01 -2.073129759445729636e+00
-9.254233838830654424e-01 5.963955523215705955e-03 -3.788878353773508789e-01 -2.113145952716434692e+02 5.026830120047616306e-03 9.999813708705924675e-01 3.462497756651722325e-03 7.343968248600498683e-01 3.789014272094545777e-01 1.299671607653648392e-03 -9.254361238423489677e-01 -2.674913456031530412e+00
-9.254862024542023224e-01 5.992067669658420088e-03 -3.787339226844374518e-01 -2.115615314229778505e+02 5.013275899880855792e-03 9.999810594286875354e-01 3.570412949684982368e-03 7.330547894414937149e-01 3.787481434035696037e-01 1.405670274936031330e-03 -9.254987131052248017e-01 -3.296015441368416177e+00
-9.254585667656585191e-01 6.006622708590468075e-03 -3.788012165815864973e-01 -2.117998968704007723e+02 5.024340044268683740e-03 9.999809641257506598e-01 3.581535041536800749e-03 7.343727103821308111e-01 3.788155186989742296e-01 1.411336165073071112e-03 -9.254711291677641949e-01 -3.899702099453406401e+00
-9.253812406956034575e-01 5.923571682848277793e-03 -3.789913860065729501e-01 -2.120483333530270613e+02 4.990652017692048283e-03 9.999816163163969263e-01 3.443896294112966730e-03 7.433771497578478549e-01 3.790048189154107683e-01 1.295502900211639849e-03 -9.253937912646332808e-01 -4.521106989613723925e+00
-9.252176125910969162e-01 6.000302444522138609e-03 -3.793894644317439835e-01 -2.122881608239595721e+02 4.963256771478654489e-03 9.999807953322140675e-01 3.711475309500408479e-03 7.308043618189323798e-01 3.794044483574904869e-01 1.550914996678256228e-03 -9.252296251359559687e-01 -5.138863733364225084e+00
-9.251829324461970927e-01 5.906844329449639081e-03 -3.794754942026218325e-01 -2.125503550084140727e+02 4.949755588924506511e-03 9.999816327001307403e-01 3.497739554445944594e-03 7.434028645697119408e-01 3.794891848654798894e-01 1.357737989626036637e-03 -9.251951767695756335e-01 -5.756875327812250198e+00
-9.250131312911831216e-01 5.923766019820271740e-03 -3.798889521097232880e-01 -2.127941443430033814e+02 4.958799469804305547e-03 9.999815144819975687e-01 3.518664819033888794e-03 7.460889116971177737e-01 3.799027734127502498e-01 1.371018027912451536e-03 -9.250254067120904367e-01 -6.363429087084882418e+00
-9.246750903177716197e-01 5.950139213511713640e-03 -3.807106160710020393e-01 -2.130517017619022511e+02 4.957355567547342551e-03 9.999812743711892216e-01 3.588249259641114984e-03 7.469914394459714613e-01 3.807248376079487850e-01 1.430646816037363161e-03 -9.246872721510175364e-01 -6.987042243779166384e+00
-9.241625138345339607e-01 5.913976660548970164e-03 -3.819537575454570733e-01 -2.132802677468641264e+02 4.971190014025486832e-03 9.999816746777819843e-01 3.455080095011485788e-03 7.563088784233604756e-01 3.819671913828199261e-01 1.294290800775986343e-03 -9.241749777604042482e-01 -7.584972901421807912e+00
-9.237483138093176560e-01 5.983323904757073541e-03 -3.829533294926337206e-01 -2.135175748528436941e+02 4.990314619205842017e-03 9.999811171405383892e-01 3.586380119590273571e-03 7.534290838752518704e-01 3.829675567126336055e-01 1.401854989510131939e-03 -9.237607294684835324e-01 -8.202612734356467428e+00
-9.235892216021843737e-01 5.840380196217068685e-03 -3.833390662317574527e-01 -2.137765963065682229e+02 4.882102333533003442e-03 9.999820525845325436e-01 3.472691410148174944e-03 7.597986153036735413e-01 3.833524681244103172e-01 1.335839806578918145e-03 -9.236011588964876395e-01 -8.830496039523227481e+00
-9.234403187166244642e-01 5.945753584201195034e-03 -3.836960069936295459e-01 -2.140333121363202622e+02 4.982097626172057349e-03 9.999814455804439950e-01 3.505309984701733203e-03 7.628475364849878204e-01 3.837097294463391317e-01 1.325333603858875166e-03 -9.234528071423337980e-01 -9.459812735488885238e+00
-9.227161072292138222e-01 5.892989523661445322e-03 -3.854351542532676866e-01 -2.142836933816025464e+02 4.917008767284038878e-03 9.999817239339815478e-01 3.517786634336626805e-03 7.638121419204474405e-01 3.854488402947253700e-01 1.350730356615256712e-03 -9.227282194898751566e-01 -1.007013575089731816e+01
-9.220198105395571719e-01 5.805671279881835685e-03 -3.870991644961137568e-01 -2.145454119406464315e+02 4.835059219887268174e-03 9.999822517626180129e-01 3.481143792536731466e-03 7.671299042524555301e-01 3.871125045447893487e-01 1.338036155748079277e-03 -9.220315170775381652e-01 -1.068589558097926684e+01
-9.217507603477486100e-01 5.785036176469381120e-03 -3.877396925190723653e-01 -2.147899123589609474e+02 4.743096504155250998e-03 9.999821114593206994e-01 3.644145566647284326e-03 7.590270443449718130e-01 3.877538379357451381e-01 1.519907166765566879e-03 -9.217617105566409119e-01 -1.128553954595610875e+01
-9.215934448876805796e-01 5.964862214189392380e-03 -3.881107351759590096e-01 -2.150341407847298001e+02 4.917527184117466595e-03 9.999810944578899630e-01 3.691700582944198571e-03 7.627536903918672451e-01 3.881254182174250222e-01 1.493701967053809049e-03 -9.216053540360875651e-01 -1.190042159436321434e+01
-9.215688538587332168e-01 6.007426198034911992e-03 -3.881684665554068214e-01 -2.152987077585615623e+02 4.990910531199657489e-03 9.999809680609101914e-01 3.626889581241450264e-03 7.703029153101291771e-01 3.881828672282824355e-01 1.405114386845862477e-03 -9.215812971431167622e-01 -1.251341889797403972e+01
-9.214085387118371440e-01 6.089520237334175058e-03 -3.885475807828381867e-01 -2.155601948954441127e+02 5.041704912547506461e-03 9.999803852435216189e-01 3.716226552953329383e-03 7.704734221758127166e-01 3.885625895534616236e-01 1.465220630887570418e-03 -9.214211670718288616e-01 -1.312038898461229586e+01
-9.212810547518264226e-01 6.029218343577506106e-03 -3.888506997313082025e-01 -2.158190863889246600e+02 5.073594740500604258e-03 9.999810587421361641e-01 3.484364126444026034e-03 7.832298898031150314e-01 3.888643424020408745e-01 1.237207792553032901e-03 -9.212941943402805922e-01 -1.370527348531179790e+01
-9.210798838924159071e-01 5.917576526924443227e-03 -3.893286911810908135e-01 -2.160685416651949424e+02 4.862256812765085832e-03 9.999813490337158273e-01 3.695949593342655846e-03 7.727535245569926436e-01 3.893433008893564251e-01 1.511248741208103116e-03 -9.210914776393395176e-01 -1.430800918150839429e+01
-9.208242186629631565e-01 5.982086680087786608e-03 -3.899320106924997198e-01 -2.163266357216159008e+02 4.856350615226211719e-03 9.999807084799204882e-01 3.872793139094930261e-03 7.663076677102297340e-01 3.899476556955379092e-01 1.672515156327458209e-03 -9.208355056743884326e-01 -1.490849504016670402e+01
-9.207539461398313030e-01 5.909049746068352482e-03 -3.900990307588916850e-01 -2.165781720197369111e+02 4.794750585381930830e-03 9.999811698328363585e-01 3.830188843382864410e-03 7.694831258905856508e-01 3.901143179053445098e-01 1.656233935917409555e-03 -9.207649406088378452e-01 -1.550081580161608841e+01
-9.207283725324686419e-01 5.774729062261627424e-03 -3.901613980367221735e-01 -2.168212346536585926e+02 4.784858943082609742e-03 9.999823959059360723e-01 3.508988902580481486e-03 7.880409891455515403e-01 3.901747930589659075e-01 1.363958386865795226e-03 -9.207397952075886405e-01 -1.610455567139179678e+01
-9.209920852842055083e-01 5.886859587751826738e-03 -3.895368066409722885e-01 -2.170747298688556270e+02 4.860047801015561324e-03 9.999816323690974285e-01 3.621444436570808723e-03 7.867706625635558781e-01 3.895509707075878736e-01 1.442154162848150291e-03 -9.210037792605130225e-01 -1.670125564995567302e+01
-9.215840115727818027e-01 5.987912364833780123e-03 -3.881327794955362620e-01 -2.173119726105925338e+02 4.955337742776461628e-03 9.999810198755685331e-01 3.661217894744730160e-03 7.879568187346378538e-01 3.881473357389878531e-01 1.450790863237937491e-03 -9.215961919217101617e-01 -1.728928493654383658e+01
-9.222597865115207405e-01 6.046555460946344794e-03 -3.865233826701600650e-01 -2.175665806279409935e+02 5.033883938554751560e-03 9.999807337580218780e-01 3.632096537995053477e-03 7.926339851451644769e-01 3.865378974902958786e-01 1.404022729821379108e-03 -9.222724556897254899e-01 -1.789127500770210588e+01
-9.234472933485069479e-01 6.046666559913118494e-03 -3.836776436421989178e-01 -2.178244141763810831e+02 5.028910738955762183e-03 9.999806727196640654e-01 3.655713871151426708e-03 7.906240258939699617e-01 3.836923330796389031e-01 1.446378457161881168e-03 -9.234598537701907972e-01 -1.849779604444047010e+01
-9.246154353454836272e-01 6.033542912870567577e-03 -3.808541624832273986e-01 -2.180653608670941139e+02 5.000178032120868553e-03 9.999806439713162520e-01 3.702688531147736023e-03 7.905350703143627644e-01 3.808691309892797139e-01 1.519224351485467259e-03 -9.246277072513244821e-01 -1.910371170711427879e+01
-9.258075331291131249e-01 5.812686374344033270e-03 -3.779505579814641525e-01 -2.183182086010220360e+02 4.872600942969282888e-03 9.999821996977964478e-01 3.443551597827785964e-03 8.017372739786857716e-01 3.779638466327661650e-01 1.346463764771508491e-03 -9.258193763763500339e-01 -1.971273557787722908e+01
-9.275190533815316218e-01 5.885361908975685931e-03 -3.737295387434979022e-01 -2.185550120582478542e+02 4.953963870857911421e-03 9.999817685454909233e-01 3.452653848613631161e-03 8.034250925557303580e-01 3.737430452278591719e-01 1.350959596912536861e-03 -9.275312992303677007e-01 -2.031213868227782626e+01
-9.291973717652113329e-01 5.931568235106497548e-03 -3.695362780606203379e-01 -2.187865053362898777e+02 4.968965500100795511e-03 9.999813296697096510e-01 3.556640810965619980e-03 8.001561144742511678e-01 3.695504751539126498e-01 1.468608277143267256e-03 -9.292094971012971882e-01 -2.090559961109697085e+01
-9.312623261584100920e-01 5.790950778828969636e-03 -3.643033691404806707e-01 -2.190298724313285277e+02 4.907987591426432941e-03 9.999823461855651408e-01 3.349473841510353968e-03 8.102123146503615869e-01 3.643163344345550225e-01 1.331242385795354055e-03 -9.312743077406788750e-01 -2.150890045474767120e+01
-9.330950659544703374e-01 5.803693448605136938e-03 -3.595829737818200811e-01 -2.192557739577275413e+02 4.890516271702724689e-03 9.999820927811250426e-01 3.449198120968180025e-03 8.057187395277914943e-01 3.595965527393424899e-01 1.459883363867593969e-03 -9.331067398741395014e-01 -2.210303066771223968e+01
-9.352847906837098435e-01 5.964153538605182839e-03 -3.538457138193101259e-01 -2.194866729148796480e+02 5.068581813584552981e-03 9.999811768984745441e-01 3.457647631082194639e-03 8.087189629529953905e-01 3.538596752868687356e-01 1.440389291015335563e-03 -9.352974155232987030e-01 -2.272311311300190084e+01
-9.373306013616369281e-01 5.819819868416982803e-03 -3.483927000494292936e-01 -2.197272174152506636e+02 4.993359421200214629e-03 9.999821861640991738e-01 3.270124792657373020e-03 8.168303518523801765e-01 3.484055253762820548e-01 1.325538067359934924e-03 -9.373429643604891393e-01 -2.331944629480249986e+01
-9.395119994292175924e-01 5.972831392448550714e-03 -3.424639078993161334e-01 -2.199380169725612291e+02 5.150342132823160918e-03 9.999812553241587132e-01 3.311038543192654574e-03 8.180316500288689063e-01 3.424772647993276076e-01 1.346954148077016611e-03 -9.395251507065121022e-01 -2.393488092199341111e+01
-9.418082202388200486e-01 5.977485749774459796e-03 -3.360975244697547160e-01 -2.201670924839333452e+02 5.149920441189189020e-03 9.999811156768511067e-01 3.353596447020139142e-03 8.168063074157689840e-01 3.361112235704656337e-01 1.427569189667393830e-03 -9.418212184040943846e-01 -2.453891727524143107e+01
-9.443279159115138821e-01 5.984039063240811050e-03 -3.289513315168461349e-01 -2.203924932593614301e+02 5.171289080864693334e-03 9.999810322527432627e-01 3.345579767428297994e-03 8.162764407155936874e-01 3.289651121311475968e-01 1.458221940482324393e-03 -9.443409493341445859e-01 -2.516251998643777554e+01
-9.465672632990644875e-01 5.963655838896223318e-03 -3.224513154874007470e-01 -2.206015233458313674e+02 5.169274215126848371e-03 9.999811285501549740e-01 3.319811387312990043e-03 8.181556058395434983e-01 3.224650285761370694e-01 1.475585508775173211e-03 -9.465802279747859149e-01 -2.577935831331756589e+01
-9.493914355304851060e-01 5.877483786923497905e-03 -3.140403753113601426e-01 -2.208087190212642952e+02 5.146006667872553980e-03 9.999817720311421354e-01 3.158198985362185591e-03 8.246753758400297007e-01 3.140532132565111989e-01 1.382313203070467591e-03 -9.494043756237220411e-01 -2.639361236146521250e+01
-9.517275913485496730e-01 5.586575304996912149e-03 -3.068931117543219900e-01 -2.210043824204162490e+02 4.966706192172901276e-03 9.999837436615426345e-01 2.800757441611729896e-03 8.393979269376874441e-01 3.069037694383857096e-01 1.141310215371255316e-03 -9.517398666208658486e-01 -2.699651131084406330e+01
-9.545332754757906990e-01 5.641186035180966937e-03 -2.980510074292243572e-01 -2.212047036167483611e+02 5.032339868081587772e-03 9.999833892772966859e-01 2.810111197545880814e-03 8.409052866982251739e-01 2.980619089466333693e-01 1.182450678436698568e-03 -9.545458083536286775e-01 -2.761313595601160742e+01
-9.572444843561864758e-01 5.705739886148530025e-03 -2.892238608794417409e-01 -2.213960768820316503e+02 5.082157790850516492e-03 9.999828603565261709e-01 2.907002815483862839e-03 8.354808184287085826e-01 2.892354902874956224e-01 1.312831113261511261e-03 -9.572570749974222970e-01 -2.822382345860851416e+01
-9.598035150104018420e-01 5.762480216715774178e-03 -2.806136247501710979e-01 -2.215808680093009002e+02 5.180082870757798247e-03 9.999826151768672622e-01 2.817105870471149891e-03 8.410529192229870832e-01 2.806249798487831515e-01 1.250266285765029139e-03 -9.598166791211149018e-01 -2.884975282909613270e+01
-9.620420707383612324e-01 5.627675139210881923e-03 -2.728431479842838292e-01 -2.217742093327142356e+02 5.043766791016888150e-03 9.999832432027092599e-01 2.841431038952630349e-03 8.369296371601114837e-01 2.728545666577785744e-01 1.357418991614603790e-03 -9.620543346753744895e-01 -2.946915290807805476e+01
-9.643849032878895056e-01 5.630683943412206037e-03 -2.644429120032101288e-01 -2.219362547397619778e+02 5.071740343856990553e-03 9.999832287473955361e-01 2.796367969086147390e-03 8.380756061960386027e-01 2.644542224285568732e-01 1.355589267970791316e-03 -9.643972867119876557e-01 -3.009442187025756610e+01
-9.663092506900579082e-01 5.688179752758311218e-03 -2.573209603625782327e-01 -2.221025383098840962e+02 5.103164794275653372e-03 9.999826532230695619e-01 2.941251779886791193e-03 8.329127057013865354e-01 2.573332270421013757e-01 1.529007537761693661e-03 -9.663215160576981155e-01 -3.070755713091324068e+01
-9.683142560332163029e-01 5.936504607253795425e-03 -2.496642935541387998e-01 -2.222632683979298633e+02 5.353906728470829955e-03 9.999811299079534033e-01 3.012558838542380747e-03 8.320902506566214551e-01 2.496774664353632878e-01 1.580424329381035012e-03 -9.683277673460353174e-01 -3.134264656742516664e+01
-9.702857018158961289e-01 5.721720444337502140e-03 -2.418944372382126340e-01 -2.224204405657692405e+02 5.164617921741025339e-03 9.999823499708561103e-01 2.937085032252366879e-03 8.334447257993281566e-01 2.419069729738214103e-01 1.600519266082017864e-03 -9.702981267449310998e-01 -3.197204830514725060e+01
-9.719224844577376565e-01 5.749103791904046010e-03 -2.352310183863724202e-01 -2.225782346718423241e+02 5.234329416812989744e-03 9.999823450348618303e-01 2.812723615093852634e-03 8.371252413798264680e-01 2.352430360309445134e-01 1.502472684788298905e-03 -9.719354179032557717e-01 -3.260088631219269928e+01
-9.738406878839147574e-01 5.650577202436169767e-03 -2.271615847784627662e-01 -2.227368100110059004e+02 5.175650660617277417e-03 9.999829980981473909e-01 2.686290170452495900e-03 8.431600398493831472e-01 2.271729016894899478e-01 1.440309661123738948e-03 -9.738533761537500055e-01 -3.323218294277394591e+01
-9.755103550319446093e-01 5.738845534852004063e-03 -2.198786321527765875e-01 -2.228750258458752000e+02 5.216093624857731301e-03 9.999820213011941794e-01 2.957945515869433561e-03 8.321434534868591415e-01 2.198916542134913277e-01 1.738598948936403901e-03 -9.755227509806978503e-01 -3.385917622219700007e+01
-9.770015551941768628e-01 5.588852265641752574e-03 -2.131589216488780636e-01 -2.230186705172266386e+02 5.138252338447057109e-03 9.999832403036232886e-01 2.667859586325643274e-03 8.450273587365766392e-01 2.131702594431647002e-01 1.511238637256646358e-03 -9.770138978779754346e-01 -3.448648418187428177e+01
-9.780436948243920181e-01 5.477508421077107066e-03 -2.083279335944870914e-01 -2.231476032435589900e+02 5.041416096035083484e-03 9.999838487115267904e-01 2.624202703461352929e-03 8.467363572229013036e-01 2.083389429223413969e-01 1.516317110384524536e-03 -9.780555125576577691e-01 -3.511918106288216990e+01
-9.792248968220220728e-01 5.729519081653662756e-03 -2.026962605846331922e-01 -2.232809216777213237e+02 5.281984377128265233e-03 9.999822722747396808e-01 2.748777416995882694e-03 8.433215800189064471e-01 2.027084164136761513e-01 1.621032800834144773e-03 -9.792378006223609876e-01 -3.575005581737433147e+01
-9.802661033734103579e-01 5.571324777867619170e-03 -1.976039648320104258e-01 -2.234040412444453807e+02 5.164177419641642446e-03 9.999833484418905183e-01 2.575676711653817307e-03 8.498245292300626863e-01 1.976150243495907732e-01 1.504386640465396781e-03 -9.802785517250427461e-01 -3.638311079766242528e+01
-9.810479054535719001e-01 5.887319720585111778e-03 -1.936758804592513816e-01 -2.235319441129531128e+02 5.418276143267202437e-03 9.999809655156268740e-01 2.951421703172829505e-03 8.354727992785517809e-01 1.936895699019282047e-01 1.846096677389286785e-03 -9.810611308365362326e-01 -3.702016656130486183e+01
-9.819097960723079943e-01 5.819610466858049849e-03 -1.892598333277643319e-01 -2.236588241052665182e+02 5.337363364877698718e-03 9.999810814746814547e-01 3.057653518256202730e-03 8.315972514952616468e-01 1.892740471632346211e-01 1.992191441724253890e-03 -9.819222811626742153e-01 -3.765165516504134757e+01
-9.825621327376230507e-01 5.805869551204509080e-03 -1.858438785347760469e-01 -2.237655859717431213e+02 5.373395512187913170e-03 9.999815567204292099e-01 2.830695966844330551e-03 8.427925418199133656e-01 1.858568856156903315e-01 1.782722003427991003e-03 -9.825752083029040129e-01 -3.829554523230792284e+01
-9.833561922105640285e-01 5.851499549159664380e-03 -1.815939404114766120e-01 -2.238871623659036061e+02 5.444117338589832440e-03 9.999814220368118400e-01 2.741745363667279743e-03 8.482068263014567178e-01 1.816066100876958800e-01 1.707493561249855000e-03 -9.833697797055767076e-01 -3.893907046654543791e+01
-9.841598466052758898e-01 5.865656916038382643e-03 -1.771863154953652875e-01 -2.240077808775794210e+02 5.446047501364749063e-03 9.999810962382472690e-01 2.854423368392528318e-03 8.433314321516810486e-01 1.771997090756434190e-01 1.844243773604145771e-03 -9.841731869282006606e-01 -3.957213301334170552e+01
-9.847953238254019137e-01 5.634702114260872578e-03 -1.736272452805315281e-01 -2.241222863258053621e+02 5.246449317311556622e-03 9.999826057222063191e-01 2.694999552377784144e-03 8.498087581702967741e-01 1.736394106796702586e-01 1.743096414424461513e-03 -9.848077562010300046e-01 -4.020541072318302867e+01
-9.854003769691594972e-01 5.697110018266348525e-03 -1.701576915877691942e-01 -2.242221223323137167e+02 5.309747437096282857e-03 9.999821726567854618e-01 2.731474101864376971e-03 8.493423485574085330e-01 1.701702196366710329e-01 1.788101242848276051e-03 -9.854130601137540690e-01 -4.083968168234451213e+01
-9.859690273132577509e-01 5.748366739290047128e-03 -1.668293543078657737e-01 -2.243353691283441265e+02 5.379867883057184649e-03 9.999819887303957877e-01 2.660683439174990270e-03 8.542279148089082508e-01 1.668416440835729930e-01 1.725831577319803011e-03 -9.859821942128861316e-01 -4.147767451604739364e+01
-9.864198370527081927e-01 5.650391819764285367e-03 -1.641462096461317188e-01 -2.244478849664859297e+02 5.292265076225420931e-03 9.999825662465143816e-01 2.618994730508636577e-03 8.575148491339457113e-01 1.641581463079783976e-01 1.714723102605231414e-03 -9.864325434237304346e-01 -4.210787582930593231e+01
-9.868778784655691805e-01 5.746802161423604158e-03 -1.613661279829647910e-01 -2.245471503542054563e+02 5.413728497678280127e-03 9.999822113775318488e-01 2.503691725161007360e-03 8.648577139928376178e-01 1.613776457228526251e-01 1.597245572437318859e-03 -9.868914348941988379e-01 -4.273776249027792318e+01
-9.873376249495409152e-01 5.635516506573176772e-03 -1.585328209321485438e-01 -2.246485232717918450e+02 5.321012678655152005e-03 9.999829434675163720e-01 2.408235477601527660e-03 8.706958783199830743e-01 1.585436885627243275e-01 1.534186346611385310e-03 -9.873507710480509125e-01 -4.336811218071187568e+01
-9.878555438792879784e-01 5.640697067471267361e-03 -1.552726858257746090e-01 -2.247486933751617642e+02 5.311724655149269343e-03 9.999826833394601655e-01 2.533496082671220229e-03 8.637388716548107803e-01 1.552842877053070281e-01 1.677962397091209597e-03 -9.878683993498575955e-01 -4.400659919508829176e+01
-9.882426224582185892e-01 5.578275636642531822e-03 -1.527920220359194337e-01 -2.248443945836711464e+02 5.268883580747531041e-03 9.999831674487517086e-01 2.429749981839608025e-03 8.692830816121471793e-01 1.528030039715050081e-01 1.596139117796712163e-03 -9.882553790985411091e-01 -4.464114439468535522e+01
-9.887127784265372643e-01 5.657946311681478872e-03 -1.497164968185265843e-01 -2.249431635915983634e+02 5.366815685314226848e-03 9.999828407590365398e-01 2.348505245306412199e-03 8.752501514960862039e-01 1.497272155136721017e-01 1.518496302760232288e-03 -9.887261780207405870e-01 -4.527643824679228146e+01
-9.891818297574241914e-01 5.642111016564989832e-03 -1.465860643479841852e-01 -2.250385396162262737e+02 5.329201597693357904e-03 9.999826060910689263e-01 2.527276329404910642e-03 8.669452857567727655e-01 1.465977738169504108e-01 1.718749135500517375e-03 -9.891946919658050064e-01 -4.590258474362606478e+01
-9.895577086742619599e-01 5.574641586842985636e-03 -1.440293878849840670e-01 -2.251372077942315286e+02 5.292234764845955494e-03 9.999832492792393168e-01 2.343802920142688036e-03 8.762118562191812954e-01 1.440400411501562561e-01 1.557090913516046568e-03 -9.895706351814146373e-01 -4.653659299472606392e+01
-9.899694846135369541e-01 5.576875362008141580e-03 -1.411712364301077605e-01 -2.252175946333545937e+02 5.283962816034277164e-03 9.999830393544781870e-01 2.449640859146777483e-03 8.713960371171614039e-01 1.411825034165619663e-01 1.679126134827523464e-03 -9.899821620940734146e-01 -4.717143741154325909e+01
-9.903488352975917675e-01 5.485879139729130972e-03 -1.384885899804280951e-01 -2.253119550828243405e+02 5.215908827558125328e-03 9.999837237587898553e-01 2.312252712599933806e-03 8.785029264564586660e-01 1.384990206456545303e-01 1.567592921842049557e-03 -9.903613299864981734e-01 -4.780085184817460942e+01
-9.906917737035167981e-01 5.515391067701850766e-03 -1.360124625817435984e-01 -2.254030246969093412e+02 5.253794079852712115e-03 9.999835944311779024e-01 2.282217401550483415e-03 8.815449730918073490e-01 1.360228185413991375e-01 1.546392534820926427e-03 -9.907044975703813705e-01 -4.843102655938255197e+01
-9.910400964711978400e-01 5.534224825646948294e-03 -1.334499889169655784e-01 -2.254885766241000056e+02 5.270477277273912138e-03 9.999833974915002255e-01 2.329551593345424026e-03 8.804893705118000957e-01 1.334606655746508053e-01 1.605333901564358996e-03 -9.910528107257634556e-01 -4.906384687702180258e+01
-9.913550797870898101e-01 5.463141465135146896e-03 -1.310925622057392825e-01 -2.255718755389831927e+02 5.185162125446641027e-03 9.999835268508032726e-01 2.461731252937795697e-03 8.744257014079520607e-01 1.311038514844874436e-01 1.760713594193562964e-03 -9.913670763211643866e-01 -4.969115537585191333e+01
-9.915915406441813129e-01 5.423399395892243222e-03 -1.292934772596510129e-01 -2.256514666520588435e+02 5.158896531776259800e-03 9.999838591781897712e-01 2.380581792095538135e-03 8.795184694326002584e-01 1.293043012025264504e-01 1.693553095437394301e-03 -9.916035142981491912e-01 -5.032716642693524989e+01
-9.918816037912498995e-01 5.385817485187598640e-03 -1.270506868557384206e-01 -2.257334659273537909e+02 5.127514495909227428e-03 9.999840692821858612e-01 2.360037485859339465e-03 8.807833375000694298e-01 1.270613735782550602e-01 1.689423527913607587e-03 -9.918934182625425144e-01 -5.096274307987912522e+01
-9.920360711085427496e-01 5.356224686620216120e-03 -1.258401544684105977e-01 -2.258062866989808981e+02 5.119888929053796091e-03 9.999844701235252042e-01 2.201419797933828852e-03 8.900668056734973854e-01 1.258499914854234458e-01 1.539600233509602189e-03 -9.920480881863744660e-01 -5.160025037541616655e+01
-9.921800945138157246e-01 5.321246877702125351e-03 -1.247010199726664437e-01 -2.258828519679555882e+02 5.079436340004011598e-03 9.999845525402727420e-01 2.256990761702569025e-03 8.878145986065351103e-01 1.247111036637261750e-01 1.605930414778134786e-03 -9.921917967865283572e-01 -5.222707443261893445e+01
-9.923407573971332329e-01 5.594326531952928915e-03 -1.234039088486985208e-01 -2.259660606901271365e+02 5.320933105385107671e-03 9.999826054297508149e-01 2.544898586436037183e-03 8.753584121691428965e-01 1.234159992844202497e-01 1.868782646835864640e-03 -9.923532630933638021e-01 -5.286156459790667839e+01
-9.925081811558473799e-01 5.619817588391843102e-03 -1.220488754105690382e-01 -2.260502724297890040e+02 5.356655316760289970e-03 9.999825673130192660e-01 2.484212929733597801e-03 8.807073690738089766e-01 1.220607085942434916e-01 1.811827899121093563e-03 -9.925209824971636952e-01 -5.348783538545371385e+01
-9.925791115538933340e-01 5.228767975953819112e-03 -1.214881364263084573e-01 -2.261254659291762152e+02 4.986083338570726671e-03 9.999849208834934444e-01 2.301516581330753045e-03 8.880906334606987196e-01 1.214983385887417056e-01 1.678687310654609129e-03 -9.925902154107144604e-01 -5.412702395380732412e+01
-9.926859481633518723e-01 5.529121461099495080e-03 -1.205986614141968116e-01 -2.262017234609148488e+02 5.295890495513867063e-03 9.999834355465792024e-01 2.254368275136801013e-03 8.937110185318273281e-01 1.206091284392984964e-01 1.599202403958414767e-03 -9.926987864849965426e-01 -5.475979924179796399e+01
-9.927349105150156117e-01 5.711265166927876995e-03 -1.201864339055708220e-01 -2.262745957531837462e+02 5.477095067553772005e-03 9.999824044679106461e-01 2.278636477585381948e-03 8.944828905470989522e-01 1.201973330584588662e-01 1.603809455340894207e-03 -9.927487239583165923e-01 -5.539696536769415758e+01
-9.928096800440715519e-01 5.395333731201839081e-03 -1.195818948868022369e-01 -2.263637075970243302e+02 5.146186863782631002e-03 9.999838969621664964e-01 2.392190862424423310e-03 8.899814705533471981e-01 1.195928759230761862e-01 1.759599468115245063e-03 -9.928214581878054279e-01 -5.602511492282169314e+01
-9.927736711093493316e-01 5.304809597998355435e-03 -1.198845150434174750e-01 -2.264270516534128035e+02 5.060366502967961720e-03 9.999844506365528352e-01 2.343325834649081889e-03 8.940129956390369115e-01 1.198950818129002477e-01 1.719732607319679647e-03 -9.927850783915106447e-01 -5.665815404488462548e+01
-9.927537194629834083e-01 5.486899270373236763e-03 -1.200414362993424827e-01 -2.264957179752818774e+02 5.256556258674396041e-03 9.999836856060900780e-01 2.235427914262921780e-03 9.018635063695340515e-01 1.200517434638569275e-01 1.588224813196321972e-03 -9.927663654824487871e-01 -5.728763330625787376e+01
-9.927228765444271463e-01 5.330428441062630765e-03 -1.203032706038905109e-01 -2.265652594118623142e+02 5.097833197742214495e-03 9.999844946915648070e-01 2.241087491352992695e-03 9.009500119770367244e-01 1.203133512210768363e-01 1.611492814322198607e-03 -9.927346577051006093e-01 -5.791888904155932494e+01
-9.927464889491524058e-01 5.316873747698797580e-03 -1.201088653375851079e-01 -2.266517096416683898e+02 5.087793658789815411e-03 9.999846065008314300e-01 2.213846666509355736e-03 9.030378355937924706e-01 1.201187871850890043e-01 1.586699381819941992e-03 -9.927582582634384423e-01 -5.855086842759499888e+01
-9.927244940343229462e-01 5.316890775580875896e-03 -1.202905217246096892e-01 -2.267262344368716924e+02 5.096010442650701459e-03 9.999847173485351126e-01 2.143769329628549946e-03 9.093367766591500256e-01 1.203000815538653179e-01 1.515170568221289177e-03 -9.927364175027948434e-01 -5.917865759627454736e+01
-9.927426840058122259e-01 5.366815750727687954e-03 -1.201380898867417946e-01 -2.268100711369793032e+02 5.125430151278190759e-03 9.999841779588347634e-01 2.318145327150430198e-03 9.031965329151049326e-01 1.201486301157923264e-01 1.685562425768372856e-03 -9.927544840294646455e-01 -5.980917076857056003e+01
-9.927022311117821296e-01 5.424804885781469091e-03 -1.204692983197028777e-01 -2.268800168213804795e+02 5.203929886801102536e-03 9.999841525139875342e-01 2.147983848951019736e-03 9.109270867049905629e-01 1.204790415774611989e-01 1.505394577277890380e-03 -9.927147295813352201e-01 -6.044210230079202972e+01
-9.926641867193835012e-01 5.400745910926600842e-03 -1.207834605744950579e-01 -2.269498223687740222e+02 5.191385847922300699e-03 9.999844275769992352e-01 2.047954218035392092e-03 9.178599452947303616e-01 1.207926401637243047e-01 1.405897260395118798e-03 -9.926767658886603840e-01 -6.107696744125864541e+01
-9.926281014779616552e-01 5.459315863748600596e-03 -1.210770334396972375e-01 -2.270239791552202178e+02 5.224278077312364578e-03 9.999838027355161252e-01 2.258580347744855096e-03 9.124990227567887358e-01 1.210874026264856934e-01 1.609390231152383298e-03 -9.926405446022521506e-01 -6.171333459533699539e+01
-9.925905941808863542e-01 5.377631467276075376e-03 -1.213877811949718305e-01 -2.270959545917766604e+02 5.163226188554854816e-03 9.999845056541748489e-01 2.080756329178948868e-03 9.208748725529538603e-01 1.213970899114225760e-01 1.438586590288926407e-03 -9.926029805665814720e-01 -6.233963072798270133e+01
-9.925763915566239159e-01 5.557019298011118234e-03 -1.214957878321448054e-01 -2.271760645327806856e+02 5.339181027952276913e-03 9.999835025246393005e-01 2.118448608155108076e-03 9.192907323431275257e-01 1.215055557181759921e-01 1.454034069811246293e-03 -9.925896864840684231e-01 -6.298072171854654755e+01
-9.925920834249621905e-01 5.431647641346030488e-03 -1.213731977250051969e-01 -2.272494042510306826e+02 5.200882953409713579e-03 9.999840155217833981e-01 2.217998519971823949e-03 9.170336817849394917e-01 1.213833050241995976e-01 1.570319976923509027e-03 -9.926044667220534912e-01 -6.359960760856684203e+01
-9.926459494365045266e-01 5.426799274745455065e-03 -1.209320839022152289e-01 -2.273236625805752738e+02 5.204050829747956103e-03 9.999841310022037355e-01 2.157683648945659446e-03 9.225607424578322613e-01 1.209418741473035214e-01 1.512479222716812824e-03 -9.926584384793890603e-01 -6.423856547126476357e+01
-9.927787685326119327e-01 5.487362654553710681e-03 -1.198340752956712496e-01 -2.273986961241642746e+02 5.262595239418821694e-03 9.999837499016991371e-01 2.192036469153183821e-03 9.205622731211965393e-01 1.198441564792261382e-01 1.545569032253316013e-03 -9.927915135486151677e-01 -6.487579552337317068e+01
-9.929536031270216334e-01 5.276098199628681540e-03 -1.183862526852408337e-01 -2.274847821197206770e+02 5.045793553415384505e-03 9.999847498224698761e-01 2.245014456215680288e-03 9.176832417501310513e-01 1.183962921906008270e-01 1.631842602759417567e-03 -9.929650825105778011e-01 -6.550899725189437106e+01
-9.930593707916870461e-01 5.338152730692657076e-03 -1.174929368440623401e-01 -2.275472699846499722e+02 5.134822022323602859e-03 9.999847497070588620e-01 2.033213247540406436e-03 9.293842657332668233e-01 1.175019986452063847e-01 1.415796148713430657e-03 -9.930716368095744429e-01 -6.614336739955575695e+01
-9.931871245144872073e-01 5.217789346596269501e-03 -1.164135317434344813e-01 -2.276269686976289677e+02 5.013705439218004226e-03 9.999853385109128689e-01 2.045854585187127216e-03 9.309529418132082013e-01 1.164224997859685112e-01 1.448253275336145850e-03 -9.931987233711274676e-01 -6.678690072636395314e+01
-9.933497466680643040e-01 5.064001721266336853e-03 -1.150245046981711178e-01 -2.277046943755276516e+02 4.839816407413368923e-03 9.999858055146282343e-01 2.228215968558273051e-03 9.219213946335187426e-01 1.150341556740219345e-01 1.656700282796291258e-03 -9.933601554182338589e-01 -6.739988366796605135e+01
-9.934453720063924909e-01 5.117684081634768338e-03 -1.141932666522918055e-01 -2.277792357374817982e+02 4.918239759861422512e-03 9.999858485193846569e-01 2.028220557703819607e-03 9.316230465094890167e-01 1.142020304405545889e-01 1.453296462101324625e-03 -9.934564832807970536e-01 -6.802761750145698727e+01
-9.935046125327815503e-01 5.067347112672377328e-03 -1.136789640581209460e-01 -2.278366886030160572e+02 4.864860572872058316e-03 9.999860476333892745e-01 2.058560215158299241e-03 9.312122137599387894e-01 1.136878094067010347e-01 1.492156758724952565e-03 -9.935154027293753298e-01 -6.865104152729992393e+01
-9.935899483313939129e-01 5.102285190731304688e-03 -1.129290983788079489e-01 -2.279112048203386678e+02 4.877712377743168536e-03 9.999855391247862713e-01 2.264831841539057325e-03 9.241166669378715337e-01 1.129390211431728769e-01 1.699478491444400075e-03 -9.936004676307672590e-01 -6.927946155571247289e+01
-9.936844745781381327e-01 5.183036991832620614e-03 -1.120905933159005718e-01 -2.279816647443198008e+02 4.965774334312433695e-03 9.999852120453612825e-01 2.217380403646968846e-03 9.279914195499643359e-01 1.121004284899482506e-01 1.646759889931846558e-03 -9.936955178092707897e-01 -6.990383861104113805e+01
-9.937509920574028044e-01 5.086357130182651669e-03 -1.115037880794719494e-01 -2.280434975744668407e+02 4.877705168237368889e-03 9.999858055954561342e-01 2.143968259644230597e-03 9.318223162328389542e-01 1.115131103378401156e-01 1.586687981567753113e-03 -9.937616961042670116e-01 -7.054517655870797910e+01
-9.937994868683119876e-01 5.141561575333065265e-03 -1.110681963698279262e-01 -2.281117419027611675e+02 4.936943955091100886e-03 9.999855718927810333e-01 2.117212944389846533e-03 9.333051450525738924e-01 1.110774796467037528e-01 1.555747677054684355e-03 -9.938105318241003960e-01 -7.117473588624524439e+01
-9.938135312840252755e-01 5.067747233046046920e-03 -1.109458560504073127e-01 -2.281782964868309023e+02 4.856003754963237121e-03 9.999858362354060448e-01 2.178659245361040837e-03 9.325178413342649630e-01 1.109553255337819705e-01 1.626427544518456968e-03 -9.938240641427107391e-01 -7.179332584440953724e+01
-9.937905002410134525e-01 5.156872612353747415e-03 -1.111478668062397396e-01 -2.282402751820923470e+02 4.947309316301844520e-03 9.999854266501690958e-01 2.161161217508995175e-03 9.344559281083458790e-01 1.111573918425872581e-01 1.597858610512154463e-03 -9.938015300283129516e-01 -7.242529212100455993e+01
-9.937839624640427694e-01 5.157223148362016091e-03 -1.112062902837048645e-01 -2.283096873775662345e+02 4.953485921206016510e-03 9.999855089698632682e-01 2.108275957248976432e-03 9.389771567287478193e-01 1.112155516395708227e-01 1.544312041492679460e-03 -9.937951077429514335e-01 -7.306243300280648612e+01
-9.937768931640726944e-01 5.121033956543275673e-03 -1.112711176558388859e-01 -2.283836276808154366e+02 4.920831106287975459e-03 9.999857423109103083e-01 2.073787867890680876e-03 9.416528611603284249e-01 1.112801511249288389e-01 1.513336087441465635e-03 -9.937879239452951374e-01 -7.368375920221585318e+01
-9.937642144619827089e-01 5.248179566459568006e-03 -1.113783761149264168e-01 -2.284532031298136019e+02 5.031006757335428937e-03 9.999848560818579424e-01 2.230824500844508836e-03 9.387559794423501192e-01 1.113883971774774356e-01 1.656568194829044580e-03 -9.937755686049289938e-01 -7.431268641785740670e+01
-9.937268196401083387e-01 5.265814468310496023e-03 -1.117106938745891370e-01 -2.285163368744730406e+02 5.077470371326627159e-03 9.999851682440012990e-01 1.970428035895956543e-03 9.486041016309088025e-01 1.117194129172953271e-01 1.390859447132027950e-03 -9.937388179433337410e-01 -7.493543019066237321e+01
-9.936784424119859960e-01 5.294227507903779238e-03 -1.121388614209341272e-01 -2.285702575511139685e+02 5.114724836252314104e-03 9.999851367584944306e-01 1.888346351883974164e-03 9.530383533917364813e-01 1.121471920091552665e-01 1.302849642055715473e-03 -9.936907516462409884e-01 -7.556140709835166547e+01
-9.936860269920202438e-01 5.202926646122910462e-03 -1.120759087187313124e-01 -2.286446446553383680e+02 5.011421432271269405e-03 9.999854619528535382e-01 1.990361315504113673e-03 9.502580107450636637e-01 1.120846350578102307e-01 1.416134616887564568e-03 -9.936976547958160655e-01 -7.618982083911993186e+01
-9.936232679635170761e-01 4.998975970631459875e-03 -1.126401864378213796e-01 -2.287042931583451377e+02 4.772295327487774061e-03 9.999860087905493300e-01 2.281977312493920634e-03 9.388135887771130728e-01 1.126500180151310399e-01 1.729873519234245488e-03 -9.936332225619268765e-01 -7.681519902631144703e+01
-9.936102773569648328e-01 5.148497514221863150e-03 -1.127479920174262185e-01 -2.287732744884287683e+02 4.932077536435696200e-03 9.999854208284135737e-01 2.198349789067239116e-03 9.428703409532763757e-01 1.127576664435289699e-01 1.628221104935345578e-03 -9.936211841311775039e-01 -7.744308701900705216e+01
-9.935286997846963786e-01 5.131436665316517660e-03 -1.134653738454212690e-01 -2.288244280420321104e+02 4.930860552611589752e-03 9.999857454224566622e-01 2.048308107770816129e-03 9.490874422095422203e-01 1.134742672077773962e-01 1.475570955090275797e-03 -9.935398398514350138e-01 -7.805718282449915080e+01
-9.934648607465623726e-01 5.164480027019586160e-03 -1.140214830979846550e-01 -2.288953250042254126e+02 4.941417452454621544e-03 9.999852848160969421e-01 2.238871329479087159e-03 9.444671363633420080e-01 1.140313678571561462e-01 1.660812247035271154e-03 -9.934757615801736996e-01 -7.867703086571842164e+01
-9.933846479661678774e-01 5.299776661316535353e-03 -1.147120462395879309e-01 -2.289529097167614395e+02 5.114052720833664467e-03 9.999850928022452345e-01 1.913279397645991590e-03 9.577480495103436464e-01 1.147204761579280058e-01 1.313978928707523145e-03 -9.933969427220286086e-01 -7.930069520034058428e+01
-9.933005120662330434e-01 5.445158641767928152e-03 -1.154315510435729442e-01 -2.290339281486869254e+02 5.277599196342357309e-03 9.999845295371889708e-01 1.757166187257522098e-03 9.675618834479299268e-01 1.154393333127048671e-01 1.136192612568254646e-03 -9.933138826124727760e-01 -7.991975660947737481e+01
-9.932112376074688775e-01 5.463123890860766517e-03 -1.161963500614069944e-01 -2.290976514875006558e+02 5.294224608688768811e-03 9.999844328843294772e-01 1.762150617496480252e-03 9.678403969237033833e-01 1.162041680665228394e-01 1.135018219719529254e-03 -9.932246991781912282e-01 -8.054650794149786464e+01
-9.931317126904906090e-01 5.435548949222873162e-03 -1.168753868702608334e-01 -2.291777189363928073e+02 5.272477448515915620e-03 9.999846479046297087e-01 1.704387458512038583e-03 9.724791645182794264e-01 1.168828568696343440e-01 1.076458394200229939e-03 -9.931451248469771453e-01 -8.117163078675170595e+01
-9.930667367935630541e-01 5.434447237120383460e-03 -1.174262451814379743e-01 -2.292506447210747638e+02 5.270689267644435537e-03 9.999846562012587592e-01 1.705050349466865657e-03 9.733808088064590525e-01 1.174337094229257888e-01 1.074311536396195359e-03 -9.930801426601454374e-01 -8.179352879456450864e+01
-9.929894465772808321e-01 5.274767034760930763e-03 -1.180852904424367772e-01 -2.293187431289002234e+02 5.088508341648070345e-03 9.999852885567576122e-01 1.878763666641741683e-03 9.650218908020126163e-01 1.180934632780435839e-01 1.264714508145811135e-03 -9.930016789654538822e-01 -8.242182364603090150e+01
-9.928998770819634778e-01 5.203425463554431189e-03 -1.188392126112749192e-01 -2.293926082400369921e+02 5.023707507027733686e-03 9.999857397730431696e-01 1.811798400306535413e-03 9.660023568045043030e-01 1.188469454950626947e-01 1.201920964437129752e-03 -9.929118585919345374e-01 -8.304644825833184996e+01
-9.928350685792124430e-01 5.329592402362809053e-03 -1.193738750486675188e-01 -2.294662063747204002e+02 5.154117897932681061e-03 9.999851356283181447e-01 1.778648674800285606e-03 9.704733831470128136e-01 1.193815801034833896e-01 1.150637753089750427e-03 -9.928477800573241030e-01 -8.366770795165297159e+01
-9.926985590453409891e-01 5.533693035685424352e-03 -1.204946019981411598e-01 -2.295339038762751045e+02 5.364693665841866257e-03 9.999841188222813315e-01 1.726894639854536844e-03 9.770045073682700476e-01 1.205022445067946146e-01 1.067869192499157393e-03 -9.927124803910811757e-01 -8.429290043515101161e+01
-9.925804655253949171e-01 5.251622056055515325e-03 -1.214760878657663717e-01 -2.296135985593969622e+02 5.065879707432861118e-03 9.999854795139507813e-01 1.837831342560649174e-03 9.708540966487753110e-01 1.214839755695411166e-01 1.208812241098493031e-03 -9.925926568601974864e-01 -8.491882027392693999e+01
-9.925233465764924379e-01 5.202713963381376712e-03 -1.219439964410541782e-01 -2.296904403196549254e+02 5.005353445454197546e-03 9.999856208265077706e-01 1.924727801485060169e-03 9.682537039597994832e-01 1.219522567953815056e-01 1.299964476040081076e-03 -9.925351163333593352e-01 -8.555501029092256715e+01
-9.924718003373602659e-01 5.178287686998521606e-03 -1.223638462608523658e-01 -2.297573316581029985e+02 4.959277594334105151e-03 9.999855095822482998e-01 2.094323583772340729e-03 9.622999790417795518e-01 1.223729181676287692e-01 1.471720816557539396e-03 -9.924830995724698290e-01 -8.616622722688822478e+01
-9.924213941135142658e-01 5.126847335803709840e-03 -1.227741501383095013e-01 -2.298298632747094530e+02 4.902619677312369806e-03 9.999857170676862417e-01 2.128375184264489576e-03 9.609873219104085873e-01 1.227833084180762202e-01 1.510330103230993464e-03 -9.924323544085467130e-01 -8.678662390743866695e+01
-9.924095332912723499e-01 5.000513667654142742e-03 -1.228751931663146363e-01 -2.299094601907914921e+02 4.785116119371084047e-03 9.999864540434380000e-01 2.048021815135588498e-03 9.632595936744828835e-01 1.228837698653636873e-01 1.444504306238085772e-03 -9.924200181933988674e-01 -8.740528854039621365e+01
-9.923317279049490569e-01 5.376199789165103833e-03 -1.234861865513909029e-01 -2.299808275242897082e+02 5.179684448734686066e-03 9.999847567180565333e-01 1.912380856642371171e-03 9.735571017349013978e-01 1.234945855581914553e-01 1.258096719770481278e-03 -9.923444485310803920e-01 -8.803126072321909135e+01
-9.922372437844297899e-01 5.281472258398368404e-03 -1.242471653514151675e-01 -2.300637220694269445e+02 5.060988972698170045e-03 9.999850087846843261e-01 2.090118779632794705e-03 9.669874934838097458e-01 1.242563416397584053e-01 1.445080163352401763e-03 -9.922490984151233206e-01 -8.865802037294101012e+01
-9.921237563116762637e-01 5.149768971089095301e-03 -1.251556312818319361e-01 -2.301383073233317589e+02 4.915588966028982751e-03 9.999855424902015510e-01 2.179861393359740999e-03 9.655144490789701051e-01 1.251650476256311317e-01 1.547478633653506103e-03 -9.921347268202800329e-01 -8.928477461623249667e+01
-9.920621261201310048e-01 5.320796643469825199e-03 -1.256360897237895069e-01 -2.302132208958663000e+02 5.093557233124993561e-03 9.999847595176759585e-01 2.129884289955017752e-03 9.699663748982458866e-01 1.256455076503657786e-01 1.473042923528491673e-03 -9.920741083970627816e-01 -8.990331186647570405e+01
-9.920151294283003907e-01 5.288563270119987607e-03 -1.260079921429189120e-01 -2.302976712197823588e+02 5.058080937882953980e-03 9.999848987040721449e-01 2.148995354208174842e-03 9.689825593350818167e-01 1.260174543568381988e-01 1.494477281366636285e-03 -9.920268986953313384e-01 -9.052594135348310544e+01
-9.919373620899423205e-01 5.248197642383226925e-03 -1.266204016403109367e-01 -2.303732696269739790e+02 5.031308170350527915e-03 9.999852769817514364e-01 2.032672581829435884e-03 9.740841952325789421e-01 1.266292052732786166e-01 1.379217617506480918e-03 -9.919491630777363955e-01 -9.114923520662848944e+01
-9.918727618934475299e-01 5.204355116388074444e-03 -1.271272547555670207e-01 -2.304508897640506859e+02 4.975350389476274927e-03 9.999853780596439368e-01 2.118857100614793872e-03 9.725909453628422963e-01 1.271364231932228250e-01 1.469134007983177899e-03 -9.918841522793377941e-01 -9.177295592962779835e+01
-9.917804769473628212e-01 5.156510409900651182e-03 -1.278471585388369081e-01 -2.305388058349674623e+02 4.946663825107690954e-03 9.999858466206652530e-01 1.958845413158949618e-03 9.801266497640689357e-01 1.278554498762695946e-01 1.310327723842064649e-03 -9.917919474255643131e-01 -9.239296179248509588e+01
-9.916702760697160279e-01 5.161587185228118033e-03 -1.286989571734879767e-01 -2.306136394175495639e+02 4.937092247714299290e-03 9.999856838365043243e-01 2.063308550912547595e-03 9.766256593659650154e-01 1.287077646451509072e-01 1.410723136550309266e-03 -9.916815623879882136e-01 -9.301165813028497098e+01
-9.915766965066796779e-01 5.339791946384490721e-03 -1.294107474936702085e-01 -2.306924127666322022e+02 5.136605200146923157e-03 9.999849952797739139e-01 1.903812577016486627e-03 9.865546288589710500e-01 1.294189716846759763e-01 1.223044267354988796e-03 -9.915892465788453958e-01 -9.363528345849027801e+01
-9.915053284930033239e-01 5.456896760649213030e-03 -1.299515519250329654e-01 -2.307705024708568544e+02 5.246573286615187348e-03 9.999843142914325300e-01 1.960775316449680367e-03 9.882773921814250739e-01 1.299602132913342534e-01 1.262318833353348905e-03 -9.915184060381498909e-01 -9.424523801769478837e+01
-9.914575431378991333e-01 5.293543040527318860e-03 -1.303223639942091838e-01 -2.308518894432307889e+02 5.075765391591765402e-03 9.999851118393856542e-01 2.003173797000518553e-03 9.848772424308696039e-01 1.303310276206344487e-01 1.324576026340118940e-03 -9.914696509413185588e-01 -9.486887825077184289e+01
-9.914489531949814971e-01 5.465854945242478932e-03 -1.303805876589517188e-01 -2.309341546880635008e+02 5.268694606490504501e-03 9.999843959234869795e-01 1.857085534450929765e-03 9.920460802149098090e-01 1.303887037504383173e-01 1.154270010135135128e-03 -9.914622804701269665e-01 -9.549350293915152577e+01
-9.914827054037480547e-01 5.371248850917282290e-03 -1.301276087963129102e-01 -2.310075129884550620e+02 5.181379571997621857e-03 9.999849608231017317e-01 1.797618800126302412e-03 9.959876453769855864e-01 1.301353072420994295e-01 1.108067417263751669e-03 -9.914956247990223126e-01 -9.611046914228106175e+01
-9.915945677776876188e-01 5.218292772546714343e-03 -1.292787011627236082e-01 -2.310911064859076873e+02 5.018775788434488329e-03 9.999856591857532173e-01 1.869040507836020612e-03 9.937880898064880286e-01 1.292866004014577852e-01 1.204509599170913931e-03 -9.916065369456068535e-01 -9.673576352453369509e+01
-9.917672701435076288e-01 5.114377325638563669e-03 -1.279512603168355411e-01 -2.311743930950418360e+02 4.912099398390224088e-03 9.999861373735400294e-01 1.896401921483527970e-03 9.920167156526166208e-01 1.279591854912962290e-01 1.252280047939021606e-03 -9.917786439740907678e-01 -9.734828898175372558e+01
-9.919442722485514174e-01 4.835659189446343126e-03 -1.265826889961515211e-01 -2.312617952639790531e+02 4.641120044322714217e-03 9.999875522895128599e-01 1.831739818577652907e-03 9.952764969825081964e-01 1.265899710009726065e-01 1.229498366123395366e-03 -9.919543676882227601e-01 -9.797332566576163515e+01
-9.920578789618845761e-01 5.080883750841630637e-03 -1.256795504843905287e-01 -2.313423957268383617e+02 4.876637731185333273e-03 9.999862413492178748e-01 1.932748484021607274e-03 9.932609961456635439e-01 1.256876413737118836e-01 1.304504723694682039e-03 -9.920690072133793169e-01 -9.859268344661062144e+01
-9.921484336665691295e-01 5.159330114801514815e-03 -1.249594609693064906e-01 -2.314281664628856561e+02 4.966929543500911946e-03 9.999859512166197062e-01 1.851210496422728063e-03 9.971552811541463113e-01 1.249672564469710423e-01 1.216010755984524338e-03 -9.921601212173154494e-01 -9.922345825291236565e+01
-9.921688578618086396e-01 5.245558833628397206e-03 -1.247935959964196206e-01 -2.314971764014071312e+02 5.063418429863279606e-03 9.999856025123784464e-01 1.776671539559625560e-03 1.003819253232342446e+00 1.248011189172548163e-01 1.130875978303271011e-03 -9.921811335822321443e-01 -9.983973516283781180e+01
-9.922608703242121742e-01 4.709163311231743219e-03 -1.240813805707609435e-01 -2.315839161305027858e+02 4.487580341511763875e-03 9.999877981679636818e-01 2.065221021195558226e-03 9.887358981035980765e-01 1.240895920136589753e-01 1.492412843706375416e-03 -9.922698956724367303e-01 -1.004522400147452998e+02
-9.922575887600817435e-01 4.986674005679327636e-03 -1.240967792909642570e-01 -2.316542703352652381e+02 4.792308606870416231e-03 9.999867782452613874e-01 1.864701820412896548e-03 1.001694775474277099e+00 1.241044371738807967e-01 1.255554468598448761e-03 -9.922683670543626100e-01 -1.010637758327923876e+02
-9.922767412796416053e-01 4.740890551151252449e-03 -1.239531874226599828e-01 -2.317393241363035656e+02 4.513943904177876096e-03 9.999875824705494187e-01 2.111685378077134134e-03 9.895160528243480691e-01 1.239616594995606169e-01 1.535858550796312611e-03 -9.922858197679873538e-01 -1.016909987024800017e+02
-9.922834847099637479e-01 4.860805519171815074e-03 -1.238945460525036762e-01 -2.318140350843814019e+02 4.650017001802162799e-03 9.999872076055359438e-01 1.990469081801761898e-03 9.970504558038503218e-01 1.239026364276972075e-01 1.398997851122991010e-03 -9.922933938565139389e-01 -1.023151849057868361e+02
-9.922492073989024330e-01 5.054624260012946686e-03 -1.241610292718300645e-01 -2.318774783449485426e+02 4.865229409651487640e-03 9.999864928633172001e-01 1.828560558036377215e-03 1.005113998263581054e+00 1.241685948983945742e-01 1.210315873246582902e-03 -9.922603968598393553e-01 -1.029371242791027896e+02
-9.922300436306668026e-01 5.381399087756558348e-03 -1.243003662928771624e-01 -2.319504269504190290e+02 5.210327995912725392e-03 9.999849788891580493e-01 1.701316615202332246e-03 1.014145740582205191e+00 1.243076546269784033e-01 1.040451780933804131e-03 -9.922431780875247131e-01 -1.035602299557161672e+02
-9.922299507759242410e-01 5.432760800420527621e-03 -1.242988732583399369e-01 -2.320309730985607928e+02 5.229435156954538068e-03 9.999844016685123238e-01 1.961995822270403041e-03 1.005289391068262539e+00 1.243075934573051322e-01 1.296738120366931236e-03 -9.922428839145691626e-01 -1.041775102494562191e+02
-9.922131114170051891e-01 5.040011578012658193e-03 -1.244497481535416367e-01 -2.320991314568240966e+02 4.841087182643926019e-03 9.999864753385555582e-01 1.900793219271341766e-03 1.007002014754193597e+00 1.244576450326635580e-01 1.283519873584188170e-03 -9.922240912060431572e-01 -1.047884647503009603e+02
-9.922072777427646262e-01 5.406507377505095392e-03 -1.244808727165337137e-01 -2.321743331339685881e+02 5.196237076630471317e-03 9.999844717508398206e-01 2.013796771595215661e-03 1.004590272901666026e+00 1.244898273536289290e-01 1.351271686530685408e-03 -9.922199639950273209e-01 -1.054016947954008856e+02
-9.922087829608214893e-01 5.159026423228904763e-03 -1.244793776565852744e-01 -2.322514068701037502e+02 4.945764212190618438e-03 9.999857249616468380e-01 2.022199121483916808e-03 1.003577800753754357e+00 1.244880332873958134e-01 1.390798078062298760e-03 -9.922201344706442772e-01 -1.060222482208321821e+02
-9.922121592211592400e-01 5.348327547434179527e-03 -1.244444714968499788e-01 -2.323317928826329251e+02 5.155135526347078695e-03 9.999849554847595190e-01 1.874401730817287478e-03 1.012172479121502766e+00 1.244526242045138342e-01 1.218276072511201161e-03 -9.922248032235543302e-01 -1.066471263346023335e+02
-9.922136528941358780e-01 5.301733246985022158e-03 -1.244345556308739248e-01 -2.324096093764815123e+02 5.089515260849143685e-03 9.999850014533812059e-01 2.023290065912445278e-03 1.006318975723669018e+00 1.244434162376010372e-01 1.374224457303089555e-03 -9.922257543836765503e-01 -1.072637049216628213e+02
-9.921980689303131484e-01 5.376189792506981882e-03 -1.245555642846723349e-01 -2.324810918778388498e+02 5.154977038237669798e-03 9.999845116669928702e-01 2.098246377595256069e-03 1.004721940519915924e+00 1.245649156973721999e-01 1.439794930117815116e-03 -9.922104155711459761e-01 -1.078844296990949942e+02
-9.921751976246468985e-01 5.328221897108072029e-03 -1.247396780094771479e-01 -2.325586401807627794e+02 5.118370258765963209e-03 9.999848955410837181e-01 2.002742015841309665e-03 1.010587244277717067e+00 1.247484649379985017e-01 1.348607097346784644e-03 -9.921874831676269491e-01 -1.084969886402832913e+02
-9.921702136867500688e-01 5.132000442151318439e-03 -1.247875380166250381e-01 -2.326334024975453758e+02 4.906411746541498170e-03 9.999857267465432908e-01 2.115047744365679445e-03 1.004516233683963922e+00 1.247966113184259540e-01 1.486228330138211935e-03 -9.921812318970706368e-01 -1.091165688859574772e+02
-9.921789869717694277e-01 4.945025872252487714e-03 -1.247253163186886199e-01 -2.327149947202641727e+02 4.708158046926686977e-03 9.999865101311088411e-01 2.193810295096482437e-03 9.999448784684015212e-01 1.247344822391921321e-01 1.589425974515755414e-03 -9.921888845706714477e-01 -1.097293975237810173e+02
-9.921525077754422828e-01 5.155194969573532668e-03 -1.249272799660951644e-01 -2.327803503533832554e+02 4.924823551577257874e-03 9.999855556606620510e-01 2.152808171378539810e-03 1.005186487379056581e+00 1.249365736199263138e-01 1.520669215381170681e-03 -9.921635652135443184e-01 -1.103331075862124067e+02
-9.921595039607049582e-01 4.972755303280429993e-03 -1.248791031563832032e-01 -2.328597908837222974e+02 4.739493608689642097e-03 9.999864250530767773e-01 2.164927227497163553e-03 1.004405840967957264e+00 1.248881735825377870e-01 1.556089412876036394e-03 -9.921696037900766818e-01 -1.109472547222656118e+02
-9.921904750778445248e-01 5.162012301240597248e-03 -1.246250969660768620e-01 -2.329440482860271402e+02 4.918852615735250580e-03 9.999853513426720797e-01 2.258758291065913592e-03 1.001335161184006228e+00 1.246349311138209431e-01 1.628105977700861377e-03 -9.922013319972813328e-01 -1.115701809184868125e+02
-9.921824983185796309e-01 5.075164151050370193e-03 -1.246921518746958585e-01 -2.330178062998799362e+02 4.840104390578827548e-03 9.999858929362118731e-01 2.187994071133647980e-03 1.006484776320396346e+00 1.247014972636280167e-01 1.567366392044184818e-03 -9.921930658610766951e-01 -1.121851286270679680e+02
-9.921732555337934301e-01 4.872190526316413396e-03 -1.247737663250940987e-01 -2.330908609440809869e+02 4.626393932265612276e-03 9.999867452046903304e-01 2.259622559889130911e-03 1.003671931849763110e+00 1.247831217859907971e-01 1.664684476090460283e-03 -9.921826451530673108e-01 -1.127961720432969344e+02
-9.921872192017804348e-01 4.709398444899401230e-03 -1.246689360623788323e-01 -2.331737540628721774e+02 4.458875180812396470e-03 9.999874406042013053e-01 2.288463672614639895e-03 1.001581273321527910e+00 1.246781475831280350e-01 1.714701182748984681e-03 -9.921957565496306586e-01 -1.134160103339300321e+02
-9.921938620377901419e-01 4.955293206093271292e-03 -1.246065215138286580e-01 -2.332439643520965831e+02 4.720374297566015502e-03 9.999864817340917700e-01 2.180462236287998481e-03 1.010632272702625345e+00 1.246156418794425597e-01 1.575251825787161910e-03 -9.922038401360175897e-01 -1.140228589296963122e+02
-9.921870086429949165e-01 4.918793015514138882e-03 -1.246625258661832047e-01 -2.333171102295449941e+02 4.678239033960426320e-03 9.999865876141060816e-01 2.222312182567021122e-03 1.008828445842132826e+00 1.246717849379216925e-01 1.621748182112777445e-03 -9.921967123374411113e-01 -1.146421065485702258e+02
-9.921925965741436038e-01 4.902523286297927850e-03 -1.246186846700243628e-01 -2.333983240475832588e+02 4.667283085793313795e-03 9.999867328945534206e-01 2.179564973614425347e-03 1.013176606575296512e+00 1.246277167088313681e-01 1.580917551438335358e-03 -9.922023145143534784e-01 -1.152555909332596968e+02
-9.922104433727860773e-01 4.971282395662766918e-03 -1.244737820318905508e-01 -2.334736873828660464e+02 4.741546640871204324e-03 9.999864650352972006e-01 2.141840718322114354e-03 1.016539768725108317e+00 1.244827449787016538e-01 1.534958485690425707e-03 -9.922205854068013586e-01 -1.158674639420246280e+02
-9.922159803056649352e-01 4.783995730424888196e-03 -1.244369792743273001e-01 -2.335557224304341730e+02 4.549438656281745361e-03 9.999872988482537695e-01 2.169043587847423356e-03 1.015331805634088980e+00 1.244457754766340601e-01 1.586041306060192871e-03 -9.922251425150414583e-01 -1.164922079996708391e+02
-9.922457324107052390e-01 4.998145971579212761e-03 -1.241910828102820580e-01 -2.336364168713041636e+02 4.772892684161815675e-03 9.999863810163122091e-01 2.111226497617855677e-03 1.020669266854716373e+00 1.241999436721652611e-01 1.502104771830387563e-03 -9.922560746466033699e-01 -1.171142378826671120e+02
-9.922730577225966631e-01 4.789655162713559074e-03 -1.239807973892344817e-01 -2.337060922968874195e+02 4.549238385202381864e-03 9.999871831009271572e-01 2.222175507776595789e-03 1.015244813311272587e+00 1.239898517942606415e-01 1.640986683386642291e-03 -9.922821291420811374e-01 -1.177199661310918941e+02
-9.922958102231842492e-01 4.690273137654944746e-03 -1.238023681171265544e-01 -2.337823224211421973e+02 4.443712545384425824e-03 9.999875555688615414e-01 2.267625680528952310e-03 1.013686839304125620e+00 1.238114632508973967e-01 1.700013325592999829e-03 -9.923043038918881731e-01 -1.183340844795344680e+02
-9.922830667706001861e-01 4.651201889689773016e-03 -1.239059390074390560e-01 -2.338525425878412705e+02 4.402578645448696100e-03 9.999877087321328295e-01 2.280281984706918758e-03 1.014159395177000933e+00 1.239150220982286749e-01 1.717179559768311015e-03 -9.922913476357415608e-01 -1.189458603124540730e+02
-9.923174024323340170e-01 4.608883244498373187e-03 -1.236322410424759016e-01 -2.339359423382244074e+02 4.371329037345936426e-03 9.999880418123271442e-01 2.192650176083805937e-03 1.020932015164885964e+00 1.236408682935927067e-01 1.635367721953154361e-03 -9.923256830597610989e-01 -1.195630775209272230e+02
-9.923722335745057688e-01 4.801029397906836881e-03 -1.231840092993668062e-01 -2.340162797359948001e+02 4.565488665238352610e-03 9.999871705811983480e-01 2.194307694202706979e-03 1.020847726609169115e+00 1.231929638558697665e-01 1.615174829450789556e-03 -9.923814210608117303e-01 -1.201723568286317345e+02
-9.923844866443312096e-01 4.790352689967990185e-03 -1.230856741817386302e-01 -2.340881267408727240e+02 4.559060970890748202e-03 9.999872731036378859e-01 2.160692901396998357e-03 1.024056242246980553e+00 1.230944581641720548e-01 1.583083022511171199e-03 -9.923936961798038858e-01 -1.207753535425292313e+02
-9.923917589407904583e-01 4.689003095357046659e-03 -1.230309312180294795e-01 -2.341593934953351948e+02 4.459267892342675711e-03 9.999877620412844781e-01 2.142591311395191864e-03 1.026595760438598237e+00 1.230394721878637215e-01 1.577662078861150540e-03 -9.924005236123651930e-01 -1.213942771436894645e+02
-9.924650511817982856e-01 4.632503181368469343e-03 -1.224404430610483568e-01 -2.342386838127398505e+02 4.400896333157257485e-03 9.999879789417969178e-01 2.161962850080603044e-03 1.026697646523582641e+00 1.224489864971369107e-01 1.606824873760873953e-03 -9.924735078679176592e-01 -1.220109780523852407e+02
-9.924978861853475109e-01 4.596008976544574756e-03 -1.221753764843998558e-01 -2.343211793218740695e+02 4.353643790353099730e-03 9.999879901539321381e-01 2.250629611032427865e-03 1.022823931201466197e+00 1.221842530908301694e-01 1.701837062370475852e-03 -9.925059758244527686e-01 -1.226351946085173807e+02
-9.925152288200325135e-01 4.669641211252413548e-03 -1.220316148023826569e-01 -2.343942515458922173e+02 4.435866393472903679e-03 9.999877693400047729e-01 2.187295073967977701e-03 1.027926703646417028e+00 1.220403361584119079e-01 1.629607731793137303e-03 -9.925238036082473236e-01 -1.232440781924016733e+02
-9.925275938814761556e-01 4.891630485164501566e-03 -1.219223004008865713e-01 -2.344674421749458588e+02 4.667260342864517492e-03 9.999868487577151521e-01 2.125792206781435337e-03 1.032934417340085620e+00 1.219310955611378894e-01 1.540864306516898964e-03 -9.925373714235901090e-01 -1.238545494731902750e+02
-9.925917895501610300e-01 4.834989695233656709e-03 -1.214008327494327105e-01 -2.345404019290482154e+02 4.613201073624373025e-03 9.999871374635037613e-01 2.107909723377893001e-03 1.034842611752559316e+00 1.214094629485818061e-01 1.532247432559272074e-03 -9.926013270816951284e-01 -1.244575197272778126e+02
-9.925924116770390437e-01 4.817410077024217134e-03 -1.213964449286280139e-01 -2.346141039233974652e+02 4.599116336533647618e-03 9.999872642748388607e-01 2.078320727584893630e-03 1.037657215415886958e+00 1.214049109800862253e-01 1.504609010163507257e-03 -9.926019261222718271e-01 -1.250647024082049938e+02
-9.926249834045630660e-01 4.924404825869934353e-03 -1.211255239749315232e-01 -2.346926155308599675e+02 4.704186689165911796e-03 9.999867218506078848e-01 2.103984331778433435e-03 1.038404544335029156e+00 1.211342765227259449e-01 1.518670334813909195e-03 -9.926349685013768909e-01 -1.256689380191738934e+02
-9.926255290013183963e-01 5.025254453425442858e-03 -1.211169104317436906e-01 -2.347665486107590311e+02 4.814097190132612600e-03 9.999863395599478677e-01 2.035967028386651174e-03 1.043098296303055728e+00 1.211254871738258743e-01 1.437884270394541343e-03 -9.926361613631291547e-01 -1.262742678553365465e+02
-9.926324739131360264e-01 5.027331082801881137e-03 -1.210598929260670031e-01 -2.348431288158959376e+02 4.820211276111090182e-03 9.999863753376465603e-01 2.003672211004930287e-03 1.047147410520546051e+00 1.210683166494874730e-01 1.405375842753797894e-03 -9.926431824288119987e-01 -1.268798515896870072e+02
-9.926385372641572946e-01 5.160209259851148214e-03 -1.210045725519033888e-01 -2.349176315800506814e+02 4.955610462647322412e-03 9.999857374109444308e-01 1.991707717577916037e-03 1.048686135161792210e+00 1.210131243420183855e-01 1.377394309667896244e-03 -9.926499516556170910e-01 -1.274780203205595228e+02
-9.926396350613666542e-01 4.960806756855335245e-03 -1.210039061417385459e-01 -2.349920122232071265e+02 4.762281497721202947e-03 9.999867982092812690e-01 1.929788093714406450e-03 1.053341620494513187e+00 1.210118819793081085e-01 1.339329485719643539e-03 -9.926501551988773375e-01 -1.280714395610079350e+02
-9.926256209815682574e-01 5.133496976747901723e-03 -1.211116170305160111e-01 -2.350593055878605071e+02 4.927800700570083257e-03 9.999858625824759040e-01 1.997852706565973312e-03 1.050511636574162244e+00 1.211201607958481696e-01 1.386305872234603123e-03 -9.926368846687176895e-01 -1.286784311656289788e+02
-9.926419445689587118e-01 4.923740494886178279e-03 -1.209864730533796728e-01 -2.351381762663747566e+02 4.715317760617484047e-03 9.999868648985109632e-01 2.008932269543481450e-03 1.050005080726822859e+00 1.209947753449443497e-01 1.423660769363902434e-03 -9.926521231172786841e-01 -1.292732022009472814e+02
-9.926410684626014724e-01 5.020759703989673486e-03 -1.209896738297113888e-01 -2.352145271408636802e+02 4.811289065997930922e-03 9.999863786208568195e-01 2.023380900324596963e-03 1.052934002658015400e+00 1.209981846927819099e-01 1.426374684009481652e-03 -9.926517036485216217e-01 -1.298760203644105218e+02
-9.926354362066469594e-01 5.081841904462846768e-03 -1.210333246246590444e-01 -2.352843746469821724e+02 4.886167963077281406e-03 9.999862319844814440e-01 1.913427321728708224e-03 1.059975668315932484e+00 1.210413819711120553e-01 1.307946610908150608e-03 -9.926466003196638965e-01 -1.304751280335545403e+02
-9.926121489537347298e-01 4.962813004778005195e-03 -1.212290898940073941e-01 -2.353572851321939652e+02 4.768465672971050791e-03 9.999868386807098108e-01 1.893198480267627767e-03 1.062405892935367913e+00 1.212368899492865387e-01 1.301135058169298076e-03 -9.926227498717659081e-01 -1.310774500494160293e+02
-9.925823556690258620e-01 5.151879530763344567e-03 -1.214649140773905595e-01 -2.354345514164531323e+02 4.945547594444890671e-03 9.999857704623459353e-01 2.000107951975239624e-03 1.057820181000286741e+00 1.214734900030391279e-01 1.384561348939040287e-03 -9.925937105464412991e-01 -1.316615828209791630e+02
-9.925195557088839493e-01 5.081251627753008600e-03 -1.219799672787934691e-01 -2.355080806730583731e+02 4.876330731513904039e-03 9.999861535297386306e-01 1.978420429234324131e-03 1.060793508422779308e+00 1.219883311388304942e-01 1.368806302358389817e-03 -9.925305906798389532e-01 -1.322527458802729541e+02
-9.924952567330334041e-01 4.989417557892447848e-03 -1.221813041134548333e-01 -2.355681959493957720e+02 4.793896584683620711e-03 9.999867152574005713e-01 1.894165845393081882e-03 1.065524092583028271e+00 1.221891317506057922e-01 1.294226080516666785e-03 -9.925059904408068956e-01 -1.328341268727661202e+02
-9.926160134869232987e-01 5.066144917942198671e-03 -1.211931678973665882e-01 -2.356466868543260489e+02 4.873248846426315485e-03 9.999863433858184880e-01 1.887985047804032011e-03 1.068516180570169283e+00 1.212010776148862712e-01 1.283439726023563252e-03 -9.926271462978739635e-01 -1.334253696309729662e+02
-9.927092398238122062e-01 5.014086171034002996e-03 -1.204293324248654901e-01 -2.357233570394475919e+02 4.811372180846170028e-03 9.999864769646230611e-01 1.973977106951119425e-03 1.063255587333199026e+00 1.204376015460565802e-01 1.380154973484179958e-03 -9.927199400163586596e-01 -1.340134224915209984e+02
-9.927351096506105144e-01 5.114117147305584886e-03 -1.202116794358764479e-01 -2.357958808791299248e+02 4.916491384247664333e-03 9.999860311670487611e-01 1.940511077748533321e-03 1.066726260624687894e+00 1.202199242199848556e-01 1.335393791314485766e-03 -9.927463858125915586e-01 -1.345943286708561288e+02
-9.927345439217554190e-01 5.056008214191335531e-03 -1.202188091997388880e-01 -2.358582876240290886e+02 4.859871810686134525e-03 9.999863386327195736e-01 1.924628252822178399e-03 1.068421095278488497e+00 1.202268977826879276e-01 1.326396948840283772e-03 -9.927455533623337214e-01 -1.351944273363726552e+02
-9.927223295037932438e-01 5.012142246963517157e-03 -1.203214649788620638e-01 -2.359327542297893672e+02 4.815834060982259780e-03 9.999865562435302779e-01 1.922257657537424815e-03 1.070315243579403441e+00 1.203294820352036887e-01 1.328819890384568339e-03 -9.927331212319048248e-01 -1.357780565330693321e+02
-9.926287648168237165e-01 5.083173077402534761e-03 -1.210879705408133833e-01 -2.359983921671331473e+02 4.862306607817979374e-03 9.999859329194106250e-01 2.119419200536233009e-03 1.060671280911492653e+00 1.210970405611932754e-01 1.515029623869474512e-03 -9.926395173740365507e-01 -1.363570512483987329e+02
-9.925752946351324990e-01 5.041038919160622904e-03 -1.215272496463060126e-01 -2.360763886945172771e+02 4.813096463658353245e-03 9.999860643983176089e-01 2.169126920047831711e-03 1.058121269803072861e+00 1.215364907441859599e-01 1.568099416256712357e-03 -9.925857255077816799e-01 -1.369481362190597054e+02
-9.925513732216506568e-01 5.008981979193659340e-03 -1.217237923141883948e-01 -2.361455176506060241e+02 4.785530479900851342e-03 9.999862850594345431e-01 2.128001658174371365e-03 1.061547106963603326e+00 1.217327820015688955e-01 1.529638049790252481e-03 -9.925617310744936361e-01 -1.375317405225094944e+02
-9.925534694803801461e-01 4.970782816402108222e-03 -1.217082640606288735e-01 -2.362206003319442686e+02 4.749345412453253278e-03 9.999864968967882017e-01 2.109441215837214948e-03 1.064225491803413082e+00 1.217171061955254208e-01 1.515698611870142879e-03 -9.925636748930037889e-01 -1.381324960498813255e+02
-9.925691176638411495e-01 5.060226391463183183e-03 -1.215768924133652784e-01 -2.362993348603563106e+02 4.843891138416492152e-03 9.999861156666959294e-01 2.074895773926540253e-03 1.068173048058646213e+00 1.215857038416237046e-01 1.470572235773383741e-03 -9.925798476891600775e-01 -1.387219793938980388e+02
-9.925523397988011975e-01 5.001316929663059650e-03 -1.217162256599110537e-01 -2.363649780194738810e+02 4.771062989494046121e-03 9.999862354274848819e-01 2.183097230324728202e-03 1.061758308701584719e+00 1.217254686492338089e-01 1.586122484500184036e-03 -9.925625393382466743e-01 -1.393113510986301264e+02
-9.925289142752267146e-01 5.085005424831126088e-03 -1.219036383684655583e-01 -2.364230567409197761e+02 4.866626963359390289e-03 9.999859757504782065e-01 2.089077395301663746e-03 1.069062200054547551e+00 1.219125517313114498e-01 1.480210185580091474e-03 -9.925397416265846484e-01 -1.398881199420181929e+02
-9.925223028706779971e-01 4.985931017359133965e-03 -1.219615463831818097e-01 -2.364996695612587985e+02 4.756791365951258677e-03 9.999863321950879236e-01 2.169875322717921759e-03 1.065769010940200046e+00 1.219706982852343941e-01 1.573504021432663245e-03 -9.925324543030862312e-01 -1.404675987315056602e+02
-9.925127147535783845e-01 5.016379887116087684e-03 -1.220383013045886478e-01 -2.365771757527944885e+02 4.785388321053075412e-03 9.999861610656897160e-01 2.185803221073399222e-03 1.064216322508966472e+00 1.220475772438689432e-01 1.585436827080540954e-03 -9.925229847610426148e-01 -1.410405926683852442e+02
-9.925105315284992180e-01 4.932266186296572173e-03 -1.220594836761292601e-01 -2.366484370869403904e+02 4.720470694705359259e-03 9.999868096086309555e-01 2.024293746515650003e-03 1.076598639923304512e+00 1.220678580193663432e-01 1.432954646620029828e-03 -9.925207225441412540e-01 -1.416203162241035329e+02
-9.925182005867001500e-01 5.004914732069726084e-03 -1.219941487640496119e-01 -2.367216933313018785e+02 4.790242484698504534e-03 9.999864194613168333e-01 2.052917405318089011e-03 1.076213195188034044e+00 1.220027666943587913e-01 1.453176334785245567e-03 -9.925286964100650255e-01 -1.421930002318906929e+02
-9.925182888378965007e-01 4.987658187369741099e-03 -1.219941375152943791e-01 -2.367939726552768320e+02 4.769429784594187739e-03 9.999864613313442785e-01 2.080791567122896625e-03 1.075267236892782696e+00 1.220028641541845843e-01 1.483381212617817429e-03 -9.925286397471633215e-01 -1.427814100104906174e+02
-9.925466690308852868e-01 5.004178300310932991e-03 -1.217623422706440445e-01 -2.368674000005797211e+02 4.778498971432148211e-03 9.999862815534323879e-01 2.145379341629134913e-03 1.072359493522447638e+00 1.217714077412049706e-01 1.547547892042229175e-03 -9.925569652933012854e-01 -1.433488038829908362e+02
-9.925404290713009114e-01 5.088057618237336321e-03 -1.218097218149364197e-01 -2.369343668692650908e+02 4.863452846102166507e-03 9.999858810638303508e-01 2.141144415669564514e-03 1.073816005096891013e+00 1.218188962574051487e-01 1.532756558788522967e-03 -9.925511609846415784e-01 -1.439213438917282986e+02
-9.925446930147945324e-01 5.019448018146832266e-03 -1.217778202701979423e-01 -2.370063146630219819e+02 4.800858969047555602e-03 9.999862952239637615e-01 2.088328856034920439e-03 1.078375347596821410e+00 1.217866335905826297e-01 1.488121582651875767e-03 -9.925551880741083632e-01 -1.444796689216654215e+02
-9.925641997795637828e-01 4.923269308030312277e-03 -1.216226571625333708e-01 -2.370737560179030652e+02 4.713472476685428778e-03 9.999868661758174460e-01 2.012623432042184423e-03 1.086769734095336393e+00 1.216309684791091750e-01 1.424392919205600978e-03 -9.925743693102528908e-01 -1.450474218531769850e+02
-9.925934956248205765e-01 4.962405255662879350e-03 -1.213817407083045141e-01 -2.371477811372250244e+02 4.748060176201905624e-03 9.999866162634587496e-01 2.055047084919673240e-03 1.083695989792571535e+00 1.213903141435208055e-01 1.463498560518849360e-03 -9.926037728137551142e-01 -1.456119289111699970e+02
-9.926017661046926399e-01 4.853046813894370051e-03 -1.213185140960216513e-01 -2.372196729163997020e+02 4.619279284099992236e-03 9.999868932813914535e-01 2.208058949971070280e-03 1.073108165864735897e+00 1.213276398218474383e-01 1.631319114463012417e-03 -9.926111739312661886e-01 -1.461590095693882745e+02
-9.925708532396124717e-01 4.983498315096357260e-03 -1.215658917777961145e-01 -2.372737490734000119e+02 4.752668022214966669e-03 9.999863107924713557e-01 2.188692379812491248e-03 1.077055988351348415e+00 1.215751349818622318e-01 1.594669936465146045e-03 -9.925809506442966335e-01 -1.467254060799216973e+02
-9.925827714601156426e-01 4.843392655755430175e-03 -1.214742085717749054e-01 -2.373370971431761518e+02 4.626419558638951608e-03 9.999871594294591493e-01 2.068143677024277503e-03 1.085221128304766358e+00 1.214826656055272014e-01 1.490813128311823743e-03 -9.925924336975340267e-01 -1.472906463160006751e+02
-9.926128776010809673e-01 4.901818110931695748e-03 -1.212256053798426575e-01 -2.374109462115479232e+02 4.680409692879483781e-03 9.999868184382089131e-01 2.111093303352872420e-03 1.083874697760571104e+00 1.212343556324229216e-01 1.528112900280467019e-03 -9.926227359300994202e-01 -1.478477160837344684e+02
-9.926795968572903472e-01 4.848481902383169895e-03 -1.206801980711447453e-01 -2.374804281621375139e+02 4.627413994607205983e-03 9.999870631092072637e-01 2.112026028442266258e-03 1.084729506315786463e+00 1.206888769645777237e-01 1.538127909039787482e-03 -9.926891906027612844e-01 -1.484030287059864008e+02
-9.927872255948164693e-01 4.908630113742560273e-03 -1.197891065420989276e-01 -2.375488931994246116e+02 4.686659366630358155e-03 9.999867391292643903e-01 2.134663814679633835e-03 1.085536645887005935e+00 1.197979963093250000e-01 1.557856227957630244e-03 -9.927970654490498870e-01 -1.489568008018987371e+02
-9.928484570478812721e-01 4.856076239839954289e-03 -1.192826888580025280e-01 -2.376153193521690241e+02 4.645186024412197023e-03 9.999871180591717312e-01 2.045962490044695922e-03 1.090925244572131136e+00 1.192910876152983302e-01 1.477240422181215224e-03 -9.928582246102890529e-01 -1.495053394512859484e+02
-9.928995907707909296e-01 4.892634864137849690e-03 -1.188548054193990788e-01 -2.376747074717974613e+02 4.680996266002542677e-03 9.999869227591688947e-01 2.059753530335196002e-03 1.091104408772402889e+00 1.188633287484187062e-01 1.488769536993841350e-03 -9.929095087892512161e-01 -1.500514849540612374e+02
-9.929468790643944942e-01 4.857562965768850473e-03 -1.184605395830750502e-01 -2.377317928564870329e+02 4.637121259333587715e-03 9.999869662670615167e-01 2.136446213926779681e-03 1.086948916270943588e+00 1.184693735220454930e-01 1.572061713914731183e-03 -9.929564623684477009e-01 -1.505921557976819827e+02
-9.929762465900759949e-01 4.861633585457186824e-03 -1.182139510665548149e-01 -2.377897792292443455e+02 4.645118722033055036e-03 9.999869916091861377e-01 2.107008416609045063e-03 1.091323982839237594e+00 1.182226567961627145e-01 1.543091471753395153e-03 -9.929859124321791519e-01 -1.511339457020661143e+02
-9.930538058207616370e-01 4.814832176715429408e-03 -1.175625626464956303e-01 -2.378617228200263014e+02 4.604445354694537175e-03 9.999872753811481774e-01 2.061106198974406445e-03 1.094082984661196134e+00 1.175709905881411471e-01 1.505478959628655817e-03 -9.930633392212329102e-01 -1.516648757315012688e+02
-9.931123863277810937e-01 4.788534653570116970e-03 -1.170677498639658559e-01 -2.379201861811833396e+02 4.584024930973642706e-03 9.999874609084915544e-01 2.016120338734535798e-03 1.097765028518638442e+00 1.170759362028454126e-01 1.465592596735223237e-03 -9.931218843629254778e-01 -1.521751086732323017e+02
-9.931697170850397605e-01 4.827141883554550775e-03 -1.165787792287212021e-01 -2.379816067597484164e+02 4.621082555709581097e-03 9.999872464576784470e-01 2.037772804684030541e-03 1.097686304160511161e+00 1.165871290547811634e-01 1.485134076851863999e-03 -9.931793572741725029e-01 -1.527131177241660396e+02
-9.932412096368252730e-01 4.755285003523818110e-03 -1.159710599404509129e-01 -2.380477077488630187e+02 4.566635873080645419e-03 9.999877823799950827e-01 1.892333887624875026e-03 1.106914481634607705e+00 1.159786416370664902e-01 1.349946397018037675e-03 -9.932507902482365925e-01 -1.532220832011236666e+02
-9.932483708221901963e-01 4.746166875263358766e-03 -1.159100848030830688e-01 -2.381007786153112704e+02 4.553363487451687029e-03 9.999877745518116479e-01 1.928115107095104263e-03 1.106705586950842646e+00 1.159178189063997944e-01 1.387316440910077529e-03 -9.932578389386497175e-01 -1.537255931045782802e+02
-9.931973219194367708e-01 4.816534026107079959e-03 -1.163438040122236200e-01 -2.381519504327084462e+02 4.619517715038501567e-03 9.999874033005909935e-01 1.962981462391684764e-03 1.105271811595086806e+00 1.163517932313026110e-01 1.412175667755485994e-03 -9.932070609755774271e-01 -1.542201313022150941e+02
-9.931902179353231386e-01 4.787322861972305270e-03 -1.164056379107136358e-01 -2.382188130410280849e+02 4.589365448458227782e-03 9.999875311904194986e-01 1.968549839414416875e-03 1.106750045925378734e+00 1.164136105546316052e-01 1.420916431391381751e-03 -9.931998048097518961e-01 -1.547284058255530113e+02
-9.932020466104216627e-01 4.758214004330018308e-03 -1.163058640325547871e-01 -2.382837667735614673e+02 4.556405582104817824e-03 9.999876175808534162e-01 2.000963053170161984e-03 1.105546535381368045e+00 1.163139448950188809e-01 1.457423911490985779e-03 -9.932114287192335134e-01 -1.552182377379015179e+02
-9.931693658819025217e-01 4.672627157698418937e-03 -1.165880664098420949e-01 -2.383321086690137633e+02 4.477741709382395199e-03 9.999881057544580676e-01 1.933437041841127007e-03 1.110942030151044424e+00 1.165957139131823805e-01 1.398179193038338181e-03 -9.931784756991164365e-01 -1.557060483585110262e+02
-9.931602866680702135e-01 4.679018374268385447e-03 -1.166651266336674736e-01 -2.383959469097843566e+02 4.489558240479401413e-03 9.999881420471241622e-01 1.886698689769027290e-03 1.114066105249829297e+00 1.166725711219297329e-01 1.350019330932525135e-03 -9.931695165456921881e-01 -1.561785363954497541e+02
-9.931062572848285974e-01 4.793803582402814470e-03 -1.171195166867289722e-01 -2.384320299336821165e+02 4.601537549462656959e-03 9.999875850452939474e-01 1.911964294089176127e-03 1.114754487267096916e+00 1.171272282345165311e-01 1.359853850356229719e-03 -9.931159867828154297e-01 -1.566564909847164699e+02
-9.930774169413798536e-01 4.799995338798275502e-03 -1.173635548447002214e-01 -2.384839331008836609e+02 4.608539087125862119e-03 9.999875706033648504e-01 1.902631404881243013e-03 1.116929211117317244e+00 1.173712287084014289e-01 1.348585751045172252e-03 -9.930871945544121893e-01 -1.571327037931126256e+02
-9.930518222853461641e-01 4.694203632069937279e-03 -1.175841941249544387e-01 -2.385381691381369649e+02 4.504908178431330651e-03 9.999880938997389723e-01 1.875596190735421588e-03 1.119366069058308266e+00 1.175915985862009128e-01 1.332858217313498926e-03 -9.930611458671187997e-01 -1.576035217007097060e+02
-9.930541358361046900e-01 4.681800223557234207e-03 -1.175651480902143164e-01 -2.386044876883889856e+02 4.493235475954337511e-03 9.999881589345633870e-01 1.868910276061241460e-03 1.121311533925285486e+00 1.175725058581509885e-01 1.327681185014435673e-03 -9.930634134479559005e-01 -1.580590757930199857e+02
-9.929956395285952642e-01 4.597187538075459164e-03 -1.180615337183783392e-01 -2.386493961536592678e+02 4.417459351502840172e-03 9.999886516987533946e-01 1.783963729216455404e-03 1.126829021783307239e+00 1.180683951363524081e-01 1.249936178012093883e-03 -9.930046786040220841e-01 -1.585199180647141475e+02
-9.929543992335863045e-01 4.719623277841557100e-03 -1.184030666781196311e-01 -2.386912940826667580e+02 4.543045385471316221e-03 9.999881294029360213e-01 1.761190461735574839e-03 1.130281306862918500e+00 1.184099733185238618e-01 1.210871311170886016e-03 -9.929640537347634854e-01 -1.589750907094121430e+02
-9.929409103471420472e-01 4.774962955398889992e-03 -1.185139160088940352e-01 -2.387509922029011591e+02 4.588742542366003492e-03 9.999877712493594473e-01 1.844124078944705310e-03 1.126431816709832168e+00 1.185212723559298659e-01 1.287276393488037251e-03 -9.929506789960003132e-01 -1.594417137929307557e+02
-9.929319221422343578e-01 4.701582585451762747e-03 -1.185921292165720287e-01 -2.388119927835651595e+02 4.519370545081656879e-03 9.999881579407647880e-01 1.805344319608028370e-03 1.129559777842687129e+00 1.185992128169668369e-01 1.256622229737070287e-03 -9.929414119774477854e-01 -1.599005158383723995e+02
-9.929128614516922191e-01 4.761669003393699008e-03 -1.187492150378899880e-01 -2.388656709240798648e+02 4.567486059807511316e-03 9.999877499893153887e-01 1.907339088861098684e-03 1.125773105854476430e+00 1.187568424761553665e-01 1.351436128181090005e-03 -9.929224471153250686e-01 -1.603519462123691710e+02
-9.928776560088672376e-01 4.769717475559569729e-03 -1.190428914028135859e-01 -2.389126497929947845e+02 4.576062286499476585e-03 9.999877246329620384e-01 1.900062457247808948e-03 1.126100736348597753e+00 1.190504928687353275e-01 1.341781872998384093e-03 -9.928872945954729801e-01 -1.607983068942008060e+02
-9.928530725888200514e-01 4.703169821875053357e-03 -1.192503938969002170e-01 -2.389628201888510546e+02 4.509868174151338525e-03 9.999880429350219702e-01 1.890787147304029761e-03 1.128771386840547564e+00 1.192578607052425382e-01 1.339470272621614676e-03 -9.928624116560147428e-01 -1.612475890364983400e+02
-9.928214918171409664e-01 4.763555771029989033e-03 -1.195106435527942684e-01 -2.390126173096938658e+02 4.574269591563037002e-03 9.999878116584018928e-01 1.858115266675257858e-03 1.131312643347095470e+00 1.195180381519478502e-01 1.298102868357058331e-03 -9.928311807579639492e-01 -1.616925760821147549e+02
-9.928210097513630039e-01 4.748056082590014319e-03 -1.195152649652743565e-01 -2.390757954049317391e+02 4.563762406311321247e-03 9.999879376450304669e-01 1.815664379072103821e-03 1.132386592278785020e+00 1.195224442060230513e-01 1.257190468971092906e-03 -9.928307029917751159e-01 -1.621364169330335301e+02
-9.927834605900105469e-01 4.800357066693522988e-03 -1.198246925760962228e-01 -2.391211242719494123e+02 4.604697163086463214e-03 9.999875748115019114e-01 1.909708524132526638e-03 1.129173895731482302e+00 1.198323710145133697e-01 1.344170615333673121e-03 -9.927932292589416452e-01 -1.625766621722656282e+02
-9.927936086038360308e-01 4.854726824538069946e-03 -1.197383912654247234e-01 -2.391784504433149152e+02 4.656186160920372172e-03 9.999872822824754648e-01 1.937834808118709794e-03 1.127968438703849108e+00 1.197462761250122770e-01 1.366345771689357093e-03 -9.928035870470170998e-01 -1.630039652570570183e+02
-9.927618133372755338e-01 4.812294696771632525e-03 -1.200034324468921554e-01 -2.392257056041263468e+02 4.610862541506490116e-03 9.999874566110279472e-01 1.956161350937925952e-03 1.128795094630205664e+00 1.200113408220561395e-01 1.388682958415850613e-03 -9.927715495690503378e-01 -1.634422575438306353e+02
-9.927775687412749850e-01 4.849175524899002575e-03 -1.198715333216881507e-01 -2.392767477860566601e+02 4.666068175098792882e-03 9.999874791030258780e-01 1.808160656747137855e-03 1.137223224861963589e+00 1.198788005109710786e-01 1.235772593966426173e-03 -9.927877648592109416e-01 -1.638762840773643745e+02
-9.928082742561954444e-01 4.874743555862602433e-03 -1.196159163476980120e-01 -2.393228594649238232e+02 4.674916354890022198e-03 9.999871690556724202e-01 1.951123034752306421e-03 1.132011783437412822e+00 1.196238927869750085e-01 1.377896689354938132e-03 -9.928183246068758017e-01 -1.642940844914557204e+02
-9.929188756320999065e-01 4.838045884739803140e-03 -1.186958285935247603e-01 -2.393767878868610808e+02 4.633677047531030435e-03 9.999872690309401513e-01 1.997701945049564810e-03 1.129062287771781525e+00 1.187039824542776012e-01 1.433557832535179918e-03 -9.929286527547864782e-01 -1.647117783726112066e+02
-9.930598646248078865e-01 4.939776795458223485e-03 -1.175061865459416099e-01 -2.394264942947128247e+02 4.725747358989847158e-03 9.999866286073089139e-01 2.099980592059374172e-03 1.124905329611468607e+00 1.175149887599772347e-01 1.530101891730753765e-03 -9.930699301685372848e-01 -1.651322853024301764e+02
-9.932135656480589603e-01 4.994477666479857185e-03 -1.161975395845755016e-01 -2.394826514010129301e+02 4.776789410813222884e-03 9.999862758661688389e-01 2.151827649967282940e-03 1.121089367723318020e+00 1.162066921291312754e-01 1.582173236233936795e-03 -9.932237922201907487e-01 -1.655538164703708048e+02
-9.933468128683113907e-01 4.878367867391118773e-03 -1.150578588855165202e-01 -2.395283291205417413e+02 4.669077709074301655e-03 9.999869189955964410e-01 2.088432675730767223e-03 1.126729606997540323e+00 1.150665419560162744e-01 1.537323858151014603e-03 -9.933565963729442672e-01 -1.659735949547715563e+02
-9.935574063923049426e-01 4.926183178755086899e-03 -1.132228462912217432e-01 -2.395629023879377826e+02 4.723329486683175600e-03 9.999867235601307414e-01 2.059820874448186137e-03 1.127145801689346971e+00 1.132314901498540777e-01 1.511761477195945006e-03 -9.935674834734073979e-01 -1.663816690182317188e+02
-9.937827944048027717e-01 4.973980740597256506e-03 -1.112250738843267167e-01 -2.396061651364030070e+02 4.761982383983044687e-03 9.999863037431584445e-01 2.171600762159003536e-03 1.119775325596653825e+00 1.112343520175148176e-01 1.628447631255597588e-03 -9.937928693090709586e-01 -1.667923982302726529e+02
-9.940068978282887713e-01 4.863627343151349057e-03 -1.092091214086518963e-01 -2.396475773525040438e+02 4.664627603110095035e-03 9.999869623468850000e-01 2.077591291339911123e-03 1.124710298199073755e+00 1.092178022078224425e-01 1.555720192225653600e-03 -9.940166253215170222e-01 -1.671922709886245855e+02
-9.942866008734045913e-01 4.712694260180754456e-03 -1.066393259375771618e-01 -2.397010738630332867e+02 4.538718779285843934e-03 9.999879438632669482e-01 1.874075761084118908e-03 1.137141356502997747e+00 1.066468722253649526e-01 1.379362507024301963e-03 -9.942960032121324065e-01 -1.676029470604234746e+02
-9.946175440803679546e-01 5.051229268655191805e-03 -1.034911884674877269e-01 -2.397344357224381781e+02 4.850738038159256409e-03 9.999858394976710585e-01 2.188868343041142431e-03 1.122041913240635624e+00 1.035007794561120242e-01 1.675078211157294108e-03 -9.946279619862716803e-01 -1.680022609162891172e+02
-9.949802500266253791e-01 4.919775014999460371e-03 -9.995047709118692891e-02 -2.397704400335383923e+02 4.737616806812693961e-03 9.999866560943793115e-01 2.059762164269865643e-03 1.127910178303163535e+00 9.995927692788650343e-02 1.575895613084459619e-03 -9.949902811128712443e-01 -1.684007526189477915e+02
-9.952830156697618502e-01 4.920387409972182095e-03 -9.688915577628204323e-02 -2.397973220680459292e+02 4.746413212996005056e-03 9.999866833541168898e-01 2.026000011014865692e-03 1.130433062109505116e+00 9.689783424265147049e-02 1.556567431537272516e-03 -9.952931160301043967e-01 -1.688146870677333027e+02
-9.956964656335607344e-01 4.807938572066494318e-03 -9.254961940237091400e-02 -2.398479149766252476e+02 4.649631433371458067e-03 9.999873355304805811e-01 1.926059756046556888e-03 1.134620318705573006e+00 9.255770768753016076e-02 1.487449272174764994e-03 -9.957062108083354346e-01 -1.692031028007192219e+02
-9.960434016815009617e-01 5.032039073109902116e-03 -8.872553493505000444e-02 -2.398741843517283883e+02 4.869535323766948504e-03 9.999860467842749401e-01 2.047892206264276000e-03 1.130029535465107760e+00 8.873460200212016091e-02 1.607737392918159305e-03 -9.960540073650629989e-01 -1.695927652730665898e+02
-9.964763213889713533e-01 4.698032391150807480e-03 -8.374287672844347996e-02 -2.399068520007736538e+02 4.569660467979458698e-03 9.999880720121973043e-01 1.724539514176028337e-03 1.146329364986573118e+00 8.374997978692870493e-02 1.335786277915207172e-03 -9.964859038444591199e-01 -1.699815504319128081e+02
-9.968899824270667231e-01 4.643634156930888206e-03 -7.866892396861310810e-02 -2.399526432293378093e+02 4.525310806971153364e-03 9.999883456829130601e-01 1.682278351236905388e-03 1.148411288610413861e+00 7.867581902124157200e-02 1.321045104194036287e-03 -9.968993782429447226e-01 -1.703743290724478356e+02
-9.973513531498401363e-01 5.030205084635639909e-03 -7.256015026852047356e-02 -2.399707759174139312e+02 4.895643027490093405e-03 9.999859512810828077e-01 2.032220415018375081e-03 1.128986505213657177e+00 7.256935337682948739e-02 1.671609187081589485e-03 -9.973619677294673913e-01 -1.707593902263924690e+02
-9.978174354438562599e-01 4.849954882069919780e-03 -6.585471480378531084e-02 -2.399854268240385124e+02 4.734282163620221785e-03 9.999869645115966321e-01 1.912427587659046822e-03 1.133312483979357133e+00 6.586313154292953997e-02 1.596478789304172936e-03 -9.978273894611404682e-01 -1.711370097881226684e+02
-9.982657422842791117e-01 4.814255991884907465e-03 -5.867137906051139717e-02 -2.399930363861251124e+02 4.716761503675632322e-03 9.999872558540633394e-01 1.800080658584460964e-03 1.139410505721867528e+00 5.867929739299081182e-02 1.520219952693209866e-03 -9.982757279373073445e-01 -1.715254168790069116e+02
-9.986486340455813515e-01 4.888960927026436004e-03 -5.173976980958274602e-02 -2.400128431919498269e+02 4.801848487705363128e-03 9.999868368991698953e-01 1.807838348416363232e-03 1.136956396271568748e+00 5.174792720482360858e-02 1.556948761806852466e-03 -9.986589647825514504e-01 -1.719090536289145632e+02
-9.990802188133656170e-01 4.775449532142352939e-03 -4.261351261752650832e-02 -2.400390310407784114e+02 4.706491429681718304e-03 9.999874479394232907e-01 1.718401007167556956e-03 1.141430335690343689e+00 4.262118386742046183e-02 1.516260322327048042e-03 -9.990901539102339246e-01 -1.722966428449927889e+02
-9.994303214109494515e-01 5.051014969767062164e-03 -3.336944548806489858e-02 -2.400540946506384614e+02 4.988725920190637507e-03 9.999856556465139823e-01 1.949644815011326382e-03 1.127740864350518457e+00 3.337881451008953976e-02 1.782063126455263541e-03 -9.994411833584375682e-01 -1.726807987828959199e+02
-9.997252487647143582e-01 5.036817776166283879e-03 -2.289230108616942608e-02 -2.400576778342870909e+02 4.997279010414347640e-03 9.999859220961153650e-01 1.784043742166739437e-03 1.134842051859764389e+00 2.290096471378904111e-02 1.669154358226775450e-03 -9.997363451125031997e-01 -1.730672136250574624e+02
-9.998942559960528609e-01 5.144801797451956094e-03 -1.360175873058466593e-02 -2.400582528877986306e+02 5.119207295130002652e-03 9.999850615001277809e-01 1.915853140284464080e-03 1.123937571962042581e+00 1.361141222539339647e-02 1.846020327782228309e-03 -9.999056563827311006e-01 -1.734529856782922934e+02
-9.999860445652419827e-01 4.833247258232029227e-03 -2.133165652866811628e-03 -2.400608571786574430e+02 4.829756844638940540e-03 9.999869944798791543e-01 1.638389428626066575e-03 1.136441749005989932e+00 2.141056651151815749e-03 1.628063892776605154e-03 -9.999963826356461638e-01 -1.738461218909456250e+02
-9.999564160884635289e-01 4.878485970788618009e-03 7.960295104335492547e-03 -2.400627285419402313e+02 4.891398507284618752e-03 9.999867514869972274e-01 1.603455994242764015e-03 1.138600030862962909e+00 -7.952367204689605659e-03 1.642323084949450255e-03 -9.999670307718782070e-01 -1.742279771931461880e+02
-9.997719097007744526e-01 4.905812831326065993e-03 2.078609087182270443e-02 -2.400538429733076100e+02 4.939664357346093548e-03 9.999865554587682448e-01 1.577535338596096608e-03 1.135497789807168534e+00 -2.077807231926097342e-02 1.679851830296775778e-03 -9.997827012948987679e-01 -1.746143824290365103e+02
-9.994262352174716479e-01 5.017479320190526039e-03 3.349664550820719011e-02 -2.400562600886108555e+02 5.078702949559538680e-03 9.999855843989434723e-01 1.742920151258660778e-03 1.122437696031573173e+00 -3.348741756811313142e-02 1.912039637399991655e-03 -9.994373101746021337e-01 -1.750053137459153447e+02
-9.989084036701050273e-01 4.729973732325950912e-03 4.647180247993395324e-02 -2.400379117512362939e+02 4.796229087988985833e-03 9.999876343130013057e-01 1.314308800359300462e-03 1.146389193209018220e+00 -4.646501117806835918e-02 1.535763516522017534e-03 -9.989187375190453633e-01 -1.754033038386746171e+02
-9.982742910722000040e-01 4.908705180559689782e-03 5.851789809748421389e-02 -2.400197717332008551e+02 4.998941933085292860e-03 9.999865311449955829e-01 1.395746448452312837e-03 1.137712934851330404e+00 -5.851025862057730731e-02 1.685865370980798965e-03 -9.982853837926832785e-01 -1.757947588979990599e+02
-9.972837525844386874e-01 4.777375877766663545e-03 7.350029599139645820e-02 -2.399885438582016661e+02 4.880217543545667738e-03 9.999873478587882891e-01 1.219671707630833350e-03 1.144494906861071026e+00 -7.349353922507764758e-02 1.575056211460159955e-03 -9.972944494431437157e-01 -1.761907724319701458e+02
-9.961696346361883503e-01 4.967466048816344439e-03 8.730053441908541823e-02 -2.399728272552893316e+02 5.108878559038516724e-03 9.999859745056278726e-01 1.396478391799719013e-03 1.130209345428697443e+00 -8.729237302693207412e-02 1.837137197822726487e-03 -9.961810410453735276e-01 -1.765662685583050120e+02
-9.946188594996123733e-01 4.802826398058184995e-03 1.034903724328058994e-01 -2.399312678571993729e+02 4.940714787902035846e-03 9.999872156213051033e-01 1.076072178806680366e-03 1.144435959889617438e+00 -1.034838811848268481e-01 1.581598096708216553e-03 -9.946298733108640544e-01 -1.769691743970890911e+02
-9.927274726181227749e-01 4.786525143984849892e-03 1.202882134137866488e-01 -2.398759806657738238e+02 4.946100404309736881e-03 9.999872394916020646e-01 1.028078185598464960e-03 1.144229450563311268e+00 -1.202817575529438743e-01 1.615559039842615237e-03 -9.927384795448215282e-01 -1.773675159731333792e+02
-9.904158100845144030e-01 4.797525918639505144e-03 1.380344409185436660e-01 -2.398364648727064719e+02 4.965927823364897284e-03 9.999872863267400547e-01 8.756401861183405865e-04 1.148374890855191843e+00 -1.380284850872748881e-01 1.552716955016965458e-03 -9.904270424289560726e-01 -1.777547680608994938e+02
-9.881801343613736410e-01 4.726640300398914779e-03 1.532242830787886589e-01 -2.397808336198593224e+02 4.901991673308365299e-03 9.999876912905955040e-01 7.666452500273267939e-04 1.151794239797850006e+00 -1.532187734292796422e-01 1.508687765980378393e-03 -9.881911410906558668e-01 -1.781481563093536522e+02
-9.852195411386297508e-01 4.833037506348585553e-03 1.712282030129684829e-01 -2.397160227201112264e+02 5.040235299305779494e-03 9.999869973373063381e-01 7.753608487651039933e-04 1.144395968839748257e+00 -1.712222292423380421e-01 1.626931092699874116e-03 -9.852310903074994464e-01 -1.785494051677502512e+02
-9.824103658736178524e-01 4.833781749725356985e-03 1.866721928356230853e-01 -2.396472403640913171e+02 5.070206714805862783e-03 9.999868350653330351e-01 7.891133553704348259e-04 1.140008416017976867e+00 -1.866659209066646175e-01 1.721699745747938158e-03 -9.824219407780203639e-01 -1.789319487692602308e+02
-9.787161135205701967e-01 4.731221190900345742e-03 2.051642870512154493e-01 -2.395736333557330511e+02 4.969673566769313745e-03 9.999874417999092824e-01 6.469830854298679957e-04 1.143283024157716321e+00 -2.051586495369632501e-01 1.652812305088964540e-03 -9.787273352326755216e-01 -1.793253555706608608e+02
-9.745576728728215787e-01 4.713576131451025983e-03 2.240873143325237959e-01 -2.394940035370690623e+02 4.953631767671081224e-03 9.999876010994565023e-01 5.090969108218063293e-04 1.145801480647569148e+00 -2.240821362291528784e-01 1.606190339686927203e-03 -9.745689387496259126e-01 -1.797177452235840462e+02
-9.706603406303662140e-01 4.757416823629469736e-03 2.404077164163160307e-01 -2.394058407203095271e+02 5.031959535603488555e-03 9.999872001466324489e-01 5.281345764106493363e-04 1.140172390573795713e+00 -2.404021266764785336e-01 1.722361188891176082e-03 -9.706718554492870243e-01 -1.801094494750879278e+02
-9.657363252125643616e-01 4.725206376120218328e-03 2.594822201801813555e-01 -2.393047275794226891e+02 5.007417123912962474e-03 9.999873718087683994e-01 4.266107584049952817e-04 1.141970076415275148e+00 -2.594769275652079599e-01 1.711329218799378720e-03 -9.657477907888920576e-01 -1.805040767129300150e+02
-9.603203043882557743e-01 4.755526784185666427e-03 2.788589212212033153e-01 -2.392020950798222714e+02 5.062095931291906402e-03 9.999871155794880506e-01 3.792885418145557639e-04 1.137643871253108285e+00 -2.788535245687792652e-01 1.775849098444635173e-03 -9.603320041504133098e-01 -1.808961585657734759e+02
-9.551880922490980641e-01 4.709858281133448912e-03 2.959620341538780064e-01 -2.390910685828343389e+02 4.976326552004651724e-03 9.999876071950348777e-01 1.470727587203436498e-04 1.146938337721624235e+00 -2.959576736622611115e-01 1.613285876769147194e-03 -9.551996925821863993e-01 -1.812876192026899957e+02
-9.487637576264404959e-01 4.734398581781939369e-03 3.159508152934982217e-01 -2.389739986869651887e+02 5.055767005171081518e-03 9.999872000310544573e-01 1.974690896898483516e-04 1.137133975992231871e+00 -3.159458362354959915e-01 1.784725222766983706e-03 -9.487755494959453362e-01 -1.816721444999631103e+02
-9.418315735631521690e-01 4.714684480488546756e-03 3.360521667685050784e-01 -2.388529895341993097e+02 5.053115504179141529e-03 9.999872241392685490e-01 1.325969143114120790e-04 1.135189610802606719e+00 -3.360472482602098743e-01 1.822994374566462572e-03 -9.418433646993815689e-01 -1.820630834145534038e+02
-9.355696443796324147e-01 4.674934026083477773e-03 3.531112933725285008e-01 -2.387100216302482352e+02 4.997290158248013370e-03 9.999875134668134713e-01 1.238487291464101039e-06 1.138486392199800079e+00 -3.531068784467988331e-01 1.765758282251607154e-03 -9.355813243600183959e-01 -1.824410982002274295e+02
-9.278230727395129218e-01 4.639344940707067905e-03 3.729917186355882208e-01 -2.385680507885042232e+02 4.964126690919548265e-03 9.999876746243069325e-01 -8.969764616459580727e-05 1.138250543192188546e+00 -3.729875375108465674e-01 1.768354600288940710e-03 -9.278346672676132112e-01 -1.828234036785640626e+02
-9.195920566585671363e-01 4.583923057985701474e-03 3.928478547476939586e-01 -2.384192493384146303e+02 4.883363423703964215e-03 9.999880481880305538e-01 -2.371555717006940166e-04 1.141812126897318036e+00 -3.928442466068948202e-01 1.700332465027176634e-03 -9.196034508294157472e-01 -1.831960731969810752e+02
-9.121548885304491261e-01 4.574872283600961952e-03 4.098201189224273677e-01 -2.382648730442045348e+02 4.884941893233425876e-03 9.999880264462589485e-01 -2.903563600894921558e-04 1.140054126965002634e+00 -4.098165402624734388e-01 1.737097494342532350e-03 -9.121663147801455374e-01 -1.835625843430865700e+02
-9.025435987001806382e-01 4.594822012148442117e-03 4.305739658363057498e-01 -2.381088122548993056e+02 4.902912162827429213e-03 9.999879030090962351e-01 -3.940657228303245420e-04 1.138849993861687171e+00 -4.305705678488151444e-01 1.755404838487996388e-03 -9.025552086472063973e-01 -1.839320809382098787e+02
-8.937019690697136642e-01 4.591600649109354310e-03 4.486376128730143464e-01 -2.379376612876056072e+02 4.907078338323189390e-03 9.999878547185603317e-01 -4.593446995421042412e-04 1.136608646294225755e+00 -4.486342731703621411e-01 1.790982649423678453e-03 -8.937136461518597752e-01 -1.842883863007108687e+02
-8.827858754254529483e-01 4.580483660840776843e-03 4.697532515254685404e-01 -2.377619442321359600e+02 4.903581107310923774e-03 9.999878339202863398e-01 -5.356339588010421279e-04 1.134446775823137354e+00 -4.697499899325612294e-01 1.830623076050384278e-03 -8.827975961552640971e-01 -1.846388352450258878e+02
-8.711729412533606443e-01 4.540395149632591928e-03 4.909552843588234627e-01 -2.375846632766874791e+02 4.863036530330920940e-03 9.999879839194957265e-01 -6.187829401302292120e-04 1.132811701604178101e+00 -4.909521945196627102e-01 1.848466528645309383e-03 -8.711845532766402389e-01 -1.849815568996093873e+02
-8.585384551016714827e-01 4.565842717387996741e-03 5.127288505554530307e-01 -2.373986096774647194e+02 4.949039231605121061e-03 9.999875624913022731e-01 -6.179590502785582912e-04 1.124284569299480063e+00 -5.127252949897440626e-01 2.006973588232487029e-03 -8.585503735569024464e-01 -1.853262741964331042e+02
-8.469630486316015450e-01 4.552205668912257322e-03 5.316322711011921553e-01 -2.372053662173308339e+02 4.863742619876623013e-03 9.999878406451504498e-01 -8.139837693480696289e-04 1.128877634551140208e+00 -5.316295122172874921e-01 1.896308360232987732e-03 -8.469748908640750695e-01 -1.856685222040462975e+02
-8.326965029559536546e-01 4.520849420699364629e-03 5.537112026006346666e-01 -2.370006419280644820e+02 4.846478320000374707e-03 9.999878719072985422e-01 -8.761770403483398056e-04 1.126474630460625237e+00 -5.537084482043049816e-01 1.953959781476951631e-03 -8.327083141342790373e-01 -1.860031904829845644e+02
-8.197773483675281359e-01 4.526831128814696147e-03 5.726644802180732574e-01 -2.367915419580576497e+02 4.842973316513738379e-03 9.999878003617270750e-01 -9.719759103517550559e-04 1.124371970428311718e+00 -5.726618938893702770e-01 1.976594962546062741e-03 -8.197892707027787385e-01 -1.863418967290716921e+02
-8.037392557785436598e-01 4.565136388159899208e-03 5.949641739216828817e-01 -2.365646137935843001e+02 4.861363567259384053e-03 9.999875722847997306e-01 -1.105631140764491357e-03 1.122499121167525482e+00 -5.949618272333276892e-01 2.003698008683810552e-03 -8.037514599236943447e-01 -1.866732431841054733e+02
-7.865355768533894842e-01 4.517880851165858441e-03 6.175284407187424662e-01 -2.363326329521338209e+02 4.857381053116430550e-03 9.999875652853892349e-01 -1.129213843471824942e-03 1.116168924356521153e+00 -6.175258635824183440e-01 2.111404085941807375e-03 -7.865477415768067360e-01 -1.870093061965104937e+02
-7.704526629684587125e-01 4.440283417287734478e-03 6.374817471959377535e-01 -2.361119872293760693e+02 4.593667092369419468e-03 9.999884501673783621e-01 -1.413419431402067241e-03 1.130776463271111254e+00 -6.374806603713212283e-01 1.839406159265052996e-03 -7.704641615529732590e-01 -1.873157148961728069e+02
-7.504298552863128968e-01 4.404891030892371315e-03 6.609354198633708988e-01 -2.358625896751968014e+02 4.552671778352522514e-03 9.999885183753230988e-01 -1.495425425975761705e-03 1.128006272897569273e+00 -6.609344184369906339e-01 1.886810147319080378e-03 -7.504412931554511612e-01 -1.876314521223364125e+02
-7.293490588565756383e-01 4.370411171274870415e-03 6.841278022790932001e-01 -2.355698691948923056e+02 4.500362812783199190e-03 9.999886086415437081e-01 -1.590384136872420107e-03 1.125071155194437234e+00 -6.841269597666660429e-01 1.918878147119601170e-03 -7.293604190159184153e-01 -1.879811278784050614e+02
-7.105118769135436718e-01 4.329770595679227445e-03 7.036718879217657152e-01 -2.352987921402971665e+02 4.431570628767536428e-03 9.999887720252547130e-01 -1.678393632424148886e-03 1.124167867640526897e+00 -7.036712541709767565e-01 1.925853060830076159e-03 -7.105230869883345513e-01 -1.882859365948554284e+02
-6.875868201269290658e-01 4.343977519679227337e-03 7.260891781641199971e-01 -2.350375307430410317e+02 4.425644479180214017e-03 9.999886017273655892e-01 -1.791671368352593758e-03 1.119840282804848375e+00 -7.260886849818571909e-01 1.981482943856512600e-03 -6.875982077250208935e-01 -1.885785031186636616e+02
-6.672116740433031712e-01 4.314281109478995853e-03 7.448556699111855695e-01 -2.347577278684080113e+02 4.399635670173470368e-03 9.999886083982441054e-01 -1.851021262138018543e-03 1.116288405490974522e+00 -7.448551706380929227e-01 2.042070579471352842e-03 -6.672230546986859245e-01 -1.888598458404821088e+02
-6.422909121689888146e-01 4.311141491584024460e-03 7.664488229517794071e-01 -2.344657327242126996e+02 4.254601796217109821e-03 9.999888286181911612e-01 -2.059369411632052359e-03 1.120835614529209101e+00 -7.664491388922582971e-01 1.938220280949066142e-03 -6.423020790823104065e-01 -1.891325545456157329e+02
-6.153686423989752630e-01 4.293620215204351463e-03 7.882277581876252492e-01 -2.341639608315433065e+02 4.214483557804485532e-03 9.999887929401264364e-01 -2.156877949687596111e-03 1.116519509250018416e+00 -7.882281852867117911e-01 1.994697870967295384e-03 -6.153798413175561866e-01 -1.893953739016149882e+02
-5.908758986955278125e-01 4.235727828247641373e-03 8.067513439409427223e-01 -2.338641375476491646e+02 4.021551434842449320e-03 9.999892573270742213e-01 -2.304854551481573359e-03 1.121864118551679779e+00 -8.067524400116860006e-01 1.882509020317619857e-03 -5.908865853063336449e-01 -1.896476550468999847e+02
-5.617279183406140852e-01 4.090775955687721288e-03 8.273119189935566054e-01 -2.335540668966756357e+02 3.978682790539965833e-03 9.999895690954822003e-01 -2.243163722075105278e-03 1.111409275615655057e+00 -8.273124656621421158e-01 2.031564006409824954e-03 -5.617383349102278434e-01 -1.898978156876547985e+02
-5.325586967772311109e-01 4.104163342367936167e-03 8.463831226638427463e-01 -2.331903754545439540e+02 3.841774516829731846e-03 9.999896637465456317e-01 -2.431700769532037232e-03 1.114918697529361458e+00 -8.463843543305251682e-01 1.956589719350552113e-03 -5.325689593857034776e-01 -1.901604611870191661e+02
-5.030203270840334362e-01 4.266066344367472687e-03 8.642640517910122888e-01 -2.328296494205134195e+02 3.723603953039224170e-03 9.999892342097161935e-01 -2.768797259869518624e-03 1.123208507154463964e+00 -8.642665591782856538e-01 1.825415736429768883e-03 -5.030307968141873864e-01 -1.904087039878367307e+02
-4.771883848294338204e-01 4.136176911466399840e-03 8.787912934391383102e-01 -2.324545213294254040e+02 3.640176524709687333e-03 9.999896481038476059e-01 -2.729981687100612332e-03 1.116452816603474840e+00 -8.787934879701518875e-01 1.896239884614939761e-03 -4.771985014389241719e-01 -1.906383591922640051e+02
-4.465495059831425806e-01 4.200094609329465059e-03 8.947490698019663347e-01 -2.320574582323396271e+02 3.589826789117052906e-03 9.999893442447223002e-01 -2.902505923229054506e-03 1.115556685803053893e+00 -8.947517263743253180e-01 1.915881594181583630e-03 -4.465598252730327289e-01 -1.908467981081131484e+02
-4.193265520475011332e-01 4.308700969087421798e-03 9.078252463133604788e-01 -2.316851253517662599e+02 3.493145916972954183e-03 9.999889922056910407e-01 -3.132634522094681750e-03 1.118827950420561823e+00 -9.078287507451818783e-01 1.857569219509547145e-03 -4.193369871082655020e-01 -1.910495614959592672e+02
-3.873756519985329660e-01 4.008694086459661625e-03 9.219132467919273211e-01 -2.313392759013931936e+02 3.363962456563594945e-03 9.999900356023772030e-01 -2.934698033402440443e-03 1.108583264339661145e+00 -9.219158247884144952e-01 1.964450986308609402e-03 -3.873852771299137743e-01 -1.912152237870817544e+02
-3.565544504148208116e-01 3.834775952297554951e-03 9.342666741261729246e-01 -2.309457040543282460e+02 3.266903451660459288e-03 9.999905802275864675e-01 -2.857760999891107399e-03 1.102309388898436326e+00 -9.342688324198888949e-01 2.033211619741049324e-03 -3.565636195958397092e-01 -1.913826143509020312e+02
-3.265560585568973995e-01 3.743124657864270888e-03 9.451704235943800825e-01 -2.305244438606972324e+02 3.147608935410360371e-03 9.999909199475123245e-01 -2.872730498637637679e-03 1.098696396858499957e+00 -9.451725943856887913e-01 2.036919321859968247e-03 -3.265648753033649765e-01 -1.915524951701308680e+02
-3.017679604526275483e-01 3.643223416942046548e-03 9.533744411129323471e-01 -2.300933138148961632e+02 3.037591802647856675e-03 9.999912970013526969e-01 -2.859887688847681346e-03 1.095850949162427979e+00 -9.533765631062587342e-01 2.032939912191480437e-03 -3.017764007920624714e-01 -1.917015162562220496e+02
-2.737769319959062475e-01 3.903045338206961520e-03 9.617852971136524598e-01 -2.297083001611894417e+02 2.852697894992039206e-03 9.999906625838376195e-01 -3.246052965891113324e-03 1.105944980971779401e+00 -9.617889860159705151e-01 1.854988470412528064e-03 -2.737855098359769368e-01 -1.918214640153300934e+02
-2.475112731366009289e-01 3.921032687458805670e-03 9.688770794961366617e-01 -2.292878329276257716e+02 2.768189866286437442e-03 9.999905914484470415e-01 -3.339781347511106696e-03 1.105256614212227984e+00 -9.688810591580182541e-01 1.855402179818057933e-03 -2.475197985769785891e-01 -1.919417479000999549e+02
-2.233312594919119043e-01 3.794953005827847534e-03 9.747352188494270431e-01 -2.288506443228378373e+02 2.694312093907414319e-03 9.999910043398271275e-01 -3.275961197024188608e-03 1.100622078874818222e+00 -9.747388825814314872e-01 1.894616348325458546e-03 -2.233394752675750272e-01 -1.920544225298903598e+02
-2.015757761405612136e-01 3.764216201105936507e-03 9.794656896235426347e-01 -2.284047513088719938e+02 2.682792888644649001e-03 9.999909860152844665e-01 -3.290974095279051905e-03 1.095374775192884842e+00 -9.794692486727939462e-01 1.964322929279110810e-03 -2.015840577520515708e-01 -1.921496260240938057e+02
-1.847222234301084676e-01 3.773524726811289861e-03 9.827835268675261249e-01 -2.279598498416123391e+02 2.588827410417962344e-03 9.999910276287791167e-01 -3.353003814095878183e-03 1.096120758519514515e+00 -9.827873616116949984e-01 1.924882613152465154e-03 -1.847303350379936315e-01 -1.922408646637783818e+02
-1.675092495777412704e-01 3.896085351650172175e-03 9.858628057822423907e-01 -2.275149819667827842e+02 2.510329828421243442e-03 9.999906349104873415e-01 -3.525384443277520055e-03 1.097537305410937636e+00 -9.858673082875074600e-01 1.884306305519761922e-03 -1.675174612978971300e-01 -1.923230934549572737e+02
-1.545673453268561204e-01 3.796392212054543192e-03 9.879749607984916748e-01 -2.270818607258335646e+02 2.546387554193908428e-03 9.999908267063003509e-01 -3.444185487715733900e-03 1.089897885725031879e+00 -9.879789732929707968e-01 1.983408536382989980e-03 -1.545755945210807170e-01 -1.923963583474312884e+02
-1.419214659658838418e-01 3.888744690642406514e-03 9.898702819879102721e-01 -2.266475241705188921e+02 2.406386053863230658e-03 9.999906839080574539e-01 -3.583490373275517640e-03 1.094121214124709196e+00 -9.898749955445150794e-01 1.873435834659477068e-03 -1.419295016334487514e-01 -1.924694254574660590e+02
-1.316293135651347423e-01 3.911543414684129881e-03 9.912912910131344013e-01 -2.261939788054233702e+02 2.395733654389469412e-03 9.999905498979096974e-01 -3.627750698900979957e-03 1.091889602553405725e+00 -9.912961133135895775e-01 1.897351572901577552e-03 -1.316374406708826772e-01 -1.925241595087090332e+02
-1.241402153738360159e-01 4.046484877890392691e-03 9.922564350444246228e-01 -2.257578110325750629e+02 2.203584980348995311e-03 9.999903431807549703e-01 -3.802335922863889044e-03 1.100252982932771850e+00 -9.922622390981991058e-01 1.714498576530536266e-03 -1.241479333475152824e-01 -1.925796867693268837e+02
-1.169892028283279206e-01 3.930593107459951115e-03 9.931254084250468184e-01 -2.253150900732766786e+02 2.310840294875254192e-03 9.999905383273550719e-01 -3.685549198986059170e-03 1.090817352043303545e+00 -9.931304981918157582e-01 1.863784748879081417e-03 -1.169971788877230967e-01 -1.926365998702933382e+02
-1.114083099101701446e-01 3.865103077878830062e-03 9.937672008378811705e-01 -2.248521276708358414e+02 2.320562557498282753e-03 9.999907220611407022e-01 -3.629157072276366358e-03 1.085493434033353966e+00 -9.937720077927215678e-01 1.901780701313412342e-03 -1.114162454841658434e-01 -1.926898201850973464e+02
-1.069877079585459523e-01 3.797014153554439594e-03 9.942530930448718607e-01 -2.244116526591776619e+02 2.335798316125282242e-03 9.999909081665536714e-01 -3.567580476692972739e-03 1.080956749114256654e+00 -9.942575996149103368e-01 1.940687442377527373e-03 -1.069956043033903903e-01 -1.927426523046968612e+02
-1.043045599509084820e-01 3.928346513790641203e-03 9.945376447712348522e-01 -2.239489133530003357e+02 2.242695241532862566e-03 9.999905857018204225e-01 -3.714677076645917040e-03 1.086505031860873771e+00 -9.945428744360400586e-01 1.842987085614468997e-03 -1.043123880807130810e-01 -1.927879330347137738e+02
-1.025597805759921322e-01 4.035333837810278941e-03 9.947186574549721216e-01 -2.234867130873005010e+02 2.103327806802421634e-03 9.999904157056830334e-01 -3.839857928683691919e-03 1.091817601223710632e+00 -9.947246188872284067e-01 1.698404425561433678e-03 -1.025672852427408355e-01 -1.928296848781608617e+02
-1.024398976669305128e-01 3.908186051831113311e-03 9.947315182740384953e-01 -2.230180864433936847e+02 2.207400990641013219e-03 9.999907130027466673e-01 -3.701525243027917883e-03 1.083000260089979960e+00 -9.947367464544857318e-01 1.816587471752612384e-03 -1.024475732416447737e-01 -1.928696807954005692e+02
-1.030562225665831999e-01 3.908350818562557685e-03 9.946678540016192782e-01 -2.225467494775543003e+02 2.197106393669281520e-03 9.999907352985780706e-01 -3.701626737546839102e-03 1.082114052270911841e+00 -9.946731059568275635e-01 1.803915432681220399e-03 -1.030638548440234725e-01 -1.929225007320733312e+02
-1.043057535429969818e-01 3.875241894190517393e-03 9.945377279309666196e-01 -2.220755226398142099e+02 2.238065918632375917e-03 9.999907912280401323e-01 -3.661764610404563344e-03 1.077042664612203771e+00 -9.945427596834495176e-01 1.843897876691048474e-03 -1.043134660619082776e-01 -1.929704147139136978e+02
-1.054292120733528737e-01 3.902392352274712626e-03 9.944191533631687729e-01 -2.216035531005118742e+02 2.200320103930228106e-03 9.999907675971767551e-01 -3.690977086007085368e-03 1.078421122525112574e+00 -9.944243761257225422e-01 1.798903648919731018e-03 -1.054368252207438239e-01 -1.930142705657018212e+02
-1.063186403567992766e-01 3.833053544005590469e-03 9.943247228210766453e-01 -2.211328916686740058e+02 2.225779624816327362e-03 9.999909819144262579e-01 -3.616904046751267567e-03 1.072649290148214751e+00 -9.943296197025127681e-01 1.828603387954694454e-03 -1.063262130986815102e-01 -1.930732300628096709e+02
-1.082187526887534723e-01 3.940151622989530866e-03 9.941192970522596539e-01 -2.206507573316609410e+02 2.209576115186875217e-03 9.999906288865433313e-01 -3.722890340424298960e-03 1.076487930595891873e+00 -9.941246497999545184e-01 1.793695705375312945e-03 -1.082264446234602051e-01 -1.931211547468206220e+02
-1.097718672324285993e-01 3.891058783776450616e-03 9.939491922758666442e-01 -2.201635614897917321e+02 2.196366300255329657e-03 9.999908456271819901e-01 -3.672143367118163235e-03 1.072958528479094342e+00 -9.939543818201023173e-01 1.779978475926980754e-03 -1.097794085302161715e-01 -1.931751432454633175e+02
-1.119613014266924722e-01 3.824308366900440372e-03 9.937052086249504868e-01 -2.196592775271101914e+02 2.388993599053884902e-03 9.999907405129676574e-01 -3.579329254234616883e-03 1.065904248822774791e+00 -9.937096958832720706e-01 1.973209021212771197e-03 -1.119694009706830862e-01 -1.932246112841519903e+02
-1.146997612536164723e-01 4.010732978799727393e-03 9.933921072715123923e-01 -2.191553710955498957e+02 2.184488306949009667e-03 9.999904502938269379e-01 -3.785146230462407488e-03 1.073732669370000004e+00 -9.933978018795894815e-01 1.735898073605990919e-03 -1.147074273038928283e-01 -1.932855256650419449e+02
-1.168205714891559222e-01 3.932272428990146035e-03 9.931452518692781561e-01 -2.186510313031652117e+02 2.233650564329973161e-03 9.999906727893337344e-01 -3.696638945325124090e-03 1.069529539594190615e+00 -9.931505247856963203e-01 1.786495978117495775e-03 -1.168282652016054968e-01 -1.933370598967498211e+02
-1.184309271917938222e-01 3.937416423287539574e-03 9.929544864878758759e-01 -2.181404999476064859e+02 2.263821025220309410e-03 9.999906098611117677e-01 -3.695308372456955481e-03 1.067308861811479659e+00 -9.929597124752129744e-01 1.810232446788412851e-03 -1.184387287150230339e-01 -1.933950447920059617e+02
-1.200187966676564688e-01 3.921000377897799864e-03 9.927638763585650006e-01 -2.176406366953783618e+02 2.455805156120260523e-03 9.999903135352209427e-01 -3.652650649295228168e-03 1.064249280468607228e+00 -9.927685820308188580e-01 1.999647910795552923e-03 -1.200272633227548180e-01 -1.934465619580633131e+02
-1.211198673958000516e-01 3.815010519316768163e-03 9.926305573660132442e-01 -2.171354469717692552e+02 2.461192550927044503e-03 9.999906948490761005e-01 -3.542985533305033612e-03 1.057023342654219933e+00 -9.926348373159445959e-01 2.013928995632648707e-03 -1.211281298326258860e-01 -1.935024748410519635e+02
-1.220315002904190926e-01 3.918521514630293572e-03 9.925184925864146690e-01 -2.166341755713380337e+02 2.420819513706285245e-03 9.999904071405930628e-01 -3.650378017817107728e-03 1.060282816504333869e+00 -9.925232755808558460e-01 1.957247028426152124e-03 -1.220398156927411382e-01 -1.935704254578902521e+02
-1.229203180569777842e-01 3.938868515748428223e-03 9.924087266462277013e-01 -2.161108598781777062e+02 2.711683387840386865e-03 9.999897236739189177e-01 -3.633086809234892852e-03 1.057111125096542592e+00 -9.924128385817948539e-01 2.244518071874643857e-03 -1.229297358520284877e-01 -1.936320816733403092e+02
-1.237735629040905838e-01 4.061789838378303957e-03 9.923021752416629759e-01 -2.155661165511435797e+02 2.713972383650620213e-03 9.999892681151160145e-01 -3.754731481125909379e-03 1.060869797122272695e+00 -9.923067768991240545e-01 2.228344206675205320e-03 -1.237832581659112918e-01 -1.936891991761483496e+02
-1.243552984127214156e-01 3.996794780121731665e-03 9.922297039436831501e-01 -2.150254890669137353e+02 2.397882318698167300e-03 9.999901777913916545e-01 -3.727530164405622529e-03 1.058018599266760118e+00 -9.922348562296474661e-01 1.915711937236593736e-03 -1.243636608125735510e-01 -1.937643543245544606e+02
-1.249309917453220731e-01 3.890132489110658363e-03 9.921578070905595625e-01 -2.144843062105354647e+02 2.171429629616703286e-03 9.999909905611098493e-01 -3.647422373945220699e-03 1.053054667460789240e+00 -9.921630572617056165e-01 1.698724765080922208e-03 -1.249383133361363640e-01 -1.938371365100770731e+02
-1.252463399819343515e-01 4.047637162081738418e-03 9.921174179271998739e-01 -2.139437978785588541e+02 1.956914786313118486e-03 9.999907403474145307e-01 -3.832714957943215289e-03 1.060250296816221516e+00 -9.921237447040813784e-01 1.461455724224128977e-03 -1.252531011253505966e-01 -1.938967785252353053e+02
-1.259756549585977492e-01 3.832824874497324681e-03 9.920259290014721287e-01 -2.133986699587425733e+02 2.431930368245562198e-03 9.999907246148231899e-01 -3.554771301357412955e-03 1.044113021234717609e+00 -9.920303523947422430e-01 1.964723339909169204e-03 -1.259838076490835679e-01 -1.939556169843805833e+02
-1.264317253537370345e-01 3.872191720693442078e-03 9.919677539896929463e-01 -2.128544841766056948e+02 2.311945417353567650e-03 9.999908155489459771e-01 -3.608839999385334875e-03 1.045141787306731684e+00 -9.919726174307761379e-01 1.837103435351115054e-03 -1.264395164436475927e-01 -1.940284966055158691e+02
-1.267056114665927602e-01 3.976252556951520925e-03 9.919323955988532671e-01 -2.123030765046906936e+02 2.265931306527834473e-03 9.999905168320503135e-01 -3.719112969910216924e-03 1.047854772383344901e+00 -9.919377770698072361e-01 1.776418186180783992e-03 -1.267134198111505849e-01 -1.941094117865490318e+02
-1.274851975275554938e-01 3.815600811685919587e-03 9.918331339503667632e-01 -2.117460110242672613e+02 2.495604831173644025e-03 9.999906688540503019e-01 -3.526210622723542978e-03 1.036945043359061902e+00 -9.918373336227503945e-01 2.025683903042955862e-03 -1.274935301763904238e-01 -1.941748998082002231e+02
-1.279378102893784508e-01 3.804834043251685213e-03 9.917748937819825805e-01 -2.111871714284309007e+02 2.450580463682214098e-03 9.999908012707531269e-01 -3.520231422514243612e-03 1.035587770776532190e+00 -9.917791646096174585e-01 1.980053479164294028e-03 -1.279459574760750673e-01 -1.942501298650798560e+02
-1.281033515669851575e-01 3.804908855190516134e-03 9.917535248164782713e-01 -2.106299898959418897e+02 2.353751525175874857e-03 9.999909906730315434e-01 -3.532481638560254662e-03 1.034588986561064683e+00 -9.917580305553684861e-01 1.881818634386931170e-03 -1.281111532520262664e-01 -1.943221095447309210e+02
-1.283342176350834585e-01 3.796289668822513865e-03 9.917237098954232444e-01 -2.100604054261565068e+02 2.428405270825183693e-03 9.999908783811648494e-01 -3.513687849966150994e-03 1.032720217223027426e+00 -9.917280027466361947e-01 1.957380703073045847e-03 -1.283422659491082474e-01 -1.944015516011688476e+02
-1.288989977913972407e-01 3.738226561458415659e-03 9.916506814551927507e-01 -2.094891540143526072e+02 2.593385328187479497e-03 9.999907458760619594e-01 -3.432566791323311741e-03 1.026701882500948404e+00 -9.916543363092366059e-01 2.129277908719405445e-03 -1.289074996060142198e-01 -1.944815941467041682e+02
-1.296904579601196872e-01 3.760167089196262812e-03 9.915473999045915088e-01 -2.089193608077129056e+02 2.546992109982361852e-03 9.999907738603144303e-01 -3.459049788779694837e-03 1.024662545354219745e+00 -9.915512583549507264e-01 2.076857653016826039e-03 -1.296988385337471961e-01 -1.945497510952938569e+02
-1.301394748869155737e-01 3.733527324608487599e-03 9.914886675347707179e-01 -2.083331990971031473e+02 2.599614857667649232e-03 9.999907579547125946e-01 -3.424325882752175809e-03 1.020579448181049953e+00 -9.914922889658550620e-01 2.131848699109449574e-03 -1.301479778650995733e-01 -1.946219308073650041e+02
-1.309451771814160725e-01 3.640465044126971455e-03 9.913829268184873866e-01 -2.077502914378320611e+02 2.634066142892195050e-03 9.999910057922607454e-01 -3.324158560825091896e-03 1.015495272289831830e+00 -9.913861115975363125e-01 2.176085670447585815e-03 -1.309535886590071918e-01 -1.946921733103878012e+02
-1.312918640164875139e-01 3.815200906159714900e-03 9.913364165030565944e-01 -2.071688212265223399e+02 2.624785048513504550e-03 9.999904271197672667e-01 -3.500881642458789685e-03 1.020539535703297807e+00 -9.913402831250858194e-01 2.142407727544662788e-03 -1.313006212574934217e-01 -1.947692510692870371e+02
-1.317142758899509936e-01 3.685782774291559115e-03 9.912808706578204454e-01 -2.065847758303743547e+02 2.564164105337826856e-03 9.999910088689341059e-01 -3.377461137040015625e-03 1.014455921709301434e+00 -9.912844065096690915e-01 2.096946978837136051e-03 -1.317225425815231610e-01 -1.948428929122705426e+02
-1.322606839995552619e-01 3.785445332419643157e-03 9.912077390091369455e-01 -2.060033604214161187e+02 2.595016891510044943e-03 9.999906029930084594e-01 -3.472724148565330127e-03 1.016610143297452584e+00 -9.912115704305024533e-01 2.112895954493166847e-03 -1.322692644395624395e-01 -1.949106329269720561e+02
-1.326455448617946953e-01 3.559793029575937517e-03 9.911571456141069492e-01 -2.054149511917630377e+02 2.506797183112887545e-03 9.999915570494550821e-01 -3.256040185441896190e-03 1.004554514917624264e+00 -9.911603681525004150e-01 2.052730716157813613e-03 -1.326533486211582957e-01 -1.950032303387478123e+02
-1.330162834560097984e-01 3.660148730951089807e-03 9.911070939342618846e-01 -2.048136802927353415e+02 2.607424898503257586e-03 9.999910127527186221e-01 -3.343014985138986934e-03 1.005733832307582842e+00 -9.911104225417817215e-01 2.139561884946465826e-03 -1.330246315687113601e-01 -1.950834548029798725e+02
-1.333881750557783796e-01 3.506608629839917668e-03 9.910576665619442727e-01 -2.042200941740561007e+02 2.571134902013274062e-03 9.999915996367986226e-01 -3.192165589745040843e-03 9.986696723699333145e-01 -9.910605349929965113e-01 2.122345813913304683e-03 -1.333960705104970668e-01 -1.951624261761592152e+02
-1.336911047353903648e-01 3.766168205465940562e-03 9.910158951760960067e-01 -2.036116175136707795e+02 2.488753775369046545e-03 9.999909015079997410e-01 -3.464535446993107382e-03 1.008289504944097859e+00 -9.910199264491489357e-01 2.003216979266816879e-03 -1.336992614132834767e-01 -1.952443798217072413e+02
-1.347257126328098575e-01 3.636729891666439472e-03 9.908762569318514402e-01 -2.030017063695916590e+02 2.620576223735273692e-03 9.999910753719633005e-01 -3.313873365097080338e-03 1.000280440586858610e+00 -9.908794653921519924e-01 2.150202808891821943e-03 -1.347340405838239885e-01 -1.953096516527272399e+02
-1.353445430055086884e-01 3.478466395499378843e-03 9.907924883395947679e-01 -2.023875683030678090e+02 2.721513203531415303e-03 9.999913699953582036e-01 -3.138996764816849843e-03 9.899786612161519672e-01 -9.907948566905834253e-01 2.271608756346046604e-03 -1.353528416736975437e-01 -1.953949613334453659e+02
-1.361131187250437247e-01 3.719874188904818187e-03 9.906863183909228043e-01 -2.017726520947084623e+02 2.449924862218144563e-03 9.999911568134588480e-01 -3.418210504032281709e-03 1.001696367599023807e+00 -9.906902728800316416e-01 1.961843749922745003e-03 -1.361210284636038548e-01 -1.954755472696410266e+02
-1.368357189587068312e-01 3.795264205535706092e-03 9.905864838501806657e-01 -2.011688490681056294e+02 2.618918695839587800e-03 9.999905517783905795e-01 -3.469527174488098477e-03 1.003104235214397510e+00 -9.905902923418533623e-01 2.119510217033388454e-03 -1.368443655928934799e-01 -1.955571163079840176e+02
-1.373871223052451906e-01 3.635513827438372099e-03 9.905107579748412272e-01 -2.005534116671997538e+02 2.531456781617553303e-03 9.999912873169218841e-01 -3.319189179342100365e-03 9.925823440048857638e-01 -9.905141949266788037e-01 2.051421325804035113e-03 -1.373951284409227203e-01 -1.956334918338685611e+02
-1.372013934201188334e-01 3.610125658883239688e-03 9.905365942943781254e-01 -1.999338879642945699e+02 2.420016554526471710e-03 9.999915957143329370e-01 -3.309383715712489217e-03 9.901666839635190343e-01 -9.905402168329432433e-01 1.943062898899063431e-03 -1.372089769042730278e-01 -1.957362877805252310e+02
-1.382955488560917434e-01 3.504842193175977585e-03 9.903848026135061433e-01 -1.993231437873463108e+02 2.495478721419294287e-03 9.999917970100182796e-01 -3.190375937933552074e-03 9.834064070256015588e-01 -9.903878602610917126e-01 2.030269409545263064e-03 -1.383031606782050282e-01 -1.958116672579996020e+02
-1.390906029591916226e-01 3.639720952646007153e-03 9.902729707509112522e-01 -1.987001421575785116e+02 2.625509915337074195e-03 9.999910862797847244e-01 -3.306668816285259025e-03 9.846264068405339298e-01 -9.902761790864873515e-01 2.140044944153344283e-03 -1.390989192679226161e-01 -1.959005195947014499e+02
-1.401101584694943725e-01 3.603753125297356162e-03 9.901293634960359746e-01 -1.980885482990529454e+02 2.552190720656954438e-03 9.999913688592589889e-01 -3.278495006975231350e-03 9.830390063933831524e-01 -9.901326324367756282e-01 2.067648518795814523e-03 -1.401181466242833462e-01 -1.959871172076597645e+02
-1.404263596730277452e-01 3.656879231188924807e-03 9.900843725376490267e-01 -1.974771964921160077e+02 2.462315648529540477e-03 9.999913765136186905e-01 -3.344233850257883472e-03 9.842212892798265500e-01 -9.900880640178572056e-01 1.968281658376976745e-03 -1.404341530991832787e-01 -1.960746633984264804e+02
-1.409297887072968880e-01 3.661508993441210322e-03 9.900128221426266473e-01 -1.968782048159029046e+02 2.724558889713821902e-03 9.999908084200838099e-01 -3.310567051694763424e-03 9.817452626091389689e-01 -9.900158440316869646e-01 2.230790720402680942e-03 -1.409384693367592423e-01 -1.961594637337457527e+02
-1.409843050012011823e-01 3.748659960485356719e-03 9.900047339744538766e-01 -1.962632081857514663e+02 2.638012892240309756e-03 9.999907036274520156e-01 -3.410798536076731224e-03 9.829172520097988475e-01 -9.900083164455281137e-01 2.130776190495655732e-03 -1.409928833718827601e-01 -1.962520952669673591e+02
-1.415953168716024280e-01 3.843352969570652464e-03 9.899171656648763085e-01 -1.956562722766564093e+02 2.528265368973291183e-03 9.999906057842947726e-01 -3.520826235887766255e-03 9.870020933052041645e-01 -9.899213979474607017e-01 2.004240781582323182e-03 -1.416037037108666130e-01 -1.963478079921572146e+02
-1.424576365190648453e-01 3.423298340408757138e-03 9.897949801983613183e-01 -1.950621557778968338e+02 2.787973796252308459e-03 9.999914400206539877e-01 -3.057300693470913280e-03 9.652194797883278943e-01 -9.897969736261641449e-01 2.323986637535140239e-03 -1.424659611507084200e-01 -1.964259197861691746e+02
-1.431374720593030503e-01 3.369019731359143392e-03 9.896970818379341450e-01 -1.944634708413954343e+02 2.335354335842418534e-03 9.999925719041805605e-01 -3.066309930233269455e-03 9.642785552036129415e-01 -9.897000607318354737e-01 1.872389519276881171e-03 -1.431442766752824003e-01 -1.964989427912601059e+02
-1.436651603824261603e-01 3.333574000493578441e-03 9.896207399689416206e-01 -1.938664189158482145e+02 2.531298223035299399e-03 9.999922931219398237e-01 -3.001037492353226567e-03 9.594477450124726525e-01 -9.896231172631317907e-01 2.073880687909660826e-03 -1.436724914424973853e-01 -1.965863205102035067e+02
-1.444774722294446256e-01 3.346850149673973474e-03 9.895024298162515830e-01 -1.932802489666572399e+02 2.766660769531294802e-03 9.999917374220805844e-01 -2.978367968346319790e-03 9.546137272601852297e-01 -9.895042221266043825e-01 2.307310478492693301e-03 -1.444855380720833082e-01 -1.966567301746371186e+02
-1.447830808891061860e-01 3.324596328700699446e-03 9.894578346486068154e-01 -1.926813046464354784e+02 2.395675863183659854e-03 9.999926019632287000e-01 -3.009444462066348733e-03 9.567940714107823208e-01 -9.894605197911724437e-01 1.934703611123010994e-03 -1.447899744337293182e-01 -1.967605200657471300e+02
-1.449651918853724908e-01 3.704728031133082671e-03 9.894298197102473491e-01 -1.920850784899628252e+02 2.601683858542827143e-03 9.999909603945252856e-01 -3.363089403399037794e-03 9.676393887534244787e-01 -9.894333349866162308e-01 2.086652690409686491e-03 -1.449735199883490644e-01 -1.968662933967160598e+02
-1.455089341029160988e-01 3.812849983845449219e-03 9.893495905246207922e-01 -1.914992960264999056e+02 2.824144416455475360e-03 9.999901004299236451e-01 -3.438495378236120989e-03 9.675324769410362791e-01 -9.893529068560666939e-01 2.293734324597677260e-03 -1.455182616660188888e-01 -1.969566298197337630e+02
-1.470081431576082398e-01 3.688730929676023104e-03 9.891284037522533046e-01 -1.909107269085970131e+02 2.736089332755325607e-03 9.999907370584759647e-01 -3.322591219085631754e-03 9.616343514814660320e-01 -9.891314976586861318e-01 2.217895708642290357e-03 -1.470168741271227209e-01 -1.970198460132012315e+02
-1.468311748811910178e-01 3.442508161982403558e-03 9.891555768535928994e-01 -1.903357419261052712e+02 2.319148394835229658e-03 9.999923936036749783e-01 -3.135966440416293292e-03 9.544691265298470562e-01 -9.891588485343152382e-01 1.833540931468015172e-03 -1.468380417123600346e-01 -1.971399755497721458e+02
-1.483980817944015040e-01 3.446583364109356406e-03 9.889217008352364502e-01 -1.897522567742333308e+02 2.350225011110030054e-03 9.999923319427391766e-01 -3.132490721419545123e-03 9.527996725371342679e-01 -9.889249141174165647e-01 1.859332901035023067e-03 -1.484050441158379918e-01 -1.972076417303723304e+02
-1.484846549537410798e-01 3.164952874389334765e-03 9.889096471956226875e-01 -1.891737206997468093e+02 2.153855710908187011e-03 9.999935417951169025e-01 -2.877025136208492470e-03 9.410012554268067930e-01 -9.889123662634846657e-01 1.702774606541334300e-03 -1.484905128612408198e-01 -1.973104055747264169e+02
-1.495767352873265121e-01 3.284501403820121873e-03 9.887446648712262531e-01 -1.886015507123118482e+02 2.117506559156889095e-03 9.999932534607010037e-01 -3.001532784119401252e-03 9.431037562903494820e-01 -9.887478528051311111e-01 1.644713838489742386e-03 -1.495826811152696223e-01 -1.973881038632396780e+02
-1.502704503803471425e-01 3.622271619392605172e-03 9.886382912323407046e-01 -1.880266149408057288e+02 2.220847487282361348e-03 9.999920017256680449e-01 -3.326307431640504724e-03 9.531147234795270817e-01 -9.886424326210793145e-01 1.695769149058356118e-03 -1.502772929888853692e-01 -1.974890960865542695e+02
-1.516325477332007843e-01 3.237664536680047965e-03 9.884316304106656181e-01 -1.874603886852875121e+02 2.113811358292559846e-03 9.999934109056909382e-01 -2.951261890016424003e-03 9.372780531100998180e-01 -9.884346727373946040e-01 1.641850647846606909e-03 -1.516383924241153647e-01 -1.975567893798065597e+02
-1.533423882098361446e-01 3.005965426650681997e-03 9.881685464281675380e-01 -1.868781154560570883e+02 2.207349468915527010e-03 9.999939203925568565e-01 -2.699404794885954667e-03 9.254327037137066725e-01 -9.881706530688036949e-01 1.767300138164348312e-03 -1.533480911644995448e-01 -1.976333015368571182e+02
-1.543340120611862432e-01 3.148188333988451160e-03 9.880137153052642729e-01 -1.863234328497988770e+02 2.091032969001198338e-03 9.999937247470621626e-01 -2.859728591904432769e-03 9.302902038798280815e-01 -9.880165182334860186e-01 1.624615865533973313e-03 -1.543396265418226498e-01 -1.977397143034505973e+02
-1.558261461402095094e-01 3.649213964750692638e-03 9.877777560851070948e-01 -1.857552814010192321e+02 2.413634277436718135e-03 9.999915972588524493e-01 -3.313575299243196222e-03 9.470631662622291946e-01 -9.877815479895666329e-01 1.867792581750081331e-03 -1.558336446413506327e-01 -1.978234391659358948e+02
-1.578100689102317489e-01 3.518887130600255493e-03 9.874632142940363844e-01 -1.852010931966978831e+02 2.379162822458419715e-03 9.999921030233274166e-01 -3.183311993365899387e-03 9.390021094405283097e-01 -9.874666180356742595e-01 1.846977082957823417e-03 -1.578171946932362957e-01 -1.979216535630552869e+02
-1.603781994134063638e-01 3.433291720082577540e-03 9.870496672715501907e-01 -1.846467491703799624e+02 2.224548109181212485e-03 9.999926682518422982e-01 -3.116861926814233283e-03 9.342968023059822213e-01 -9.870531315682166129e-01 1.695862767354204721e-03 -1.603846610834425146e-01 -1.980184978518247192e+02
-1.633527176955895666e-01 3.567290006615754690e-03 9.865612824672748138e-01 -1.840887297020445033e+02 2.586217005503621894e-03 9.999915752062257246e-01 -3.187632063432275197e-03 9.355647497749856045e-01 -9.865643420999289370e-01 2.030753205113066014e-03 -1.633605672687090671e-01 -1.980924575830129299e+02
-1.664536403632359551e-01 3.540600319461741866e-03 9.860429249070268298e-01 -1.835292350575274725e+02 2.538747255752359013e-03 9.999917778413452973e-01 -3.162121451960135925e-03 9.335504064362256660e-01 -9.860460133138808647e-01 1.976967142712297756e-03 -1.664612604443409527e-01 -1.981856492495802797e+02
-1.700579758626128424e-01 3.046857163295290521e-03 9.854293488154988179e-01 -1.829785810726346824e+02 2.025311695087987293e-03 9.999941887228311899e-01 -2.742377272459594218e-03 9.186692622791010621e-01 -9.854319778442595101e-01 1.529438456832858586e-03 -1.700631584440264188e-01 -1.982726338291954278e+02
-1.731040576323199520e-01 3.505393700357612059e-03 9.848973029946990199e-01 -1.824388656647238065e+02 2.331949520604845519e-03 9.999923220595846596e-01 -3.149259168963224227e-03 9.330590177383589756e-01 -9.849007804051430615e-01 1.751581252880171982e-03 -1.731109029508388630e-01 -1.983834255566250135e+02
-1.778092810358775644e-01 3.282768842624305110e-03 9.840594915990752423e-01 -1.818992573148415772e+02 2.258474654816733287e-03 9.999931634995022911e-01 -2.927839901915816126e-03 9.237516746684162339e-01 -9.840623754974773263e-01 1.701876312660546495e-03 -1.778154794928679117e-01 -1.984679332972573889e+02
-1.833135407387898042e-01 3.195113660723894727e-03 9.830493054931188635e-01 -1.813556496067201067e+02 2.312246360412976379e-03 9.999933533260745300e-01 -2.819010542983342582e-03 9.172445000277329452e-01 -9.830517785440282541e-01 1.756289374718712944e-03 -1.833197102033916615e-01 -1.985573602361313021e+02
-1.892635475563957392e-01 2.753665897862325046e-03 9.819224648058987315e-01 -1.808220888942230431e+02 1.902973929698120216e-03 9.999952184986738990e-01 -2.437554104474343435e-03 9.044957935330790733e-01 -9.819244819519429290e-01 1.407232714337077785e-03 -1.892678827469067571e-01 -1.986592820697674426e+02
-1.950318476842918258e-01 3.077245209109632975e-03 9.807920824266345150e-01 -1.803015840223837074e+02 2.329971942521719217e-03 9.999937099965701126e-01 -2.674172403324162964e-03 9.102570651294505932e-01 -9.807941423252886093e-01 1.763669248654853262e-03 -1.950377908282983075e-01 -1.987540460664865236e+02
-2.022796135254960603e-01 3.690404662265436928e-03 9.793208559330314200e-01 -1.797971066709153831e+02 2.714445101122348134e-03 9.999911714222031733e-01 -3.207626138275953935e-03 9.281640195905139779e-01 -9.793240473611221075e-01 2.009475324229622467e-03 -2.022878450850478238e-01 -1.988584890228866868e+02
-2.100615413511208729e-01 3.819971364958390028e-03 9.776807028186463855e-01 -1.792845284230052982e+02 2.864367342889857608e-03 9.999904799763991159e-01 -3.291710238751175289e-03 9.299433817038844641e-01 -9.776839695141351649e-01 2.108974950493996883e-03 -2.100704833615181233e-01 -1.989591720820087914e+02
-2.172971538580661388e-01 4.043281387020032473e-03 9.760971257005163215e-01 -1.787936013067059378e+02 3.002010352537061010e-03 9.999894597547076547e-01 -3.473947802018286218e-03 9.347501014782803042e-01 -9.761008835458696575e-01 2.175374706404561032e-03 -2.173070014653453175e-01 -1.990668699012224749e+02
-2.264397351670501823e-01 4.084615943341520124e-03 9.740166129230405367e-01 -1.783017651978169340e+02 3.209343369487617503e-03 9.999889076316119674e-01 -3.447423512164634728e-03 9.318515369774287294e-01 -9.740198901729950620e-01 2.345320091352125647e-03 -2.264503323491846576e-01 -1.991845141398992496e+02
-2.347726385958157636e-01 3.860518842201824622e-03 9.720426454436179586e-01 -1.778136070200247048e+02 3.017510236297432733e-03 9.999901896847200877e-01 -3.242709714336536406e-03 9.242301234099259410e-01 -9.720456279407525546e-01 2.171849116908680221e-03 -2.347819845573357878e-01 -1.993112962496623766e+02
-2.455343265118461460e-01 3.470059064044926211e-03 9.693816860217994158e-01 -1.773338381417015057e+02 2.707048152698332804e-03 9.999921483919352871e-01 -2.893966962596594434e-03 9.126448575059055157e-01 -9.693841170530252960e-01 1.913594673296218924e-03 -2.455417922895271055e-01 -1.994242787963094372e+02
-2.574016608244438231e-01 3.668402949434488788e-03 9.662975358680258031e-01 -1.768406578423037558e+02 2.940183804877560293e-03 9.999911381997863558e-01 -3.013111529525295748e-03 9.177872737650631940e-01 -9.663000260395379071e-01 2.065512453703171637e-03 -2.574101655612928141e-01 -1.995459709296443123e+02
-2.678003559346782136e-01 3.591580556176684168e-03 9.634677316393986946e-01 -1.763675727483803541e+02 2.951705802731676050e-03 9.999914175066983990e-01 -2.907291832294591535e-03 9.128159859376199226e-01 -9.634699044568615367e-01 2.065299506730263693e-03 -2.678086588290859993e-01 -1.996717936957157065e+02
-2.806620727548518879e-01 3.487704076799114702e-03 9.598003109174442216e-01 -1.758875846719778338e+02 2.791256511706059675e-03 9.999921351437351946e-01 -2.817541083891730164e-03 9.084070740590682869e-01 -9.598025889754808748e-01 1.888271947108811910e-03 -2.806696004647060150e-01 -1.998079703262619375e+02
-2.936035408726906937e-01 3.754454474028104047e-03 9.559199050436291145e-01 -1.754121875305464187e+02 3.177077744097168803e-03 9.999905966879589769e-01 -2.951730453083944994e-03 9.134417908047276491e-01 -9.559219983680815602e-01 2.170393342726396370e-03 -2.936127082207300454e-01 -1.999627044870989039e+02
-3.052243235449203507e-01 3.295754504603036570e-03 9.522747766893713273e-01 -1.749274985605705410e+02 2.912818009047201968e-03 9.999925641403211163e-01 -2.527282198716850753e-03 8.983162867365241944e-01 -9.522760250094468581e-01 2.002415119591733662e-03 -3.052316538727541939e-01 -2.001125951459451358e+02
-3.188651004646863019e-01 3.687918467668104428e-03 9.477929346450214565e-01 -1.744465533621088298e+02 3.241550572735879283e-03 9.999908248120074061e-01 -2.800471689821346435e-03 9.093125538763214832e-01 -9.477945663779311358e-01 2.179346043410195985e-03 -3.188741293916663722e-01 -2.002704782605007949e+02
-3.332654732617827964e-01 3.631729371035826836e-03 9.428260363785971876e-01 -1.739790942195168952e+02 3.203115417368747071e-03 9.999911715867517703e-01 -2.719705899293762934e-03 9.072073723585066807e-01 -9.428275899565219387e-01 2.113596539359953973e-03 -3.332741639048033555e-01 -2.004269029557983401e+02
-3.460846605416347810e-01 3.411744409047762650e-03 9.381970836332147456e-01 -1.735186724627763510e+02 3.106984119097502394e-03 9.999920723752794283e-01 -2.490348625689994908e-03 8.997492924449869145e-01 -9.381981423918221985e-01 2.053091980679740917e-03 -3.460925171480218054e-01 -2.005812221501485055e+02
-3.604550649610787083e-01 3.603395782816425086e-03 9.327696187605691858e-01 -1.730647618266760617e+02 3.393481118282470899e-03 9.999909864677076765e-01 -2.551718879652355425e-03 9.034506094796235232e-01 -9.327704060645389816e-01 2.245556094444029534e-03 -3.604640440432616000e-01 -2.007521187807186323e+02
-3.749852613977444626e-01 3.745390623236579449e-03 9.270232067125099285e-01 -1.726043668910540134e+02 3.492418537816427849e-03 9.999904495942710803e-01 -2.627495576471012510e-03 9.060842151951897794e-01 -9.270241942620602860e-01 2.252280916544399571e-03 -3.749947606079997442e-01 -2.009406464222380180e+02
-3.876915984705604501e-01 3.500149169014539052e-03 9.217824978980326822e-01 -1.721459809534082410e+02 3.286093461162119689e-03 9.999916845836083201e-01 -2.415026584049354691e-03 8.988597312380754989e-01 -9.217832858460315304e-01 2.092777922237418903e-03 -3.876998764707850764e-01 -2.011280862618636149e+02
-4.030170577795364473e-01 3.479681791429545257e-03 9.151858515915533010e-01 -1.716987993991415635e+02 3.372294138134372503e-03 9.999916293467452366e-01 -2.317081933701205677e-03 8.951976858717490826e-01 -9.151862535959399692e-01 2.152452339071330486e-03 -4.030254187739978899e-01 -2.013185207012330977e+02
-4.183068523928761273e-01 3.479867851951995265e-03 9.082991069911374726e-01 -1.712350949788144021e+02 3.293183695338379631e-03 9.999918989314880990e-01 -2.314522098694620032e-03 8.972136670544762493e-01 -9.082998030288862434e-01 2.023015355734924126e-03 -4.183149235044778536e-01 -2.015406162427782704e+02
-4.341422930361602539e-01 3.173535501163271804e-03 9.008387192332091287e-01 -1.707824785702829047e+02 3.202069650126686522e-03 9.999929138125226435e-01 -1.979665299074001919e-03 8.846887862135620617e-01 -9.008386182592648117e-01 2.025091890131551498e-03 -4.341493785041918851e-01 -2.017440998229124602e+02
-4.477375239131389240e-01 3.316535311210349821e-03 8.941588842446634988e-01 -1.703339040450164816e+02 3.351861019370390958e-03 9.999923206416403421e-01 -2.030685956408258101e-03 8.893608370818999465e-01 -8.941587525198413378e-01 2.087882007255991920e-03 -4.477452021416707950e-01 -2.019542092606080530e+02
-4.629768517994881094e-01 3.278231044447070096e-03 8.863643087912861374e-01 -1.698968696158663363e+02 3.396532925953082722e-03 9.999923801594474693e-01 -1.924366681781404824e-03 8.857187290326616891e-01 -8.863638633551788049e-01 2.119628331160266013e-03 -4.629844586093792014e-01 -2.021877801941483597e+02
-4.776246514967130707e-01 3.411629084762784255e-03 8.785573703917302080e-01 -1.694552850469214320e+02 3.727028350365656478e-03 9.999913303722937075e-01 -1.856997556709973464e-03 8.859477471860627285e-01 -8.785560890132850798e-01 2.387460416018830599e-03 -4.776332259071212061e-01 -2.024154520947662093e+02
-4.896342510543838511e-01 3.429856709376513050e-03 8.719211754954494520e-01 -1.690317946493547083e+02 3.727796553074418529e-03 9.999913584326449723e-01 -1.840269787895992869e-03 8.859947172512785407e-01 -8.719199525915621862e-01 2.349285633230067342e-03 -4.896428056550428121e-01 -2.026511067629724039e+02
-5.032995220935057024e-01 3.621140699012831681e-03 8.641044372068037438e-01 -1.685890743076287208e+02 3.874432044456231367e-03 9.999906243251865945e-01 -1.933917799818747748e-03 8.923585608382486045e-01 -8.641033386330491117e-01 2.374574016853957421e-03 -5.033088331844146612e-01 -2.028973388098542898e+02
-5.147342429026449118e-01 3.521945548499807489e-03 8.573425541071634237e-01 -1.681804036447353212e+02 3.959054057098225499e-03 9.999906647375320645e-01 -1.730990687926493073e-03 8.854634213294767520e-01 -8.573406470443437621e-01 2.503265335939548492e-03 -5.147433812961987876e-01 -2.031406752725294211e+02
-5.279757315430833042e-01 3.680249675333985802e-03 8.492514837572401332e-01 -1.677537390724044997e+02 4.195727058843314559e-03 9.999897100495750424e-01 -1.725012873710954223e-03 8.880400434305695256e-01 -8.492490934796425028e-01 2.652462496244309062e-03 -5.279857400221263930e-01 -2.033945872120728211e+02
-5.402703636159746914e-01 3.573683420344353316e-03 8.414839053630640553e-01 -1.673346234461950530e+02 4.185258233352621808e-03 9.999900253983901033e-01 -1.559717040754934978e-03 8.822565870222003337e-01 -8.414810858312760100e-01 2.679158550407781478e-03 -5.402799314222943572e-01 -2.036607947662906781e+02
-5.499745681870673586e-01 3.579238443430208996e-03 8.351737324650568839e-01 -1.669114932470694157e+02 4.318742864632497090e-03 9.999896350431616288e-01 -1.441619337257315711e-03 8.794879865276276076e-01 -8.351702358247200531e-01 2.814046625313735422e-03 -5.499843255348941806e-01 -2.039216467717491525e+02
-5.597746841859356781e-01 3.569316550174993132e-03 8.286371720625992365e-01 -1.665020206402906808e+02 4.560078041998313209e-03 9.999888501319276202e-01 -1.226906710464014056e-03 8.734248958701373855e-01 -8.286323120858779534e-01 3.091858856730638101e-03 -5.597847191340821205e-01 -2.041962628327536891e+02
-5.684799847908907910e-01 3.489013885803231123e-03 8.226896946444958170e-01 -1.660968006087770448e+02 4.387522112252234020e-03 9.999896437434839802e-01 -1.209154867884246719e-03 8.729912855428689777e-01 -8.226853934171091121e-01 2.922188885870096071e-03 -5.684894055919178513e-01 -2.044739304678352028e+02
-5.750547716893092964e-01 3.519778215991639387e-03 8.181073405847590907e-01 -1.656803528569321315e+02 4.338858588342737500e-03 9.999898027512121867e-01 -1.252477441766338892e-03 8.753100485094900129e-01 -8.181034065834874580e-01 2.829408931561466257e-03 -5.750641795326774108e-01 -2.047461633218517250e+02
-5.805186834024937959e-01 3.461593935821824335e-03 8.142395689157212457e-01 -1.652793318799890017e+02 4.452991262884201280e-03 9.999895059742550663e-01 -1.076480458694491563e-03 8.684693671154983807e-01 -8.142347506029502524e-01 3.000884667686465682e-03 -5.805280058720365677e-01 -2.050420190133542633e+02
-5.848241696769500564e-01 3.578296875745063613e-03 8.111521967874677497e-01 -1.648852512349914718e+02 4.709753461080171122e-03 9.999883932325854818e-01 -1.015688164673738455e-03 8.682259185656752143e-01 -8.111464163663681948e-01 3.226327878726536601e-03 -5.848342346549293413e-01 -2.053188395526412080e+02
-5.876052796595785388e-01 3.617794048369356395e-03 8.091396337359900715e-01 -1.644769395691461682e+02 4.692010192509967967e-03 9.999884266975574976e-01 -1.063725198128263535e-03 8.718980236640325732e-01 -8.091341176569813998e-01 3.171440866125947201e-03 -5.876154538525095727e-01 -2.056074047390231385e+02
-5.894607748373217326e-01 3.608834576926133169e-03 8.077889397863656784e-01 -1.640790308048092356e+02 4.473611108480708524e-03 9.999892697286036913e-01 -1.203009270073460450e-03 8.765841498808455423e-01 -8.077846134532610245e-01 2.904606797862156232e-03 -5.894705942856823810e-01 -2.058983613544257594e+02
-5.906950551523399984e-01 3.529147171060591313e-03 8.068871649362254761e-01 -1.636788128593921101e+02 4.438884599540719733e-03 9.999895162112355518e-01 -1.124175756294559791e-03 8.730175389328381774e-01 -8.068826730833216221e-01 2.917633949637144300e-03 -5.907045279071847510e-01 -2.061914736013859226e+02
-5.913441579830349681e-01 3.639905148875732625e-03 8.064110849373554712e-01 -1.632719287506452304e+02 4.586703967923153220e-03 9.999888195168168403e-01 -1.150212186406787858e-03 8.745386105183444725e-01 -8.064062555350411943e-01 3.018597666186835331e-03 -5.913542416370103361e-01 -2.064830131828839228e+02
-5.913705095721899507e-01 3.529380864002690504e-03 8.063922518719072174e-01 -1.628721543645446843e+02 4.382289633828327646e-03 9.999897214984565519e-01 -1.162942390913515242e-03 8.735010286235682653e-01 -8.063880678345222153e-01 2.846114571860115100e-03 -5.913798979386686305e-01 -2.067942989275856291e+02
-5.907393886529055393e-01 3.556811243068522341e-03 8.068545865196364852e-01 -1.624582493513343024e+02 4.333405380662444517e-03 9.999898475278908849e-01 -1.235491380899001596e-03 8.750372324570963034e-01 -8.068507893605850745e-01 2.766574583598154120e-03 -5.907488042927171445e-01 -2.070905278511430936e+02
-5.892479404707662294e-01 3.336635497385874363e-03 8.079453765660887798e-01 -1.620478571488867487e+02 4.560715399644192647e-03 9.999892770505820483e-01 -8.035290272441581935e-04 8.591011329121981399e-01 -8.079393940921589801e-01 3.211331096564188498e-03 -5.892568394398018938e-01 -2.074059676495362794e+02
-5.870619126070271143e-01 3.570772284138235778e-03 8.095341625598481139e-01 -1.616320305421025978e+02 4.617541716033660495e-03 9.999887748752871452e-01 -1.062276763833295244e-03 8.694508344462114069e-01 -8.095288685863405442e-01 3.114435537480495474e-03 -5.870718109538244356e-01 -2.076954470441107219e+02
-5.836757669243750613e-01 3.789901122467195273e-03 8.119779773828380565e-01 -1.612332592611184623e+02 4.760100540391653916e-03 9.999878947348445068e-01 -1.245723331584957638e-03 8.760583060357265417e-01 -8.119728693423741150e-01 3.137998287987732535e-03 -5.836867416848325885e-01 -2.079981127680731561e+02
-5.803814853271531682e-01 3.550164084765545462e-03 8.143369866489054143e-01 -1.608202739591238242e+02 4.827520516542468595e-03 9.999879252348844449e-01 -9.189287749403305013e-04 8.631659625724098506e-01 -8.143304160689999183e-01 3.397899263117230059e-03 -5.803916158469968334e-01 -2.082930282323828806e+02
-5.757401759267057884e-01 3.453363324926173733e-03 8.176254179669514288e-01 -1.603917571146794501e+02 4.628565923061845125e-03 9.999888231451936615e-01 -9.643454704652855685e-04 8.621311633011102815e-01 -8.176196097216491543e-01 3.229220716611224014e-03 -5.757497250821590473e-01 -2.085953300310019927e+02
-5.706304538019331130e-01 3.715885892583314053e-03 8.211985614854871995e-01 -1.599791533998324269e+02 5.121986212748538651e-03 9.999864161979583610e-01 -9.657519350038615974e-04 8.628869361301820806e-01 -8.211909951107821959e-01 3.655080244926249208e-03 -5.706417351871198029e-01 -2.088807526516839914e+02
-5.640571547255486262e-01 3.583840086903037746e-03 8.257279711219370766e-01 -1.595495859991584666e+02 4.893255188983961293e-03 9.999875303781272651e-01 -9.975679973742138020e-04 8.598955463965834989e-01 -8.257212497305458365e-01 3.477812313137454599e-03 -5.640676577902163924e-01 -2.091758393989168212e+02
-5.566398804465073624e-01 3.583664787453638614e-03 8.307461711276132865e-01 -1.591210939654581864e+02 4.914322989102330903e-03 9.999874035136977479e-01 -1.020903272522587051e-03 8.573080071249231660e-01 -8.307393652199571710e-01 3.514279531316747904e-03 -5.566504800261282693e-01 -2.094737112939819212e+02
-5.485283923940180717e-01 3.611054226990088011e-03 8.361241313495291205e-01 -1.586941062453526854e+02 4.855466413589440595e-03 9.999875698681647274e-01 -1.133382137184687707e-03 8.609589490685787272e-01 -8.361178309207031312e-01 3.438080355681271370e-03 -5.485391074663019673e-01 -2.097544784672078890e+02
-5.405330090472162397e-01 3.570334426847633288e-03 8.413152315526227776e-01 -1.582704187763799553e+02 4.739158815645320641e-03 9.999880514816679167e-01 -1.198860966544607965e-03 8.586861962493876899e-01 -8.413094594167372930e-01 3.339102570673684565e-03 -5.405434708605223459e-01 -2.100368139477469640e+02
-5.301401966706666968e-01 3.568114220377762314e-03 8.479024946507101035e-01 -1.578660132973455745e+02 4.942115048102282970e-03 9.999871625737148939e-01 -1.118117445561973454e-03 8.543596931270694972e-01 -8.478955993356955823e-01 3.597672675645611183e-03 -5.301510250659529078e-01 -2.103005338285379651e+02
-5.201689559009521346e-01 3.349487385937021874e-03 8.540568120746797609e-01 -1.574302815705736123e+02 5.014480414120196447e-03 9.999870509556982867e-01 -8.677021966227195515e-04 8.460720134389857483e-01 -8.540486592127464194e-01 3.831299411044212372e-03 -5.201790161489920905e-01 -2.105858515501461454e+02
-5.073825778777174556e-01 3.467599546908825547e-03 8.617139289924152790e-01 -1.569551045674474494e+02 5.138925471058559263e-03 9.999862974409773342e-01 -9.981859988035378817e-04 8.454307763123475317e-01 -8.617055826157596909e-01 3.921821473190686101e-03 -5.073934451736319406e-01 -2.108820380316496141e+02
-4.942340444318893411e-01 3.658175273347914237e-03 8.693211875240166586e-01 -1.564605112916166831e+02 5.305682803481267563e-03 9.999852148155065068e-01 -1.191587333865249928e-03 8.521524596756442360e-01 -8.693126934851956866e-01 4.023419448038055742e-03 -4.942461462079994483e-01 -2.111724524559787710e+02
-4.799898294203841509e-01 3.647600773982536890e-03 8.772664695869687446e-01 -1.560128422405297499e+02 4.972190202904222533e-03 9.999866055650397101e-01 -1.437363939929427355e-03 8.570468265549755493e-01 -8.772599620281187338e-01 3.672015673074963647e-03 -4.800015367926648846e-01 -2.114213718825733679e+02
-4.667891722780344033e-01 3.488387140956198881e-03 8.843617471369636940e-01 -1.555077795474159927e+02 4.792290864822263546e-03 9.999875158121335206e-01 -1.414979909772161489e-03 8.521465427796822700e-01 -8.843556425964923529e-01 3.577621421130132949e-03 -4.668000621601420264e-01 -2.117048042904981742e+02
-4.505392588141916566e-01 3.477408381155434880e-03 8.927498439642034267e-01 -1.550061254964409159e+02 4.972064686330027530e-03 9.999866788542188800e-01 -1.385888474695394371e-03 8.461311552816109804e-01 -8.927427708135831086e-01 3.814412806712664215e-03 -4.505505470144568481e-01 -2.119556865105958536e+02
-4.355405537144811934e-01 3.753598776104792329e-03 9.001612836410546326e-01 -1.545323043777676162e+02 4.402137395849722336e-03 9.999882299137732300e-01 -2.039906925990542241e-03 8.657608919392452140e-01 -9.001583456572688213e-01 3.074171456940449562e-03 -4.355519512221501799e-01 -2.121930452302132437e+02
-4.169037271599953520e-01 3.773562602459065544e-03 9.089428158610365349e-01 -1.540173457447971828e+02 4.490329475301614408e-03 9.999877302258463052e-01 -2.091970115267689778e-03 8.615748757717992534e-01 -9.089395575181596909e-01 3.209302579262034855e-03 -4.169155563847999346e-01 -2.124409544171450932e+02
-3.966308885705089882e-01 3.622919477038969143e-03 9.179710304177536306e-01 -1.535307418571615017e+02 5.081850438506303920e-03 9.999855545201798979e-01 -1.750870380397688900e-03 8.458604769617463770e-01 -9.179641131481611760e-01 3.970542208715623425e-03 -3.966435701819452930e-01 -2.126584815233192103e+02
-3.751920051016606195e-01 3.604798471513523742e-03 9.269401084944894897e-01 -1.530094321289790287e+02 4.752599442496893006e-03 9.999867753258429026e-01 -1.965190057329063711e-03 8.472860690941719231e-01 -9.269349341277064447e-01 3.668051444843781032e-03 -3.752041754728527856e-01 -2.128826712317735428e+02
-3.557072904732478946e-01 3.558737410451965569e-03 9.345906370664236462e-01 -1.525211105996054073e+02 4.661642744793152195e-03 9.999870668529780016e-01 -2.033522485137096575e-03 8.470506308275910223e-01 -9.345857866408520120e-01 3.633388889327762022e-03 -3.557192796209933672e-01 -2.130885112658936578e+02
-3.320157018084168854e-01 3.476460645185236627e-03 9.432674530450241290e-01 -1.520005138812099688e+02 4.534275597369946849e-03 9.999875370690582965e-01 -2.089509838678440742e-03 8.451195622500907723e-01 -9.432629612666191266e-01 3.583284518610940599e-03 -3.320273271503222379e-01 -2.133093569521628297e+02
-3.082165022479972372e-01 3.468113536291324382e-03 9.513099179187139987e-01 -1.514614562015655963e+02 4.537549358023079162e-03 9.999873389631327436e-01 -2.175444611150682914e-03 8.420652710448287559e-01 -9.513054180376744329e-01 3.646107778449930812e-03 -3.082283366438494099e-01 -2.134926725554766449e+02
-2.865870730973081315e-01 3.530158876950761394e-03 9.580476958439085866e-01 -1.509631917207090339e+02 4.414730203885607572e-03 9.999874605416344542e-01 -2.364088983095532798e-03 8.444185400971255806e-01 -9.580440280544240128e-01 3.552004757398174225e-03 -2.865990641496554137e-01 -2.136595021718118801e+02
-2.606095510188639608e-01 3.452845335769455602e-03 9.654381076883354895e-01 -1.504589939768920601e+02 4.102465846259644409e-03 9.999885368477311465e-01 -2.468997187941085556e-03 8.459029162096279864e-01 -9.654355657897254472e-01 3.317232614852772248e-03 -2.606207287919604099e-01 -2.138028496595125887e+02
-2.329095124526083804e-01 3.563271656652657830e-03 9.724918827960411516e-01 -1.499256450433252894e+02 3.895738399165471228e-03 9.999886823625020460e-01 -2.731001507187096836e-03 8.497858795280798239e-01 -9.724906077857067288e-01 3.152497741138979379e-03 -2.329207580413961143e-01 -2.139640479177333248e+02
-2.051360799446972916e-01 3.371664228250424982e-03 9.787276539391616126e-01 -1.494074608551865992e+02 3.873161977453739874e-03 9.999890326020005604e-01 -2.633114507850001836e-03 8.399021690109650384e-01 -9.787257978214427556e-01 3.250623947333802343e-03 -2.051468891373540160e-01 -2.140907523872319587e+02
-1.809200653458575836e-01 3.415203643036361040e-03 9.834918740586151564e-01 -1.488750532452954189e+02 3.668136616004772591e-03 9.999893587318663402e-01 -2.797712779586787428e-03 8.415381034370289504e-01 -9.834909632167530003e-01 3.101420175875778049e-03 -1.809306675604656078e-01 -2.141820675167131185e+02
-1.513196214295877695e-01 3.516188502849083939e-03 9.884786333496636823e-01 -1.483659278785694937e+02 3.468287063783590408e-03 9.999894065012696620e-01 -3.026197297227388536e-03 8.483827514753533583e-01 -9.884788025826601876e-01 2.970404627485431510e-03 -1.513302135764684753e-01 -2.142862579264420617e+02
-1.214222936079270010e-01 3.699416673962559448e-03 9.925940463912036327e-01 -1.478194057123104983e+02 3.235080396411661296e-03 9.999892184996758138e-01 -3.331236892850506642e-03 8.550804805469229830e-01 -9.925956683714770579e-01 2.806635116993857343e-03 -1.214329524037891517e-01 -2.143668870336385908e+02
-9.461832956817528562e-02 3.402293618088984319e-03 9.955078081601695938e-01 -1.472771677168272220e+02 3.041607773360158022e-03 9.999904804367151234e-01 -3.128523309906139620e-03 8.428249631370509087e-01 -9.955089755154806763e-01 2.731928638142287497e-03 -9.462777728571514224e-02 -2.144608425597929511e+02
-6.431776358973539942e-02 3.491465942380334378e-03 9.979233612619698990e-01 -1.467570364038361390e+02 2.960108523922424031e-03 9.999901476849494264e-01 -3.307913324067082630e-03 8.474531746292407464e-01 -9.979250788733297073e-01 2.741203860740191577e-03 -6.432746502896224960e-02 -2.145072502199146243e+02
-3.317376288506368454e-02 3.737202992364839840e-03 9.994426120442532202e-01 -1.462039124686492073e+02 2.754176322788499595e-03 9.999895538669932860e-01 -3.647830817731872143e-03 8.546336009313670878e-01 -9.994458044180427603e-01 2.631628903485908055e-03 -3.318370926351921213e-02 -2.145407094064588307e+02
-6.852187421997779637e-03 3.604222763525992239e-03 9.999700281037453564e-01 -1.456743605718939136e+02 2.487817281382814424e-03 9.999904711596880880e-01 -3.587248945832355491e-03 8.514098369147664602e-01 -9.999734287933399468e-01 2.463162214675149696e-03 -6.861088776275003909e-03 -2.145387725471239833e+02
2.512829329155907843e-02 3.602254777647930471e-03 9.996777443940477736e-01 -1.451206059850216548e+02 2.103519133250246649e-03 9.999911034497537266e-01 -3.656258825635395025e-03 8.529497149019061863e-01 -9.996820214865876908e-01 2.194716806537747381e-03 2.512049232458757331e-02 -2.145714142715922037e+02
5.178771728356412751e-02 3.629732409320184615e-03 9.986515194907552573e-01 -1.445905268674676734e+02 1.885364048045252289e-03 9.999912573610917343e-01 -3.732372407622081348e-03 8.544842965708886462e-01 -9.986563361542166728e-01 2.076112718416540416e-03 5.178042115526348965e-02 -2.145455423819075520e+02
8.324768488192046956e-02 3.290853479670047439e-03 9.965234534345771555e-01 -1.440294579688292345e+02 2.100451878014121185e-03 9.999917465583907372e-01 -3.477774720613830643e-03 8.352733113991900327e-01 -9.965266735334828985e-01 2.382666253283744536e-03 8.324008552264261507e-02 -2.145227762877952955e+02
1.136537487993127815e-01 3.432651148911370319e-03 9.935144902264652078e-01 -1.434439691687953484e+02 1.702999086569010820e-03 9.999918891738646121e-01 -3.649846653810282816e-03 8.426072879887908096e-01 -9.935189606534815532e-01 2.106773024096912986e-03 1.136469811717455425e-01 -2.144782726957215004e+02
1.436635855262211603e-01 3.359305732024407166e-03 9.896208815797840064e-01 -1.428968058494298532e+02 1.805217207036719602e-03 9.999916852949120027e-01 -3.656573789376669267e-03 8.367999450730065902e-01 -9.896249367232949901e-01 2.311797145193727251e-03 1.436563267293644586e-01 -2.144026273652686143e+02
1.688978068382542830e-01 3.033095939084384015e-03 9.856289013489064610e-01 -1.424123288159600520e+02 1.831223340687490684e-03 9.999925735141858008e-01 -3.391096806657441492e-03 8.251906274786917628e-01 -9.856318671118059482e-01 2.377655462826935417e-03 1.688909982450095271e-01 -2.143261785929987866e+02
1.984431195320520702e-01 3.282049897875556448e-03 9.801069107290568683e-01 -1.418671582827802524e+02 1.569125197244555965e-03 9.999920478642237986e-01 -3.666340741311301978e-03 8.336721987959847535e-01 -9.801111498990832116e-01 2.265470543591755273e-03 1.984363915382283405e-01 -2.142426150447860493e+02
2.270569182588821899e-01 2.862643189847538516e-03 9.738772823845657234e-01 -1.413178834123407910e+02 1.711474523932818509e-03 9.999929628314339070e-01 -3.338434148568416616e-03 8.180472614599999526e-01 -9.738799857917471714e-01 2.424780727822271713e-03 2.270504210801838063e-01 -2.141397207430343030e+02
2.501074970095794603e-01 2.905955323884686428e-03 9.682137136827069224e-01 -1.407672793143721037e+02 1.406335034243551664e-03 9.999933507559097823e-01 -3.364619702048063897e-03 8.186873975735436959e-01 -9.682170532279292807e-01 2.203149478255404629e-03 2.501017472370031802e-01 -2.140000549857164174e+02
2.765594618078346389e-01 2.962782612294058079e-03 9.609922403452346718e-01 -1.402173132961948738e+02 1.377592815243610215e-03 9.999929977223843691e-01 -3.479474706726632272e-03 8.189897296330516108e-01 -9.609958201379422693e-01 2.286137658070746485e-03 2.765534437536659729e-01 -2.138733636048241351e+02
3.017134602252102837e-01 2.783622777639650075e-03 9.533945874417174560e-01 -1.396918651619049569e+02 1.357631102195731680e-03 9.999934694372246691e-01 -3.349316451583490839e-03 8.107379351534339529e-01 -9.533976844720785104e-01 2.304892000572421676e-03 3.017077107336584296e-01 -2.137391588499324371e+02
3.208596834966276345e-01 2.895677004363167960e-03 9.471223144668964311e-01 -1.391551705046889822e+02 1.228452253157052282e-03 9.999932128694745126e-01 -3.473488167170679045e-03 8.128457280770285953e-01 -9.471259443239351539e-01 2.277996855169846842e-03 3.208539485791349621e-01 -2.135689245039895070e+02
3.412485198651069584e-01 2.839311644315398089e-03 9.399688218229689252e-01 -1.386634786869871618e+02 1.287905248298367323e-03 9.999930868990801747e-01 -3.488187798843073954e-03 8.076474331967949949e-01 -9.399722277758770783e-01 2.400929702229358861e-03 3.412425040152821110e-01 -2.134090262017145676e+02
3.598852848064233445e-01 2.774172042002781557e-03 9.329924360622013912e-01 -1.381812460593829144e+02 1.035953410079041084e-03 9.999937748320310016e-01 -3.372995362781828176e-03 8.050573683630430910e-01 -9.329959852970063361e-01 2.180428092502072722e-03 3.598801705470887624e-01 -2.132505470029256855e+02
3.755069782432646219e-01 2.834986650445950850e-03 9.268152308531103500e-01 -1.377062518656831855e+02 8.916673365586439770e-04 9.999937539198519021e-01 -3.420095122005873019e-03 8.061307974187698067e-01 -9.268191378149102100e-01 2.110680452945733199e-03 3.755021049315865334e-01 -2.130829675689494991e+02
3.866981143624825812e-01 2.720802288444102400e-03 9.222023452493535167e-01 -1.372366210882298390e+02 9.945390517971314844e-04 9.999938359265722054e-01 -3.367343305084696294e-03 7.982967372689498964e-01 -9.222058226017524341e-01 2.219311552496765205e-03 3.866930247827832234e-01 -2.128958526929181119e+02
3.971046750104273437e-01 2.572257549785519730e-03 9.177697208864326051e-01 -1.367595367462587319e+02 1.033608856218896010e-03 9.999941847651722115e-01 -3.249936702596468996e-03 7.950758926896015488e-01 -9.177727435142073453e-01 2.239179969566791432e-03 3.970997070453070599e-01 -2.126868508883454183e+02
4.052461386070477234e-01 2.975388520251203046e-03 9.142027752130439389e-01 -1.362896556514546944e+02 7.534143149026536427e-04 9.999932772195456732e-01 -3.588576679269504799e-03 8.064082754814514420e-01 -9.142073066383509250e-01 2.143030299938508687e-03 4.052411725259242870e-01 -2.124907662092833505e+02
4.107022894253395950e-01 2.720984181427793872e-03 9.117654444569989192e-01 -1.358096474387801891e+02 8.255303046009417924e-04 9.999940273844643013e-01 -3.356142892591628107e-03 7.956017364474478049e-01 -9.117691308442616993e-01 2.131065574713162606e-03 4.106975902035651105e-01 -2.122871088813996607e+02
4.162103749071388581e-01 2.732995197898425294e-03 9.092642380281472647e-01 -1.353374611320275847e+02 8.154297718905778244e-04 9.999939588278737856e-01 -3.378961681299431571e-03 7.939371094148041097e-01 -9.092679796924261204e-01 2.147800038374045317e-03 4.162056319429725537e-01 -2.120867325066215869e+02
4.189221448915899648e-01 2.458923819077187597e-03 9.080188270146616336e-01 -1.348670704418423725e+02 9.145375327098830302e-04 9.999946835813585677e-01 -3.129924938384075813e-03 7.830222931777670592e-01 -9.080216958534257365e-01 2.141612166249645764e-03 4.189176689479668925e-01 -2.118634031736671375e+02
4.208095186911089414e-01 2.752243392185665591e-03 9.071448473839596183e-01 -1.344064995653776862e+02 8.126178654032707076e-04 9.999938526748449741e-01 -3.410903798873836726e-03 7.925570771417521643e-01 -9.071486585070618336e-01 2.172502895398503373e-03 4.208046953160188286e-01 -2.116504237778428319e+02
4.212688127327820498e-01 2.666647388358870958e-03 9.069319028518174619e-01 -1.339374255773092273e+02 8.542449859227557512e-04 9.999940670856779512e-01 -3.337073410753636261e-03 7.877612469961822184e-01 -9.069354209006375012e-01 2.180546984334869043e-03 4.212640354108487806e-01 -2.114384987500406226e+02
4.202636815000992954e-01 2.850554926755648286e-03 9.073975492299902745e-01 -1.334580674885215785e+02 7.461618404792660052e-04 9.999936419155867062e-01 -3.487028951584178298e-03 7.909875555461242103e-01 -9.074017198873335355e-01 2.142537050070023562e-03 4.202588824528259437e-01 -2.112062656265020166e+02
4.180606441862040334e-01 2.568278283372766452e-03 9.084154895912307515e-01 -1.329851278194386737e+02 1.011191315951181493e-03 9.999940682896254485e-01 -3.292548813074254802e-03 7.779475999366778360e-01 -9.084185573152602222e-01 2.295066932158537978e-03 4.180555673508467018e-01 -2.109777476466776704e+02
4.152683748935929176e-01 2.792039253327742096e-03 9.096946637911220712e-01 -1.325123358097263520e+02 8.592220945926559543e-04 9.999936401572611100e-01 -3.461413356178975193e-03 7.839412935072425093e-01 -9.096985426780823669e-01 2.219045253717790919e-03 4.152633348702187144e-01 -2.107624716494798918e+02
4.121321934292051514e-01 2.748877568343687048e-03 9.111199146168119656e-01 -1.320415637220361873e+02 8.421467704839576650e-04 9.999938723561907494e-01 -3.397946274955477002e-03 7.824228781608452143e-01 -9.111236721368013436e-01 2.167699745070165215e-03 4.121273530715549027e-01 -2.105515361882823697e+02
4.077292896258206678e-01 2.848060788523764861e-03 9.130984147018154085e-01 -1.315807625244151211e+02 7.861648118052267774e-04 9.999936699943763330e-01 -3.470146404277641219e-03 7.840709653607209617e-01 -9.131025179716197870e-01 2.132726171667422184e-03 4.077244696519506384e-01 -2.103491515186051970e+02
4.018901282679504527e-01 2.244847471248303736e-03 9.156851453750910474e-01 -1.311087770229705427e+02 1.026403101583730311e-03 9.999952623723054046e-01 -2.902021643103470938e-03 7.620103978380848853e-01 -9.156873217957338662e-01 2.106155923670365200e-03 4.018859201437415818e-01 -2.101353970963223787e+02
3.959718182738353187e-01 2.629562661643675830e-03 9.182588984230544149e-01 -1.306448538391994418e+02 1.058167373547997270e-03 9.999939291697259591e-01 -3.319925526659478661e-03 7.729090227415104097e-01 -9.182620537813388495e-01 2.286268554106475268e-03 3.959666318787180561e-01 -2.099234604026389661e+02
3.888489933464619464e-01 2.291055720059391627e-03 9.212986548547279497e-01 -1.301750011289406928e+02 1.131708393199675009e-03 9.999949657391313806e-01 -2.964410988069134546e-03 7.599736963209099416e-01 -9.213008084277123366e-01 2.195349648918540082e-03 3.888444429722032192e-01 -2.097271499707128157e+02
3.812159730765907195e-01 2.096279028692388680e-03 9.244836328921687274e-01 -1.297029225606108014e+02 1.203120241868437402e-03 9.999954574526298545e-01 -2.763616433083595884e-03 7.521634081685526496e-01 -9.244852266926454343e-01 2.165799699757057356e-03 3.812117193092426914e-01 -2.095356306274411224e+02
3.726437635690007522e-01 2.112036769794611163e-03 9.279720711173443659e-01 -1.292201141102779900e+02 1.379319406231781231e-03 9.999950447032932566e-01 -2.829849259973756231e-03 7.493111102784343336e-01 -9.279734494860863991e-01 2.334495564702823798e-03 3.726390038352831446e-01 -2.093214024832440714e+02
3.653390156192470872e-01 2.197647207878087629e-03 9.308719428649192551e-01 -1.287417968964464592e+02 1.234411223189211832e-03 9.999951902207158128e-01 -2.845305671881999052e-03 7.520936982588337649e-01 -9.308737185543976000e-01 2.188579946925632916e-03 3.653345456188400453e-01 -2.091267825499533899e+02
3.565952210321756688e-01 1.802391484975005226e-03 9.342572449395022405e-01 -1.282525604829022257e+02 1.462351849902229295e-03 9.999958372282262697e-01 -2.487378798249281504e-03 7.364065259903803673e-01 -9.342578390701793412e-01 2.253200202774291189e-03 3.565911008771326385e-01 -2.089428590076205410e+02
3.480255462811058242e-01 1.803637113424760982e-03 9.374833150669409365e-01 -1.277795987775920423e+02 1.475112340469479861e-03 9.999958578138326004e-01 -2.471517501489084966e-03 7.360550237687943920e-01 -9.374838895572131792e-01 2.243044435638534388e-03 3.480214441271384240e-01 -2.087555301214291603e+02
3.368887120113855937e-01 1.957101671984798688e-03 9.415424395492512089e-01 -1.272985667290022604e+02 1.531062852321748036e-03 9.999953788589597270e-01 -2.626424807205666491e-03 7.413618793510659000e-01 -9.415432287292241353e-01 2.326373523572522646e-03 3.368841587554642913e-01 -2.085767967889998431e+02
3.252506970957371735e-01 2.072765086853447462e-03 9.456255536329544187e-01 -1.267987229414379868e+02 1.623725950832369562e-03 9.999948993241561945e-01 -2.750425368433768655e-03 7.444786540359065174e-01 -9.456264312892134205e-01 2.430014519596937830e-03 3.252456724949018829e-01 -2.083980055469565968e+02
3.127382129020545021e-01 2.131393621679927245e-03 9.498369688278398559e-01 -1.263019187002217620e+02 1.477354680425973328e-03 9.999951812333305323e-01 -2.730372367766146537e-03 7.441634160267673881e-01 -9.498382112833625435e-01 2.257137866391764093e-03 3.127335570652350905e-01 -2.082283072992501047e+02
3.014270585650868917e-01 2.003883815036821593e-03 9.534871330093845909e-01 -1.258360107574592490e+02 1.580768187604386426e-03 9.999953670450015819e-01 -2.601357428251448081e-03 7.379594511688069014e-01 -9.534879283644535075e-01 2.291361645025620595e-03 3.014224943913027532e-01 -2.080620305828002756e+02
2.880960094601523469e-01 2.116710274917867063e-03 9.575991900950773239e-01 -1.253611015878274912e+02 1.493146986708092719e-03 9.999953483999568515e-01 -2.659641051892955993e-03 7.403669448880666470e-01 -9.576003654161855394e-01 2.196068318811337378e-03 2.880915087931735785e-01 -2.079181647891711009e+02
2.763640985122887139e-01 2.447789841629618990e-03 9.610498912014825423e-01 -1.248828009674937931e+02 1.361844068790773066e-03 9.999947549897932886e-01 -2.938600625407602855e-03 7.497747571122055366e-01 -9.610520435617534440e-01 2.120923806873177032e-03 2.763593154716937894e-01 -2.077700654032094576e+02
2.618748206005259149e-01 2.343230437491180401e-03 9.650990040439163531e-01 -1.243775537379255951e+02 1.464110552573920018e-03 9.999949371986494029e-01 -2.825235805912732108e-03 7.428990269417251602e-01 -9.651007381179087519e-01 2.152869755926856664e-03 2.618700640319198136e-01 -2.076127681340080358e+02
2.475911726753992070e-01 2.203459424501309164e-03 9.688620933754119591e-01 -1.238727738667071634e+02 1.516363164557104661e-03 9.999953078028950282e-01 -2.661769138438766988e-03 7.359319559076892281e-01 -9.688634123837962520e-01 2.128177332307402275e-03 2.475866696841096948e-01 -2.074694750110915038e+02
2.348872582555273647e-01 2.329476284388758232e-03 9.720198297614313088e-01 -1.233653872315466629e+02 1.498049767101608358e-03 9.999950731908461288e-01 -2.758521511527807415e-03 7.392817128345406941e-01 -9.720214667156774624e-01 2.104075634273917198e-03 2.348826113394280046e-01 -2.073467256476564842e+02
2.201376518469287946e-01 2.036206969571890263e-03 9.754666924608434986e-01 -1.228554080816387284e+02 1.427641319191362036e-03 9.999960778460013078e-01 -2.409591848811765222e-03 7.261662728730117200e-01 -9.754677729579714907e-01 1.923058447158955322e-03 2.201338814599531624e-01 -2.072290668954325383e+02
2.045275794824070736e-01 2.167602320607665226e-03 9.788584017779321522e-01 -1.223509277884509316e+02 1.566260705305951972e-03 9.999955433576233066e-01 -2.541671161789103503e-03 7.307533813484523577e-01 -9.788595486884065222e-01 2.052989301324322988e-03 2.045232729457896470e-01 -2.071058508142634764e+02
1.908934064638954098e-01 1.896022714268545814e-03 9.816089407021909574e-01 -1.218323656126981973e+02 1.763590375022830925e-03 9.999958581836092542e-01 -2.274503158038173028e-03 7.224625392188620543e-01 -9.816091875678424339e-01 2.165343735709535523e-03 1.908892720110459962e-01 -2.069953334033918679e+02
1.756483271674891267e-01 2.004578086010961723e-03 9.844509367307038294e-01 -1.213052188017814927e+02 1.707997577299983586e-03 9.999958012776503091e-01 -2.340976579550387102e-03 7.252505018955816007e-01 -9.844514959649047769e-01 2.092628435043037641e-03 1.756441658544177775e-01 -2.069042868610831931e+02
1.598910442289657174e-01 2.001589788562346296e-03 9.871326393214283623e-01 -1.207460667200252402e+02 1.841136039888724429e-03 9.999956002167178504e-01 -2.325890214272248544e-03 7.242891581315468175e-01 -9.871329516298468221e-01 2.189334493527081860e-03 1.598866555439255599e-01 -2.068004766859147026e+02
1.446011578981808432e-01 1.962429409360832468e-03 9.894880767373190888e-01 -1.202022945295864105e+02 1.915320618342996467e-03 9.999956047977086593e-01 -2.263168618089113175e-03 7.224426536714384506e-01 -9.894881690457113521e-01 2.222443717674055762e-03 1.445967636653304744e-01 -2.067147074588752957e+02
1.315583812967270338e-01 2.305161745365401794e-03 9.913057442282441345e-01 -1.196713687243446600e+02 1.883721627809112082e-03 9.999949095433275925e-01 -2.575360219661761933e-03 7.320024311292006036e-01 -9.913066346511628657e-01 2.206154291928835807e-03 1.315533693214517852e-01 -2.066511568280637334e+02
1.156562068713138380e-01 2.146152531773662994e-03 9.932869856398253150e-01 -1.191230211223239479e+02 2.092320655225526991e-03 9.999949208237320919e-01 -2.404271410130506739e-03 7.256925670322662558e-01 -9.932871004933144787e-01 2.356343788205747091e-03 1.156511289937811604e-01 -2.065733789054835654e+02
9.963192942458265478e-02 2.207816548161978081e-03 9.950219114096054973e-01 -1.185687421204083307e+02 2.122738827501718072e-03 9.999947911201204631e-01 -2.431401344249735190e-03 7.272782337879685199e-01 -9.950220965481144653e-01 2.354416852697269365e-03 9.962672383591930636e-02 -2.065100663554117943e+02
8.572646002452755098e-02 1.785748533740477359e-03 9.963171107402691851e-01 -1.180124479430579214e+02 1.883952054542811609e-03 9.999963154288937783e-01 -1.954444497162257603e-03 7.090011525743433740e-01 -9.963169298854254174e-01 2.044561275811426510e-03 8.572277989467091963e-02 -2.064472460786182921e+02
6.981203490040754911e-02 2.065085553401100043e-03 9.975580259838129349e-01 -1.174612778093599985e+02 2.149382167478068335e-03 9.999952246434584691e-01 -2.220550962523688745e-03 7.182764629253911570e-01 -9.975578479162813261e-01 2.299154613368068010e-03 6.980726286498717403e-02 -2.063899043706935572e+02
5.440684464032319312e-02 2.118849765221412617e-03 9.985166026321025123e-01 -1.169040080832566701e+02 2.106424334894680100e-03 9.999952799257324498e-01 -2.236761672005236484e-03 7.192107462512742355e-01 -9.985166289215242630e-01 2.224994815366840989e-03 5.440212463926841213e-02 -2.063669361658090793e+02
4.122577487776912797e-02 1.964282313829459302e-03 9.991479255249039459e-01 -1.163634467205170466e+02 2.039668105207136095e-03 9.999958183971840997e-01 -2.050107842675577552e-03 7.131329667867198907e-01 -9.991477744757019108e-01 2.122447440474313669e-03 4.122159600396757551e-02 -2.063356742353843174e+02
2.707740954507142916e-02 1.826418166194733331e-03 9.996316712114573511e-01 -1.158083574685372525e+02 2.025986467594263242e-03 9.999961767900616971e-01 -1.881962829819662031e-03 7.053090039927677468e-01 -9.996312866608177972e-01 2.076198916744678886e-03 2.707360572396122489e-02 -2.063157852830279637e+02
1.308547296169415564e-02 1.916885180129646125e-03 9.999125441500250622e-01 -1.152502788203305784e+02 2.253422900734429902e-03 9.999955665354381962e-01 -1.946534021913346769e-03 7.092839002656475822e-01 -9.999118423554148594e-01 2.278697144032057649e-03 1.308109539475044159e-02 -2.062916052815732542e+02
2.667023148881231265e-04 1.655775290809582750e-03 9.999985936380422213e-01 -1.147001664607709728e+02 2.131209500475928290e-03 9.999963572353212093e-01 -1.656339987130673805e-03 6.977934784744223018e-01 -9.999976934053103061e-01 2.131648252932771825e-03 2.631725393238415478e-04 -2.062894596364207871e+02
-1.066320333139003651e-02 1.851254312964352878e-03 9.999414327610305353e-01 -1.141433551515913365e+02 2.265241973894675711e-03 9.999957650027941902e-01 -1.827198751130974406e-03 7.051014835369655565e-01 -9.999405806214254344e-01 2.245625513116494831e-03 -1.066735171172794594e-02 -2.062788719141565821e+02
-2.204201594871335601e-02 2.025643507998467659e-03 9.997549931364660969e-01 -1.135913893447188912e+02 2.411126749403232593e-03 9.999951469148897765e-01 -1.972970974543721868e-03 7.109230834083604122e-01 -9.997541377762410031e-01 2.367047749113537422e-03 -2.204679306018086926e-02 -2.062826853980553778e+02
-3.107524302556607942e-02 1.425170155293184037e-03 9.995160319679373684e-01 -1.130331223187982630e+02 2.019861916842405781e-03 9.999970311110910615e-01 -1.363057900627107381e-03 6.896003774630887762e-01 -9.995150071053157115e-01 1.976527012725567620e-03 -3.107802941354331772e-02 -2.062903106706229721e+02
-4.082249420443551102e-02 1.457208868171291569e-03 9.991653519359263713e-01 -1.124780483207934623e+02 2.120728945342530494e-03 9.999968103649633511e-01 -1.371775725079687255e-03 6.890796767951027357e-01 -9.991641639268641351e-01 2.062959576447024723e-03 -4.082545434060391720e-02 -2.063090745519919267e+02
-4.972598532527006121e-02 1.619992019786218890e-03 9.987615841677570661e-01 -1.119179632981903865e+02 2.322431333890977601e-03 9.999961685795447641e-01 -1.506366134157343523e-03 6.947682809503716861e-01 -9.987601977933098230e-01 2.244649657876197565e-03 -4.972955712434012909e-02 -2.063232958863625868e+02
-5.601206085736154527e-02 1.634451516941629132e-03 9.984287543970028489e-01 -1.113734885264945120e+02 2.301692434135984688e-03 9.999962142295689693e-01 -1.507892061358857491e-03 6.949253246034459153e-01 -9.984274391514139646e-01 2.213615768112232179e-03 -5.601561081324835101e-02 -2.063580547875639866e+02
-6.264608758246081877e-02 1.525950329951527998e-03 9.980346382697352636e-01 -1.108166448229483052e+02 2.486277291112537133e-03 9.999959667953313147e-01 -1.372886849822839515e-03 6.920491001519071261e-01 -9.980327079489140774e-01 2.395384867038947985e-03 -6.264962885362046485e-02 -2.063871583123146536e+02
-6.817640803602542654e-02 1.414618699077710515e-03 9.976722789780426703e-01 -1.102493399185020024e+02 2.032698166042200705e-03 9.999971161319698432e-01 -1.279009737775804647e-03 6.843143474729074249e-01 -9.976712111339441913e-01 1.940768322025157241e-03 -6.817908691709706481e-02 -2.064399185724827532e+02
-7.234340039422315627e-02 1.865255192754709237e-03 9.973780392822308993e-01 -1.096999839896907361e+02 2.394721308461540861e-03 9.999956936694158749e-01 -1.696452910790252015e-03 7.001033414936008725e-01 -9.973769085602774975e-01 2.265715271085505782e-03 -7.234755562598138567e-02 -2.064826572794956405e+02
-7.676005528643559117e-02 1.522705666139387206e-03 9.970484317624084269e-01 -1.091446978956483633e+02 2.066922957967046517e-03 9.999969280860436793e-01 -1.368081854941718273e-03 6.867431188954807864e-01 -9.970474521014081049e-01 1.955808254993066445e-03 -7.676296680145022755e-02 -2.065240007471323338e+02
-8.015981133216820709e-02 8.129900506692526278e-04 9.967816930975252898e-01 -1.085823949476903607e+02 2.080584706768667368e-03 9.999976254374504103e-01 -6.482952557146627820e-04 6.632387524541772938e-01 -9.967798532346394680e-01 2.021921521260063200e-03 -8.016131248234836804e-02 -2.065798749405405488e+02
-8.370659658399870473e-02 1.228493734070712192e-03 9.964896870973973808e-01 -1.080106258770850474e+02 2.003765156283908357e-03 9.999974258802953875e-01 -1.064498934539373932e-03 6.782750560510830695e-01 -9.964884297439293714e-01 1.907625730724435420e-03 -8.370884272613809962e-02 -2.066178052992337371e+02
-8.672913524559677789e-02 1.463030488472451002e-03 9.962308550940094376e-01 -1.074357260096863058e+02 2.082581115180238626e-03 9.999970029075165856e-01 -1.287257504502171360e-03 6.867474068613306226e-01 -9.962297525949775912e-01 1.963088834974766397e-03 -8.673192219002379133e-02 -2.066705580761741601e+02
-9.023944027542540880e-02 1.018822975574950208e-03 9.959195777865412769e-01 -1.068662729671747087e+02 2.035739898315451490e-03 9.999975763055514166e-01 -8.385380666429837751e-04 6.676677927065294282e-01 -9.959180183036375755e-01 1.951764014230040686e-03 -9.024129562117555459e-02 -2.067154271338825424e+02
-9.392811870275430408e-02 1.011386808395816185e-03 9.955784678334929083e-01 -1.062954967403135385e+02 2.223180796987325909e-03 9.999972038075864988e-01 -8.061291163850404324e-04 6.673277947392322051e-01 -9.955764993128881635e-01 2.137632740247924577e-03 -9.393010455739214670e-02 -2.067465670247629532e+02
-9.686777136465973825e-02 1.116031611723682744e-03 9.952966338455512263e-01 -1.056980166521582021e+02 2.372115219606693234e-03 9.999967900926929332e-01 -8.904345543679321540e-04 6.712612137038929117e-01 -9.952944327887244258e-01 2.274703882340637501e-03 -9.687010778366422770e-02 -2.068177942236900719e+02
-9.968471149107815954e-02 1.297521883756534364e-03 9.950182283415219819e-01 -1.051090340818700213e+02 2.280489134992273129e-03 9.999968212800204315e-01 -1.075545982309614526e-03 6.761473082120537104e-01 -9.950164610016486444e-01 2.161912767910179230e-03 -9.968735360585245786e-02 -2.068871944189981207e+02
-1.026140065458933659e-01 1.440566498685259432e-03 9.947202071078895536e-01 -1.045262290631984001e+02 2.408422238438640700e-03 9.999963800350971654e-01 -1.199757901786783782e-03 6.827650546160524136e-01 -9.947183345866914550e-01 2.272594302635494966e-03 -1.026171045791826053e-01 -2.069427334469605171e+02
-1.047202209284743279e-01 1.455325855799831543e-03 9.945006572925656485e-01 -1.039403148236307857e+02 2.455234323002981715e-03 9.999962600933050005e-01 -1.204833524738819876e-03 6.826765080186356638e-01 -9.944986913782796201e-01 2.315561715141050813e-03 -1.047234024506111805e-01 -2.070080664750713026e+02
-1.072861975320809069e-01 1.590878003854711252e-03 9.942269061568813626e-01 -1.033470759179747773e+02 2.473963274007315132e-03 9.999960511059524659e-01 -1.333145986027683971e-03 6.876679607207312195e-01 -9.942251009327949252e-01 2.316652688265975236e-03 -1.072897096440090792e-01 -2.070725705435552300e+02
-1.086661869360663335e-01 1.540151058943333524e-03 9.940771035244155840e-01 -1.027540048412854503e+02 2.203929916025315801e-03 9.999967153820270571e-01 -1.308402874661666404e-03 6.834960569711012734e-01 -9.940758534989677653e-01 2.048697115927583003e-03 -1.086692243941498326e-01 -2.071376602407502503e+02
-1.099382164969180398e-01 1.307312831706696063e-03 9.939375631731788285e-01 -1.021622407694307526e+02 2.085488451109672979e-03 9.999972371760246226e-01 -1.084609716881896994e-03 6.731059800336914867e-01 -9.939362350228495568e-01 1.953605251252532420e-03 -1.099406391427901752e-01 -2.072068199831066693e+02
-1.110515226228045993e-01 1.641059068909201312e-03 9.938132954676596187e-01 -1.015543825483624545e+02 2.338359841902780921e-03 9.999963000160111415e-01 -1.389973934171974661e-03 6.856007099808948402e-01 -9.938118994037087317e-01 2.169534378674830080e-03 -1.110549491205738981e-01 -2.072830912480610550e+02
-1.123633855969783379e-01 1.270249380093498980e-03 9.936663705911038535e-01 -1.009656369849753759e+02 2.026485870167657292e-03 9.999973962759383106e-01 -1.049188430174976313e-03 6.708883333876578536e-01 -9.936651160890185297e-01 1.895760495520011548e-03 -1.123656671761479320e-01 -2.073327590095629205e+02
-1.130804232997317804e-01 1.405842144087348852e-03 9.935848436214289592e-01 -1.003767447937668749e+02 2.200392288701073697e-03 9.999969011172611388e-01 -1.164486861432492996e-03 6.760374745682565800e-01 -9.935834017032134646e-01 2.054595760857091946e-03 -1.130831662809730354e-01 -2.074029954254003201e+02
-1.132932361613931960e-01 1.129553479531634173e-03 9.935609527095031757e-01 -9.978485752206377413e+01 1.964057770097286677e-03 9.999976545291897612e-01 -9.129146701479385739e-04 6.654279725292667758e-01 -9.935596535272325225e-01 1.847984051914091730e-03 -1.132951889437030513e-01 -2.074709615699272263e+02
-1.134286977226031112e-01 1.286474304558839644e-03 9.935453062225286791e-01 -9.917779355123752794e+01 2.095224661797552221e-03 9.999972478399995479e-01 -1.055625901086822268e-03 6.709384373676118285e-01 -9.935439298624751947e-01 1.961962356968115044e-03 -1.134310810013681170e-01 -2.075368792174074315e+02
-1.133236798742860429e-01 1.442881874156569421e-03 9.935570751958077151e-01 -9.857122393635249580e+01 2.311498787088945607e-03 9.999966221109328757e-01 -1.188587431125744977e-03 6.758498017060119434e-01 -9.935554340614861646e-01 2.161910872671255531e-03 -1.133266322991688391e-01 -2.076015575862937226e+02
-1.130993367549968376e-01 1.709883358016759834e-03 9.935822141747918668e-01 -9.795618335472381943e+01 2.739162269938949512e-03 9.999952556724291952e-01 -1.409121248147958720e-03 6.854150185315076582e-01 -9.935799097282709269e-01 2.562212234577082928e-03 -1.131034838226754324e-01 -2.076785245821466219e+02
-1.130924974377067738e-01 1.340959602194093277e-03 9.935835590682081664e-01 -9.733841802459924963e+01 2.494197622059836882e-03 9.999963216051882542e-01 -1.065717746403071174e-03 6.727983849266950811e-01 -9.935813333600448383e-01 2.357669068841266626e-03 -1.130954260571019887e-01 -2.077498960101017929e+02
-1.134095205684286789e-01 1.399551247243714398e-03 9.935473425563302596e-01 -9.671553109265494186e+01 2.541830581107947917e-03 9.999961440253123390e-01 -1.118495330258410195e-03 6.715969235648315827e-01 -9.935450768544608069e-01 2.398580999925581554e-03 -1.134126406863480430e-01 -2.078076900982320296e+02
-1.130257693562655152e-01 1.548754306793081233e-03 9.935908498076667650e-01 -9.609928043161892219e+01 2.525018956153254630e-03 9.999960037689454850e-01 -1.271505175092142639e-03 6.772434983747269710e-01 -9.935888484381732999e-01 2.365122879769517104e-03 -1.130292283131593134e-01 -2.078867669846649164e+02
-1.130587593597820462e-01 1.698379324274760117e-03 9.935868519861249526e-01 -9.548970823512389927e+01 2.470530782394741737e-03 9.999959283291685042e-01 -1.428216628449628439e-03 6.804754358088207500e-01 -9.935852320811134897e-01 2.293214502704883813e-03 -1.130624949201302076e-01 -2.079505807656993284e+02
-1.122804649142512545e-01 1.790308272748324797e-03 9.936749428233201398e-01 -9.486662434407789135e+01 2.784706110021827226e-03 9.999950170542316608e-01 -1.487036848144832968e-03 6.811083670406526958e-01 -9.936726536493397655e-01 2.600127496001364800e-03 -1.122848909091695990e-01 -2.080204691805199388e+02
-1.119418403268415130e-01 1.351992602390714778e-03 9.937138403485400451e-01 -9.424760102925282013e+01 2.074813533250625952e-03 9.999972127159372226e-01 -1.126813719695632680e-03 6.651229744859767923e-01 -9.937125940296031024e-01 1.935633322645339454e-03 -1.119443334456822203e-01 -2.081015941915384815e+02
-1.116298138770519532e-01 1.458768185789050638e-03 9.937487895082715017e-01 -9.362295257613162391e+01 2.231751700480584261e-03 9.999967687970756636e-01 -1.217242685515253827e-03 6.678626052050590234e-01 -9.937473541791808085e-01 2.081919976408336346e-03 -1.116327087868500545e-01 -2.081718699243402568e+02
-1.116693400132331426e-01 1.641218586437903073e-03 9.937440640841890271e-01 -9.300532650928526834e+01 2.500110373918869224e-03 9.999959354427554459e-01 -1.370600629902088419e-03 6.759688261759635441e-01 -9.937422744097825777e-01 2.331415775874290473e-03 -1.116729893544219365e-01 -2.082375525038198134e+02
-1.115887656447318577e-01 1.646617125718962977e-03 9.937531061757377548e-01 -9.238027646124271541e+01 2.387202947073205610e-03 9.999961860991950502e-01 -1.388902139676064787e-03 6.744560981057463600e-01 -9.937516030900152009e-01 2.217304468358093864e-03 -1.115922708655039397e-01 -2.083082881533387649e+02
-1.111603373356644386e-01 1.113517960674678111e-03 9.938018612787825612e-01 -9.173478371814641719e+01 2.035153629272238533e-03 9.999975305074261245e-01 -8.928206732766789900e-04 6.539434719448435906e-01 -9.938004012643216756e-01 1.923293217537329260e-03 -1.111623290061558578e-01 -2.083840542904979429e+02
-1.107202246075076335e-01 1.618345480605587862e-03 9.938502969868091563e-01 -9.108522784067643840e+01 2.543057590788557441e-03 9.999958618508357766e-01 -1.345042487849049204e-03 6.715913430090652003e-01 -9.938483610294647219e-01 2.378495135498479192e-03 -1.107238819764615467e-01 -2.084468094788998656e+02
-1.105788587349116892e-01 1.564155241594312497e-03 9.938661224829352658e-01 -9.044110104396968097e+01 2.529723335079860774e-03 9.999959651677592376e-01 -1.292342079206107962e-03 6.689714546795861860e-01 -9.938641338234983635e-01 2.371300609776706356e-03 -1.105823694477816588e-01 -2.085154541869866875e+02
-1.103334612204682763e-01 1.623820092368905054e-03 9.938932993754509004e-01 -8.979797894561055216e+01 2.505052165886471460e-03 9.999959433855997171e-01 -1.355701291077777938e-03 6.706395046033473140e-01 -9.938914689485759402e-01 2.340175346434855523e-03 -1.103370813941999540e-01 -2.085838087349027603e+02
-1.100844407420407123e-01 1.819337019980451185e-03 9.939205732448246344e-01 -8.914214227014740288e+01 2.599632410070901872e-03 9.999954312499789166e-01 -1.542527309683947457e-03 6.765280783386017349e-01 -9.939188386472235237e-01 2.414019879027613173e-03 -1.100886674012317989e-01 -2.086534724723703960e+02
-1.100879277777297993e-01 1.480197711659391293e-03 9.939207499455575689e-01 -8.850464633582033969e+01 2.418860096114083379e-03 9.999963287279984847e-01 -1.221329750839820604e-03 6.609668210467540828e-01 -9.939189088016389118e-01 2.269701579339846332e-03 -1.100911040061820501e-01 -2.087188750021337000e+02
-1.095465996722881918e-01 1.637476824841116322e-03 9.939803122647284939e-01 -8.784724861402752083e+01 2.395550073252463320e-03 9.999961738012449475e-01 -1.383373672187583831e-03 6.668445681751608012e-01 -9.939787743408233789e-01 2.229585727992960693e-03 -1.095501031829526628e-01 -2.088014381690131529e+02
-1.097567981611133892e-01 1.875595757755838628e-03 9.939567029795485231e-01 -8.718076314195047871e+01 2.461478986981296621e-03 9.999956661405332570e-01 -1.615184617220206779e-03 6.749901896653275335e-01 -9.939554247442979884e-01 2.269326046328195082e-03 -1.097609392301204245e-01 -2.088601300525024271e+02
-1.095679436681571417e-01 1.828430255650987822e-03 9.939776267920380493e-01 -8.649217866673988908e+01 2.358912532015185280e-03 9.999959703888556817e-01 -1.579473873500549744e-03 6.711227596125627359e-01 -9.939765094065343698e-01 2.171646575985417080e-03 -1.095718152589943983e-01 -2.089433219470573704e+02
-1.097427735827039008e-01 1.406059579554373978e-03 9.939590266418604214e-01 -8.583634904157348444e+01 2.354897774766095356e-03 9.999965606756459069e-01 -1.154596617760137887e-03 6.564760784660592652e-01 -9.939572315260080115e-01 2.213963264845384554e-03 -1.097457072682850310e-01 -2.090066787431443913e+02
-1.097802760330768290e-01 1.584038423952366121e-03 9.939546175839080178e-01 -8.517539857544954884e+01 2.391381279689827870e-03 9.999962567976935501e-01 -1.329543597074584740e-03 6.646041158206984489e-01 -9.939530030588350495e-01 2.230966802266561803e-03 -1.097836531431277685e-01 -2.090795450494051124e+02
-1.097751635852708407e-01 1.413140613550380219e-03 9.939554398932749502e-01 -8.451802701048076472e+01 2.315604345805363264e-03 9.999966392187151776e-01 -1.165987902394041275e-03 6.557830761788419061e-01 -9.939537471312943628e-01 2.173611023429996431e-03 -1.097780669295016498e-01 -2.091582930876579383e+02
-1.097360749266136359e-01 1.313119387394836007e-03 9.939598933443821727e-01 -8.386533161178154216e+01 2.339081427336102501e-03 9.999966995151448046e-01 -1.062853185293014110e-03 6.517501620490618874e-01 -9.939580084479310296e-01 2.208319789261513170e-03 -1.097387842375310285e-01 -2.092369257987776905e+02
-1.104280006961648741e-01 1.285513199114518990e-03 9.938832950191202054e-01 -8.321238848803520227e+01 2.272856080202976820e-03 9.999968753327400650e-01 -1.040889040686286942e-03 6.479176343655005388e-01 -9.938815275411286843e-01 2.144010394386840473e-03 -1.104305774318972144e-01 -2.093081722041198418e+02
-1.111752808941837145e-01 1.521769201739099891e-03 9.937996483882437504e-01 -8.257613098745508751e+01 2.361048493989307499e-03 9.999964099091370739e-01 -1.267130161464283776e-03 6.578879522076755970e-01 -9.937980088368608689e-01 2.205535611523881667e-03 -1.111784747357056347e-01 -2.093654424891916506e+02
-1.115335632588811965e-01 1.463190911602023749e-03 9.937595903130365116e-01 -8.195784600400709508e+01 2.302425852693602230e-03 9.999966125577720577e-01 -1.213963827264341643e-03 6.547078200158124028e-01 -9.937580002706749571e-01 2.152660060776756274e-03 -1.115365543339614796e-01 -2.094453031908547871e+02
-1.120594565294192879e-01 1.573025849377184069e-03 9.937002585246763608e-01 -8.132056574976334673e+01 2.398343997609840485e-03 9.999962625966413166e-01 -1.312531454242295064e-03 6.595712704771186097e-01 -9.936986093118982399e-01 2.236153489015843716e-03 -1.120628103751339921e-01 -2.095091340300947422e+02
-1.131780735541736416e-01 1.387091176167645160e-03 9.935737514873441700e-01 -8.069285975203514738e+01 2.395067481443564992e-03 9.999965009908886593e-01 -1.123235388888156475e-03 6.514503089356807886e-01 -9.935718329936316096e-01 2.252550565140993763e-03 -1.131809997200330375e-01 -2.095660879668625398e+02
-1.136211186939604101e-01 1.266811798871099546e-03 9.935233447557230146e-01 -8.006017089881078164e+01 2.303533358936103899e-03 9.999968351646693066e-01 -1.011629729421508871e-03 6.454116934928089133e-01 -9.935214819624169635e-01 2.173671665965643159e-03 -1.136236772450678334e-01 -2.096520842129218636e+02
-1.143105836406754783e-01 1.346811476068372499e-03 9.934441486900894569e-01 -7.941832308526167594e+01 2.280885547697740316e-03 9.999968011831704695e-01 -1.093244961100530918e-03 6.475260783105422080e-01 -9.934424432390872584e-01 2.140962931626480114e-03 -1.143132899048879825e-01 -2.097317870890501297e+02
-1.157335477678667068e-01 1.461598847456408801e-03 9.932792203856236624e-01 -7.878475683763015525e+01 2.450539872693254309e-03 9.999962941765045965e-01 -1.185954295065511001e-03 6.520462392953965125e-01 -9.932772728575821608e-01 2.296815636214169683e-03 -1.157367005860197029e-01 -2.097915321155840331e+02
-1.166146205805180802e-01 1.211987572161079673e-03 9.931765006044936950e-01 -7.815322162342488355e+01 2.113165052559363728e-03 9.999972946843266319e-01 -9.721921047630522695e-04 6.402027708662310079e-01 -9.931749920332888504e-01 1.985374058672300778e-03 -1.166168662309388093e-01 -2.098724390995047884e+02
-1.179668825668536147e-01 1.225837874567283414e-03 9.930167732415016157e-01 -7.753779526995471372e+01 2.135016806000675487e-03 9.999972398414016528e-01 -9.808225202976737691e-04 6.384716265819765368e-01 -9.930152346871101710e-01 2.004402924440286220e-03 -1.179691741440120900e-01 -2.099358517174857184e+02
-1.193886484830495309e-01 1.389186743345521141e-03 9.928466249998452176e-01 -7.691936064920598426e+01 2.511588454278072119e-03 9.999962440583083367e-01 -1.097174877881459606e-03 6.456530585472121109e-01 -9.928444201066083385e-01 2.362631894398739552e-03 -1.193916891316324502e-01 -2.100025827380545422e+02
-1.199630393137738338e-01 1.370969905765268221e-03 9.927774119308517831e-01 -7.628590810356311636e+01 2.619984714357126952e-03 9.999960014111036744e-01 -1.064350459460206575e-03 6.455621679585233919e-01 -9.927749014145649253e-01 2.473378928006001939e-03 -1.199661515510936916e-01 -2.100894223423208871e+02
-1.208897520324987429e-01 1.472557693351813236e-03 9.926648474824524282e-01 -7.565956736159644436e+01 2.623827513357964662e-03 9.999958804301820603e-01 -1.163895117785074523e-03 6.490191166152227131e-01 -9.926624720330172735e-01 2.463878346186873080e-03 -1.208931177561156645e-01 -2.101560260919814596e+02
-1.217772923786366590e-01 1.416762325773410431e-03 9.925564386197093247e-01 -7.504057004238076445e+01 2.579700276044713005e-03 9.999960555419404873e-01 -1.110876701562707458e-03 6.471877270091211942e-01 -9.925540973707248638e-01 2.425218561814403845e-03 -1.217804668553770231e-01 -2.102299234261571144e+02
-1.228982921121468674e-01 1.324658248427947960e-03 9.924183871112234323e-01 -7.442852997608457599e+01 2.478541125667472859e-03 9.999964001853207662e-01 -1.027837676001432110e-03 6.389900327182902462e-01 -9.924161761226010237e-01 2.333430291374655359e-03 -1.229011329210172310e-01 -2.102929868325399241e+02
-1.234610077811777451e-01 1.519093644278396698e-03 9.923482614043096506e-01 -7.381568668277529355e+01 2.548309646660829823e-03 9.999960164467053270e-01 -1.213758075283137691e-03 6.486062422068573641e-01 -9.923461521443014410e-01 2.378958852206706706e-03 -1.234643870886613648e-01 -2.103858124325866754e+02
-1.241900824250004032e-01 1.602923459031261374e-03 9.922571511778873754e-01 -7.320648930513898733e+01 2.666127304139262726e-03 9.999956244518114490e-01 -1.281734149455197001e-03 6.525407190873626639e-01 -9.922548640306433354e-01 2.486305213815026734e-03 -1.241938126233106399e-01 -2.104686522855579085e+02
-1.250555609831247583e-01 1.645054410646853722e-03 9.921483762337075518e-01 -7.258760481341086290e+01 2.848453726320304604e-03 9.999950994030735174e-01 -1.299030871885652715e-03 6.549499280103541210e-01 -9.921456510908897020e-01 2.663637704927485257e-03 -1.250596339975931226e-01 -2.105282615862595605e+02
-1.252711319118349209e-01 1.249411539396485561e-03 9.921217578908009260e-01 -7.198754408695509710e+01 2.319243394688629781e-03 9.999968435009415346e-01 -9.664875734979963030e-04 6.372512895717616921e-01 -9.921198338001332440e-01 2.179898841404295188e-03 -1.252736341830851252e-01 -2.106206900443223162e+02
-1.253237219399241376e-01 1.262133794645225191e-03 9.921151000450547652e-01 -7.138027594055047587e+01 2.298985211226734805e-03 9.999968754086545619e-01 -9.817534957313766610e-04 6.347856299106794387e-01 -9.921132391950644447e-01 2.157820940725725580e-03 -1.253262319814356651e-01 -2.107056646487138778e+02
-1.256933676836597957e-01 1.439276383676345219e-03 9.920680953461975538e-01 -7.076887607034554151e+01 2.439652170159904883e-03 9.999963723268776583e-01 -1.141678752215793697e-03 6.425105614086258354e-01 -9.920661396386982744e-01 2.276799634578872446e-03 -1.256964230429609142e-01 -2.107797666591460768e+02
-1.262938987167570026e-01 1.182921678934070828e-03 9.919921631964758735e-01 -7.018216041313266373e+01 2.237670898375069845e-03 9.999970845578495249e-01 -9.075818154575629893e-04 6.285725854675784374e-01 -9.919903446989153384e-01 2.105129949122318787e-03 -1.262961775036173240e-01 -2.108448157667023395e+02
-1.271129408529128035e-01 1.242545860226458923e-03 9.918874716153589510e-01 -6.958885557484641993e+01 2.339452599539810704e-03 9.999968094687549103e-01 -9.528976047981535828e-04 6.313866394280245320e-01 -9.918854909863632496e-01 2.199348107043931286e-03 -1.271154421722460182e-01 -2.109136180142147055e+02
-1.280536332487400841e-01 1.319567702941362459e-03 9.917663665162651521e-01 -6.900866493111959699e+01 2.478863987022324970e-03 9.999964171004406266e-01 -1.010455152573193826e-03 6.336010974121261130e-01 -9.917641464809722196e-01 2.329061475975245654e-03 -1.280564454742911806e-01 -2.109826412866973442e+02
-1.287461927663582362e-01 1.258980129664733199e-03 9.916767783996967012e-01 -6.843307995614171091e+01 2.454633051638943457e-03 9.999965353098121401e-01 -9.508653708452496477e-04 6.300356066446722858e-01 -9.916745396675008539e-01 2.311782300473025874e-03 -1.287488370349252342e-01 -2.110567754326237662e+02
-1.286561180894780776e-01 1.409398047328175524e-03 9.916882659764058028e-01 -6.784679839552507019e+01 2.361361813708593750e-03 9.999965905274474931e-01 -1.114855984082043384e-03 6.375178923762688799e-01 -9.916864561183292848e-01 2.198301759238754927e-03 -1.286590075387039622e-01 -2.111440979333890766e+02
-1.288357675595317442e-01 1.298766608740915558e-03 9.916650937703928026e-01 -6.726945673599840347e+01 2.499573610658778911e-03 9.999963910091272945e-01 -9.849367926118141308e-04 6.315825324515765837e-01 -9.916627940631386195e-01 2.351844811326170813e-03 -1.288385489551642227e-01 -2.112190047560214339e+02
-1.284177578177811974e-01 1.610283481889850619e-03 9.917188545470745353e-01 -6.667960999725055160e+01 2.638330701849595297e-03 9.999956977251014401e-01 -1.282085174709114445e-03 6.449537150678134045e-01 -9.917166524205194289e-01 2.451839798087096772e-03 -1.284214537896342101e-01 -2.113075507866861642e+02
-1.284562685392944825e-01 1.534180951517918282e-03 9.917139876808075405e-01 -6.610760248700195518e+01 2.581294032786347458e-03 9.999959332053053318e-01 -1.212639256684104258e-03 6.402663838567757004e-01 -9.917118149916724912e-01 2.404134284633318262e-03 -1.284597063061585498e-01 -2.113696581317152550e+02
-1.282271563196077935e-01 1.581910835799404686e-03 9.917435625908016528e-01 -6.554037266978636467e+01 2.399212288670916123e-03 9.999962964388433573e-01 -1.284869250457961777e-03 6.472542640081827559e-01 -9.917419221564557352e-01 2.214648212349394629e-03 -1.282304767624091735e-01 -2.114546046020904271e+02
-1.286105290267411938e-01 1.354952237583750829e-03 9.916942552661560661e-01 -6.494763381721972451e+01 2.316706596774353866e-03 9.999967484144015595e-01 -1.065847629162676360e-03 6.356330440787879565e-01 -9.916924748600275397e-01 2.160385395709823759e-03 -1.286132498653842493e-01 -2.115128821429314314e+02
-1.282139623343314661e-01 1.140129282956940790e-03 9.917458746915708279e-01 -6.439511599095624206e+01 2.298203934445949836e-03 9.999969957461268821e-01 -8.525006724070289957e-04 6.273244441000196403e-01 -9.917438671961660290e-01 2.169931782084721147e-03 -1.282161973966424728e-01 -2.115984421628590439e+02
-1.283883182269467405e-01 1.134585464113607809e-03 9.917233245510971296e-01 -6.382062621442956640e+01 2.516457368843897421e-03 9.999964989318681496e-01 -8.182703202470764268e-04 6.214795558451199353e-01 -9.917207808577809258e-01 2.390573117649429265e-03 -1.283907238666488482e-01 -2.116645163792459243e+02
-1.276675182183044654e-01 1.303453294528271553e-03 9.918161653257561161e-01 -6.325126598733358207e+01 2.759559385289625261e-03 9.999957325761293925e-01 -9.589898484183451708e-04 6.262424817618422734e-01 -9.918131828242543468e-01 2.614543753562538746e-03 -1.276705703636620282e-01 -2.117655317860724153e+02
-1.271244255805696888e-01 9.868894288200457873e-04 9.918862870662473741e-01 -6.271408820320817057e+01 2.620914662955031813e-03 9.999963482224502043e-01 -6.590509037371893595e-04 6.118641225525327521e-01 -9.918833153285421256e-01 2.515867846190005842e-03 -1.271265479034211499e-01 -2.118429317699569197e+02
-1.264864707023716228e-01 1.402553178590080401e-03 9.919673409814656617e-01 -6.214956951449507727e+01 2.515746248546872448e-03 9.999962380468936374e-01 -1.093120703970463028e-03 6.311333998414881963e-01 -9.919651424067638112e-01 2.357273136858222679e-03 -1.264895233340976866e-01 -2.119038837929648764e+02
-1.258861312362780094e-01 1.443343805192566845e-03 9.920436475886647010e-01 -6.158568241594129233e+01 2.610131365626593147e-03 9.999959622490468547e-01 -1.123699184408026965e-03 6.308386690098446437e-01 -9.920412638477378309e-01 2.447906097643300256e-03 -1.258893902563691380e-01 -2.119722585354204512e+02
-1.254177362900894543e-01 1.278755076258089596e-03 9.921031983666442899e-01 -6.103321955300332036e+01 2.467754767324271351e-03 9.999964778564451873e-01 -9.769652564954793648e-04 6.240524600022774315e-01 -9.921009533360395372e-01 2.325738626543213082e-03 -1.254204502047535641e-01 -2.120280843920201903e+02
-1.241570289900870705e-01 1.801821668461251738e-03 9.922609463195808388e-01 -6.048943096607247583e+01 2.588965431475573949e-03 9.999955357042579207e-01 -1.491921428488443297e-03 6.466522760844192197e-01 -9.922592047496205936e-01 2.383696756976862521e-03 -1.241611395704045329e-01 -2.121081827597877236e+02
-1.227826597471644021e-01 1.781299300163927644e-03 9.924319852958264354e-01 -5.995209305807556177e+01 3.094203020021299953e-03 9.999942159789472207e-01 -1.412061019050715911e-03 6.418175963478821577e-01 -9.924287603516349643e-01 2.897409438423741851e-03 -1.227874612713497626e-01 -2.121875739262061416e+02
-1.219278519792785787e-01 1.625668998026635979e-03 9.925376346073876421e-01 -5.941731400753222658e+01 2.812116004309710929e-03 9.999952108019739550e-01 -1.292430537368257758e-03 6.372355629081886130e-01 -9.925349822123640253e-01 2.633547687905402317e-03 -1.219318396124575710e-01 -2.122631782708083961e+02
-1.210862132639825006e-01 1.603469445132090204e-03 9.926406992679317476e-01 -5.889739006743933913e+01 2.771521193846993459e-03 9.999953436165300857e-01 -1.277268777468741536e-03 6.344747755915008947e-01 -9.926381252136460276e-01 2.596465096312166199e-03 -1.210900934896914638e-01 -2.123440442537804245e+02
-1.200379016645962693e-01 1.564277695966042377e-03 9.927680772462674774e-01 -5.835821754661487404e+01 2.784340836422747201e-03 9.999953561463386098e-01 -1.239004384163913067e-03 6.327977610879734760e-01 -9.927654051235204058e-01 2.615477212145403407e-03 -1.200416997084154946e-01 -2.124255239985303092e+02
-1.199184272150433106e-01 1.735704652174048946e-03 9.927822309769805953e-01 -5.782199005351739629e+01 2.696520095775792238e-03 9.999953524804476857e-01 -1.422602150346401369e-03 6.405642605104221454e-01 -9.927800862193215670e-01 2.506461024136273467e-03 -1.199225502542831112e-01 -2.124817772120587733e+02
-1.185218462178501131e-01 1.791536918911285211e-03 9.929498287247856547e-01 -5.726010483835310794e+01 2.636543927700875194e-03 9.999954149395969827e-01 -1.489542178138260169e-03 6.413595248815623373e-01 -9.929479445596481879e-01 2.441412552463653393e-03 -1.185260262538110343e-01 -2.125615015658840434e+02
-1.181760812197361066e-01 1.914732624873265263e-03 9.929908094370870630e-01 -5.669648511740392394e+01 2.669656651638610111e-03 9.999951395639680163e-01 -1.610522214250456000e-03 6.463166632249971455e-01 -9.929890667882040889e-01 2.460619315432276046e-03 -1.181806185111409224e-01 -2.126181114041329749e+02
-1.164624906287432538e-01 1.765421502094145865e-03 9.931935217083676104e-01 -5.619661400611938973e+01 2.843204267162681518e-03 9.999949153474450014e-01 -1.444115214074371233e-03 6.372812594353662874e-01 -9.931910211364403107e-01 2.655666804453600191e-03 -1.164669179113908548e-01 -2.126903549284362782e+02
-1.148571331226693193e-01 1.916357874342973500e-03 9.933801722116961663e-01 -5.567384390522416027e+01 2.776717818828350337e-03 9.999948519656228774e-01 -1.608067289232224242e-03 6.398425955391873199e-01 -9.933781398888321679e-01 2.573638426341436601e-03 -1.148618630192563828e-01 -2.127596962347305976e+02
-1.128889138870969866e-01 2.177876272434882410e-03 9.936052284364923493e-01 -5.517946722666729897e+01 2.710204312821386761e-03 9.999945527290389213e-01 -1.883959880738309911e-03 6.543594832416524953e-01 -9.936039190311071190e-01 2.480194990607048015e-03 -1.128942014402609662e-01 -2.128190734843995529e+02
-1.107762105075176251e-01 2.121881369690146492e-03 9.938431107599667857e-01 -5.467791731029862490e+01 2.819721862642231812e-03 9.999943670554284347e-01 -1.820721293965213037e-03 6.494368385595131743e-01 -9.938413758514041962e-01 2.600668542110432923e-03 -1.107815696265521677e-01 -2.128814890075398125e+02
-1.084952638388727575e-01 1.919356292158777306e-03 9.940951130530504276e-01 -5.418183307738532051e+01 2.798522622818236990e-03 9.999947632940081599e-01 -1.625317104487404010e-03 6.411887706926413522e-01 -9.940930268318266538e-01 2.605658455038820272e-03 -1.085000670430793512e-01 -2.129369001750481516e+02
-1.059720631968990023e-01 1.497982487005133402e-03 9.943679791054521599e-01 -5.366741966836625721e+01 2.964568695811383228e-03 9.999948969861658377e-01 -1.190518406134399333e-03 6.226313069314602933e-01 -9.943646882076214721e-01 2.821710491201305168e-03 -1.059759632919823336e-01 -2.130113014519668866e+02
-1.028246760804745197e-01 1.841477433599909667e-03 9.946977907635098370e-01 -5.319177328202498956e+01 2.781037914967828158e-03 9.999949101653613504e-01 -1.563800334588277613e-03 6.384677075597782192e-01 -9.946956076192662310e-01 2.605495007189479253e-03 -1.028292739384388810e-01 -2.130733294574655758e+02
-1.006203938468561709e-01 1.686144072125205862e-03 9.949234610060577744e-01 -5.269234782993944322e+01 2.662080942907427313e-03 9.999954406078689351e-01 -1.425513425898600238e-03 6.310344554847432397e-01 -9.949213283808715502e-01 2.505131062847828355e-03 -1.006244237310256473e-01 -2.131236550810683639e+02
-9.738738183203543564e-02 1.766945429524442723e-03 9.952449827875298194e-01 -5.220951589223195555e+01 2.785035717037914228e-03 9.999949924883916319e-01 -1.502855347780213255e-03 6.365857496083719980e-01 -9.952426545501134036e-01 2.625433676673466325e-03 -9.739181516972172936e-02 -2.131894929808613313e+02
-9.455005495976753771e-02 1.807664805037468170e-03 9.955184676614783346e-01 -5.170941854412964744e+01 2.728859475656077605e-03 9.999950651208414643e-01 -1.556618105407444122e-03 6.368773282424483595e-01 -9.955163687419044116e-01 2.569451676251000016e-03 -9.455452122990393171e-02 -2.132647984300079145e+02
-9.191017503642773256e-02 1.445160912685798920e-03 9.957662533118453174e-01 -5.124482320995264217e+01 2.972520808693149535e-03 9.999948894631444096e-01 -1.176931448935397088e-03 6.180206290199659058e-01 -9.957628652670350577e-01 2.851763933086344949e-03 -9.191400109697567267e-02 -2.133231282206313324e+02
-9.012324619752321020e-02 1.429571176141450958e-03 9.959295943092931758e-01 -5.073829772706147878e+01 2.850656526655555561e-03 9.999952436770745967e-01 -1.177446642175753507e-03 6.163662340960733843e-01 -9.959265405903128254e-01 2.732937884489953454e-03 -9.012689275866470062e-02 -2.133640898218517918e+02
-8.805228365545958447e-02 1.558745972704271782e-03 9.961146347956402192e-01 -5.024949230519193577e+01 2.688515040484190481e-03 9.999955052490714369e-01 -1.327165600617744717e-03 6.226742038123257439e-01 -9.961122262224955115e-01 2.561209215771132787e-03 -8.805607859436781482e-02 -2.134031840746740443e+02
-8.546871221367680072e-02 1.414999800884960898e-03 9.963398501556082199e-01 -4.975852278738629053e+01 2.729188962365880142e-03 9.999955723676656749e-01 -1.186074480108705465e-03 6.160579602830997814e-01 -9.963371170242250052e-01 2.617827463405563142e-03 -8.547219559148144796e-02 -2.134562469186798808e+02
-8.215388806771595220e-02 1.405615092521774780e-03 9.966186647467368820e-01 -4.930087875463854630e+01 2.685355400721158893e-03 9.999956875430441317e-01 -1.189017109322795069e-03 6.169658258035060072e-01 -9.966160381720378103e-01 2.578592935327255961e-03 -8.215730835868995108e-02 -2.135067979525825308e+02
-7.824600353645605466e-02 1.349387684531379566e-03 9.969331683134280420e-01 -4.884026663810463020e+01 2.733723406611854399e-03 9.999956147400915762e-01 -1.138971870797698613e-03 6.151179800117189123e-01 -9.969303334169891118e-01 2.636219540015772959e-03 -7.824934926009152747e-02 -2.135707707592628708e+02
-7.407984283391511049e-02 1.428291620574657136e-03 9.972512907330575160e-01 -4.835678625980465739e+01 2.744701437223108411e-03 9.999954788940340622e-01 -1.228334446296822612e-03 6.163455551834740032e-01 -9.972485364740943936e-01 2.646162228218470244e-03 -7.408342814515944674e-02 -2.136448698193790108e+02
-6.965800804580379868e-02 1.378969974030826119e-03 9.975699776741988600e-01 -4.788348106654459002e+01 2.763772688253761552e-03 9.999954735112166482e-01 -1.189334942446553314e-03 6.125531002028561378e-01 -9.975671022420589118e-01 2.674209955927767807e-03 -6.966150389916392349e-02 -2.136980027829106632e+02
-6.633125279164886479e-02 1.102247916322200184e-03 9.977970484786079508e-01 -4.738734618888600636e+01 2.764410565358143244e-03 9.999957549749731722e-01 -9.209051305800023974e-04 6.047390516843396124e-01 -9.977938278709267417e-01 2.697235911883806396e-03 -6.633401827960638819e-02 -2.137147777423588195e+02
-6.220877803038860065e-02 2.063642274740970506e-03 9.980610248459401701e-01 -4.689630427682628522e+01 2.539518562449018073e-03 9.999949525942185558e-01 -1.909353701533165462e-03 6.371562798469491140e-01 -9.980599274499689644e-01 2.415815938452977631e-03 -6.221370469530573821e-02 -2.137675589156047238e+02
-5.761503817995050625e-02 1.705568707160817505e-03 9.983374171145285025e-01 -4.642890334927776763e+01 2.618744392235054005e-03 9.999953585319220073e-01 -1.557270824496807338e-03 6.238375610872695098e-01 -9.983354393956627160e-01 2.524668294617193366e-03 -5.761923721007744525e-02 -2.137997382919351139e+02
-5.190289544282866707e-02 1.605278755891833848e-03 9.986508461543338599e-01 -4.595635637636750914e+01 2.573681801116522051e-03 9.999956022073426265e-01 -1.473678377632705672e-03 6.201381950370989937e-01 -9.986488199595681126e-01 2.493721333666397422e-03 -5.190679866137593024e-02 -2.138456898539102440e+02
-4.667586734629369793e-02 1.925480828051778217e-03 9.989082319868290982e-01 -4.547499073748535636e+01 2.522395077131456363e-03 9.999951812205184476e-01 -1.809712357634246432e-03 6.291171368541463860e-01 -9.989069030347857980e-01 2.435171312929779609e-03 -4.668049924894357439e-02 -2.138702422173686273e+02
-3.946689994106589161e-02 1.910619603873372650e-03 9.992190517307859565e-01 -4.499402354286639394e+01 2.354046998886119915e-03 9.999955746139548296e-01 -1.819124853688406946e-03 6.295657613213669901e-01 -9.992181054563458176e-01 2.280413391375864674e-03 -3.947122297314220596e-02 -2.138953016804942706e+02
-3.160392990339677688e-02 2.192981240946663760e-03 9.994980652547248434e-01 -4.451245945677870708e+01 2.281633245249376288e-03 9.999951457758029516e-01 -2.121927087508100607e-03 6.399809428918450394e-01 -9.994978668133290833e-01 2.213426779313886102e-03 -3.160878006974110477e-02 -2.139277348917434551e+02
-2.441672150977591826e-02 1.821876738334495156e-03 9.997002073001010070e-01 -4.402669818842455385e+01 2.309174335536155927e-03 9.999957744417391492e-01 -1.766016011928166814e-03 6.260374905283870861e-01 -9.996992004721233505e-01 2.265361740782512612e-03 -2.442082536650347357e-02 -2.139497859114745211e+02
-1.543010981360204426e-02 1.545151152666492111e-03 9.998797548800835155e-01 -4.355521144927229926e+01 2.403330039110890270e-03 9.999959745963211688e-01 -1.508242645205284732e-03 6.148162526314512322e-01 -9.998780604233015179e-01 2.379768700761062880e-03 -1.543376120936157392e-02 -2.139584825089357594e+02
-5.833438752441244546e-03 1.868167602482583142e-03 9.999812402951020474e-01 -4.309634495656978714e+01 2.204345198740832734e-03 9.999958492871521276e-01 -1.855335741100210553e-03 6.265352744654903994e-01 -9.999805557382435151e-01 2.193480858464487687e-03 -5.837532625796892916e-03 -2.139679771386402933e+02
2.307764612825002892e-03 1.898398569289887509e-03 9.999955351427145533e-01 -4.262229323757182442e+01 2.201897378547916072e-03 9.999957641960126598e-01 -1.903480487665666675e-03 6.280862678293444024e-01 -9.999949129222740485e-01 2.206280332301001085e-03 2.303574758753312857e-03 -2.139841723967398934e+02
1.156461505857642180e-02 1.328283586354552783e-03 9.999322453752862438e-01 -4.216768551590570979e+01 2.263457305554721251e-03 9.999965209760061091e-01 -1.354546754471355492e-03 6.109245977716815101e-01 -9.999305658092333404e-01 2.278968757648732520e-03 1.156156831181576194e-02 -2.139894230580561896e+02
2.171767993825879373e-02 2.000968567688312261e-03 9.997621409629846578e-01 -4.171716377349626015e+01 1.974530796867465191e-03 9.999959609654287540e-01 -2.044328975703197694e-03 6.338360123865893758e-01 -9.997621935271567839e-01 2.018459219256395383e-03 2.171364124573815779e-02 -2.140053339232758276e+02
2.969651797066319432e-02 1.710137090588745735e-03 9.995574982218631277e-01 -4.124487238233252384e+01 1.909627987168869331e-03 9.999966144096000820e-01 -1.767622778825977611e-03 6.236642044227690418e-01 -9.995571370068692119e-01 1.961275215005726501e-03 2.969315170476705124e-02 -2.140024937846387729e+02
3.871264064064039445e-02 1.586567494848362255e-03 9.992491252226411991e-01 -4.079546429169074884e+01 2.107874084074967506e-03 9.999963849509060365e-01 -1.669416654119973420e-03 6.152484289560825603e-01 -9.992481615301951337e-01 2.170918861601833696e-03 3.870915640803895830e-02 -2.139895242903237431e+02
4.775996465213272479e-02 1.658532263341871852e-03 9.988574648302722681e-01 -4.034320052322848227e+01 2.022664717092531594e-03 9.999964106432985833e-01 -1.757136295685258901e-03 6.159612558559757201e-01 -9.988567938417746150e-01 2.104274518887593644e-03 4.775643856989231217e-02 -2.139718336814465545e+02
5.541097638286085481e-02 1.561937294865762670e-03 9.984624099324845847e-01 -3.988559702716916178e+01 2.122088795205946937e-03 9.999963336242894130e-01 -1.682104968221949902e-03 6.128718062041130787e-01 -9.984613765366405769e-01 2.212032971219691970e-03 5.540745865577079154e-02 -2.139439011895516671e+02
6.499509865481711834e-02 1.494883201471131030e-03 9.978844634901699040e-01 -3.943763666470709950e+01 2.040684389164611201e-03 9.999965877777255985e-01 -1.630962945451755203e-03 6.066795163163265503e-01 -9.978834965856856476e-01 2.142371844376281254e-03 6.499182629228095198e-02 -2.139218405453555931e+02
7.470586603939743942e-02 1.618591052414590200e-03 9.972042988988308876e-01 -3.898179725998794964e+01 1.976506753824366480e-03 9.999964781407114645e-01 -1.771193729000375807e-03 6.128696900659693636e-01 -9.972036537239300502e-01 2.103299593164754174e-03 7.470240377970238654e-02 -2.138996123093272104e+02
8.312620858521846401e-02 1.587521461767714935e-03 9.965377630686432786e-01 -3.855299827912746480e+01 1.952715757266748273e-03 9.999965518219522398e-01 -1.755917246596833082e-03 6.109606544586985155e-01 -9.965371143853188896e-01 2.091917735954487885e-03 8.312282197307752085e-02 -2.138686365700094427e+02
9.400189116031665293e-02 1.473953905694430329e-03 9.955709276180015888e-01 -3.811918594503104885e+01 1.965010372332792309e-03 9.999966815124240460e-01 -1.666042729385578802e-03 6.071135367131503813e-01 -9.955700794984354562e-01 2.112918366478492606e-03 9.399868288149570983e-02 -2.138314563281681728e+02
1.059881928328002543e-01 1.398367976731776808e-03 9.943664050776449548e-01 -3.768652940843046650e+01 1.935663434967503649e-03 9.999968263498030252e-01 -1.612605775916673388e-03 6.018732062918565884e-01 -9.943655043227838108e-01 2.095675863210025996e-03 1.059851496935899640e-01 -2.137916348536531927e+02
1.170938672215795506e-01 1.471618687106334995e-03 9.931197614575670851e-01 -3.724901794712933167e+01 1.656389962887617594e-03 9.999972218390148493e-01 -1.677106598553369018e-03 6.080889953572579110e-01 -9.931194704724028988e-01 1.841372502191102479e-03 1.170911043415435726e-01 -2.137543442540919045e+02
1.304550269571640442e-01 1.403284388606610734e-03 9.914532347693110204e-01 -3.681746005412325218e+01 1.676623484061025120e-03 9.999972562365201378e-01 -1.635986896057435580e-03 6.057592662110176107e-01 -9.914528102110047314e-01 1.875716491389235654e-03 1.304523162398645297e-01 -2.136995629178972820e+02
1.452023161503105397e-01 1.464924216204324236e-03 9.894009002328764124e-01 -3.636903135621765415e+01 1.628325923043416786e-03 9.999971957908513343e-01 -1.719582833736538890e-03 6.076354376579170546e-01 -9.894006448043551893e-01 1.860754544402546101e-03 1.451995235985706900e-01 -2.136350178251478553e+02
1.597901860093482451e-01 1.400443820931574802e-03 9.871500064388403217e-01 -3.596684962124346185e+01 1.777703806128836262e-03 9.999969639338297522e-01 -1.706426763870648846e-03 6.017405084850849795e-01 -9.871493991409181490e-01 2.027530573676653101e-03 1.597872113014593420e-01 -2.135943572255702918e+02
1.769543673074015500e-01 1.529193317909989004e-03 9.842178688982606838e-01 -3.554272993146722825e+01 1.624254833482847733e-03 9.999969775203654265e-01 -1.845737351215535459e-03 6.086879132108793389e-01 -9.842177166090201323e-01 1.925231915958172061e-03 1.769513486667920743e-01 -2.135457058246973361e+02
1.948464916058214591e-01 1.608224059055220244e-03 9.808324313175407205e-01 -3.510825023493492836e+01 1.568753438630615107e-03 9.999968657418301099e-01 -1.951286540970783353e-03 6.131279552521632370e-01 -9.808324952414408937e-01 1.918885585975634717e-03 1.948433579995905163e-01 -2.134583698349642589e+02
2.139072195400494314e-01 1.633872328903473005e-03 9.768526152341806545e-01 -3.466830141956832989e+01 1.524320695839865994e-03 9.999968254526182543e-01 -2.006372622919124458e-03 6.139129035156382086e-01 -9.768527923259785473e-01 1.918214247316665311e-03 2.139040499360403969e-01 -2.133740623884229990e+02
2.303937413065252349e-01 1.463697873616179096e-03 9.730963886251539074e-01 -3.422983819480837298e+01 1.583390311475220023e-03 9.999969810187386843e-01 -1.879049900835014697e-03 6.038825997599545081e-01 -9.730962012267355687e-01 1.973712730635628250e-03 2.303907281471054835e-01 -2.132705993382086262e+02
2.506792672394401178e-01 1.236400829130175454e-03 9.680694067520609902e-01 -3.379326656840036947e+01 1.525498638334051114e-03 9.999974382922750538e-01 -1.672202975710364954e-03 5.944863701350523444e-01 -9.680689943543290266e-01 1.895975178439807248e-03 2.506767389446433736e-01 -2.131762895706399661e+02
2.715837591292036279e-01 1.517384129975554502e-03 9.624136113556649441e-01 -3.335092063674951390e+01 1.491980197983578922e-03 9.999968916661786666e-01 -1.997661900734858630e-03 6.060664968173901102e-01 -9.624136510733518612e-01 1.978434578883279255e-03 2.715806510491451942e-01 -2.130694287142637791e+02
2.908401693671263111e-01 1.351595104931864336e-03 9.567706982726706944e-01 -3.292705373131174440e+01 1.343440544557303546e-03 9.999974394863575533e-01 -1.821040425687582521e-03 5.983237285004139316e-01 -9.567707097575701702e-01 1.814996253735268400e-03 2.908376088792410386e-01 -2.129772744859285183e+02
3.138829212935729807e-01 1.267422829353411070e-03 9.494608498298306998e-01 -3.251872828443878660e+01 1.223918493180909143e-03 9.999977380792128834e-01 -1.739499922407783871e-03 5.941310812694309273e-01 -9.494609069065111928e-01 1.708062009893290606e-03 3.138806600930290625e-01 -2.128703067383482335e+02
3.363310398788236233e-01 1.453866553040561319e-03 9.417427025924198780e-01 -3.208151655907581556e+01 1.064700456217932594e-03 9.999975822299638217e-01 -1.924044481084776805e-03 6.047300906784952579e-01 -9.417432229790494436e-01 1.649789766186412522e-03 3.363286787753309026e-01 -2.127223270780271491e+02
3.558254966539782238e-01 1.551426117119957459e-03 9.345511270165763884e-01 -3.168208527887696846e+01 1.004848069791988404e-03 9.999974089015163381e-01 -2.042662627577959862e-03 6.091575829266916431e-01 -9.345518745427171536e-01 1.665913340058981828e-03 3.558230157275341643e-01 -2.125740752700962162e+02
3.792157374727254115e-01 1.405376787796146091e-03 9.253072189111577472e-01 -3.128180373363463218e+01 1.052426167825530568e-03 9.999975446919289190e-01 -1.950130578959616365e-03 5.995745626800411676e-01 -9.253076876651236127e-01 1.713337736128252645e-03 3.792133273259573611e-01 -2.124201474616003793e+02
4.028806820258076238e-01 1.391529385863149448e-03 9.152514516221147423e-01 -3.087915412419814487e+01 9.425698944227240165e-04 9.999976831207292305e-01 -1.935281676571320303e-03 5.983013197356011892e-01 -9.152520240963218923e-01 1.642376065894803581e-03 4.028784369862005166e-01 -2.122545077971531953e+02
4.266795102036974319e-01 1.533169561947849389e-03 9.044015949584714997e-01 -3.046958571111276370e+01 8.571763962997402779e-04 9.999974284060554330e-01 -2.099626133760662105e-03 6.066657522939155056e-01 -9.044024882876863236e-01 1.671099150338122268e-03 4.266770987604927567e-01 -2.120712139282736359e+02
4.473759496603640917e-01 1.333223175001265132e-03 8.943450017646730199e-01 -3.007811196065910053e+01 1.020041291777773777e-03 9.999974778047533430e-01 -2.000974736173300687e-03 5.963358395696909398e-01 -8.943454137978517071e-01 1.807456803736959402e-03 4.473734613481807898e-01 -2.118936037999873463e+02
4.707826745098467880e-01 1.416761568122754458e-03 8.822480751852137537e-01 -2.969612533541615562e+01 8.260884762214078985e-04 9.999975643671309422e-01 -2.046665003207764379e-03 5.996028550082254105e-01 -8.822488259891225759e-01 1.692349392114878871e-03 4.707803574856855855e-01 -2.116907856079680812e+02
4.946425932664940683e-01 1.276308188316508741e-03 8.690955505374573509e-01 -2.928485236174112316e+01 7.616040189922150625e-04 9.999979011589128497e-01 -1.902008698034051955e-03 5.921779865544336552e-01 -8.690961539932828828e-01 1.602721178988570803e-03 4.946405830488501687e-01 -2.114849060943129757e+02
5.151170532385433987e-01 1.618570237668098041e-03 8.571183125410548609e-01 -2.889828265956072073e+01 5.263652745956313821e-04 9.999974310715584735e-01 -2.204719909963729317e-03 6.079952315482711755e-01 -8.571196791594726250e-01 1.586846139178479552e-03 5.151148779805270195e-01 -2.112831477520283556e+02
5.389800515603011544e-01 1.399833563770306981e-03 8.423173656562288336e-01 -2.850068205056837201e+01 5.177933421745110638e-04 9.999978795104198515e-01 -1.993204635396091801e-03 5.948123828334412888e-01 -8.423183696857798886e-01 1.510443861090785466e-03 5.389781838342184717e-01 -2.110537299650755187e+02
5.619287581869960579e-01 1.616349397034313844e-03 8.271840533623984193e-01 -2.812982641336451550e+01 4.717772581481451599e-04 9.999973019790329154e-01 -2.274524318081262274e-03 6.059932125762016453e-01 -8.271854980284889525e-01 1.668367250204709192e-03 5.619264795345376706e-01 -2.107988316377777664e+02
5.817352824334598438e-01 1.794754244190680231e-03 8.133761983419884878e-01 -2.774456057378477070e+01 2.852238198473031408e-04 9.999970539741578346e-01 -2.410537362896303642e-03 6.138668305828376415e-01 -8.133781284368515330e-01 1.634288899884868461e-03 5.817330567196232760e-01 -2.105493927785697679e+02
6.043080536085883026e-01 1.491243148653364310e-03 7.967493661984748066e-01 -2.737144969482479340e+01 3.239777060637836440e-04 9.999977058651901007e-01 -2.117381118925522852e-03 5.962983119417158973e-01 -7.967506958781056525e-01 1.537679494694213240e-03 6.043061841149122149e-01 -2.102982465871356226e+02
6.260974895506928872e-01 1.720965351100819940e-03 7.797428883013812762e-01 -2.701075427775657189e+01 1.524224518387322673e-04 9.999972751518686476e-01 -2.329475527677952237e-03 6.074161954566520416e-01 -7.797447725670985097e-01 1.577329102687652796e-03 6.260955212163601402e-01 -2.100081164065627490e+02
6.480410893243129244e-01 1.434777461056662394e-03 7.616040230730108940e-01 -2.665232050678227438e+01 2.202861118381043001e-04 9.999978305428088854e-01 -2.071324142802926857e-03 5.919991785011619045e-01 -7.616053426948808935e-01 1.510073942848769125e-03 6.480393673653632725e-01 -2.097311921321148702e+02
6.663392012600908298e-01 1.465221825448385267e-03 7.456473174290018102e-01 -2.631177351641847295e+01 1.248695221827925573e-04 9.999978360317730575e-01 -2.076617291089975694e-03 5.922000383220058506e-01 -7.456487465768762979e-01 1.476840131312028188e-03 6.663375763616816716e-01 -2.094402035468710324e+02
6.873589762372114276e-01 1.503024579004195657e-03 7.263163076120814354e-01 -2.596516258576981784e+01 1.371623364330589552e-04 9.999975723927647664e-01 -2.199180545252038630e-03 5.932169019262969467e-01 -7.263178498237711223e-01 1.611249729886739517e-03 6.873571014412245272e-01 -2.091387972335586483e+02
7.050342906031619172e-01 1.407656564168613920e-03 7.091718180925505877e-01 -2.562080958566848210e+01 2.364082761765779351e-05 9.999979828247893554e-01 -2.008429103455283346e-03 5.848888316968833267e-01 -7.091732147471501158e-01 1.432776796884167349e-03 7.050328351473020838e-01 -2.088156701621106492e+02
7.283573019470321874e-01 1.668863108869772169e-03 6.851954871395197211e-01 -2.528680088257446457e+01 -1.216917362885291129e-04 9.999973332260780889e-01 -2.306237596913748942e-03 5.987570903177089621e-01 -6.851975086729090725e-01 1.596382365209832567e-03 7.283555626696227581e-01 -2.084894812688606578e+02
7.451208914422209340e-01 1.513693554817120831e-03 6.669277066280664412e-01 -2.497864927557068881e+01 -1.341187933843566039e-04 9.999977442209218026e-01 -2.119803108077482259e-03 5.889476779136616491e-01 -6.669294109188014241e-01 1.490062042285131456e-03 7.451194136288563641e-01 -2.081351013078100038e+02
7.646681725995284618e-01 1.561552890910515405e-03 6.444223361785861304e-01 -2.466715502927107906e+01 -2.134665967534358838e-04 9.999976230271838684e-01 -2.169878336283711032e-03 5.913221210063852595e-01 -6.444241927839999828e-01 1.521674259193428859e-03 7.646666883434500850e-01 -2.077885466862843771e+02
7.811463861166958456e-01 1.542417199516956045e-03 6.243460133659930467e-01 -2.436075974639255293e+01 -3.188443317032297556e-04 9.999978035543787280e-01 -2.071527144483449601e-03 5.865965898364919884e-01 -6.243478371830226692e-01 1.419096755272629493e-03 7.811451621621176011e-01 -2.074474185910790140e+02
7.988596523729603049e-01 1.362743322865805516e-03 6.015159172799909859e-01 -2.407741686604048681e+01 -3.661677947617413692e-04 9.999983501613667336e-01 -1.779212098268586045e-03 5.726970873507395421e-01 -6.015173494851989711e-01 1.201085001376107735e-03 7.988588333761607041e-01 -2.070534309537984541e+02
8.134094655898179704e-01 1.629512915792132727e-03 5.816892520723966342e-01 -2.379991509548192852e+01 -4.846646474745227749e-04 9.999976276980534484e-01 -2.123605058546277399e-03 5.890383345475913579e-01 -5.816913325717225636e-01 1.445436239500574784e-03 8.134083257042623583e-01 -2.066738591853934111e+02
8.297768764668924657e-01 1.518829911118258066e-03 5.580932076602872494e-01 -2.352056151480997315e+01 -5.513091006985177105e-04 9.999980396678613825e-01 -1.901767259650716246e-03 5.803423496162062323e-01 -5.580950020732339256e-01 1.270360632058828779e-03 8.297760871733660393e-01 -2.062986743223347332e+02
8.452374059103779924e-01 1.368313241122328392e-03 5.343892358279395127e-01 -2.325851181977293436e+01 -5.677459755338246528e-04 9.999984568502824356e-01 -1.662516634822194762e-03 5.688604253730897842e-01 -5.343906860288661909e-01 1.101823909690054877e-03 8.452368784368498034e-01 -2.058972983475913452e+02
8.577835568816267742e-01 1.552771882221618991e-03 5.140087143648314205e-01 -2.300736735995345938e+01 -6.828151918626950301e-04 9.999979970279332386e-01 -1.881409985994366785e-03 5.787583797638381489e-01 -5.140106062202597359e-01 1.262869590820740002e-03 8.577828990213536287e-01 -2.054715724800466887e+02
8.718082677559346738e-01 1.556533205426585166e-03 4.898447932526963644e-01 -2.276360669896236999e+01 -7.598258889072758001e-04 9.999980454928234508e-01 -1.825287690065648593e-03 5.770678634483458191e-01 -4.898466769684316491e-01 1.219104143772533960e-03 8.718077464946452082e-01 -2.050562866751324407e+02
8.847803851745663639e-01 1.460703444493174083e-03 4.660059402580543075e-01 -2.252449504579509920e+01 -7.773159838126225078e-04 9.999983223061688076e-01 -1.658663530966819665e-03 5.695794598558432398e-01 -4.660075812582959998e-01 1.105319091889613329e-03 8.847800362121072126e-01 -2.046465768079448537e+02
8.965307883861228788e-01 1.425252667142157172e-03 4.429791350962162255e-01 -2.231074785152286921e+01 -8.240279426793350537e-04 9.999984597052447022e-01 -1.549698386090675884e-03 5.660890630776671539e-01 -4.429806614895357431e-01 1.024325130499369966e-03 8.965305819124747000e-01 -2.042142586351450291e+02
9.056651174092220646e-01 1.508442047075027066e-03 4.239910608854041696e-01 -2.210151419021281072e+01 -9.383954527332804066e-04 9.999983534003210606e-01 -1.553258066393213479e-03 5.676896260480612799e-01 -4.239927057416367218e-01 1.008860365532408040e-03 9.056650416564883121e-01 -2.037731601646561899e+02
9.153301638751316638e-01 1.437678029353345235e-03 4.027016565426674299e-01 -2.190666567868200687e+01 -9.367278154444863949e-04 9.999985231448647038e-01 -1.440919529052119745e-03 5.639962359929592273e-01 -4.027031333890069842e-01 9.416952656490656676e-04 9.153301587780784399e-01 -2.033264155879749921e+02
9.243501448103850215e-01 1.471945297878884213e-03 3.815424526393627058e-01 -2.171347986447556622e+01 -9.998637882989048088e-04 9.999984697499108011e-01 -1.435538310719559549e-03 5.648262777496813047e-01 -3.815439818178568698e-01 9.454495633016319093e-04 9.243502020682952125e-01 -2.028746359317183874e+02
9.316032422991241679e-01 1.402300998032922786e-03 3.634741152952575272e-01 -2.153934086668448700e+01 -9.926194267961246237e-04 9.999986441750393640e-01 -1.313908199481874945e-03 5.607381136151233791e-01 -3.634754649827589557e-01 8.632496707411120270e-04 9.316033711594077227e-01 -2.024351858570144884e+02
9.394397447119650080e-01 1.564516172129667678e-03 3.427105460073635590e-01 -2.135748067706852993e+01 -1.135447635480686451e-03 9.999983003225627609e-01 -1.452621992368897637e-03 5.678267208777862951e-01 -3.427122361605800527e-01 9.755209545556670515e-04 9.394399243936155663e-01 -2.019593761055705272e+02
9.456444301182662659e-01 1.604753347528528953e-03 3.251984571811389335e-01 -2.119388917929528304e+01 -1.207370117220716351e-03 9.999982575670366414e-01 -1.423769746405928677e-03 5.688508825429240412e-01 -3.252001753438941156e-01 9.537450310928752197e-04 9.456447199274768955e-01 -2.015240611849773131e+02
9.521082008257293339e-01 1.518436531597483659e-03 3.057575318301941070e-01 -2.103353386112153700e+01 -1.189637709941816605e-03 9.999984964523669362e-01 -1.261687411589025500e-03 5.609899057563881852e-01 -3.057589879014380174e-01 8.375222414885642210e-04 9.521085756750556905e-01 -2.010345253391115250e+02
9.578764338670284761e-01 1.364021782542466574e-03 2.871774310191538837e-01 -2.089000362748445383e+01 -1.120185463160612831e-03 9.999988591182031872e-01 -1.013383846356160365e-03 5.506678292706650435e-01 -2.871784856612909498e-01 6.490045213106258610e-04 9.578768690006137509e-01 -2.005682926501169163e+02
9.630627686606340054e-01 1.491762995461183745e-03 2.692728695262104344e-01 -2.075457771785206873e+01 -1.215655684953180059e-03 9.999985505033281985e-01 -1.192129396591109667e-03 5.606068754977169277e-01 -2.692742575906018621e-01 8.207523426395714515e-04 9.630631861745221345e-01 -2.000738302526436030e+02
9.670365962535300008e-01 1.421545221598211105e-03 2.546334634637994476e-01 -2.062712660123818154e+01 -1.192236073950808531e-03 9.999987329008664938e-01 -1.054879047794980316e-03 5.554812600914351695e-01 -2.546346403762282939e-01 7.165234430622456890e-04 9.670370657397907577e-01 -1.995999356107239180e+02
9.711363661589941243e-01 1.400487662947836991e-03 2.385208522494626504e-01 -2.050828007908138773e+01 -1.192310540099381696e-03 9.999987719923654206e-01 -1.017059161097559616e-03 5.538571133215192122e-01 -2.385219837228426953e-01 7.033122117064775350e-04 9.711368434123240911e-01 -1.991064849485219099e+02
9.743138152477273106e-01 1.406122439928524266e-03 2.251901690507414622e-01 -2.039870731920495572e+01 -1.207089973545529948e-03 9.999987497146385351e-01 -1.021519924122284585e-03 5.531701958033393707e-01 -2.251913238808577189e-01 7.234561794209791929e-04 9.743142943937254108e-01 -1.986218902847191998e+02
9.776791430026605667e-01 1.438794975833120222e-03 2.100986035331997570e-01 -2.028706031371768503e+01 -1.248982793589638492e-03 9.999986832414400340e-01 -1.036126134895199672e-03 5.546779653774404073e-01 -2.100998176571423071e-01 7.505893708368204182e-04 9.776796526654484287e-01 -1.981152204524615570e+02
9.805559956609952721e-01 1.367585547378495549e-03 1.962347295537790748e-01 -2.019149825647908614e+01 -1.207642153579392350e-03 9.999988339551210137e-01 -9.347132325874747726e-04 5.498721427125798922e-01 -1.962357790355854226e-01 6.795573330319234487e-04 9.805565038426536928e-01 -1.976133050735711265e+02
9.830099221858563663e-01 1.496515370548517345e-03 1.835463247409283294e-01 -2.009575599746899854e+01 -1.334489067630966050e-03 9.999986032781437162e-01 -1.006270684328305041e-03 5.553597832846411952e-01 -1.835475742773109709e-01 7.442335033288635746e-04 9.830105462778145897e-01 -1.971150497488371798e+02
9.847994970884166310e-01 1.547651613807021417e-03 1.736880977755357602e-01 -2.000500443326193079e+01 -1.382717570303570315e-03 9.999984709576298370e-01 -1.070595405864637611e-03 5.589700521737790417e-01 -1.736894891077826741e-01 8.141602327338267556e-04 9.848001312533385398e-01 -1.966281031119856380e+02
9.865247121542751740e-01 1.462401714465461728e-03 1.636057874592153905e-01 -1.992843194059144096e+01 -1.322221689973628956e-03 9.999986595682428536e-01 -9.657077818825601095e-04 5.529887272527904685e-01 -1.636069804095381386e-01 7.363714707630461542e-04 9.865253234044881747e-01 -1.961191705531039702e+02
9.877327791090529940e-01 1.519455927840222473e-03 1.561462401954980539e-01 -1.985007926355268637e+01 -1.378177026937528124e-03 9.999985371834539949e-01 -1.013044438570184129e-03 5.561439656125068964e-01 -1.561475510585716431e-01 7.854200375897936893e-04 9.877334283164538320e-01 -1.956165495201588271e+02
9.890269543099901028e-01 1.518699492865018420e-03 1.477273745795107396e-01 -1.977175856439061974e+01 -1.385474360169024633e-03 9.999985354904730173e-01 -1.004727677758213882e-03 5.549699613358090033e-01 -1.477286841107779414e-01 7.890302652691580116e-04 9.890276099898013262e-01 -1.950964231771236541e+02
9.897740951093121353e-01 1.432902715775733610e-03 1.426365571666302900e-01 -1.970168742954883356e+01 -1.315713043000530692e-03 9.999987150035971606e-01 -9.159095714074895912e-04 5.496828087035889876e-01 -1.426376862884796981e-01 7.188747885689796349e-04 9.897747085419528190e-01 -1.945821464027789887e+02
9.903957326098195013e-01 1.632369082001757649e-03 1.382520459141166058e-01 -1.963493153511204170e+01 -1.489875152389307650e-03 9.999982469726715895e-01 -1.134162075719136664e-03 5.614031745032379561e-01 -1.382536549256083158e-01 9.172909919057000133e-04 9.903964284451691746e-01 -1.940599531345282003e+02
9.907616482288172932e-01 1.731955496537357971e-03 1.356036752048972727e-01 -1.956318703881863286e+01 -1.576951796609243894e-03 9.999979747690878051e-01 -1.250472212389233239e-03 5.682776790374886033e-01 -1.356055663383639309e-01 1.025079450969913243e-03 9.907623729180325967e-01 -1.935292987259634572e+02
9.909975915681206171e-01 1.722873421669667048e-03 1.338686117555466237e-01 -1.949522156274782958e+01 -1.571539489585910060e-03 9.999980011292413096e-01 -1.236123438231419031e-03 5.663855542925029241e-01 -1.338704738537107308e-01 1.014615540378354872e-03 9.909983182556306724e-01 -1.930018527824595367e+02
9.910884290911312622e-01 1.838011977260954524e-03 1.331928955824785155e-01 -1.943288338289223915e+01 -1.680351709031197537e-03 9.999977482748532154e-01 -1.296095427491761537e-03 5.695347166945564643e-01 -1.331949779076055662e-01 1.060734271462176548e-03 9.910892859389600629e-01 -1.924659741420387888e+02
9.912144996783921469e-01 1.795252169122036907e-03 1.322520045101924224e-01 -1.935342438316214597e+01 -1.645302599012941642e-03 9.999978738565397096e-01 -1.243085579436617938e-03 5.664538869708559687e-01 -1.322539549755408217e-01 1.014569883933400538e-03 9.912153459472257122e-01 -1.919236695824540675e+02
9.912200011229068686e-01 1.743245054743661898e-03 1.322114611922261262e-01 -1.928430778157149206e+01 -1.594275076391286558e-03 9.999979694870191338e-01 -1.232602458074473495e-03 5.638445935717716351e-01 -1.322133414632774284e-01 1.010998772484637386e-03 9.912207676499704689e-01 -1.913926748439559731e+02
9.911457060537725017e-01 1.743810095014074885e-03 1.327672719367286314e-01 -1.922080466678691835e+01 -1.597200593122123473e-03 9.999979915143447640e-01 -1.210750817367009600e-03 5.636820405636034925e-01 -1.327691165950653229e-01 9.879745082498575352e-04 9.911465005663577799e-01 -1.908423472129118181e+02
9.911558289298263436e-01 1.975738138340061515e-03 1.326884291761626089e-01 -1.914448619576399224e+01 -1.803188145306290060e-03 9.999973652508236110e-01 -1.420564649521068902e-03 5.741471595095558600e-01 -1.326908862391891486e-01 1.168738730234693789e-03 9.911567801104117503e-01 -1.903077972200573527e+02
9.910752313562466442e-01 1.801276613113639161e-03 1.332915646045359503e-01 -1.908585874838396634e+01 -1.642666557875549884e-03 9.999978059429073252e-01 -1.299906131616780820e-03 5.665181987163608879e-01 -1.332936136457473775e-01 1.069351174510724950e-03 9.910760157774598511e-01 -1.897599934525579215e+02
9.909939711206789958e-01 1.709134998895917761e-03 1.338955864097930160e-01 -1.901582260829004767e+01 -1.560813587053413347e-03 9.999980466112911026e-01 -1.212697220510169580e-03 5.595710008093165433e-01 -1.338973975229289792e-01 9.927895838054935293e-04 9.909947029653736195e-01 -1.892095618782197448e+02
9.909489862097846657e-01 1.813547584448325228e-03 1.342267401636460800e-01 -1.894139324860424978e+01 -1.658487203496292021e-03 9.999978220430082443e-01 -1.267015957221267119e-03 5.637157632245931582e-01 -1.342287456173075488e-01 1.032934847391605562e-03 9.909498357109733924e-01 -1.886673596484804420e+02
9.908584096615060677e-01 1.790521412995503894e-03 1.348940548583987264e-01 -1.887602298950857360e+01 -1.630668693748916001e-03 9.999978312925920099e-01 -1.295503656473519574e-03 5.634353577211774766e-01 -1.348960819397002076e-01 1.063693180533577774e-03 9.908591805267463748e-01 -1.881193181287355003e+02
9.908228587971875667e-01 1.860858541388202021e-03 1.351539851075704013e-01 -1.880459982911790107e+01 -1.696796223773911275e-03 9.999976772188936547e-01 -1.329074637660383881e-03 5.651724755727124405e-01 -1.351561443943389562e-01 1.087548760482976969e-03 9.908237148303173925e-01 -1.875616343429927326e+02
9.907904675180727594e-01 1.850684619818619833e-03 1.353913750641334013e-01 -1.872396123708941573e+01 -1.694683185553577708e-03 9.999977607816193936e-01 -1.267470176299407289e-03 5.606696082679666349e-01 -1.353934175808391149e-01 1.026351881750739046e-03 9.907913852459534487e-01 -1.870004974976558003e+02
9.907239002182673948e-01 1.796622479487993470e-03 1.358783488417883156e-01 -1.865462702806183870e+01 -1.640765044863444749e-03 9.999978613776797642e-01 -1.259019513118580721e-03 5.590359531888188238e-01 -1.358803202320780501e-01 1.024396277354376779e-03 9.907247292693843743e-01 -1.864422346054445825e+02
9.906845118158569274e-01 1.897297356914407797e-03 1.361638656579516882e-01 -1.857471445270359567e+01 -1.733344081355763650e-03 9.999976230686515866e-01 -1.322639536207131233e-03 5.622238971391932960e-01 -1.361660514462870730e-01 1.074299672602981471e-03 9.906854456959285349e-01 -1.858708415755958470e+02
9.906829598542121751e-01 1.800036953308618327e-03 1.361764771223874515e-01 -1.848932366705021479e+01 -1.646052604487903154e-03 9.999978722767896011e-01 -1.243363469347429128e-03 5.565136087740717441e-01 -1.361784254767275937e-01 1.007625357150419973e-03 9.906838149105995361e-01 -1.853144717389727987e+02
9.906881546631043367e-01 1.805867807378712560e-03 1.361386023568457726e-01 -1.841081983075486050e+01 -1.655579402391456866e-03 9.999978887992035936e-01 -1.217149940627325431e-03 5.532814588221395269e-01 -1.361405129528145963e-01 9.804277626960372638e-04 9.906890528790285311e-01 -1.847464381482930662e+02
9.907055601908409947e-01 1.794184040472759792e-03 1.360120359033749060e-01 -1.832327853463107914e+01 -1.639544037877415554e-03 9.999978759834656783e-01 -1.248969136922379632e-03 5.566230175580743067e-01 -1.360139878920543222e-01 1.014362945910810172e-03 9.907063975595968852e-01 -1.841814830734303143e+02
9.906528776793686042e-01 1.951151204523003928e-03 1.363930678391065132e-01 -1.824828416407556730e+01 -1.777744733244017959e-03 9.999974493517309604e-01 -1.393166786740108760e-03 5.637466898500604895e-01 -1.363954382274181476e-01 1.137672628369442145e-03 9.906538195210985442e-01 -1.836051998649236907e+02
9.906248343364997266e-01 1.911290871983600294e-03 1.365971616212621476e-01 -1.817208496077422453e+01 -1.744751473503313496e-03 9.999975815703427973e-01 -1.338915890291970338e-03 5.602055895803630392e-01 -1.365993903283548583e-01 1.088035232995922686e-03 9.906257733075863881e-01 -1.830355344622678047e+02
9.905985719051300098e-01 1.939555366252675899e-03 1.367870880766832165e-01 -1.808388833581325628e+01 -1.777451581287950921e-03 9.999975659290936125e-01 -1.307211445884329856e-03 5.553510335267288767e-01 -1.367892905361864364e-01 1.051789365469382644e-03 9.905996081837189493e-01 -1.824690682388952041e+02
9.905787648615163032e-01 1.831942872842281123e-03 1.369319341524960210e-01 -1.801359164101637234e+01 -1.680515559099096060e-03 9.999978419579440558e-01 -1.221452786778778454e-03 5.509515010556175207e-01 -1.369338762793505804e-01 9.798289469831770668e-04 9.905797057593831445e-01 -1.819022855872296986e+02
9.906265392347051169e-01 1.781727658747723347e-03 1.365865484241452210e-01 -1.793297631892509614e+01 -1.634859019710898937e-03 9.999979586007069488e-01 -1.187447011206698008e-03 5.475990722899444219e-01 -1.365883853036450046e-01 9.530167725738920110e-04 9.906274298439218251e-01 -1.813199806831242142e+02
9.906144856493875883e-01 1.819641405323989096e-03 1.366734419218134378e-01 -1.785854520427954029e+01 -1.662769932469672796e-03 9.999978213514866265e-01 -1.261938362954971408e-03 5.514978082363829470e-01 -1.366754404337185702e-01 1.022837932545137864e-03 9.906153530936278040e-01 -1.807355223326420912e+02
9.905716815009535381e-01 1.779060284171725707e-03 1.369838631112395011e-01 -1.777719861000917945e+01 -1.628104244774460909e-03 9.999979377005275838e-01 -1.214030996311692059e-03 5.476084138949606217e-01 -1.369857404438201698e-01 9.795607164137377747e-04 9.905725351410976653e-01 -1.801616525414317493e+02
9.905120448542138467e-01 1.735004927701167248e-03 1.374149873799239141e-01 -1.769112370684797142e+01 -1.592209404018600939e-03 9.999980722555718016e-01 -1.149066731767427055e-03 5.437933520730288128e-01 -1.374167161153895256e-01 9.193710029974904840e-04 9.905128978913001481e-01 -1.795858436079196281e+02
9.904874734421371674e-01 1.684387931928501463e-03 1.375926153233028859e-01 -1.761099867353958004e+01 -1.552762864681908389e-03 9.999982284587259906e-01 -1.063958126882168882e-03 5.381101433610038232e-01 -1.375941636905348153e-01 8.401884934152606486e-04 9.904883342077269726e-01 -1.790035016753893444e+02
9.904328982293386652e-01 1.820392306625144866e-03 1.379831883849712559e-01 -1.752087339242568831e+01 -1.673653451101746225e-03 9.999979038649423613e-01 -1.179470155282345530e-03 5.434343111414448035e-01 -1.379850462519692789e-01 9.372500048367720825e-04 9.904338688540847979e-01 -1.784174751936171788e+02
9.903586701093957112e-01 1.841539352390842528e-03 1.385146680751271620e-01 -1.745159401309894776e+01 -1.704021249439085931e-03 9.999979305637466398e-01 -1.111386434008601425e-03 5.381004879679495145e-01 -1.385164280897053513e-01 8.646392530033638647e-04 9.903597586474480741e-01 -1.778369534326026553e+02
9.902653465692962120e-01 1.757088400186848035e-03 1.391813781521999971e-01 -1.738091974818835794e+01 -1.617563863978131906e-03 9.999980694855001850e-01 -1.115577168463934184e-03 5.376097240037012170e-01 -1.391830696282335689e-01 8.795826435160576705e-04 9.902662770503878331e-01 -1.772537439282018852e+02
9.902174682954240081e-01 1.890590821371690867e-03 1.395198593353183247e-01 -1.729644729244740020e+01 -1.741899114885548001e-03 9.999977774057746682e-01 -1.187842996523784649e-03 5.412907866819398617e-01 -1.395217949643511035e-01 9.331933652650852354e-04 9.902185606622755376e-01 -1.766715194683655454e+02
9.902133506164675358e-01 1.776297804836449905e-03 1.395505823241783294e-01 -1.721669087628448480e+01 -1.628183895733730955e-03 9.999979835804753137e-01 -1.175522090474154669e-03 5.403679300231474247e-01 -1.395523890089682695e-01 9.368036571515956680e-04 9.902142460704135285e-01 -1.760823182740245727e+02
9.902162646679011360e-01 1.777823387461680352e-03 1.395298840075207825e-01 -1.713345472397642411e+01 -1.631962905655395552e-03 9.999979958046723016e-01 -1.159777441175049040e-03 5.383462864623922428e-01 -1.395316662418383535e-01 9.207228907157795740e-04 9.902171814229112634e-01 -1.754984959998177203e+02
9.902239155576220142e-01 1.831311431425685504e-03 1.394748843203413025e-01 -1.704610422127856495e+01 -1.679355742696425624e-03 9.999978612553508395e-01 -1.207165694322589284e-03 5.413189781608153117e-01 -1.394767967155144117e-01 9.611363926136649079e-04 9.902248731448901609e-01 -1.749070799898529174e+02
9.902169026771082683e-01 1.755322689167558656e-03 1.395256409940880682e-01 -1.696542413564630181e+01 -1.594610313357216255e-03 9.999979302247697932e-01 -1.263631324811834199e-03 5.438180297391754792e-01 -1.395275702881075552e-01 1.028780070473996186e-03 9.902176522063539377e-01 -1.743106976278950526e+02
9.902068583032275217e-01 1.751558054381755240e-03 1.395969548866812515e-01 -1.688658443150429278e+01 -1.610837306963797859e-03 9.999980742443316251e-01 -1.121031131873065833e-03 5.342744403097490213e-01 -1.395986496081623451e-01 8.851847322821312144e-04 9.902077728818166058e-01 -1.737227711201070406e+02
9.901841541358681331e-01 1.855912983847920810e-03 1.397565615104769676e-01 -1.680175120986636728e+01 -1.708962738274397196e-03 9.999978535452210826e-01 -1.171473990181156602e-03 5.362633143019585047e-01 -1.397584356831262642e-01 9.211362260089399952e-04 9.901852004364933846e-01 -1.731335622610692724e+02
9.901701715240908142e-01 1.871686971392143599e-03 1.398553832064885483e-01 -1.672479266200785730e+01 -1.721847975975374393e-03 9.999978067357573330e-01 -1.192377130967341679e-03 5.361322902194255446e-01 -1.398573082234184639e-01 9.398465597879831525e-04 9.901712225796828193e-01 -1.725451981357248314e+02
9.902328818711259029e-01 1.789017169659636334e-03 1.394117609054969509e-01 -1.663516371292620022e+01 -1.638637300127512983e-03 9.999979452704088612e-01 -1.193449939844855008e-03 5.373828928219289702e-01 -1.394136095544599718e-01 9.533480618052869292e-04 9.902337787605862696e-01 -1.719518724276823605e+02
9.903330294512807663e-01 1.760976263010197640e-03 1.386989175893227066e-01 -1.654938818064493589e+01 -1.613607230393117103e-03 9.999980078807537698e-01 -1.174949458497655209e-03 5.354864807768678903e-01 -1.387007103426461663e-01 9.397856804162945440e-04 9.903338981138231079e-01 -1.713501028683691345e+02
9.903570719253876886e-01 1.807999585793124532e-03 1.385265361758182545e-01 -1.647575901033871304e+01 -1.659215646075978432e-03 9.999979160224904406e-01 -1.189518438639908986e-03 5.345913455519931690e-01 -1.385283981384767549e-01 9.482026016730514279e-04 9.903580079047242801e-01 -1.707469042105455230e+02
9.904141542781645935e-01 1.769708063939217898e-03 1.381183229656236522e-01 -1.638787908672494353e+01 -1.649539354721245429e-03 9.999981548868147607e-01 -9.845013373539668496e-04 5.225360732087750426e-01 -1.381198104016405082e-01 7.472324500812558114e-04 9.904152460550476045e-01 -1.701429645858832771e+02
9.904413781469463274e-01 1.732787832557869607e-03 1.379234349220792299e-01 -1.631203388441805657e+01 -1.588413553519009815e-03 9.999980693414118882e-01 -1.156830079033661744e-03 5.309402988309079863e-01 -1.379251731801003633e-01 9.266929243818130754e-04 9.904422183264721680e-01 -1.695389074061179429e+02
9.904736423956611580e-01 1.775146627718683038e-03 1.376910039687489207e-01 -1.622229724117150695e+01 -1.622821739568435125e-03 9.999979408132838588e-01 -1.218531408553004489e-03 5.339331856484279548e-01 -1.376928835091832670e-01 9.834752880195202739e-04 9.904744835720323826e-01 -1.689263970391039322e+02
9.905475025034230496e-01 1.883615839662330926e-03 1.371571991387974809e-01 -1.612574335631956401e+01 -1.733680115848408154e-03 9.999977619544492269e-01 -1.212616736088987851e-03 5.335252549153575163e-01 -1.371591762788297308e-01 9.633677705344057245e-04 9.905485512003192605e-01 -1.683099231589900739e+02
9.905836821399437442e-01 1.822183106921199114e-03 1.368964876349854642e-01 -1.604675178608910713e+01 -1.682250331840419878e-03 9.999979376472438730e-01 -1.137864262497063732e-03 5.284258066649181185e-01 -1.368982787031740034e-01 8.968556091680507511e-04 9.905847045750930668e-01 -1.677001933443636688e+02
9.905402640379715740e-01 1.824045670053834299e-03 1.372102699398962677e-01 -1.597072727658949098e+01 -1.669901690336247479e-03 9.999978387531351931e-01 -1.238514191774176421e-03 5.335393224757716268e-01 -1.372122325010793342e-01 9.976705128306420818e-04 9.905411692128790468e-01 -1.670947267802489762e+02
9.905773590072897150e-01 1.857534312074186032e-03 1.369417591110269339e-01 -1.587999957996106382e+01 -1.719639143013032209e-03 9.999978883157698561e-01 -1.125257845504451992e-03 5.258736743092371491e-01 -1.369435601383317269e-01 8.791645355216493648e-04 9.905784615094145318e-01 -1.664762973027800115e+02
9.905505971927354159e-01 1.860298667688801847e-03 1.371351657671449620e-01 -1.580559751227633747e+01 -1.713853165664142768e-03 9.999978281048139683e-01 -1.185956568149414180e-03 5.289316094712269711e-01 -1.371370741573622598e-01 9.397204488511508086e-04 9.905516340994224844e-01 -1.658562801261922175e+02
9.906133644226123858e-01 1.769778753973505871e-03 1.366822230960361151e-01 -1.571469577119402672e+01 -1.619902567849785093e-03 9.999979586252479846e-01 -1.207750391222042231e-03 5.291461427646165783e-01 -1.366840815273793197e-01 9.750017942585075675e-04 9.906142090786492771e-01 -1.652417959794425428e+02
9.906320895464071352e-01 1.849613518958694329e-03 1.365453847288498890e-01 -1.563166705943536705e+01 -1.707644563384692329e-03 9.999978728255761729e-01 -1.156846734830781947e-03 5.257033080127007096e-01 -1.365472339923599343e-01 9.128385143228641549e-04 9.906331407816328927e-01 -1.646369208655517582e+02
9.906674476960746212e-01 1.892099589799048093e-03 1.362880333502822505e-01 -1.554157374676622716e+01 -1.718253641041917346e-03 9.999975532907503517e-01 -1.393203839312750570e-03 5.369517053666967854e-01 -1.362903359735032904e-01 1.146024282077770040e-03 9.906682749278763467e-01 -1.640230102097904421e+02
9.906704112109853133e-01 1.941381799967491608e-03 1.362657968375190487e-01 -1.545436500438364824e+01 -1.776819125428885605e-03 9.999975379662007224e-01 -1.329276243837531008e-03 5.325647435262578222e-01 -1.362680419792284825e-01 1.074754969132810057e-03 9.906714216312608734e-01 -1.633993038093565531e+02
9.906789737900845161e-01 1.912262491432263449e-03 1.362039431969165049e-01 -1.537477514930112399e+01 -1.740581066033755012e-03 9.999975336009524485e-01 -1.379554118058440694e-03 5.347661406081446467e-01 -1.362062453332355816e-01 1.129621253318331296e-03 9.906798588282930140e-01 -1.627682698180949217e+02
9.906953035458120338e-01 2.003179899084148174e-03 1.360838080102234060e-01 -1.528964596152513167e+01 -1.829628321083958927e-03 9.999973456805748562e-01 -1.400389949833164092e-03 5.345566818006678433e-01 -1.360862520333267489e-01 1.138376957256014010e-03 9.906963389986989110e-01 -1.621336605522513139e+02
9.907285493683866129e-01 1.865376179446947939e-03 1.358435196765800379e-01 -1.521004874753679204e+01 -1.705159122226167483e-03 9.999977067024585775e-01 -1.295770886958891007e-03 5.302692027541129338e-01 -1.358456252471169079e-01 1.052122394378739471e-03 9.907294580962490160e-01 -1.615020291705417321e+02
9.907831604093829680e-01 1.796296063118858408e-03 1.354455697675216730e-01 -1.512025118823753722e+01 -1.658522677994255304e-03 9.999979861774492829e-01 -1.130019279672728671e-03 5.202088187344580117e-01 -1.354473268533622210e-01 8.949645241443927564e-04 9.907841443456687491e-01 -1.608725329366616847e+02
9.907986587662656053e-01 1.918964782764339457e-03 1.353304672316314461e-01 -1.502906098742301388e+01 -1.764210181521852234e-03 9.999976456263879321e-01 -1.263449293188331074e-03 5.261749164719661254e-01 -1.353325731278489097e-01 1.013072476950030963e-03 9.907997115132562982e-01 -1.602451298992914417e+02
9.907831530074117099e-01 1.854524788879760317e-03 1.354448391578620958e-01 -1.494911061938707064e+01 -1.705682424136961695e-03 9.999978072641532156e-01 -1.214954465627421897e-03 5.236404145753049688e-01 -1.354467953262818991e-01 9.727305346231489118e-04 9.907841437120132877e-01 -1.596175787221599194e+02
9.908506875596949648e-01 1.790906363562742940e-03 1.349507599714677430e-01 -1.486369344037082740e+01 -1.659096997166163105e-03 9.999980305419792215e-01 -1.089178275903001291e-03 5.165667668794580170e-01 -1.349524448079164884e-01 8.553166429196183218e-04 9.908517074082310305e-01 -1.589868236061044797e+02
9.909243656534524325e-01 1.929437225641173490e-03 1.344067662965496013e-01 -1.477372528502753823e+01 -1.772888601692410330e-03 9.999976035689738252e-01 -1.284415164715461445e-03 5.253518188009550505e-01 -1.344089223984366865e-01 1.034470058373854803e-03 9.909254116488229736e-01 -1.583438189765502955e+02
9.910077860791399740e-01 2.068695726255320375e-03 1.337882223086683253e-01 -1.467406590072801720e+01 -1.890321098857288820e-03 9.999971471450930238e-01 -1.460269775904331170e-03 5.322747704527891477e-01 -1.337908614841263888e-01 1.194236018288547972e-03 9.910088693768930312e-01 -1.577122330622534605e+02
9.910182230584165808e-01 1.912108692190643165e-03 1.337132207617770796e-01 -1.459117119319492950e+01 -1.758344416579242031e-03 9.999976501552503283e-01 -1.268033473601673728e-03 5.236999130253930934e-01 -1.337153311742941553e-01 1.021530384638024000e-03 9.910192564650911473e-01 -1.570653170042606348e+02
9.910085058920522494e-01 1.852558191354286609e-03 1.337860578601143269e-01 -1.451714808545391122e+01 -1.702247483376177458e-03 9.999977849891249493e-01 -1.237889473743051128e-03 5.205587418379094000e-01 -1.337880547848258050e-01 9.990220175304007598e-04 9.910094643099535139e-01 -1.564226347331820648e+02
9.910166833565162703e-01 1.917697076416318477e-03 1.337245517733131051e-01 -1.442808126023907889e+01 -1.763631059972518584e-03 9.999976376416742641e-01 -1.270557576429046272e-03 5.223180395957615074e-01 -1.337266724125545925e-01 1.023302982417888599e-03 9.910177243301310224e-01 -1.557898793134371545e+02
9.910423506929484372e-01 1.803979051085260847e-03 1.335357809449524980e-01 -1.435143604374182758e+01 -1.667560822843791590e-03 9.999979672991125002e-01 -1.133418962841547997e-03 5.156864104736714749e-01 -1.335375541707171099e-01 9.005871565027980278e-04 9.910433444450733598e-01 -1.551538162664723188e+02
9.911797051950894666e-01 1.788322968371542200e-03 1.325126179287704209e-01 -1.425728035972567120e+01 -1.673207564306824916e-03 9.999981199283232147e-01 -9.800593174165289634e-04 5.072563087896303502e-01 -1.325141214581383176e-01 7.496937906260969873e-04 9.911808339417172986e-01 -1.545238171391601441e+02
9.912830160383779843e-01 1.969781548175001361e-03 1.317349690648210170e-01 -1.417731930411728847e+01 -1.805693202686538702e-03 9.999974380656924122e-01 -1.365039966240711106e-03 5.235992826328474958e-01 -1.317373203990223063e-01 1.115267996551549045e-03 9.912840332575629798e-01 -1.538889065783849901e+02
9.914426224799104403e-01 1.979209996444707131e-03 1.305281925790278130e-01 -1.409253388523201167e+01 -1.818801099756156342e-03 9.999974372608705364e-01 -1.348122491067788422e-03 5.226562495534863295e-01 -1.305305262868319272e-01 1.099181277756478481e-03 9.914436814604252746e-01 -1.532493094504905571e+02
9.916088999603928089e-01 1.898163016363761061e-03 1.292601504583024419e-01 -1.401353492755987418e+01 -1.751723607390124476e-03 9.999976887410493287e-01 -1.246586123313441537e-03 5.175338488172263052e-01 -1.292622179282987005e-01 1.009697837392124764e-03 9.916099331524136362e-01 -1.526102578846945619e+02
9.917407796706149137e-01 1.926225635168685169e-03 1.282439690321660608e-01 -1.392157409928520373e+01 -1.785251523042842396e-03 9.999976692894615438e-01 -1.214204531400463541e-03 5.146685547807721139e-01 -1.282460089644906764e-01 9.752284076149558617e-04 9.917419070071773479e-01 -1.519665353843095943e+02
9.918916050446299204e-01 1.965463126428842414e-03 1.270715577801996010e-01 -1.384951353204499114e+01 -1.843482665429425123e-03 9.999977202456611369e-01 -1.077531968309139530e-03 5.072520470632724265e-01 -1.270733859376156627e-01 8.345406994961399819e-04 9.918929670726427394e-01 -1.513308894042727673e+02
9.920834749282925191e-01 1.893858546390821259e-03 1.255658873819250898e-01 -1.376317913561358175e+01 -1.765875635499832312e-03 9.999978017690606125e-01 -1.130548666157269854e-03 5.097375869880386157e-01 -1.255677524583600491e-01 8.998649081191929106e-04 9.920846384183675815e-01 -1.506925919655784014e+02
9.922453059102478434e-01 1.892728876402628626e-03 1.242806118285516848e-01 -1.368602956892248024e+01 -1.744193889741615239e-03 9.999976287431385780e-01 -1.303953900600365390e-03 5.172709943425618517e-01 -1.242827851584993037e-01 1.077072653229361110e-03 9.922462543278991465e-01 -1.500563758391980400e+02
9.924864255542571456e-01 1.904658316724546592e-03 1.223399663529077391e-01 -1.359526914797090669e+01 -1.774712502966314118e-03 9.999977394230673555e-01 -1.171129491969160859e-03 5.116154652287057125e-01 -1.223419203955286999e-01 9.452118554466620208e-04 9.924875621832660588e-01 -1.494211051926099856e+02
9.926608732923360989e-01 1.811029795222874553e-03 1.209177853153851206e-01 -1.352500995398998818e+01 -1.680946007896022380e-03 9.999978936047302369e-01 -1.177797360011922792e-03 5.111642314235675943e-01 -1.209196636408458175e-01 9.658970874413182498e-04 9.926618265994724410e-01 -1.487893166661407633e+02
9.928716537382049623e-01 1.881971464488821832e-03 1.191735599307533477e-01 -1.343945717251046723e+01 -1.732284474836725012e-03 9.999975753091006059e-01 -1.359619953517635571e-03 5.187316708330659276e-01 -1.191758297376621922e-01 1.143485604025448439e-03 9.928725064412918799e-01 -1.481578768560366939e+02
9.930520571261678420e-01 1.854708382478008951e-03 1.176612591055456181e-01 -1.336644964736723296e+01 -1.705423377417493707e-03 9.999976080830133007e-01 -1.369437605707468815e-03 5.173931054066904789e-01 -1.176635175769878694e-01 1.159260569558761330e-03 9.930528448911174477e-01 -1.475249255585403887e+02
9.932629092334878118e-01 1.981476662587541068e-03 1.158657278545464214e-01 -1.329449242141796361e+01 -1.823043012186674732e-03 9.999972528802840710e-01 -1.473345194067400207e-03 5.220527441355448106e-01 -1.158683289566390245e-01 1.252190928247409740e-03 9.932637929385502717e-01 -1.468887273214783420e+02
9.934306477123145962e-01 1.865339357437269165e-03 1.144205781097639013e-01 -1.321782630429036942e+01 -1.723494047864296622e-03 9.999976188595750548e-01 -1.338597567277118256e-03 5.157317049042670076e-01 -1.144228025970259327e-01 1.132600662960866209e-03 9.934314971157197638e-01 -1.462550528353422123e+02
9.936412539051642234e-01 2.148126169711970374e-03 1.125719507325511626e-01 -1.314630097530888797e+01 -2.002979041981376926e-03 9.999970105924225194e-01 -1.402455409538621483e-03 5.154679343111090439e-01 -1.125746268602757227e-01 1.168058293647776481e-03 9.936425861581680286e-01 -1.456196295750190757e+02
9.938319557004895444e-01 2.011947559016420868e-03 1.108782931666971033e-01 -1.307677100654537128e+01 -1.877397863951126402e-03 9.999973692814368986e-01 -1.317879913343121068e-03 5.131064421861846192e-01 -1.108806529823877368e-01 1.101588500906481574e-03 9.938331184343647262e-01 -1.449822246788039593e+02
9.939749198847299683e-01 2.000834777316074734e-03 1.095894853548390058e-01 -1.300984469663540111e+01 -1.852328593309085329e-03 9.999972231549365542e-01 -1.456901231503576755e-03 5.177288735728370339e-01 -1.095920960604687133e-01 1.245127547614936422e-03 9.939758659738490154e-01 -1.443410758785361168e+02
9.941520970700489235e-01 2.266935380689873158e-03 1.079651281442477601e-01 -1.293667540310133823e+01 -2.105995887121259527e-03 9.999964949193738128e-01 -1.604658932693737040e-03 5.241298055088787766e-01 -1.079683873758772589e-01 1.367900927195359571e-03 9.941533866433820421e-01 -1.437014916270087781e+02
9.943540966306014806e-01 2.197038973076049975e-03 1.060900727386464987e-01 -1.285961850368934023e+01 -2.057501003928072485e-03 9.999968684412410269e-01 -1.424709559906785997e-03 5.129544550574955952e-01 -1.060928706537784122e-01 1.198385356235526483e-03 9.943555031622134388e-01 -1.430691294794589226e+02
9.944932293801972412e-01 2.303095933632966739e-03 1.047755337188360780e-01 -1.279663971824284374e+01 -2.151088343854746544e-03 9.999964637125348110e-01 -1.563771518464936389e-03 5.203371995869712219e-01 -1.047787647182548409e-01 1.329778758107221090e-03 9.944946667290736064e-01 -1.424402620279166172e+02
9.947276601548722397e-01 2.289146473217794093e-03 1.025262987298242029e-01 -1.272137593632964148e+01 -2.140295924787981394e-03 9.999964899309794486e-01 -1.561812752787282042e-03 5.175383590594974104e-01 -1.025295140735941052e-01 1.334141725825095182e-03 9.947290680429963228e-01 -1.418001825746636086e+02
9.948761757862597532e-01 2.257533832336106657e-03 1.010757062498352371e-01 -1.266210650995391873e+01 -2.115743972726828997e-03 9.999966217786768752e-01 -1.509986316401612213e-03 5.150911967716692574e-01 -1.010787736389247710e-01 1.288399095664020727e-03 9.948775912379478337e-01 -1.411714126480752043e+02
9.951173225186745741e-01 2.150430651518514535e-03 9.867568125570322368e-02 -1.258982060159184968e+01 -2.030971416360040534e-03 9.999970781368910933e-01 -1.311057888307052503e-03 5.045984548819727467e-01 -9.867821227793935335e-02 1.104248927358914001e-03 9.951187823852669645e-01 -1.405402612108239850e+02
9.953125122129616864e-01 2.217378267330907295e-03 9.668550183943097620e-02 -1.253103953164384343e+01 -2.076893863096986037e-03 9.999966363854458917e-01 -1.553618252877400109e-03 5.156549511250924089e-01 -9.668862158601948531e-02 1.345530160870550985e-03 9.953137696246253663e-01 -1.399018712425128683e+02
9.955156077528497516e-01 2.298172408993410121e-03 9.456951477116080917e-02 -1.246904743945762561e+01 -2.158572948230821648e-03 9.999964245581884903e-01 -1.578427593035960919e-03 5.155705641968396646e-01 -9.457280414210751662e-02 1.367214108262719378e-03 9.955170091175141733e-01 -1.392635732805231044e+02
9.957273672503497153e-01 2.259934629587519173e-03 9.231415278361777832e-02 -1.240953476998842397e+01 -2.116368083370466328e-03 9.999963941823928337e-01 -1.653060297763776776e-03 5.196344128549068575e-01 -9.231755572383200381e-02 1.450626651603770939e-03 9.957285596925975479e-01 -1.386252010874514156e+02
9.959519806111605256e-01 2.332737950799653945e-03 8.985661161183083889e-02 -1.233973335624694201e+01 -2.204174893819198060e-03 9.999964004081527413e-01 -1.529962017446242963e-03 5.144764727486008660e-01 -8.985985716516564636e-02 1.325709014176972532e-03 9.959535373529558866e-01 -1.379829175211301049e+02
9.961261355862810474e-01 2.261429155511016087e-03 8.790681395726172853e-02 -1.229554719460982604e+01 -2.132598587737202962e-03 9.999965101025534153e-01 -1.559424886703410576e-03 5.132449675436049352e-01 -8.791003370040077758e-02 1.365913938831209238e-03 9.961274819288473692e-01 -1.373427879387575388e+02
9.963046625037964565e-01 2.284043011171242241e-03 8.585920230656322871e-02 -1.223318972088328138e+01 -2.163384595349169236e-03 9.999965373894516008e-01 -1.498324464106023891e-03 5.089883119707449000e-01 -8.586232724710433917e-02 1.307041173893347093e-03 9.963061539522281018e-01 -1.367066829689636336e+02
9.964864324636996118e-01 2.281796542121952796e-03 8.372325435808729288e-02 -1.218381323766324975e+01 -2.164088615869126739e-03 9.999965383863130830e-01 -1.496641524768634523e-03 5.093470174807773754e-01 -8.372637957198010572e-02 1.310198432053876231e-03 9.964879210225467965e-01 -1.360683797493631459e+02
9.966781807421353223e-01 2.375588946224232740e-03 8.140614601924157923e-02 -1.213684074769257037e+01 -2.246939712033000584e-03 9.999960779797969490e-01 -1.671911168204833842e-03 5.169200365614220471e-01 -8.140979851638248388e-02 1.483442679194660980e-03 9.966796095553172030e-01 -1.354390974836701957e+02
9.968792951082932063e-01 2.254980631715728951e-03 7.890871971298882293e-02 -1.209150993527565454e+01 -2.142730799677903131e-03 9.999965685644385260e-01 -1.507170882227419758e-03 5.057708516175593028e-01 -7.891184758395000665e-02 1.333387302590442617e-03 9.968807061976817652e-01 -1.347869082021933025e+02
9.970671940759663343e-01 2.286254299194669624e-03 7.649695117296367863e-02 -1.203162742597343993e+01 -2.178725925822760749e-03 9.999965178887918471e-01 -1.489081472341703249e-03 5.070405225264443816e-01 -7.650008922099060804e-02 1.318048394611316763e-03 9.970687032986292886e-01 -1.341538756012319880e+02
9.972429081765381564e-01 2.304171868079563784e-03 7.417056615398778807e-02 -1.198931960363983862e+01 -2.193672080512644104e-03 9.999963595015652906e-01 -1.571237225659400305e-03 5.096455001639275117e-01 -7.417391653677124497e-02 1.404199280183996952e-03 9.972443323127876402e-01 -1.335222688767318004e+02
9.974146805191911325e-01 2.333104562387212227e-03 7.182277986753832222e-02 -1.193615782978973527e+01 -2.229538493499312254e-03 9.999963561743199225e-01 -1.522102555256964326e-03 5.081581452822638845e-01 -7.182606938226471227e-02 1.358035781444265474e-03 9.974162478603957327e-01 -1.328958335646685498e+02
9.975912022176267602e-01 2.358836001313656221e-03 6.932697275021493244e-02 -1.188859604397079117e+01 -2.253586221162773122e-03 9.999961865212404488e-01 -1.596337094806665746e-03 5.110950199853352416e-01 -6.933047387068635992e-02 1.436257531007963974e-03 9.975927137650769660e-01 -1.322664276256040239e+02
9.977593799363944083e-01 2.242736715127403423e-03 6.686695657025439055e-02 -1.183090420475015847e+01 -2.157713383715019733e-03 9.999967693348187359e-01 -1.343723512907712189e-03 4.969371105904152874e-01 -6.686975416356340240e-02 1.196433011924823760e-03 9.977609956929327506e-01 -1.316297319564585848e+02
9.978776024191642335e-01 2.279749386879579339e-03 6.507759470749761854e-02 -1.178736078950833743e+01 -2.201833800964324208e-03 9.999967708187385007e-01 -1.268968087941779168e-03 4.921780337655486393e-01 -6.508027748936869028e-02 1.122984785429348561e-03 9.978793997207671129e-01 -1.309954794009793204e+02
9.980227188977596198e-01 2.387517298997458327e-03 6.280885546696859945e-02 -1.175330176954710737e+01 -2.303183800312062594e-03 9.999963464564316507e-01 -1.415068256370460246e-03 4.980132884596381593e-01 -6.281200449202001268e-02 1.267609930221094867e-03 9.980245714694399028e-01 -1.303522045375524101e+02
9.981601614648127896e-01 2.240694640408284234e-03 6.059101709055079305e-02 -1.171892453003608914e+01 -2.167934691628369860e-03 9.999968479505209062e-01 -1.266549720931077483e-03 4.923168446340724369e-01 -6.059366405583842957e-02 1.132862105996125177e-03 9.981618728942400764e-01 -1.297324526484126181e+02
9.983211419101862827e-01 2.148398065766035994e-03 5.788162057935729993e-02 -1.168621592668644205e+01 -2.063290261055635184e-03 9.999967008076566799e-01 -1.530100356415113952e-03 5.037822930110441577e-01 -5.788471688140401500e-02 1.408104951018014205e-03 9.983222810255246715e-01 -1.290939508541314922e+02
9.985160388488316663e-01 2.313948440722500728e-03 5.440924373902043809e-02 -1.163741591235113049e+01 -2.242857404255860568e-03 9.999965495922272796e-01 -1.367623597442415738e-03 4.957170886193324466e-01 -5.441222061543372901e-02 1.243561921974366226e-03 9.985177834177234590e-01 -1.284516750559584750e+02
9.986918124357282434e-01 2.235376258522523991e-03 5.108489861811481292e-02 -1.161396470843360795e+01 -2.162740225657949159e-03 9.999965703554425378e-01 -1.477102592501863430e-03 4.997429631042862863e-01 -5.108802529513697954e-02 1.364686900094143904e-03 9.986932218159428887e-01 -1.278177082714078239e+02
9.988981126350162665e-01 2.254925841056955923e-03 4.687724270532150211e-02 -1.157985074493792865e+01 -2.190301739409144990e-03 9.999965789737276234e-01 -1.429901790956103697e-03 4.977527168978717054e-01 -4.688030665954123072e-02 1.325650894003311099e-03 9.988996343463214522e-01 -1.271869011602631048e+02
9.990493588205785480e-01 2.234669290244814185e-03 4.353601834520567232e-02 -1.154629954476521725e+01 -2.180782568411163656e-03 9.999967962127439547e-01 -1.285204900868347011e-03 4.877386646674621296e-01 -4.353875087298856444e-02 1.189040542260334224e-03 9.990510314068089537e-01 -1.265488769503654822e+02
9.992424697333505135e-01 2.150888254803593261e-03 3.885692166023094890e-02 -1.152147536183934839e+01 -2.107569036378456780e-03 9.999971111733946261e-01 -1.155767114253793745e-03 4.796189594395027789e-01 -3.885929533523318352e-02 1.072997940743462310e-03 9.992441162406052735e-01 -1.259239653933668990e+02
9.994074620576705037e-01 2.285037508791518211e-03 3.434389883268038068e-02 -1.150653977660901361e+01 -2.248735393263789125e-03 9.999968714119502611e-01 -1.095607339538559122e-03 4.772239783164127225e-01 -3.434629488863466529e-02 1.017727809772268508e-03 9.994094737681488150e-01 -1.252851207211068498e+02
9.995233943096190066e-01 2.167368883934295363e-03 3.079426472411559215e-02 -1.148386342427844298e+01 -2.136293989314548298e-03 9.999971752610694598e-01 -1.041977865930027039e-03 4.737951882758914546e-01 -3.079643608876155361e-02 9.756956507143844503e-04 9.995252010540944809e-01 -1.246566855578442272e+02
9.996376142969387590e-01 2.426422326306603393e-03 2.680956093297762882e-02 -1.147315753352426881e+01 -2.395417946260356042e-03 9.999964246870112206e-01 -1.188522636503669882e-03 4.811739002191219861e-01 -2.681234893826673488e-02 1.123871829502221279e-03 9.996398525751779562e-01 -1.240159614189702211e+02
9.997381185517875135e-01 2.109199598702683753e-03 2.278696099932884730e-02 -1.144722182368309227e+01 -2.083014531168874729e-03 9.999971427914297051e-01 -1.172799829406665720e-03 4.812897696710560780e-01 -2.278936956115813414e-02 1.125027124006096856e-03 9.997396555848803157e-01 -1.233888338248424361e+02
9.998004846178096816e-01 2.266705612360232769e-03 1.984573011153482197e-02 -1.142795126943523876e+01 -2.241263820697139003e-03 9.999966379899538627e-01 -1.304126249746104943e-03 4.876780552663858015e-01 -1.984861946028033952e-02 1.259386539604659492e-03 9.998022035638173266e-01 -1.227708697957808397e+02
9.998570175446970243e-01 2.495385412990262786e-03 1.672475764440453649e-02 -1.142161392499098227e+01 -2.471822302666251692e-03 9.999959234470706670e-01 -1.429399784648150958e-03 4.930234259849191614e-01 -1.672825636841671071e-02 1.387854776605205271e-03 9.998591097239608594e-01 -1.221401469032934699e+02
9.999023235198023496e-01 2.452413502884286806e-03 1.375969068370777766e-02 -1.140199878276494339e+01 -2.433147227146642728e-03 9.999960362811772807e-01 -1.416762684942758123e-03 4.928722440456788090e-01 -1.376311063210175663e-02 1.383144947316958598e-03 9.999043272712561103e-01 -1.215121550098821785e+02
9.999374877889781743e-01 2.570919006893274215e-03 1.088167678839131389e-02 -1.139022498810826001e+01 -2.556246185206321065e-03 9.999958051480202226e-01 -1.362090967362028634e-03 4.895778825899002595e-01 -1.088513296692500409e-02 1.334189575265072722e-03 9.999398651011317529e-01 -1.208832278728378924e+02
9.999595638775545803e-01 2.397400325503343081e-03 8.667357237936794065e-03 -1.139519295574424795e+01 -2.385763265743165266e-03 9.999962391329578759e-01 -1.352720806352419912e-03 4.883390886366177908e-01 -8.670567654460078696e-03 1.331987845058916911e-03 9.999615227922172833e-01 -1.202555879174014564e+02
9.999770037784365684e-01 2.205861128224826523e-03 6.412962730572195971e-03 -1.139068217471577960e+01 -2.197473314446664154e-03 9.999967213335361205e-01 -1.314698904810888535e-03 4.857437040781296678e-01 -6.415841747815799120e-03 1.300576357236610855e-03 9.999785725083343291e-01 -1.196345638107832627e+02
9.999836217425769336e-01 2.573365705687942744e-03 5.112145884427699710e-03 -1.138179764379945169e+01 -2.565545686006635417e-03 9.999955298465824649e-01 -1.535663435074048015e-03 4.961955754430856236e-01 -5.116074855970601659e-03 1.522522839762963272e-03 9.999857537496574800e-01 -1.190112895179697148e+02
9.999894135697084963e-01 2.595991150466527442e-03 3.799154966188633339e-03 -1.138150594292011952e+01 -2.590781618892037345e-03 9.999956978967967647e-01 -1.375513904582092040e-03 4.881229353473041654e-01 -3.802709443755522382e-03 1.365656561946302239e-03 9.999918371582046106e-01 -1.183904613266302164e+02
9.999946953716651876e-01 2.494288265972112711e-03 2.094696774435762538e-03 -1.138147883427904006e+01 -2.491531231209830315e-03 9.999960278597379570e-01 -1.317777245990909944e-03 4.843142748894003757e-01 -2.097975370328207956e-03 1.312551253238970501e-03 9.999969378495882077e-01 -1.177767632974532717e+02
9.999963347198368435e-01 2.591843314034360506e-03 7.828761891542693457e-04 -1.136633973361829852e+01 -2.590793046158860243e-03 9.999957466245686932e-01 -1.339598508313861710e-03 4.844523308936549699e-01 -7.863448887251843922e-04 1.337565328123158396e-03 9.999987962896300653e-01 -1.171610812297213045e+02
9.999965533648229599e-01 2.578666414571182796e-03 -4.936982855988985772e-04 -1.137205779178603748e+01 -2.579301226376181245e-03 9.999958421373775774e-01 -1.289539894975167463e-03 4.812019024991983085e-01 4.903709396518280902e-04 1.290808846995108224e-03 9.999990466739766548e-01 -1.165463899289624692e+02
9.999953666374258310e-01 2.498438993629824648e-03 -1.739110771476462449e-03 -1.137865186206692591e+01 -2.500803591846501722e-03 9.999959497930189789e-01 -1.358815275438825373e-03 4.835046519414042399e-01 1.735708810648578949e-03 1.363158154018909987e-03 9.999975645544202374e-01 -1.159298294020866820e+02
9.999928465459757554e-01 2.522156610568503966e-03 -2.818791036649332619e-03 -1.136837432426711025e+01 -2.526352181195615741e-03 9.999957048717537100e-01 -1.485860929234788814e-03 4.884618634484518274e-01 2.815031355615275465e-03 1.492971559080718841e-03 9.999949233043089469e-01 -1.153186080333535557e+02
9.999916566873755519e-01 2.523013592962476161e-03 -3.212624790986288916e-03 -1.137966181482302730e+01 -2.526880041218589751e-03 9.999960873982889353e-01 -1.200027237566747519e-03 4.740430590892815710e-01 3.209584536232728495e-03 1.208135142828614108e-03 9.999941194710003645e-01 -1.147016495775779390e+02
9.999910615695535299e-01 2.586074409523869515e-03 -3.344996284869836741e-03 -1.139086760125688969e+01 -2.590178145823740508e-03 9.999958975194966904e-01 -1.223078635698754326e-03 4.768308470903075413e-01 3.341819589727178328e-03 1.231731839570370055e-03 9.999936575191390453e-01 -1.140900044464851533e+02
9.999886189475564180e-01 2.722551911107710249e-03 -3.917867589655112288e-03 -1.137139755739193525e+01 -2.727401884859200626e-03 9.999955203595708442e-01 -1.233101678569171024e-03 4.748171824112181749e-01 3.914492855685481991e-03 1.243773244022953204e-03 9.999915648513242328e-01 -1.134796400279406754e+02
9.999883778091942510e-01 2.599381005427325690e-03 -4.060475948070884841e-03 -1.138544129643038083e+01 -2.604239182473949525e-03 9.999958989740291848e-01 -1.191626369133313859e-03 4.729094778200390037e-01 4.057361805004076200e-03 1.202186970387741785e-03 9.999910462407508582e-01 -1.128689118334107064e+02
9.999882031042049979e-01 2.741444094588337162e-03 -4.009755191976428074e-03 -1.139000864187722506e+01 -2.746371047880310882e-03 9.999954799282700924e-01 -1.223752056653483380e-03 4.731130220969722577e-01 4.006382219746387058e-03 1.234749895746323732e-03 9.999912121084886252e-01 -1.122624009484177208e+02
9.999889573944771293e-01 2.550870294214220915e-03 -3.946916498836997717e-03 -1.140330846036911794e+01 -2.555539702105000775e-03 9.999960402148714289e-01 -1.178461458097126210e-03 4.699948671977078329e-01 3.943894767569405477e-03 1.188534946625791847e-03 9.999915165033866904e-01 -1.116677986940078995e+02
9.999893698550115229e-01 2.574878659744160407e-03 -3.824941419743645328e-03 -1.140352083407168315e+01 -2.579984717458430783e-03 9.999957865774669052e-01 -1.330603686673390539e-03 4.763724916936130649e-01 3.821499160611887408e-03 1.340457832571391363e-03 9.999917996248591789e-01 -1.110612010560007690e+02
9.999900296794026477e-01 2.553402765563302177e-03 -3.663424095609003114e-03 -1.139683271201675829e+01 -2.558125966349068543e-03 9.999959021437162532e-01 -1.285179876652559798e-03 4.743430589709852763e-01 3.660127501572261587e-03 1.294538563301890618e-03 9.999924637898929269e-01 -1.104532776296615708e+02
9.999912709463821825e-01 2.704160031246912333e-03 -3.185207931144036671e-03 -1.139580357404174471e+01 -2.708357290312790513e-03 9.999954688828324167e-01 -1.314159271954716632e-03 4.737578515437392834e-01 3.181639801615785031e-03 1.322774481709445421e-03 9.999940637003018606e-01 -1.098463351246176956e+02
9.999947970804875519e-01 2.499592054162324498e-03 -2.039081047237027537e-03 -1.141131001934617117e+01 -2.502312746962778982e-03 9.999959810084881884e-01 -1.332815736563353927e-03 4.748810328461890440e-01 2.035741356562830243e-03 1.337911220526943282e-03 9.999970328709456568e-01 -1.092366753048512038e+02
9.999960109917793716e-01 2.797142959049312913e-03 -3.924178840657705078e-04 -1.140899268632894170e+01 -2.797611620319745418e-03 9.999953680297675174e-01 -1.198869564069339824e-03 4.663400051970648663e-01 3.890626568378577821e-04 1.199962614601277153e-03 9.999992043596698243e-01 -1.086312881488341304e+02
9.999958772939522289e-01 2.612389091677991271e-03 1.191980844023896166e-03 -1.142031860386391173e+01 -2.610732320620704622e-03 9.999956268455340025e-01 -1.389376319673159364e-03 4.749952575367671903e-01 -1.195605222849294548e-03 1.386258648767949540e-03 9.999983244061511067e-01 -1.080292469631007037e+02
9.999928377730904483e-01 2.739493341747251121e-03 2.611432318136713924e-03 -1.141882337985484597e+01 -2.736328149544653247e-03 9.999955183071789211e-01 -1.214855470703680822e-03 4.655802715941981806e-01 -2.614748702972418629e-03 1.207701033870388959e-03 9.999958522651146708e-01 -1.074243010256461446e+02
9.999893779447875941e-01 2.631611730770493877e-03 3.783994885735595705e-03 -1.140639605273282875e+01 -2.625830528941463116e-03 9.999953790439275458e-01 -1.531961104263822272e-03 4.802641139932072312e-01 -3.788008926874515334e-03 1.522008702396066481e-03 9.999916672042221677e-01 -1.068205343621400942e+02
9.999817157984356442e-01 2.545646350643600894e-03 5.485230485052699188e-03 -1.141014921114665626e+01 -2.537226388103759698e-03 9.999955932178644646e-01 -1.541436702197839350e-03 4.803323485555345829e-01 -5.489130265552686662e-03 1.527491246726970847e-03 9.999837679779701727e-01 -1.062144664167541492e+02
9.999732125808141747e-01 2.464881732802900755e-03 6.891914019274147235e-03 -1.140823265601859227e+01 -2.455035093683729987e-03 9.999959541692264864e-01 -1.436818661881198366e-03 4.742873440510294025e-01 -6.895427723829341063e-03 1.419860282437439758e-03 9.999752182295738034e-01 -1.056153501690342722e+02
9.999582678694689530e-01 2.440648656558230649e-03 8.803735208795075012e-03 -1.141256724835033332e+01 -2.427949698103220623e-03 9.999959971346212839e-01 -1.452850645479067003e-03 4.740591020388061905e-01 -8.807245866604272722e-03 1.431414988683912945e-03 9.999601909433071256e-01 -1.050227065110901634e+02
9.999442991987097518e-01 2.562341151302706573e-03 1.023879425643345505e-02 -1.140038915613829928e+01 -2.549281729141381417e-03 9.999959206733050054e-01 -1.288332028100297151e-03 4.657781372870721248e-01 -1.024205363521886285e-02 1.262158695847640346e-03 9.999467522287173171e-01 -1.044254651984280287e+02
9.999219161287170587e-01 2.606586540079290030e-03 1.222159368020644607e-02 -1.139859563695344669e+01 -2.592055099944398037e-03 9.999959149819591664e-01 -1.204686578844334612e-03 4.611795489990873631e-01 -1.222468387459720376e-02 1.172913468024348481e-03 9.999245878455848002e-01 -1.038250202913582001e+02
9.999052291206589338e-01 2.568008453201752264e-03 1.352546153544914066e-02 -1.138779337171714090e+01 -2.548948949508316256e-03 9.999957343865053527e-01 -1.426207574854740281e-03 4.698224997469825914e-01 -1.352906635416614191e-02 1.391596700936349913e-03 9.999075096338693180e-01 -1.032318582133348457e+02
9.998857580445291715e-01 2.520026240296519525e-03 1.490370180409811458e-02 -1.137764085929472380e+01 -2.502642347575128635e-03 9.999961663302727732e-01 -1.184949803803581232e-03 4.575975860947056328e-01 -1.490663077282670425e-02 1.147515797550292295e-03 9.998882315371538931e-01 -1.026424107384590485e+02
9.998612477216994865e-01 2.554456016796473588e-03 1.646086446285785140e-02 -1.135899426324729333e+01 -2.534990090831325520e-03 9.999960629214186270e-01 -1.203314963581859735e-03 4.567992549626316845e-01 -1.646387347028976586e-02 1.161419872589287625e-03 9.998637867100867993e-01 -1.020473025845140000e+02
9.998354555121851117e-01 2.531629772311652649e-03 1.796253744428330176e-02 -1.135565747227569489e+01 -2.508556405299029908e-03 9.999959995146804337e-01 -1.306942767221349775e-03 4.615114191247919884e-01 -1.796577428063616047e-02 1.261667678631833408e-03 9.998378064212044558e-01 -1.014612835620063862e+02
9.997975571927085747e-01 2.741392700524992228e-03 1.993312312594734681e-02 -1.134611533931013660e+01 -2.719594702207893486e-03 9.999956740408170175e-01 -1.120582129014464868e-03 4.496696266346212334e-01 -1.993610885173913161e-02 1.066145259170682641e-03 9.998006875863498788e-01 -1.008718962746891208e+02
9.997552518753702877e-01 2.624538678853823026e-03 2.196697849814848932e-02 -1.133215899313545982e+01 -2.597809082211833230e-03 9.999958503539615462e-01 -1.245256130185658618e-03 4.556368752326550586e-01 -2.197015556584193743e-02 1.187885339831869962e-03 9.997579212953664474e-01 -1.002830477513945624e+02
9.997180856151536288e-01 2.503590974114944939e-03 2.361104246336078599e-02 -1.132279957254459823e+01 -2.479600490421469267e-03 9.999963794655549743e-01 -1.045292872660692155e-03 4.459893818437234980e-01 -2.361357396456956192e-02 9.864522370920001879e-04 9.997206740067966502e-01 -9.969529150262637529e+01
9.996596922087715997e-01 2.692116199701416468e-03 2.594710549235199060e-02 -1.131228671523674301e+01 -2.664199107750050977e-03 9.999958344820115697e-01 -1.110433131554954727e-03 4.475345685099938464e-01 -2.594998682423945574e-02 1.040926987207227818e-03 9.996627004419186280e-01 -9.910987146193484421e+01
9.996167628008303385e-01 2.616221238151745891e-03 2.755871756852141738e-02 -1.129998334334634791e+01 -2.587850066488427657e-03 9.999960842933014460e-01 -1.065096285654856725e-03 4.453580650856607814e-01 -2.756139618418964113e-02 9.933702720454624761e-04 9.996196189830813816e-01 -9.852553439774418109e+01
9.995712306321616891e-01 2.639014831540722420e-03 2.916145560881268708e-02 -1.127539126872074604e+01 -2.608362768681489040e-03 9.999960051382825732e-01 -1.089105661986699333e-03 4.453715928921924694e-01 -2.916421327882514833e-02 1.012575031749915130e-03 9.995741209913511227e-01 -9.794430078995520716e+01
9.995258738587846636e-01 2.578593892287639727e-03 3.068188945243765023e-02 -1.126693854670433481e+01 -2.544720271924618988e-03 9.999961089410102089e-01 -1.143022999266070329e-03 4.463373376766426870e-01 -3.068471745952052257e-02 1.064404236111539523e-03 9.995285464447983825e-01 -9.735755314392409332e+01
9.994613430651467789e-01 2.536380389652863766e-03 3.271987917049910127e-02 -1.125511215254874742e+01 -2.498223344221702728e-03 9.999961510054208302e-01 -1.207002264286348219e-03 4.490110447303755636e-01 -3.272281464873495055e-02 1.124610538182452659e-03 9.994638325885544239e-01 -9.677940047919879873e+01
9.994003748310061885e-01 2.493275368550965012e-03 3.453511785966281722e-02 -1.124032826296804011e+01 -2.452289569258273624e-03 9.999962377959841220e-01 -1.229093058317120126e-03 4.488757399463814135e-01 -3.453805239895167689e-02 1.143665953883961492e-03 9.994027291160821891e-01 -9.619458063485750188e+01
9.993356740610441769e-01 2.495509544977298020e-03 3.635908388655310908e-02 -1.121525728220423623e+01 -2.453886439793517751e-03 9.999962819262298019e-01 -1.189359095056785436e-03 4.466888202600144409e-01 -3.636191675777111776e-02 1.099347910046678724e-03 9.993380821543196291e-01 -9.561188060241423159e+01
9.992661035404443171e-01 2.484868869384280598e-03 3.822407280497402277e-02 -1.119072941188873038e+01 -2.442247109514872252e-03 9.999963429306376606e-01 -1.161703235162608611e-03 4.439072466635385905e-01 -3.822681969709298272e-02 1.067498033949434467e-03 9.992685178188059902e-01 -9.503068194932529877e+01
9.991804563749016044e-01 2.606361766041525967e-03 4.039334693718656805e-02 -1.116269461956802900e+01 -2.558349488668024141e-03 9.999959582881332576e-01 -1.240264202477197155e-03 4.477250735053954211e-01 -4.039641625611404413e-02 1.135907453374277809e-03 9.991830859596854131e-01 -9.443575904272110222e+01
9.990855278895417468e-01 2.631153807705512073e-03 4.267534406792735518e-02 -1.113977320003466964e+01 -2.586828796501269238e-03 9.999960559020475426e-01 -1.093845110903532425e-03 4.372234477874502590e-01 -4.267805382691878396e-02 9.824510111209358403e-04 9.990883937427945671e-01 -9.386019470067923010e+01
9.989396527563428885e-01 2.553247641994711974e-03 4.596793531926183368e-02 -1.111359474480414988e+01 -2.502634633205715834e-03 9.999961972632565033e-01 -1.158567615136226565e-03 4.399463968418417803e-01 -4.597071862533661651e-02 1.042298184211981485e-03 9.989422438977967333e-01 -9.327884587146242268e+01
9.987882581745585187e-01 2.609498222687012085e-03 4.914474388637361801e-02 -1.107974294625809186e+01 -2.550999196711333829e-03 9.999959611563863371e-01 -1.253025942838282116e-03 4.436669986997438531e-01 -4.914781516740944489e-02 1.126139396718258247e-03 9.987908810528505210e-01 -9.269355891880100273e+01
9.985789733351462250e-01 2.477317332632784311e-03 5.323435837651136621e-02 -1.106487023328907959e+01 -2.411430007258892703e-03 9.999962450502580813e-01 -1.301879681208594017e-03 4.459131205733324887e-01 -5.323738365327037453e-02 1.171658746260872009e-03 9.985811975986413902e-01 -9.211347899825896945e+01
9.983677908539204671e-01 2.580545413835925225e-03 5.705343960559782629e-02 -1.103356736545400452e+01 -2.523652192508944476e-03 9.999962439674559000e-01 -1.069219618067967408e-03 4.333798427300721290e-01 -5.705598448080369950e-02 9.234913900773455584e-04 9.983705533510985886e-01 -9.153715915581473439e+01
9.980856775169040240e-01 2.592792636870328623e-03 6.179205257931604661e-02 -1.100240865551966962e+01 -2.527033426233112317e-03 9.999961545869091584e-01 -1.142328086467702536e-03 4.353836681919142637e-01 -6.179477678319963280e-02 9.839907197852198334e-04 9.980883915388345518e-01 -9.095751759499447076e+01
9.978031292474266456e-01 2.548414438082159238e-03 6.619985534648024916e-02 -1.096059249627644228e+01 -2.484651731692661802e-03 9.999963667118363375e-01 -1.045499353781436736e-03 4.296974730133682474e-01 -6.620227918897757247e-02 8.787189416048441296e-04 9.978058358634741554e-01 -9.037624245312244398e+01
9.973560375574651582e-01 2.619007962805936993e-03 7.262282798791912242e-02 -1.092969289759436613e+01 -2.552836827444939123e-03 9.999962375306259421e-01 -1.003966495625324001e-03 4.254171760837982541e-01 -7.262518414299938552e-02 8.159178161165683016e-04 9.973589709358976485e-01 -8.979111703554853818e+01
9.969882313196704038e-01 2.572603594399212271e-03 7.751031106131335557e-02 -1.088873014105916326e+01 -2.492194442290685073e-03 9.999962513706934786e-01 -1.134112614621630771e-03 4.314922769644617961e-01 -7.751293812607858158e-02 9.375261633217193708e-04 9.969909054087483513e-01 -8.920937377811613089e+01
9.965055596126405346e-01 2.602254277955183635e-03 8.348591458306649227e-02 -1.083735071762959201e+01 -2.519602657918648073e-03 9.999962258969304907e-01 -1.095351241048209004e-03 4.274167182525107633e-01 -8.348844988107288756e-02 8.811722691508822990e-04 9.965083553447445786e-01 -8.863359130983936041e+01
9.960578740429251177e-01 2.611309715522611673e-03 8.866731426325043242e-02 -1.078546147997244020e+01 -2.526698351670292678e-03 9.999962391985786070e-01 -1.066482132436029481e-03 4.238507181890036057e-01 -8.866976571824279618e-02 8.382423687430100865e-04 9.960607260590105261e-01 -8.805882549143241533e+01
9.954918965631841532e-01 2.613858810495484249e-03 9.481060921201482639e-02 -1.073002088622601136e+01 -2.511374569004075005e-03 9.999961262012454499e-01 -1.200241757750908356e-03 4.302549218409685849e-01 -9.481337919728814734e-02 9.567259909109442940e-04 9.954946046064586662e-01 -8.748183755750110890e+01
9.949309898502037841e-01 2.601624589588222725e-03 1.005263994440694919e-01 -1.067300614637388279e+01 -2.502152951717851338e-03 9.999962473480847880e-01 -1.115580725139451220e-03 4.236219234310302784e-01 -1.005289245257302844e-01 8.583934080262559498e-04 9.949337658831652886e-01 -8.690051725489375656e+01
9.942577100536849066e-01 2.593204449156407375e-03 1.069807519579457356e-01 -1.061687313523735732e+01 -2.482337636468607243e-03 9.999962351565473417e-01 -1.169475348064881069e-03 4.249503151482210139e-01 -1.069833818808379466e-01 8.971975345683033285e-04 9.942604040380582653e-01 -8.633190415155780784e+01
9.935121628821756978e-01 2.511793340350657391e-03 1.136981666492320325e-01 -1.056419774729907424e+01 -2.376966335252107647e-03 9.999963019791179297e-01 -1.321385307077929932e-03 4.319764842765493329e-01 -1.137010652378518810e-01 1.042555659930613325e-03 9.935144593016619341e-01 -8.576114276815830806e+01
9.926957711755101110e-01 2.387613099388247000e-03 1.206209152425351677e-01 -1.049946331267444499e+01 -2.241997046367026451e-03 9.999965850048530003e-01 -1.342917672767310507e-03 4.332725000527937742e-01 -1.206237096905218992e-01 1.062676959089115664e-03 9.926977341457858817e-01 -8.519585717999004260e+01
9.919750669366330653e-01 2.472124985144932233e-03 1.264094742261047677e-01 -1.043421893365169240e+01 -2.330047691804995689e-03 9.999964767001737753e-01 -1.271795971368686268e-03 4.272400319379887623e-01 -1.264121728862230287e-01 9.670497901853741547e-04 9.919773320801674732e-01 -8.462627960220457624e+01
9.910393671882510302e-01 2.531775625097320691e-03 1.335461073760489947e-01 -1.036499322654301203e+01 -2.371729918212789594e-03 9.999962660424300820e-01 -1.357497105902380442e-03 4.298066961218691140e-01 -1.335490455986342861e-01 1.028597774468744145e-03 9.910416713773000374e-01 -8.407026612611426231e+01
9.901381207399908568e-01 2.436636122024058229e-03 1.400734259661272907e-01 -1.028657541937810826e+01 -2.268486755690845950e-03 9.999965020561776274e-01 -1.360089426602337529e-03 4.296962182623657034e-01 -1.400762500401782906e-01 1.028921677265968266e-03 9.901401847692393732e-01 -8.350595552138106825e+01
9.893192329224981263e-01 2.555047676148909392e-03 1.457426742619073179e-01 -1.020433452234573579e+01 -2.404856296732410265e-03 9.999963802628102361e-01 -1.206701068621967611e-03 4.209590921293245303e-01 -1.457452298904903520e-01 8.433223876744755029e-04 9.893217963693706762e-01 -8.294294858373046964e+01
9.883750275176937938e-01 2.587494636393438893e-03 1.520135186452332698e-01 -1.011462706830306502e+01 -2.435433357657773058e-03 9.999963304375252271e-01 -1.186497300602824215e-03 4.171339047042623149e-01 -1.520160308775310165e-01 8.024855080094528892e-04 9.883777022845320337e-01 -8.237407065361908565e+01
9.873215588519183017e-01 2.597483116824228500e-03 1.587116646868647896e-01 -1.001826315757606167e+01 -2.431656557392878303e-03 9.999962759343045127e-01 -1.239017315940908661e-03 4.191623802592461256e-01 -1.587142919607584524e-01 8.373762476487433366e-04 9.873241981884243179e-01 -8.181199442242154873e+01
9.863888402883518314e-01 2.403204700223709675e-03 1.644119228090502871e-01 -9.929134744813662650e+00 -2.204355469429690288e-03 9.999966017103855132e-01 -1.391899653347406386e-03 4.277328256068585466e-01 -1.644147091095096991e-01 1.010531963579525041e-03 9.863907857708251736e-01 -8.125462182548065471e+01
9.852144711178848491e-01 2.333267983168481937e-03 1.713096662784245883e-01 -9.846150302782739061e+00 -2.120284378285600384e-03 9.999967351379993596e-01 -1.426221405400732818e-03 4.281662718986778970e-01 -1.713124347327469321e-01 1.041908758359426064e-03 9.852162017202505950e-01 -8.068757110787240094e+01
9.840153677892492512e-01 2.394355611106464832e-03 1.780674675952801655e-01 -9.751835811426150968e+00 -2.190924421522771892e-03 9.999967033683295758e-01 -1.339067829597573788e-03 4.229072786302366382e-01 -1.780700867769984541e-01 9.275309594029940933e-04 9.840173697052057022e-01 -8.013695216772119068e+01
9.829801102022711623e-01 2.377111240170154925e-03 1.836966311310107292e-01 -9.651758719340316262e+00 -2.174687549925255307e-03 9.999967859445746399e-01 -1.303393486574522990e-03 4.178719422555569607e-01 -1.836991390311641104e-01 8.817270963861259785e-04 9.829821203239337279e-01 -7.958941806261742613e+01
9.817640286252278248e-01 2.454668878188690732e-03 1.900877868203562637e-01 -9.548765684586934199e+00 -2.248764127367746442e-03 9.999966279547150005e-01 -1.298899187326320532e-03 4.150796896787854462e-01 -1.900903342031420307e-01 8.477499028751782307e-04 9.817662380437819358e-01 -7.903089285686165510e+01
9.805503159273332159e-01 2.565242521123156910e-03 1.962511081895204346e-01 -9.438983744266627340e+00 -2.366158320665443567e-03 9.999964207778526681e-01 -1.248890021303894525e-03 4.116886651121951513e-01 -1.962536094689944222e-01 7.602383123655796857e-04 9.805528760898617469e-01 -7.847325894943621449e+01
9.793816543058997404e-01 2.606694024207525419e-03 2.020019315632978207e-01 -9.323487903346109107e+00 -2.400097027924513737e-03 9.999963162564650121e-01 -1.267678096591076014e-03 4.092888619710250975e-01 -2.020044918889073449e-01 7.567164357866402232e-04 9.793843028336426393e-01 -7.790661333889286766e+01
9.783473912822354679e-01 2.512347465218749219e-03 2.069542705079036038e-01 -9.209697321959323446e+00 -2.272663752699265616e-03 9.999964432492209898e-01 -1.395882650795024840e-03 4.162354491337825202e-01 -2.069570413653802343e-01 8.953206808918128890e-04 9.783496212654076984e-01 -7.735384064801284865e+01
9.771853894282641617e-01 2.409533001912700628e-03 2.123744542986380768e-01 -9.091089418588545357e+00 -2.152057752137232025e-03 9.999966424516011365e-01 -1.443514099693006363e-03 4.184423817968522807e-01 -2.123772194359910548e-01 9.535387969244022051e-04 9.771872939352003185e-01 -7.679769127463823963e+01
9.760292920970116137e-01 2.543572701107596045e-03 2.176243350513004382e-01 -8.976173563127392896e+00 -2.281537597623812998e-03 9.999963382894239139e-01 -1.455332929124812614e-03 4.164604694160735643e-01 -2.176272399190807005e-01 9.239294660017373980e-04 9.760315214169800191e-01 -7.624857121059579868e+01
9.751474460978745151e-01 2.338658257903612064e-03 2.215445531859126238e-01 -8.845188880537440568e+00 -2.064397400737909803e-03 9.999967894168759752e-01 -1.469496278308477649e-03 4.160581818994826819e-01 -2.215472785483151574e-01 9.756195430982037226e-04 9.751491432259694614e-01 -7.568535003813597939e+01
9.741564776544238136e-01 2.465702172495553169e-03 2.258607477113337147e-01 -8.730090819166223426e+00 -2.215634784286233793e-03 9.999966197826866132e-01 -1.360656350302441369e-03 4.090846087538701492e-01 -2.258633392262428263e-01 8.250672684746217320e-04 9.741586478893330403e-01 -7.513447506573464807e+01
9.732848365181280270e-01 2.478174491118914288e-03 2.295876426445301322e-01 -8.611744564436099481e+00 -2.262496676307016591e-03 9.999967173703672163e-01 -1.202645949438646642e-03 3.995254917703511266e-01 -2.295898693598448226e-01 6.510757878841695644e-04 9.732872484460318718e-01 -7.458570981402371558e+01
9.726686159643032070e-01 2.449767371631078605e-03 2.321847586684184228e-01 -8.483489820749971599e+00 -2.246165745368840921e-03 9.999968261201583886e-01 -1.141266425536077884e-03 3.962480315841118705e-01 -2.321868175791449440e-01 5.885485830549720774e-04 9.726710314145446956e-01 -7.403679094361933721e+01
9.721995631992468301e-01 2.406304119730288786e-03 2.341414508703596742e-01 -8.341366240584864755e+00 -2.218960383696179720e-03 9.999969725181758751e-01 -1.063564430718098690e-03 3.926272795919113490e-01 -2.341433012708441230e-01 5.144462713159178666e-04 9.722019593762525336e-01 -7.348976134852652820e+01
9.718396601455967510e-01 2.518735085336305107e-03 2.356296478409727058e-01 -8.207349884306461618e+00 -2.324233194833900083e-03 9.999966904482157082e-01 -1.103192037451309650e-03 3.923285534370422600e-01 -2.356316466609418570e-01 5.244675255529985050e-04 9.718422979196098543e-01 -7.293478820050999900e+01
9.714751357853589342e-01 2.533841433361221692e-03 2.371278983974873245e-01 -8.079062682976202225e+00 -2.357802767341916125e-03 9.999966940695775852e-01 -1.025970772495727289e-03 3.880306752091907119e-01 -2.371297141164067646e-01 4.376042804665280063e-04 9.714778984544965024e-01 -7.238032916301706621e+01
9.712454154164995579e-01 2.556877536580444941e-03 2.380668087106940500e-01 -7.947199555870118282e+00 -2.322212856732696652e-03 9.999965020805884341e-01 -1.266157192337967778e-03 3.979498699514089632e-01 -2.380692133810654865e-01 6.769075643055810255e-04 9.712479556921961299e-01 -7.182665792340148414e+01
9.711486374777478225e-01 2.517892787360355607e-03 2.384617037199584788e-01 -7.814697163660707879e+00 -2.291240015377031189e-03 9.999966215305533535e-01 -1.227659020722258196e-03 3.957788808467123109e-01 -2.384639891981718829e-01 6.458663875635365335e-04 9.711511255784568419e-01 -7.127571182407646688e+01
9.711544977111785659e-01 2.465291654838832128e-03 2.384383859876697542e-01 -7.678081353281289267e+00 -2.238952559710236274e-03 9.999967492382957346e-01 -1.220083716946577688e-03 3.955708046691271407e-01 -2.384406187435013647e-01 6.510375546565712497e-04 9.711568603903896202e-01 -7.072981705484349391e+01
9.711780032001666729e-01 2.522105691079269078e-03 2.383420338148940498e-01 -7.548228094665248022e+00 -2.320373777767026271e-03 9.999966729106981589e-01 -1.126957437340679125e-03 3.922087559477596130e-01 -2.383440831354294853e-01 5.414336682843556067e-04 9.711806242321323612e-01 -7.019128684435742116e+01
9.713365422466551102e-01 2.589185540167559477e-03 2.376943790133678736e-01 -7.403774598383238370e+00 -2.392336768956448544e-03 9.999965149451599533e-01 -1.116611982024795025e-03 3.879183196185188587e-01 -2.376964417510196714e-01 5.159610189631987434e-04 9.713393512893065962e-01 -6.963097138765451177e+01
9.716064823180647902e-01 2.521485343131446826e-03 2.365892762345334077e-01 -7.272159226279135247e+00 -2.319819296830007063e-03 9.999966699055863328e-01 -1.130759111310782050e-03 3.888486642272837579e-01 -2.365913395624320570e-01 5.498085140578544893e-04 9.716090961671014492e-01 -6.908294033094180975e+01
9.719249338074426037e-01 2.516907238468402228e-03 2.352776832199588719e-01 -7.139164171363185041e+00 -2.293103453962854182e-03 9.999966207327478651e-01 -1.224826369062459236e-03 3.943615823769293649e-01 -2.352799709281429841e-01 6.509232196445751805e-04 9.719274209420240007e-01 -6.852898626505802326e+01
9.723647024499252334e-01 2.619142581117276779e-03 2.334524052598478394e-01 -7.005965659597681139e+00 -2.402755974183887980e-03 9.999963797664985776e-01 -1.211287589852468646e-03 3.924357770403284484e-01 -2.334547326425339131e-01 6.168841354624851397e-04 9.723674754231377282e-01 -6.796863353337553804e+01
9.728078062896928779e-01 2.573885154620773365e-03 2.315995404508527089e-01 -6.872911438445084009e+00 -2.369697500159685839e-03 9.999965196586344529e-01 -1.159829459930594069e-03 3.893495306841660564e-01 -2.316017196732206573e-01 5.794703005407226323e-04 9.728105199156604765e-01 -6.740714038179525858e+01
9.732914093334797956e-01 2.510861120578249291e-03 2.295594217061930065e-01 -6.747909117832334935e+00 -2.304154360755416089e-03 9.999966627401862818e-01 -1.168495259689770636e-03 3.901875629801614398e-01 -2.295615895360772207e-01 6.083460555261312793e-04 9.732939466187726651e-01 -6.684736362595246817e+01
9.737879323082648808e-01 2.567536269868717254e-03 2.274433350272042631e-01 -6.612430584686276980e+00 -2.376182474996363543e-03 9.999965551115020945e-01 -1.115133164259894671e-03 3.849355632299531482e-01 -2.274454146551204703e-01 5.454563515266462690e-04 9.737906786521058899e-01 -6.628873651119528176e+01
9.744943675631052571e-01 2.622919741666561531e-03 2.243966307229504353e-01 -6.476009428553275882e+00 -2.451999017730393821e-03 9.999964526792650688e-01 -1.040350759850173015e-03 3.804081524133345882e-01 -2.243985634726756995e-01 4.635956376493059923e-04 9.744973421156593041e-01 -6.573200666677371373e+01
9.750063731244260623e-01 2.555328591315839549e-03 2.221621989955602228e-01 -6.347960488976358562e+00 -2.384855543357272765e-03 9.999966199952962098e-01 -1.035597421968811535e-03 3.802262295098725597e-01 -2.221640943779840671e-01 4.798893346118134626e-04 9.750091716878548365e-01 -6.518076726605616500e+01
9.756740982798597361e-01 2.551840255036003265e-03 2.192111814143963278e-01 -6.234702839645094308e+00 -2.386878108869026904e-03 9.999966338908801156e-01 -1.017359229805588853e-03 3.794100681466815450e-01 -2.192130396638758416e-01 4.693806790299211401e-04 9.756769049860215537e-01 -6.461810990560084633e+01
9.764402430523226872e-01 2.601197272924550118e-03 2.157723001700365406e-01 -6.095186953899515814e+00 -2.441729791143636401e-03 9.999965133357928693e-01 -1.005620149202382258e-03 3.788589542788671216e-01 -2.157741636608703495e-01 4.550703294767218573e-04 9.764431899539507409e-01 -6.404216315385255598e+01
9.772796542443008549e-01 2.481670353829731630e-03 2.119394222705973940e-01 -5.964225026789994999e+00 -2.326562886017922559e-03 9.999968121480419248e-01 -9.812231607449622972e-04 3.791550898081292309e-01 -2.119411817115236241e-01 4.658390373304845252e-04 9.772823125835821134e-01 -6.347919914496041827e+01
9.781298906934050574e-01 2.550184016661930994e-03 2.079793583353611586e-01 -5.840337769637280907e+00 -2.416813922083690946e-03 9.999966786597395130e-01 -8.953658223081616303e-04 3.733964234381640379e-01 -2.079809509127540645e-01 3.731366651739593567e-04 9.781328053114544119e-01 -6.291775949203649532e+01
9.788076826435575528e-01 2.435858982353430319e-03 2.047671531007033696e-01 -5.719904186490135878e+00 -2.263205167928447094e-03 9.999968585898373341e-01 -1.077363831130705944e-03 3.830104108042453048e-01 -2.047691341494529693e-01 5.911019157935240402e-04 9.788101206557932032e-01 -6.233551552102459681e+01
9.795271016270137299e-01 2.476885156810874900e-03 2.012970993782618734e-01 -5.598332285955332388e+00 -2.287228170082511100e-03 9.999966942622771082e-01 -1.174756066570191090e-03 3.872958597829527227e-01 -2.012993436787110790e-01 6.902930087523913077e-04 9.795295287688280395e-01 -6.176482403100177265e+01
9.801559003664814806e-01 2.617586676580916163e-03 1.982108958073765803e-01 -5.485931167732386982e+00 -2.434978248635748244e-03 9.999963568028197303e-01 -1.165015886697553420e-03 3.855666150471486753e-01 -1.982132232160629115e-01 6.592579754337265282e-04 9.801587032318904713e-01 -6.119189583672977051e+01
9.807661645728245059e-01 2.403323464953011600e-03 1.951716026102009172e-01 -5.374087503341693939e+00 -2.224597757564602228e-03 9.999968815465117844e-01 -1.134928221801928278e-03 3.835861990614623518e-01 -1.951737215762624766e-01 6.789208896551902949e-04 9.807684525271482823e-01 -6.061836971031264198e+01
9.814982844413676633e-01 2.640909470899078289e-03 1.914527180162731435e-01 -5.261110929359940513e+00 -2.511690891754686603e-03 9.999964246901553722e-01 -9.176141730736990087e-04 3.725647531217584629e-01 -1.914544568494459253e-01 4.197666886077681026e-04 9.815014084291528995e-01 -6.004632777163172364e+01
9.821818973642042483e-01 2.730263133813348123e-03 1.879129217304434663e-01 -5.142834309074923560e+00 -2.631418016401957435e-03 9.999962371320123555e-01 -7.754747185220882454e-04 3.665283559159551174e-01 -1.879143318889610337e-01 2.671797826397770805e-04 9.821853860069844622e-01 -5.947895011303649682e+01
9.827562326728149777e-01 2.778526475218979965e-03 1.848850100288348952e-01 -5.037138069374973881e+00 -2.660145096492446456e-03 9.999960672293199959e-01 -8.883433789139036059e-04 3.698647456946202450e-01 -1.848867512040857086e-01 3.812040395381051079e-04 9.827597590014961471e-01 -5.890451110314928940e+01
9.834031558120291949e-01 2.473916418455193722e-03 1.814169586243146726e-01 -4.920473701641664199e+00 -2.336664132163933892e-03 9.999967992716163323e-01 -9.702820497747741916e-04 3.751984563985821808e-01 -1.814187783545994082e-01 5.302679295925729046e-04 9.834057889173968281e-01 -5.832361109948599420e+01
9.839091187255845083e-01 2.595359171773907372e-03 1.786508052022525717e-01 -4.818077960289746109e+00 -2.486703577720242569e-03 9.999965619301730557e-01 -8.321256816786659540e-04 3.691215818523866377e-01 -1.786523506533296834e-01 3.744844496703389567e-04 9.839121898662688270e-01 -5.774795167836096965e+01
9.843195353993137164e-01 2.749432006586526901e-03 1.763731636471956299e-01 -4.718493734633925740e+00 -2.635903093682603546e-03 9.999961405836336192e-01 -8.779707958412561212e-04 3.701771134674201047e-01 -1.763748968707282150e-01 3.993012381563997839e-04 9.843229837367210022e-01 -5.716748998890865607e+01
9.848171306431902083e-01 2.633995323082268056e-03 1.735750018301935316e-01 -4.623721584908459192e+00 -2.513794720679976818e-03 9.999964242380167123e-01 -9.123306871734511046e-04 3.726006132749341559e-01 -1.735767842420638529e-01 4.621469662971303951e-04 9.848202304950713915e-01 -5.658847193781345908e+01
9.852941570977349350e-01 2.728378110193513222e-03 1.708449002515203541e-01 -4.518922917406622553e+00 -2.601468579847819942e-03 9.999961489184915342e-01 -9.667002711025072213e-04 3.747595296577153623e-01 -1.708468798377429654e-01 5.080364887505317041e-04 9.852974604395536851e-01 -5.600452948365899886e+01
9.856404490016485997e-01 2.908288179714074544e-03 1.688326009741374922e-01 -4.419694656773486940e+00 -2.804020158988014544e-03 9.999957023618591956e-01 -8.559957709316282342e-04 3.709003773846217267e-01 -1.688343648750946224e-01 3.702940393787014332e-04 9.856443679743459585e-01 -5.542487457131331752e+01
9.861639957787466937e-01 2.775509781835247807e-03 1.657494192301953995e-01 -4.312961389419385227e+00 -2.668641811336444885e-03 9.999960629274511348e-01 -8.674563274481917816e-04 3.696796776737565904e-01 -1.657511742962291257e-01 4.131283676774332239e-04 9.861675200210017200e-01 -5.484779715537028721e+01
9.867076385108073389e-01 2.856601318346215987e-03 1.624803863034981755e-01 -4.206320948543318394e+00 -2.720848142178205510e-03 9.999957387804393472e-01 -1.058020014209713061e-03 3.780014672597842296e-01 -1.624827162802652547e-01 6.018719725037667773e-04 9.867112063113074871e-01 -5.427380172246819967e+01
9.871604267141259603e-01 2.941577769679698789e-03 1.597048498005293748e-01 -4.128446508545272842e+00 -2.831967382807042046e-03 9.999955723390536733e-01 -9.139272570664120276e-04 3.726184556068177778e-01 -1.597068310697054849e-01 4.499138955601529729e-04 9.871643863547545639e-01 -5.369897195020507041e+01
9.875349773680659471e-01 2.941602514133410951e-03 1.573722194331080015e-01 -4.040366641787277224e+00 -2.855953918151911755e-03 9.999956250170136673e-01 -7.703726692219860575e-04 3.666342432072198787e-01 -1.573737970625060656e-01 3.113221497668633517e-04 9.875390580005675156e-01 -5.312901448956370132e+01
9.879835431038075377e-01 2.895546679612660129e-03 1.545319849269821411e-01 -3.945513136969473589e+00 -2.811438990517540690e-03 9.999957569549008385e-01 -7.628125572935506903e-04 3.650059062429154566e-01 -1.545335380001682524e-01 3.191890053731719556e-04 9.879874916979107802e-01 -5.255810793396039315e+01
9.883344691241238156e-01 2.890095879315063548e-03 1.522715485143061875e-01 -3.855493543067378237e+00 -2.821196374488705878e-03 9.999957969504392752e-01 -6.685300833732931575e-04 3.598391306989612848e-01 -1.522728406254802436e-01 2.311433844379083525e-04 9.883384686333841485e-01 -5.199145100470822456e+01
9.886738839974016368e-01 2.858813913200709041e-03 1.500525850643768255e-01 -3.779498132620095596e+00 -2.771373337841072978e-03 9.999958462312159568e-01 -7.918397165071456266e-04 3.663931952694481353e-01 -1.500542255030315741e-01 3.670195145009777418e-04 9.886777001153416178e-01 -5.142659259473430211e+01
9.890202123426031777e-01 2.853484102888775506e-03 1.477527570174803073e-01 -3.684256113648700648e+00 -2.772517281265904181e-03 9.999958723527797577e-01 -7.539398703655310775e-04 3.649500206015326986e-01 -1.477542985016581656e-01 3.360146984968260652e-04 9.890240413500600569e-01 -5.087552000596241442e+01
9.893514695341842913e-01 2.674802690413190156e-03 1.455215281706362107e-01 -3.600205308594221609e+00 -2.604688053131719912e-03 9.999963817678374500e-01 -6.723476625213792345e-04 3.620269999629343038e-01 -1.455228000372992547e-01 2.861499620538732799e-04 9.893548568574894730e-01 -5.030794578731465805e+01
9.895569584268699703e-01 2.900376485115560218e-03 1.441131980257411849e-01 -3.517426469736976369e+00 -2.832549230849890597e-03 9.999957599533298991e-01 -6.758255818618220858e-04 3.606689062303297111e-01 -1.441145471276814582e-01 2.605601789911231509e-04 9.895609781183656306e-01 -4.975417721840729257e+01
9.898003962405000911e-01 2.837034198427651043e-03 1.424328853850330701e-01 -3.440378860242390147e+00 -2.779502723789401778e-03 9.999959554424494579e-01 -6.028792177391844968e-04 3.570960626220569534e-01 -1.424340196959892890e-01 2.008374957185245940e-04 9.898042784801158733e-01 -4.920058367925340548e+01
9.899146103134234265e-01 2.652671954504847232e-03 1.416404872186087238e-01 -3.355764648870189770e+00 -2.602957461289349093e-03 9.999964685094251404e-01 -5.362659163050255244e-04 3.524797416252803406e-01 -1.416414095541194129e-01 1.621733025371240901e-04 9.899180192315635285e-01 -4.864061000606615437e+01
9.900735229925394787e-01 2.789987932297571457e-03 1.405227207126273359e-01 -3.269815102445824184e+00 -2.745664056744321138e-03 9.999961009652401644e-01 -5.092967746416219091e-04 3.525987864593034815e-01 -1.405235937415099667e-01 1.184130685015865030e-04 9.900773230310430106e-01 -4.808655341063597177e+01
9.901218608607815774e-01 2.797341580214193161e-03 1.401815805506086143e-01 -3.190760206979468716e+00 -2.761932514880911706e-03 9.999960858893929272e-01 -4.471405562546562195e-04 3.491485013983550711e-01 -1.401822826692674939e-01 5.555157431506158299e-05 9.901257114829693506e-01 -4.753439549430502353e+01
9.901163866168258831e-01 2.771320306089737617e-03 1.402207571531446095e-01 -3.113809919283641481e+00 -2.738219478991400432e-03 9.999961590522852273e-01 -4.289927291211953334e-04 3.476387258647047895e-01 -1.402214074488092044e-01 4.079752224670548516e-05 9.901201721147979695e-01 -4.698442027578669666e+01
9.901018520471637219e-01 2.719217754685498891e-03 1.403243686163558046e-01 -3.044273670247024999e+00 -2.696353700764267652e-03 9.999963025058781207e-01 -3.530598995842176326e-04 3.433258642565220065e-01 -1.403248098145750966e-01 -2.879887016420055990e-05 9.901055231242417154e-01 -4.644274097370097110e+01
9.900412947584451562e-01 2.864949329577090326e-03 1.407480967486256784e-01 -2.967300950225455480e+00 -2.823650117631812308e-03 9.999958919021545434e-01 -4.931316535231570911e-04 3.499875969085446403e-01 -1.407489313388728125e-01 9.079732079972889502e-05 9.900453171864467272e-01 -4.588889073378278738e+01
9.899880442107397149e-01 2.744433371138875390e-03 1.411245563509972989e-01 -2.893256095946838524e+00 -2.724352592572229764e-03 9.999962326660409850e-01 -3.354946743856596037e-04 3.415868633114833020e-01 -1.411249454304439599e-01 -5.233733443226718201e-05 9.899917913993315777e-01 -4.534386739994623383e+01
9.900225988054006665e-01 2.660872297594174454e-03 1.408835462827955631e-01 -2.804305240787781539e+00 -2.637773351523600967e-03 9.999964595748864760e-01 -3.506985005961270330e-04 3.418317901868376807e-01 -1.408839806590752863e-01 -2.441942309556487437e-05 9.900261124825673331e-01 -4.480665564744266050e+01
9.899630565262772519e-01 2.580774809214333217e-03 1.413028177869601609e-01 -2.732067506805925916e+00 -2.573959667386893375e-03 9.999966606793138091e-01 -2.310018440477945134e-04 3.357460656004687682e-01 -1.413029420952776893e-01 -1.350244622749936752e-04 9.899663935324336528e-01 -4.427067569832017568e+01
9.899217907056332422e-01 2.620098390291605850e-03 1.415909014399503174e-01 -2.653741364992980412e+00 -2.606271980770670689e-03 9.999965635953191878e-01 -2.830970062000315399e-04 3.380296333126029396e-01 -1.415911566183240822e-01 -8.878050383406509952e-05 9.899252176227795186e-01 -4.374381173885977603e+01
9.898172528633726319e-01 2.598840607424614778e-03 1.423202443839367837e-01 -2.586879639658504093e+00 -2.540332116435581843e-03 9.999965976456294259e-01 -5.927983665447743083e-04 3.542547757145985132e-01 -1.423213007484982751e-01 2.252213630477678779e-04 9.898204870725767490e-01 -4.320251986546759326e+01
9.897554178961021076e-01 2.520009647503238231e-03 1.427510500721053122e-01 -2.499032489216291175e+00 -2.508542560071280476e-03 9.999968197241103640e-01 -2.602996146440807721e-04 3.378895741862018021e-01 -1.427512520419226827e-01 -1.004641307304960008e-04 9.897585917522625509e-01 -4.267525265596217565e+01
9.896899671612747751e-01 2.503192654211869143e-03 1.432044095928986793e-01 -2.418557792428456477e+00 -2.483749978296524892e-03 9.999968660229102690e-01 -3.145320380453490061e-04 3.386273068170868039e-01 -1.432047481278470313e-01 -4.439474681405830309e-05 9.896930828002923342e-01 -4.214478308141688245e+01
9.895995636452666888e-01 2.544271209895431190e-03 1.438270847827637922e-01 -2.355817650039347733e+00 -2.498141851426050487e-03 9.999967539793497284e-01 -5.013163212773839514e-04 3.475446406651126474e-01 -1.438278934017597765e-01 1.368019529199245347e-04 9.896027073350384118e-01 -4.160681237533237464e+01
9.895834795675442219e-01 2.625991723108606242e-03 1.439362398232698625e-01 -2.266231466732337108e+00 -2.578041843263894142e-03 9.999965418312951604e-01 -5.196399763550635462e-04 3.483231023546472516e-01 -1.439371066377467256e-01 1.431534868973837425e-04 9.895868273374667234e-01 -4.108591567544775103e+01
9.895487364317985257e-01 2.517680123875299780e-03 1.441768341760382988e-01 -2.194416358290771196e+00 -2.488115445476515430e-03 9.999968303828027372e-01 -3.853646041188277900e-04 3.419553807524384204e-01 -1.441773474154694756e-01 2.260844907801901819e-05 9.895518642199089276e-01 -4.055570361065242224e+01
9.894651867809063361e-01 2.625590559743649129e-03 1.447471948703624445e-01 -2.110450189756282846e+00 -2.568452432004935445e-03 9.999965323818347240e-01 -5.816153459961173437e-04 3.514470655644993391e-01 -1.447482200261220042e-01 2.037118522700150341e-04 9.894684993979093734e-01 -4.002318038857745108e+01
9.893539721010764509e-01 2.538438331288726119e-03 1.455069559116009548e-01 -2.054330282909781591e+00 -2.488604922192216851e-03 9.999967658654026481e-01 -5.245038383092925915e-04 3.491680682871997066e-01 -1.455078167431687608e-01 1.568106291187434129e-04 9.893570895672921806e-01 -3.949076183322916478e+01
9.892963025931030829e-01 2.482056939115860877e-03 1.458995033198068336e-01 -1.976302058474016965e+00 -2.452559488724563846e-03 9.999969194892046609e-01 -3.820524248505478837e-04 3.394301908214257812e-01 -1.459000021506840494e-01 2.013584003418320109e-05 9.892993424474607611e-01 -3.896835477627242739e+01
9.892244229548953216e-01 2.618828745991928948e-03 1.463836833993241437e-01 -1.905962079746473581e+00 -2.572988987327651071e-03 9.999965636103002042e-01 -5.024890664668429409e-04 3.468403766638356034e-01 -1.463844963007540911e-01 1.204308515058882714e-04 9.892277618118006099e-01 -3.842320228145845107e+01
9.891615141454447313e-01 2.601476078484671155e-03 1.468084849581396678e-01 -1.813176951110393675e+00 -2.551147507645738083e-03 9.999966047826415183e-01 -5.311022347170726941e-04 3.477842204337676657e-01 -1.468093681611820356e-01 1.508157901565642550e-04 9.891647924763152799e-01 -3.789878303198987197e+01
9.891250051038317226e-01 2.566525954164311420e-03 1.470548782695476342e-01 -1.737021495046924491e+00 -2.525598191902751494e-03 9.999967025442511037e-01 -4.650316093367773515e-04 3.439659163088283900e-01 -1.470555868782887632e-01 8.857285829063434339e-05 9.891282255212066055e-01 -3.736620074888976006e+01
9.890779923211828750e-01 2.451945043012617419e-03 1.473727012421365834e-01 -1.655814297525951773e+00 -2.449930254256015016e-03 9.999969798669273713e-01 -1.951890707260227668e-04 3.301194803838464198e-01 -1.473727347498419715e-01 -1.679956252278114659e-04 9.890810122683695305e-01 -3.682518322959119672e+01
9.890219957723608291e-01 2.662748151981902262e-03 1.477443794218084583e-01 -1.575705402830666069e+00 -2.581014893231124013e-03 9.999963917201343255e-01 -7.449220312165697692e-04 3.584528227824799740e-01 -1.477458298585009322e-01 3.554138303297350973e-04 9.890252996968440513e-01 -3.628449776732581000e+01
9.889895501788856791e-01 2.692685351538899336e-03 1.479608701061299325e-01 -1.489393018749246123e+00 -2.632992871865467207e-03 9.999963540867742307e-01 -5.993010057842925332e-04 3.510760645642864719e-01 -1.479619443826761527e-01 2.031225158279088947e-04 9.889930342301412880e-01 -3.575265850966008685e+01
9.889634166483372013e-01 2.500578257219807782e-03 1.481388120636413508e-01 -1.419857197534442284e+00 -2.493286970533610016e-03 9.999968641613499187e-01 -2.349203038782967734e-04 3.307038819024127330e-01 -1.481389349608329409e-01 -1.370249835850579864e-04 9.889665500778193064e-01 -3.521941453943544076e+01
9.889473994527605560e-01 2.455589166696699188e-03 1.482464542492210324e-01 -1.336604355194436877e+00 -2.439227720216688780e-03 9.999969823965176863e-01 -2.921745841427135005e-04 3.331986420471003130e-01 -1.482467243609480734e-01 -7.266156545440671485e-05 9.889504049428090582e-01 -3.468543617643461374e+01
9.888902608539089645e-01 2.487637060658460034e-03 1.486265913292176277e-01 -1.258613206947393426e+00 -2.456014549513906020e-03 9.999969054652307898e-01 -3.962984922315281131e-04 3.382185542277488799e-01 -1.486271172458794587e-01 2.686664860963083119e-05 9.888933103714286910e-01 -3.415281480769707656e+01
9.888310446711093826e-01 2.476131613991926217e-03 1.490202464998384158e-01 -1.180518259102361966e+00 -2.442374091612265277e-03 9.999969335410908711e-01 -4.095329190690629286e-04 3.384739691264991301e-01 -1.490208035927837460e-01 4.099567501339169539e-05 9.888340601010442432e-01 -3.361949469295457504e+01
9.888255030814366853e-01 2.500171192785353037e-03 1.490566120631703351e-01 -1.093461204943059650e+00 -2.460788126413664036e-03 9.999968716154074011e-01 -4.486437286133697052e-04 3.416764886363837239e-01 -1.490572674428878308e-01 7.683361952194947553e-05 9.888285620465533388e-01 -3.308385376608535466e+01
9.887228131565223288e-01 2.550180743327669797e-03 1.497354177274999587e-01 -1.013224803972412547e+00 -2.508714522698166863e-03 9.999967446781252711e-01 -4.658160536653549021e-04 3.417878937263801875e-01 -1.497361182056492213e-01 8.491954197822358988e-05 9.887259922209870044e-01 -3.255121504771469176e+01
9.886656907256033966e-01 2.556972875078475631e-03 1.501120044226363637e-01 -9.301432834750110734e-01 -2.509428832434322607e-03 9.999967232871697087e-01 -5.061441085904800708e-04 3.432986570437607798e-01 -1.501128067454620407e-01 1.237119227336296934e-04 9.886688676935062592e-01 -3.200641579812545956e+01
9.885920400161368748e-01 2.536944131576230992e-03 1.505966212476429755e-01 -8.556658283795680608e-01 -2.507748891761542830e-03 9.999967819505458655e-01 -3.837760391367881635e-04 3.369674948869458841e-01 -1.505971102386385041e-01 1.739427402740835243e-06 9.885952206968966482e-01 -3.146051150886482972e+01
9.885194752335347834e-01 2.444725040765913238e-03 1.510737250599591963e-01 -7.709372152429905256e-01 -2.412172223300160234e-03 9.999970112129679123e-01 -3.987358730310185681e-04 3.376176592646503161e-01 -1.510742483323422869e-01 2.974233270528901969e-05 9.885224178571831999e-01 -3.091712709925157299e+01
9.884653497244475506e-01 2.476779719873162516e-03 1.514269393349307880e-01 -6.896683465026903770e-01 -2.431534004893630158e-03 9.999969267064988676e-01 -4.839627467209320485e-04 3.402314899736498810e-01 -1.514276726246184812e-01 1.101806534412613922e-04 9.884683342544235973e-01 -3.038516065084288087e+01
9.883435476367360417e-01 2.415241492323447030e-03 1.522208870469638764e-01 -6.128216323077479988e-01 -2.364219073923285765e-03 9.999970720076269970e-01 -5.161824709296154116e-04 3.427068901954162250e-01 -1.522216880506890024e-01 1.502820899405184749e-04 9.883463639343710305e-01 -2.984428209605430382e+01
9.882962753292811042e-01 2.567342517204914982e-03 1.525250173665593789e-01 -5.266999799290812412e-01 -2.529485135860442841e-03 9.999967030570428017e-01 -4.422442673080929270e-04 3.382600973741257122e-01 -1.525256498927880511e-01 5.125859789074731741e-05 9.882995110275724082e-01 -2.930477406241494975e+01
9.882451458754607510e-01 2.429387546196462491e-03 1.528582013819986818e-01 -4.519179197873239850e-01 -2.380138792554441305e-03 9.999970398656988779e-01 -5.051724142578015858e-04 3.403826565656183356e-01 -1.528589761607654363e-01 1.354104513510659576e-04 9.882480028166473751e-01 -2.875901592060224132e+01
9.882083625732951404e-01 2.504216127404129428e-03 1.530946146727379109e-01 -3.702582054634229736e-01 -2.459065111310648494e-03 9.999968592343927432e-01 -4.842727831890996206e-04 3.390638398123889674e-01 -1.530953465621512077e-01 1.020927884428354587e-04 9.882114168729672077e-01 -2.821689190525978930e+01
9.882132439046155126e-01 2.535543300145822170e-03 1.530625871716863595e-01 -2.857855765917057256e-01 -2.488669171287351701e-03 9.999967793398444327e-01 -4.978309897100282287e-04 3.388416467703300738e-01 -1.530633564811411107e-01 1.110410352859335815e-04 9.882163713340391675e-01 -2.767958206308735924e+01
9.881952567662194431e-01 2.506954099742901912e-03 1.531791424636118615e-01 -1.970950309699767977e-01 -2.478343121381213279e-03 9.999968575653687131e-01 -3.777231265618490562e-04 3.343831368705961760e-01 -1.531796080427105244e-01 -6.366272024439730047e-06 9.881983645196708022e-01 -2.713024215190385036e+01
9.882098371387495472e-01 2.412721696098844848e-03 1.530865655641387990e-01 -1.005544138017550049e-01 -2.342297915741546957e-03 9.999970517761067601e-01 -6.403745531062510991e-04 3.478897926028791110e-01 -1.530876592762464017e-01 2.742500893840139962e-04 9.882125749878961640e-01 -2.658479496073540105e+01
9.881929391483327274e-01 2.594281813183749001e-03 1.531926392463207609e-01 -2.134043157919080988e-02 -2.559558608314303416e-03 9.999966344869583024e-01 -4.238802748057254443e-04 3.359426548238894639e-01 -1.531932233393833998e-01 2.676995609396493167e-05 9.881962535884556420e-01 -2.604662435765477113e+01
9.881729837933335148e-01 2.510881634060622546e-03 1.533226975186645080e-01 6.467656815183488173e-02 -2.429101755022733487e-03 9.999967900174029367e-01 -7.207076757985213201e-04 3.507176692161136922e-01 -1.533240149671404318e-01 3.397474208091756437e-04 9.881759109622365589e-01 -2.550357401957981907e+01
9.881559530168479988e-01 2.428077663988950467e-03 1.534337542922759035e-01 1.430919629387817360e-01 -2.344371503283314805e-03 9.999969880740685602e-01 -7.264743945069318531e-04 3.511027218001128714e-01 -1.534350560974233613e-01 3.581642764417492745e-04 9.881586690803919604e-01 -2.496494530226348729e+01
9.881722457772669221e-01 2.568378405854528871e-03 1.533265016488573329e-01 2.334368860932879708e-01 -2.512306516191783936e-03 9.999966876610223432e-01 -5.594487933010797078e-04 3.428638309323305267e-01 -1.533274306557095013e-01 1.676286012763954149e-04 9.881754251696257541e-01 -2.442244429525119642e+01
9.881606194742764693e-01 2.518817093385845082e-03 1.534022349272144981e-01 3.134869454191738791e-01 -2.426184575992609577e-03 9.999967439288471871e-01 -7.910500027848554189e-04 3.532581458040107147e-01 -1.534037279488912886e-01 4.095023244838082686e-04 9.881635130681707402e-01 -2.387825979342879634e+01
9.881643135162165859e-01 2.487697931142580227e-03 1.533789452696418532e-01 3.913033243369800074e-01 -2.416190026518424960e-03 9.999968680548869671e-01 -6.526148732729987641e-04 3.461932448601049428e-01 -1.533800884038738488e-01 2.742980503998615526e-04 9.881672293907541871e-01 -2.333398074655330134e+01
9.881517343597796543e-01 2.494456868994137863e-03 1.534598565315639374e-01 4.695368463274823823e-01 -2.442765920531594047e-03 9.999968784270911737e-01 -5.253862682995001036e-04 3.395866291574607398e-01 -1.534606880488190439e-01 1.442948445239913727e-04 9.881547431463256759e-01 -2.279402791221700753e+01
9.881876798245599058e-01 2.429396975514221818e-03 1.532292644154129302e-01 5.629845236201820313e-01 -2.375455077844532310e-03 9.999970354314654530e-01 -5.351088240914714548e-04 3.407997486440266788e-01 -1.532301101485158690e-01 1.647987131026246827e-04 9.881905211978395664e-01 -2.225662140504441666e+01
9.882210111615802317e-01 2.414047485275145916e-03 1.530143962949984671e-01 6.405780164335959093e-01 -2.384403525773334375e-03 9.999970861515540266e-01 -3.772376276176401437e-04 3.327386565558101417e-01 -1.530148611037839279e-01 7.946083792627453742e-06 9.882238876986578768e-01 -2.171552984209126436e+01
9.882844167819312409e-01 2.412793064804147174e-03 1.526043576560787984e-01 7.258362986113267024e-01 -2.388770767128122439e-03 9.999970888249541945e-01 -3.407577419344560011e-04 3.319714306283921279e-01 -1.526047355759974355e-01 -2.777126225358403150e-05 9.882873033225393344e-01 -2.117347437876669858e+01
9.883391497860102293e-01 2.552535769398196503e-03 1.522471988622854655e-01 8.110334584908835964e-01 -2.524193510307122610e-03 9.999967422321220933e-01 -3.794367738030280865e-04 3.308152249513602872e-01 -1.522476714021888389e-01 -9.289172912587350360e-06 9.883423731006995006e-01 -2.063498220908492087e+01
9.884141766682223995e-01 2.467953655041384142e-03 1.517607477776665992e-01 8.988160789377679372e-01 -2.434343166019008707e-03 9.999969540496441711e-01 -4.072650043806214874e-04 3.318519885388126478e-01 -1.517612906331190226e-01 3.310876476815487299e-05 9.884171738538235497e-01 -2.010023544482482194e+01
9.884788424375883231e-01 2.580232220746330948e-03 1.513371086512900476e-01 9.780903021476263781e-01 -2.551284880243422440e-03 9.999966711823112808e-01 -3.854474754539122684e-04 3.309006151714797839e-01 -1.513375994216413500e-01 -5.097402764618445825e-06 9.884821348791850149e-01 -1.956974325145984395e+01
9.886259206120274756e-01 2.477081744692211443e-03 1.503750416793001587e-01 1.071605955454162373e+00 -2.474587469300139862e-03 9.999969174549385720e-01 -2.037092968499677271e-04 3.223975447136971373e-01 -1.503750827460385020e-01 -1.707239026995542239e-04 9.886290028835240662e-01 -1.905749422487680178e+01
9.887106948520624217e-01 2.444172840060186876e-03 1.498171816057154160e-01 1.153078443181097645e+00 -2.433082912722804060e-03 9.999970069434096498e-01 -2.573164628284942265e-04 3.258744235996002270e-01 -1.498173621203224004e-01 -1.101060858371199428e-04 9.887136824601741036e-01 -1.852971009301628413e+01
9.887727614454810965e-01 2.434009657020459304e-03 1.494071679019025045e-01 1.217084483924693039e+00 -2.428818976241357407e-03 9.999970268251971994e-01 -2.172076115935154649e-04 3.233132886356121505e-01 -1.494072523736997282e-01 -1.481139946643215933e-04 9.887757334200644177e-01 -1.802089638002784611e+01
9.888177694085307223e-01 2.470469240376859787e-03 1.491084024583127221e-01 1.292584249015533260e+00 -2.467718915756960969e-03 9.999969344793224746e-01 -2.034583752231240315e-04 3.213842249737803858e-01 -1.491084480010795021e-01 -1.667743684890666655e-04 9.888208345908875430e-01 -1.750255165079260067e+01
9.888352577807220101e-01 2.528118421224482149e-03 1.489914144740605850e-01 1.361106319138135179e+00 -2.506737502627288516e-03 9.999968032506837412e-01 -3.312936858733085341e-04 3.273055781424918931e-01 -1.489917757355283257e-01 -4.588748895995511533e-05 9.888384340515453674e-01 -1.698598140091875308e+01
9.889455908121195238e-01 2.501259033687761382e-03 1.482577556707042887e-01 1.450806028240718915e+00 -2.484440073086601093e-03 9.999968691820424471e-01 -2.986362945050078559e-04 3.268149668483857351e-01 -1.482580384693899245e-01 -7.300246262698290890e-05 9.889487088316811780e-01 -1.646646972447074830e+01
9.890366914270803944e-01 2.491581211507128309e-03 1.476489587976856643e-01 1.514846477294769178e+00 -2.507065729309515718e-03 9.999968540066896949e-01 -8.122901103037923759e-05 3.164849073257400836e-01 -1.476486966837267378e-01 -2.898271722525303158e-04 9.890398264821326224e-01 -1.597549004954873375e+01
9.891774487656214143e-01 2.556114487181083191e-03 1.467018784210508686e-01 1.592329399202386586e+00 -2.549585611678565917e-03 9.999967227646571200e-01 -2.325363505209882497e-04 3.242545392124191461e-01 -1.467019920340044137e-01 -1.440092844749101637e-04 9.891807240310441784e-01 -1.547153073402384926e+01
9.892756628952761311e-01 2.518058449877970048e-03 1.460387694578220152e-01 1.659321325911063738e+00 -2.500660908770843335e-03 9.999968275256243544e-01 -3.027105977789673651e-04 3.260411279547810182e-01 -1.460390683965466785e-01 -6.572921466495950770e-05 9.892788212539168624e-01 -1.497148267773853014e+01
9.894777500230879097e-01 2.649214322621745721e-03 1.446608581224392009e-01 1.732785992814856790e+00 -2.647305778602565204e-03 9.999964747263293541e-01 -2.056867238840598541e-04 3.216336308282093381e-01 -1.446608930615397581e-01 -1.794390888867194241e-04 9.894812751236130577e-01 -1.447741736869647333e+01
9.896416366406963760e-01 2.527352166190300307e-03 1.435376031503660943e-01 1.801179424856575562e+00 -2.510318036734196512e-03 9.999968042143503322e-01 -2.997739826207808898e-04 3.269894188823614378e-01 -1.435379020693780816e-01 -6.365621935482988834e-05 9.896448184158836980e-01 -1.399919878871487278e+01
9.898061059344134271e-01 2.542816081917489111e-03 1.423987596200413375e-01 1.874879057937682170e+00 -2.532442161632107204e-03 9.999967610839693988e-01 -2.540831924172329715e-04 3.252845548809741860e-01 -1.423989444892438949e-01 -1.091235273560226660e-04 9.898093395702047825e-01 -1.351458128263088199e+01
9.900068826457910642e-01 2.516401320093749391e-03 1.409965958396130759e-01 1.944158513339883765e+00 -2.524367645892584226e-03 9.999968062932599322e-01 -1.223571362212562473e-04 3.193128621793273059e-01 -1.409964534374937017e-01 -2.347928377186397886e-04 9.900100731762137007e-01 -1.303530867181230413e+01
9.903235638475372804e-01 2.868781565697577692e-03 1.387480053213054620e-01 2.020581680254780910e+00 -2.903069868238491395e-03 9.999957850824896521e-01 4.475036580195760304e-05 3.130154138077170800e-01 -1.387472921308838536e-01 -4.471124952709512558e-04 9.903277179887290949e-01 -1.254097198773629707e+01
9.906243593228662991e-01 2.763220988749741196e-03 1.365860290290631107e-01 2.097105846959305353e+00 -2.785109796914841430e-03 9.999961210985549576e-01 -3.084255619112915062e-05 3.173830743955535771e-01 -1.365855844501163430e-01 -3.498537001038218254e-04 9.906282126624542661e-01 -1.206737122573790799e+01
9.909523796039111376e-01 2.746888450710436701e-03 1.341858262305869187e-01 2.149859567649023084e+00 -2.767890606584626125e-03 9.999961689324342595e-01 -3.003405225461753441e-05 3.172308145092855858e-01 -1.341853946558115573e-01 -3.416493724095769394e-04 9.909561862851306024e-01 -1.158387705211696783e+01
9.913662365094940698e-01 2.660738898777463210e-03 1.310950249914706323e-01 2.227274998092190650e+00 -2.729139625496877601e-03 9.999962173739522786e-01 3.421033349167099395e-04 3.059060625729170813e-01 -1.310936188603637476e-01 -6.969263230434518536e-04 9.913697480697067910e-01 -1.111811025362329630e+01
9.918792910944549401e-01 2.650219039960094794e-03 1.271552131727271273e-01 2.294994990432387638e+00 -2.689911606981770960e-03 9.999963723189289055e-01 1.404440414481260041e-04 3.132748481568307097e-01 -1.271543796866944909e-01 -4.813398200715675724e-04 9.918828217276824954e-01 -1.066119265158348739e+01
9.924679398213330783e-01 2.782315842819267984e-03 1.224730466076089375e-01 2.356794433691302260e+00 -2.798954084191282617e-03 9.999960822653521930e-01 -3.619366852580593202e-05 3.182943932421421485e-01 -1.224726674929281778e-01 -3.068753783693334422e-04 9.924718391695901420e-01 -1.019460275068447963e+01
9.930270081629730683e-01 2.744543508990614309e-03 1.178551167316121140e-01 2.385050073990182984e+00 -2.827731995519901318e-03 9.999958568879154797e-01 5.386453055166954152e-04 2.992208181192290151e-01 -1.178531501091768519e-01 -8.681520206159870721e-04 9.930306547742687728e-01 -9.737538495523491378e+00
9.935831176337610593e-01 2.742346532653119635e-03 1.130710745003801060e-01 2.425373670402915405e+00 -2.761473869617722416e-03 9.999961870451575807e-01 1.253848904840778916e-05 3.180303393458085992e-01 -1.130706089805970788e-01 -3.247008486815322007e-04 9.935869020644927385e-01 -9.289894927876323649e+00
9.943228681233845512e-01 2.904402266398951448e-03 1.063654002688908667e-01 2.461970959147591120e+00 -2.939885085009732047e-03 9.999956628994891572e-01 1.767990335024329776e-04 3.138572880959614175e-01 -1.063644254559454189e-01 -4.884973758851838275e-04 9.943270942540690660e-01 -8.849653092931815124e+00
9.950220893445157477e-01 2.946107708411452655e-03 9.961105443596600384e-02 2.499865407069312262e+00 -2.982694306620150421e-03 9.999955279143415421e-01 2.183712220186889426e-04 3.138594213616177075e-01 -9.960996562165753965e-02 -5.143935145283365287e-04 9.950264268591887395e-01 -8.430263134791958990e+00
9.959020828871332220e-01 2.800127581484985941e-03 9.039469335418424956e-02 2.558900282037956053e+00 -2.814872140157882643e-03 9.999960376049059629e-01 3.562754683380728316e-05 3.222059093189057477e-01 -9.039423541301823406e-02 -2.899310520407557645e-04 9.959060187307238188e-01 -8.003528102659277721e+00
9.967239077454199681e-01 3.039710798899239019e-03 8.082210023847832825e-02 2.595769183195653085e+00 -3.074763743620551309e-03 9.999952250847222723e-01 3.092501843426131774e-04 3.151388896857835742e-01 -8.082077428867220914e-02 -5.567459157054999077e-04 9.967284948657607613e-01 -7.591265779369836153e+00
9.975205576667113272e-01 2.970931143754320086e-03 7.031294760164943924e-02 2.626926886243696746e+00 -2.995308721452773302e-03 9.999954849474046448e-01 2.412684568380683457e-04 3.176925100922083911e-01 -7.031191334302044904e-02 -4.512792307947692148e-04 9.975249526648941600e-01 -7.174918346415949166e+00
9.981765404219866689e-01 2.965820738513343449e-03 6.028928643250804770e-02 2.659494609110541585e+00 -2.988428779488232212e-03 9.999954940728379427e-01 2.848288092639429583e-04 3.162894398313507160e-01 -6.028817002218529036e-02 -4.644796741133129774e-04 9.981809058552504332e-01 -6.770524160338432296e+00
9.988295015313725100e-01 2.965180376551430214e-03 4.827871762924679927e-02 2.683475542210006726e+00 -2.980571989324354645e-03 9.999955276254240966e-01 2.468192985701049558e-04 3.203532850846935731e-01 -4.827776984499684149e-02 -3.904285904053338445e-04 9.988338723252777607e-01 -6.353555170401812724e+00
9.993052492959996203e-01 3.023670528873370015e-03 3.714668418570875319e-02 2.706303448431725656e+00 -3.038094515353535318e-03 9.999953299154027420e-01 3.318570484606181859e-04 3.183679634383547175e-01 -3.714550728117387013e-02 -4.444816280307443144e-04 9.993097686527969703e-01 -5.978030847044657925e+00
9.997279313521720834e-01 2.968613570535773728e-03 2.313548373765992802e-02 2.723011558483826811e+00 -2.988538842760915092e-03 9.999951925772325723e-01 8.267151921506162753e-04 3.034704080696686290e-01 -2.313291831767028475e-02 -8.956315606622092902e-04 9.997319970543183665e-01 -5.588788725405724911e+00
9.999615985384573413e-01 2.895446967057966128e-03 8.271507436620808076e-03 2.745811700266141298e+00 -2.899888400525126725e-03 9.999956574950007449e-01 5.250127670770923230e-04 3.115282005495553785e-01 -8.269951370934313858e-03 -5.489790542898220988e-04 9.999656526732907391e-01 -5.210665013359291997e+00
9.999694103278411461e-01 2.986594833341351621e-03 -7.229015139772518306e-03 2.750917785469416010e+00 -2.981341718920189638e-03 9.999952839559724804e-01 7.373380289225727044e-04 3.086249503727536703e-01 7.231183177366450054e-03 -7.157633095710881762e-04 9.999735984878500572e-01 -4.848060773584291105e+00
9.997400173099865173e-01 2.985662257133633000e-03 -2.260494658065291887e-02 2.749604210362603940e+00 -2.971143579030402493e-03 9.999953577641792490e-01 6.758372022926781471e-04 3.131802375055560694e-01 2.260685946478702482e-02 -6.084989544313827367e-04 9.997442471123111352e-01 -4.479153741759988705e+00
9.992597244159197034e-01 3.024516744413699183e-03 -3.835173345082307922e-02 2.720354923282894966e+00 -2.988107730008872625e-03 9.999950289418386706e-01 1.006629924585041328e-03 3.031992300986213196e-01 3.835458737118784683e-02 -8.912856298460222499e-04 9.992637946195749299e-01 -4.106720587296181613e+00
9.985981876577871841e-01 3.131381024401682419e-03 -5.283799825374545234e-02 2.708492425532421866e+00 -3.071668557655426231e-03 9.999945488187795828e-01 1.211274121490657192e-03 2.988073915326227570e-01 5.284150318504103605e-02 -1.047275324591866478e-03 9.986023626827346122e-01 -3.753314382049507625e+00
9.975339093784191258e-01 3.222167777041720638e-03 -7.011217636776509443e-02 2.698077842776405610e+00 -3.132346620211472719e-03 9.999941267278040780e-01 1.391012058646000230e-03 2.961524861981746914e-01 7.011624665410187696e-02 -1.167966058172427912e-03 9.975381435365908711e-01 -3.400084226535460274e+00
9.961364026899411916e-01 3.147638760986689373e-03 -8.776308794802976931e-02 2.668224178018531845e+00 -3.044382320604294406e-03 9.999945073287229702e-01 1.310362037969300475e-03 3.024207867735269617e-01 8.776673044057904660e-02 -1.038114933373577567e-03 9.961405138559298322e-01 -3.040964490943788512e+00
9.943319642507445488e-01 3.121618619358027154e-03 -1.062741754447024123e-01 2.645776078465679415e+00 -2.999095370090239937e-03 9.999946411160047788e-01 1.312694265234884937e-03 3.051067781213148145e-01 1.062777036645843887e-01 -9.865274796753259988e-04 9.943359977730438226e-01 -2.694004454345639843e+00
9.924442427651125609e-01 2.851967663866446148e-03 -1.226633249297713751e-01 2.612825488846757693e+00 -2.725936312830093845e-03 9.999955702960851012e-01 1.195265420739873539e-03 3.084648116588631361e-01 1.226661904258904007e-01 -8.518618737109666210e-04 9.924476208131829402e-01 -2.365075149891497475e+00
9.898355135075821432e-01 3.065068723067462461e-03 -1.421839004701448972e-01 2.577433381601106355e+00 -2.890059223680265660e-03 9.999947907628887744e-01 1.437360347993507214e-03 3.051753923214802211e-01 1.421875654087403351e-01 -1.011830425139011256e-03 9.898392154498254492e-01 -2.032609208385981248e+00
9.872539572240345285e-01 2.811526162168707672e-03 -1.591279964874934560e-01 2.538230509125636303e+00 -2.685880023874442652e-03 9.999958883488082595e-01 1.004656147778176453e-03 3.204050551640613143e-01 1.591301668257205371e-01 -5.644520505385379906e-04 9.872574494020802671e-01 -1.705535322918530383e+00
9.839295251896703620e-01 3.082811167267228251e-03 -1.785306296839194451e-01 2.482159545218303176e+00 -2.816305578376604273e-03 9.999945096102268449e-01 1.746187931242648922e-03 3.000925170152158317e-01 1.785350326488306105e-01 -1.215329053789602131e-03 9.839328051713551737e-01 -1.384397955497553401e+00
