1.000000000000000000e+00 0.000000000000000000e+00 0.000000000000000000e+00 0.000000000000000000e+00 0.000000000000000000e+00 1.000000000000000000e+00 0.000000000000000000e+00 0.000000000000000000e+00 0.000000000000000000e+00 0.000000000000000000e+00 1.000000000000000000e+00 0.000000000000000000e+00
9.999994413401903648e-01 1.668051736893349480e-05 1.056901635684829276e-03 1.102961256474471567e-02 -1.692071104209941676e-05 9.999999740347554900e-01 2.272535543979884690e-04 -1.061794462713077855e-02 -1.056897817535258459e-03 -2.272713109677383485e-04 9.999994156572065140e-01 3.185631918703663579e-01
9.999990065522675886e-01 2.620253254420852672e-04 1.385004406718939353e-03 1.854089804135931191e-02 -2.623410242070157061e-04 9.999999396504026805e-01 2.277638644522369193e-04 -1.079976891450182101e-02 -1.384944643233774336e-03 -2.281269816553321535e-04 9.999990149427225861e-01 6.588908132996746936e-01
9.999980034645166160e-01 6.853767466822658413e-05 1.997090275299963791e-03 3.188298502778148108e-03 -6.885158794640587111e-05 9.999999852868542982e-01 1.571169945727844588e-04 -8.337159336361759862e-03 -1.997079477483024602e-03 -1.572541837198564759e-04 9.999979934703280282e-01 1.013674369570954470e+00
9.999972634244436165e-01 -5.396461049480281627e-05 2.338852591483032897e-03 3.639398394474193180e-03 5.372050603376774582e-05 9.999999931040302048e-01 1.044320193627756708e-04 -5.914376962385030009e-03 -2.338858210987624590e-03 -1.043060892319113163e-04 9.999972594274989524e-01 1.376345765830411683e+00
9.999966789494154629e-01 -4.436861777850627611e-04 2.538746288111095022e-03 1.426396168258213873e-02 4.436844127576306082e-04 9.999999015712742745e-01 1.258437820427651335e-06 -1.884272410410718851e-03 -2.538746596576999751e-03 -1.320314851108066650e-07 9.999967773776577973e-01 1.730599179722447367e+00
9.999930425254129895e-01 -1.254480566451532852e-04 3.728158198457297550e-03 1.510768614410239533e-02 1.250184026763408271e-04 9.999999855175620844e-01 1.154784591910481222e-04 -5.459785082050057706e-03 -3.728172631012767729e-03 -1.150115673697071249e-04 9.999930437263915284e-01 2.078430698546105848e+00
9.999915200279179128e-01 -2.751243451078095887e-04 4.109036243332202416e-03 2.298016350603430957e-02 2.745735309738661818e-04 9.999999532443586414e-01 1.346129879245896467e-04 -5.116367749438430722e-03 -4.109073086521724226e-03 -1.334836138199788633e-04 9.999915488145360021e-01 2.444510558701019409e+00
9.999894671618102526e-01 -2.423663131753187841e-04 4.583320194914437991e-03 1.765283375085280326e-02 2.421717018278359826e-04 9.999999697512572672e-01 4.301570982860601665e-05 -1.631886648732164703e-03 -4.583330481833764770e-03 -4.190530629947046006e-05 9.999894956076487151e-01 2.802103678350994720e+00
9.999845372550805189e-01 -8.107919784358119956e-05 5.560456537571993076e-03 2.469357848155600416e-02 8.012134688762768628e-05 9.999999819149629765e-01 1.724837482502014315e-04 -9.070420832194739380e-03 -5.560470421854879670e-03 -1.720355699108991148e-04 9.999845256664976478e-01 3.170981648917079454e+00
9.999807160154562391e-01 2.573977117409187811e-04 6.204945095121261467e-03 2.921691767598829162e-02 -2.578386012889776814e-04 9.999999642917654086e-01 7.025470443202247439e-05 -4.170577745298709865e-03 -6.204926790153466459e-03 -7.185322400578906101e-05 9.999807466749762730e-01 3.554777021235079992e+00
9.999741864536150215e-01 -1.953597973227333201e-05 7.185126636059433435e-03 2.704706698359678196e-02 1.914703816126760784e-05 9.999999983478609078e-01 5.420026833387262130e-05 -4.131139678864209457e-03 -7.185127683043948145e-03 -5.406129533883773260e-05 9.999741851755747923e-01 3.936045151960774646e+00
9.999544581877705118e-01 2.663597397209231351e-05 9.543628289454403335e-03 2.321386616203356679e-02 -2.685596558453335687e-05 9.999999993766466311e-01 2.292299669136396467e-05 -1.665538174509652216e-03 -9.543627672929006628e-03 -2.317825608944607712e-05 9.999544582797803560e-01 4.320608161383170831e+00
9.999465540918954787e-01 -2.400642943901234210e-05 1.033868383476884908e-02 3.842031247343370703e-02 2.303323365243745659e-05 9.999999952931513114e-01 9.425055657398188999e-05 -4.521896007426163058e-03 -1.033868604872556496e-02 -9.400738594697153510e-05 9.999465499382440559e-01 4.705928511373555168e+00
9.999545422633271397e-01 -1.478473598213548669e-05 9.534840761722411864e-03 4.028955286115421669e-02 1.421312118966590005e-05 9.999999980979210612e-01 6.001787286952186531e-05 -1.418894410298545544e-03 -9.534841630934797960e-03 -5.987962474559077792e-05 9.999545405714719282e-01 5.093229781158347791e+00
9.999695267197171722e-01 3.240623896381411708e-05 7.806701081793636192e-03 5.042095874201532602e-02 -3.298657838455992412e-05 9.999999967023899261e-01 7.420987588616019840e-05 -1.828866672907471236e-03 -7.806698651187208259e-03 -7.446513082497198941e-05 9.999695244911785963e-01 5.477011063679005254e+00
9.999711168341587353e-01 -6.418339760452214718e-05 7.600090653192160400e-03 5.551792610157010865e-02 6.442923217125721134e-05 9.999999974091859922e-01 -3.210143456933633663e-05 2.770860844451422406e-03 -7.600088573122601096e-03 3.259017538349505123e-05 9.999711183787065583e-01 5.852333015260797744e+00
9.999694144516746430e-01 -4.650737563377055567e-05 7.820997266273624349e-03 5.456275596073471845e-02 4.524251046029904193e-05 9.999999858701558164e-01 1.619036857077053501e-04 -4.705859815572539795e-03 -7.821004685479679419e-03 -1.615448922440727169e-04 9.999694024263729997e-01 6.245762245965255310e+00
9.999611664292327173e-01 -5.452838737150164639e-05 8.812642063719719476e-03 4.975100314036016297e-02 5.329022098116388214e-05 9.999999886770969404e-01 1.407336430457845446e-04 -4.905178198294935649e-03 -8.812649637913630429e-03 -1.402585502128944628e-04 9.999611580125992161e-01 6.664086886346202832e+00
9.999537476080245790e-01 5.404391782552844011e-05 9.617677678212744469e-03 8.503185669601850960e-02 -5.523204883580291706e-05 9.999999908768900658e-01 1.232705990591113486e-04 -2.454020361260949440e-03 -9.617670928443487061e-03 -1.237961015422546854e-04 9.999537414702929228e-01 7.065776861874588199e+00
9.999430684170462769e-01 2.578952345504819386e-05 1.067048544363672496e-02 8.618344135580130461e-02 -2.596993409243775907e-05 9.999999995221835469e-01 1.676888471478496566e-05 2.697012993769563535e-03 -1.067048500607664652e-02 -1.704504183933934269e-05 9.999430686090091669e-01 7.479503166292810867e+00
9.999386656744808644e-01 3.015251376327485384e-04 1.107131300840891869e-02 8.989792768247555077e-02 -3.021713413257155257e-04 9.999999527390961429e-01 5.669467274833331523e-05 1.168430132754320373e-03 -1.107129539029965554e-02 -6.003662892080752851e-05 9.999387095287309846e-01 7.886059197437264245e+00
9.999357840237721451e-01 9.577902407299066336e-05 1.133219551290222046e-02 9.176491571602612973e-02 -9.832340362804820760e-05 9.999999700850392692e-01 2.239697050799692869e-04 -8.081253721661893485e-03 -1.133217372230026221e-02 -2.250695426801191813e-04 9.999357635280521350e-01 8.295425638324951834e+00
9.999391055961422969e-01 1.517947725792206947e-04 1.103458462897710830e-02 9.114401762782430028e-02 -1.556454620224708102e-04 9.999999272977990739e-01 3.481075790885680655e-04 -1.669998955313645866e-02 -1.103453098582772053e-02 -3.498038643078643043e-04 9.999390565245360740e-01 8.710425887780676391e+00
9.999392186868955035e-01 7.640141742263480368e-05 1.102511200235306403e-02 9.684016180058324652e-02 -7.909877029880248015e-05 9.999999670501024118e-01 2.442195295510993691e-04 -8.324810419834776515e-03 -1.102509298035853243e-02 -2.450767583692001705e-04 9.999391917822587628e-01 9.126280224890294335e+00
9.999313720755017565e-01 1.493623241008245988e-04 1.171447096972686591e-02 1.031139153348746562e-01 -1.518005046644759295e-04 9.999999670030188526e-01 2.072451880121737808e-04 -5.392394116377483178e-03 -1.171443962856174789e-02 -2.090092278101401545e-04 9.999313617540613874e-01 9.543370477280896935e+00
9.999250440688518538e-01 1.132716032560479190e-04 1.224309656290713082e-02 1.157630104035416579e-01 -1.158236093582522849e-04 9.999999717153948975e-01 2.077356513926432915e-04 -5.937269424902751232e-03 -1.224307268606569278e-02 -2.091381200070979978e-04 9.999250289058927432e-01 9.970019179220384942e+00
9.999208295803331259e-01 2.936598664145607983e-04 1.257967945781322816e-02 1.202665274971833620e-01 -2.945984298956298101e-04 9.999999539591268860e-01 7.275650569372394869e-05 2.691398926164602703e-03 -1.257965751296806142e-02 -7.645669934749677087e-05 9.999208700548406492e-01 1.039930220784865433e+01
9.999188554384053074e-01 1.082543903773456267e-04 1.273855642278532568e-02 1.256371868123293822e-01 -1.101070431898366165e-04 9.999999834640518337e-01 1.447353965111775184e-04 -3.638976832400709488e-03 -1.273854054389910243e-02 -1.461262568031001640e-04 9.999188508233698425e-01 1.082694531044766784e+01
9.999163638276028498e-01 1.778296043464730740e-04 1.293188796799808055e-02 1.390620262573288579e-01 -1.791575874380260853e-04 9.999999787968871789e-01 1.015321823444647394e-04 -1.377143112292160756e-03 -1.293186963837398770e-02 -1.038405364307236887e-04 9.999163744857861857e-01 1.124940599701678323e+01
9.999175194377083464e-01 1.235213592533520276e-04 1.284286042959138265e-02 1.475253844138123827e-01 -1.272335093940543693e-04 9.999999503683502100e-01 2.882272216666774758e-04 -1.098025660268454363e-02 -1.284282418996083620e-02 -2.898374907264816228e-04 9.999174855262081829e-01 1.167483766059545225e+01
9.999174602156493119e-01 5.196276434915551704e-05 1.284795920590411922e-02 1.599128200891918039e-01 -5.516517071317369081e-05 9.999999675028412582e-01 2.488998198170266733e-04 -9.428688060646591221e-03 -1.284794585485926621e-02 -2.495880355424835847e-04 9.999174305877076563e-01 1.209884329937263736e+01
9.999172281717285671e-01 1.477058015368288083e-04 1.286526285636979336e-02 1.645426297898223700e-01 -1.519506798535917515e-04 9.999999343442169675e-01 3.289719631984800189e-04 -1.289980075525756081e-02 -1.286521342062338022e-02 -3.308996190251566050e-04 9.999171849653769595e-01 1.252475479566094307e+01
9.999106180652942433e-01 1.112825904651499963e-04 1.336949873654010544e-02 1.620316094278434760e-01 -1.136992717663818021e-04 9.999999773360841449e-01 1.800008519293770171e-04 -4.063044239215003739e-03 -1.336947840257382385e-02 -1.815048653752090752e-04 9.999106080561536158e-01 1.294886140913946271e+01
9.999067864867060562e-01 1.979133055747559020e-04 1.365207559868653747e-02 1.700927848106106588e-01 -1.993215512065205563e-04 9.999999749546607530e-01 1.017919302059163783e-04 2.824846437612382744e-04 -1.365205511078828454e-02 -1.045035947079957927e-04 9.999068008920884987e-01 1.338583230800648494e+01
9.999013536854596262e-01 2.309569699272254526e-05 1.404572406727601190e-02 1.721995287606574443e-01 -2.415771514919604637e-05 9.999999968624673219e-01 7.544183228250810112e-05 -7.294655611356400116e-05 -1.404572228082539599e-02 -7.577370282487273041e-05 9.999013511061758397e-01 1.383080933632361820e+01
9.999053837107504394e-01 9.426047788603821845e-05 1.375553493031638971e-02 1.834855864518014912e-01 -9.773984407566935217e-05 9.999999634031447870e-01 2.522709495115291580e-04 -7.230693776849527257e-03 -1.375551064772681173e-02 -2.535915444096674713e-04 9.999053563303623715e-01 1.426791209287689632e+01
9.999117571344339206e-01 2.841146250880684080e-04 1.328146163675764102e-02 2.044741296063211644e-01 -2.855213696285841484e-04 9.999999538284982670e-01 1.040218669046657682e-04 -4.096626223249416263e-03 -1.328143146939889455e-02 -1.078048288342451061e-04 9.999117920878033416e-01 1.470310154478304554e+01
9.999102520093635649e-01 1.528538071766516579e-04 1.339643841790096220e-02 2.044732340310415342e-01 -1.563278386967565444e-04 9.999999544269808638e-01 2.582782280465963326e-04 -9.799197906914046408e-03 -1.339639832857435035e-02 -2.603492843587087231e-04 9.999102303357398913e-01 1.514603139436415269e+01
9.999052076576925296e-01 3.067244280220745700e-04 1.376523225928682169e-02 2.100126325925344428e-01 -3.089023035606499289e-04 9.999999401076690164e-01 1.560897989692891822e-04 -3.431565156869893080e-03 -1.376518355830066466e-02 -1.603271148055756482e-04 9.999052425189212112e-01 1.559692950557245439e+01
9.999020436288481584e-01 1.950481566097429353e-04 1.399518142324991665e-02 2.216543438362760798e-01 -1.967954691763948265e-04 9.999999730128620312e-01 1.234739592266370601e-04 -9.755310951392931126e-04 -1.399515696219188685e-02 -1.262160524600567106e-04 9.999020550289471343e-01 1.604104136194571240e+01
9.998958549976169063e-01 7.846060288431314176e-05 1.443166665768214237e-02 2.329867059308451116e-01 -7.936663719447991793e-05 9.999999949155338186e-01 6.220827377546299137e-05 3.373291766538440411e-04 -1.443166170340615638e-02 -6.334718794637432657e-05 9.998958561408344270e-01 1.650416881980779849e+01
9.998902622501784077e-01 2.400726415444035672e-04 1.481235370885540352e-02 2.376862097071940350e-01 -2.424429279525726864e-04 9.999999580930659659e-01 1.582254497543249120e-04 -2.484098164987312563e-03 -1.481231510251339138e-02 -1.617992368525484118e-04 9.998902785517572722e-01 1.696138165940113751e+01
9.998743014762045966e-01 2.129474071166225922e-04 1.585357691102413577e-02 2.387819016890267987e-01 -2.154445388428456341e-04 9.999999646543078491e-01 1.558044727929258774e-04 -1.344466381941948445e-03 -1.585354317250998665e-02 -1.592004549673002643e-04 9.998743120133112283e-01 1.742535316538089063e+01
9.998731458783441939e-01 3.009318583118841275e-04 1.592487335460181230e-02 2.596335548869754262e-01 -3.038658798093235992e-04 9.999999373031257521e-01 1.818220880736425851e-04 -3.110518169286589571e-03 -1.592481764010318657e-02 -1.866380488451105304e-04 9.998731746323471503e-01 1.788077418203939928e+01
9.998561353635485593e-01 2.799530443258089682e-04 1.695966397550850366e-02 2.558171051900597903e-01 -2.831663763700744893e-04 9.999999424111803981e-01 1.870680069617349861e-04 -1.685891495618126526e-03 -1.695961062856342697e-02 -1.918435010833205879e-04 9.998561570563030410e-01 1.834885498084531363e+01
9.998533277833939747e-01 2.106062515268598422e-04 1.712537782005783826e-02 2.664400766056947978e-01 -2.147387381511690028e-04 9.999999482708760157e-01 2.394692458853096384e-04 -5.570142092594515537e-03 -1.712532650045681115e-02 -2.431116044236479156e-04 9.998533212871778542e-01 1.881218330000204730e+01
9.998502730507194958e-01 1.937157753687809923e-04 1.730300420736232900e-02 2.746858774112361234e-01 -1.999441286192604739e-04 9.999999158472721028e-01 3.582286898565473611e-04 -1.230123312714296799e-02 -1.730293335671890739e-02 -3.616346874664068270e-04 9.998502276429234170e-01 1.927808970650414011e+01
9.998490274098028596e-01 2.629784771304474853e-04 1.737392385133340600e-02 2.782405655268774813e-01 -2.684650139542235311e-04 9.999999148347112898e-01 3.134598959038262050e-04 -1.004866601417939674e-02 -1.737383993847210067e-02 -3.180768627606065367e-04 9.998490128578922942e-01 1.974800523910679573e+01
9.998521574018749414e-01 1.754816415486658450e-04 1.719396827407413883e-02 2.960185345160409320e-01 -1.822594745395755128e-04 9.999999063107580799e-01 3.926320910794125303e-04 -1.586353075724821968e-02 -1.719389776346041607e-02 -3.957078069538429643e-04 9.998520957096760364e-01 2.021340166200833011e+01
9.998504321930653527e-01 1.692758868660065852e-04 1.729406224732809444e-02 2.965725041864593625e-01 -1.745387810664686520e-04 9.999999389214342393e-01 3.028090845278625406e-04 -1.020183739701251840e-02 -1.729400993275524018e-02 -3.057822785815061104e-04 9.998504006688420098e-01 2.068774510240583808e+01
9.998487716797178626e-01 4.121941026791892115e-04 1.738573744714572503e-02 3.131231655672405689e-01 -4.165199006269343189e-04 9.999998831958410994e-01 2.451927335124083444e-04 -3.812416883317624669e-03 -1.738563434942051386e-02 -2.523971590609849942e-04 9.998488265802697450e-01 2.117045144315389749e+01
9.998476632612952608e-01 1.649232569918867891e-04 1.745345442159571339e-02 3.237289220941036993e-01 -1.715113581498058245e-04 9.999999146149336493e-01 3.759707161942421431e-04 -1.440469995645215356e-02 -1.745339092501630232e-02 -3.789069077137423129e-04 9.998476061754479893e-01 2.164682273290975090e+01
9.998508103520937773e-01 2.856366970192683943e-04 1.727065285213079046e-02 3.430756156599523155e-01 -2.900110750851579927e-04 9.999999265015090399e-01 2.507798892524532681e-04 -5.728109916211920893e-03 -1.727057995082462508e-02 -2.557511560901426810e-04 9.998508197023735500e-01 2.212063131259771254e+01
9.998587317009085540e-01 1.924617918859614801e-04 1.680712943691218403e-02 3.568214948569851663e-01 -2.002885762053618706e-04 9.999998722940579565e-01 4.640003815463934408e-04 -1.905252125994975204e-02 -1.680703798819701417e-02 -4.673011090267329987e-04 9.998586425609056194e-01 2.259842007889210436e+01
9.998749887364772881e-01 3.383253597174224587e-04 1.580798643662248426e-02 3.698403742080660916e-01 -3.440334966037491616e-04 9.999998766045242737e-01 3.583739519738163379e-04 -1.209897940883837911e-02 -1.580786323899226187e-02 -3.637676280413223735e-04 9.998749817516838778e-01 2.306446901440305552e+01
9.998885148971256021e-01 2.748095030028836392e-04 1.492924166050592361e-02 3.776812973059290868e-01 -2.799304711998766549e-04 9.999999027037305144e-01 3.409273540676659576e-04 -1.082540433290734086e-02 -1.492914651786967153e-02 -3.450684953992073033e-04 9.998884945392568779e-01 2.353508364629181315e+01
9.999021316178303698e-01 3.852526329670064357e-04 1.398494785573999900e-02 3.893395318915386372e-01 -3.880393984924666883e-04 9.999999053955807016e-01 1.965559837811693797e-04 -2.529453622868320373e-03 -1.398487080899185088e-02 -2.019634579189208174e-04 9.999021865158699285e-01 2.402777119774232162e+01
9.999141508551453450e-01 3.008218520745477450e-04 1.309963456921600829e-02 3.880739845477205741e-01 -3.036147649727787630e-04 9.999999316026777496e-01 2.112172206852310830e-04 -3.956964550231832634e-03 -1.309957013448056519e-02 -2.151763303384184858e-04 9.999141737976507960e-01 2.451875237785755246e+01
9.999278440435775961e-01 1.499529130425933442e-04 1.201183668247817436e-02 4.144777951619385004e-01 -1.538625342759792779e-04 9.999999354944505425e-01 3.245572605519654228e-04 -1.023039501006017295e-02 -1.201178723934138125e-02 -3.263820134456917239e-04 9.999278026148178400e-01 2.500600633856128496e+01
9.999362222792183008e-01 2.241017003078830418e-04 1.129164081936886652e-02 4.302570224644788333e-01 -2.278014476776893491e-04 9.999999207950313052e-01 3.263685518874672614e-04 -8.957535806975242682e-03 -1.129156678526740260e-02 -3.289199889704018278e-04 9.999361941299927947e-01 2.550451678652626342e+01
9.999464972113961680e-01 3.434407496611207016e-04 1.033850874695091231e-02 4.412377000375344305e-01 -3.461882642175069091e-04 9.999999052375516673e-01 2.639669928179731511e-04 -4.048605483786772187e-03 -1.033841711022661335e-02 -2.675319402454624318e-04 9.999465213491749438e-01 2.601061407978537332e+01
9.999545462098993198e-01 3.253008520274209940e-04 9.528887317523049294e-03 4.418786823057304636e-01 -3.272135677123983854e-04 9.999999266313358559e-01 1.991697867547827044e-04 -1.962635874530870798e-03 -9.528821828299987445e-03 -2.022787149485973037e-04 9.999545792874224848e-01 2.649735697457364481e+01
9.999598003831310367e-01 4.020742889046469907e-04 8.957452427722566862e-03 4.506621203065249714e-01 -4.034812587229990471e-04 9.999999065476707916e-01 1.552659768319842768e-04 3.289734941272558482e-03 -8.957389162170547453e-03 -1.588738993796917555e-04 9.999598691639988157e-01 2.699961431771785314e+01
9.999660215341312774e-01 3.653984078323420761e-04 8.235427202324284088e-03 4.650173637743139077e-01 -3.667308046458690393e-04 9.999999199095940261e-01 1.602788897135302255e-04 3.130017817158102164e-03 -8.235367977094466482e-03 -1.632936285272574585e-04 9.999660754492988302e-01 2.750111451208380231e+01
9.999723867586800541e-01 4.659749172984670239e-04 7.416777435327952771e-03 4.673357074924603394e-01 -4.664152805762329548e-04 9.999998895669499621e-01 5.764437490910263607e-05 1.012156432575312542e-02 -7.416749755437767287e-03 -6.110208148953750161e-05 9.999724936665012054e-01 2.800506398044630529e+01
9.999809076462263802e-01 2.290321221083026074e-04 6.175102211003092624e-03 4.739422384916450737e-01 -2.298291432247086209e-04 9.999999653510340814e-01 1.283608020948829144e-04 3.699571635187189761e-03 -6.175072598295287644e-03 -1.297775698355184805e-04 9.999809256361783527e-01 2.851844292890035248e+01
9.999886366595009957e-01 3.655400508862604561e-04 4.753202325131434570e-03 4.793162612838310355e-01 -3.661055162770002962e-04 9.999999260100880250e-01 1.180955947126613735e-04 4.551867804782241088e-03 -4.753158804772711528e-03 -1.198344263434185142e-04 9.999886964966588909e-01 2.903871330968221898e+01
9.999929980313932987e-01 1.826327795889840888e-04 3.737717679781432309e-03 4.886983828239703787e-01 -1.841851915874641137e-04 9.999998969266983284e-01 4.149968769725252476e-04 -1.134105322025429595e-02 -3.737641502489368571e-03 -4.156824034243711751e-04 9.999929285970667880e-01 2.955037497256044077e+01
9.999982235400697306e-01 2.766125725276451664e-04 1.864511246785745605e-03 4.886764991183121243e-01 -2.774377599775546899e-04 9.999998636854998679e-01 4.423316301106518787e-04 -1.403970942058955368e-02 -1.864388638135711616e-03 -4.428481301499963296e-04 9.999981639685843193e-01 3.006909499224789428e+01
9.999997986895426960e-01 2.643570092933881111e-04 5.768329443752457514e-04 4.836267241824347973e-01 -2.646107978895845649e-04 9.999998682182648091e-01 4.399370167319007494e-04 -1.424089531420731115e-02 -5.767165679251787941e-04 -4.400895643936388740e-04 9.999997368595531233e-01 3.059482107954766050e+01
9.999999219096125103e-01 3.951779778920536568e-04 3.890342469686155606e-06 4.835737708557455439e-01 -3.951786868689629553e-04 9.999999049965831999e-01 1.839582289265570623e-04 6.144117340280107198e-04 -3.817645859166527633e-06 -1.839597519416162911e-04 9.999999830721174598e-01 3.111932744290875519e+01
9.999992133229442803e-01 2.623386912693805311e-04 -1.226593617960005430e-03 4.878518601754753825e-01 -2.619103663506619560e-04 9.999999046800540636e-01 3.493463077015307580e-04 -9.912750610086670106e-03 1.226685148094330130e-03 -3.490247752949627484e-04 9.999991867122961509e-01 3.164058442667335669e+01
9.999974939085770620e-01 3.459420412547383025e-04 -2.211899787400501381e-03 4.824383364123921436e-01 -3.451014200562577366e-04 9.999998680946129426e-01 3.804152554123726711e-04 -8.269992910086110954e-03 2.212031097268985988e-03 -3.796509722993098436e-04 9.999974813886102210e-01 3.217044228736676814e+01
9.999941276478878649e-01 3.424963697288279795e-04 -3.409892370228147923e-03 4.904222135590259324e-01 -3.412212730982355454e-04 9.999998716532043641e-01 3.745151767529859062e-04 -8.214405504739948766e-03 3.410020202667835357e-03 -3.733494496522994774e-04 9.999941161688932212e-01 3.268815317589374558e+01
9.999911779830386038e-01 4.180848621846465301e-04 -4.179612558942452302e-03 4.732359114586905391e-01 -4.166498701689203194e-04 9.999998539659289420e-01 3.441961744122309778e-04 -7.459762829665342494e-03 4.179755851786757723e-03 -3.424517028777025111e-04 9.999912061452593814e-01 3.322431617234443024e+01
9.999870415885725450e-01 3.451450042113154222e-04 -5.079126879755897252e-03 4.727478284238020856e-01 -3.439353127039395850e-04 9.999999122840163013e-01 2.390407085060066458e-04 -2.875827051636769584e-03 5.079208937941631467e-03 -2.372907198265060728e-04 9.999870725812803895e-01 3.375307900507866776e+01
9.999787467057545953e-01 4.576755448550400441e-04 -6.503589000229448996e-03 4.799569452611328058e-01 -4.559708509645599801e-04 9.999998613038056927e-01 2.635961920758127762e-04 -1.597731851968781785e-03 6.503708739737235414e-03 -2.606251427776221964e-04 9.999788166992157334e-01 3.426527857057040904e+01
9.999711767395930151e-01 2.866615866456005994e-04 -7.587062354316755942e-03 4.779566215566336540e-01 -2.840194777834086949e-04 9.999998986563700676e-01 3.493138786090381931e-04 -8.295955123001994697e-03 7.587161720286996099e-03 -3.471489367563680901e-04 9.999711568163582864e-01 3.479494042056656866e+01
9.999620962780803035e-01 2.950138954385357680e-04 -8.701665010149396001e-03 4.765340950990747393e-01 -2.928408285216218556e-04 9.999999256208483844e-01 2.510030814578760030e-04 -4.083523669215643331e-03 8.701738412323762467e-03 -2.484453647157856999e-04 9.999621082938614514e-01 3.532489935935173264e+01
9.999532186597337446e-01 3.050727159667025734e-04 -9.667855122859496386e-03 4.799320028796589810e-01 -3.023282497306547037e-04 9.999999135906100234e-01 2.853355951829118038e-04 -4.835355598693317526e-03 9.667941335571018230e-03 -2.823993810833998804e-04 9.999532244864863806e-01 3.586174636184178155e+01
9.999419493560730565e-01 3.877832449804569787e-04 -1.076789404347276019e-02 4.760456481545838336e-01 -3.848930732201365267e-04 9.999998893496390151e-01 2.704774147061081370e-04 -2.627005033188756396e-03 1.076799773861096543e-02 -2.663172254875157221e-04 9.999419879672203360e-01 3.641023296835586365e+01
9.999333302450799099e-01 3.837329905553814443e-04 -1.154070249057225286e-02 4.668923492518017304e-01 -3.809680069623857211e-04 9.999998982022180183e-01 2.417828183132218821e-04 -2.136248979305700648e-03 1.154079409579827215e-02 -2.373700602852018920e-04 9.999333746440773885e-01 3.696222050282458582e+01
9.999242242777190981e-01 4.798013855010323779e-04 -1.230103626660072544e-02 4.644069274583224605e-01 -4.771575973458779744e-04 9.999998624292509852e-01 2.178579960271674392e-04 2.628915158200548913e-03 1.230113910290629026e-02 -2.119719547703281001e-04 9.999243156582708902e-01 3.751082234686839456e+01
9.999180127512841132e-01 3.628595462429551007e-04 -1.279984798630441969e-02 4.544066383466297543e-01 -3.596830133991844500e-04 9.999999039462642569e-01 2.504707410482084526e-04 -1.508231364886512132e-03 1.279993764253064756e-02 -2.458463177465005831e-04 9.999180472198385683e-01 3.803394718852020873e+01
9.999054131194479167e-01 2.143209879113623293e-04 -1.375205006318163184e-02 4.504963510142522276e-01 -2.098493565283120167e-04 9.999999246467798919e-01 3.266032488725858596e-04 -6.793931135721156117e-03 1.375211902485132948e-02 -3.236864976333929931e-04 9.999053827484766233e-01 3.856595916064154750e+01
9.998997913184008990e-01 2.556961791089481855e-04 -1.415421989663563813e-02 4.480143610850001457e-01 -2.514256697539286401e-04 9.999999223390372283e-01 3.034914367350900126e-04 -4.051466726300115631e-03 1.415429639900605933e-02 -2.999022900409821740e-04 9.998997779538034703e-01 3.909097374374460543e+01
9.998932463443661600e-01 3.728058662502051722e-04 -1.460674264546550465e-02 4.446416316479571140e-01 -3.698811521156898001e-04 9.999999110033808147e-01 2.029314264746253347e-04 2.663424171495138576e-03 1.460681699954102623e-02 -1.975070040046440062e-04 9.998932952511109251e-01 3.961425302401092097e+01
9.998877908157042249e-01 2.225648141760132759e-04 -1.497852604877894858e-02 4.384298384491120415e-01 -2.178727601742695642e-04 9.999999266900380102e-01 3.148831196651386520e-04 -5.380665508971232969e-03 1.497859503260678959e-02 -3.115843740735428158e-04 9.998877660047786886e-01 4.012928193178579761e+01
9.998820324482047273e-01 2.787219986860480880e-04 -1.535719705202793876e-02 4.325535101803504867e-01 -2.756264736407107517e-04 9.999999412713252989e-01 2.036845425680105495e-04 1.334108302205597868e-03 1.535725292148291433e-02 -1.994276643327292764e-04 9.998820505496197608e-01 4.065384975297931902e+01
9.998818343812849729e-01 3.110240160578566729e-04 -1.536946773242161765e-02 4.248175078207551136e-01 -3.081046618921129670e-04 9.999999340437043527e-01 1.923125173370933687e-04 3.042723827793804639e-03 1.536952653251993928e-02 -1.875543879503360951e-04 9.998818642607324447e-01 4.117494984551940007e+01
9.998811544788746009e-01 3.664198988751739901e-04 -1.541241883841064884e-02 4.209948421318418510e-01 -3.654983898894566198e-04 9.999999312456577805e-01 6.260676208528310679e-05 8.965267725911696059e-03 1.541244071910336140e-02 -5.696610728227609029e-05 9.998812196585866729e-01 4.169827850243041212e+01
9.998794029902685621e-01 2.347113007521820795e-04 -1.552818039659937567e-02 4.185217452759408818e-01 -2.299087689646424175e-04 9.999999251909180709e-01 3.110628815278755686e-04 -4.609874937420363472e-03 1.552825224492399535e-02 -3.074553034352818276e-04 9.998793821523945802e-01 4.221918409540322159e+01
9.998711553060274371e-01 2.339868867860259779e-04 -1.605048401534217919e-02 4.203361558425202649e-01 -2.294438032342332957e-04 9.999999330964680633e-01 2.848905060734812354e-04 -2.408272413070122742e-03 1.605054960215069812e-02 -2.811711153471800856e-04 9.998711420979569109e-01 4.273793051552444666e+01
9.998705585685191410e-01 3.520027828013950707e-04 -1.608546554869900308e-02 4.035153675861685163e-01 -3.503449521389974115e-04 9.999999330237391293e-01 1.058816876345980505e-04 7.897414925529519514e-03 1.608550174200336358e-02 -1.002325204995905704e-04 9.998706149233258511e-01 4.324635740121291860e+01
9.998622049928161948e-01 2.832985858145706509e-04 -1.659791459234515390e-02 3.963932156202629731e-01 -2.803494415919427496e-04 9.999999445006337861e-01 1.800081110449852748e-04 4.177628742982233967e-03 1.659796466721471034e-02 -1.753300907384759948e-04 9.998622289236978045e-01 4.375707419665874909e+01
9.998610794329912954e-01 3.350341775275947342e-04 -1.666462082356835045e-02 3.916518791473947991e-01 -3.312964332365863837e-04 9.999999193449508050e-01 2.270523402376040079e-04 1.879456401208124284e-03 1.666469554977660639e-02 -2.214998685576692291e-04 9.998611097847748264e-01 4.426722612555793290e+01
9.998541065639386938e-01 2.663583248154915745e-04 -1.707907024608567789e-02 3.868022640735387929e-01 -2.633107205293644154e-04 9.999999490094112486e-01 1.806893446577666998e-04 5.079656361659435140e-03 1.707911750332498715e-02 -1.761658809759464545e-04 9.998541257157915751e-01 4.476848168763417846e+01
9.998509083899171923e-01 2.163162989556486552e-04 -1.726598387339451854e-02 3.792122374613309255e-01 -2.124990109825289862e-04 9.999999525750798979e-01 2.229215295373816654e-04 5.795694427296778362e-04 1.726603127611684232e-02 -2.192192893108841582e-04 9.998509069390673076e-01 4.526574319815013325e+01
9.998488903426252516e-01 3.102786369954184213e-04 -1.738103011298248318e-02 3.558242639600818769e-01 -3.070263593499995836e-04 9.999999348583054060e-01 1.897846134473472792e-04 5.837615025144106407e-03 1.738108786686391044e-02 -1.844195007620925292e-04 9.998489204744945846e-01 4.576088821636102466e+01
9.998423004020092764e-01 1.963241220376923154e-04 -1.775769646258830783e-02 3.480903653082667581e-01 -1.908422927477112314e-04 9.999999336168728936e-01 3.103956654417601110e-04 -4.044556409861420343e-03 1.775775622193339134e-02 -3.069577966632635788e-04 9.998422714962963420e-01 4.625376505270884309e+01
9.998376011659808604e-01 2.496958835815695377e-04 -1.801968220093375095e-02 3.439710674869264073e-01 -2.444470522632001281e-04 9.999999270560192555e-01 2.934852547261145635e-04 -2.563909391613067995e-03 1.801975416856639589e-02 -2.890327348662073215e-04 9.998375892712688673e-01 4.674817640467525592e+01
9.998280838255522163e-01 2.366977499163954617e-04 -1.854040905427087327e-02 3.462992600494235740e-01 -2.304876174319404317e-04 9.999999166237859560e-01 3.370873469212702146e-04 -5.624046531498590532e-03 1.854048729625829700e-02 -3.327560614450003162e-04 9.998280550195722816e-01 4.723467248159429488e+01
9.998215304159068229e-01 1.921367619462795672e-04 -1.889101374354164656e-02 3.359322769134043263e-01 -1.874828383069404309e-04 9.999999516415379874e-01 2.481271992976328178e-04 -9.861789722121275248e-05 1.889106050435790038e-02 -2.445411752644373782e-04 9.998215180884207909e-01 4.772665605096671015e+01
9.998127376866103866e-01 3.552167545304480995e-04 -1.934847230823354830e-02 3.243313270499879608e-01 -3.491286570665296397e-04 9.999998884823559919e-01 3.180321625887347868e-04 -3.715068466836522754e-03 1.934858312089013377e-02 -3.112175009969736419e-04 9.998127502061978644e-01 4.820415716406208873e+01
9.998094316677319515e-01 2.664341176951659680e-04 -1.951997338901273818e-02 3.254932571818300313e-01 -2.610211102052128552e-04 9.999999267750329102e-01 2.798533701412215927e-04 -5.969581545658911997e-04 1.952004652214909056e-02 -2.747049138260179127e-04 9.998094280016484037e-01 4.868510823073488325e+01
9.998120733142493721e-01 3.472238348100582859e-04 -1.938291749635874528e-02 3.181357514567312861e-01 -3.420463823009636567e-04 9.999999049362633396e-01 2.704288012721989482e-04 -3.747651109034947151e-04 1.938300955307160206e-02 -2.637481236757768235e-04 9.998120970350342640e-01 4.914875641849121024e+01
9.998202398942558355e-01 5.035000882395602312e-04 -1.895347950783080049e-02 3.034991508025324247e-01 -5.009933711104617299e-04 9.999998651177254283e-01 1.370042812538195553e-04 8.352410877361757247e-03 1.895354593301007418e-02 -1.274840857568327885e-04 9.998203572864342581e-01 4.961236587801411702e+01
9.998175357514978989e-01 4.512790573374484424e-04 -1.909689898948335046e-02 3.036785141429345636e-01 -4.476681021928618359e-04 9.999998811024969347e-01 1.933604463484882860e-04 4.728864020124876749e-03 1.909698397842969630e-02 -1.847760924515645187e-04 9.998176188989286173e-01 5.008201507821618037e+01
9.998188587773495506e-01 3.451907977087119591e-04 -1.902972612707863609e-02 2.894759719227816275e-01 -3.373402562444861798e-04 9.999998566769618957e-01 4.157494524127384366e-04 -9.404299501832757285e-03 1.902986691256559892e-02 -4.092546503606410554e-04 9.998188319270252533e-01 5.054082639564716573e+01
9.998260280662136790e-01 4.209802589937529827e-04 -1.864769092837844852e-02 2.791191385884846388e-01 -4.154340192126040085e-04 9.999998683179056602e-01 3.012951162076323106e-04 -2.415112997736792999e-03 1.864781531210750812e-02 -2.934958141222145838e-04 9.998260712965493235e-01 5.099606760994672072e+01
9.998255782174428896e-01 4.337110816677717021e-04 -1.867150333673515267e-02 2.729006677615965493e-01 -4.296870173597017238e-04 9.999998835877520476e-01 2.195302927875676083e-04 3.338459807166777212e-03 1.867159637586422033e-02 -2.114690993441908776e-04 9.998256481855207767e-01 5.144786123580291815e+01
9.998195777894706149e-01 4.267188665662256537e-04 -1.899025486647626382e-02 2.630120460810413952e-01 -4.221678588652599297e-04 9.999998812025583383e-01 2.436578918345789937e-04 2.303195901067908724e-03 1.899035658390200304e-02 -2.355968553028354182e-04 9.998196391604527999e-01 5.189323835191602541e+01
9.998198937415948562e-01 4.428201909181381430e-04 -1.897324402479590166e-02 2.553791880449277074e-01 -4.375791670111023822e-04 9.999998649549172169e-01 2.803829880604724427e-04 8.748592681482336188e-04 1.897336562180089448e-02 -2.720301930137039061e-04 9.998199524897247725e-01 5.232768217676515832e+01
9.998250744839878301e-01 2.834334857870089621e-04 -1.870133948537417573e-02 2.392392695242998857e-01 -2.783316313012021122e-04 9.999999233406479116e-01 2.754091527099094476e-04 1.149152345643368600e-04 1.870141611191777908e-02 -2.701558022952754126e-04 9.998250767265498551e-01 5.276202707646649515e+01
9.998298944686683232e-01 2.861571257284525427e-04 -1.844180687652033357e-02 2.344247567980444480e-01 -2.814857322082317558e-04 9.999999276405292514e-01 2.558998218385311182e-04 4.399330577585661498e-03 1.844187876963843814e-02 -2.506651863514894286e-04 9.998299026706544135e-01 5.319522277974630242e+01
9.998268525069947676e-01 2.607029666964499112e-04 -1.860637094973980124e-02 2.369244974247241564e-01 -2.559114838231170376e-04 9.999999334809261953e-01 2.598989333562570802e-04 1.232298423986422087e-03 1.860643746848420974e-02 -2.550923485092004513e-04 9.998268527163216568e-01 5.363019744122804866e+01
9.998384426899356026e-01 1.427738051929353406e-04 -1.797409622220294198e-02 2.248873565662139473e-01 -1.397195352676823456e-04 9.999999755876115559e-01 1.711818560470357883e-04 5.113857133099724249e-03 1.797412022369728954e-02 -1.686428679958181681e-04 9.998384382297808015e-01 5.405957879311935699e+01
9.998658759247250893e-01 1.511165333612737068e-04 -1.637703651689135717e-02 2.140502994042571827e-01 -1.454619702332352472e-04 9.999999294015666784e-01 3.464645392859022795e-04 -4.199989243489826718e-03 1.637708771721834225e-02 -3.440358340516263972e-04 9.998658273174693134e-01 5.449013443978775229e+01
9.998809748142450937e-01 2.658133000486064554e-04 -1.542613197805759243e-02 2.121399398098687827e-01 -2.632015395062334328e-04 9.999999506842023322e-01 1.713375102370673895e-04 7.073974027047125190e-03 1.542617676109460725e-02 -1.672569350728335478e-04 9.998809954667871036e-01 5.493158173465996441e+01
9.998936477027291492e-01 3.269128102379351250e-04 -1.458034333426797696e-02 2.063726014725192903e-01 -3.231061644510335533e-04 9.999999131020604892e-01 2.634355291672925729e-04 2.315513433801499876e-03 1.458042818771533924e-02 -2.586965133824683637e-04 9.998936664415756237e-01 5.536899960695134126e+01
9.999150405595923496e-01 2.182313281878034221e-04 -1.303318985498659772e-02 1.931748042153274003e-01 -2.154923176024112924e-04 9.999999544025974796e-01 2.115605444258214149e-04 5.330157354652170776e-03 1.303323542984559553e-02 -2.087340180727513550e-04 9.999150419932385514e-01 5.580117935998478629e+01
9.999370990566048834e-01 1.436797126633264550e-04 -1.121504732053310062e-02 1.927100405547909623e-01 -1.415142716283972386e-04 9.999999711927345381e-01 1.938768705075366041e-04 6.019603150569568205e-03 1.121507485363130129e-02 -1.922775862166359187e-04 9.999370905838813606e-01 5.624172045395453523e+01
9.999562039260551094e-01 3.180488155052169866e-04 -9.353559469238931570e-03 1.907021827663512581e-01 -3.163639343296236047e-04 9.999999334655298444e-01 1.816116654020256136e-04 8.844476608092642633e-03 9.353616608279871278e-03 -1.786445826504238859e-04 9.999562380136735040e-01 5.668967588456611395e+01
9.999684827899909534e-01 2.401410546897322115e-04 -7.935726744127742649e-03 1.855794027761600851e-01 -2.386027903669283483e-04 9.999999525634483133e-01 1.947865741139461501e-04 6.595899233848630250e-03 7.935773143937577268e-03 -1.928869484398445069e-04 9.999684926532600437e-01 5.713741384556556113e+01
9.999818198620212817e-01 2.613863818321407830e-04 -6.024252866491857338e-03 1.726710466928393639e-01 -2.609512709124602058e-04 9.999999632868076249e-01 7.301244871533721034e-05 1.175277985793913606e-02 6.024271729782101382e-03 -7.143908489713630950e-05 9.999818513586048452e-01 5.757635288618534730e+01
9.999870582624490467e-01 3.816168755788533040e-05 -5.087420888706512510e-03 1.751339696617839614e-01 -3.724177315131443249e-05 9.999999829412293817e-01 1.809159786399126499e-04 5.627648028686867837e-03 5.087427705980417623e-03 -1.807241726981358750e-04 9.999870426251081801e-01 5.803041800293090802e+01
9.999940073587940681e-01 2.568099262806182209e-04 -3.452433223367815975e-03 1.786993213480943532e-01 -2.562986489710474924e-04 9.999999561244018453e-01 1.485334877023778951e-04 8.779456352255179605e-03 3.452471216764270087e-03 -1.476477436236670829e-04 9.999940293034960126e-01 5.848396904848787159e+01
9.999976553051361794e-01 1.068599977219262235e-04 -2.162860414126070632e-03 1.833291985228210075e-01 -1.065129385007090851e-04 9.999999814349107563e-01 1.605776199995392753e-04 9.013475178672368526e-03 2.162877533296481743e-03 -1.603468708757429791e-04 9.999976481220628211e-01 5.894025390477153081e+01
9.999990310320621134e-01 2.109601744613683386e-04 -1.376019891488559216e-03 1.850349777141731267e-01 -2.105398959598604053e-04 9.999999311504975674e-01 3.055682450628573622e-04 1.236857256846413122e-03 1.376084259480562545e-03 -3.052782418922323458e-04 9.999990065981595455e-01 5.940147698897293793e+01
9.999999381072145477e-01 3.496822723828098604e-04 -3.883137166895152368e-05 1.892766664115476116e-01 -3.496707780208302744e-04 9.999998951694494265e-01 2.956204274935412364e-04 1.393904089711160005e-03 3.893474082108617444e-05 -2.956068310008264349e-04 9.999999555503427118e-01 5.986668480641077394e+01
9.999985250854036556e-01 3.773591013541489404e-04 1.675537861692532595e-03 1.914950802442592082e-01 -3.778255170014380615e-04 9.999998899652761120e-01 2.780599114920100047e-04 3.062182830474650518e-03 -1.675432748886863466e-03 -2.786925623362373431e-04 9.999985576267396148e-01 6.034682775066699634e+01
9.999946359725075951e-01 4.410045404903572175e-04 3.245541743270350440e-03 1.815996337746791645e-01 -4.423878371192460786e-04 9.999998116175935481e-01 4.255088472451193371e-04 -4.642492440272184828e-03 -3.245353480533732463e-03 -4.269423529960500669e-04 9.999946426861563431e-01 6.080752268661129989e+01
9.999893110170718913e-01 6.358478368581230947e-04 4.579688759105018589e-03 1.870317348662181023e-01 -6.377703847824445823e-04 9.999997091157929452e-01 4.183506492338137954e-04 -2.938881899552981541e-03 -4.579421419590522235e-03 -4.212669673529443855e-04 9.999894256608936605e-01 6.126927664721209510e+01
9.999854642807475269e-01 3.940802777110812309e-04 5.377353247887056015e-03 1.927882278820129136e-01 -3.954062404375944780e-04 9.999998916864490939e-01 2.455218833102597981e-04 5.221577339676573143e-03 -5.377255910114871543e-03 -2.476445535043455908e-04 9.999855117905720459e-01 6.173183376205102491e+01
9.999801330166994129e-01 6.818875952871572945e-04 6.266466405516851919e-03 1.940141472548730095e-01 -6.838367228170686265e-04 9.999997184729265687e-01 3.089035513337623018e-04 1.971147081477907237e-03 -6.266254003837109197e-03 -3.131826542024583300e-04 9.999803177949976307e-01 6.220789995874702782e+01
9.999764424654772332e-01 4.537233943590026535e-04 6.848988915855483764e-03 2.040079920853429818e-01 -4.562522887486751251e-04 9.999998283232702789e-01 3.676782274458107467e-04 -5.589366956272312763e-04 -6.848820915830076961e-03 -3.707944327217477850e-04 9.999764778051289937e-01 6.268375398882297134e+01
9.999744182755080368e-01 5.388307904434992994e-04 7.132492968003533058e-03 2.110039454850074769e-01 -5.409875769197958336e-04 9.999998085271945003e-01 3.004630025163716593e-04 3.962857288790198537e-03 -7.132329703607950301e-03 -3.043139062427789652e-04 9.999745183083644795e-01 6.316239631512399200e+01
9.999658032358340609e-01 6.131185295145327599e-04 8.247208290205077647e-03 2.013511196236988099e-01 -6.153261265367727289e-04 9.999997755363542185e-01 2.651433558702699037e-04 5.703476359726098593e-03 -8.247043874702174315e-03 -2.702090115574128917e-04 9.999659560477140996e-01 6.364684198476150101e+01
9.999572009346976431e-01 5.408577559182130637e-04 9.236004099862960698e-03 2.086725416723829163e-01 -5.442066955780430672e-04 9.999997870882573192e-01 3.600868125366716481e-04 2.712522932693407079e-04 -9.235807377663867584e-03 -3.650976964291990229e-04 9.999572823704794278e-01 6.413363327885237197e+01
9.999456550298818636e-01 4.146181847677196859e-04 1.041705709984319661e-02 1.950354751697160327e-01 -4.194395713499145576e-04 9.999998059335492018e-01 4.606553049205535690e-04 -5.624250328161461455e-03 -1.041686408217556634e-02 -4.649995965864587395e-04 9.999456348812512108e-01 6.462415009219350281e+01
9.999366529755963073e-01 5.500560317843828989e-04 1.124221838979214821e-02 2.029088848663516964e-01 -5.556185919305078836e-04 9.999997247719295546e-01 4.916747354331795199e-04 -6.407144178804398404e-03 -1.124194484696417265e-02 -4.978899748536269165e-04 9.999366833863185811e-01 6.510693931559464431e+01
9.999224870320225778e-01 6.064165874739502670e-04 1.243592323139500883e-02 2.107028644116346605e-01 -6.133640078177128715e-04 9.999996579624377269e-01 5.548509722943423305e-04 -8.304360855019442614e-03 -1.243558250700896664e-02 -5.624357118628164334e-04 9.999225169750811659e-01 6.560000931356078979e+01
9.999092947385466168e-01 5.284529239012408872e-04 1.345819575461366588e-02 2.182205435076216560e-01 -5.326890250432168850e-04 9.999998097055505797e-01 3.111772248452091753e-04 4.518165088105079857e-03 -1.345802875107939348e-02 -3.183180326090372125e-04 9.999093859624307301e-01 6.609004524705594008e+01
9.998975358898753996e-01 4.229672939155656097e-04 1.430869735593116344e-02 2.239883497522020539e-01 -4.266767362549176747e-04 9.999998761562697291e-01 2.561921311158896057e-04 6.036758365363902035e-03 -1.430858722299628745e-02 -2.622710689050420014e-04 9.998975925291391231e-01 6.659085968473202399e+01
9.998967295684336731e-01 6.383382588621594770e-04 1.435697470283681630e-02 2.389864427050953921e-01 -6.473333100003778430e-04 9.999995971061719224e-01 6.218899256476303041e-04 -1.200232362531576669e-02 -1.435657194236797558e-02 -6.311194507626010459e-04 9.998967399338306583e-01 6.708287200368984315e+01
9.998931456684304608e-01 5.219335179242940879e-04 1.460906672904573392e-02 2.511321474035196899e-01 -5.277695888763995558e-04 9.999997824679243141e-01 3.956303390177182003e-04 8.955408193964398134e-04 -1.460885705837048146e-02 -4.032982853437502152e-04 9.998932036202372586e-01 6.758652160967682221e+01
9.998850415264748381e-01 6.839812945863418207e-04 1.514714168377219276e-02 2.467487865827497073e-01 -6.927111984035192425e-04 9.999995969973902721e-01 5.711009127702020363e-04 -8.274909244124946384e-03 -1.514674495709291031e-02 -5.815278545491949468e-04 9.998851123716959721e-01 6.810042233795037703e+01
9.998898034881041896e-01 6.610295510502382527e-04 1.483050641256047561e-02 2.738054783732445374e-01 -6.696343647910041590e-04 9.999996103373439693e-01 5.752520993366501802e-04 -7.562916897010964895e-03 -1.483012037502898922e-02 -5.851197253029463306e-04 9.998898565164910934e-01 6.861000378670790667e+01
9.998894725235314418e-01 8.642483409614404744e-04 1.484236542533576980e-02 2.709726918307949206e-01 -8.722295053725757918e-04 9.999994784871556464e-01 5.312636884788969659e-04 -4.816432368646909705e-03 -1.484189854109017881e-02 -5.441509182975695766e-04 9.998897048912315233e-01 6.911838616902920762e+01
9.998882480196683575e-01 7.357774214342106215e-04 1.493151377939249541e-02 2.835222693761680346e-01 -7.458740297622843199e-04 9.999994969588488214e-01 6.706369965188036268e-04 -1.311102528872522439e-02 -1.493101282866659760e-02 -6.816990798594455741e-04 9.998882938320033942e-01 6.963988041940518769e+01
9.998834107473986155e-01 7.512824055867636450e-04 1.525124542114516396e-02 2.930418943099600826e-01 -7.610492056317472772e-04 9.999995090434198319e-01 6.345998944143943412e-04 -1.125079307464739095e-02 -1.525076116971060824e-02 -6.461328550996610007e-04 9.998834916109365922e-01 7.015713744537767127e+01
9.998833641519508930e-01 7.614839020242615726e-04 1.525379409996298688e-02 3.009252032749946126e-01 -7.716202898915170295e-04 9.999994853966485131e-01 6.586414551488251621e-04 -1.251132922325158894e-02 -1.525328470544411869e-02 -6.703347709695026179e-04 9.998834371850497948e-01 7.068274506910267974e+01
9.998844791380040453e-01 7.869402448710945087e-04 1.517923265429924756e-02 3.135749965670551198e-01 -8.010794479177521564e-04 9.999992509292685572e-01 9.254256425296349771e-04 -2.890979899899384642e-02 -1.517849302929859950e-02 -9.374785078762180217e-04 9.998843605554628144e-01 7.123183508577005796e+01
9.998843450156779111e-01 9.287330411023691753e-04 1.518005426561634501e-02 3.206562267384340803e-01 -9.432260250811411824e-04 9.999991061824436978e-01 9.476069751679669188e-04 -2.799161878670100578e-02 -1.517916062350951716e-02 -9.618156019435837156e-04 9.998843273066707615e-01 7.177502911062232727e+01
9.998835583336245225e-01 8.983674076212962677e-04 1.523360463220080167e-02 3.260178119450239387e-01 -9.081840199815025948e-04 9.999993843979139152e-01 6.374994737533318419e-04 -1.114955737596581842e-02 -1.523302254561241693e-02 -6.512601585459754702e-04 9.998837586861438753e-01 7.231156001073992456e+01
9.998836031263230728e-01 1.095787449035978949e-03 1.521773468648389763e-02 3.359748967819948251e-01 -1.109146367277226083e-03 9.999990069338314802e-01 8.694398695780090544e-04 -2.158291621482904404e-02 -1.521676685296964246e-02 -8.862173646410423117e-04 9.998838255644127981e-01 7.286241013533583555e+01
9.998859415606233814e-01 9.394679703392323951e-04 1.507386046632696111e-02 3.427747285980008440e-01 -9.520369610158988753e-04 9.999992051185837560e-01 8.266727438622278662e-04 -2.040440111526075490e-02 -1.507307185183059603e-02 -8.409293271683272860e-04 9.998860411781015367e-01 7.341577329186415568e+01
9.998846299200342402e-01 8.668762785978162974e-04 1.516493901055556044e-02 3.548557267629344203e-01 -8.791814524391465156e-04 9.999992896886226168e-01 8.047746417210385750e-04 -1.901428188962633881e-02 -1.516423059868031963e-02 -8.180145279117201351e-04 9.998846818321511787e-01 7.396266738297107679e+01
9.998860219229405155e-01 7.741321550588160143e-04 1.507792699688507987e-02 3.666817163090669296e-01 -7.837820391975485390e-04 9.999994918000586486e-01 6.341019945886524093e-04 -1.018172312571549720e-02 -1.507742845553986660e-02 -6.458475292311398807e-04 9.998861205318019252e-01 7.451881881436273147e+01
9.998861064825945721e-01 8.309907338035054649e-04 1.506929054328619982e-02 3.755112143194676011e-01 -8.404973614026287976e-04 9.999994517576130670e-01 6.245387568560520093e-04 -7.910051504367252365e-03 -1.506876329574253354e-02 -6.371333248801193481e-04 9.998862567481678898e-01 7.508135217321886046e+01
9.998898533456518356e-01 5.405379660546731115e-04 1.483202599506155267e-02 3.783568906252730013e-01 -5.467509089661366610e-04 9.999997644875455727e-01 4.148352648215991741e-04 1.934618588390342453e-03 -1.483179826772441229e-02 -4.228989957996826779e-04 9.998899133987625421e-01 7.563781180601102960e+01
9.998900146495912633e-01 7.371077931046949574e-04 1.481267282233258639e-02 3.867262143180879019e-01 -7.476991367280188790e-04 9.999994687821472938e-01 7.094937802679866746e-04 -1.212169505482894177e-02 -1.481214198018174222e-02 -7.204911690278436665e-04 9.998900346250253479e-01 7.619437538654717912e+01
9.998875361607238998e-01 8.377745644013131262e-04 1.497374917034491326e-02 3.956863009831465550e-01 -8.482937855832091249e-04 9.999993978700655317e-01 6.961732253218049600e-04 -1.051640488641231164e-02 -1.497315691798171630e-02 -7.087970693761693570e-04 9.998876447774639464e-01 7.675555904203105229e+01
9.998900710629445854e-01 7.815058294238071352e-04 1.480658766827040729e-02 4.121693810049789630e-01 -7.942037620873838117e-04 9.999993219013187939e-01 8.517260633455935514e-04 -1.673898694316429403e-02 -1.480591199905926039e-02 -8.633918816346046509e-04 9.998900137136758071e-01 7.731886606944094353e+01
9.998944154921662886e-01 9.028099827481563672e-04 1.450319970607148040e-02 4.339770011191046439e-01 -9.147155992291170368e-04 9.999992501187381366e-01 8.142833253515432967e-04 -1.541125063943495077e-02 -1.450245368727887119e-02 -8.274636526572776846e-04 9.998944915044546411e-01 7.789128679697589064e+01
9.998941306429999232e-01 8.356676369337160629e-04 1.452684292198045714e-02 4.433093752785086106e-01 -8.493569867997023942e-04 9.999992010565428302e-01 9.362045636593883122e-04 -2.130976099962810996e-02 -1.452604895999894986e-02 -9.484439238161391323e-04 9.998940415642725288e-01 7.846390260251767756e+01
9.998958677931055750e-01 7.570240363432057017e-04 1.441112365087195667e-02 4.458286370727065351e-01 -7.677040731329103388e-04 9.999994347767319214e-01 7.355791411369946549e-04 -1.220323863507494222e-02 -1.441055865427907749e-02 -7.465660219828788901e-04 9.998958837991315241e-01 7.903848651663507496e+01
9.998980678229415497e-01 7.387098974701875129e-04 1.425862095840747801e-02 4.618847182884130431e-01 -7.466101164844086892e-04 9.999995707227440356e-01 5.487510015039862715e-04 -3.206214641550166923e-03 -1.425820946970974071e-02 -5.593406967744035500e-04 9.998981901177252940e-01 7.961097364047581948e+01
9.999010870504574378e-01 4.857727934556158641e-04 1.405632029041003865e-02 4.639021124670201779e-01 -4.964876518373574112e-04 9.999995888604882310e-01 7.588009396280526783e-04 -1.031056548207763546e-02 -1.405594590644925791e-02 -7.657046738434578927e-04 9.999009171318062883e-01 8.018781177534101801e+01
9.999086811088513382e-01 5.875018138365511403e-04 1.350126974680986025e-02 4.804710136837853640e-01 -5.991762272979802260e-04 9.999994501248343770e-01 8.606613024787829929e-04 -1.557208262689736833e-02 -1.350075668272061533e-02 -8.686723477136119387e-04 9.999084833010200013e-01 8.077152546479990747e+01
9.999069086501573000e-01 7.317744831352025574e-04 1.362492347838751422e-02 4.829722536971904345e-01 -7.436547614610934578e-04 9.999993477255847418e-01 8.669059930383177627e-04 -1.554510675256733782e-02 -1.362428021151353835e-02 -8.769575308084849889e-04 9.999068006240418027e-01 8.134580440237601806e+01
9.999074535494920646e-01 8.352526142411365560e-04 1.357890603991019317e-02 4.926956096793393969e-01 -8.494934151263462685e-04 9.999990952448072346e-01 1.043010308961803655e-03 -2.111367566024538803e-02 -1.357802257723719937e-02 -1.054448973325388967e-03 9.999072584196270208e-01 8.193307590387139783e+01
9.999086955812582778e-01 1.046033098104632523e-03 1.347242798252249081e-02 4.962202261802922121e-01 -1.059833724226894210e-03 9.999989209647969224e-01 1.017261873243926812e-03 -2.040632404695817345e-02 -1.347134935570957516e-02 -1.031447526262977430e-03 9.999087252657299363e-01 8.251797605636650701e+01
9.999125137767160831e-01 9.792681755590197309e-04 1.319112681195258596e-02 5.080951609060740948e-01 -9.913947415794779894e-04 9.999990919754997432e-01 9.127894841644172219e-04 -1.191298284582128358e-02 -1.319022096839342698e-02 -9.257872414166723159e-04 9.999125766729752840e-01 8.311076682454115883e+01
9.999132954831083664e-01 9.632544212331943523e-04 1.313292263854601120e-02 5.130408898186482602e-01 -9.774481975145688385e-04 9.999989451267269347e-01 1.074402370844135474e-03 -1.821446815724515195e-02 -1.313187386214302414e-02 -1.087145966866769455e-03 9.999131822325953989e-01 8.371231695910944381e+01
9.999158931058904631e-01 9.378887555647878217e-04 1.293549685677656928e-02 5.218163300011505745e-01 -9.519885565519572643e-04 9.999989594451940134e-01 1.083894052647616695e-03 -1.935563568674786294e-02 -1.293446682463894430e-02 -1.096117334666269925e-03 9.999157454979649140e-01 8.431564336703721096e+01
9.999164167191860741e-01 9.217030208768347199e-04 1.289612496078633951e-02 5.226064996762789239e-01 -9.349927337974943886e-04 9.999990380643314358e-01 1.024528671955244078e-03 -1.691267180919711621e-02 -1.289516824437183552e-02 -1.036500821620034039e-03 9.999163166495464994e-01 8.490836122429843158e+01
9.999178814544488203e-01 8.157020277490902070e-04 1.278925243510358606e-02 5.353827295395252595e-01 -8.263910778365384261e-04 9.999993136557553397e-01 8.305214054042560357e-04 -8.378375414524720510e-03 -1.278856619927930607e-02 -8.410221282989639811e-04 9.999178692554435699e-01 8.550631290843817567e+01
9.999191589462392837e-01 8.024364360752757287e-04 1.268982537355849843e-02 5.381792629611347190e-01 -8.150247570080560887e-04 9.999991809199059167e-01 9.868607615663835177e-04 -1.660161505061422821e-02 -1.268902308654272504e-02 -9.971235045440624955e-04 9.999189939379219405e-01 8.610775274897845577e+01
9.999195103808303786e-01 9.454597518457437053e-04 1.265222769389323827e-02 5.496103858431602429e-01 -9.596619338907421901e-04 9.999989162596910619e-01 1.116480369782595159e-03 -1.941666947649215921e-02 -1.265115839491073348e-02 -1.128532365999568559e-03 9.999193340494850757e-01 8.671127391927845451e+01
9.999194447735575420e-01 1.041862621566751364e-03 1.264984134359491141e-02 5.644382658587420165e-01 -1.057303544126475536e-03 9.999987041371544150e-01 1.214015332464711073e-03 -2.133640208587847184e-02 -1.264856011393860821e-02 -1.227292259269920473e-03 9.999192505801428599e-01 8.730671385779237426e+01
9.999150739227241624e-01 1.008374063155306538e-03 1.299338769766069691e-02 5.569479333262765675e-01 -1.024463749942227655e-03 9.999987166917034820e-01 1.231701656759602408e-03 -2.247878377977539921e-02 -1.299212900713424095e-02 -1.244908307854718579e-03 9.999148237660880900e-01 8.791499858317048677e+01
9.999066367406937994e-01 8.705070053083822793e-04 1.363671586079173367e-02 5.525063973320896160e-01 -8.887162153054058893e-04 9.999987215655363748e-01 1.329304623325075268e-03 -2.844452926920434943e-02 -1.363554125815741314e-02 -1.341299685621828849e-03 9.999061320592800284e-01 8.851958430846129033e+01
9.999075001328735501e-01 8.152034276534192089e-04 1.357669405264240979e-02 5.778221892158266204e-01 -8.296543115345301426e-04 9.999990953174959785e-01 1.058790778673655278e-03 -1.621776548267339635e-02 -1.357581864017289551e-02 -1.069956803424473380e-03 9.999072718710910745e-01 8.912039067099000533e+01
9.999063001677831464e-01 6.383185883041969395e-04 1.367418861047581952e-02 6.089987743181203284e-01 -6.460924113869785396e-04 9.999996321815660671e-01 5.640933687043294320e-04 1.629420775596794602e-03 -1.367382350957439471e-02 -5.728753027434298596e-04 9.999063447966096696e-01 8.971988748001412262e+01
9.998938195891038383e-01 5.654953533670337195e-04 1.456124179175732024e-02 6.154563501753984589e-01 -5.786527957849987988e-04 9.999994281236264104e-01 8.993961096908488582e-04 -1.177702589463036631e-02 -1.456072486020630087e-02 -9.077265147152651769e-04 9.998935749989195099e-01 9.032446830018670880e+01
9.998579332738135594e-01 7.013727925784965598e-04 1.684106129743857469e-02 6.188244250642310762e-01 -7.183369595207375786e-04 9.999992407131241823e-01 1.001281772415640262e-03 -1.326924517587706881e-02 -1.684034623844888126e-02 -1.013237080359747234e-03 9.998576779168063533e-01 9.093335747833766902e+01
9.998292653718104939e-01 5.857398013138801016e-04 1.846881195287975591e-02 6.194500384032989304e-01 -6.015445450428215032e-04 9.999994576439490412e-01 8.502093672452676072e-04 -7.708623092275504463e-03 -1.846830393474199056e-02 -8.611740201487443590e-04 9.998290754569407746e-01 9.153976324881938353e+01
9.997943802005359037e-01 8.078976059856572906e-04 2.026190072240211665e-02 6.359078799602017051e-01 -8.301733990248944201e-04 9.999990602587427446e-01 1.091005847328046629e-03 -1.811801531286971745e-02 -2.026100026044588831e-02 -1.107602405917926507e-03 9.997941113476097597e-01 9.213695061286425414e+01
9.997548608277795346e-01 5.466579697197655133e-04 2.213412334589708041e-02 6.484470716539314505e-01 -5.649358517041029940e-04 9.999995046056954218e-01 8.195339207730689040e-04 -6.986238105239600538e-03 -2.213366437602919123e-02 -8.318373807302620803e-04 9.997546743816011494e-01 9.273490161036698964e+01
9.996940418452633370e-01 5.436701198671924562e-04 2.472907442428112085e-02 6.600655340796548476e-01 -5.638645242835679154e-04 9.999995132533707753e-01 8.096603113031581884e-04 -4.692487421777830070e-03 -2.472862219936900613e-02 -8.233564369145686748e-04 9.996938618038517799e-01 9.334199597275639348e+01
9.996239189885621768e-01 4.181110090461101427e-04 2.741980614688377046e-02 6.724978045906055968e-01 -4.370840403641780016e-04 9.999996692106472018e-01 6.859563673061206757e-04 -1.131622426693226421e-03 -2.741951027079494660e-02 -6.976831517983844580e-04 9.996237710732620574e-01 9.396019070698797293e+01
9.995473999404382859e-01 4.721419170192493048e-04 3.007943407578984873e-02 6.939089169434543569e-01 -4.909657366657008788e-04 9.999996882539661236e-01 6.184210669088367274e-04 2.947943480180954638e-03 -3.007913271613751882e-02 -6.329091410066271317e-04 9.995473201410047803e-01 9.456610876374556085e+01
9.994533422877892592e-01 2.136510413251061565e-04 3.306011105546614870e-02 7.130178574985095441e-01 -2.265764246128153475e-04 9.999998993617891241e-01 3.872202672813277900e-04 1.204046182397037860e-02 -3.306002499834238828e-02 -3.944992320961442566e-04 9.994532901128820868e-01 9.518758275732498930e+01
9.993511718530851962e-01 1.842074010198567057e-04 3.601668201679238124e-02 7.328001568232863638e-01 -2.046857919918134360e-04 9.999998194990628031e-01 5.648942983965463257e-04 5.373302104068139462e-03 -3.601657145803696669e-02 -5.718998821592394905e-04 9.993510291738998408e-01 9.579562543455323009e+01
9.992436838350416961e-01 1.447801725151215182e-05 3.888521706461558342e-02 7.650007011167087034e-01 -3.396610775841970686e-05 9.999998741684872350e-01 5.005090541220143805e-04 7.928481296599673017e-03 -3.888520492525118083e-02 -5.014512905067001645e-04 9.992435585904592132e-01 9.640274925340668233e+01
9.990896273340942324e-01 8.786914239420861553e-05 4.266038950167379967e-02 7.828590830431382264e-01 -1.137817141354768825e-04 9.999998105218735889e-01 6.049875523782379579e-04 4.958300647209153145e-03 -4.266032825872573958e-02 -6.092907604905270676e-04 9.990894480263651234e-01 9.700029475456180705e+01
9.989648034726992254e-01 7.488061250610163113e-04 4.548363125497511400e-02 8.179083562959592602e-01 -7.960198013195558722e-04 9.999991630440109303e-01 1.019933210307337077e-03 -6.432338867696237028e-03 -4.548282945494249579e-02 -1.055083250104825584e-03 9.989645634476269631e-01 9.761349063632330569e+01
9.987934029676066583e-01 3.078887186665630314e-04 4.910848595634991626e-02 8.534557661103141513e-01 -3.481016642013650439e-04 9.999996111122240183e-01 8.103089732665464924e-04 -1.077531123488698062e-03 -4.910821737366852929e-02 -8.264260025518961996e-04 9.987931217256368344e-01 9.822191704334403539e+01
9.985946631618839442e-01 5.700380835780251764e-04 5.299409175735456112e-02 8.691069491111235168e-01 -6.093132138721401572e-04 9.999995515782781341e-01 7.249694132334420435e-04 4.947619172511207031e-03 -5.299365473347771027e-02 -7.562405873754265463e-04 9.985945627020822446e-01 9.885181370669192802e+01
9.983564459754132869e-01 2.776468384348263862e-04 5.730907163420756456e-02 9.016280476425149182e-01 -3.187588051368810886e-04 9.999996983996548572e-01 7.082326055192100138e-04 2.942979061763781670e-03 -5.730885771122798400e-02 -7.253363581676892284e-04 9.983562333731390570e-01 9.945864764208162967e+01
9.980864644399728425e-01 6.204611400822768272e-04 6.183061159076886498e-02 9.335492857285598856e-01 -6.803279970531705967e-04 9.999993199905425900e-01 9.471917803937327136e-04 -3.401095879744932965e-03 -6.182998184967628680e-02 -9.874443913799042620e-04 9.980862078488224043e-01 1.000904108568015687e+02
9.977786027098364263e-01 4.892594247859751930e-04 6.661546817085105265e-02 9.687281209533363802e-01 -5.481058852753015360e-04 9.999994755893382159e-01 8.651017206110193794e-04 8.786276992021821441e-04 -6.661500997781909239e-02 -8.996923161479511389e-04 9.977783476300692289e-01 1.007070903559939126e+02
9.974645430982123084e-01 7.347447019943514944e-04 7.116140394973614891e-02 1.000401498898226160e+00 -7.940759667668140535e-04 9.999993603303635181e-01 8.054701874114577427e-04 4.679963355793913087e-03 -7.116076661499394496e-02 -8.599355131034715346e-04 9.974644884935401912e-01 1.013342229544976192e+02
9.971058512273106578e-01 6.836605541666449697e-04 7.602272065972655313e-02 1.057892911276743453e+00 -7.458630453186723555e-04 9.999994099362651268e-01 7.898198777557411190e-04 5.489062397666036666e-03 -7.602213583278073783e-02 -8.442365594705631381e-04 9.971057727884509170e-01 1.019603406393879936e+02
9.967038992024954691e-01 4.335488158430359949e-04 8.112428335563905135e-02 1.112084928354275970e+00 -5.019363910221949021e-04 9.999995356892902310e-01 8.226062626553096429e-04 4.492645366158294629e-04 -8.112388904879437590e-02 -8.606140995087306796e-04 9.967036540361285946e-01 1.025808087140432292e+02
9.960540373638175904e-01 6.711735376574758929e-04 8.874629106233705711e-02 1.155450346983952770e+00 -7.490990415858087221e-04 9.999993626087362308e-01 8.447678658133925093e-04 2.262821361236942198e-03 -8.874566751038945323e-02 -9.079142049577373138e-04 9.960539052631297574e-01 1.032045915061476364e+02
9.955040749369375996e-01 6.803597605079756685e-04 9.471628104264008530e-02 1.216522177121337478e+00 -7.653141353199159830e-04 9.999993368198379917e-01 8.606126646192876302e-04 1.857395646486283743e-03 -9.471563270245507427e-02 -9.292311232977030827e-04 9.955039354273257368e-01 1.038276242433660457e+02
9.947552049643124672e-01 4.352084963831220226e-04 1.022833944977056958e-01 1.279098552891793528e+00 -4.953195334237384811e-04 9.999997192421299363e-01 5.622937142562001427e-04 1.297242257505650670e-02 -1.022831210658357998e-01 -6.100075622146707358e-04 9.947551412462293241e-01 1.044638822092085206e+02
9.940245041204306409e-01 -3.365045559857530446e-04 1.091566396185576632e-01 1.338041110018211688e+00 3.071042669102553918e-04 9.999999119020784866e-01 2.861517157436914253e-04 2.128481577845410186e-02 -1.091567262934406563e-01 -2.509193475568892483e-04 9.940245198909229973e-01 1.050892210760890748e+02
9.930602635934001610e-01 -4.938792848642295280e-06 1.176066020570909060e-01 1.414782635195722005e+00 -7.774623914784243618e-05 9.999997530427553460e-01 6.984768791351262003e-04 7.676293326440472575e-03 -1.176065764629211224e-01 -7.027731047167197400e-04 9.930600179660010740e-01 1.057236970922675283e+02
9.919739179484315938e-01 6.473218434348458009e-04 1.264410023863673516e-01 1.491187513768388762e+00 -7.800867746634327238e-04 9.999991952303690645e-01 1.000501493385782745e-03 -3.554901916653568222e-03 -1.264402529840174538e-01 -1.091106340043944498e-03 9.919736246051567008e-01 1.063461509644136527e+02
9.908026216318426282e-01 3.969663627593221543e-04 1.353144758892210753e-01 1.575426768574550662e+00 -5.353381795566069992e-04 9.999993704021864493e-01 9.862090368172240096e-04 -2.324862245343416178e-03 -1.353139992037086237e-01 -1.049577504345712000e-03 9.908022103359283017e-01 1.069828256583065382e+02
9.897020898999177030e-01 6.911800189705351099e-04 1.431408240786553876e-01 1.673520000966957300e+00 -8.584572847656388823e-04 9.999990189495382431e-01 1.106865417005301012e-03 -5.673696863289619252e-03 -1.431399186070238805e-01 -1.218347299625768690e-03 9.897017123007477712e-01 1.076126772666619331e+02
9.881901104678072478e-01 8.505296984765839050e-04 1.532304870867896851e-01 1.759132128713932763e+00 -1.029185177850338575e-03 9.999988800270297462e-01 1.086610581555732613e-03 -3.001981812442502950e-04 -1.532293912782156375e-01 -1.231480376727559596e-03 9.881898790741530103e-01 1.082319431061108048e+02
9.867153054217367991e-01 7.365084985426408482e-04 1.624572670018805398e-01 1.847387926071749176e+00 -9.025610953718829921e-04 9.999991430271764070e-01 9.483292582103349834e-04 3.168024230162023308e-03 -1.624564293278596139e-01 -1.082358602511719614e-03 9.867151245774525847e-01 1.088624582896202497e+02
9.849607877249842991e-01 1.160748971219929641e-03 1.727741279995483603e-01 1.955964449528191818e+00 -1.368494949289633493e-03 9.999984768373780808e-01 1.083302588220765245e-03 3.202313551929139579e-04 -1.727726073940897555e-01 -1.303451092173741688e-03 9.849608759486327969e-01 1.094955232309854978e+02
9.834738156403922682e-01 8.114647935165333198e-04 1.810485997587846785e-01 2.096870938583073496e+00 -9.642733797481008867e-04 9.999992493172434882e-01 7.560038349911359047e-04 1.554653382568287057e-02 -1.810478503782269044e-01 -9.180903214255664883e-04 9.834738598374563878e-01 1.101259803271913569e+02
9.810666561782178663e-01 1.598402200668438316e-03 1.936637840322638915e-01 2.202634927345081373e+00 -1.903816487812145077e-03 9.999972203918752189e-01 1.390931811459640999e-03 -7.975620516741749322e-03 -1.936610224543679204e-01 -1.733297126373335804e-03 9.810669722618331479e-01 1.107618299000250630e+02
9.791637004597153471e-01 1.485219820757580252e-03 2.030670870035832520e-01 2.310767467819971444e+00 -1.798111870775533951e-03 9.999974635524668809e-01 1.356348897883304875e-03 -6.488277014255555697e-03 -2.030645574583043456e-01 -1.693224945670824752e-03 9.791638874537532677e-01 1.113815058779830309e+02
9.769264760083313792e-01 1.319956184619494989e-03 2.135718103814588098e-01 2.432360257571667628e+00 -1.605051841738593674e-03 9.999980373591327298e-01 1.161501815701975479e-03 -1.302206517800129359e-03 -2.135698580851906059e-01 -1.477495703287215250e-03 9.769266772506104424e-01 1.120218114089198025e+02
9.750420698414848930e-01 8.268756308330400210e-04 2.220186440727988653e-01 2.572765759626583826e+00 -1.093822493871393587e-03 9.999988192166402445e-01 1.079406168758081713e-03 -9.802228875541527803e-04 -2.220174893822216555e-01 -1.295315411931201180e-03 9.750418229831983030e-01 1.126570584214806132e+02
9.728330918677388084e-01 1.551798107811549901e-03 2.315024131400974516e-01 2.724373263074573615e+00 -1.952173315245426090e-03 9.999969689103319626e-01 1.500396446188927797e-03 -1.226911776202418980e-02 -2.314993831231587085e-01 -1.911568147120362325e-03 9.728331725022619780e-01 1.132794084875253589e+02
9.708304605839201962e-01 1.147460685126904315e-03 2.397642595058519233e-01 2.861841503604375614e+00 -1.462132281664216792e-03 9.999982874846103931e-01 1.134547062687750463e-03 9.657952987490170393e-04 -2.397625470577177953e-01 -1.452019911236105375e-03 9.708304757611253555e-01 1.139011244056044205e+02
9.685462136143339062e-01 6.399134779226851345e-04 2.488329210616591347e-01 3.018670830904855329e+00 -9.132955542321471044e-04 9.999990995901765212e-01 9.832141510062609308e-04 5.953825084920410377e-03 -2.488320678380656903e-01 -1.179546343681358179e-03 9.685459259559432432e-01 1.145300341833208790e+02
9.662169207297364171e-01 3.954019906145899549e-04 2.577299085337441675e-01 3.184636561601873250e+00 -6.424582278123790353e-04 9.999994113588592803e-01 8.743736960591993318e-04 8.775442390315938909e-03 -2.577294110942168204e-01 -1.010415360464233733e-03 9.662166060039681925e-01 1.151590498955428643e+02
9.641445515020933277e-01 5.145917962728060535e-04 2.653771260001706045e-01 3.370883684635916033e+00 -7.667338111731245671e-04 9.999993477494933947e-01 8.465340221704424802e-04 1.270813472766587141e-02 -2.653765172883426615e-01 -1.019654780353065632e-03 9.641443171932503331e-01 1.157780537130903866e+02
9.622776016616527706e-01 2.132596000587537563e-04 2.720694247074457728e-01 3.534053430140314145e+00 -4.831072405438731582e-04 9.999994556284776959e-01 9.248514164361030208e-04 9.468975809100894925e-03 -2.720690793671556307e-01 -1.021402511908288792e-03 9.622771808523867820e-01 1.163954793033950068e+02
9.601774185374266635e-01 5.669405661643312812e-04 2.793904141326216117e-01 3.704150098700488947e+00 -9.219712330298579419e-04 9.999989259551850251e-01 1.139323273634300793e-03 3.092566560743942317e-03 -2.793894681262141799e-01 -1.351542404372368771e-03 9.601769099667416540e-01 1.170347059573570476e+02
9.586863527457557543e-01 7.135277808871832994e-04 2.844643526650505461e-01 3.891946287497882295e+00 -1.085077186244038901e-03 9.999987517183388519e-01 1.148550940964794499e-03 3.739478809405505366e-03 -2.844631780504117691e-01 -1.409765891912769875e-03 9.586859302678796269e-01 1.176579448922519333e+02
9.568477403874906528e-01 8.335695562505352580e-04 2.905885525569584238e-01 4.074033065822022515e+00 -1.271950746860190220e-03 9.999983202409906680e-01 1.319718339171746350e-03 -2.222476549829890957e-03 -2.905869643611888598e-01 -1.632383837238262497e-03 9.568471933732977108e-01 1.182945401725991843e+02
9.558050095543475511e-01 8.320595077168887240e-04 2.940001554213690360e-01 4.268801545417490573e+00 -1.355620669396419677e-03 9.999978376093370258e-01 1.577044466935128252e-03 -1.136023174043955530e-02 -2.939982074833352721e-01 -1.905899689281528950e-03 9.558040706875861048e-01 1.189100856455460047e+02
9.547287125827970122e-01 6.083618699517361625e-04 2.974772516778892428e-01 4.449381709269104590e+00 -1.027276424463624115e-03 9.999986887346211661e-01 1.251891443350378313e-03 5.151444670694615979e-04 -2.974761000032487002e-01 -1.500808073466254090e-03 9.547280856358965062e-01 1.195365343030772749e+02
9.541562686250004699e-01 5.999798153679376063e-04 2.993082943518892147e-01 4.648690016980075335e+00 -9.917909935646699801e-04 9.999988386770320981e-01 1.157149606655273871e-03 6.497383267521222860e-03 -2.993072524918851673e-01 -1.400952821564490063e-03 9.541557555959879755e-01 1.201553054033999643e+02
9.534258866777557406e-01 4.096800189694156592e-04 3.016271055044910110e-01 4.852747980211795209e+00 -7.793927934877965813e-04 9.999990853366943488e-01 1.105383484662508190e-03 6.697739627332722524e-03 -3.016263767637186177e-01 -1.288987221334082691e-03 9.534253339157369167e-01 1.207869155843560236e+02
9.528256809453820031e-01 5.941568746272213233e-04 3.035174932496930156e-01 5.047227026573739117e+00 -1.044062008467861076e-03 9.999985837228984042e-01 1.320032847996490798e-03 1.723014884689420823e-03 -3.035162790782259812e-01 -1.574652280869933384e-03 9.528249518168081522e-01 1.214074033218643649e+02
9.523216566523412530e-01 4.955577354520018015e-04 3.050954222755091205e-01 5.257225689800970159e+00 -8.305616649507104390e-04 9.999991863423546290e-01 9.682365152413458225e-04 1.514819678821070770e-02 -3.050946942151913088e-01 -1.175473164119915153e-03 9.523212933798022028e-01 1.220387498625046874e+02
9.517516272676380673e-01 3.346824283560830178e-04 3.068692359639118017e-01 5.451229420872451215e+00 -6.758329124561715095e-04 9.999992661558254614e-01 1.005453969573349027e-03 1.496244422342019043e-02 -3.068686742619345376e-01 -1.164334781168831819e-03 9.517511550196511294e-01 1.226632861246700372e+02
9.512205160025188899e-01 3.092717839984175784e-04 3.085116436811832785e-01 5.652783755410649924e+00 -6.626044578530443374e-04 9.999992391402522385e-01 1.040516337692298180e-03 1.443014054789374181e-02 -3.085110871447478975e-01 -1.194181678051441271e-03 9.512199971819798039e-01 1.232904661626662772e+02
9.506872754744576381e-01 4.556963985773968993e-04 3.101507642933433173e-01 5.842971741133679231e+00 -9.012199924560386618e-04 9.999987577358072643e-01 1.293185743594419193e-03 8.940986156193014844e-03 -3.101497897040684792e-01 -1.508929300716870241e-03 9.506865051524017174e-01 1.239155459570194182e+02
9.505398504677510241e-01 4.100712299690206309e-04 3.106023575479295862e-01 6.080122806874536323e+00 -9.014627344064409442e-04 9.999985590212139286e-01 1.438513272169621247e-03 4.566434185568912091e-03 -3.106013200836145738e-01 -1.647360641172230817e-03 9.505388504239234981e-01 1.245362976282573442e+02
9.502491130224239857e-01 1.364364092855146658e-04 3.114909382072018063e-01 6.282256945182232322e+00 -6.169311787673066550e-04 9.999987670867845901e-01 1.444029373493503155e-03 3.750312426553631395e-03 -3.114903571477249389e-01 -1.564356103024031183e-03 9.502480256196093045e-01 1.251587275400960522e+02
9.502555790126977486e-01 5.702481283426114739e-04 3.114707199277560457e-01 6.501872446443629272e+00 -1.140505099540102280e-03 9.999979905025627724e-01 1.648708268369703878e-03 -2.232063101696948881e-03 -3.114691538553384098e-01 -1.921928174617707928e-03 9.502543198474454611e-01 1.257972802073896617e+02
9.502456861884212014e-01 3.435917773877235001e-05 3.115014200605567551e-01 6.702900856990019030e+00 -4.612731498459853377e-04 9.999990527320273825e-01 1.296827717593510617e-03 1.192018416704258843e-02 -3.115010804273040113e-01 -1.375992185585640099e-03 9.502448019000827584e-01 1.264210224678422776e+02
9.501640396930471910e-01 3.808681281083012835e-04 3.117501445286888773e-01 6.908544551982826576e+00 -9.551276257658801450e-04 9.999981168828313560e-01 1.689367340077307890e-03 -1.197294685764793698e-03 -3.117489140404628989e-01 -1.902937271749209234e-03 9.501626142005019648e-01 1.270644042084265948e+02
9.502752573872436104e-01 1.245684180647554256e-04 3.114111746233861888e-01 7.114363311192408723e+00 -6.946594234349195377e-04 9.999982799521294208e-01 1.719750292351135846e-03 1.114908912007120390e-03 -3.114104247546850557e-01 -1.850560858720835550e-03 9.502737094009361396e-01 1.276838322924446629e+02
9.502798953892250822e-01 1.171364501571585089e-04 3.113970242280670875e-01 7.316152311706942690e+00 -6.619519314355334439e-04 9.999984297167134883e-01 1.643892863801382515e-03 3.530930957501701890e-03 -3.113963426867499273e-01 -1.768288200275318269e-03 9.502784807192873329e-01 1.283318810147573288e+02
9.507361683042784284e-01 2.093037992044030540e-04 3.100011201109093006e-01 7.514694044152919084e+00 -7.179393977713560129e-04 9.999985769295024474e-01 1.526663679770439959e-03 7.672751323529561004e-03 -3.100003594209527202e-01 -1.674016394675129993e-03 9.507349656071298893e-01 1.289332102265622382e+02
9.510873147529111948e-01 1.540099743019911725e-04 3.089221520011549149e-01 7.725683192449506187e+00 -6.702987519821825219e-04 9.999985505350054149e-01 1.565128579815246211e-03 7.329133755695774882e-03 -3.089214631838971270e-01 -1.695644071165544218e-03 9.510860394178352051e-01 1.295569728302720307e+02
9.511699978278211898e-01 5.703231101243639136e-05 3.086675104048660634e-01 7.923728980265948962e+00 -6.211428061044976974e-04 9.999983118419517591e-01 1.729304733433601696e-03 3.655382201754805993e-03 -3.086668906990787109e-01 -1.836589383109847682e-03 9.511684275277437761e-01 1.301802100014533039e+02
9.511853604230389170e-01 1.942173839324351611e-04 3.086201101621559029e-01 8.129739922842317057e+00 -8.173996209531332168e-04 9.999978799405392360e-01 1.889966213087861460e-03 6.156015527825622544e-04 -3.086190888048779279e-01 -2.049974154648403872e-03 9.511835026067326782e-01 1.308078422820514959e+02
9.511587043851965628e-01 -6.585991415853091786e-06 3.087023145829960735e-01 8.336102925097931049e+00 -5.217616920096839654e-04 9.999985371236653764e-01 1.628961407142037049e-03 1.078174796429035021e-02 -3.087018737180114436e-01 -1.710469863494836450e-03 9.511573095213193829e-01 1.314031182390622803e+02
9.514574507031028361e-01 5.087652189738977150e-05 3.077803062464070094e-01 8.541905391658367819e+00 -6.992263508222233259e-04 9.999977630234406778e-01 1.996254148366634340e-03 7.425791674741250015e-04 -3.077795161866086482e-01 -2.114558983352033371e-03 9.514553578892932517e-01 1.320290972390896513e+02
9.517836085233807308e-01 6.093857512157717111e-05 3.067702052558267112e-01 8.736381791485300141e+00 -6.282818317729337975e-04 9.999982702268139789e-01 1.750658538872748278e-03 1.061747847198338257e-02 -3.067695679303145684e-01 -1.858986247912063029e-03 9.517820004402154366e-01 1.326586577164572134e+02
9.524042493403911402e-01 -2.674741867828489203e-05 3.048378997482786290e-01 8.936150186468230672e+00 -5.601747402644819632e-04 9.999981541706842725e-01 1.837895395457046213e-03 1.005354927868476467e-02 -3.048373862285043701e-01 -1.921181875790691591e-03 9.524024763814790129e-01 1.332789754838524914e+02
9.528781857523548338e-01 -4.661862115566347848e-05 3.033531950449918635e-01 9.136929345355062182e+00 -6.302765486638408493e-04 9.999975255231701166e-01 2.133471117441282025e-03 -9.507381520730551205e-04 -3.033525438640212735e-01 -2.224134492541604731e-03 9.528757984947389126e-01 1.338896294992297555e+02
9.534273896947815796e-01 6.497028921458719835e-05 3.016226257406041666e-01 9.348286373789411741e+00 -6.295353940385185797e-04 9.999982273172702829e-01 1.774555579514301490e-03 1.082051834042563332e-02 -3.016219757659953649e-01 -1.881792012591174601e-03 9.534257404716104389e-01 1.344902426532480320e+02
9.536364737440051753e-01 -1.191987035117540803e-04 3.009608973550692568e-01 9.551278776139973559e+00 -4.020183570454556729e-04 9.999985248882525823e-01 1.669910943548919263e-03 1.432831786116525730e-02 -3.009606524553335438e-01 -1.713479789162126662e-03 9.536350191035730672e-01 1.351015030338424765e+02
9.537269543869124622e-01 -2.291553696630755244e-05 3.006740693021969224e-01 9.744699817993385693e+00 -5.586993554513793340e-04 9.999981356579853431e-01 1.848387292679727189e-03 1.075533049502470223e-02 -3.006735510996841332e-01 -1.930843191894987543e-03 9.537251635107851788e-01 1.357034605778828507e+02
9.540541132038150574e-01 -1.505727429459089708e-04 2.996343211428410536e-01 9.921857107773428552e+00 -3.622039331276326324e-04 9.999985635653646510e-01 1.655800567120303650e-03 1.618758871326687887e-02 -2.996341400561574053e-01 -1.688252071324300527e-03 9.540526882294031452e-01 1.363162782451736632e+02
9.544144388000589396e-01 -9.404601747168246715e-05 2.984846229964203124e-01 1.011757441629402621e+01 -4.857794338872312503e-04 9.999981365977405057e-01 1.868373460588291460e-03 9.687507636612621709e-03 -2.984842425125825427e-01 -1.928200299039542834e-03 9.544126146564161361e-01 1.369296717303582227e+02
9.548282909565096732e-01 6.188731564199940723e-05 2.971580908523795972e-01 1.032390660800613524e+01 -7.098013644988080111e-04 9.999976005219863850e-01 2.072470094526849757e-03 8.624769661554754566e-03 -2.971572495684631776e-01 -2.189776296774427998e-03 9.548260437947198032e-01 1.375290707270616224e+02
9.547841971126127536e-01 2.432371390197473086e-05 2.972997415948764321e-01 1.049946913939059279e+01 -6.914880171328542484e-04 9.999974734453024316e-01 2.138912652238115705e-03 6.446990650941994416e-03 -2.972989384245183220e-01 -2.247779208170729882e-03 9.547818016176710110e-01 1.381455208407405451e+02
9.547860494605584503e-01 1.510989482899873968e-04 2.972937552734802313e-01 1.067461147763378548e+01 -7.142745919703854564e-04 9.999981505221972045e-01 1.785711060675537884e-03 1.938881799463671590e-02 -2.972929356162157255e-01 -1.917321384843729193e-03 9.547843915310931795e-01 1.387297670715053357e+02
9.550675346100514496e-01 1.396693253034781996e-04 2.963882332791868968e-01 1.087256944043394213e+01 -7.745606180082180436e-04 9.999976503785478199e-01 2.024671141881836597e-03 1.327413549767279821e-02 -2.963872540945834966e-01 -2.163268329012294280e-03 9.550653987452427662e-01 1.393082770749635415e+02
9.552179717926642111e-01 1.364989479404177643e-04 2.959030377207139129e-01 1.105981779912955609e+01 -7.586484762557907770e-04 9.999977366838751491e-01 1.987732279881661117e-03 1.362118413097751501e-02 -2.959020966752322623e-01 -2.123203985541648013e-03 9.552159133871447327e-01 1.398839334769669733e+02
9.552013315580397679e-01 2.124490483696936383e-04 2.959567046970715265e-01 1.123430884088846682e+01 -1.014604431895162759e-03 9.999962166586495727e-01 2.556803909960589805e-03 -6.571776532501294454e-04 -2.959550418012751316e-01 -2.742541483561894335e-03 9.551979332570901260e-01 1.404636316728740724e+02
9.553477561155562237e-01 1.850267391795231732e-04 2.954837231559082622e-01 1.143092735577982211e+01 -8.375560620371362130e-04 9.999974823503350319e-01 2.081776365111584655e-03 1.392941862648744422e-02 -2.954825940471191292e-01 -2.236304562706284936e-03 9.553455058548652179e-01 1.410314412196788680e+02
9.551614477073113729e-01 6.552366807591224803e-05 2.960854682694205597e-01 1.160599487258100382e+01 -7.891066802924965196e-04 9.999969873921058516e-01 2.324331594141852263e-03 7.710194635165049104e-03 -2.960844239812696066e-01 -2.453754951361305971e-03 9.551586218855580013e-01 1.416000137802230654e+02
9.548374757246234079e-01 1.048489452392936802e-04 2.971285646963751081e-01 1.178174248849199657e+01 -8.233766834087368402e-04 9.999970318921501677e-01 2.293089123277101959e-03 1.172977256978922217e-02 -2.971274423587739189e-01 -2.434176162227197522e-03 9.548347279941931109e-01 1.421655357969304134e+02
9.544847328765178052e-01 1.693581074801291672e-04 2.982597291346485990e-01 1.196270411821882362e+01 -9.802541155199276726e-04 9.999962192250602122e-01 2.569170577104526454e-03 4.297213436887430127e-03 -2.982581663718724130e-01 -2.744604418979921384e-03 9.544812901985412212e-01 1.427288278123659779e+02
9.541357402801894372e-01 3.200741655135977805e-05 2.993743277161555749e-01 1.214729250486217538e+01 -8.360448518229049442e-04 9.999963797363644602e-01 2.557644066432403392e-03 6.236110056346763630e-03 -2.993731620385845504e-01 -2.690629980153750635e-03 9.541323128169013623e-01 1.432944741719763329e+02
9.536614262818712273e-01 1.402102416686181558e-04 3.008818112866166183e-01 1.232677479623677996e+01 -8.307222106660512194e-04 9.999973069519129121e-01 2.167023195599602180e-03 1.744539597025205474e-02 -3.008806971585843426e-01 -2.316555634922639294e-03 9.536589745015534580e-01 1.438292471298680653e+02
9.531926001450891084e-01 4.221373725838935883e-05 3.023637961903584137e-01 1.251353006311673255e+01 -6.894514959425933039e-04 9.999976940270702830e-01 2.033862624841583418e-03 2.205194405274434749e-02 -3.023630130906869717e-01 -2.147127975312989202e-03 9.531904312130806689e-01 1.443723111497052400e+02
9.525145322682005977e-01 -1.987495802080951283e-05 3.044931286956688576e-01 1.269489152020169698e+01 -6.654638400399673099e-04 9.999974738266772523e-01 2.146974182802272729e-03 1.898663558243025157e-02 -3.044924021642719247e-01 -2.247653276211412747e-03 9.525121128253336567e-01 1.449049814465022052e+02
9.517712216394207392e-01 4.450172615100365242e-05 3.068086369035282202e-01 1.286605570654824149e+01 -6.157807192977969059e-04 9.999982524278475671e-01 1.765206887762197372e-03 2.946013976923755190e-02 -3.068080221785447481e-01 -1.868999959130977643e-03 9.517695857538432946e-01 1.454674112753872635e+02
9.510194303460143272e-01 -7.321252231866213394e-05 3.091311012244950529e-01 1.304647396769035872e+01 -4.764483518047365226e-04 9.999984370880095064e-01 1.702591702781622871e-03 3.338602099497911535e-02 -3.091307427308233047e-01 -1.766482794961223143e-03 9.510179091043577948e-01 1.460012332489574192e+02
9.502470440562049703e-01 -1.387214761900020779e-04 3.114972488141700135e-01 1.321033152028909008e+01 -4.620640379002458617e-04 9.999981729199640679e-01 1.854899878293440061e-03 3.005760678756307785e-02 -3.114969369982147351e-01 -1.906544802950448569e-03 9.502452437805961605e-01 1.465345261978787050e+02
9.494665070260877027e-01 -1.881313214776952046e-04 3.138683109877229982e-01 1.339991435708559386e+01 -5.329469975841788542e-04 9.999974124283359522e-01 2.211584077144574962e-03 2.364097258973128779e-02 -3.138679148992102319e-01 -2.267100182698697942e-03 9.494639499494352819e-01 1.470515631549827731e+02
9.485293223268220775e-01 1.784973850790948138e-04 3.166892685660555595e-01 1.357912960764954136e+01 -7.049702128488365051e-04 9.999985535861416475e-01 1.547850969423850576e-03 4.413170757256715260e-02 -3.166885342149581839e-01 -1.691438532158473940e-03 9.485280761962047169e-01 1.475959180944919353e+02
9.476981802788061460e-01 1.319467689957313779e-04 3.191678894975018554e-01 1.376891884097180707e+01 -6.413823617832058437e-04 9.999986827216775787e-01 1.491034397880677429e-03 4.561089616314620288e-02 -3.191672723273885071e-01 -1.617759240375892449e-03 9.476970165248673750e-01 1.481109948609405933e+02
9.466095755850725268e-01 2.545900371159411394e-04 3.223821437278466262e-01 1.394954643696676300e+01 -6.607671723833066692e-04 9.999991198747715249e-01 1.150493992243548872e-03 5.540510993417843699e-02 -3.223815670868805383e-01 -1.302088167248759403e-03 9.466089106748424298e-01 1.486400751989474429e+02
9.453430175771974087e-01 3.761505650252958198e-05 3.260775639370887546e-01 1.413207710363850467e+01 -5.114721327960211530e-04 9.999989342091742950e-01 1.367470940433416441e-03 4.802483756435300954e-02 -3.260771649691159846e-01 -1.459508692362287714e-03 9.453420292783352163e-01 1.491505877302784029e+02
9.439295152191616856e-01 -3.040655252403056319e-05 3.301470420487817026e-01 1.429751669807541603e+01 -5.366059073392802099e-04 9.999985335679756338e-01 1.626319771279546291e-03 4.101694587716081530e-02 -3.301466073613640861e-01 -1.712290086349206207e-03 9.439281146943561129e-01 1.496250602610203657e+02
9.424003877230024973e-01 2.295170924649101774e-04 3.344868555585387426e-01 1.449046075763678054e+01 -3.895655363310252472e-04 9.999998394921832956e-01 4.114052751832924354e-04 7.026164254730435377e-02 -3.344867074462413159e-01 -5.180130421253636378e-04 9.424003258723231413e-01 1.501021762613059707e+02
9.410844483326171739e-01 1.369659804332038757e-04 3.381716167078689939e-01 1.468258275710040017e+01 -4.817468592618271827e-04 9.999994462717394228e-01 9.356154007639268114e-04 5.734104908573273152e-02 -3.381713013052072281e-01 -1.043406217519930864e-03 9.410839932104934080e-01 1.505707336533939440e+02
9.393489400235215392e-01 1.928543687350896697e-04 3.429628721653102397e-01 1.487364473251511399e+01 -3.493503162475302326e-04 9.999998611520886094e-01 3.945252337434273994e-04 7.106373959788231387e-02 -3.429627484597168041e-01 -4.904110479815329765e-04 9.393488769706178632e-01 1.510298646472421069e+02
9.375415446755533955e-01 4.562815854781246991e-05 3.478733245384712514e-01 1.504946145455469519e+01 -3.125662313479616369e-04 9.999996982316983196e-01 7.112234975215586501e-04 6.514451364402279454e-02 -3.478731871095103734e-01 -7.755350305133879799e-04 9.375412760170551696e-01 1.515028701605795618e+02
9.351145023666194156e-01 -1.183882417333563465e-04 3.543456694357275394e-01 1.523437865119024792e+01 -4.674881982472241996e-04 9.999986617283571633e-01 1.567799821142492256e-03 4.832020058131622497e-02 -3.543453808340305544e-01 -1.631724768119351522e-03 9.351131955842922894e-01 1.519715404492383470e+02
9.327882907877337315e-01 -2.418246327091934898e-04 3.604246746411035596e-01 1.541262562389310631e+01 -2.666084249792431953e-04 9.999990383910137837e-01 1.360932399267296119e-03 5.045459728239498620e-02 -3.604246571604751703e-01 -1.365554061419911635e-03 9.327873293376466313e-01 1.524281872387186070e+02
9.299718435936642491e-01 -2.129996672623441856e-04 3.676306907130346135e-01 1.560341433082215978e+01 -4.218595426252055251e-04 9.999985554772121699e-01 1.646535154609036263e-03 4.687571665059343806e-02 -3.676305103735644786e-01 -1.686319848312733786e-03 9.299704103722019610e-01 1.528886179167900821e+02
9.264874645260653407e-01 -2.996754789076817469e-04 3.763255083975443616e-01 1.577975263877162071e+01 -4.222565733811608872e-04 9.999982256111876744e-01 1.835885035165873893e-03 4.397720586387433850e-02 -3.763253908194996167e-01 -1.859830391044047220e-03 9.264856940371326566e-01 1.533604796345815373e+02
9.231297444820801834e-01 1.159936945485917073e-05 3.844885885405495696e-01 1.599030708978622961e+01 -6.620426480517264869e-04 9.999985650640372814e-01 1.559349030350981298e-03 5.374527862590124799e-02 -3.844880187365811164e-01 -1.694029315249336943e-03 9.231284275292889197e-01 1.538222117000521223e+02
9.196777859714776460e-01 -3.137464402801355386e-04 3.926737469627580301e-01 1.617904772176559547e+01 -4.764141119216458702e-04 9.999980532755093909e-01 1.914804111493694037e-03 4.252878015279856760e-02 -3.926735832981318453e-01 -1.948078120261810282e-03 9.196758461389765715e-01 1.542853405864962042e+02
9.161571334819967882e-01 -2.618889052018077675e-04 4.008192088513873319e-01 1.640806736669647492e+01 -4.456445851819095796e-04 9.999985029104112577e-01 1.671998157880617494e-03 4.684145255787060258e-02 -4.008190466668898333e-01 -1.710435949572603441e-03 9.161556452033180475e-01 1.547199582505282933e+02
9.126028455209395096e-01 -4.935294791317477699e-04 4.088469185107520554e-01 1.662283515804026024e+01 -3.027679581970295982e-04 9.999981814267800972e-01 1.882943094201607439e-03 4.206213767955330196e-02 -4.088471042806195443e-01 -1.842164972455037153e-03 9.126010364609314918e-01 1.551590193019422657e+02
9.074669048566728069e-01 -5.036451961355701808e-04 4.201232711138085385e-01 1.685032310808106359e+01 -4.079641382542451011e-04 9.999977535721137345e-01 2.080003843277546723e-03 3.980237874265718512e-02 -4.201233749211202850e-01 -2.058929878009558862e-03 9.074646608285334981e-01 1.556173287576207258e+02
9.033075316948040445e-01 -5.204794386844249559e-04 4.289932776683037519e-01 1.706920114763109098e+01 -3.513816872996186960e-04 9.999980308846390109e-01 1.953140485072100887e-03 4.190135702267924755e-02 -4.289934495005143233e-01 -1.915026892370954269e-03 9.033055700911243324e-01 1.560835743788797743e+02
8.984706256671459723e-01 -6.943056635006750708e-04 4.390330884488466978e-01 1.730604371901242899e+01 -3.003782147102112697e-04 9.999975433338140762e-01 2.196155564805984083e-03 3.815173444105914718e-02 -4.390335346943503581e-01 -2.105057239680591802e-03 8.984682098704451780e-01 1.565243875639474993e+02
8.939739632591147123e-01 -5.773292301449925966e-04 4.481185330978301185e-01 1.753951341397565500e+01 -2.281791787825857801e-04 9.999984539923074678e-01 1.743544452352451153e-03 4.850972265441153009e-02 -4.481188469023071885e-01 -1.660934663067483493e-03 8.939724494339809091e-01 1.569472561146516796e+02
8.879337803365092707e-01 -5.799359206660581034e-04 4.599709397468971783e-01 1.776235590123498298e+01 -2.498197554051741513e-04 9.999984496591712846e-01 1.743063207055112630e-03 4.992164995907429070e-02 -4.599712375001350217e-01 -1.662634530466983781e-03 8.879322588570665031e-01 1.573839656853490396e+02
8.832093531510584183e-01 -3.055992034097354927e-04 4.689788322681694988e-01 1.800968448990081683e+01 -3.419532939558699372e-04 9.999991022264806961e-01 1.295613436697835808e-03 5.989803917007088807e-02 -4.689788071698269833e-01 -1.304666761849393149e-03 8.832084557284349824e-01 1.578084160830711653e+02
8.776015981665858945e-01 -5.861753003672509057e-04 4.793903329166867011e-01 1.828099875611069081e+01 -3.764377548233031195e-04 9.999981015038440502e-01 1.911879526611467766e-03 4.849270716986961438e-02 -4.793905434925382347e-01 -1.858329148663353256e-03 8.775997113848112985e-01 1.582148321974826501e+02
8.716394881323622501e-01 -7.706444694989933019e-04 4.901469257635461263e-01 1.852643132870199594e+01 -7.794965600082045957e-05 9.999985333890297756e-01 1.710889721920964791e-03 5.197302429782681144e-02 -4.901475253963899492e-01 -1.529485825719237259e-03 8.716381497048555360e-01 1.586533916522140260e+02
8.629619818707066070e-01 -1.107020623975377670e-03 5.052676442749134411e-01 1.876234510171929770e+01 7.149905492806626038e-05 9.999978573947426730e-01 2.068838758564580868e-03 4.274588551405401893e-02 -5.052688519329758821e-01 -1.749203036210436081e-03 8.629602120347557026e-01 1.590914696119219514e+02
8.562360511656732509e-01 -8.965444748206360297e-04 5.165839920983027467e-01 1.900991800739448934e+01 -2.158288199194646198e-04 9.999977858446881251e-01 2.093256707075317070e-03 4.908589880672822175e-02 -5.165847249988476664e-01 -1.903815570346092511e-03 8.562339618259363627e-01 1.595282543402937847e+02
8.481940372216226764e-01 -7.819803183621737994e-04 5.296850608885117495e-01 1.926999323775357453e+01 -3.595025878350644128e-04 9.999978300523748587e-01 2.051986459746607538e-03 5.183792119922403518e-02 -5.296855161126967637e-01 -1.930905829743573450e-03 8.481919155610377903e-01 1.599407341620618581e+02
8.417014046129671634e-01 -6.829627915249189161e-04 5.399428479333564512e-01 1.954866065522521623e+01 -4.473493301209815380e-04 9.999979747497294014e-01 1.962237247747767536e-03 5.415672196491517348e-02 -5.399430945489859246e-01 -1.893160918939780675e-03 8.416993944340223077e-01 1.603152459706205377e+02
8.331611336323095918e-01 -8.220699963270659133e-04 5.530297004731716815e-01 1.981215994930668245e+01 -3.233865409340577431e-04 9.999980000100885391e-01 1.973676003852108465e-03 5.337175082065034187e-02 -5.530302169191751993e-01 -1.823232498662126283e-03 8.331592014720752282e-01 1.607140659807661507e+02
8.254340144538189206e-01 -2.339385159429467544e-04 5.644985678063527690e-01 2.008815779995462236e+01 -5.731209447738376019e-04 9.999990514378487294e-01 1.252459893737931573e-03 7.141011032656019442e-02 -5.644983253429858294e-01 -1.357348950535159455e-03 8.254330974032911827e-01 1.611105478607064470e+02
8.141293051246110135e-01 -3.339703935956809524e-04 5.806835308505781112e-01 2.037840843655479617e+01 -5.843509284488665901e-04 9.999988570855919967e-01 1.394403636757277987e-03 6.910146186010610037e-02 -5.806833328685355733e-01 -1.474547824243934704e-03 8.141281794885886214e-01 1.615172693569080877e+02
8.047839662083658974e-01 -1.032164598781885314e-03 5.935669316683441776e-01 2.066706136553059991e+01 -6.256167020349263485e-04 9.999964576206558098e-01 2.587150919841403867e-03 4.293590252340601099e-02 -5.935674993946972178e-01 -2.453442964676927438e-03 8.047804696188552986e-01 1.619153266812312211e+02
7.938391581044961232e-01 -9.099500046905401388e-04 6.081270944884250573e-01 2.098631238232768936e+01 -6.660106408014408556e-04 9.999969799175394414e-01 2.365710385193708128e-03 4.980846536246277823e-02 -6.081274105726292012e-01 -2.283012656390190961e-03 7.938361546083925191e-01 1.623063656124375882e+02
7.841188915667843817e-01 -7.645370621347420421e-04 6.206101669898408391e-01 2.128425479892576533e+01 -9.257573109333195986e-04 9.999966877136560184e-01 2.401569303169910283e-03 5.007579952392943873e-02 -6.206099474399994209e-01 -2.457650259352798378e-03 7.841155865647131407e-01 1.626678458980898654e+02
7.721322754358750373e-01 -5.436956471439079782e-04 6.354616067279449387e-01 2.159359438259047792e+01 -1.144885854027050251e-03 9.999968207627288885e-01 2.246708885438490795e-03 5.871696255969753586e-02 -6.354608079705618140e-01 -2.462287448275745153e-03 7.721291981747113731e-01 1.630477002995501721e+02
7.594611743429586781e-01 -5.545129449183314662e-04 6.505523938784700810e-01 2.191087252525711193e+01 -9.422134836992258683e-04 9.999976503381705628e-01 1.952319617549022005e-03 6.285849473923352249e-02 -6.505519478868426742e-01 -2.095670186801680459e-03 7.594588673964528525e-01 1.634171237154007770e+02
7.460642779860903184e-01 -1.220452259841372069e-03 6.658728133880937872e-01 2.222126823246818716e+01 -7.038784953498145643e-04 9.999963161365310604e-01 2.621501178885919138e-03 4.554736145012666659e-02 -6.658735598205995920e-01 -2.424501938247167372e-03 7.460606705370508296e-01 1.638006559871429317e+02
7.352335864783025032e-01 -1.402842507534068223e-03 6.778123673607259203e-01 2.255280654124215545e+01 -7.869946388417330477e-04 9.999954174156910902e-01 2.923317816492854593e-03 4.106610709623936817e-02 -6.778133621829027788e-01 -2.682756141889475979e-03 7.352291131788730727e-01 1.641283054295849979e+02
7.216666184555057262e-01 -1.562554536022156418e-03 6.922390123579554855e-01 2.287943440424846742e+01 -1.210582845331763984e-03 9.999930745647545027e-01 3.519277156461349428e-03 3.525670563434614435e-02 -6.922397173639852630e-01 -3.377757518141113677e-03 7.216597289983546215e-01 1.644557828122032674e+02
7.092151011984564324e-01 -1.321919653249047696e-03 7.049909167928997134e-01 2.321067880271721506e+01 -1.084393945074593139e-03 9.999950135446381561e-01 2.965969593711841566e-03 4.286584164296580735e-02 -7.049913221606595171e-01 -2.867998307058695386e-03 7.092101312473446661e-01 1.647833127376752316e+02
6.936311371037127138e-01 -2.059799077100262551e-03 7.203274275410955774e-01 2.356573411986874689e+01 -1.272171639668549141e-03 9.999908490602247291e-01 4.084528752515803607e-03 2.249234862267318613e-02 -7.203292491767425698e-01 -3.749536447733530301e-03 6.936221693089815732e-01 1.651324852077843559e+02
6.773138984075351976e-01 -2.033458755616499632e-03 7.356913402164498850e-01 2.392240879279473020e+01 -1.297364901559607637e-03 9.999913238988403785e-01 3.958405153169644412e-03 2.851398746075622936e-02 -7.356930065375769656e-01 -3.635542948947978643e-03 6.773053838256175574e-01 1.654536905022285111e+02
6.601199588577926214e-01 -2.060609162044597063e-03 7.511573695354838431e-01 2.427418089627328257e+01 -1.307551766248960662e-03 9.999915701035709814e-01 3.892303967238605351e-03 3.312622573397882436e-02 -7.511590578738731594e-01 -3.551564679982616764e-03 6.601116997617594295e-01 1.657777795073573941e+02
6.440145641108727670e-01 -1.888617853799476418e-03 7.650108981809901065e-01 2.462161515545084001e+01 -1.360154971211018863e-03 9.999925453420986932e-01 3.613756865791887488e-03 3.960022479859973132e-02 -7.650120202921893986e-01 -3.367845428917116187e-03 6.440071943896512607e-01 1.661055621078112949e+02
6.262992321739919710e-01 -1.994019062423922888e-03 7.795802047680833180e-01 2.501316762395465076e+01 -1.461741335197226654e-03 9.999919672465652498e-01 3.732124678174711992e-03 4.398731712664293719e-02 -7.795813845202674841e-01 -3.476971429729454419e-03 6.262912865265968243e-01 1.664055751057255748e+02
6.099301945831999694e-01 -2.131478457802488211e-03 7.924522790271246730e-01 2.539886719836056983e+01 -1.637458442660909719e-03 9.999908580341758668e-01 3.950009863428258564e-03 3.448205230025871287e-02 -7.924534538164045294e-01 -3.706837959305200967e-03 6.099211284148098322e-01 1.667171832058890857e+02
5.901145755117229719e-01 -2.342424057250862106e-03 8.073161095990560865e-01 2.578061694581627350e+01 -2.167226989755983296e-03 9.999875911268870654e-01 4.485612491126727761e-03 2.501587937004719209e-02 -8.073165989225007388e-01 -4.396662573099204344e-03 5.901021762901950130e-01 1.670094969138221757e+02
5.703798977006379056e-01 -2.366519623801223438e-03 8.213776061494980629e-01 2.619188269279540648e+01 -2.216446475196936876e-03 9.999877742336387154e-01 4.420265634081775412e-03 2.544742954657512601e-02 -8.213780248241563386e-01 -4.341770160132961583e-03 5.703676791051928152e-01 1.672849706787804678e+02
5.495673770509963418e-01 -2.474331413970383767e-03 8.354457347819438384e-01 2.660325002585456033e+01 -2.745733332258751096e-03 9.999848642799722409e-01 4.767825440767177805e-03 2.085447779226690113e-02 -8.354448868894682745e-01 -4.914152523003615866e-03 5.495522650988025060e-01 1.675717825846385551e+02
5.324977261542771512e-01 -2.367733638676049017e-03 8.464281218614732039e-01 2.703523729736956938e+01 -3.133773704955345255e-03 9.999837190069509330e-01 4.768771686029266155e-03 2.297604269294292040e-02 -8.464256323522408865e-01 -5.191874270783705322e-03 5.324816366210818330e-01 1.678438838037649816e+02
5.119007301899162199e-01 -2.673640555746408225e-03 8.590404496164366632e-01 2.743428005179201179e+01 -3.113499216673099642e-03 9.999828142280436927e-01 4.967632352511013039e-03 2.204193839717122350e-02 -8.590389680064919320e-01 -5.217556395536721361e-03 5.118836084029269040e-01 1.680893321728366629e+02
4.904033660952799023e-01 -2.813857442954059186e-03 8.714910330741848510e-01 2.787359163832628894e+01 -3.344359023886955655e-03 9.999813480608739091e-01 5.110654857905439462e-03 1.824060890020423945e-02 -8.714891587306973220e-01 -5.420861245966236870e-03 4.903848085720169392e-01 1.683471545291806422e+02
4.682410403663090914e-01 -2.701211029800195968e-03 8.835966452944742366e-01 2.831807838798592769e+01 -3.448031240286470681e-03 9.999821276218412436e-01 4.884211037791097790e-03 2.491764627223874706e-02 -8.835940466058168630e-01 -5.333656894491584088e-03 4.682233579253488598e-01 1.686099953290260203e+02
4.493863073425183874e-01 -2.737007858527055939e-03 8.933333395553073597e-01 2.876200858049627840e+01 -3.584153107066846786e-03 9.999817341440996321e-01 4.866746825585962360e-03 2.423997107626484071e-02 -8.933303423815630584e-01 -5.388892849334556839e-03 4.493682890617646253e-01 1.688418551431726939e+02
4.272894417473787065e-01 -2.941551489910163800e-03 9.041101040504113673e-01 2.921198396111286399e+01 -3.635985756475307740e-03 9.999810298996034685e-01 4.971865696811407845e-03 2.103309265977006820e-02 -9.041075779899161446e-01 -5.411757178646193003e-03 4.272706405844510780e-01 1.690518879208390217e+02
4.078026429454075785e-01 -2.779908651692324442e-03 9.130658664711045480e-01 2.966652132026925415e+01 -3.724846109944292792e-03 9.999819792107210725e-01 4.708160497072470287e-03 3.177273206879442646e-02 -9.130625005596265664e-01 -5.321030134965125911e-03 4.077849392879844270e-01 1.692624805644824164e+02
3.853359752588921827e-01 -3.104527471242469680e-03 9.227711244292698956e-01 3.012066948744630324e+01 -4.299791602664062608e-03 9.999774438323666415e-01 5.159808006094487864e-03 1.806607685444636124e-02 -9.227663290148012676e-01 -5.955983182178908875e-03 3.853139347348879529e-01 1.694386828711396618e+02
3.621153763133946324e-01 -2.964705510657001698e-03 9.321285666465992659e-01 3.058080096682984106e+01 -4.147502845214093986e-03 9.999799185079822905e-01 4.791742993749419435e-03 2.910561004030121079e-02 -9.321240542210877944e-01 -5.601169699650748388e-03 3.620958083718149867e-01 1.696430021337610583e+02
3.389622293797716068e-01 -2.743540521373812220e-03 9.407959821551655777e-01 3.105481451238811630e+01 -3.992461189024474992e-03 9.999825487224670573e-01 4.354595753104541569e-03 4.127103148837121815e-02 -9.407915110732819608e-01 -5.232134930064661835e-03 3.389453605767814848e-01 1.698217829105200849e+02
3.187518342566398877e-01 -2.970631964753179741e-03 9.478335526366209463e-01 3.153222482276356331e+01 -4.042523906388864260e-03 9.999817328273968853e-01 4.493552267743967238e-03 3.805075835798958639e-02 -9.478295870875176332e-01 -5.263967823482500544e-03 3.187340027111313923e-01 1.699943208505935672e+02
2.952346794377063155e-01 -2.745966037585643223e-03 9.554208202294085517e-01 3.200676642054771293e+01 -4.085377264382423351e-03 9.999830995326045580e-01 4.136464888382122493e-03 4.603536418658929485e-02 -9.554160317630864263e-01 -5.124482382209655934e-03 2.952184715264137838e-01 1.701370817130114972e+02
2.717730275021140729e-01 -2.828965792082348187e-03 9.623572197863340394e-01 3.250655500376273466e+01 -4.221877472048115622e-03 9.999825516601745790e-01 4.131842908114905476e-03 4.775571898354020323e-02 -9.623521170927750168e-01 -5.185877722580307415e-03 2.717563419670280256e-01 1.703100662536415655e+02
2.527537494283536024e-01 -2.511977160616637918e-03 9.675273805534673199e-01 3.299109778135156290e+01 -3.762675024207097745e-03 9.999865157129175230e-01 3.579199491660128331e-03 6.428236087066248328e-02 -9.675233250038840493e-01 -4.545147201514201409e-03 2.527408894705115427e-01 1.704311093749875567e+02
2.313378299242745406e-01 -2.509265837405536513e-03 9.728702441902954412e-01 3.349950193546239774e+01 -3.786733222963498818e-03 9.999867762585552544e-01 3.479649338687407570e-03 6.725197198573057422e-02 -9.728661105709386359e-01 -4.488974602217385076e-03 2.313252688523135259e-01 1.705634039163533657e+02
2.105768845182178772e-01 -2.855480089613368893e-03 9.775731286916895524e-01 3.399771730017209137e+01 -4.231996382928114586e-03 9.999837007653599175e-01 3.832546181068731232e-03 5.472727541057696710e-02 -9.775681387571997227e-01 -4.944131579252597324e-03 2.105613678947565459e-01 1.706821379409216775e+02
1.907115341702171341e-01 -3.218942836140884205e-03 9.816408452898951476e-01 3.450276617806372315e+01 -5.084953932783353725e-03 9.999779678658388127e-01 4.266969229901472656e-03 3.556253558352988342e-02 -9.816329527771282537e-01 -5.805358724929247753e-03 1.906909642120762083e-01 1.707703422465009737e+02
1.742606032532051374e-01 -3.066673361892164034e-03 9.846947941714330188e-01 3.501052127260626179e+01 -4.601748041202518083e-03 9.999816946468746970e-01 3.928649402770236637e-03 4.742225670151375971e-02 -9.846888168699767796e-01 -5.215926155157793800e-03 1.742433012931906555e-01 1.708612449961693187e+02
1.564572047907788477e-01 -2.943525577855758257e-03 9.876803525059252298e-01 3.553040887972260009e+01 -4.228670343788175356e-03 9.999843976085406316e-01 3.650052959584972230e-03 5.794298930453539720e-02 -9.876756863546756193e-01 -4.747651699179031813e-03 1.564423164849058079e-01 1.709551334158894633e+02
1.398006384968641935e-01 -2.751865988463261369e-03 9.901758473672496175e-01 3.604183979113782499e+01 -3.626633673639332017e-03 9.999880077867329131e-01 3.291171663430577689e-03 7.251762498114663891e-02 -9.901730298306788969e-01 -4.051112970836808456e-03 1.397889819679334344e-01 1.710301592074996506e+02
1.251202740814502112e-01 -2.812267234694677560e-03 9.921375953801888636e-01 3.656615558054049586e+01 -3.783618920506999061e-03 9.999873584322049869e-01 3.311676863048725310e-03 7.123785669345708560e-02 -9.921343665258487432e-01 -4.168228494400654481e-03 1.251080518175041734e-01 1.710897472807475310e+02
1.135702048169059397e-01 -2.770685020888684173e-03 9.935261103173690378e-01 3.708297985119913420e+01 -3.969708833295404644e-03 9.999868637789594006e-01 3.242480732378128037e-03 7.601584583911662196e-02 -9.935220430315699902e-01 -4.312258577127539572e-03 1.135577141207901875e-01 1.711682785098687702e+02
1.024647986972064828e-01 -2.980253444237722545e-03 9.947321665239087229e-01 3.760195037859804046e+01 -4.044136529501709230e-03 9.999859995641525723e-01 3.412570206362568713e-03 6.676903697733746479e-02 -9.947284101641372667e-01 -4.372501010944741633e-03 1.024513115935447027e-01 1.712230457940449639e+02
9.403335436234383504e-02 -2.678161652439049051e-03 9.955654452207197691e-01 3.810896771247902137e+01 -3.670091479312349685e-03 9.999886543499469926e-01 3.036708730785943420e-03 8.468543088526933604e-02 -9.955622826804458869e-01 -3.939368165779587490e-03 9.402245839455114496e-02 1.712867441693855426e+02
8.645274658333068629e-02 -2.783393341176499270e-03 9.962520641532977006e-01 3.864381465749585232e+01 -4.495728779850409994e-03 9.999848253196171877e-01 3.183952454522460777e-03 7.750102663603530839e-02 -9.962458085387040363e-01 -4.754140511483561683e-03 8.643892130898345183e-02 1.713258640339510066e+02
8.021613088903611910e-02 -3.167005530068220734e-03 9.967724627121102854e-01 3.917433021889689115e+01 -4.394952869877102354e-03 9.999841084500726840e-01 3.530897419183052274e-03 6.221427362484908963e-02 -9.967678048244056344e-01 -4.664002925144003497e-03 8.020093729034383223e-02 1.713622454139576234e+02
7.641495389682873007e-02 -3.166016595617519077e-03 9.970710762828606244e-01 3.972339387878663075e+01 -4.592383682609417136e-03 9.999832342205865476e-01 3.527221264281357304e-03 6.275784735155072458e-02 -9.970655268501952273e-01 -4.848465391417191780e-03 7.639913317761515277e-02 1.714055901447568431e+02
7.295877831067032471e-02 -3.150673404388132023e-03 9.973299804600850305e-01 4.027630088310647238e+01 -4.491950068207724821e-03 9.999838291692346726e-01 3.487661769664300148e-03 6.558112495711579393e-02 -9.973248412889350600e-01 -4.734412015628824966e-03 7.294344583899958767e-02 1.714486908849817723e+02
7.084159788490373977e-02 -3.060118344112057985e-03 9.974828839057008345e-01 4.081687488775541084e+01 -4.339349026937206096e-03 9.999848863030216251e-01 3.375976237380303932e-03 7.258827907426748660e-02 -9.974781391384657248e-01 -4.567585932740206994e-03 7.082724828490105651e-02 1.714806378011829793e+02
6.922535273929564248e-02 -3.013851041000450981e-03 9.975964952023553822e-01 4.135835999610446834e+01 -4.604560140028594352e-03 9.999838191323763281e-01 3.340583683087735081e-03 7.635597350589647114e-02 -9.975904212471354837e-01 -4.824746141457876211e-03 6.921035515465534527e-02 1.715287335528128665e+02
6.833103914222982134e-02 -2.692623195854636654e-03 9.976590694571310092e-01 4.190392853798660155e+01 -4.283781249800818446e-03 9.999863475669896751e-01 2.992306440794604509e-03 9.396277917157902504e-02 -9.976535061372495683e-01 -4.478220623965673171e-03 6.831857164853616382e-02 1.715672850773368907e+02
6.877283532608158279e-02 -2.832917794999157551e-03 9.976283234240990172e-01 4.245857324899685636e+01 -4.457857567089298229e-03 9.999851120938051396e-01 3.146918596274378681e-03 8.921729363385649814e-02 -9.976223857888932844e-01 -4.663707485124891222e-03 6.875918269853109610e-02 1.716007156464505385e+02
6.978216950573801203e-02 -2.902085444637795761e-03 9.975580317551178133e-01 4.301796951547814274e+01 -4.484801352781749191e-03 9.999847497149890740e-01 3.222870502631813416e-03 8.851764525436113529e-02 -9.975521717563942126e-01 -4.698748506003347716e-03 6.976809003103645601e-02 1.716341015440284252e+02
7.112481057995512224e-02 -2.795748438760682110e-03 9.974635056535314792e-01 4.357656809465090930e+01 -4.367497760813464011e-03 9.999856131174144069e-01 3.114244932266602844e-03 9.587145548921895133e-02 -9.974578619085994191e-01 -4.577919708341994173e-03 7.111157689061031739e-02 1.716826273124366082e+02
7.288366564037018769e-02 -2.779985120470930549e-03 9.973365745652532643e-01 4.413690637826111640e+01 -4.202190313315088029e-03 9.999863828637228780e-01 3.094460162691680272e-03 1.000277975640987554e-01 -9.973315962504113452e-01 -4.416533692588023655e-03 7.287099114701833802e-02 1.717156680992040663e+02
7.368410455688378935e-02 -2.918411944928244253e-03 9.972773614232753880e-01 4.470726697090029944e+01 -4.382432198211946330e-03 9.999851153508640955e-01 3.250133035278250041e-03 9.326491904034769909e-02 -9.972720025267322042e-01 -4.609983561644439079e-03 7.367021805236551035e-02 1.717594551562358447e+02
7.448152484959258413e-02 -3.009597829751021938e-03 9.972178522153435365e-01 4.528129562229518257e+01 -4.480792282735517225e-03 9.999843411159569095e-01 3.352614413322851927e-03 9.071232712461238523e-02 -9.972123269176923488e-01 -4.718033890149606752e-03 7.446687316930189482e-02 1.718042950045612258e+02
7.535627248950838020e-02 -3.078453067090219323e-03 9.971519218871317536e-01 4.586122218104894444e+01 -4.606195824020169367e-03 9.999834907282723062e-01 3.435291971602565803e-03 8.800196368016828530e-02 -9.971460350202058232e-01 -4.851947816403296213e-03 7.534084845466737512e-02 1.718485778628395906e+02
7.647662287685141891e-02 -3.021306142777885513e-03 9.970667970916207157e-01 4.644785777849001107e+01 -4.560361085856029506e-03 9.999838894517200094e-01 3.379932510695179276e-03 9.314943198597304408e-02 -9.970609456097045964e-01 -4.805470445425381529e-03 7.646161254956429509e-02 1.718871017547627673e+02
7.717071923950769019e-02 -2.801108702131980665e-03 9.970139587197843767e-01 4.702715161088077878e+01 -4.299929452320179653e-03 9.999858182390891637e-01 3.142280605595100876e-03 1.063106327395151318e-01 -9.970086211757460681e-01 -4.529581739859666126e-03 7.715758025301067136e-02 1.719405889937901009e+02
7.797220220725031847e-02 -3.017670384597497153e-03 9.969509663711660918e-01 4.761861360102875551e+01 -4.471134600043977052e-03 9.999843038351480251e-01 3.376542421267764767e-03 9.712608905373171231e-02 -9.969455073565155478e-01 -4.720778408721849027e-03 7.795748593224249845e-02 1.719814550215552060e+02
7.804274695745672119e-02 -3.059362947322382363e-03 9.969453194361722614e-01 4.820806365141309158e+01 -4.550954285905717787e-03 9.999837791538912501e-01 3.424944406728142130e-03 9.622704599829101646e-02 -9.969396262875814818e-01 -4.804344643979333723e-03 7.802755801715122175e-02 1.720249094683430826e+02
7.780348595356612051e-02 -3.059798010506418944e-03 9.969640190145317993e-01 4.881097567248262692e+01 -4.592185317803511302e-03 9.999835821047901030e-01 3.427441447998143178e-03 9.946158048065451007e-02 -9.969581382422633142e-01 -4.844910423052907825e-03 7.778815742458744520e-02 1.720672219688351845e+02
7.636475505329876068e-02 -3.196572879757783071e-03 9.970748247285529109e-01 4.941344492551233003e+01 -4.587696390979265071e-03 9.999831493191126963e-01 3.557262944082354231e-03 9.560146986712642070e-02 -9.970693943891139055e-01 -4.845926088328490755e-03 7.634880334931637424e-02 1.721144616919698649e+02
7.578365322254387859e-02 -3.236076924785474818e-03 9.971190328693874116e-01 5.001205207548493092e+01 -4.706899385542397118e-03 9.999824312064115039e-01 3.603106533095241579e-03 9.504912312937038865e-02 -9.971131746208251601e-01 -4.966395539153520625e-03 7.576708990669422938e-02 1.721559152631964196e+02
7.557781637790628171e-02 -3.212799573939069571e-03 9.971347309117485347e-01 5.061348870276813727e+01 -4.647091644188391761e-03 9.999828146603745305e-01 3.574202451662919586e-03 9.815503375667880559e-02 -9.971290780088594152e-01 -4.903906892739270940e-03 7.556158737340923359e-02 1.721958238689043128e+02
7.536217923336152591e-02 -3.144844997210261353e-03 9.971512683094486684e-01 5.122134955313178040e+01 -4.512272497558355959e-03 9.999837127375325041e-01 3.494804224551886426e-03 1.042700187724090038e-01 -9.971460180626036118e-01 -4.762794306254347285e-03 7.534676139217821866e-02 1.722444685961924336e+02
7.453387102051145519e-02 -3.078715339891526480e-03 9.972137301414144561e-01 5.183135349080217935e+01 -4.450814369872382707e-03 9.999842470337954037e-01 3.419932118954582823e-03 1.103133157042993362e-01 -9.972085500647006606e-01 -4.693313979400513120e-03 7.451899410048468120e-02 1.722898903798268009e+02
7.355378702518466927e-02 -2.985112383281621120e-03 9.972867839885941610e-01 5.244079874822912757e+01 -4.369052273572517943e-03 9.999849595622257725e-01 3.315423285860608690e-03 1.169977790433835013e-01 -9.972816812698830358e-01 -4.601060029255721676e-03 7.353963863198287321e-02 1.723328210799410272e+02
7.268163508009528595e-02 -3.177985917080412403e-03 9.973501292563184961e-01 5.305642975399868533e+01 -4.628750855145436285e-03 9.999830789775777662e-01 3.523694658224309651e-03 1.089229192720601591e-01 -9.973444513244185128e-01 -4.872593152957335749e-03 7.266569512748710657e-02 1.723775550984431959e+02
7.191364372550712591e-02 -3.241974777199833901e-03 9.974055932496395105e-01 5.367462775520270668e+01 -4.662052838082193784e-03 9.999827010314006337e-01 3.586488711731103830e-03 1.082316325028892523e-01 -9.973999664675432530e-01 -4.907875048169519500e-03 7.189728543593132404e-02 1.724181803629578837e+02
7.121522418680192867e-02 -2.909212385876702549e-03 9.974567300526465674e-01 5.430976019377813913e+01 -4.560443531733709976e-03 9.999843451711135645e-01 3.242185604369612374e-03 1.255472195357054122e-01 -9.974505472447333654e-01 -4.779738067423252267e-03 7.120084202584553434e-02 1.724631656115324176e+02
7.052375103495633901e-02 -3.120700805228134294e-03 9.975052189168956973e-01 5.493299057309947386e+01 -4.660367960781772179e-03 9.999831616630867615e-01 3.457941695141548890e-03 1.184654625219463825e-01 -9.974992137893793354e-01 -4.892608382154465738e-03 7.050801991822819303e-02 1.725072932843960984e+02
6.951847366980512533e-02 -3.147180509299326526e-03 9.975756999212954668e-01 5.556294612902276242e+01 -4.588747506072937687e-03 9.999834352966114892e-01 3.474554462522953021e-03 1.200282996805510649e-01 -9.975701104258016816e-01 -4.819168728050014783e-03 6.950288050019559627e-02 1.725600600324946186e+02
6.908853443628304447e-02 -3.303644687936307858e-03 9.976050623073353663e-01 5.618007349065165101e+01 -4.615841725396337483e-03 9.999827540982882956e-01 3.631185917625401327e-03 1.146158326871485056e-01 -9.975998538565513662e-01 -4.855660385379221081e-03 6.907209384121226758e-02 1.726062929480863204e+02
6.878683133377239134e-02 -3.406678379438038938e-03 9.976255642160932746e-01 5.681517061395717150e+01 -4.700520848744504064e-03 9.999819629700215096e-01 3.738828476004767750e-03 1.116639397482106083e-01 -9.976203070000179141e-01 -4.946541927603091172e-03 6.876957746088596668e-02 1.726491224907044284e+02
6.852858276654172354e-02 -3.360519839474470586e-03 9.976434935639173496e-01 5.744432703143604613e+01 -4.723195981979360150e-03 9.999820270311130521e-01 3.692835558490601203e-03 1.159519321518531487e-01 -9.976379727956055099e-01 -4.965130527462197074e-03 6.851147871065255135e-02 1.726875710041115894e+02
6.803365705453912060e-02 -3.513221005518168787e-03 9.976768408587783910e-01 5.808877057550881773e+01 -4.706694669350491682e-03 9.999815417227315706e-01 3.842296073752783214e-03 1.122583358410163684e-01 -9.976719242983012048e-01 -4.957165721988149309e-03 6.801586561185468671e-02 1.727374883084175110e+02
6.797465852404438458e-02 -3.416641298883444679e-03 9.976811977584697511e-01 5.872939559314202285e+01 -4.661999518673977903e-03 9.999821308571091860e-01 3.742155390059617465e-03 1.189455418568789724e-01 -9.976761556532399711e-01 -4.905560998523276865e-03 6.795751549506734435e-02 1.727755610179002019e+02
6.783246369070450310e-02 -3.479067249425292670e-03 9.976906599546391252e-01 5.938088791219080065e+01 -4.729410903084224453e-03 9.999815634262136932e-01 3.808606067215148782e-03 1.174695562726146281e-01 -9.976855163538054239e-01 -4.976836217861334115e-03 6.781475915390056119e-02 1.728247970762244847e+02
6.785457706786757193e-02 -3.454531121312695834e-03 9.976892414903916206e-01 6.002901232364864370e+01 -4.722003858017820646e-03 9.999816932802153557e-01 3.783620488118158865e-03 1.222672639143312645e-01 -9.976840477077429936e-01 -4.967828415427079543e-03 6.783702256385659712e-02 1.728694539564712613e+02
6.747260608331429044e-02 -3.322207719825167119e-03 9.977155959311212463e-01 6.068617606738811077e+01 -4.682424630788476275e-03 9.999823891254021602e-01 3.646414489566408845e-03 1.313645383992836646e-01 -9.977101394332439366e-01 -4.917761169380687955e-03 6.745586184445384603e-02 1.729157058627724268e+02
6.668840491297189921e-02 -3.270945781266480692e-03 9.977684889611715402e-01 6.133770255019947371e+01 -4.779165366722864031e-03 9.999821081571623749e-01 3.597630324924390877e-03 1.357925173307694688e-01 -9.977624046979125527e-01 -5.008420834286380838e-03 6.667157934371781280e-02 1.729646648707300756e+02
6.612647017095074631e-02 -3.182229133174365593e-03 9.978061752467133338e-01 6.200371595904665867e+01 -4.734471798875058632e-03 9.999826569693492928e-01 3.502932672266006586e-03 1.433424950473038972e-01 -9.978000173980337006e-01 -4.955721770312395205e-03 6.611025716346319303e-02 1.729937483341289237e+02
6.554277617692561009e-02 -3.337730588902354089e-03 9.978441782390358172e-01 6.267438618198184486e+01 -4.880391457349084368e-03 9.999813729730895329e-01 3.665444867658976692e-03 1.362541496761555671e-01 -9.978378256361321030e-01 -5.110113635793140686e-03 6.552526587801699165e-02 1.730515558041878705e+02
6.582427178990302163e-02 -3.376869309605065334e-03 9.978255168099257055e-01 6.334042094325654659e+01 -4.813689508586669642e-03 9.999815626835303339e-01 3.701713970525714187e-03 1.368295203756690892e-01 -9.978196197893907105e-01 -5.046884848152376202e-03 6.580680296660512685e-02 1.730901591721520560e+02
6.576897578790252830e-02 -3.378959296814883391e-03 9.978291559469895100e-01 6.400687231637587615e+01 -4.936484695638911589e-03 9.999809273169901758e-01 3.711619741062063479e-03 1.386324713236376793e-01 -9.978226660798305003e-01 -5.169877786078417442e-03 6.575104121621955233e-02 1.731361318778294844e+02
6.561954427785676724e-02 -3.318613739558546986e-03 9.978391965700759147e-01 6.467735714684113191e+01 -4.906256113597196218e-03 9.999813088072418976e-01 3.648381436114978352e-03 1.440825489845727336e-01 -9.978326533340722282e-01 -5.135059785748505301e-03 6.560203580135759438e-02 1.731776514202168471e+02
6.540946975342309955e-02 -3.443946972150601152e-03 9.978525645083191620e-01 6.534960230131700598e+01 -4.882702591086704805e-03 9.999809678667366253e-01 3.771355155852935265e-03 1.404072390730945474e-01 -9.978465615925042886e-01 -5.118899643243461639e-03 6.539140910287355446e-02 1.732152179751531378e+02
6.502605408170569756e-02 -3.384041533591159931e-03 9.978778284707315871e-01 6.602288688407530515e+01 -5.034208437774309944e-03 9.999804118717914303e-01 3.719222785391195114e-03 1.445509853831434266e-01 -9.978708679162694439e-01 -5.265371365940021801e-03 6.500774437257927918e-02 1.732705808918154275e+02
6.519812725712226253e-02 -3.373660510784625213e-03 9.978666356868148846e-01 6.670484564739766142e+01 -4.926796061619095890e-03 9.999810081161131237e-01 3.702713552165400480e-03 1.481487871254465460e-01 -9.978601760180290103e-01 -5.157695400093647783e-03 6.518026768454199260e-02 1.733080923654584637e+02
6.532062874538513420e-02 -3.227377146324320739e-03 9.978591080393381940e-01 6.738737929144372174e+01 -4.860365074773841804e-03 9.999818784669909366e-01 3.552406081540147170e-03 1.576332787095658938e-01 -9.978524902567753596e-01 -5.082004957064508582e-03 6.530375880429006852e-02 1.733541286264852772e+02
6.548649125383043668e-02 -3.285230567584894977e-03 9.978480479127972425e-01 6.807603936432910530e+01 -4.921681527742125840e-03 9.999813533251654674e-01 3.615252814118478149e-03 1.575489207082250431e-01 -9.978413183037680989e-01 -5.147840526698109487e-03 6.546910128992311506e-02 1.733988021015074992e+02
6.587096747610965419e-02 -3.371295907228163968e-03 9.978224541508711187e-01 6.875895285210009433e+01 -4.932634160702650816e-03 9.999809737738213355e-01 3.704215247096504134e-03 1.547905563151275865e-01 -9.978159573608742505e-01 -5.165893365726744423e-03 6.585308483082596975e-02 1.734422206442635570e+02
6.599629837336262739e-02 -3.212470157654909782e-03 9.978146965426498705e-01 6.944300876354600405e+01 -4.839287446006956470e-03 9.999820263775481832e-01 3.539522406682995247e-03 1.647028067375978511e-01 -9.978081328081210843e-01 -5.062307511270740419e-03 6.597956611430777496e-02 1.734990550531892382e+02
6.663090122008863414e-02 -3.312322560121556264e-03 9.977721942015904677e-01 7.013347492207414291e+01 -4.802538681330383030e-03 9.999818414996242133e-01 3.640369931033194187e-03 1.636918852782249800e-01 -9.977661342342769579e-01 -5.034400687088283477e-03 6.661378374562365590e-02 1.735312671941424583e+02
6.753043413813875073e-02 -3.269615878760730437e-03 9.977118572399147345e-01 7.083176077372607438e+01 -4.735850642515135496e-03 9.999823143259188862e-01 3.597603934699195646e-03 1.687405976292653820e-01 -9.977059748161311026e-01 -4.967962095721931495e-03 6.751375540442983159e-02 1.735692331190967366e+02
6.758617025226265618e-02 -3.355395411894482663e-03 9.977077983619564439e-01 7.153034005805726281e+01 -4.769022477701695406e-03 9.999818343670018317e-01 3.686103717106032143e-03 1.671342552747360488e-01 -9.977020427037521788e-01 -5.007220549958267888e-03 6.756894055055717718e-02 1.736272341182666707e+02
6.794285480677331179e-02 -3.240908033927056286e-03 9.976839504551638926e-01 7.222492277212568013e+01 -4.845895804581199645e-03 9.999818560772711917e-01 3.578380933734357124e-03 1.739843759544855151e-01 -9.976774457581755184e-01 -5.077797886032715292e-03 6.792591695422112164e-02 1.736736444169954154e+02
6.829266163530700595e-02 -3.204036998960498907e-03 9.976601858918070498e-01 7.292856142905272065e+01 -4.951750139106631150e-03 9.999814370543110842e-01 3.550453119648126765e-03 1.772785875363489527e-01 -9.976530421631186751e-01 -5.182633857823052900e-03 6.827552833168282209e-02 1.737217620000327258e+02
6.890930318341037530e-02 -3.260523248734449250e-03 9.976176005478861741e-01 7.362687861147293233e+01 -4.936036749097854476e-03 9.999813044346076429e-01 3.609199699663929659e-03 1.780059470475427730e-01 -9.976107174023286506e-01 -5.172984574204805494e-03 6.889192082244954829e-02 1.737738227012852690e+02
6.936647787023397793e-02 -3.133038759840955229e-03 9.975863249944879607e-01 7.433353365034798799e+01 -4.709513964077944453e-03 9.999828964480643734e-01 3.468038287250678649e-03 1.864202101980428627e-01 -9.975801282233428546e-01 -4.938712329040437742e-03 6.935053636728760740e-02 1.738196206155215293e+02
6.926757331541166796e-02 -3.257950284755163801e-03 9.975927972108340480e-01 7.504401615404215420e+01 -4.741543368639263185e-03 9.999822967799669726e-01 3.594981661342023811e-03 1.850517037302820689e-01 -9.975868488775689880e-01 -4.979145168011892518e-03 6.925089934375205925e-02 1.738742287741312111e+02
6.940370693696962245e-02 -3.282248968339944450e-03 9.975832558263579841e-01 7.574431473364541034e+01 -4.867956541796237754e-03 9.999815671891966185e-01 3.628812608202542939e-03 1.861746309117500164e-01 -9.975767782293822883e-01 -5.108044982975178637e-03 6.938644978623331738e-02 1.739218518866433385e+02
6.977573774747636293e-02 -3.171897149608951007e-03 9.975576602333661169e-01 7.645036291151134833e+01 -4.773633471276323738e-03 9.999824336938254454e-01 3.513506404699340020e-03 1.919686426814900815e-01 -9.975512813110299914e-01 -5.007132137886470546e-03 6.975937057110270789e-02 1.739644473164135832e+02
6.988755286958214796e-02 -3.248992010697700564e-03 9.975495847349221679e-01 7.715513261630630382e+01 -4.836840640715727238e-03 9.999818375076700017e-01 3.595779108923342904e-03 1.918217501440610540e-01 -9.975431494058376591e-01 -5.076288575157187483e-03 6.987056868084040584e-02 1.740086693861991023e+02
6.960072064602706998e-02 -3.276200631978132966e-03 9.975695495527981960e-01 7.787306794287751188e+01 -4.752949241997431878e-03 9.999821677943079301e-01 3.615738776457790710e-03 1.937066838808693403e-01 -9.975636065730629776e-01 -4.993055458895938326e-03 6.958390789634971707e-02 1.740665319110574103e+02
6.958784099725012773e-02 -3.350370160547781750e-03 9.975702017427793278e-01 7.859781652784923267e+01 -4.872501863408110201e-03 9.999812902520893720e-01 3.698360631112371493e-03 1.929681765094574952e-01 -9.975639283328828766e-01 -5.118023598420433189e-03 6.957021434143706440e-02 1.741061768966536931e+02
6.948737034584251404e-02 -3.219075340652889639e-03 9.975776375382373606e-01 7.931167306479684953e+01 -4.868023928915197335e-03 9.999817931099579393e-01 3.565920865749887345e-03 2.013168011005865010e-01 -9.975709537198079735e-01 -5.104018274309160552e-03 6.947043466114410926e-02 1.741623052178273099e+02
6.962541587522252939e-02 -3.171211970672938897e-03 9.975681655299749595e-01 8.002285297454434954e+01 -4.889704763939131497e-03 9.999818494566029559e-01 3.520162591879790262e-03 2.059905626322743044e-01 -9.975612223074451501e-01 -5.122906595753970449e-03 6.960864584580972458e-02 1.742054875072224434e+02
6.955248106763067817e-02 -3.244465024391001567e-03 9.975730177906990681e-01 8.075292700996155304e+01 -4.855184089910993817e-03 9.999817664663959160e-01 3.590810799750307914e-03 2.045417313113934710e-01 -9.975664787696055802e-01 -5.093150444668976401e-03 6.953546040516322968e-02 1.742585349904642271e+02
6.954866469822140740e-02 -3.224439544585470420e-03 9.975733487961264689e-01 8.147523698057662500e+01 -4.836371800606220107e-03 9.999819342604171490e-01 3.569406197262355550e-03 2.084062101781039567e-01 -9.975668362302854142e-01 -5.072883047939051419e-03 6.953181366167049404e-02 1.743074101913861682e+02
6.910409991737420654e-02 -3.263785165883087164e-03 9.976041154090139473e-01 8.219629305823474397e+01 -4.812594986567306915e-03 9.999819215296064101e-01 3.604933210383490412e-03 2.100666067628111644e-01 -9.975978459800850517e-01 -5.050180229162134181e-03 6.908714334482324304e-02 1.743557085010347123e+02
6.924527438964434012e-02 -3.304323593727765372e-03 9.975941927558976685e-01 8.292414052545910863e+01 -4.942951780268313618e-03 9.999811027121107143e-01 3.655331225635223991e-03 2.089432231383197003e-01 -9.975874193284522962e-01 -5.184174404772241493e-03 6.922763272956899971e-02 1.744084723302905502e+02
6.964904142741701332e-02 -3.197670318911007958e-03 9.975664318393907548e-01 8.365498055760434681e+01 -4.838462941321142533e-03 9.999820172377387184e-01 3.543229813069780510e-03 2.172796942659274699e-01 -9.975598229202135014e-01 -5.073470771998211948e-03 6.963231713592665795e-02 1.744476186748983082e+02
6.934487692067381470e-02 -3.221011601941305581e-03 9.975875465988522928e-01 8.438183419594506063e+01 -4.902521840088262806e-03 9.999816117039981300e-01 3.569528467720827977e-03 2.197025466349015743e-01 -9.975807001563655740e-01 -5.138223246859882284e-03 6.932781070682503266e-02 1.745051804728043976e+02
6.931482479374828642e-02 -3.324778723812596253e-03 9.975892947051158144e-01 8.510738753794849742e+01 -4.872176456818792627e-03 9.999813916219966181e-01 3.671281289786245978e-03 2.180475633195228802e-01 -9.975829373843491110e-01 -5.114905294606829703e-03 6.929733604866505914e-02 1.745586003962470443e+02
6.921734680292335185e-02 -3.356680720305345658e-03 9.975959560844792628e-01 8.583681152937407433e+01 -4.894007521270553329e-03 9.999811633487654117e-01 3.704272942365735132e-03 2.192630491268477422e-01 -9.975895987789499264e-01 -5.138642057170943883e-03 6.919961535921048679e-02 1.746041238872310828e+02
6.931902015780555537e-02 -3.222925987352300795e-03 9.975893374492543764e-01 8.655490529294223734e+01 -4.743564007936310056e-03 9.999824113803408299e-01 3.560271121882924595e-03 2.274369366365705525e-01 -9.975832657201426645e-01 -4.978923381490368491e-03 6.930251277621102268e-02 1.746590763511917430e+02
6.925966962499707780e-02 -3.106253813362562857e-03 9.975938298479414268e-01 8.728879910242207529e+01 -4.732070172305261752e-03 9.999828791535003703e-01 3.442224827079595588e-03 2.351129717701418986e-01 -9.975874426211073231e-01 -4.959091360597709351e-03 6.924378482980697580e-02 1.747126792485535418e+02
6.899162213854859171e-02 -3.251418675555843747e-03 9.976119407621825141e-01 8.803100144187870058e+01 -4.789356961742830161e-03 9.999820855272829601e-01 3.590359926084454346e-03 2.323319766447802803e-01 -9.976057428336030375e-01 -5.025624448968940387e-03 6.897481398534677233e-02 1.747690783766771858e+02
6.886504157438866347e-02 -3.434617908477581409e-03 9.976200726974077115e-01 8.876290442590202190e+01 -4.968299512685695786e-03 9.999804920370176653e-01 3.785702755922000073e-03 2.259178721045190241e-01 -9.976136136044407854e-01 -5.217177898702844707e-03 6.884663394722589924e-02 1.748177162976820398e+02
6.876487656155394479e-02 -3.310215284376229194e-03 9.976274025036832027e-01 8.949849249576526233e+01 -4.956433001163397176e-03 9.999810201360149753e-01 3.659663869785801174e-03 2.333984812294661593e-01 -9.976205819465534530e-01 -5.196329714896773255e-03 6.874716455327334330e-02 1.748616373320486730e+02
6.906775321812574919e-02 -3.308900328206327169e-03 9.976064838622583641e-01 9.022889676419349314e+01 -4.887091774038543855e-03 9.999813780141146857e-01 3.655127765807716488e-03 2.360154300591250920e-01 -9.976000009018607395e-01 -5.127845903520285298e-03 6.905029613982505143e-02 1.749089997743834886e+02
6.880355310149210979e-02 -3.330430897043813905e-03 9.976246685555899552e-01 9.095762018131244986e+01 -4.891043820229067259e-03 9.999812835767214469e-01 3.675620573622548001e-03 2.393794932095543448e-01 -9.976182379903443254e-01 -5.132321725365065340e-03 6.878597606161152012e-02 1.749638299050139096e+02
6.862649113598306982e-02 -3.266416369205427366e-03 9.976370759141149902e-01 9.169286716226855560e+01 -4.877342027941705162e-03 9.999815909906950573e-01 3.609600318697259690e-03 2.432280964247241495e-01 -9.976305008614688719e-01 -5.113531443264302152e-03 6.860929636043100466e-02 1.750069018681788293e+02
6.815972416557891655e-02 -3.240675759679445371e-03 9.976691586003312295e-01 9.242406794139300530e+01 -4.775254509101197441e-03 9.999822100405814096e-01 3.574429566764382015e-03 2.471274932425934212e-01 -9.976629936737382298e-01 -5.007756281517379213e-03 6.814303655531805948e-02 1.750714948799206354e+02
6.842712011943752337e-02 -3.216972198857746042e-03 9.976509310986643175e-01 9.315273187282232925e+01 -4.784015568207664049e-03 9.999822458967326799e-01 3.552616834063384091e-03 2.522527036383432342e-01 -9.976446473705971041e-01 -5.015872924855672293e-03 6.841051521219876363e-02 1.751113716349467779e+02
6.839347962949748894e-02 -3.290020364594516307e-03 9.976529996497630615e-01 9.388031904688831730e+01 -4.740455905061567547e-03 9.999822019734623257e-01 3.622680515540888276e-03 2.506299656269603826e-01 -9.976471620878705204e-01 -4.977097779435927898e-03 6.837666616406690157e-02 1.751633579853539118e+02
6.819060475745641892e-02 -3.154600475049141976e-03 9.976673242713001155e-01 9.462576924899094877e+01 -4.637009367900919027e-03 9.999831976870059425e-01 3.478863002817890460e-03 2.606668002179999832e-01 -9.976615355755351633e-01 -4.863418500725155344e-03 6.817483108561728233e-02 1.752130362590786490e+02
6.793711219897236031e-02 -3.143528380791621793e-03 9.976846530920397971e-01 9.534607562132867997e+01 -4.698957777186438603e-03 9.999829367191868101e-01 3.470744340788831615e-03 2.637174292248379293e-01 -9.976785397019787283e-01 -4.923870407520513325e-03 6.792118166181648764e-02 1.752665489283505451e+02
6.757786739504167972e-02 -3.427063885277672507e-03 9.977081171722841368e-01 9.607323771887544694e+01 -4.684543236871763737e-03 9.999819879634789244e-01 3.752173139731036344e-03 2.555660762719586532e-01 -9.977030053542987886e-01 -4.927370671551466706e-03 6.756059595108010463e-02 1.753154052392967515e+02
6.756923352467902877e-02 -3.206888411031429999e-03 9.977094339273364643e-01 9.680458728160755300e+01 -4.631876768041449065e-03 9.999830497208332947e-01 3.527887275275861951e-03 2.652309498982344249e-01 -9.977038360147227891e-01 -4.859643787415673759e-03 6.755323429537896107e-02 1.753577839291401403e+02
6.762789134592717133e-02 -3.384541185827628484e-03 9.977048727920824200e-01 9.753779372774367573e+01 -4.736339667394090513e-03 9.999818890397070836e-01 3.713311074218436040e-03 2.633773459162215280e-01 -9.976993712530136671e-01 -4.976592563218387028e-03 6.761063620319796019e-02 1.754055694217874191e+02
6.745422751966390074e-02 -3.318967402497459765e-03 9.977168494343006122e-01 9.826500500357909118e+01 -4.693860219021878111e-03 9.999823448645878132e-01 3.643848976690395973e-03 2.665267037164134600e-01 -9.977113284241939661e-01 -4.928936447328472088e-03 6.743745783708410269e-02 1.754653791008144026e+02
6.737229745044037710e-02 -3.342795080710887160e-03 9.977223056829481740e-01 9.899504093258681792e+01 -4.619667126732616633e-03 9.999826229067997341e-01 3.662316217268793330e-03 2.691625156807174735e-01 -9.977172105420893944e-01 -4.855883594718790781e-03 6.735568411520276300e-02 1.755162501589148860e+02
6.708368743101966736e-02 -3.232808640999643764e-03 9.977421148918934612e-01 9.973271915377290497e+01 -4.629483335097070960e-03 9.999829778072522046e-01 3.551334930780715698e-03 2.765441570871811083e-01 -9.977366119195525407e-01 -4.857267136075881647e-03 6.706757928583284567e-02 1.755651855107025483e+02
6.692514339396771206e-02 -3.384226822259567020e-03 9.977522599275395754e-01 1.004731216769339142e+02 -4.696084899019289244e-03 9.999821031082453127e-01 3.706784297982110635e-03 2.736193738871194325e-01 -9.977469478621913135e-01 -4.933606391481047335e-03 6.690805302544589050e-02 1.756142194849343241e+02
6.645551867880550301e-02 -3.229125621560130412e-03 9.977841634265656179e-01 1.012063539533614431e+02 -4.655559594760922022e-03 9.999828745571833766e-01 3.546316005670197696e-03 2.824818873446443002e-01 -9.977785274308075270e-01 -4.880915905096809559e-03 6.643934721185029701e-02 1.756676267606164572e+02
6.644333632653431909e-02 -3.275920949717167630e-03 9.977848221935080586e-01 1.019395550358047160e+02 -4.646775181391902057e-03 9.999827503123014383e-01 3.592569868355528426e-03 2.836806486863118204e-01 -9.977793796918298375e-01 -4.875184076178044196e-03 6.642696773156764323e-02 1.757113470563690214e+02
6.635964910237190928e-02 -3.241168452118330622e-03 9.977905049648826408e-01 1.026729813024747102e+02 -4.644473342466796766e-03 9.999828875289774599e-01 3.557178176508557152e-03 2.892117366468010542e-01 -9.977849597174642815e-01 -4.870264497263604442e-03 6.634346000432522761e-02 1.757561869956894611e+02
6.658906900795746875e-02 -3.297728539441059734e-03 9.977750352033941672e-01 1.034107195926297322e+02 -4.668270856197153512e-03 9.999825636692978303e-01 3.616573598287356386e-03 2.877200064527783985e-01 -9.977695641458840248e-01 -4.898708386789806662e-03 6.657251324889679189e-02 1.758039939862654251e+02
6.671398859864141606e-02 -3.387129557669709898e-03 9.977663910348053555e-01 1.041377217760003617e+02 -4.697475772992102186e-03 9.999820893236749386e-01 3.708740112214541345e-03 2.866581525970393063e-01 -9.977610823471831925e-01 -4.934408294553367311e-03 6.669688274694818286e-02 1.758408146433839647e+02
6.657708227188186001e-02 -3.455920090989810650e-03 9.977752997205772134e-01 1.048733710307225522e+02 -4.727623027791965152e-03 9.999816841441369064e-01 3.779015316557988308e-03 2.862063513431173933e-01 -9.977700845869604818e-01 -4.968701297158213681e-03 6.655952456823477359e-02 1.758876852653207266e+02
6.662314531171542598e-02 -3.212246120799778365e-03 9.977730393148702692e-01 1.055995759168552013e+02 -4.682483461085506019e-03 9.999827994497164640e-01 3.532018310362795843e-03 2.968856687494947910e-01 -9.977672227816520856e-01 -4.907369923643838464e-03 6.660695806762084725e-02 1.759422442546706691e+02
6.629452008516689698e-02 -3.456654084089333563e-03 9.977941111016942477e-01 1.063270473021418212e+02 -4.745621924744653462e-03 9.999815969190997134e-01 3.779536436477137860e-03 2.906207877311274834e-01 -9.977888131660049842e-01 -4.985716164225956898e-03 6.627689608834275159e-02 1.759984074764543891e+02
6.636349039291589147e-02 -3.302128313009576252e-03 9.977900496053636603e-01 1.070496550828499096e+02 -4.698351207034280261e-03 9.999824036098582392e-01 3.621873353108072142e-03 3.003336044720998910e-01 -9.977844519929167655e-01 -4.928328241403500537e-03 6.634680807650261691e-02 1.760429478560978396e+02
6.676200293624434678e-02 -3.261002867319267445e-03 9.977635996688999365e-01 1.077733086764478827e+02 -4.682189644536982609e-03 9.999826246548556563e-01 3.581548340961141202e-03 3.052984323670315248e-01 -9.977579426213926128e-01 -4.910829734921215266e-03 6.674557428954464022e-02 1.760814093231154231e+02
6.639534273256186836e-02 -3.546493871279612214e-03 9.977870919412854533e-01 1.084955089251730556e+02 -4.730360040822337991e-03 9.999813268467835359e-01 3.869063404803155248e-03 2.960256161596325764e-01 -9.977821817196930176e-01 -4.976779979783298516e-03 6.637732672926044408e-02 1.761388880034868123e+02
6.616689783478901798e-02 -3.445469426964244391e-03 9.978026209483261688e-01 1.092251786117760162e+02 -4.618389401990470947e-03 9.999822690896363886e-01 3.759253339916520005e-03 3.018595676412424988e-01 -9.977978813919443635e-01 -4.856979181543410497e-03 6.614981211596804300e-02 1.761794731928612521e+02
6.595137749425994400e-02 -3.454220128201365356e-03 9.978168590327164411e-01 1.099447384853689584e+02 -4.706702665405747971e-03 9.999818062717494849e-01 3.772807377646260167e-03 3.042469091001186454e-01 -9.978117371311231443e-01 -4.945249113572356033e-03 6.593391960573569133e-02 1.762305458923260630e+02
6.569050140927268355e-02 -3.395413916362534368e-03 9.978342693999517898e-01 1.106741773155650890e+02 -4.697568451821548113e-03 9.999820768749924094e-01 3.711977830914110071e-03 3.111815162769311360e-01 -9.978289887927886959e-01 -4.931236469012468052e-03 6.567337384090965458e-02 1.762872198954448208e+02
6.583362913442702968e-02 -3.221084091105614299e-03 9.978254145351626025e-01 1.113956091056463578e+02 -4.617939577758660950e-03 9.999830970920789985e-01 3.532727585002751365e-03 3.184311432606894421e-01 -9.978199275966816995e-01 -4.840469751139399833e-03 6.581764158294800549e-02 1.763217337149863795e+02
6.583792734027937854e-02 -3.187560918837866776e-03 9.978252385958801263e-01 1.121131708831498628e+02 -4.501801867196777648e-03 9.999837715013035755e-01 3.491491655036667047e-03 3.222729419420478081e-01 -9.978201747326442828e-01 -4.721884096140498317e-03 6.582250912186515812e-02 1.763638386813233581e+02
6.582724035992504330e-02 -2.845083515885951132e-03 9.978269789529568001e-01 1.128315892674508660e+02 -4.548570978160458057e-03 9.999846897637481025e-01 3.151307689994782557e-03 3.378037366116258822e-01 -9.978206677197327679e-01 -4.746128726448311727e-03 6.581329146501257998e-02 1.764040911123412627e+02
6.545327882615104009e-02 -3.150587891629775053e-03 9.978506612148151378e-01 1.135432348222021091e+02 -4.628187116849351995e-03 9.999833008744772878e-01 3.460903956491331434e-03 3.296128146792699498e-01 -9.978449018634699685e-01 -4.844767086428770214e-03 6.543760430334144562e-02 1.764541292075155070e+02
6.439314568654486148e-02 -3.182233319425452692e-03 9.979195339202917570e-01 1.142581029462353968e+02 -4.694906661486832750e-03 9.999828825742647087e-01 3.491763151215265728e-03 3.322326482102660461e-01 -9.979135637118234925e-01 -4.909984680729326256e-03 6.437710315324596255e-02 1.765118726536999247e+02
6.378798670170759966e-02 -3.174294636075997676e-03 9.979584242873580369e-01 1.149751528893666830e+02 -4.647648610379500299e-03 9.999831519736988028e-01 3.477805506484911782e-03 3.337596105773776300e-01 -9.979526502369426844e-01 -4.860002295254439372e-03 6.377215899397559173e-02 1.765685025505734700e+02
6.334636686232775205e-02 -3.149854200130096198e-03 9.979866312851397581e-01 1.156849800123756040e+02 -4.649440873607128821e-03 9.999832355587582322e-01 3.451275271526720555e-03 3.370696627091570030e-01 -9.979807716108093363e-01 -4.858705584303626805e-03 6.333065983501862117e-02 1.766179055687319419e+02
6.354237894958281174e-02 -3.141764593291195267e-03 9.979741957549143061e-01 1.164099176804250391e+02 -4.718903661469290786e-03 9.999829195887400823e-01 3.448547377259747471e-03 3.401746073358783984e-01 -9.979679844692722623e-01 -4.928472990671164608e-03 6.352646793517513490e-02 1.766515347801310440e+02
6.286997220982937229e-02 -3.081002347028054082e-03 9.980169708070464329e-01 1.171113572275692007e+02 -4.708354420260674883e-03 9.999831909311707179e-01 3.383674595305302592e-03 3.446842575339276182e-01 -9.980106201804611610e-01 -4.911749143768476267e-03 6.285440897311977970e-02 1.767047345985201332e+02
6.305494232838804169e-02 -3.051142640996731565e-03 9.980053931600509909e-01 1.178288472515080088e+02 -4.686075707224496463e-03 9.999833980309064119e-01 3.353260656127250890e-03 3.490843135138443354e-01 -9.979990555819329145e-01 -4.888168485850504820e-03 6.303959760677502189e-02 1.767393811611797503e+02
6.289962005456639638e-02 -3.440730070356813608e-03 9.980139273444906811e-01 1.185349859298544857e+02 -4.622821849355064627e-03 9.999823250334504143e-01 3.738868658277041176e-03 3.362707978665388509e-01 -9.980091519195305461e-01 -4.848814007328321879e-03 6.288260242373888698e-02 1.767849057136930924e+02
6.281814392994278240e-02 -3.087241210136237521e-03 9.980202150933152883e-01 1.192490894039089966e+02 -4.680460206687898569e-03 9.999833075233189872e-01 3.387914842025793825e-03 3.533612736069868809e-01 -9.980140149744645139e-01 -4.884016424383125568e-03 6.280264562990756083e-02 1.768254204435569079e+02
6.284639775584588417e-02 -3.252169325192994127e-03 9.980179125064811974e-01 1.199709826868998732e+02 -4.647119166773802136e-03 9.999828964591545022e-01 3.551207204543004731e-03 3.485364488810173689e-01 -9.980123919934882348e-01 -4.861088750482583584e-03 6.283020964151020404e-02 1.768628399750312497e+02
6.230784955700652272e-02 -2.869772892695565507e-03 9.980528524517757738e-01 1.206901639201082332e+02 -4.712527291727399391e-03 9.999838729669975335e-01 3.169525587275952988e-03 3.644176993913212925e-01 -9.980458526390991736e-01 -4.900837629224445019e-03 6.229332083318250834e-02 1.769186557626670719e+02
6.190932124049219887e-02 -3.059087246937371857e-03 9.980770901732778366e-01 1.214077919689610496e+02 -4.648150005305458528e-03 9.999835750770887932e-01 3.353248808603122473e-03 3.612656062368074239e-01 -9.980709547146786598e-01 -4.846809389675286496e-03 6.189408528826023659e-02 1.769684806386930802e+02
6.170598951437022972e-02 -3.042720065772375887e-03 9.980897317940176094e-01 1.221188172768021758e+02 -4.627147089568200804e-03 9.999837349668438957e-01 3.334563175635222101e-03 3.634613951175973412e-01 -9.980836439737224008e-01 -4.824070517949346354e-03 6.169090675110810995e-02 1.770138577952078265e+02
6.130822237869892888e-02 -2.858796037518990339e-03 9.981147875640257183e-01 1.228304652017135083e+02 -4.616686253572632563e-03 9.999843888915178614e-01 3.147726368926379460e-03 3.732256478270442601e-01 -9.981082045934701608e-01 -4.800964327447838388e-03 6.129406712502039056e-02 1.770640517379741823e+02
6.121689125248541696e-02 -3.041055191002181492e-03 9.981198546310492414e-01 1.235307046127441737e+02 -4.715330127961224298e-03 9.999833184627457960e-01 3.335934354717838037e-03 3.692028675510899416e-01 -9.981133492179963262e-01 -4.910680152476255313e-03 6.120153048147047858e-02 1.771034649149854090e+02
6.113190762089881769e-02 -2.995249104962856290e-03 9.981252017424615541e-01 1.242350900586667706e+02 -4.692477153258481880e-03 9.999835839832619255e-01 3.288224772824077484e-03 3.735381375649105551e-01 -9.981186655547507058e-01 -4.884695158317045767e-03 6.111684894048674543e-02 1.771477161366451298e+02
6.096710431324381396e-02 -3.088663698515569777e-03 9.981349970561175233e-01 1.249408170212788320e+02 -4.737835866683584411e-03 9.999830513479943672e-01 3.383774232237063331e-03 3.726395136533326991e-01 -9.981285313540328996e-01 -4.935298705433849645e-03 6.095143742135800125e-02 1.771919648176222779e+02
6.105096891033201523e-02 -3.061072525488504892e-03 9.981299559827385703e-01 1.256569204462090426e+02 -4.605079205111126638e-03 9.999837905024491214e-01 3.348429164347768890e-03 3.771684093510389579e-01 -9.981240265821800239e-01 -4.800892349105638675e-03 6.103588282336858128e-02 1.772287865434178684e+02
6.081212494928855961e-02 -2.968038068722108399e-03 9.981448172530752450e-01 1.263626775448106230e+02 -4.667010091308831238e-03 9.999838026012063397e-01 3.257844692303460410e-03 3.801902481035984716e-01 -9.981383193104852447e-01 -4.856468393201446299e-03 6.079728808743112278e-02 1.772778194456576273e+02
6.069909585439836608e-02 -2.977203098605713753e-03 9.981516698499125484e-01 1.270731336679307475e+02 -4.685481319799967778e-03 9.999836843989813318e-01 3.267598604521459831e-03 3.819877978020360110e-01 -9.981451127102015652e-01 -4.875161284318456183e-03 6.068415588266440341e-02 1.773254111990420654e+02
6.058347966338184509e-02 -3.084130665770714198e-03 9.981583692630709992e-01 1.277746323805975948e+02 -4.910583038122280121e-03 9.999822042832152702e-01 3.387815093487487467e-03 3.804771878027903842e-01 -9.981510547838451375e-01 -5.106785184282629925e-03 6.056725665720130714e-02 1.773633928541338776e+02
6.035268694933715317e-02 -3.036336293536195507e-03 9.981724970364131977e-01 1.284806247127862946e+02 -4.796240246707843616e-03 9.999829473172957561e-01 3.331839448466438966e-03 3.853228879795727035e-01 -9.981655921025787137e-01 -4.988560566641658464e-03 6.033709477578275138e-02 1.774131164087710602e+02
6.072250125262745879e-02 -3.085212688846986767e-03 9.981499182509058210e-01 1.291858545986316642e+02 -4.971186565862120016e-03 9.999818862538293329e-01 3.393297564453308726e-03 3.853191901638168271e-01 -9.981423070613492099e-01 -5.168038979933328725e-03 6.070606417278123779e-02 1.774419257732563153e+02
6.043513330929328742e-02 -2.780744486809600367e-03 9.981682534132144680e-01 1.298812305887535103e+02 -4.612732888151055768e-03 9.999846638495716311e-01 3.065087431349993678e-03 4.013034148685921121e-01 -9.981614685797036701e-01 -4.789522497945708154e-03 6.042137963544980117e-02 1.774893775074151279e+02
6.015953372751070560e-02 -2.839228326262229103e-03 9.981847370523153629e-01 1.305887210415612572e+02 -4.616375371081210717e-03 9.999844691921994100e-01 3.122571508949895016e-03 4.019163529994915773e-01 -9.981781001304936840e-01 -4.795847881926718070e-03 6.014549245763678442e-02 1.775413536558928058e+02
5.960507464984055037e-02 -2.895555703913721760e-03 9.982178373647470071e-01 1.312953826750806741e+02 -4.623166991332677139e-03 9.999842672144826361e-01 3.176735822278475754e-03 4.009981535362623917e-01 -9.982113310331421907e-01 -4.804277331693920620e-03 5.959075025843341145e-02 1.775966553175351805e+02
5.965361117308287664e-02 -2.940389506174721779e-03 9.982148069346412633e-01 1.319931244874747733e+02 -4.553709400770022606e-03 9.999844548407821332e-01 3.217733282482496994e-03 4.042235920182645215e-01 -9.982087509157113736e-01 -4.737529560418007012e-03 5.963929416886304402e-02 1.776341839715663014e+02
5.979658952367050695e-02 -3.096423946022588015e-03 9.982057804080701757e-01 1.326907179366294258e+02 -4.748040881449580239e-03 9.999829941793318966e-01 3.386363820734462904e-03 3.988042716020478995e-01 -9.981992907176031604e-01 -4.942014860843066751e-03 5.978087068611048771e-02 1.776833882672007405e+02
6.013919093245934100e-02 -2.843644829764174677e-03 9.981859503108986287e-01 1.333910337708204281e+02 -4.512273474377465066e-03 9.999849504228560670e-01 3.120627483443140504e-03 4.096461101589214948e-01 -9.981798019906443775e-01 -4.691759998139997077e-03 6.012545455993012489e-02 1.777155945506113426e+02
5.978706523675980655e-02 -2.876948942321728292e-03 9.982070075866824599e-01 1.340838936214126420e+02 -4.558598259106463359e-03 9.999846321227031654e-01 3.155107024186345078e-03 4.101625372775291045e-01 -9.982007443456892837e-01 -4.739059316496511617e-03 5.977303158203739475e-02 1.777676570374312064e+02
6.008932654834786558e-02 -2.706698582935788619e-03 9.981893340532883574e-01 1.347636443233085402e+02 -4.489130444434035611e-03 9.999854781615190591e-01 2.981807158571564247e-03 4.189182185810972348e-01 -9.981829093622165416e-01 -4.660176912863560166e-03 6.007630321784074301e-02 1.778115879376534849e+02
6.012015286775962419e-02 -2.388779373536892119e-03 9.981882893283522407e-01 1.354630538226604699e+02 -4.309385371104710108e-03 9.999871962793365210e-01 2.652635503599833251e-03 4.324553705417819582e-01 -9.981818453653026335e-01 -4.461054863618504722e-03 6.010908893522892704e-02 1.778617597527876626e+02
6.088537199962074098e-02 -2.912665511907921046e-03 9.981405150859690156e-01 1.361504575828775785e+02 -4.665437022689579959e-03 9.999839882978841521e-01 3.202630987849754401e-03 4.160795960584092179e-01 -9.981338613501973267e-01 -4.851755092001272182e-03 6.087080826366708663e-02 1.778885247669709031e+02
6.053687946533459208e-02 -2.866320082961597987e-03 9.981618458114805970e-01 1.368267023398945526e+02 -4.725068652190246923e-03 9.999838498723224722e-01 3.158119814153599603e-03 4.220500759167189475e-01 -9.981547775524756139e-01 -4.907565965982681883e-03 6.052235822783091912e-02 1.779472857650094113e+02
6.050273360215419061e-02 -2.874618665425417250e-03 9.981638922512653389e-01 1.375087147275808945e+02 -4.645275039323543478e-03 9.999842132659501059e-01 3.161429848640150662e-03 4.235362938449721559e-01 -9.981572224086124878e-01 -4.828020961763010953e-03 6.048842506725538026e-02 1.780010016193027411e+02
6.059063911519890766e-02 -2.702374507081351310e-03 9.981590412472531870e-01 1.381959056820042804e+02 -4.834748899170112323e-03 9.999838100832999510e-01 3.000795622592027957e-03 4.291387874958532134e-01 -9.981509904091134810e-01 -5.007668450493794020e-03 6.057659285562555507e-02 1.780501335360290796e+02
6.137072538646637376e-02 -3.307416152386983329e-03 9.981095606515016927e-01 1.388767510434343819e+02 -5.029833841854383994e-03 9.999807875496944387e-01 3.622886006528381643e-03 4.132038662987057021e-01 -9.981023669128644693e-01 -5.242664388256460146e-03 6.135291055076230737e-02 1.780783559823501889e+02
6.202768663168667373e-02 -3.631352502688826346e-03 9.980678230311419430e-01 1.395698696931218592e+02 -5.037303930779822060e-03 9.999795059313640877e-01 3.951365127884016830e-03 4.043539637848354573e-01 -9.980617173603196779e-01 -5.272665006059394470e-03 6.200812320578363845e-02 1.781116276634432722e+02
6.266410222307206013e-02 -3.050442208005028563e-03 9.980300121213352416e-01 1.402386285046405874e+02 -5.060001783878630144e-03 9.999815056999318275e-01 3.374113223396726664e-03 4.252744325140462300e-01 -9.980218467922052916e-01 -5.261469417641518112e-03 6.264750805134788880e-02 1.781530121528997199e+02
6.271030099467789221e-02 -2.768252992426427622e-03 9.980279329380147280e-01 1.409098498126348886e+02 -5.141933566922990764e-03 9.999819851288107575e-01 3.096762347405841807e-03 4.343026519544305186e-01 -9.980185262149946501e-01 -5.325992228015552499e-03 6.269493710369977713e-02 1.781994541804076846e+02
6.291201075692243183e-02 -2.965694890902867593e-03 9.980146710125732401e-01 1.415874842580680024e+02 -5.169171362325597659e-03 9.999812032715591492e-01 3.297388510885837162e-03 4.310251515462277805e-01 -9.980056906500822667e-01 -5.366354198045599280e-03 6.289549803184113497e-02 1.782454760166158394e+02
6.319245716602039931e-02 -3.163672960964336502e-03 9.979963449485760307e-01 1.422637993234865803e+02 -5.057811662305005708e-03 9.999811182676238142e-01 3.490221973049061847e-03 4.319892635800262060e-01 -9.979885429695622978e-01 -5.268233254950482371e-03 6.317526272095830286e-02 1.782867737002825947e+02
6.351540250715792535e-02 -3.228972532715070499e-03 9.979756346628596564e-01 1.429428478985834090e+02 -5.031476620853125858e-03 9.999810204916456113e-01 3.555685517694548090e-03 4.315189238991947174e-01 -9.979681747868358599e-01 -5.247131870832479408e-03 6.349795051623763342e-02 1.783291706778198318e+02
6.339581023718110497e-02 -3.404328308068806878e-03 9.979826560582818473e-01 1.435670230340688818e+02 -4.911381701037325666e-03 9.999810081154948405e-01 3.723135520666904369e-03 4.281049470133082568e-01 -9.979763772625875884e-01 -5.137504947872779601e-03 6.337788627551843579e-02 1.783734154643289003e+02
6.369774527828098165e-02 -3.482349746670242163e-03 9.979631608865657810e-01 1.442305444374019601e+02 -5.282548269249173062e-03 9.999787258495894671e-01 3.826556155961022363e-03 4.258415754238357720e-01 -9.979552554750372728e-01 -5.515531567631203926e-03 6.367799448223998571e-02 1.784150342638136806e+02
6.441885176460127038e-02 -3.247593061754352074e-03 9.979176642772870087e-01 1.448728466034828841e+02 -5.139658701348283343e-03 9.999803617491230812e-01 3.586087635097201347e-03 4.359513775543599756e-01 -9.979097130731638954e-01 -5.359967854212108369e-03 6.440089517109082173e-02 1.784566347264672288e+02
6.552766409135224457e-02 -3.011881833813897374e-03 9.978462074921917724e-01 1.455083948948575312e+02 -5.095306880312126113e-03 9.999813976781284364e-01 3.352930880924569895e-03 4.465064822415065748e-01 -9.978377438674720379e-01 -5.304042375015072946e-03 6.551109866242277313e-02 1.784987845208108581e+02
6.579306854425304163e-02 -3.301946952334408429e-03 9.978278254678286663e-01 1.461543383990579343e+02 -5.113488894454717125e-03 9.999802784092167718e-01 3.646234215121381579e-03 4.376981026922563967e-01 -9.978201863877368405e-01 -5.342278441751522298e-03 6.577488653120799889e-02 1.785487927635970209e+02
6.666446665284431194e-02 -3.292437899766407702e-03 9.977700179593331775e-01 1.468054694808868703e+02 -5.385732368023997407e-03 9.999788005076385433e-01 3.659565843711696902e-03 4.431168153861762549e-01 -9.977609146347394820e-01 -5.617685286719472683e-03 6.664532121062616277e-02 1.785868841357103349e+02
6.685359238575327989e-02 -3.531523549423963744e-03 9.977565462208400904e-01 1.474305546980216945e+02 -5.144589613788359307e-03 9.999792232733393238e-01 3.884098267894404467e-03 4.367280061105978661e-01 -9.977495328903066563e-01 -5.392713887165101298e-03 6.683403514756480757e-02 1.786336719781870670e+02
6.673377563146443148e-02 -3.425847057040629258e-03 9.977649356245745782e-01 1.480732870149149107e+02 -5.473484355774205050e-03 9.999778020259935118e-01 3.799529480081584136e-03 4.432878912454082942e-01 -9.977558038713565391e-01 -5.714807713710064706e-03 6.671354295657561106e-02 1.786839976700597958e+02
6.766214324373531763e-02 -2.797578601309827669e-03 9.977043690019774536e-01 1.487215019350050511e+02 -5.222397698544381343e-03 9.999813761992709660e-01 3.158135033597163528e-03 4.632432224823674338e-01 -9.976946230856126308e-01 -5.424095185529910317e-03 6.764627304941361885e-02 1.787115579128244178e+02
6.822241146710217308e-02 -2.737149953063293568e-03 9.976663824063373154e-01 1.493659352477229163e+02 -5.092401160211072579e-03 9.999822541637932716e-01 3.091732187984796813e-03 4.662391977417529310e-01 -9.976571405167394824e-01 -5.291442868744398835e-03 6.820726213776606706e-02 1.787596187064650337e+02
6.914644671572611756e-02 -2.804432793983188156e-03 9.976025782160414801e-01 1.500178405088128955e+02 -5.249862840017135816e-03 9.999811789766872572e-01 3.175001189836918532e-03 4.647063936868712219e-01 -9.975927063921178339e-01 -5.456816755077109962e-03 6.913042242132805271e-02 1.788027595909874776e+02
6.972455534619037554e-02 -3.327969664257206597e-03 9.975607304819542609e-01 1.506447195171887756e+02 -5.150609888294743754e-03 9.999799050422126800e-01 3.696042416674729519e-03 4.557207542329437255e-01 -9.975529848582254111e-01 -5.395751076638186094e-03 6.970601316073332665e-02 1.788486957611243326e+02
7.038029544995583198e-02 -3.064633045123554399e-03 9.975155247096036959e-01 1.512571690284589465e+02 -5.453145631114014735e-03 9.999791561259843142e-01 3.456951878470047781e-03 4.644143885585855225e-01 -9.975053269106401999e-01 -5.682898720101581258e-03 7.036211656164326200e-02 1.788913255370400179e+02
7.097838427322200605e-02 -3.097262857224962820e-03 9.974730452141333803e-01 1.518909802581183328e+02 -5.539303690427200416e-03 9.999785355932268027e-01 3.499209546570789149e-03 4.658684253644863049e-01 -9.974624730187038324e-01 -5.773674360305334520e-03 7.095970408473462054e-02 1.789454626380935167e+02
7.092742528009454706e-02 -3.545431324801512438e-03 9.974751777662730357e-01 1.525235130487969855e+02 -5.404580045332885857e-03 9.999776386067502632e-01 3.938629330256498279e-03 4.534443471490387512e-01 -9.974668369713705074e-01 -5.670291278998228213e-03 7.090667767665548293e-02 1.789907433173293896e+02
7.237584416227516027e-02 -3.138513132644921849e-03 9.973724915582514727e-01 1.531573353851492527e+02 -5.220656575875410460e-03 9.999801573757809425e-01 3.525563731535071021e-03 4.713994070353023647e-01 -9.973637660987665354e-01 -5.462104907868579537e-03 7.235802293637250138e-02 1.790178977975293151e+02
7.316049859448547910e-02 -3.409994057187902376e-03 9.973143503359092055e-01 1.537889693647760510e+02 -5.378251270257788062e-03 9.999782650546367169e-01 3.813637580137928945e-03 4.623821470702006997e-01 -9.973056782444791324e-01 -5.642814798361981896e-03 7.314056865017615205e-02 1.790703463685478027e+02
7.394525144865238264e-02 -3.442470403560762057e-03 9.972563608148689029e-01 1.544091346744006046e+02 -5.272289508744091441e-03 9.999787176947715350e-01 3.842801173168439079e-03 4.616458625154220563e-01 -9.972483656299123700e-01 -5.541981147669662600e-03 7.392552802264795719e-02 1.791045943470258521e+02
7.418584799321581436e-02 -3.396080359504207759e-03 9.972386507730834904e-01 1.550181542129593026e+02 -5.108221721614256659e-03 9.999797881199714578e-01 3.785422351574809288e-03 4.679177928883852533e-01 -9.972313503036147608e-01 -5.374940904676408365e-03 7.416700062629555390e-02 1.791518391877171439e+02
7.516079562245170376e-02 -3.365983353108953011e-03 9.971657459808106472e-01 1.556483825197254021e+02 -5.178361560504355851e-03 9.999795014608139354e-01 3.765797356568824361e-03 4.726674664197221820e-01 -9.971579811509049263e-01 -5.446725093911319177e-03 7.514182465712837544e-02 1.791907889898741075e+02
7.502293821324579337e-02 -2.897923967172328068e-03 9.971775974110789198e-01 1.562713158038569361e+02 -5.154581155490485164e-03 9.999812901546577537e-01 3.293878221426356501e-03 4.869668725577186441e-01 -9.971684857810955149e-01 -5.387149274580451189e-03 7.500659696140354882e-02 1.792499269798682917e+02
7.529029510116913571e-02 -3.145296822422303552e-03 9.971566971000485058e-01 1.568735927012130276e+02 -5.100076442299423911e-03 9.999807311527296738e-01 3.539285737959955817e-03 4.831471129072845705e-01 -9.971486151441326662e-01 -5.352049247819423185e-03 7.527280308974382272e-02 1.792944969954009480e+02
7.508551198959456663e-02 -3.180159701705333707e-03 9.971720275225999242e-01 1.574777378565358390e+02 -4.790644729125932526e-03 9.999822239858161543e-01 3.549850061661321242e-03 4.855650962565526418e-01 -9.971655908686081204e-01 -5.043639227049096473e-03 7.506894225315574598e-02 1.793494642789528939e+02
7.475824632450311924e-02 -3.328818620184247155e-03 9.971961309457028078e-01 1.580657459225260482e+02 -4.939342933582251648e-03 9.999809251127595999e-01 3.708409634067982331e-03 4.823856249572227028e-01 -9.971894541649896082e-01 -5.202727863678033478e-03 7.474037814265543922e-02 1.794036298265045275e+02
7.448059314028998568e-02 -3.684328992262069554e-03 9.972156572002606190e-01 1.586571237200161306e+02 -5.048101773360395839e-03 9.999789692565757004e-01 4.071573779533427598e-03 4.760495832999676602e-01 -9.972096860309553890e-01 -5.337299357649490095e-03 7.446042789032614184e-02 1.794349221477609717e+02
7.458547529634551587e-02 -4.156606048207148532e-03 9.972059614247092973e-01 1.592566451790023336e+02 -4.839854569951914862e-03 9.999780265103174193e-01 4.530154994338317191e-03 4.655651976477002685e-01 -9.972028793994531792e-01 -5.164215593003508055e-03 7.456371902439573596e-02 1.794679024228226183e+02
7.445903677223886241e-02 -3.861742388367451085e-03 9.972165957246584833e-01 1.598392793589788994e+02 -4.983026761925215403e-03 9.999785765804523052e-01 4.244505203473379618e-03 4.745486838283227149e-01 -9.972116231208102421e-01 -5.285198752957314186e-03 7.443819843938603853e-02 1.795078505246144402e+02
7.453081879929013276e-02 -3.562168421472738326e-03 9.972123485021857636e-01 1.604120154369325064e+02 -5.086521908460579430e-03 9.999792534322702320e-01 3.952214558215305477e-03 4.858334179230395233e-01 -9.972057382225507638e-01 -5.366904245138055286e-03 7.451115349289250123e-02 1.795452941073621957e+02
7.400842933204332397e-02 -3.898116834854866309e-03 9.972499972789901079e-01 1.609971991025354328e+02 -4.957339235388643316e-03 9.999785671722924985e-01 4.276679056708421189e-03 4.803597946759906034e-01 -9.972452943862453179e-01 -5.260216838746591128e-03 7.398751883459897538e-02 1.795941060258200821e+02
7.364875135265214201e-02 -3.940748544571822526e-03 9.972764571196414130e-01 1.615773773334999248e+02 -4.942215331656682822e-03 9.999784713347174003e-01 4.316407614836005428e-03 4.803400133940011751e-01 -9.972719969656277383e-01 -5.246653027438701912e-03 7.362768976546063548e-02 1.796486222593367472e+02
7.315807078679159581e-02 -3.606750180823369012e-03 9.973138362781736044e-01 1.621596342748723032e+02 -4.861098249144718206e-03 9.999802923836869084e-01 3.972979744243683789e-03 4.943140552367970564e-01 -9.973085111451555074e-01 -5.138696076743500332e-03 7.313909624861314462e-02 1.796964629799349780e+02
7.268369338037206084e-02 -3.526978010094022897e-03 9.973488061569553143e-01 1.627230152593658659e+02 -5.059737567785009896e-03 9.999795747312233418e-01 3.905019347834179887e-03 4.972576804238841297e-01 -9.973422079568943222e-01 -5.330154451620276908e-03 7.266436321326064096e-02 1.797289211666699487e+02
7.274802682487935268e-02 -3.592541823315108240e-03 9.973438816357848014e-01 1.633065211233836749e+02 -4.873744846197092598e-03 9.999802920577484100e-01 3.957538031960852395e-03 4.993900334445867117e-01 -9.973384436610576165e-01 -5.148702685918177951e-03 7.272908397877164699e-02 1.797724513809170332e+02
7.249819843974625311e-02 -3.829149957086248370e-03 9.973611927649870257e-01 1.638625642752731437e+02 -4.830858727635350784e-03 9.999795516438378939e-01 4.190357758304523797e-03 4.941746199567262909e-01 -9.973568438763253940e-01 -5.121904410968632429e-03 7.247821788827379930e-02 1.798204247896606773e+02
7.256649152776173395e-02 -3.272175033524307459e-03 9.973582090592637561e-01 1.644433457386560065e+02 -5.000563886906858255e-03 9.999808553912727938e-01 3.644614074391071008e-03 5.121475585978048084e-01 -9.973510408417715078e-01 -5.251830298883114305e-03 7.254873955037044464e-02 1.798649242241891102e+02
7.241885406450310203e-02 -3.741345971160921300e-03 9.973672903731644057e-01 1.650120484673482224e+02 -5.082079073894895174e-03 9.999785981833259063e-01 4.120151404623963523e-03 4.993996050676154375e-01 -9.973613598131173541e-01 -5.367076078687832430e-03 7.239829035339639951e-02 1.799020210726142466e+02
7.224882393197851194e-02 -4.466903772428603217e-03 9.973766360864555480e-01 1.655715375800869538e+02 -4.952227797940349230e-03 9.999760377972451986e-01 4.837279313810749840e-03 4.828711076156275706e-01 -9.973743444064937513e-01 -5.288724043696894916e-03 7.222497156597806889e-02 1.799469882170153028e+02
7.231809228195018591e-02 -3.980486377945667911e-03 9.973736758391483770e-01 1.661236100027940097e+02 -5.110106769625052600e-03 9.999774322265327919e-01 4.361404181343868022e-03 4.973532271251899228e-01 -9.973685278459024639e-01 -5.412094402816763558e-03 7.229611951323955399e-02 1.799859661185888342e+02
7.274459474352967803e-02 -3.681378707593049165e-03 9.973438080152758900e-01 1.666953754979687119e+02 -5.001097255376913547e-03 9.999792692235441871e-01 4.055878374498746858e-03 5.103778835459991114e-01 -9.973380635280308937e-01 -5.282856609614312859e-03 7.272467575864716149e-02 1.800123686258075395e+02
7.229140730224403733e-02 -3.923532348906660916e-03 9.973758360438496062e-01 1.672393731573385764e+02 -4.975732265814339361e-03 9.999783997912951028e-01 4.294419548636083453e-03 5.052409559412535112e-01 -9.973711418116526506e-01 -5.273124761264104399e-03 7.227032334625438370e-02 1.800554000728780295e+02
7.180636881336732724e-02 -4.255639191176461243e-03 9.974095121528134822e-01 1.677513345176189432e+02 -5.164744225274553978e-03 9.999759049763422558e-01 4.638413935045201941e-03 4.962542442695173639e-01 -9.974052189631485987e-01 -5.484432679854071499e-03 7.178265934927452463e-02 1.801005747714877998e+02
7.211395265039044489e-02 -3.846059140688547380e-03 9.973889841291729841e-01 1.682963488513840105e+02 -5.067391566410975497e-03 9.999782460774369053e-01 4.222429940886085822e-03 5.127760830952803328e-01 -9.973835267217170397e-01 -5.358656639434031602e-03 7.209289440139532434e-02 1.801324734294215943e+02
7.231890579617539228e-02 -3.869649646268043600e-03 9.973740530393095938e-01 1.688337854339603155e+02 -5.065243507697140060e-03 9.999781527816319349e-01 4.247030449957078270e-03 5.111397456565771602e-01 -9.973686977104565532e-01 -5.359083041926880099e-03 7.229772511150045489e-02 1.801762555884322126e+02
7.214311357175973161e-02 -3.857315515533531278e-03 9.973868318166158042e-01 1.693593566670458586e+02 -4.966709958870245065e-03 9.999787336291448003e-01 4.226592201336714164e-03 5.191704524337737992e-01 -9.973819243180402916e-01 -5.258650631632175512e-03 7.212242118216638520e-02 1.802186402230339297e+02
7.155668611281429392e-02 -4.222636290660866133e-03 9.974275963774558162e-01 1.698536774681349755e+02 -4.938638199168469446e-03 9.999772810146246860e-01 4.587734444796450102e-03 5.077330270877169482e-01 -9.974243081684394108e-01 -5.254217102009738592e-03 7.153420634462270833e-02 1.802670921739111236e+02
7.137204973131427987e-02 -4.084148919439853365e-03 9.974414019102850748e-01 1.703884483246949912e+02 -5.066963354831810484e-03 9.999772298143679850e-01 4.457099409192642400e-03 5.138620989088920066e-01 -9.974368934421424804e-01 -5.372111352761790859e-03 7.134973034358249588e-02 1.803085668539122821e+02
7.165271079586699177e-02 -4.269093876080459760e-03 9.974205050394149286e-01 1.709540892447473368e+02 -5.274050745268741430e-03 9.999752391860681211e-01 4.658905826716662653e-03 5.094952793033884486e-01 -9.974156974022119204e-01 -5.594269589776359498e-03 7.162842119868850776e-02 1.803429919630306983e+02
7.190262464534979969e-02 -4.436246848816319775e-03 9.974017907959692453e-01 1.714658620188082807e+02 -4.934690616021904751e-03 9.999762876190404493e-01 4.803439201891118032e-03 5.087840337751239339e-01 -9.973994492667589418e-01 -5.267249143384647794e-03 7.187902815722690963e-02 1.803785323004703685e+02
7.167907475275425710e-02 -4.361923410203773048e-03 9.974182091112797632e-01 1.719704299926305566e+02 -4.622341816442213612e-03 9.999782468088830312e-01 4.705301814396825426e-03 5.174180119959698176e-01 -9.974170362484897634e-01 -4.947679576944394135e-03 7.165735320316291013e-02 1.804229913874400779e+02
7.163458358991869890e-02 -4.526416990557405318e-03 9.974206725264553874e-01 1.724738874480303252e+02 -4.898630780897307926e-03 9.999760461907916120e-01 4.889832420882964971e-03 5.143157844406315293e-01 -9.974189139225160261e-01 -5.236276717235823462e-03 7.161069442317347100e-02 1.804568407078348855e+02
7.167895978642879751e-02 -4.767808346707177840e-03 9.974163597653212809e-01 1.729779557557778844e+02 -4.983022340501688623e-03 9.999743841789936472e-01 5.138139176449328140e-03 5.108275338935863719e-01 -9.974153077892325969e-01 -5.338444474898251281e-03 7.165336557551815755e-02 1.804905825710548299e+02
7.066622381646381346e-02 -5.102075582608099971e-03 9.974869691561244478e-01 1.734625113771892586e+02 -5.015343660188319175e-03 9.999724618042101776e-01 5.470097000740977745e-03 5.056366118611815841e-01 -9.974874090130120274e-01 -5.389291045829760173e-03 7.063868913372961522e-02 1.805382421841638916e+02
7.037840791854443889e-02 -4.963990897204472764e-03 9.975080142501231428e-01 1.739599547755788365e+02 -4.990952698346395357e-03 9.999733489588092938e-01 5.328392183977212308e-03 5.132008853493541523e-01 -9.975078797132452824e-01 -5.353519074017738279e-03 7.035175721693309736e-02 1.805809850927773823e+02
6.982003670717984445e-02 -5.337828865881443126e-03 9.975453223073160736e-01 1.744419634962142425e+02 -5.367754627277561245e-03 9.999691967411796778e-01 5.726497975306189640e-03 5.019342786656680877e-01 -9.975451617267609983e-01 -5.754402818573651178e-03 6.978923386692381658e-02 1.806202903376255335e+02
7.003998361385843641e-02 -5.037614488492725591e-03 9.975314647346397168e-01 1.749292914933365921e+02 -4.844043200487479182e-03 9.999737408804385552e-01 5.390064475799611482e-03 5.189897645894041567e-01 -9.975324235035382126e-01 -5.209605536582792920e-03 7.001374200334498088e-02 1.806449404943434160e+02
6.980109510435217324e-02 -5.029494169367745328e-03 9.975482501165711113e-01 1.754020127381125747e+02 -5.091687508052060614e-03 9.999724678019251689e-01 5.397995595401014132e-03 5.181880458220339269e-01 -9.975479346079330067e-01 -5.455989967725196482e-03 6.977356471414197792e-02 1.806852919270133384e+02
6.979877464407646670e-02 -5.116291393137862784e-03 9.975479710873887962e-01 1.758792145977888879e+02 -5.171349036353288867e-03 9.999715550306058631e-01 5.490562704878926975e-03 5.170225582630948447e-01 -9.975476871845924132e-01 -5.541903287905962025e-03 6.977033109150232448e-02 1.807205901445144036e+02
6.984274098412823761e-02 -4.552998567070550180e-03 9.975476237934067791e-01 1.763450279193044423e+02 -5.202574622892451768e-03 9.999743220614321082e-01 4.928329846143246137e-03 5.327513487547264059e-01 -9.975444475055320614e-01 -5.534024017602777110e-03 6.981726025171275385e-02 1.807430267233741574e+02
6.976580053655501157e-02 -4.512787463747665144e-03 9.975531904739720623e-01 1.767983078198484179e+02 -4.848003874282114621e-03 9.999764247184871335e-01 4.862804300692556876e-03 5.344818995019444685e-01 -9.975516176789693823e-01 -5.175399167110719158e-03 6.974227777705932496e-02 1.807740855605973422e+02
6.926075662150676937e-02 -4.687779580878325900e-03 9.975875762632662180e-01 1.772789372795368195e+02 -5.181003277946261490e-03 9.999737830328807586e-01 5.058700618052277068e-03 5.310048949999554013e-01 -9.975851366160437550e-01 -5.518873934986432556e-03 6.923465341315293564e-02 1.808208032334755728e+02
6.923253749317093142e-02 -4.477228502093486343e-03 9.975905022488923413e-01 1.777756712835405040e+02 -4.601560035062256249e-03 9.999778575579545414e-01 4.807290197896135764e-03 5.449993389984946202e-01 -9.975899364957031557e-01 -4.923293485372584599e-03 6.921040227997876659e-02 1.808570763835664081e+02
6.872270652320477957e-02 -4.332385683880787298e-03 9.976263930161489712e-01 1.782564096724271110e+02 -4.591788608131533271e-03 9.999786047813612466e-01 4.658911557485062409e-03 5.490908380318182402e-01 -9.976252327830846811e-01 -4.901062518305518596e-03 6.870134278664397076e-02 1.808938158472260511e+02
6.934763164200197227e-02 -4.410625786300480071e-03 9.975828047665107334e-01 1.787279541171697019e+02 -4.489827902586459620e-03 9.999787182791984863e-01 4.733332240248131970e-03 5.512048223473259290e-01 -9.975824514450173375e-01 -4.807220492617080010e-03 6.932635285434396444e-02 1.809096135709503983e+02
6.939038792840646064e-02 -4.682761289206736378e-03 9.975785912948682554e-01 1.791860191476398825e+02 -4.383846419218822253e-03 9.999778959049103744e-01 4.998959107754182181e-03 5.503838924846022884e-01 -9.975799496550230572e-01 -4.720111047062669658e-03 6.936832561036365696e-02 1.809433649003679818e+02
6.928656325248472303e-02 -4.263299422133857292e-03 9.975876885921844961e-01 1.796427301434094659e+02 -4.436736103784194932e-03 9.999796616234678526e-01 4.581671328246360482e-03 5.620456008737403364e-01 -9.975869323148761625e-01 -4.743481574954207421e-03 6.926623894180528040e-02 1.809754700512998227e+02
6.920708713889600627e-02 -4.182956116712999335e-03 9.975935454722404394e-01 1.801172868893350483e+02 -4.350838199671753191e-03 9.999804333001529599e-01 4.494799639421770583e-03 5.666796801856430754e-01 -9.975928274084120417e-01 -4.651440095703945378e-03 6.918753361933449586e-02 1.809969383474868891e+02
6.843736446201609258e-02 -4.147717165620900225e-03 9.976467930023167341e-01 1.805881395292346383e+02 -4.305537907050558701e-03 9.999808173825356361e-01 4.452775571132109450e-03 5.685976290203650363e-01 -9.976461243791929778e-01 -4.600142309748027347e-03 6.841819350074906936e-02 1.810284337636881560e+02
6.798239701992547790e-02 -3.741895427234680650e-03 9.976795036052595878e-01 1.810656852395303247e+02 -3.932919273603158357e-03 9.999841916541946096e-01 4.018530539191556179e-03 5.836636853757894983e-01 -9.976787688637124285e-01 -4.196982287159972159e-03 6.796660575803914472e-02 1.810454721243580991e+02
6.687841704927677267e-02 -3.711531223221511706e-03 9.977542291912181449e-01 1.815012306921406946e+02 -3.810934635891403532e-03 9.999848368808175181e-01 3.975271770056069964e-03 5.889868327659257830e-01 -9.977538544702214685e-01 -4.068236033453969877e-03 6.686325856097752318e-02 1.810781525867774633e+02
6.630277924119309940e-02 -3.484229646580269939e-03 9.977934664090878369e-01 1.819701614040232869e+02 -3.635670806306539899e-03 9.999864214372240490e-01 3.733475453612723326e-03 5.959749631898634270e-01 -9.977929260937269396e-01 -3.875188375350223455e-03 6.628921143273436289e-02 1.811110109019906815e+02
6.525125435951095731e-02 -3.721468472325473349e-03 9.978619265594415033e-01 1.824226211494649306e+02 -3.727547558390375063e-03 9.999851596826115907e-01 3.973135253382904103e-03 5.921654459908860524e-01 -9.978619038693232746e-01 -3.978829846980589530e-03 6.523641405946867255e-02 1.811411323935150790e+02
6.386602214332637306e-02 -3.541205268661004428e-03 9.979521987955304319e-01 1.828895585260883934e+02 -3.489641441385509663e-03 9.999867980582133331e-01 3.771751833390368704e-03 6.032290966656149722e-01 -9.979523804361605244e-01 -3.723382135549114808e-03 6.385282145116188968e-02 1.811688530067617933e+02
6.262995989477104786e-02 -3.789718718467166916e-03 9.980296218828450527e-01 1.833369564668673490e+02 -3.933973162467184134e-03 9.999840847875703931e-01 4.044011216888427490e-03 5.938994934367308742e-01 -9.980290636944080251e-01 -4.179498008162110118e-03 6.261405447392309753e-02 1.811916523252581328e+02
6.064243731607998900e-02 -3.726223486267010894e-03 9.981525985814474478e-01 1.837954925196758609e+02 -3.745110171092877124e-03 9.999851437980690205e-01 3.960597551064926926e-03 6.000886596117596117e-01 -9.981525278964995529e-01 -3.978371737974839735e-03 6.062758128230749666e-02 1.812196675171558695e+02
5.776479480820506662e-02 -4.045621398112267224e-03 9.983220229105784771e-01 1.842432973788175445e+02 -3.770367654046018462e-03 9.999837733783730753e-01 4.270516093396783605e-03 5.897352477049094821e-01 -9.983231004081392079e-01 -4.010726549364036081e-03 5.774860400067638455e-02 1.812548143318742575e+02
5.544066820572202126e-02 -3.955034997671533561e-03 9.984541501776987849e-01 1.846868439370179829e+02 -3.880645971157061294e-03 9.999837482816825718e-01 4.176572681404986179e-03 5.933555604489760826e-01 -9.984544420732225367e-01 -4.106199055538991421e-03 5.542441910896955815e-02 1.812635085988262631e+02
5.302391092054581367e-02 -4.183133719962011353e-03 9.985844812848689855e-01 1.851071910429031675e+02 -3.783070855348420920e-03 9.999832085643785007e-01 4.389870635222725692e-03 5.939540470192192778e-01 -9.985860770337193770e-01 -4.010483957266778449e-03 5.300719548169918749e-02 1.812898121447133803e+02
4.936120334080307259e-02 -4.011460552762143895e-03 9.987729370527527184e-01 1.855195670277168176e+02 -3.664251808438776306e-03 9.999844773387579488e-01 4.197420662195741267e-03 6.001047309887896919e-01 -9.987742712262028810e-01 -3.866945275628788994e-03 4.934573812198017606e-02 1.813485068333659171e+02
4.716330803738044697e-02 -3.681668789582352545e-03 9.988804071008176022e-01 1.859471857006423647e+02 -3.609409902815156022e-03 9.999860509728222269e-01 3.856166481574826305e-03 6.095493389641468696e-01 -9.988806708186542815e-01 -3.787238400731660591e-03 4.714936150332682541e-02 1.813485809728237257e+02
4.449556518398400939e-02 -3.597295291146143138e-03 9.990031051731254053e-01 1.863804042324624675e+02 -3.283763364958123925e-03 9.999875879965497427e-01 3.747099011979681833e-03 6.140953793993995102e-01 -9.990041849647683936e-01 -3.447219086585300626e-03 4.448320023838536752e-02 1.813556411540611464e+02
4.091755174907241166e-02 -4.138515610200447191e-03 9.991539554279945667e-01 1.867867667499145057e+02 -3.567524534873457893e-03 9.999844425620074695e-01 4.288053479643154191e-03 6.014234274462021412e-01 -9.991561573285508979e-01 -3.739962900261320673e-03 4.090215092082083448e-02 1.813753583173909476e+02
3.727027373246005748e-02 -4.358505624693248884e-03 9.992957170550805790e-01 1.872086088512848505e+02 -3.577661027633719307e-03 9.999834977926540525e-01 4.494939815001722239e-03 5.967220316447924278e-01 -9.992988176904241682e-01 -3.742668979305302426e-03 3.725406543496290190e-02 1.813920868581351158e+02
3.429374126575446269e-02 -3.952039288485351132e-03 9.994039827294367573e-01 1.876433277511805215e+02 -3.539282718987881750e-03 9.999854306162324624e-01 4.075786194502667957e-03 6.072173406943683904e-01 -9.994055296964456936e-01 -3.676947202570767740e-03 3.427925424271860422e-02 1.814025852915513042e+02
2.963489600516588940e-02 -3.759118907673921362e-03 9.995537213996061876e-01 1.880658358013629936e+02 -4.061956576494028977e-03 9.999842183999519962e-01 3.881167325406565879e-03 6.086272409133445249e-01 -9.995525366120252553e-01 -4.175161802265282135e-03 2.961915894132083338e-02 1.814104537491802773e+02
2.471827938476911513e-02 -3.521590194405753872e-03 9.996882539405770318e-01 1.884699144666194570e+02 -3.801895510962375723e-03 9.999862326381487865e-01 3.616645501814445829e-03 6.188489366883680454e-01 -9.996872272139823989e-01 -3.890107538968012868e-03 2.470455036132090942e-02 1.814272436463994040e+02
1.882243958660867467e-02 -3.799745457138430614e-03 9.998156218535845241e-01 1.888495005970215459e+02 -4.006835209099123690e-03 9.999844615268965731e-01 3.875819444957713869e-03 6.173019006293363198e-01 -9.998148133727646769e-01 -4.079048813601597601e-03 1.880692216075408041e-02 1.814435513856431612e+02
1.266901296333566851e-02 -3.492917789658200271e-03 9.999136440892532063e-01 1.892920083489192109e+02 -3.948203908810650822e-03 9.999859286304484396e-01 3.543194461808485927e-03 6.260888463173300833e-01 -9.999119500218153211e-01 -3.992751734634561629e-03 1.265504394130212429e-02 1.814474421086075608e+02
6.192204464333661562e-03 -3.827928297308442161e-03 9.999735014333244187e-01 1.896748933878685364e+02 -3.972013316629234916e-03 9.999846903005161769e-01 3.852567298979634337e-03 6.216147326131004069e-01 -9.999729394909067093e-01 -3.995763948397414687e-03 6.176905081372141559e-03 1.814525295379011709e+02
-7.300140151933476318e-05 -3.616138738666275793e-03 9.999934590843174709e-01 1.900851211099858631e+02 -3.521847709102367361e-03 9.999872609942523916e-01 3.615859223865702798e-03 6.323413268234102658e-01 -9.999937956105077186e-01 -3.521560710202416809e-03 -8.573596148675477480e-05 1.814646196385016594e+02
-7.346733595130716665e-03 -4.064187881553149410e-03 9.999647533200087812e-01 1.904768583552239534e+02 -3.702873077906494378e-03 9.999849953053175922e-01 4.037065170759072952e-03 6.199047768701724248e-01 -9.999661565455361112e-01 -3.673083321608321735e-03 -7.361672531526419760e-03 1.814600180006588062e+02
-1.531523264933598583e-02 -4.129832285671711060e-03 9.998741861525325403e-01 1.908661516248421037e+02 -4.181988681596121755e-03 9.999829882457745844e-01 4.066225487857638536e-03 6.147088198650038082e-01 -9.998739693679218332e-01 -4.119187340158825435e-03 -1.533224302223779034e-02 1.814450661817837158e+02
-2.367673041318019145e-02 -3.549337432833635318e-03 9.997133662409090071e-01 1.912416538434758877e+02 -3.384933527570339971e-03 9.999882500860448609e-01 3.470146230884139406e-03 6.421010089980958568e-01 -9.997139364147906715e-01 -3.301801574546102576e-03 -2.368846648491196305e-02 1.814788615444201980e+02
-3.276978587052870040e-02 -3.827781431966161343e-03 9.994555964240278145e-01 1.915933534926323034e+02 -3.671650367407694807e-03 9.999863794653264248e-01 3.709429525903766914e-03 6.268786942420676578e-01 -9.994561821898845233e-01 -3.548094296552275692e-03 -3.278339380362504940e-02 1.814759595868299016e+02
-4.264433535023193222e-02 -3.761645420588839023e-03 9.990832351142056034e-01 1.919758997755039900e+02 -3.796503652827167008e-03 9.999863023902634263e-01 3.602997621811637047e-03 6.322852520821373723e-01 -9.990831032614611029e-01 -3.639375712738841286e-03 -4.265803232534870482e-02 1.814515510558177311e+02
-5.210965748972795630e-02 -4.006719707623022410e-03 9.986333310046726641e-01 1.923388850680239841e+02 -3.951546816629789190e-03 9.999849499088666605e-01 3.805947124890518129e-03 6.215220856881187306e-01 -9.986335508453836329e-01 -3.747819759009856592e-03 -5.212470597513951809e-02 1.814298547898245886e+02
-6.378721519148133901e-02 -3.903575787424235031e-03 9.979558874390129786e-01 1.926876040961158196e+02 -3.835152463791814941e-03 9.999859245265504404e-01 3.666381644018765640e-03 6.303353473540447283e-01 -9.979561527360286677e-01 -3.593444705566155740e-03 -6.380128816452623752e-02 1.814048574945071550e+02
-7.624736420016331451e-02 -3.418129607152804381e-03 9.970830736917145609e-01 1.930430874382030311e+02 -3.726699938546363007e-03 9.999881162250419120e-01 3.143106148404722650e-03 6.517121132659469129e-01 -9.970819681250365774e-01 -3.476175870235344040e-03 -7.625919643704293094e-02 1.813938337559345655e+02
-8.760658735308468614e-02 -3.440027643374573250e-03 9.961492117459915807e-01 1.934090249515750202e+02 -3.621316044704663006e-03 9.999885294570123317e-01 3.134808527843654415e-03 6.536727036732974394e-01 -9.961485692016285309e-01 -3.332741246285931928e-03 -8.761803988525773690e-02 1.813752166326574979e+02
-1.018808956584380532e-01 -3.537721594218260282e-03 9.947903133956200739e-01 1.937140307549469185e+02 -3.840633336527217966e-03 9.999876228235802245e-01 3.162868195060140018e-03 6.466095780325659126e-01 -9.947891900475239746e-01 -3.498388995919262702e-03 -1.018932217521086869e-01 1.813392604153524132e+02
-1.177747517920693099e-01 -3.206954447195307402e-03 9.930351571235985775e-01 1.940456983381344003e+02 -3.840918598070302073e-03 9.999887764184146599e-01 2.773874821429216705e-03 6.571023386298894264e-01 -9.930329074026899017e-01 -3.487474784937597081e-03 -1.177857475885133454e-01 1.812929191272899345e+02
-1.326355180023575109e-01 -3.277328644190620477e-03 9.911594616817237524e-01 1.944572532927051896e+02 -3.965445896202761909e-03 9.999882848195701390e-01 2.775871477302755547e-03 6.567058328447390458e-01 -9.911569475129006213e-01 -3.562210068508309818e-03 -1.326469602227553501e-01 1.812465593577187803e+02
-1.515077362936620986e-01 -3.426175254814185864e-03 9.884501338794454695e-01 1.948055029869888415e+02 -3.858371716715982332e-03 9.999884242782577370e-01 2.874765587446653434e-03 6.484898033008374973e-01 -9.884485413064586501e-01 -3.378258813415616416e-03 -1.515192019399644874e-01 1.812233230487463800e+02
-1.706772029291545589e-01 -3.303891035039342727e-03 9.853214585627926292e-01 1.951923316476421633e+02 -4.106732323094315282e-03 9.999880780079661857e-01 2.641702398107650691e-03 6.519944357419614755e-01 -9.853184394650832401e-01 -3.595573106238003549e-03 -1.706887363130062951e-01 1.811574289884047744e+02
-1.876203471253852229e-01 -3.655479814229375436e-03 9.822348206064971388e-01 1.955972234661151958e+02 -4.388311427824017306e-03 9.999862145121756196e-01 2.883315525838866817e-03 6.418408667798284339e-01 -9.822318199220397839e-01 -3.769383628244264619e-03 -1.876338020712171595e-01 1.810744154326062016e+02
-2.091116840945699273e-01 -3.335734734262228197e-03 9.778860753937115291e-01 1.960053525372526053e+02 -4.323479269608023270e-03 9.999875621174815210e-01 2.486591510765501743e-03 6.574113451135175090e-01 -9.778822071712616193e-01 -3.707894836531625861e-03 -2.091235051679825041e-01 1.810020864070257574e+02
-2.312758494121369690e-01 -3.419700100863631593e-03 9.728822061945192612e-01 1.964005307144580001e+02 -4.162506251722423133e-03 9.999881477335063051e-01 2.525457229017327287e-03 6.525353482129491178e-01 -9.728793116416851738e-01 -3.465550999679184885e-03 -2.312873427921851022e-01 1.809383561487468626e+02
-2.502983006512662367e-01 -2.957456933544521868e-03 9.681642495669702253e-01 1.967664784681899164e+02 -4.276048559795325721e-03 9.999889579715278698e-01 1.949190532542231184e-03 6.702490690923512684e-01 -9.681593237168160115e-01 -3.652038267065307615e-03 -2.503081830797653229e-01 1.808563372196013574e+02
-2.728691608119964140e-01 -3.438548020210370308e-03 9.620450080247128222e-01 1.970958777083763778e+02 -4.511799551057384984e-03 9.999871894788551208e-01 2.294459193651964251e-03 6.472589961484652710e-01 -9.620405733349129962e-01 -3.714467080613716599e-03 -2.728811792552559012e-01 1.807758541093709823e+02
-2.924889729480080192e-01 -3.381783963316338775e-03 9.562629158558045850e-01 1.974068726642955767e+02 -4.692697636464588512e-03 9.999867819559428161e-01 2.101071700457758130e-03 6.518336873856911406e-01 -9.562573813010349921e-01 -3.872912421318255513e-03 -2.925009765054891187e-01 1.806836467104877215e+02
-3.166111685845158785e-01 -3.377840754289515406e-03 9.485493967735082466e-01 1.977163042814629250e+02 -4.711086984116169378e-03 9.999869256291475939e-01 1.988524627413658548e-03 6.534898807234101881e-01 -9.485437120064502681e-01 -3.839109610886390356e-03 -3.166229423942938936e-01 1.805986726190635920e+02
-3.419890437816142104e-01 -3.267377308514664465e-03 9.396982591123926865e-01 1.980448782576230826e+02 -4.841419656300837045e-03 9.999868095567875370e-01 1.715041733798968685e-03 6.586707356500728361e-01 -9.396914677643132263e-01 -3.962948140070943551e-03 -3.420003515392788795e-01 1.804942055533618657e+02
-3.670826478956137340e-01 -3.205955550145583519e-03 9.301828054006137103e-01 1.983285226018396088e+02 -5.056616673271088075e-03 9.999861624869421650e-01 1.451021177815728326e-03 6.588712128167060200e-01 -9.301745858932962685e-01 -4.170933186873608534e-03 -3.670937796729689673e-01 1.803859146382824576e+02
-3.887896494342661935e-01 -3.103685678625726051e-03 9.213213205109218595e-01 1.986542443484178477e+02 -5.178669515879958003e-03 9.999858904544537408e-01 1.183331761835060020e-03 6.615384156534233062e-01 -9.213119937756295563e-01 -4.311151496011893930e-03 -3.888002367514102886e-01 1.802791245914382330e+02
-4.136517321559693983e-01 -2.822447685885519884e-03 9.104308201469384354e-01 1.989500337225501028e+02 -5.067031624721710613e-03 9.999868441940562569e-01 7.978905478386879267e-04 6.737345905096387977e-01 -9.104210947000737075e-01 -4.283132950621512322e-03 -4.136605916657365434e-01 1.801220079367955691e+02
-4.402909299556718725e-01 -3.165351701990948285e-03 8.978495851462945376e-01 1.992736840050857268e+02 -5.164874842265475968e-03 9.999861692502367561e-01 9.926611206850491278e-04 6.605222638560936943e-01 -8.978403093349253128e-01 -4.200221046503330342e-03 -4.403011890473693679e-01 1.799906403432596846e+02
-4.625867870040716312e-01 -3.332806301298419163e-03 8.865677395954628670e-01 1.995498085945275761e+02 -5.093797642526386865e-03 9.999864200145733850e-01 1.101368246466726290e-03 6.516665013911089321e-01 -8.865593706655113815e-01 -4.006518263449963813e-03 -4.625974817231262026e-01 1.798378295373833566e+02
-4.889754983365788288e-01 -3.274872637235119559e-03 8.722913717535586420e-01 1.998401611549151085e+02 -5.142340402075147067e-03 9.999863981713825734e-01 8.716693261899683114e-04 6.531374512349755745e-01 -8.722823616018405835e-01 -4.059394220191425880e-03 -4.889856878855263211e-01 1.796958362539400014e+02
-5.163408553500457021e-01 -3.059662638061019270e-03 8.563776967909223492e-01 2.001097106772851930e+02 -5.182175626615538773e-03 9.999864719823242654e-01 4.482277536049133256e-04 6.642491711382711994e-01 -8.563674831240141172e-01 -4.206461325799078568e-03 -5.163497259909763937e-01 1.795857956309766905e+02
-5.403171068114085429e-01 -3.503341414359295233e-03 8.414541881088261066e-01 2.003614198405871889e+02 -5.357274068488683885e-03 9.999853880850512189e-01 7.233470429553617593e-04 6.420107628014100065e-01 -8.414444269834487899e-01 -4.117063920306383851e-03 -5.403279801039106989e-01 1.794475632038434298e+02
-5.677013133639268183e-01 -3.288469310655869546e-03 8.232280393514700423e-01 2.005968635431520681e+02 -5.379514492386383573e-03 9.999854897480728866e-01 2.848106968445797936e-04 6.526487013838842000e-01 -8.232170306964615714e-01 -4.266879761571298543e-03 -5.677107662431648549e-01 1.792970229286137283e+02
-5.946496081800520805e-01 -2.638935419955731453e-03 8.039806462292237166e-01 2.008674163463024058e+02 -5.234745526220680595e-03 9.999861248726666929e-01 -5.894925131861030419e-04 6.837959812412323091e-01 -8.039679352627110420e-01 -4.559175583007630400e-03 -5.946551714964036783e-01 1.791513463873009755e+02
-6.161760924668671091e-01 -2.571041384769176194e-03 7.876042234640827644e-01 2.011237136602541113e+02 -5.147389002941296123e-03 9.999864612597559876e-01 -7.626818752819604884e-04 6.829807510569265716e-01 -7.875915994084214944e-01 -4.524051656235679800e-03 -6.161809843689567412e-01 1.789607238907804572e+02
-6.414088190499185327e-01 -2.646281142752917453e-03 7.671947106446336262e-01 2.013575545867241487e+02 -5.223204913083711459e-03 9.999859379859425967e-01 -9.175842253330446924e-04 6.757176748015697454e-01 -7.671814941559954582e-01 -4.595761796280587765e-03 -6.414136216187547035e-01 1.788004242227591760e+02
-6.658953597865671092e-01 -2.937308868137142488e-03 7.460393702957848205e-01 2.015817356049669513e+02 -5.178147861785443486e-03 9.999863588714629214e-01 -6.847303960913089880e-04 6.679981640983245761e-01 -7.460271822121762320e-01 -4.319060963566898580e-03 -6.659014860420069404e-01 1.786249140590058744e+02
-6.870084656959476455e-01 -3.058924998866296725e-03 7.266429735708943571e-01 2.018039585506311653e+02 -5.241857129446934882e-03 9.999859828617189139e-01 -7.463336495803806533e-04 6.616147679954794691e-01 -7.266305051371946266e-01 -4.321696187070587190e-03 -6.870148702510974204e-01 1.784528934064938426e+02
-7.108512011405032638e-01 -2.810229042632095362e-03 7.033368129494086407e-01 2.020273464826003647e+02 -5.098616684275905295e-03 9.999863319672306350e-01 -1.157577915520895335e-03 6.737179097440739728e-01 -7.033239466597240863e-01 -4.408910460831045458e-03 -7.108558134836753251e-01 1.782419518413971673e+02
-7.337594868006274140e-01 -2.738834291170666457e-03 6.794037932752550191e-01 2.022625741203273435e+02 -5.060866885074443225e-03 9.999861646999966824e-01 -1.434585292912910880e-03 6.759040414267815100e-01 -6.793904644285577721e-01 -4.491012727280205633e-03 -7.337631958937651522e-01 1.779917772905474465e+02
-7.569155060535839308e-01 -2.835536631663217004e-03 6.535066001408535996e-01 2.024817338907157307e+02 -5.033336881557065427e-03 9.999862212731734923e-01 -1.490900277140846377e-03 6.711070297034416043e-01 -6.534933681495809221e-01 -4.417804410577415818e-03 -7.569193489327024071e-01 1.777858646210224549e+02
-7.760746918034255870e-01 -2.925572309637686566e-03 6.306342155075943534e-01 2.026995305093692252e+02 -4.882019298267935119e-03 9.999871459137886776e-01 -1.368902760069586012e-03 6.675393849879400765e-01 -6.306221044570108347e-01 -4.141139197885997797e-03 -7.760789987729048711e-01 1.775812140365857772e+02
-7.968709821722321784e-01 -3.233603640126561825e-03 6.041408623651944865e-01 2.029019997468149654e+02 -4.992609795218591780e-03 9.999867766932035718e-01 -1.232998852301916883e-03 6.566549088412423352e-01 -6.041288865956460086e-01 -3.998780593587339394e-03 -7.968765890239652983e-01 1.773227682018541032e+02
-8.166626561386005623e-01 -3.399674458698252657e-03 5.771053181891684369e-01 2.030863877106707491e+02 -5.062398751088910756e-03 9.999863757268375730e-01 -1.272980592515405174e-03 6.499599367616882839e-01 -5.770931278290630795e-01 -3.961132953944134644e-03 -8.166687402112255967e-01 1.770709741554873347e+02
-8.358357018032553931e-01 -3.454665025608030012e-03 5.489688013727379579e-01 2.032467896851692046e+02 -4.974434487337021232e-03 9.999868070231723305e-01 -1.280929791905978821e-03 6.479101399756246327e-01 -5.489571336567099502e-01 -3.801456189599046031e-03 -8.358418596470553741e-01 1.768410466374690770e+02
-8.512297098800407635e-01 -3.949534695681844801e-03 5.247784124687578933e-01 2.034251213904923645e+02 -5.045727436360553445e-03 9.999870533935819594e-01 -6.585437414442490284e-04 6.259369597310915356e-01 -5.247690174278395459e-01 -3.208460831776250959e-03 -8.512386176195902987e-01 1.765716029155759088e+02
-8.680851172359629331e-01 -3.709977465502683428e-03 4.964015162150791083e-01 2.035915211550727975e+02 -4.850223911351209637e-03 9.999877293485150975e-01 -1.008206531800671631e-03 6.359897849982941720e-01 -4.963916846215634671e-01 -3.282867588933622433e-03 -8.680924594874437350e-01 1.762826550510412176e+02
-8.841037019332338431e-01 -3.581069690083960554e-03 4.672770272202843023e-01 2.037494672813885188e+02 -4.717313988973418672e-03 9.999880774481249013e-01 -1.261709289979888590e-03 6.399118941473478372e-01 -4.672669378167911836e-01 -3.319774311266931663e-03 -8.841100541911290911e-01 1.760134595233980690e+02
-8.983262307737354124e-01 -3.558007331072527216e-03 4.393146067315383818e-01 2.038921195973823615e+02 -4.558494339076591198e-03 9.999888627906480254e-01 -1.222466370562231902e-03 6.383552951424509292e-01 -4.393053644484833931e-01 -3.100786754774194007e-03 -8.983324450827139263e-01 1.757294268062262574e+02
-9.092242231579534817e-01 -3.383660699253726242e-03 4.162930012179988926e-01 2.040283144267398256e+02 -4.373263392240203488e-03 9.999894238498054921e-01 -1.423641751340418496e-03 6.421266777193780362e-01 -4.162837813200492287e-01 -3.114968508090201066e-03 -9.092294047054767514e-01 1.754074446408536403e+02
-9.209598586118732388e-01 -3.561725592711352181e-03 3.896411848565307645e-01 2.041629966892926689e+02 -4.351021926575439694e-03 9.999898808315097476e-01 -1.143172243124460910e-03 6.344740573901096470e-01 -3.896331703458952855e-01 -2.748153086204520659e-03 -9.209660364100413776e-01 1.750798063815493606e+02
-9.297969080517782814e-01 -3.345837589234929889e-03 3.680577606139819324e-01 2.042847759100971530e+02 -4.118760616720784640e-03 9.999906539329725952e-01 -1.314480006651119574e-03 6.388921575821353560e-01 -3.680499226848647498e-01 -2.738141254975407467e-03 -9.298019988116461576e-01 1.747277633413581555e+02
-9.389336904591141231e-01 -3.541805230299091296e-03 3.440799042904701954e-01 2.043956444789219233e+02 -4.057979282381897999e-03 9.999914621290186822e-01 -7.800469287618967684e-04 6.240069448831092602e-01 -3.440742038063479002e-01 -2.128681464648379557e-03 -9.389400465366517512e-01 1.743655180731602741e+02
-9.470003550479912935e-01 -3.221272244284030355e-03 3.212163615759734969e-01 2.044990581630707425e+02 -3.792864548538586039e-03 9.999921415112367207e-01 -1.153730595616103043e-03 6.354403603233176323e-01 -3.212101208204604652e-01 -2.310913433910242315e-03 -9.470051309056388700e-01 1.739813079123248372e+02
-9.543414196923387660e-01 -3.107914650123301363e-03 2.987018505569391524e-01 2.046249894572338803e+02 -3.610122020537525137e-03 9.999928455503045432e-01 -1.129542917156316911e-03 6.329779840239480038e-01 -2.986962029865952162e-01 -2.156319719433299684e-03 -9.543458118557754943e-01 1.736076367936454119e+02
-9.595894289605197969e-01 -3.039201865575282078e-03 2.813874394482532848e-01 2.047109547277518971e+02 -3.517490880981714082e-03 9.999930999825322742e-01 -1.194673690783473654e-03 6.339789236041125653e-01 -2.813818670154960566e-01 -2.136173997015094507e-03 -9.595934981415457088e-01 1.732220657365267868e+02
-9.647844862087884277e-01 -2.721163720603980967e-03 2.630275469201864835e-01 2.047873941323167628e+02 -3.291874038239997729e-03 9.999930868445675580e-01 -1.729112023423187532e-03 6.532261460972985656e-01 -2.630210233729646241e-01 -2.534074008164292034e-03 -9.647867742318820827e-01 1.728125915388745568e+02
-9.691059918244433469e-01 -3.041408070637808755e-03 2.466258835704592534e-01 2.048696369136886517e+02 -3.515373762517573844e-03 9.999927235804615400e-01 -1.481530776055514339e-03 6.424123298965559448e-01 -2.466195830774021436e-01 -2.302742512409023182e-03 -9.691096318888021699e-01 1.723777529512181559e+02
-9.729088507732925883e-01 -2.563654173963005739e-03 2.311748164577347719e-01 2.049456165218349497e+02 -3.077108308141284464e-03 9.999935348903457033e-01 -1.860532711614235665e-03 6.529646885523664457e-01 -2.311685521247451025e-01 -2.521478690637856106e-03 -9.729104494524465352e-01 1.719658071115981670e+02
-9.756837829516984417e-01 -2.528006026509854384e-03 2.191683482407857930e-01 2.050170597214008978e+02 -3.029862978451955229e-03 9.999935013886542823e-01 -1.953742764852430588e-03 6.535874111500604711e-01 -2.191619848773875279e-01 -2.570285196108950971e-03 -9.756851018738657011e-01 1.715489367400270453e+02
-9.785790505493576763e-01 -2.758024253376810397e-03 2.058529453958232169e-01 2.050928038356631191e+02 -3.134626474883641691e-03 9.999939569862822397e-01 -1.503365484642609677e-03 6.374195438341822006e-01 -2.058475551051820451e-01 -2.116434061160763890e-03 -9.785817823585742925e-01 1.711253500766435991e+02
-9.809650517881050025e-01 -2.519610021088152744e-03 1.941680167682149627e-01 2.051632222575039748e+02 -2.929211032480940387e-03 9.999940492086634158e-01 -1.822435180886149446e-03 6.476889318668100914e-01 -1.941622694889183764e-01 -2.356504318470845766e-03 -9.809665947392447460e-01 1.706714031787666954e+02
-9.827492228336196511e-01 -2.510776258255647923e-03 1.849260961100353262e-01 2.052552556059191602e+02 -2.858942714758288747e-03 9.999946073021008797e-01 -1.616110537903328679e-03 6.392567574864492785e-01 -1.849210411674960530e-01 -2.116924490380195280e-03 -9.827511013294423226e-01 1.702474145847539546e+02
-9.843628845308460829e-01 -2.459229648916732690e-03 1.761353563247490817e-01 2.053247500594302721e+02 -2.773135020046894623e-03 9.999949751133473397e-01 -1.536056710053939310e-03 6.341065312427687228e-01 -1.761306937483442248e-01 -2.000484338804257075e-03 -9.843647579947880644e-01 1.697776183524993314e+02
-9.856695087530007449e-01 -2.395333845223514366e-03 1.686709278162309145e-01 2.054036872858069103e+02 -2.689902042378341813e-03 9.999952301342928118e-01 -1.517937964869410300e-03 6.304836657579971915e-01 -1.686664873103743412e-01 -1.949893441373090923e-03 -9.856712504552147536e-01 1.693228241318665539e+02
-9.865960616076572265e-01 -2.885285131121452257e-03 1.631560184301261984e-01 2.054889478250299248e+02 -3.137809127453470171e-03 9.999942449286447488e-01 -1.290063358665820715e-03 6.195361432111983202e-01 -1.631513572549711244e-01 -1.784723872713062185e-03 -9.865994371509436700e-01 1.688614885548334996e+02
-9.874131945233997065e-01 -2.867648448903791728e-03 1.581358905292156725e-01 2.055581133102072044e+02 -3.098952336812897754e-03 9.999944587452468392e-01 -1.216130426757574537e-03 6.150298801823674832e-01 -1.581315268234286808e-01 -1.690878817131303636e-03 -9.874166097212040416e-01 1.684046038235236153e+02
-9.879811152661839291e-01 -3.057619978477255085e-03 1.545443846843185531e-01 2.056214642000213360e+02 -3.338388374712326565e-03 9.999932150326997782e-01 -1.557257725706827573e-03 6.296011404828121272e-01 -1.545385746033882957e-01 -2.054470401807911677e-03 -9.879846193696142365e-01 1.679289053524624080e+02
-9.884828086444084061e-01 -2.955556818867142305e-03 1.513043346978306947e-01 2.056841472607371202e+02 -3.229799674505645125e-03 9.999935567446714968e-01 -1.566800307655783365e-03 6.288289418335837322e-01 -1.512987290380368444e-01 -2.037437859654857731e-03 -9.884859854537360047e-01 1.674531590914720027e+02
-9.890724982348357841e-01 -2.913666456354255686e-03 1.474011661530631179e-01 2.057696039720845249e+02 -3.223266223688434334e-03 9.999930725305402612e-01 -1.861570783203178418e-03 6.395046417422635132e-01 -1.473947210396391039e-01 -2.316341665377201660e-03 -9.890750379879866827e-01 1.669691109677122824e+02
-9.895254226576926104e-01 -2.929522123255524652e-03 1.443289846643587560e-01 2.058563620731436572e+02 -3.216963695248982718e-03 9.999932798466178996e-01 -1.758239513624509443e-03 6.343660206244120525e-01 -1.443228639498911614e-01 -2.204123801690137559e-03 -9.895281970613918343e-01 1.664959474045440970e+02
-9.899724892521684083e-01 -3.013170539025074052e-03 1.412281534509610692e-01 2.059091166077444939e+02 -3.256280167952912714e-03 9.999935877572965204e-01 -1.490330083510065396e-03 6.200148387044355225e-01 -1.412227572430635458e-01 -1.935264217818826685e-03 -9.899759530357665760e-01 1.660014952910603370e+02
-9.904250533756615571e-01 -3.164850860193375599e-03 1.380152070057908131e-01 2.059826356488640045e+02 -3.432028817464335534e-03 9.999926690851698163e-01 -1.697926415984151198e-03 6.280525951148503427e-01 -1.380088215441848398e-01 -2.155341028871227745e-03 -9.904286545133047515e-01 1.655078708355356980e+02
-9.907578633623390640e-01 -2.749659343288348053e-03 1.356145108725035631e-01 2.060433622528036608e+02 -3.022468354400975089e-03 9.999938018757547065e-01 -1.805794872192710955e-03 6.311346052779281957e-01 -1.356087049961733071e-01 -2.198996036754027709e-03 -9.907600332803554455e-01 1.649874497416823260e+02
-9.911392330955368646e-01 -2.763651175503488260e-03 1.327982787952134425e-01 2.061064851806422382e+02 -3.045416830242805503e-03 9.999935220100880651e-01 -1.918690748823362064e-03 6.346484977709164754e-01 -1.327921159373596782e-01 -2.306115790606507853e-03 -9.911412289753862570e-01 1.644856170923002310e+02
-9.914757677090977328e-01 -2.676450558225379039e-03 1.302637273306163357e-01 2.061805030965100229e+02 -2.942444948799260735e-03 9.999939605844722079e-01 -1.849543809787474640e-03 6.307947647423890469e-01 -1.302579904012766410e-01 -2.217071715216381491e-03 -9.914776550833765967e-01 1.639900351046667595e+02
-9.918449886607629828e-01 -2.701817060336521824e-03 1.274214214843966408e-01 2.062495106045446960e+02 -2.960237489893317864e-03 9.999939279788536695e-01 -1.838749419216730539e-03 6.298919612985071081e-01 -1.274156798142803415e-01 -2.200952065746610356e-03 -9.918469641771707757e-01 1.634804116741710800e+02
-9.921809720484948691e-01 -2.768133897818918481e-03 1.247768253307842412e-01 2.063104998104806782e+02 -3.014395582117647496e-03 9.999938638301714144e-01 -1.784858896149646738e-03 6.253606923304323439e-01 -1.247711189505800733e-01 -2.147029745578940118e-03 -9.921832281081419680e-01 1.629644767330970581e+02
-9.924788576360841219e-01 -2.623275715487496940e-03 1.223880532155608575e-01 2.063727135606034153e+02 -2.887606476545621567e-03 9.999938657825755417e-01 -1.982454553577394241e-03 6.341907384209055643e-01 -1.223821019357448220e-01 -2.320952765767007788e-03 -9.924803445429279947e-01 1.624586359727346689e+02
-9.927539644894813886e-01 -2.557942818941248263e-03 1.201375167004571920e-01 2.064390690578498209e+02 -2.835585305872088350e-03 9.999936895947176829e-01 -2.140146424104372169e-03 6.416443294194652536e-01 -1.201312842118601731e-01 -2.465299024157381613e-03 -9.927549530746906381e-01 1.619221146659384942e+02
-9.930780883831744621e-01 -2.623790104200377470e-03 1.174266839296283227e-01 2.065087081341692112e+02 -2.872877094152034502e-03 9.999939681162816063e-01 -1.952001089923560868e-03 6.307540313653577924e-01 -1.174208539843822896e-01 -2.275841941406822957e-03 -9.930796360781122267e-01 1.613921534601320786e+02
-9.933132314073416236e-01 -2.524167779385515231e-03 1.154229305126445310e-01 2.065700420494894729e+02 -2.758347576914171352e-03 9.999944487760544787e-01 -1.869207243708777668e-03 6.243715772298730204e-01 -1.154175715814112352e-01 -2.175084848118261690e-03 -9.933146798352239237e-01 1.608475561068884474e+02
-9.934376423067459161e-01 -2.602566681282187083e-03 1.143454305806939908e-01 2.066151163630056544e+02 -2.836034479751041709e-03 9.999942128421520637e-01 -1.879146251453258981e-03 6.238326265226213918e-01 -1.143398782422147542e-01 -2.191102205322111637e-03 -9.934392740951418777e-01 1.603002685757079746e+02
-9.935165779794901120e-01 -2.559985909432331390e-03 1.136585049702327488e-01 2.066768229074215526e+02 -2.797787836437574949e-03 9.999942183453712774e-01 -1.932785309376404501e-03 6.256135065403308770e-01 -1.136528999328534351e-01 -2.238246629254071317e-03 -9.935179961072071464e-01 1.597648530779012788e+02
-9.935744158580694929e-01 -2.640012859135296933e-03 1.131499469040965072e-01 2.067461520415253915e+02 -2.871118456433464135e-03 9.999941119422891544e-01 -1.879563662572750248e-03 6.210452951600301530e-01 -1.131443185984403882e-01 -2.192353269009591696e-03 -9.935761454242140189e-01 1.592262196889522556e+02
-9.936053366823169863e-01 -2.510141086056208622e-03 1.128810617780838521e-01 2.068050460730008240e+02 -2.744360163814713038e-03 9.999943918398911391e-01 -1.919577051707214033e-03 6.224523979723496359e-01 -1.128756103137908140e-01 -2.217088291942076721e-03 -9.936066531157059512e-01 1.586816251454302460e+02
-9.936363053162133863e-01 -2.565364141934322467e-03 1.126068899506779408e-01 2.068720545244454456e+02 -2.778286821903293291e-03 9.999946372315959842e-01 -1.733963778146059998e-03 6.099616880280299691e-01 -1.126018378175065726e-01 -2.035783600474676269e-03 -9.936381039922190794e-01 1.581366471351159646e+02
-9.936453851129725123e-01 -2.509086372912658867e-03 1.125280104208099125e-01 2.069312474921524938e+02 -2.743933594082448649e-03 9.999943687327790265e-01 -1.932183004272299172e-03 6.216810594563617620e-01 -1.125225287314674111e-01 -2.228674113457809053e-03 -9.936466743966749782e-01 1.575757897989024343e+02
-9.936635680248906421e-01 -2.552334094770808675e-03 1.123663613841487663e-01 2.070020896684180229e+02 -2.776715427695195578e-03 9.999944513418944636e-01 -1.840417576794421695e-03 6.154375980499480203e-01 -1.123610405410970237e-01 -2.140765305222606940e-03 -9.936651416309374429e-01 1.570206886832891939e+02
-9.936454488362289617e-01 -2.572129195378267206e-03 1.125260243608169897e-01 2.070574353299917618e+02 -2.813351176884862619e-03 9.999940724771464451e-01 -1.984959880478902143e-03 6.206588453774550818e-01 -1.125202517869757501e-01 -2.288921574426045109e-03 -9.936467952828216266e-01 1.564552329949073624e+02
-9.936371643582653235e-01 -2.366381366077371408e-03 1.126036671041254211e-01 2.071201424891069962e+02 -2.588764031971709477e-03 9.999949769953501155e-01 -1.828738596922009976e-03 6.111636650362366474e-01 -1.125987740024427808e-01 -2.108606957065373849e-03 -9.936382993171348765e-01 1.558865422145609045e+02
-9.936351401399254879e-01 -2.481605552273319099e-03 1.126190477361372344e-01 2.071815204893666476e+02 -2.732168112426996195e-03 9.999941239509779756e-01 -2.070584681075821488e-03 6.230521123002822348e-01 -1.126132476066509236e-01 -2.365099870828924009e-03 -9.936360816546894181e-01 1.553210031099686717e+02
-9.936514247650578557e-01 -2.543397274617842548e-03 1.124738956054844585e-01 2.072530851439611297e+02 -2.794863540882192195e-03 9.999939349845146097e-01 -2.078155907103848999e-03 6.215475526052884891e-01 -1.124679278734955490e-01 -2.379311768106419454e-03 -9.936525067020924862e-01 1.547590778995970027e+02
-9.936834330911277213e-01 -2.562717347173845174e-03 1.121903172293819001e-01 2.073195273920215698e+02 -2.806282507144567881e-03 9.999940360130702421e-01 -2.013136056119103293e-03 6.174603162446932192e-01 -1.121844890291030655e-01 -2.315257672235777279e-03 -9.936846984849825315e-01 1.542074326810859191e+02
-9.937128234331835674e-01 -2.534806015061746246e-03 1.119303323631098829e-01 2.073772226436873325e+02 -2.773267089996192623e-03 9.999942045653616995e-01 -1.974797543334477160e-03 6.145934577878091609e-01 -1.119246779494932481e-01 -2.272794349610766842e-03 -9.937140941295672381e-01 1.536511934563776265e+02
-9.937556410882288915e-01 -2.487318529954293204e-03 1.115506120640053084e-01 2.074440236644413460e+02 -2.705355818106082010e-03 9.999947145978158591e-01 -1.803282099455060525e-03 6.050731456667020058e-01 -1.115455371371759513e-01 -2.093805856167541609e-03 -9.937571177716495452e-01 1.530852661915005797e+02
-9.937585346046164947e-01 -2.417431192670982734e-03 1.115263687515865437e-01 2.075090473265121318e+02 -2.648157941169404506e-03 9.999946490263947885e-01 -1.920723326290125609e-03 6.094962300362809504e-01 -1.115211287604496032e-01 -2.204074637174280229e-03 -9.937596187685380222e-01 1.525212742660056335e+02
-9.937545653108157406e-01 -2.415634000537806615e-03 1.115617704963814266e-01 2.075713599493294623e+02 -2.645943506079318636e-03 9.999946631766963856e-01 -1.916403164306036341e-03 6.077310960345101432e-01 -1.115565457822824263e-01 -2.199620535676828637e-03 -9.937556534493903193e-01 1.519446762944392617e+02
-9.937401347455421252e-01 -2.291346420661189570e-03 1.116928571014842997e-01 2.076302336090004133e+02 -2.512839742736087262e-03 9.999951457279764311e-01 -1.842323780035300118e-03 6.033705316729981449e-01 -1.116880935119737572e-01 -2.111457331721547544e-03 -9.937410686469574372e-01 1.513764578654408126e+02
-9.937432193912800749e-01 -2.297337346855207740e-03 1.116652862574985389e-01 2.076959281020336334e+02 -2.537029912840168579e-03 9.999947727540793307e-01 -2.004480914988063939e-03 6.098541990162315019e-01 -1.116600975867194229e-01 -2.275237489129751725e-03 -9.937438532646591938e-01 1.508045309265533831e+02
-9.937667939434560171e-01 -2.253467132143738109e-03 1.114561848496073704e-01 2.077627825272908240e+02 -2.494655761400154000e-03 9.999948388964579049e-01 -2.024567380779634506e-03 6.104067767015908252e-01 -1.114510473166475668e-01 -2.289992648798630081e-03 -9.937672866349001044e-01 1.502311769952611371e+02
-9.937831560690668642e-01 -2.224963880222128199e-03 1.113107732842460590e-01 2.078234958911322678e+02 -2.467229169940997942e-03 9.999948780626911615e-01 -2.038781157089744351e-03 6.101894979385351636e-01 -1.113056669430092932e-01 -2.300735559602370885e-03 -9.937835554698302154e-01 1.496618517799106201e+02
-9.938151331041400471e-01 -2.295280810198604190e-03 1.110234790447626324e-01 2.078953350998183112e+02 -2.540440617230389341e-03 9.999946373003468780e-01 -2.066768496476944269e-03 6.103470794724058512e-01 -1.110181398451209750e-01 -2.336034364053219282e-03 -9.938156345966686622e-01 1.490732414079254511e+02
-9.938159083017190643e-01 -2.357154951332083182e-03 1.110152432189621952e-01 2.079587044932791287e+02 -2.582085440300328338e-03 9.999948946966670249e-01 -1.882396180599151892e-03 6.009423823011780241e-01 -1.110102393529935061e-01 -2.157406113172914350e-03 -9.938169209455305353e-01 1.485128889517192192e+02
-9.938309923647810074e-01 -2.270550356955542033e-03 1.108819336786258658e-01 2.080223822758426877e+02 -2.494777267742680563e-03 9.999951142182571528e-01 -1.883514268366350605e-03 5.992516099566529419e-01 -1.108771153197043169e-01 -2.148520582008541738e-03 -9.938318012408788871e-01 1.479282929786916156e+02
-9.938740416587090731e-01 -2.276296102902846102e-03 1.104952840307446837e-01 2.080885052592696240e+02 -2.504202496042530045e-03 9.999950138600164351e-01 -1.923856794129191923e-03 6.005954715711011582e-01 -1.104903538180679601e-01 -2.188773893624465852e-03 -9.938747863699941565e-01 1.473544970817567332e+02
-9.938784008611103449e-01 -2.406702315574168072e-03 1.104533027379791671e-01 2.081536334369373265e+02 -2.655484510326787829e-03 9.999942579858852598e-01 -2.105325930643939854e-03 6.091188223318376727e-01 -1.104476016207635164e-01 -2.385745003774965029e-03 -9.938790849580241282e-01 1.467757992043147510e+02
-9.938722305866047879e-01 -2.358792521900824821e-03 1.105098428496116281e-01 2.082139660747216112e+02 -2.596279035195990167e-03 9.999946193218028911e-01 -2.005158999634976732e-03 6.028355639038600611e-01 -1.105045184776560774e-01 -2.279786235821268988e-03 -9.938730069635359765e-01 1.462008666661393761e+02
-9.938708991211442356e-01 -2.340986171450529750e-03 1.105221953449828654e-01 2.082694615088706200e+02 -2.583785706820733788e-03 9.999945532327605413e-01 -2.053668968681439128e-03 6.051312303911472457e-01 -1.105167857456536007e-01 -2.326647493019429799e-03 -9.938715343443000894e-01 1.456223413819965344e+02
-9.938694950366318004e-01 -2.321680447082505577e-03 1.105352280294915751e-01 2.083350377627709236e+02 -2.532936506371829839e-03 9.999952241875690317e-01 -1.770828819597958844e-03 5.875743089915963502e-01 -1.105305888353298877e-01 -2.039951459046172519e-03 -9.938706291715031504e-01 1.450377991145444980e+02
-9.939037535254990896e-01 -2.333266689417377859e-03 1.102265149339287098e-01 2.083992775357501444e+02 -2.546675755498289777e-03 9.999951455677906775e-01 -1.795350508798635629e-03 5.875278636852084846e-01 -1.102217908152463011e-01 -2.065116802784185135e-03 -9.939048707608142408e-01 1.444478572190922705e+02
-9.939197682627176622e-01 -2.293449577311109863e-03 1.100828521869906124e-01 2.084634454639190153e+02 -2.518038325759920128e-03 9.999950224416668254e-01 -1.901203534664770755e-03 5.931394918322847598e-01 -1.100779439287294242e-01 -2.166836617410074564e-03 -9.939205959630263987e-01 1.438600681337026401e+02
-9.939584896677684522e-01 -2.311216294414043110e-03 1.097323065309859930e-01 2.085278039399038903e+02 -2.556699419788987376e-03 9.999945340560502105e-01 -2.096460374025194140e-03 6.015161010863365743e-01 -1.097268613669719756e-01 -2.364347111454285187e-03 -9.939589658317344867e-01 1.432756700490440096e+02
-9.940093578360313931e-01 -2.247537080850110433e-03 1.092718861897769289e-01 2.085882330366649455e+02 -2.486269448843890159e-03 9.999948109258967044e-01 -2.048556933027049273e-03 5.982146072763865341e-01 -1.092667149621928679e-01 -2.307964113739955411e-03 -9.940097878305935719e-01 1.427060946757778765e+02
-9.940620781679883056e-01 -2.204458606759659729e-03 1.087921187889610564e-01 2.086515448299799971e+02 -2.427411342647063913e-03 9.999952164690641965e-01 -1.916954136917966992e-03 5.896936639676616521e-01 -1.087873725324493557e-01 -2.169654636236327538e-03 -9.940626741691118706e-01 1.421076947387007294e+02
-9.940645034034554239e-01 -2.135532146327839918e-03 1.087713315892294835e-01 2.087088565082073046e+02 -2.348619909166113195e-03 9.999955657575020362e-01 -1.830969649064770029e-03 5.847358899214892825e-01 -1.087669391762238619e-01 -2.075564449861342416e-03 -9.940651110337042073e-01 1.415214436120389223e+02
-9.941017245368908295e-01 -2.195592118845231949e-03 1.084294270391034654e-01 2.087815354702418915e+02 -2.426599325194415437e-03 9.999950586268985253e-01 -1.998583873843372619e-03 5.920700318310004873e-01 -1.084245031738470255e-01 -2.249910450103620972e-03 -9.941021401317229333e-01 1.409270453829151961e+02
-9.941235598572415455e-01 -2.062198906780427551e-03 1.082316731480899713e-01 2.088493670838096534e+02 -2.269617554724226872e-03 9.999958164776332481e-01 -1.793282851926277779e-03 5.801675917514579339e-01 -1.082275222525277830e-01 -2.028389237941977119e-03 -9.941240813219338612e-01 1.403375157910097926e+02
-9.941847201915550158e-01 -2.156894502730296106e-03 1.076665683661516548e-01 2.089257610480533458e+02 -2.374080232768390267e-03 9.999953975676416640e-01 -1.889070295862082952e-03 5.845614425850669260e-01 -1.076619983127170832e-01 -2.133693895201910305e-03 -9.941852651642317795e-01 1.397509345555120888e+02
-9.942169313037885203e-01 -2.068473393079854183e-03 1.073704564892056790e-01 2.089969846573915504e+02 -2.291410708816760729e-03 9.999954675890889710e-01 -1.953007486645467724e-03 5.854553296613641544e-01 -1.073659300981545384e-01 -2.187742923995890983e-03 -9.942171648262050354e-01 1.391632812769701673e+02
-9.942503270733904497e-01 -2.123917454570283664e-03 1.070596847048581601e-01 2.090394875601953686e+02 -2.347746469387125903e-03 9.999953140086714765e-01 -1.964700286031121745e-03 5.843163790277563496e-01 -1.070550101628734985e-01 -2.204752898767154811e-03 -9.942506544446847450e-01 1.385755313407832432e+02
-9.942896652913166822e-01 -2.126672287119468849e-03 1.066936678527160148e-01 2.090960477833098992e+02 -2.339497584915168227e-03 9.999955156451860727e-01 -1.869609736954103802e-03 5.802470262061820705e-01 -1.066892133532376524e-01 -2.108543217848651494e-03 -9.942901818883493892e-01 1.379777479794607586e+02
-9.943399346621306645e-01 -2.199210196887094789e-03 1.062226803023742921e-01 2.091743789466508474e+02 -2.444942472962635064e-03 9.999946279284792627e-01 -2.183201888575605088e-03 5.931481076606968106e-01 -1.062173083466833728e-01 -2.430553165903713304e-03 -9.943399699393031810e-01 1.373886161001887558e+02
-9.943426737520630887e-01 -2.209295629602549792e-03 1.061968274875489809e-01 2.092303271026940763e+02 -2.453380539879159404e-03 9.999946406937795240e-01 -2.167834782738446101e-03 5.918374716048581119e-01 -1.061914689583196431e-01 -2.416111864075724900e-03 -9.943427650080909341e-01 1.368058536196846546e+02
-9.943299254570470147e-01 -2.224722648895753260e-03 1.063158029162166729e-01 2.092785535504008010e+02 -2.463614680529211363e-03 9.999947271436764318e-01 -2.115723883211352054e-03 5.883056570565527998e-01 -1.063105354294211768e-01 -2.365648743917878397e-03 -9.943301633575898357e-01 1.362130387677607928e+02
-9.943921179584160885e-01 -2.215278082079906452e-03 1.057327209769748089e-01 2.093516444504768401e+02 -2.445666706736890350e-03 9.999949093966697955e-01 -2.049364561437349436e-03 5.836752293495810484e-01 -1.057276428212381436e-01 -2.296458962222694238e-03 -9.943924737344405074e-01 1.356271915667795724e+02
-9.943929630759100746e-01 -2.121770020273813263e-03 1.057266904669467156e-01 2.094074930613786307e+02 -2.337611739756292537e-03 9.999954291288249975e-01 -1.917626869671935777e-03 5.739684886890362714e-01 -1.057221384406626941e-01 -2.154022617848171724e-03 -9.943933777082869518e-01 1.350401894713139086e+02
-9.944410063217554718e-01 -2.468966311179634533e-03 1.052662773690105774e-01 2.094638412872747608e+02 -2.721931748515611822e-03 9.999937428426806107e-01 -2.259505043863276920e-03 5.905964621713318818e-01 -1.052600400595194025e-01 -2.533472092027238415e-03 -9.944415043057224235e-01 1.344504749513788227e+02
-9.945064008979669357e-01 -2.305424765948456932e-03 1.046503874317751687e-01 2.095387614900534174e+02 -2.550085985070360030e-03 9.999943193756969384e-01 -2.204150132234778889e-03 5.862768255175764276e-01 -1.046447114499382686e-01 -2.458908901369541607e-03 -9.945066305121217365e-01 1.338562741787748678e+02
-9.945088765994505309e-01 -2.482260019274020336e-03 1.046228118055329281e-01 2.096020479292550363e+02 -2.740902094114325196e-03 9.999935329004011608e-01 -2.328435759194438879e-03 5.922218902903765292e-01 -1.046163554163961895e-01 -2.602410915080363794e-03 -9.945092486431785783e-01 1.332634391293102851e+02
-9.945048784458541125e-01 -2.367880935567580596e-03 1.046634601342415899e-01 2.096635795990242457e+02 -2.597205568457488980e-03 9.999945160826299029e-01 -2.054830382806751253e-03 5.785930370952773183e-01 -1.046580205747852793e-01 -2.315371361554756716e-03 -9.945055745368278632e-01 1.326593218342750902e+02
-9.944932045200693960e-01 -2.333957545014959598e-03 1.047750867600820701e-01 2.097302648240890619e+02 -2.569958320906816536e-03 9.999944557338728002e-01 -2.117502241887538050e-03 5.799920969977622187e-01 -1.047695636987835410e-01 -2.375109196155973657e-03 -9.944936889586952766e-01 1.320650456447452257e+02
-9.943990535990405721e-01 -2.023842748608721976e-03 1.056713123882845190e-01 2.097912355342769501e+02 -2.238209069013006366e-03 9.999956710280555328e-01 -1.910064216780337117e-03 5.683028798153655359e-01 -1.056669892705233565e-01 -2.135880539201723792e-03 -9.943992786566300257e-01 1.314748096771096186e+02
-9.942750240293798392e-01 -1.938440889859652369e-03 1.068336044430478748e-01 2.098588038063403758e+02 -2.168031071403923090e-03 9.999955833786701165e-01 -2.032944767225238272e-03 5.744850992582712923e-01 -1.068291918562081222e-01 -2.252924781185878904e-03 -9.942748352931802813e-01 1.308837696880974875e+02
-9.940947393870900317e-01 -2.046397241706696905e-03 1.084963657513182828e-01 2.099176156812584964e+02 -2.278848881950046399e-03 9.999953661673824934e-01 -2.018536979038126206e-03 5.721466530086142255e-01 -1.084917322688136038e-01 -2.253863813908144054e-03 -9.940947963485280425e-01 1.302963532268571782e+02
-9.939301511612157469e-01 -1.946718940989111994e-03 1.099957494542799785e-01 2.099841102095369649e+02 -2.162006678154442495e-03 9.999959737278759642e-01 -1.838003036151218683e-03 5.610281089577628943e-01 -1.099917285061361161e-01 -2.064658180445309334e-03 -9.939303581473057925e-01 1.297030121784559640e+02
-9.937590065361567859e-01 -1.959059835479772145e-03 1.115311571393087647e-01 2.100535028567623783e+02 -2.176487147320748002e-03 9.999959610970295953e-01 -1.827756363886491077e-03 5.592138929634301592e-01 -1.115271259917053753e-01 -2.059095478405492674e-03 -9.937592567085060669e-01 1.290959204632400485e+02
-9.935404020958056304e-01 -2.043130820203954440e-03 1.134605438897444557e-01 2.101178556038917691e+02 -2.282365297978931635e-03 9.999954378323195892e-01 -1.978667024574639558e-03 5.664839353123757304e-01 -1.134559835881372852e-01 -2.224844039273366370e-03 -9.935405325687771683e-01 1.285070080788786129e+02
-9.932230024724979511e-01 -2.224053315773563688e-03 1.162029300248724889e-01 2.101792183994460856e+02 -2.482509170053847671e-03 9.999947564080254869e-01 -2.079496254950048174e-03 5.699023690563619349e-01 -1.161976957935802329e-01 -2.353878353345673254e-03 -9.932233156490843928e-01 1.279107859354976000e+02
-9.929779955500348532e-01 -2.108489609291837753e-03 1.182804067671534148e-01 2.102501558855973656e+02 -2.349910569180334568e-03 9.999954307880197790e-01 -1.901663324454658070e-03 5.614197012339141590e-01 -1.182758566815417939e-01 -2.166258214117084205e-03 -9.929784131850993845e-01 1.273163116076169672e+02
-9.926467392412290369e-01 -2.136821243017630011e-03 1.210284473532210192e-01 2.103201718422509430e+02 -2.373682043333097749e-03 9.999955394503519113e-01 -1.812929385513021479e-03 5.568653867912860544e-01 -1.210240335937997069e-01 -2.086881495218931033e-03 -9.926473836253801863e-01 1.267260504690725469e+02
-9.922985918063573774e-01 -2.160703987760193880e-03 1.238500547331257140e-01 2.103992498688361081e+02 -2.413617381418841669e-03 9.999952972144831032e-01 -1.892088807012956130e-03 5.587079661100289307e-01 -1.238453840490515434e-01 -2.176443703565073082e-03 -9.922991403516123743e-01 1.261286303305965788e+02
-9.919448076436441220e-01 -2.232963388096160379e-03 1.266511447375077704e-01 2.104711977104717846e+02 -2.508914481389457919e-03 9.999948137750599431e-01 -2.019349179358271868e-03 5.648452069717120327e-01 -1.266459787633969492e-01 -2.320839824400377279e-03 -9.919452655089242565e-01 1.255306112051217440e+02
-9.916070254298929854e-01 -2.156494754439536570e-03 1.292704786424702934e-01 2.105395825882911538e+02 -2.423501194354199615e-03 9.999952426607964240e-01 -1.908218471744865981e-03 5.580913042157396031e-01 -1.292657485958297603e-01 -2.205490002022069199e-03 -9.916075342865293685e-01 1.249283002194915468e+02
-9.912677032724901416e-01 -2.270923507927217859e-03 1.318453008464999798e-01 2.106156907410880024e+02 -2.548442122943177061e-03 9.999948783079636305e-01 -1.936181961263706147e-03 5.579797059009780069e-01 -1.318402286543411406e-01 -2.255274764248835044e-03 -9.912684136217138064e-01 1.243324846252727980e+02
-9.908655565181585523e-01 -1.956081516373684836e-03 1.348392474432471289e-01 2.106933098789361907e+02 -2.205147385157294696e-03 9.999961273853403831e-01 -1.697804267789841323e-03 5.481374862135993675e-01 -1.348354042192541347e-01 -1.979636184578539414e-03 -9.908660327257197142e-01 1.237428045849896989e+02
-9.905096614584849579e-01 -2.121495068807466820e-03 1.374267434529057585e-01 2.107633576160421569e+02 -2.402966110178890620e-03 9.999953413722638684e-01 -1.882282561883253779e-03 5.559070291451766455e-01 -1.374221099796938683e-01 -2.194650870289772352e-03 -9.905101449234563482e-01 1.231463886520510158e+02
-9.901128030497967636e-01 -2.163204541013191446e-03 1.402567566393485010e-01 2.108617029008441648e+02 -2.463058321413208723e-03 9.999950373463037945e-01 -1.964338685086090656e-03 5.598730395143103333e-01 -1.402518113272731015e-01 -2.290377453204714767e-03 -9.901132175617808340e-01 1.225519122189855068e+02
-9.896598106574081566e-01 -2.375310396648711540e-03 1.434148425723886788e-01 2.109425842452385780e+02 -2.695832284007664177e-03 9.999942840937801058e-01 -2.040653832675588548e-03 5.621506074779120121e-01 -1.434091756403332862e-01 -2.406175448275558581e-03 -9.896605572931924666e-01 1.219612831210939419e+02
-9.892587011334348368e-01 -2.089178230548003126e-03 1.461603830253261627e-01 2.110279861226292724e+02 -2.373614483399651490e-03 9.999956135390316581e-01 -1.771681963540970312e-03 5.472786567610675723e-01 -1.461560405391212070e-01 -2.099580200122228880e-03 -9.892593206924611415e-01 1.213783620108547723e+02
-9.888548765168787558e-01 -2.108845244690245747e-03 1.488676793683653687e-01 2.111101664807146960e+02 -2.395739120735050891e-03 9.999956026709692081e-01 -1.747876651945568698e-03 5.449007829719224594e-01 -1.488633387468313862e-01 -2.085044474102205718e-03 -9.888555804396752524e-01 1.207913602592906415e+02
-9.883495880175823256e-01 -2.170092101544123138e-03 1.521853559503867914e-01 2.111850056172546886e+02 -2.475683063994337831e-03 9.999952819020587746e-01 -1.818561791280945720e-03 5.491597895065687407e-01 -1.521806914783927489e-01 -2.174137505511361968e-03 -9.883502973476889775e-01 1.202131790408528218e+02
-9.880135977534794112e-01 -2.336638251499359355e-03 1.543491845650896699e-01 2.112800196652967770e+02 -2.666318455583966806e-03 9.999945849163366374e-01 -1.928959278205473254e-03 5.520015686791692744e-01 -1.543438414713068640e-01 -2.317382075789978235e-03 -9.880144777988810745e-01 1.196148170416086316e+02
-9.875736480629735414e-01 -2.115346860032068718e-03 1.571426579871030849e-01 2.113811959355624026e+02 -2.415660419708410417e-03 9.999956028676928455e-01 -1.720125000195065618e-03 5.432894374081217448e-01 -1.571383283490268012e-01 -2.078353420714185076e-03 -9.875744155306636074e-01 1.190170925161236966e+02
-9.870734790909112544e-01 -1.940979500030853540e-03 1.602566050867942071e-01 2.114659928605677237e+02 -2.217139878127669019e-03 9.999963494830926836e-01 -1.544445288531207799e-03 5.333057102627336565e-01 -1.602530223307038482e-01 -1.879792294087354650e-03 -9.870741791855393021e-01 1.184178675711101647e+02
-9.866158678810474925e-01 -1.946499519950895462e-03 1.630501161758148299e-01 2.115666482733938665e+02 -2.225201905843150491e-03 9.999963588395401892e-01 -1.526690584150072316e-03 5.318187999270894695e-01 -1.630465507816896698e-01 -1.869076584929416866e-03 -9.866166068088020324e-01 1.178381220635731808e+02
-9.862571581385544128e-01 -1.804255163931465459e-03 1.652076350649891723e-01 2.116679405748560043e+02 -2.061757697110249733e-03 9.999969124305391199e-01 -1.387185851693663059e-03 5.233465799353852477e-01 -1.652046221377041768e-01 -1.708740089118024417e-03 -9.862578329380440323e-01 1.172581469264628993e+02
-9.857798255583229974e-01 -1.861805083752488465e-03 1.680317505831317448e-01 2.117686278104858957e+02 -2.130166808095539880e-03 9.999967274515694227e-01 -1.416854093129156890e-03 5.243912035803219851e-01 -1.680285627849365526e-01 -1.754641838564832300e-03 -9.857805655014946211e-01 1.166844086117859121e+02
-9.853239918865046576e-01 -2.005205913653679544e-03 1.706827764072501585e-01 2.118639630658205988e+02 -2.303310181587732517e-03 9.999961483902863879e-01 -1.548536986890276194e-03 5.310576454344260178e-01 -1.706790138682869884e-01 -1.918946022227108542e-03 -9.853248154142435489e-01 1.161034480813570013e+02
-9.849156726048622357e-01 -2.106930907819715149e-03 1.730221913497273778e-01 2.119782824399039782e+02 -2.418639860822303402e-03 9.999958098466371625e-01 -1.590745231623584641e-03 5.314078701742647182e-01 -1.730181147699154931e-01 -1.985228278552794452e-03 -9.849166415642223171e-01 1.155218620769632167e+02
-9.844627603966409346e-01 -2.122396041661308869e-03 1.755806618829874877e-01 2.120924249141872053e+02 -2.464663908935345576e-03 9.999954639996534445e-01 -1.731303535983486335e-03 5.385859320331335409e-01 -1.755761909372726692e-01 -2.137151178568747791e-03 -9.844635258661429411e-01 1.149357365719263129e+02
-9.839803387069534502e-01 -2.006351728984117396e-03 1.782657218617447747e-01 2.121700736915126129e+02 -2.327880458277597781e-03 9.999960192617524113e-01 -1.594500931607505979e-03 5.313002875857786300e-01 -1.782618131028665398e-01 -1.983938857054411576e-03 -9.839810922857665787e-01 1.143463782633482424e+02
-9.836248139617846942e-01 -1.989691074107555625e-03 1.802172757758674360e-01 2.122802040786776274e+02 -2.327060323576440968e-03 9.999959135673168742e-01 -1.660614018264280857e-03 5.335533354955970253e-01 -1.802132352212119648e-01 -2.052797626858588777e-03 -9.836254245763518256e-01 1.137716499756660227e+02
-9.833032405282380317e-01 -1.879177368616232477e-03 1.819648478665138458e-01 2.123948822289000304e+02 -2.194535480448788455e-03 9.999964188837362489e-01 -1.531742056687554823e-03 5.259272832996566560e-01 -1.819613178142302501e-01 -1.905495242831791239e-03 -9.833038431264207180e-01 1.131949032931767363e+02
-9.830028631252110127e-01 -1.988507242129074638e-03 1.835794567117629561e-01 2.124956231645111870e+02 -2.336650663143277715e-03 9.999958586237778224e-01 -1.680118737387224174e-03 5.333633052341577585e-01 -1.835753555118891378e-01 -2.080522588506979274e-03 -9.830034385872932212e-01 1.126265574458267480e+02
-9.826473400028827854e-01 -2.009016887201210688e-03 1.854728256009659793e-01 2.126001372070865898e+02 -2.354068053306472910e-03 9.999958840668521365e-01 -1.640186865971677904e-03 5.310506958575312852e-01 -1.854687670441031722e-01 -2.048340914458450859e-03 -9.826480248545961249e-01 1.120686300558783870e+02
-9.823269879771252544e-01 -2.248663220513022910e-03 1.871593764830099538e-01 2.127090156172215529e+02 -2.627052317057497390e-03 9.999949762049170632e-01 -1.773742103771983871e-03 5.372082117784452437e-01 -1.871544476840232285e-01 -2.234072211895270568e-03 -9.823279603235568480e-01 1.114954543244653564e+02
-9.819043199248966847e-01 -2.043395995569423709e-03 1.893666576925085165e-01 2.128165433467169123e+02 -2.368160141927535926e-03 9.999960877202208609e-01 -1.488745040099882918e-03 5.227009651799600087e-01 -1.893628747415094515e-01 -1.910255757098272339e-03 -9.819053175294318869e-01 1.109404174831498864e+02
-9.816293090427563595e-01 -2.245382345399113584e-03 1.907848471088920694e-01 2.129350159655995469e+02 -2.606282912426846447e-03 9.999952575880299843e-01 -1.640759223639186260e-03 5.288575787451363919e-01 -1.907802581967556199e-01 -2.107856629976337989e-03 -9.816305058538095096e-01 1.103651060911358286e+02
-9.813810816167147788e-01 -2.099113099993488423e-03 1.920592782684565347e-01 2.130485890333347641e+02 -2.441810201418060603e-03 9.999958211506605466e-01 -1.547657635361977032e-03 5.242946159331708378e-01 -1.920552269732517248e-01 -1.987814229116811535e-03 -9.813821062088117220e-01 1.098128996340387857e+02
-9.811258286112241045e-01 -2.010187090621896357e-03 1.933599430590502433e-01 2.131586938658731469e+02 -2.347351280415743702e-03 9.999960979195546829e-01 -1.514624584058327532e-03 5.221640049574259868e-01 -1.933561438742115168e-01 -1.939921009989934711e-03 -9.811267187945549306e-01 1.092583754026054237e+02
-9.808896161233811029e-01 -1.920292904610139059e-03 1.945555793507003917e-01 2.132573482052888494e+02 -2.269181314995537789e-03 9.999961923169840006e-01 -1.570403672084471356e-03 5.248987813277111725e-01 -1.945518229096963592e-01 -1.981874540460426201e-03 -9.808902386994278189e-01 1.087132229488268109e+02
-9.806173965207827248e-01 -1.951951672424478892e-03 1.959227182474543860e-01 2.133564351969068866e+02 -2.281027746155546345e-03 9.999963413965162751e-01 -1.453996562356959111e-03 5.177901428808018292e-01 -1.959191633128932741e-01 -1.872719479953307252e-03 -9.806182612864835502e-01 1.081693779402463065e+02
-9.803570559389691574e-01 -1.994526746084386050e-03 1.972208526848437116e-01 2.134692440995811182e+02 -2.328299170009120317e-03 9.999962229427438176e-01 -1.460521557894849240e-03 5.166846146261612205e-01 -1.972171947210805409e-01 -1.891021762247802962e-03 -9.803579969292048890e-01 1.076208816635445942e+02
-9.801355067214883032e-01 -2.075573717244726113e-03 1.983181294222911839e-01 2.135764675642010104e+02 -2.418382817207626392e-03 9.999959710308237160e-01 -1.486387119658896762e-03 5.162608327588410484e-01 -1.983142452986214332e-01 -1.936469949246792622e-03 -9.801365773175567675e-01 1.070682434007534027e+02
-9.798090617326733476e-01 -2.025230758286697148e-03 1.999252384940793381e-01 2.136830330713340231e+02 -2.408799604280416600e-03 9.999956954602081671e-01 -1.675334450490789748e-03 5.267202722086867794e-01 -1.999209849690752883e-01 -2.123087711394010171e-03 -9.798097224806279204e-01 1.065305317724723011e+02
-9.795793364812801496e-01 -2.213157535693923567e-03 2.010458292843154138e-01 2.137945307315243895e+02 -2.640253509580879621e-03 9.999947916809385218e-01 -1.856252246180657749e-03 5.348852797970138351e-01 -2.010406739948437660e-01 -2.349158300010045948e-03 -9.795800778165006939e-01 1.059908684239448888e+02
-9.793077221427128887e-01 -2.325350290523819311e-03 2.023634801481692946e-01 2.139079678258173089e+02 -2.754079701754878155e-03 9.999945201117030891e-01 -1.837060576290140343e-03 5.333202147826893169e-01 -2.023580994095579566e-01 -2.356372761457424699e-03 -9.793087598458218856e-01 1.054539611627980804e+02
-9.789034288729820954e-01 -2.119224625834949683e-03 2.043124710528086974e-01 2.140242513649787384e+02 -2.528549258231066899e-03 9.999952852561493355e-01 -1.742384607696981095e-03 5.288804711974173234e-01 -2.043078152674738801e-01 -2.222240414018015076e-03 -9.789041721579161415e-01 1.049210921203764570e+02
-9.783866470749789102e-01 -2.072784671868588367e-03 2.067734808651381651e-01 2.141302221338494007e+02 -2.449015267021536959e-03 9.999957787541714493e-01 -1.563585002530201457e-03 5.194042855278095949e-01 -2.067693670484181678e-01 -2.036182099496154467e-03 -9.783875933457328866e-01 1.043910001671598451e+02
-9.780291893878789722e-01 -1.899937526145921299e-03 2.084593364248437386e-01 2.142436337557935531e+02 -2.263979997448622127e-03 9.999963005103865710e-01 -1.507766597259547602e-03 5.160258489607066901e-01 -2.084557005693550014e-01 -1.946587510851134021e-03 -9.780298725996068310e-01 1.038622953684094057e+02
-9.775748022387169556e-01 -1.983695459095234648e-03 2.105791323475774968e-01 2.143442238269815618e+02 -2.350843564772541264e-03 9.999961219302005988e-01 -1.493204303937819069e-03 5.154964331929724475e-01 -2.105753536444067431e-01 -1.954757500278702688e-03 -9.775756744931041187e-01 1.033773682468616926e+02
-9.771180076560295191e-01 -1.906123616547089226e-03 2.126893645838213442e-01 2.144551769547188087e+02 -2.244635200704226275e-03 9.999965693870374039e-01 -1.350121095212706776e-03 5.058981520878739202e-01 -2.126860614312253983e-01 -1.796637669208876915e-03 -9.771189340944932411e-01 1.028878296567041986e+02
-9.762655042881474010e-01 -1.876026128690752104e-03 2.165690320959451354e-01 2.145509997548246020e+02 -2.218348802930402916e-03 9.999966449036492566e-01 -1.337576178523941549e-03 5.050829234519893518e-01 -2.165657961581158308e-01 -1.786255135552323970e-03 -9.762663905036335077e-01 1.024119834801938964e+02
-9.753504822855847411e-01 -1.859298768053806433e-03 2.206535286673857732e-01 2.146736847293926758e+02 -2.201362680486667559e-03 9.999967263429372366e-01 -1.304341120167347087e-03 5.025678896003781260e-01 -2.206503811635653622e-01 -1.757928183946219549e-03 -9.753513823135095961e-01 1.019062583203331940e+02
-9.742226304439540741e-01 -1.898624663897138885e-03 2.255807207082396737e-01 2.147721255510915626e+02 -2.220883063879866993e-03 9.999968437377588781e-01 -1.174816128921026383e-03 4.961153266418635299e-01 -2.255777781814506666e-01 -1.645520861564169325e-03 -9.742237721652118321e-01 1.014243981431695829e+02
-9.732333782427959878e-01 -1.857980282197149724e-03 2.298115301358620022e-01 2.148967047367949874e+02 -2.230330924081456306e-03 9.999965873262046667e-01 -1.360499876319538025e-03 5.056129229794485980e-01 -2.298082180821311160e-01 -1.836639653101860073e-03 -9.732342008256291699e-01 1.009359933391221915e+02
-9.718701587094047412e-01 -1.877472281893792852e-03 2.355098080929687032e-01 2.150039604618811211e+02 -2.239776053887303220e-03 9.999966841240950366e-01 -1.270883174505132128e-03 5.007450316783454980e-01 -2.355066411237370094e-01 -1.762622661129640330e-03 -9.718711412260216953e-01 1.004587288136768706e+02
-9.707869955992973754e-01 -1.830110800151376390e-03 2.399359495151776878e-01 2.151189600855631170e+02 -2.195062103504987362e-03 9.999968048331161485e-01 -1.253804578185962722e-03 5.002400315203739956e-01 -2.399328882784777239e-01 -1.743851489575046773e-03 -9.707879109797004080e-01 9.998079401636201169e+01
-9.694443202165987650e-01 -1.951682747865547858e-03 2.453036912364516264e-01 2.152283023787444733e+02 -2.328589915543871451e-03 9.999965119916233158e-01 -1.246464436864720259e-03 5.001758055408439541e-01 -2.453004029119845164e-01 -1.779589570329372962e-03 -9.694454834554542266e-01 9.949809121033419501e+01
-9.680352831922178769e-01 -1.880456236203043854e-03 2.508070062404680889e-01 2.153411955486626823e+02 -2.254854405564117158e-03 9.999967312881599124e-01 -1.205422998527141227e-03 4.988805206003673054e-01 -2.508039196794423220e-01 -1.732425276713300171e-03 -9.680363591188547723e-01 9.903273995198675550e+01
-9.668137030776589036e-01 -1.826256085579697685e-03 2.554758860048724212e-01 2.154696149100655589e+02 -2.188601294122652537e-03 9.999969619872723925e-01 -1.134037301412027347e-03 4.950354579175743619e-01 -2.554730388233562022e-01 -1.655537657533752167e-03 -9.668147628317560471e-01 9.854717674556000873e+01
-9.653736510986852259e-01 -1.789341071427141827e-03 2.608649306114639854e-01 2.155942456092906241e+02 -2.158475797025072654e-03 9.999970336707920682e-01 -1.128552989624595493e-03 4.944712806193494736e-01 -2.608621374339853416e-01 -1.652545959069702617e-03 -9.653746497320228048e-01 9.807394023485584000e+01
-9.637681885634272749e-01 -1.901948112765341212e-03 2.667344396708956067e-01 2.157157016928102280e+02 -2.297017424726198378e-03 9.999966784030518419e-01 -1.169142341167013878e-03 4.962594488137507254e-01 -2.667313300385254493e-01 -1.739475852017963653e-03 -9.637693561219091709e-01 9.759543995047403087e+01
-9.625081843208986854e-01 -1.803864904016548327e-03 2.712466427196761343e-01 2.158555992362065581e+02 -2.142851524800222247e-03 9.999972494436791814e-01 -9.535682559120327913e-04 4.857128306229994141e-01 -2.712441765321981224e-01 -1.499058532572735422e-03 -9.625094023025886347e-01 9.713956819834228895e+01
-9.608669906116407144e-01 -1.881187557491638450e-03 2.770037680001901093e-01 2.159859672230804790e+02 -2.286077844326613474e-03 9.999967385541446152e-01 -1.138740165013087677e-03 4.965045387759162154e-01 -2.770007223835694310e-01 -1.727430012264952576e-03 -9.608681573371726792e-01 9.666958055448394305e+01
-9.592424736975382338e-01 -1.689221858180838757e-03 2.825792334623006274e-01 2.161260705283848722e+02 -2.045605956251500546e-03 9.999974410197083330e-01 -9.661523206946343294e-04 4.850181934624428481e-01 -2.825768783019928510e-01 -1.504820105155203801e-03 -9.592434744972475613e-01 9.621062815114396471e+01
-9.577999813335120738e-01 -1.826288534297232672e-03 2.874297486825504455e-01 2.162592191495629663e+02 -2.212656432136480156e-03 9.999970325069753585e-01 -1.019376650962631461e-03 4.904921823184912322e-01 -2.874270340608864327e-01 -1.612342219473643151e-03 -9.578011800178207746e-01 9.575287811878467892e+01
-9.565494079687022477e-01 -1.702673534598097161e-03 2.915653117528905214e-01 2.163830028507972827e+02 -2.021551958414751111e-03 9.999976426892019932e-01 -7.924289989888382360e-04 4.766382034721332039e-01 -2.915632751949482349e-01 -1.347411916819867602e-03 -9.565505951274724250e-01 9.528189512187353216e+01
-9.551982142474055859e-01 -1.826148661123039437e-03 2.959612080655767974e-01 2.165370228457068436e+02 -2.162763484432796233e-03 9.999973331859558501e-01 -8.099846213374128651e-04 4.784438880351306600e-01 -2.959589396397388494e-01 -1.413789957482203914e-03 -9.551996164390343935e-01 9.483004556844626620e+01
-9.537749631856140553e-01 -1.842769556357213732e-03 3.005160957430461632e-01 2.166873231399042368e+02 -2.169200698232530856e-03 9.999973640868191627e-01 -7.525873666203509223e-04 4.748180682331614166e-01 -3.005139167636206032e-01 -1.369678712608212714e-03 -9.537764464546254484e-01 9.437011733900908439e+01
-9.520970826104748763e-01 -1.641665886488350660e-03 3.057915142997589264e-01 2.168326321423693912e+02 -1.988241647039284531e-03 9.999976856664428704e-01 -8.219226917411121946e-04 4.797467008410944977e-01 -3.057894572737515082e-01 -1.390537620980051301e-03 -9.520981431687329799e-01 9.391554948737550035e+01
-9.505187796684237966e-01 -1.696030906848796640e-03 3.106624743621501650e-01 2.169792993794593201e+02 -1.993991045818711318e-03 9.999978062182089955e-01 -6.415282367897439959e-04 4.705316703673576018e-01 -3.106607047847535497e-01 -1.229242828906235282e-03 -9.505200763080745574e-01 9.345329406573009123e+01
-9.488264087125799495e-01 -1.654457216595380323e-03 3.157937759059013527e-01 2.171272567693277438e+02 -2.000099508042390683e-03 9.999977030249109777e-01 -7.704199243236089156e-04 4.774087473970014539e-01 -3.157917759086611986e-01 -1.362613745828829617e-03 -9.488275383610202951e-01 9.299754050456724030e+01
-9.473762643727146049e-01 -1.527224621064239953e-03 3.201185425559688325e-01 2.172798897193828793e+02 -1.880212325706271228e-03 9.999979174956444838e-01 -7.936031656098426097e-04 4.773773688210140587e-01 -3.201166638974157763e-01 -1.353731631830673229e-03 -9.473771629640743708e-01 9.254332634041099936e+01
-9.457628203424122137e-01 -1.653282399389812297e-03 3.248537429602340043e-01 2.174235871568199343e+02 -2.050415119449601562e-03 9.999975105419148802e-01 -8.801748750846441309e-04 4.825945375402420634e-01 -3.248514790728277979e-01 -1.498521698430041720e-03 -9.457638558207410728e-01 9.209053187307040389e+01
-9.445223455597684392e-01 -1.710669064221946502e-03 3.284427078648974319e-01 2.175750763804340693e+02 -2.144588184309540943e-03 9.999972406124045810e-01 -9.589103692641967949e-04 4.864276263462939953e-01 -3.284401611858594472e-01 -1.610086621668691941e-03 -9.445234079371869207e-01 9.162671349696231005e+01
-9.430586684819817211e-01 -1.935860893600033564e-03 3.326208054881612530e-01 2.177301089195466375e+02 -2.338969094547867569e-03 9.999969353206297207e-01 -8.115250599600144993e-04 4.808467702304317637e-01 -3.326182151124127961e-01 -1.543305526726078142e-03 -9.430603062283371418e-01 9.116884280895820325e+01
-9.420790154844924658e-01 -1.771324595374119265e-03 3.353863309572211460e-01 2.178918794236300300e+02 -2.164711466589096071e-03 9.999973377230603200e-01 -7.991064122077674338e-04 4.783345006364604912e-01 -3.353840225890840632e-01 -1.478836018440381032e-03 -9.420803418159169329e-01 9.071491292272523310e+01
-9.408977964479754430e-01 -1.792541847221518995e-03 3.386858772270711637e-01 2.180411371734030013e+02 -2.195559440039267316e-03 9.999972642726667749e-01 -8.068245951823333623e-04 4.790435438246262723e-01 -3.386835044080092616e-01 -1.502744458680963305e-03 -9.408991580403303079e-01 9.026471873941100910e+01
-9.401020115366682806e-01 -2.036312185922200136e-03 3.408871680444903185e-01 2.182140612750694686e+02 -2.365333864635792063e-03 9.999970515676929184e-01 -5.495922395116175762e-04 4.671271788031488015e-01 -3.408850438203763766e-01 -1.322984732485238402e-03 -9.401040562676978851e-01 8.982286990913235059e+01
-9.392736922861764093e-01 -1.965998370085359978e-03 3.431633223838219116e-01 2.183684963076558461e+02 -2.250029817911258431e-03 9.999973764293784706e-01 -4.295348397077256865e-04 4.595266344886491106e-01 -3.431615776058161704e-01 -1.175578482634919266e-03 -9.392756515902664916e-01 8.937994589467007245e+01
-9.385047118549920686e-01 -1.924237277027802690e-03 3.452610651910820172e-01 2.185198634472172046e+02 -2.315775774089978267e-03 9.999970582452232248e-01 -7.215839963061073097e-04 4.750133831621822234e-01 -3.452586610188700389e-01 -1.476757191038444812e-03 -9.385064071063426994e-01 8.894371896522507370e+01
-9.378934286691202882e-01 -1.990316071875692251e-03 3.469177930017653955e-01 2.186822063929426747e+02 -2.317877644286078353e-03 9.999971736564124969e-01 -5.292659188438166885e-04 4.640448778839573740e-01 -3.469157590864211382e-01 -1.300508024105996845e-03 -9.378953911691705336e-01 8.849725980090927635e+01
-9.375516425562542278e-01 -1.874897929406779988e-03 3.478410589591517388e-01 2.188501638121070414e+02 -2.235349845566215760e-03 9.999973000186336280e-01 -6.349539437410250562e-04 4.696300432549446735e-01 -3.478389293209397382e-01 -1.372848570327898053e-03 -9.375533022370863279e-01 8.805288477915355827e+01
-9.373047502608671255e-01 -1.675432430601158382e-03 3.485068120777346512e-01 2.190243702693769023e+02 -2.058811256900437356e-03 9.999976144148072787e-01 -7.296991865175979104e-04 4.733694726110367901e-01 -3.485047581233625125e-01 -1.401460261596559507e-03 -9.373059636396821048e-01 8.761307579924142885e+01
-9.370844299042742076e-01 -1.723084988153174464e-03 3.490985565841054905e-01 2.191769011384028545e+02 -2.173332891824166641e-03 9.999972350401717947e-01 -8.980735787124953431e-04 4.826392538990385006e-01 -3.490960438835186697e-01 -1.600278143032465980e-03 -9.370855837407499056e-01 8.716115518633758086e+01
-9.370165316109209108e-01 -1.894275850191817507e-03 3.492798751815560099e-01 2.193404399628776105e+02 -2.299117211360013086e-03 9.999970798821199436e-01 -7.445047222870343267e-04 4.753134175442937370e-01 -3.492774449458315722e-01 -1.500648605256941180e-03 -9.370181505744032968e-01 8.671377919275923318e+01
-9.370602046004725683e-01 -1.843818787710256937e-03 3.491629609314239047e-01 2.195046718661659781e+02 -2.199821947313191674e-03 9.999973862825460857e-01 -6.230661893938021015e-04 4.684924911928207703e-01 -3.491608994969526703e-01 -1.351946875558797476e-03 -9.370618114628965767e-01 8.626976219059183393e+01
-9.373085831119631894e-01 -1.930809930744309660e-03 3.484951821728040078e-01 2.196795879510782186e+02 -2.269490547347680510e-03 9.999972658858787833e-01 -5.635897644445610113e-04 4.645578504421417620e-01 -3.484931411624911379e-01 -1.319164045305322702e-03 -9.373104023582166100e-01 8.582515350570758983e+01
-9.375149998711449495e-01 -1.957374401052727492e-03 3.479393534828463808e-01 2.198397368111001526e+02 -2.266359127510189381e-03 9.999973160995800914e-01 -4.810508722439900994e-04 4.608389650372339830e-01 -3.479374780516065191e-01 -1.239547938015681753e-03 -9.375169197875830029e-01 8.538144641713934391e+01
-9.379382121374506553e-01 -1.778426809122748238e-03 3.467978480476598957e-01 2.199935981687525839e+02 -2.139785292603327803e-03 9.999974934697101192e-01 -6.590699496753578586e-04 4.693005458356967474e-01 -3.467958066806817730e-01 -1.360239825030890894e-03 -9.379396666184420805e-01 8.494263075567805288e+01
-9.384122231972256145e-01 -1.972090373249061994e-03 3.455120985053924954e-01 2.201444641173731043e+02 -2.336866523408590718e-03 9.999970652196464860e-01 -6.392237056399379357e-04 4.692436554435538421e-01 -3.455098238963577040e-01 -1.407270995159846418e-03 -9.384140776754439361e-01 8.450276024258408825e+01
-9.393407296981359789e-01 -1.952642463679025173e-03 3.429798546818503824e-01 2.203115154702853147e+02 -2.342527460684083393e-03 9.999969952919447458e-01 -7.224764204541326640e-04 4.724156935630375309e-01 -3.429774133893806476e-01 -1.482091256032752775e-03 -9.393424813720707700e-01 8.405859428903089281e+01
-9.405469588700088313e-01 -2.029851094420124982e-03 3.396576185880605947e-01 2.204792733934866362e+02 -2.417106716466308185e-03 9.999968216989997272e-01 -7.170683510847027185e-04 4.700047813910055439e-01 -3.396550835119344636e-01 -1.495425168102801740e-03 -9.405488758953823858e-01 8.360617169792982395e+01
-9.418139470193005458e-01 -1.945365131123711396e-03 3.361290001687349815e-01 2.206348444247328473e+02 -2.292241690844431991e-03 9.999971710772486144e-01 -6.351893660861698213e-04 4.658071888723970821e-01 -3.361268136105144966e-01 -1.368719111666932007e-03 -9.418157419474557646e-01 8.316197658798792247e+01
-9.431208084835438488e-01 -1.946296652981992399e-03 3.324445104595440403e-01 2.208141250660732169e+02 -2.319535753619825572e-03 9.999970464288793215e-01 -7.258701022629019100e-04 4.698326829580352637e-01 -3.324421158024881695e-01 -1.455700125805772576e-03 -9.431225374138343387e-01 8.270140285223591547e+01
-9.448673537650591481e-01 -1.943763466942823644e-03 3.274475615615423107e-01 2.209658703929758019e+02 -2.316491171033797317e-03 9.999970369759676458e-01 -7.482699645140523676e-04 4.704773639916361994e-01 -3.274451368667276041e-01 -1.465545246606125450e-03 -9.448690568112922961e-01 8.224546701496267076e+01
-9.463492549185652525e-01 -2.000301167592249008e-03 3.231394227114907647e-01 2.211275002537963701e+02 -2.344055482795468371e-03 9.999970251338810012e-01 -6.746312190506959568e-04 4.651696078905979137e-01 -3.231371119493552380e-01 -1.395893487007661892e-03 -9.463511284731493944e-01 8.178998850170114565e+01
-9.481054758571707541e-01 -1.952116112266427108e-03 3.179499896089524880e-01 2.212789846645117677e+02 -2.318603526551352677e-03 9.999970123085947238e-01 -7.742425789098240137e-04 4.705503564980857978e-01 -3.179475282610880749e-01 -1.471263595880464544e-03 -9.481071693938913914e-01 8.132521064683301404e+01
-9.498288845465745478e-01 -2.083312304792439909e-03 3.127630890799787955e-01 2.214254917410301857e+02 -2.410301746279128014e-03 9.999968781668231443e-01 -6.588642497941965027e-04 4.630871816260025975e-01 -3.127607400657920755e-01 -1.379661715230764713e-03 -9.498309407505367563e-01 8.086485183308275282e+01
-9.517980070189144826e-01 -1.997825236657015113e-03 3.067190286388282727e-01 2.215931110213552131e+02 -2.300939484209070518e-03 9.999971564802330182e-01 -6.266649330263504916e-04 4.597671441699719974e-01 -3.067169045101892921e-01 -1.302200357876454485e-03 -9.517998974374368704e-01 8.040544036624295643e+01
-9.533223327530524482e-01 -2.112151301036200787e-03 3.019471289665785485e-01 2.217292342685702806e+02 -2.419832211242810803e-03 9.999968642323799894e-01 -6.449321486808576353e-04 4.587181854706117723e-01 -3.019448199362717022e-01 -1.345489609213487876e-03 -9.533244544075032412e-01 7.993378355633339538e+01
-9.551186246268192903e-01 -2.017482178188470619e-03 2.962167156941593604e-01 2.218917113542046593e+02 -2.327266867744442417e-03 9.999970516416784028e-01 -6.932076721272746730e-04 4.604469642170305743e-01 -2.962144438070163921e-01 -1.351470906490053608e-03 -9.551205038143038006e-01 7.947782752742267576e+01
-9.565365637413241195e-01 -2.034410972158467827e-03 2.916053212784975868e-01 2.220282524960149431e+02 -2.360506970699328272e-03 9.999969202611019847e-01 -7.664692768855756481e-04 4.633394766941479892e-01 -2.916028638967400610e-01 -1.421492281896336897e-03 -9.565384200997424369e-01 7.902087480356462379e+01
-9.586982007843709575e-01 -1.973627782787922523e-03 2.844184674140993185e-01 2.221719663535692746e+02 -2.291354353927960510e-03 9.999970672086475609e-01 -7.843910557183565290e-04 4.641659950881584784e-01 -2.844160851780975219e-01 -1.403697787475356165e-03 -9.586999114031913294e-01 7.855215551373790106e+01
-9.602021164127021446e-01 -2.085315280553176089e-03 2.792983120191540047e-01 2.223052098070423881e+02 -2.400610008641758386e-03 9.999968089746420485e-01 -7.868367808288917378e-04 4.619091194277044066e-01 -2.792957799683956077e-01 -1.426008665453189174e-03 -9.602040584121334099e-01 7.808038378256037504e+01
-9.619055066044970292e-01 -2.016078349834214255e-03 2.733747094960212176e-01 2.224334103511953060e+02 -2.299343485494881410e-03 9.999971003284958693e-01 -7.157891699790829877e-04 4.571658022140081545e-01 -2.733724737121175363e-01 -1.317103901549473988e-03 -9.619073530511297321e-01 7.761588533804513190e+01
-9.634329147684725925e-01 -2.056748139207637775e-03 2.679417633140043775e-01 2.225718126745459813e+02 -2.347993355461364378e-03 9.999969496553259285e-01 -7.665554423165456223e-04 4.595360537698412462e-01 -2.679393693877941129e-01 -1.367650224034548494e-03 -9.634348051969769955e-01 7.714427993829256991e+01
-9.651579790085655919e-01 -2.095684747187514119e-03 2.616594803586189677e-01 2.226967033720383711e+02 -2.403861083155915939e-03 9.999967428879752429e-01 -8.577093527090625964e-04 4.630932777067098272e-01 -2.616568306159711144e-01 -1.456818067310307200e-03 -9.651598731159127809e-01 7.666567552320810819e+01
-9.667053006747006183e-01 -2.149419069590620662e-03 2.558832578444704131e-01 2.228266930088275615e+02 -2.458941958757153174e-03 9.999965810092628082e-01 -8.897045736912393213e-04 4.637004362151355141e-01 -2.558804706340049862e-01 -1.489284206679089648e-03 -9.667072808149692609e-01 7.619204802866428849e+01
-9.682866143531447811e-01 -2.035402855038026017e-03 2.498337239040048785e-01 2.229546727976400007e+02 -2.327148232817091364e-03 9.999969116624536358e-01 -8.723798813851983908e-04 4.618995422742132040e-01 -2.498311766886337493e-01 -1.426113870857589720e-03 -9.682883606413950073e-01 7.570879122574054065e+01
-9.697176122347677119e-01 -2.116929783897970440e-03 2.442197189622306586e-01 2.230806307089481493e+02 -2.402778262358336390e-03 9.999967326525925904e-01 -8.725484291616757149e-04 4.608270747319199723e-01 -2.442170738878075009e-01 -1.432931411247567385e-03 -9.697195303433090441e-01 7.522443301423514583e+01
-9.712605668283516014e-01 -2.070647476933699677e-03 2.380097135481987758e-01 2.232097426759504799e+02 -2.342442578740334871e-03 9.999968874251192741e-01 -8.591291164275009209e-04 4.582752022681730875e-01 -2.380071937716057295e-01 -1.391962319769206400e-03 -9.712623940799240962e-01 7.473844595346919562e+01
-9.725920986273233204e-01 -1.982333450075672663e-03 2.325095267764142326e-01 2.233349276630331985e+02 -2.281854991565948534e-03 9.999968771219888142e-01 -1.019256624904316295e-03 4.667042708411409668e-01 -2.325067801710239412e-01 -1.521873964116888297e-03 -9.725935847383226918e-01 7.424890860001960391e+01
-9.741231293182373019e-01 -2.047127820750394012e-03 2.260087126526990342e-01 2.234438655503320774e+02 -2.307945208302645580e-03 9.999969408228849277e-01 -8.897942385611356478e-04 4.571645619703753050e-01 -2.260061997294769698e-01 -1.388384873517957722e-03 -9.741248739618975083e-01 7.375579799931665548e+01
-9.754208811127818013e-01 -2.022451520396506899e-03 2.203406779943551663e-01 2.235603500759489179e+02 -2.258540724912535234e-03 9.999971136545692252e-01 -8.195586156139083363e-04 4.517077301266528289e-01 -2.203383844974778072e-01 -1.297062981570780470e-03 -9.754226335003015613e-01 7.327720832623758440e+01
-9.772429185055315770e-01 -2.056788571739611316e-03 2.121132901342181465e-01 2.236640673559174388e+02 -2.311565385793973391e-03 9.999968740669997747e-01 -9.531640447677472861e-04 4.585884202308513902e-01 -2.121106666253704809e-01 -1.421786552264502979e-03 -9.772446181109117891e-01 7.277861284611370252e+01
-9.786473562617152844e-01 -2.026017643014375001e-03 2.055364866257701206e-01 2.237785071183023717e+02 -2.292225104645863321e-03 9.999968141361432750e-01 -1.057081658771400140e-03 4.628839382151779258e-01 -2.055336901484153822e-01 -1.505646065273678414e-03 -9.786488825129784352e-01 7.227752464767173990e+01
-9.801835191355139365e-01 -2.047859224048315455e-03 1.980809811357922001e-01 2.238895615999154529e+02 -2.267355887717028770e-03 9.999970411863376984e-01 -8.813148407265022086e-04 4.511216741708828915e-01 -1.980785902423530809e-01 -1.312970360872662157e-03 -9.801852621807947141e-01 7.178168737500756436e+01
-9.812571988634197773e-01 -2.047274300577974371e-03 1.926917703137679128e-01 2.239772837554525040e+02 -2.268868707169472993e-03 9.999969942791832045e-01 -9.293370695146813609e-04 4.539885299616636116e-01 -1.926892885282036894e-01 -1.349111017425910601e-03 -9.812588944748261710e-01 7.127369777493699132e+01
-9.825012017904413142e-01 -2.034645977005374029e-03 1.862451306640982296e-01 2.240923832876886195e+02 -2.251119901656798046e-03 9.999970141829775949e-01 -9.508334859330574594e-04 4.533219919964931455e-01 -1.862426399606898209e-01 -1.353455162856445713e-03 -9.825028484536801887e-01 7.077401451594181481e+01
-9.835418078892343985e-01 -2.009720318367333360e-03 1.806695136380751521e-01 2.241937333300561761e+02 -2.222446901910699654e-03 9.999970550358068255e-01 -9.750125545973438879e-04 4.529699382844786792e-01 -1.806670220702850660e-01 -1.360494011518025318e-03 -9.835433778905231517e-01 7.026883567122106911e+01
-9.846553745725132867e-01 -1.966368705326371983e-03 1.744990736926073926e-01 2.242780088470417752e+02 -2.208337988605847246e-03 9.999968505939678121e-01 -1.192495481592388811e-03 4.645299656007274014e-01 -1.744961792383758759e-01 -1.559550018515299362e-03 -9.846566158996485907e-01 6.975222196030557598e+01
-9.857168423522624234e-01 -1.980651332308144049e-03 1.683994766125630760e-01 2.243650916036332603e+02 -2.174957545340733874e-03 9.999971649069815394e-01 -9.694006783744168977e-04 4.514401605941499307e-01 -1.683970791396374456e-01 -1.321816287951295583e-03 -9.857183555858843871e-01 6.923726473446859586e+01
-9.867492080767028551e-01 -1.998049538863999001e-03 1.622405872710029617e-01 2.244506075033263528e+02 -2.195110201001121680e-03 9.999970547421633826e-01 -1.035373461176041822e-03 4.532186308693867405e-01 -1.622380407031752403e-01 -1.377789911014085274e-03 -9.867506877847898039e-01 6.872455456666645546e+01
-9.875407677662126904e-01 -1.989933197675605638e-03 1.573507933427365502e-01 2.245287029909018202e+02 -2.169906229672924434e-03 9.999971733678598707e-01 -9.719893234492818241e-04 4.488952400154869737e-01 -1.573484143761043064e-01 -1.301315549458046056e-03 -9.875422943201810355e-01 6.821664370830221458e+01
-9.883865880273197124e-01 -2.009261515719582523e-03 1.519470811693163503e-01 2.246237658359525824e+02 -2.166922579332283480e-03 9.999972720084621125e-01 -8.720218856114606357e-04 4.425981656723632640e-01 -1.519449145389490663e-01 -1.191152297254088107e-03 -9.883882456312176323e-01 6.769767637746579680e+01
-9.891524355261147594e-01 -2.041916171727560080e-03 1.468784867538575900e-01 2.247015697140176371e+02 -2.184501622683615325e-03 9.999972863477233354e-01 -8.094750459296483607e-04 4.372013099402902170e-01 -1.468764352965307440e-01 -1.121550505830041069e-03 -9.891542118795466632e-01 6.715670431079432490e+01
-9.898166494519748948e-01 -1.971276147520196684e-03 1.423345163269144620e-01 2.247848088992287501e+02 -2.112492312180936152e-03 9.999974150106983872e-01 -8.410399229417889894e-04 4.400997071668791283e-01 -1.423324904717733208e-01 -1.133155890080187345e-03 -9.898182550922323131e-01 6.662154138650795687e+01
-9.903300386662765575e-01 -1.994364427289041161e-03 1.387171115103794650e-01 2.248597271696267512e+02 -2.138956626494268806e-03 9.999973134495282467e-01 -8.932851033589848467e-04 4.397286460818479181e-01 -1.387149573038245487e-01 -1.181356955822782627e-03 -9.903316439536513638e-01 6.609166931793150468e+01
-9.908709008905540738e-01 -1.965943247698408603e-03 1.347998250573382018e-01 2.249322380139241488e+02 -2.120719555099534557e-03 9.999972466483095790e-01 -1.004611551052411907e-03 4.444956764846085262e-01 -1.347974788967166437e-01 -1.281312977659453557e-03 -9.908723418887737111e-01 6.555039696241723846e+01
-9.912716298725383623e-01 -2.052484005003711674e-03 1.318193579079017519e-01 2.249988943482211710e+02 -2.213996927494606918e-03 9.999969672990034475e-01 -1.078707745764419549e-03 4.469593527515480780e-01 -1.318167441088094194e-01 -1.361140038692433855e-03 -9.912731678353594589e-01 6.500233146489327396e+01
-9.916970458154061863e-01 -1.935858867422930079e-03 1.285815763297419589e-01 2.250794081138704996e+02 -2.096806728016904244e-03 9.999971785643304578e-01 -1.116362362290924774e-03 4.496305321567706792e-01 -1.285790524251177736e-01 -1.376703971090640580e-03 -9.916983069278855201e-01 6.446037336007542251e+01
-9.920070015678930098e-01 -2.003405759045573126e-03 1.261669338838141696e-01 2.251451548181820783e+02 -2.137823591294466582e-03 9.999972823984492054e-01 -9.300032304994178311e-04 4.395857658688481218e-01 -1.261647278385310544e-01 -1.192292363834288830e-03 -9.920085886162217648e-01 6.392245687997711912e+01
-9.924085415359611417e-01 -1.967406736067790589e-03 1.229691668557715417e-01 2.252138042828777600e+02 -2.108011901176500523e-03 9.999972647259645075e-01 -1.013324436538958970e-03 4.419664845211065396e-01 -1.229668368800800188e-01 -1.264852293378102531e-03 -9.924099743434589005e-01 6.336639379028794394e+01
-9.926936336233120883e-01 -1.965567325570115233e-03 1.206461201565710434e-01 2.252846946246845619e+02 -2.122813792605000600e-03 9.999970566794695870e-01 -1.174859140329927252e-03 4.500776328861024744e-01 -1.206434557916302858e-01 -1.422384436902325577e-03 -9.926948843411889101e-01 6.281802551619115604e+01
-9.929106794964779326e-01 -1.924832514132840270e-03 1.188472867239110387e-01 2.253368155419645404e+02 -2.100949671956159944e-03 9.999968728112357264e-01 -1.356605405104515131e-03 4.588146184357887458e-01 -1.188443038278187425e-01 -1.596680162646399231e-03 -9.929116184535962120e-01 6.226922564533772686e+01
-9.931466442244427650e-01 -1.991972792632090445e-03 1.168579270315968921e-01 2.253988462974446918e+02 -2.141017505268698242e-03 9.999970468579542082e-01 -1.149921481095404546e-03 4.458280894952733608e-01 -1.168552913212351774e-01 -1.392235527475562925e-03 -9.931479761699490982e-01 6.171436788359354608e+01
-9.933952736048599075e-01 -1.928504728348589712e-03 1.147262448136397717e-01 2.254752671390564558e+02 -2.086858374594465285e-03 9.999970284740196114e-01 -1.260184611577094002e-03 4.522658390581027477e-01 -1.147234736296406654e-01 -1.491278861785379781e-03 -9.933963462212382911e-01 6.116080322218642351e+01
-9.935449408928374027e-01 -1.977191049055468559e-03 1.134219605799663133e-01 2.255466863092179040e+02 -2.121829656640632916e-03 9.999970824578140460e-01 -1.154519280084137208e-03 4.447657832424644075e-01 -1.134193469614249716e-01 -1.387728869563732833e-03 -9.935462374461634383e-01 6.059569444582236031e+01
-9.937180248547849981e-01 -2.026056433222530370e-03 1.118945136011374741e-01 2.256006584065079323e+02 -2.162750205278354387e-03 9.999970559621007560e-01 -1.100263005268825285e-03 4.409019074618583112e-01 -1.118919549845086570e-01 -1.335351062676907964e-03 -9.937194811652254600e-01 6.002426633622636842e+01
-9.938604614001715909e-01 -1.990330973562294374e-03 1.106228812138474876e-01 2.256664463430424235e+02 -2.121531211514420846e-03 9.999971788949300056e-01 -1.068319942712729577e-03 4.387318747416172893e-01 -1.106204428248047794e-01 -1.296450846390308524e-03 -9.938618801646668111e-01 5.945875167253916516e+01
-9.940429384918991751e-01 -1.939815956323326200e-03 1.089718933874524870e-01 2.257361142322098431e+02 -2.072968605368691493e-03 9.999972368696036229e-01 -1.108627222743700704e-03 4.410872020886996703e-01 -1.089694417511252317e-01 -1.327918376048034272e-03 -9.940442129992181908e-01 5.889836114955987512e+01
-9.942161238577233995e-01 -1.959401130063096515e-03 1.073799786204863438e-01 2.258005043279437984e+02 -2.094122655578296421e-03 9.999971553771677124e-01 -1.141879098701912469e-03 4.410330484590526678e-01 -1.073774357657510392e-01 -1.360141457410239283e-03 -9.942173989141351864e-01 5.833154926836560605e+01
-9.943724044876336432e-01 -1.933314260164941453e-03 1.059234794059117080e-01 2.258550020776742713e+02 -2.073632606114752305e-03 9.999971123965414321e-01 -1.214597214591736727e-03 4.435598355239971924e-01 -1.059208253427909030e-01 -1.427408333406789825e-03 -9.943735421179271672e-01 5.776617026360329987e+01
-9.944835216027179126e-01 -1.985675411529912258e-03 1.048741262362501703e-01 2.259187278408855661e+02 -2.113682077273513951e-03 9.999971507341086641e-01 -1.109446592009871290e-03 4.368709394426996129e-01 -1.048716244211612414e-01 -1.324996914847392446e-03 -9.944848851412688706e-01 5.718452713423351952e+01
-9.945790727043961610e-01 -1.975225168794499369e-03 1.039642564730604429e-01 2.259792258002943868e+02 -2.099452759714687342e-03 9.999972070012373981e-01 -1.085489674808715228e-03 4.357922177130967301e-01 -1.039618220144945954e-01 -1.297873359365500634e-03 -9.945804417382084761e-01 5.661624644106745308e+01
-9.946647862404673912e-01 -1.950456633200469856e-03 1.031414501164666930e-01 2.260380256207393472e+02 -2.077006611165571007e-03 9.999972162987514901e-01 -1.119570580719412732e-03 4.365645447938309998e-01 -1.031389793276177302e-01 -1.327822906129495642e-03 -9.946660685021819770e-01 5.603375526569340082e+01
-9.948399388906914442e-01 -1.961586062526639220e-03 1.014379030150265593e-01 2.260953238893541197e+02 -2.087114081560857617e-03 9.999971819731660050e-01 -1.131371087357998162e-03 4.369153360148265164e-01 -1.014353978785373644e-01 -1.337245619196591713e-03 -9.948412294589414895e-01 5.545503722610408914e+01
-9.949307145354182591e-01 -1.959145124676672008e-03 1.005436970894913046e-01 2.261577210979646964e+02 -2.071304161355910344e-03 9.999973436393826409e-01 -1.011144524622091274e-03 4.305596896974773768e-01 -1.005414490303082747e-01 -1.214275322560404071e-03 -9.949321296261004477e-01 5.487036812433743904e+01
-9.950513327194574487e-01 -2.092811429774372317e-03 9.934014995736366316e-02 2.262040133258948629e+02 -2.199320902404782244e-03 9.999971181227284012e-01 -9.626701440253857987e-04 4.255297307722321620e-01 -9.933784898416282705e-02 -1.176387078030947464e-03 -9.950530678675599816e-01 5.428623361828547900e+01
-9.951662359121884460e-01 -2.011500591216409863e-03 9.818409629740595945e-02 2.262589436580620088e+02 -2.133460830429768137e-03 9.999970775734284834e-01 -1.137184895943281872e-03 4.354354555812340877e-01 -9.818152191350351665e-02 -1.341159936053729291e-03 -9.951676190696592261e-01 5.369672101871503855e+01
-9.953005307712279315e-01 -2.084632812417958319e-03 9.681171288924823870e-02 2.263264875524818649e+02 -2.193085684844835789e-03 9.999970812367570128e-01 -1.013850652521779182e-03 4.259747818922683393e-01 -9.680931681244202280e-02 -1.221402474240400543e-03 -9.953021975030020840e-01 5.311043383198796164e+01
-9.953703119355916673e-01 -2.020308813008110660e-03 9.609297825306223340e-02 2.263863249994564057e+02 -2.135381425350269327e-03 9.999971208929163691e-01 -1.094692672056060299e-03 4.300201262779290712e-01 -9.609048997383495827e-02 -1.294819747326223262e-03 -9.953717602877885096e-01 5.251528674645107486e+01
-9.954982289694935815e-01 -1.975632161790748069e-03 9.475955358782088556e-02 2.264499162587348167e+02 -2.082869484199597297e-03 9.999972975032979106e-01 -1.032783042326756908e-03 4.261544120083080589e-01 -9.475725710104525301e-02 -1.225505472050460783e-03 -9.954996536227547210e-01 5.192884463287243335e+01
-9.955767099862242731e-01 -2.048295782693286375e-03 9.392986222385625583e-02 2.265028195936351949e+02 -2.150606333303641850e-03 9.999971993615710542e-01 -9.880088124413594856e-04 4.234427561258668482e-01 -9.392757542599068643e-02 -1.185644719512728715e-03 -9.955783268137141651e-01 5.134284269795056588e+01
-9.956564465430437494e-01 -1.993380003717980242e-03 9.308204388302182553e-02 2.265574840126768379e+02 -2.102725853053225881e-03 9.999972096651420506e-01 -1.076664254502622282e-03 4.269791613412065034e-01 -9.307963795195448031e-02 -1.267713725885860707e-03 -9.956578598598231356e-01 5.074968709115520227e+01
-9.957006007290551963e-01 -1.975044166717102381e-03 9.260892456096316006e-02 2.266097719159010637e+02 -2.083221642199497257e-03 9.999972560821451806e-01 -1.071454978038746458e-03 4.257803446574168205e-01 -9.260655427877727275e-02 -1.259773281193535309e-03 -9.957019830631512747e-01 5.015454818738440679e+01
-9.957284436042743714e-01 -2.045103476012194010e-03 9.230755196180828737e-02 2.266729370694352781e+02 -2.148917206838600689e-03 9.999971654825284828e-01 -1.025271547753108621e-03 4.236861464136127964e-01 -9.230519352803334687e-02 -1.219253329247826272e-03 -9.957300159526534244e-01 4.955677482004122680e+01
-9.957317592451797594e-01 -2.065053536752935789e-03 9.227133457575091569e-02 2.267210735636000720e+02 -2.166050513858020030e-03 9.999971596605150559e-01 -9.944325385540546056e-04 4.199296378129633300e-01 -9.226901893740520333e-02 -1.190052432737249283e-03 -9.957334040392220587e-01 4.894743986590376750e+01
-9.957328783161794039e-01 -2.012492026716855564e-03 9.226041901064362116e-02 2.267666509841190816e+02 -2.117846140500844951e-03 9.999972123609799368e-01 -1.044029690403328395e-03 4.227977672914434715e-01 -9.225806072047197659e-02 -1.234968060995537964e-03 -9.957343647208258819e-01 4.834243173186819575e+01
-9.957492262443241593e-01 -1.959004648867213299e-03 9.208496475872952891e-02 2.268347443998069366e+02 -2.061463934750927627e-03 9.999973574692112566e-01 -1.017556406381953885e-03 4.206097560221582765e-01 -9.208272802364438070e-02 -1.203060838097715947e-03 -9.957506333637675677e-01 4.773718031599915435e+01
-9.957640245901979714e-01 -1.931446354336996667e-03 9.192538739059986919e-02 2.268899882045963068e+02 -2.041580104847696368e-03 9.999973065007529138e-01 -1.104057025155417114e-03 4.255700712968263910e-01 -9.192300736272192296e-02 -1.287053308772905490e-03 -9.957652857029979376e-01 4.713099714684575758e+01
-9.957698830935672873e-01 -1.972486671162066319e-03 9.186103210913558470e-02 2.269491094277059346e+02 -2.072334331910138158e-03 9.999973611061311329e-01 -9.915700634589544489e-04 4.174698249642160297e-01 -9.185883383888747422e-02 -1.177742376774065357e-03 -9.957713430143759759e-01 4.653065414285750023e+01
-9.957684946778215807e-01 -1.989403838161260714e-03 9.187571648392647838e-02 2.270047319150004057e+02 -2.093344906969839964e-03 9.999972733697031213e-01 -1.034968724069696170e-03 4.202275433467097532e-01 -9.187340700206231281e-02 -1.222916811581338916e-03 -9.957699440936678137e-01 4.592642960551058451e+01
-9.957754753387928481e-01 -2.072593778086425330e-03 9.179818663149920399e-02 2.270653891520355785e+02 -2.162370717237329688e-03 9.999972761639562835e-01 -8.785314731612318701e-04 4.089108471105102893e-01 -9.179611574942457553e-02 -1.073321805954657090e-03 -9.957772447257562387e-01 4.531117003550932765e+01
-9.957430506331015341e-01 -1.973284054900184721e-03 9.215141488834284467e-02 2.271104819029347368e+02 -2.054142381038476933e-03 9.999975840066106514e-01 -7.826110272796881710e-04 4.030701830061791391e-01 -9.214964793727233039e-02 -9.685716185573872705e-04 -9.957446983308806399e-01 4.469986746551051482e+01
-9.957772445888881663e-01 -2.005062019709026675e-03 9.178049294517218182e-02 2.271793367514476074e+02 -2.097249925254290100e-03 9.999973885331893131e-01 -9.080030576611010460e-04 4.104869558618071679e-01 -9.177843266101629038e-02 -1.096655414805120790e-03 -9.957788492658341539e-01 4.409097205376369288e+01
-9.957703034774534334e-01 -2.076556190112723976e-03 9.185418132458823826e-02 2.272319951695452005e+02 -2.183700247557181142e-03 9.999970475762668398e-01 -1.065969970695804063e-03 4.191373807917890271e-01 -9.185169658558219041e-02 -1.262043239715278029e-03 -9.957718981178431683e-01 4.347549897621009762e+01
-9.957747038477180457e-01 -2.022727955238117978e-03 9.180766715590026050e-02 2.272920669088314867e+02 -2.129106815948065591e-03 9.999971708124336667e-01 -1.060788053617880327e-03 4.180930491717361752e-01 -9.180526172913920646e-02 -1.251774239834460437e-03 -9.957761932181832254e-01 4.285473835737875703e+01
-9.957592884539914202e-01 -2.031640620905121510e-03 9.197451763390220025e-02 2.273377165807370375e+02 -2.132865816112473455e-03 9.999972231361955455e-01 -1.002299011462278941e-03 4.145662324413482147e-01 -9.197222592180727407e-02 -1.194217855086601374e-03 -9.957608565828961478e-01 4.223348647521910237e+01
-9.957810756606375602e-01 -2.079920278982278978e-03 9.173725136375834865e-02 2.274091695367257557e+02 -2.175652209980346620e-03 9.999971881195846013e-01 -9.435520046187863188e-04 4.104670907396799073e-01 -9.173503089662918275e-02 -1.139159583768128937e-03 -9.957828008264844044e-01 4.161514021584370937e+01
-9.957656410340092190e-01 -2.094786156055180454e-03 9.190429808822293822e-02 2.274561639899892214e+02 -2.200230061071979139e-03 9.999970324125222465e-01 -1.046018081758691301e-03 4.161150657063997227e-01 -9.190183416998211341e-02 -1.243799465111036133e-03 -9.957672950238340981e-01 4.099799206492114934e+01
-9.957538092787339146e-01 -2.066270697419354731e-03 9.203304750086624408e-02 2.275163684485096951e+02 -2.174979331063628830e-03 9.999970505459528924e-01 -1.080909017592833563e-03 4.183435454687467470e-01 -9.203054260299220468e-02 -1.276489247840978652e-03 -9.957553664446905373e-01 4.037368582946999851e+01
-9.957587937841707593e-01 -2.071895793685341221e-03 9.197897503948571085e-02 2.275771318644068515e+02 -2.176083683972537125e-03 9.999970993381048778e-01 -1.032460738652263722e-03 4.146981820001834906e-01 -9.197656908851609137e-02 -1.228235806601833766e-03 -9.957604140432123607e-01 3.975089552546166516e+01
-9.957516779991248956e-01 -2.182527996597093990e-03 9.205342108510042309e-02 2.276301211953743859e+02 -2.291598587479053845e-03 9.999967919688623752e-01 -1.079179270388351238e-03 4.159466005216344020e-01 -9.205077043588830166e-02 -1.285544059082303079e-03 -9.957534850748108735e-01 3.911999451955115603e+01
-9.957692756808431689e-01 -2.050029238042164192e-03 9.186591854530465340e-02 2.276888591796236767e+02 -2.156840141769608352e-03 9.999971085876190324e-01 -1.063417605941295498e-03 4.147535577569086973e-01 -9.186347288586593773e-02 -1.257058679993470086e-03 -9.957708180865831871e-01 3.849975704336890203e+01
-9.958067311275697886e-01 -2.089911905075610230e-03 9.145811341402568240e-02 2.277519727955086637e+02 -2.200472506495874513e-03 9.999969650731079795e-01 -1.108045721708910509e-03 4.153987135415705412e-01 -9.145552012739260883e-02 -1.304650452138384322e-03 -9.958083077206303368e-01 3.786377545565446923e+01
-9.958024689257216622e-01 -2.161717351434426764e-03 9.150284071836094213e-02 2.278059212273342666e+02 -2.278784190162733928e-03 9.999967133453681045e-01 -1.174921731968681625e-03 4.194883441583813766e-01 -9.150000013143110011e-02 -1.378505188272877678e-03 -9.958041221542488497e-01 3.723346905579818866e+01
-9.958003732313414069e-01 -2.001278130489957813e-03 9.152929344294927216e-02 2.278632373397859681e+02 -2.105170060509594689e-03 9.999972448466449837e-01 -1.038536535501034417e-03 4.105894505343593570e-01 -9.152696286525313640e-02 -1.226859797882008359e-03 -9.958018426794053024e-01 3.659932743060933547e+01
-9.957906916548671106e-01 -2.065638222884503671e-03 9.163313566747573191e-02 2.279253180998076118e+02 -2.173944279263530840e-03 9.999970514480117645e-01 -1.082155974493774096e-03 4.129463200190878203e-01 -9.163063013966733783e-02 -1.276806177394889481e-03 -9.957922460966410760e-01 3.597260276306925419e+01
-9.957797203773226524e-01 -2.045309024376832947e-03 9.175273944823365835e-02 2.279763732530361153e+02 -2.153622926319791273e-03 9.999970961245303602e-01 -1.081503951942160667e-03 4.124757122995905134e-01 -9.175026099991150097e-02 -1.274540506080296814e-03 -9.957812335814257843e-01 3.533594202406899853e+01
-9.957701679896300284e-01 -2.093370703813404038e-03 9.185526844444465155e-02 2.280378962875615514e+02 -2.190822530668316837e-03 9.999971392402685622e-01 -9.601082845847128816e-04 4.042107812797201549e-01 -9.185299580603613345e-02 -1.157285779497830517e-03 -9.957719055341345271e-01 3.471823697423973698e+01
-9.957889973383045046e-01 -2.008944031538215103e-03 9.165280641558484764e-02 2.281085189318380628e+02 -2.105077299463448300e-03 9.999973309544729627e-01 -9.522255475895479359e-04 4.031235716854166817e-01 -9.165064882224133180e-02 -1.141151965491679198e-03 -9.957905685146120067e-01 3.409062500179721411e+01
-9.957820979175837639e-01 -2.059120750407037945e-03 9.172662366288006353e-02 2.281609012606095916e+02 -2.157857176911813328e-03 9.999971943057018864e-01 -9.772579640293175673e-04 4.046838028641186469e-01 -9.172435401386283549e-02 -1.171068938812614606e-03 -9.957837473459187905e-01 3.347591948093899816e+01
-9.957844912701498963e-01 -1.940810194737278230e-03 9.170321805496746415e-02 2.282199400999903673e+02 -2.030647586018311575e-03 9.999975454163309019e-01 -8.863586715922208139e-04 3.990833659882789264e-01 -9.170127270779999951e-02 -1.068839137247775892e-03 -9.957859881353363640e-01 3.285852156926677736e+01
-9.957894248125345182e-01 -1.943497514647013350e-03 9.164957309738501479e-02 2.282804734261519854e+02 -2.037463763483852736e-03 9.999974903114781100e-01 -9.317253660485942147e-04 4.001340849000104560e-01 -9.164753227957013471e-02 -1.114534950465464070e-03 -9.957908854970052293e-01 3.224221380891651734e+01
-9.957890081602929211e-01 -1.984648680302394160e-03 9.165321814730298389e-02 2.283372859790266318e+02 -2.073363070101281926e-03 9.999974697509201871e-01 -8.727298190106286702e-04 3.963735725971241908e-01 -9.165125417974853694e-02 -1.059085158627060029e-03 -9.957906034633521308e-01 3.162141139494308817e+01
-9.957819756471608663e-01 -2.099681139439851102e-03 9.172703154114254798e-02 2.283874931001374193e+02 -2.204041650399622514e-03 9.999970339865249525e-01 -1.036445153505536395e-03 4.063746630725119657e-01 -9.172458327319009397e-02 -1.234243600591866056e-03 -9.957836499290866339e-01 3.101830839532542683e+01
-9.957803020011963824e-01 -1.908512997512681626e-03 9.174937451854689452e-02 2.284429344183962769e+02 -2.017626123232990013e-03 9.999973634185239657e-01 -1.096513031110064092e-03 4.095157583806920409e-01 -9.174703990447377611e-02 -1.277002012085934422e-03 -9.957815272109782345e-01 3.040795717127435083e+01
-9.957704234258091258e-01 -2.017994545946923037e-03 9.185418623229815727e-02 2.284897602121517934e+02 -2.119841400169113470e-03 9.999972418318735512e-01 -1.011237402162184313e-03 4.028054705025238547e-01 -9.185189221144718363e-02 -1.201676602889122569e-03 -9.957719547519496839e-01 2.981425682799352117e+01
-9.957750379756402648e-01 -1.932793398764624977e-03 9.180598049304510011e-02 2.285507450267703007e+02 -2.027504871221159737e-03 9.999975043174008649e-01 -9.383938230124453436e-04 3.987713303189694969e-01 -9.180393765307053033e-02 -1.120566217403207989e-03 -9.957764715852364112e-01 2.921916513426197426e+01
-9.957718192629543275e-01 -1.948924372024023232e-03 9.184054472583597084e-02 2.286024239824937467e+02 -2.045697445613847004e-03 9.999974471595753922e-01 -9.595813114181743833e-04 3.983087447232501743e-01 -9.183844012017602920e-02 -1.143401995951033936e-03 -9.957732641260099715e-01 2.862420915084488016e+01
-9.957810337037908965e-01 -2.020571242081168999e-03 9.173903317381165712e-02 2.286624468402431773e+02 -2.122372046655417351e-03 9.999972355572348537e-01 -1.012133777549447267e-03 4.029325057133284482e-01 -9.173673447810107295e-02 -1.202567978850003095e-03 -9.957825693280391022e-01 2.803661019927280762e+01
-9.957733524847758311e-01 -1.998019564130221453e-03 9.182286424987942675e-02 2.287103935760164006e+02 -2.111765600104763881e-03 9.999971185796386886e-01 -1.141612224130937950e-03 4.088818733901983249e-01 -9.182031870605028567e-02 -1.330695397686450406e-03 -9.957747025921466211e-01 2.744521953912169110e+01
-9.957880186742924522e-01 -2.087499369549768429e-03 9.166168344029745896e-02 2.287637750921614952e+02 -2.188069841094691676e-03 9.999971094525536008e-01 -9.967130519740708631e-04 4.001463608384628889e-01 -9.165933784998483991e-02 -1.193077080331750436e-03 -9.957897078961917003e-01 2.685632880369087516e+01
-9.958041919486320115e-01 -1.975804584688284175e-03 9.148829156659929462e-02 2.288286680125191310e+02 -2.084284006210209914e-03 9.999972336190133815e-01 -1.090190121901687525e-03 4.051232106380554532e-01 -9.148588447248795497e-02 -1.276303476278449738e-03 -9.958055553127442838e-01 2.628095512289594993e+01
-9.957858671035706433e-01 -2.037868903764088278e-03 9.168617107896641361e-02 2.288676045749132868e+02 -2.145097014336345368e-03 9.999971257739872499e-01 -1.070982055618304504e-03 4.044797211801116621e-01 -9.168372503116085925e-02 -1.263144526743659873e-03 -9.957873764164293373e-01 2.570480718835116107e+01
-9.958044508143668594e-01 -1.922053763393802772e-03 9.148661895396463517e-02 2.289235227479319406e+02 -2.027888433979446823e-03 9.999973779009425634e-01 -1.063888969186239540e-03 4.017369203912184439e-01 -9.148433421519024111e-02 -1.244950027128595904e-03 -9.958057374270512518e-01 2.513140204679750411e+01
-9.958128553638210256e-01 -1.855456265162319304e-03 9.139646806196909112e-02 2.289811728793874863e+02 -1.960668120645495810e-03 9.999975146178137209e-01 -1.061385281657315502e-03 4.005326174773399250e-01 -9.139427155284486626e-02 -1.236139249237001294e-03 -9.958140183222377040e-01 2.456423965664220432e+01
-9.958226459277363940e-01 -1.931439711525993145e-03 9.128815584796826088e-02 2.290397973387466095e+02 -2.041748900904114244e-03 9.999972940265953181e-01 -1.114989198449745610e-03 4.038880699081249803e-01 -9.128575529023055801e-02 -1.296718985649224221e-03 -9.958238947730491120e-01 2.399756202529403737e+01
-9.958306864145973769e-01 -1.900726486035189461e-03 9.120104842520948552e-02 2.290881241984187113e+02 -2.008879518827368961e-03 9.999973836792299675e-01 -1.094092214465127366e-03 4.018850598778416217e-01 -9.119873024396205063e-02 -1.272742519208660975e-03 -9.958318993325978585e-01 2.341462059721778743e+01
-9.958523663123608483e-01 -1.936518646220834793e-03 9.096325854763984142e-02 2.291352455284559824e+02 -2.034203657532085690e-03 9.999974496313354111e-01 -9.811963638426748902e-04 3.951791098096993360e-01 -9.096112645274143094e-02 -1.162164513988457517e-03 -9.958537657950041755e-01 2.284876573016224910e+01
-9.958690906754634753e-01 -1.842350942776606543e-03 9.078193642035543853e-02 2.291867091931006541e+02 -1.955844903640712156e-03 9.999974130967679287e-01 -1.161236618811310522e-03 4.053200536580409130e-01 -9.077956217089123980e-02 -1.333995043325056579e-03 -9.958701178111963870e-01 2.227768659194948953e+01
-9.958904832571153776e-01 -1.764608036348387166e-03 9.054850366730238242e-02 2.292406020675870195e+02 -1.874166052168641612e-03 9.999976110193362633e-01 -1.124925432657166531e-03 4.026179945581558894e-01 -9.054630229621923876e-02 -1.290005464405090873e-03 -9.958914112624848158e-01 2.172834548338578031e+01
-9.958876453451244171e-01 -1.871458195989555854e-03 9.057756616935883076e-02 2.292884500616452215e+02 -1.981903238776251946e-03 9.999973982377570181e-01 -1.129414569113050115e-03 4.019233032234022507e-01 -9.057521685591507499e-02 -1.304285987603996059e-03 -9.958887633313102672e-01 2.117698466849960326e+01
-9.958989992778441991e-01 -1.893682365333305756e-03 9.045218186693207429e-02 2.293359544861574477e+02 -2.003750680065456095e-03 9.999973584657481096e-01 -1.126074925675708089e-03 4.023325565231581358e-01 -9.044981050616671125e-02 -1.302700512521579599e-03 -9.959001630438535368e-01 2.062329122084578259e+01
-9.959089334059092469e-01 -1.799397402368062586e-03 9.034466520660477951e-02 2.293832646644079034e+02 -1.910861122948581898e-03 9.999975161748005936e-01 -1.147281133048140209e-03 4.019811653403250196e-01 -9.034237639155812127e-02 -1.315223637939802459e-03 -9.959098981407450424e-01 2.006473390610809560e+01
-9.959306563475485152e-01 -1.842155539152387717e-03 9.010401883440627424e-02 2.294373223823871228e+02 -1.956118154258499817e-03 9.999973947224185533e-01 -1.176499104140777286e-03 4.038291059880951273e-01 -9.010161679408451585e-02 -1.347965631992859101e-03 -9.959316651456298075e-01 1.951046852346539495e+01
-9.959808245116055225e-01 -1.870072737399174024e-03 8.954719444594383404e-02 2.294907737932648217e+02 -1.970802608036083953e-03 9.999975208243631064e-01 -1.036475859632037888e-03 3.941304977492083306e-01 -8.954503415747294692e-02 -1.208789925619072536e-03 -9.959820408444386430e-01 1.895459984737725989e+01
-9.960118568337403833e-01 -1.790623861606541406e-03 8.920299721865773690e-02 2.295401122928263646e+02 -1.891710971164048275e-03 9.999976608297378444e-01 -1.048696645473717881e-03 3.947292210130358692e-01 -8.920091073642236190e-02 -1.213260581612842816e-03 -9.960129143352283165e-01 1.840692377665010682e+01
-9.960609178974664246e-01 -1.786334290951721582e-03 8.865357774538716595e-02 2.295925559807899106e+02 -1.885914927861105910e-03 9.999976813724658076e-01 -1.039506891404766344e-03 3.928425796624323008e-01 -8.865151528395499858e-02 -1.202605294091694393e-03 -9.960619772777017378e-01 1.785471551438494231e+01
-9.960685722457669478e-01 -1.868115299455779671e-03 8.856584855071082674e-02 2.296345598574587257e+02 -1.965763399049006224e-03 9.999975524268605032e-01 -1.015339621629542848e-03 3.915385573462545343e-01 -8.856373500783752684e-02 -1.185447390747800716e-03 -9.960698065677653368e-01 1.730579701416620608e+01
-9.960874663462506717e-01 -1.880402737481886308e-03 8.835283511836314330e-02 2.296847648715299499e+02 -1.978059324173934985e-03 9.999975257194912981e-01 -1.017760386981143243e-03 3.915549142210462685e-01 -8.835070270924755276e-02 -1.188545514538706400e-03 -9.960887212946156755e-01 1.676120756863270955e+01
-9.960970929776251648e-01 -1.920898032569946833e-03 8.824336525922947538e-02 2.297297814149791009e+02 -2.003564133268481099e-03 9.999976331130824292e-01 -8.482328671572963606e-04 3.810141818241127298e-01 -8.824152702831698780e-02 -1.021723534775760556e-03 -9.960985839708487166e-01 1.621692414170943763e+01
-9.961129460992481643e-01 -1.993392668812132493e-03 8.806261976085218157e-02 2.297776734652848347e+02 -2.084138580775728861e-03 9.999973877546375345e-01 -9.385362418093879571e-04 3.851159303837214387e-01 -8.806051884841827049e-02 -1.118422804217440898e-03 -9.961144985143919328e-01 1.567469896267296647e+01
-9.961528774897316918e-01 -1.930641871058497334e-03 8.761117103939407291e-02 2.298225866792692784e+02 -2.019381788953134374e-03 9.999975339133884145e-01 -9.242642111379652378e-04 3.842429786399381153e-01 -8.760917055947221865e-02 -1.097628856791671263e-03 -9.961543195934927653e-01 1.512596139802653283e+01
-9.961997232435273464e-01 -2.050968970212320875e-03 8.707413471176607411e-02 2.298727369334917512e+02 -2.139326408736375463e-03 9.999972871183085976e-01 -9.214328732657821926e-04 3.841350146919681463e-01 -8.707200865970902981e-02 -1.104211169241610434e-03 -9.962014083636185902e-01 1.455847067329384892e+01
-9.962290650870049280e-01 -1.936641049327521681e-03 8.674041328768521131e-02 2.299171159397920690e+02 -2.028175482196731879e-03 9.999974755569800422e-01 -9.671524597820103019e-04 3.857907114578489338e-01 -8.673832128929977181e-02 -1.139430170350923775e-03 -9.962304780113895308e-01 1.404793700915194954e+01
-9.962321139610998966e-01 -1.964273048014895766e-03 8.670476771199564503e-02 2.299537863738806891e+02 -2.054376737527450689e-03 9.999974385308899594e-01 -9.499830941583169413e-04 3.831286875614128284e-01 -8.670267959422353621e-02 -1.124527923940891625e-03 -9.962335975001694877e-01 1.353802423780547670e+01
-9.962473272465759422e-01 -1.985293927830838155e-03 8.652931042181111199e-02 2.299990101458470235e+02 -2.065177800123851361e-03 9.999975199954451721e-01 -8.336927570303567228e-04 3.771102083012047856e-01 -8.652744070355891659e-02 -1.009262591879471569e-03 -9.962489565336130060e-01 1.303180359999006477e+01
-9.962547283883591565e-01 -2.012754860640786347e-03 8.644342069647499571e-02 2.300363731638902607e+02 -2.091154264903569149e-03 9.999974802780711158e-01 -8.164014632095140589e-04 3.757835364528297473e-01 -8.644155966707896266e-02 -9.941103458479406529e-04 -9.962564270843843328e-01 1.253380501106288136e+01
-9.963052794781002142e-01 -1.916458612211450595e-03 8.586103464582936495e-02 2.300839183437661291e+02 -1.996678121976386885e-03 9.999976467209658049e-01 -8.484273733062025870e-04 3.768443385826761860e-01 -8.585920661491025507e-02 -1.016729520686290595e-03 -9.963067614447569387e-01 1.203285130709084783e+01
-9.963496132913127745e-01 -1.966599219053884271e-03 8.534389598421311673e-02 2.301266363472575449e+02 -2.041567211647850929e-03 9.999976030361652501e-01 -7.911543745245720217e-04 3.737312482041799111e-01 -8.534213553440582467e-02 -9.625016548669414283e-04 -9.963512400218068610e-01 1.154340405802397207e+01
-9.964095369914822697e-01 -1.853237515427368521e-03 8.464396081902077207e-02 2.301591647667255529e+02 -1.939568285688158915e-03 9.999976793887700444e-01 -9.377056786369886675e-04 3.802242128913984054e-01 -8.464202660195267736e-02 -1.098511623064569055e-03 -9.964108191930318714e-01 1.103806898742398346e+01
-9.964611512624803602e-01 -1.976091881545042825e-03 8.403135775130630980e-02 2.302040195330075392e+02 -2.055028924796490665e-03 9.999975247143864099e-01 -8.528899216323407697e-04 3.751922895590381613e-01 -8.402946436084539339e-02 -1.022558543978785211e-03 -9.964627456625028135e-01 1.055954708798248554e+01
-9.965161546467848908e-01 -2.139176844997454831e-03 8.337252215454696302e-02 2.302537654324218579e+02 -2.210238621941778680e-03 9.999972685790173843e-01 -7.600524578929305965e-04 3.704608966736572251e-01 -8.337066854247165981e-02 -9.416777211439771381e-04 -9.965181608329325424e-01 1.007025710000895735e+01
-9.965124913517457994e-01 -1.905644136426548618e-03 8.342195814270091103e-02 2.302811169752278602e+02 -1.982802375662693749e-03 9.999976796987670724e-01 -8.420758998669904561e-04 3.724363101204419824e-01 -8.342015988162758411e-02 -1.004548409671498837e-03 -9.965139576583041947e-01 9.584524833324980619e+00
-9.965609033444042808e-01 -1.830693939566177672e-03 8.284331285676758971e-02 2.303249055383529083e+02 -1.918128302256776963e-03 9.999976842555473588e-01 -9.758418717562870274e-04 3.804514816834259627e-01 -8.284133454502480565e-02 -1.131389960282018622e-03 -9.965621070698789108e-01 9.111179763665715470e+00
-9.965770001520319887e-01 -1.896102695084737584e-03 8.264797373527699165e-02 2.303661117815043724e+02 -1.973598756849869254e-03 9.999976861024011399e-01 -8.559776811292982074e-04 3.724014795409130163e-01 -8.264615947474088231e-02 -1.016161607877031714e-03 -9.965784363208260999e-01 8.635294521840796378e+00
-9.966122193127828766e-01 -1.901412804324011368e-03 8.222207091650028665e-02 2.303993279550367674e+02 -1.984544382451185283e-03 9.999975989447767999e-01 -9.293483068569935706e-04 3.772421553336933187e-01 -8.222010642199710506e-02 -1.089373227562168795e-03 -9.966135998299077148e-01 8.153995659026385567e+00
-9.966616876486189547e-01 -1.905667016014382740e-03 8.162014951365065274e-02 2.304436236062066143e+02 -1.980370058461593599e-03 9.999976910295790278e-01 -8.343080618607118335e-04 3.722067303309070097e-01 -8.161837114178499553e-02 -9.931609812169378722e-04 -9.966631603121622884e-01 7.684574898265638332e+00
-9.967280280294252837e-01 -2.053296728246297494e-03 8.080236452678508929e-02 2.304886742143606284e+02 -2.129572334101842695e-03 9.999973645379420795e-01 -8.578104942918622980e-04 3.733573881548182261e-01 -8.080039023573780399e-02 -1.027078242424727924e-03 -9.967297738344316205e-01 7.200605665826477875e+00
-9.967816615337472541e-01 -1.928119165552054544e-03 8.014113542061408746e-02 2.305149640117092247e+02 -2.010325553425723957e-03 9.999975326873047354e-01 -9.450981283302578887e-04 3.765947438797984104e-01 -8.013911542555869627e-02 -1.103166255086081207e-03 -9.967830783089277613e-01 6.721102486978236534e+00
-9.968788951889122618e-01 -1.969124281891256913e-03 7.892142216468488181e-02 2.305526287554380929e+02 -2.045424476887613280e-03 9.999975156550592326e-01 -8.859584747328652730e-04 3.739533208384184237e-01 -7.891948153430365653e-02 -1.044621114121379582e-03 -9.968804462928766430e-01 6.238913060849992753e+00
-9.969913173813367280e-01 -1.846391648495195872e-03 7.749131502373507452e-02 2.305861929794772038e+02 -1.928537795467074071e-03 9.999976550119918928e-01 -9.852474250838243360e-04 3.785404797245429109e-01 -7.748931415491322472e-02 -1.131728058124609974e-03 -9.969925402847326090e-01 5.756842477197933405e+00
-9.971773489198374474e-01 -1.850817896091154881e-03 7.505937166217158119e-02 2.306327504613975634e+02 -1.930435833375535775e-03 9.999976484406836175e-01 -9.881956264705545577e-04 3.775612324223864835e-01 -7.505736618545655325e-02 -1.130303595705393904e-03 -9.971785768833401065e-01 5.272556866635957462e+00
-9.973489457427848759e-01 -1.855571090873788399e-03 7.274364083329179498e-02 2.306717641257466198e+02 -1.928630137407143143e-03 9.999977039115482969e-01 -9.341078226764025797e-04 3.740886642835465903e-01 -7.274174050398662938e-02 -1.071927030172205308e-03 -9.973502344517162221e-01 4.788516697153498924e+00
-9.975819461349513251e-01 -1.956870479897183067e-03 6.947252265125458681e-02 2.307051039636799317e+02 -2.032367139626178008e-03 9.999974185629686430e-01 -1.016046853575292312e-03 3.772702116497056446e-01 -6.947035504021800700e-02 -1.154783669697278690e-03 -9.975833480192335401e-01 4.307003865513296503e+00
-9.978033259590610715e-01 -1.945862535787084863e-03 6.621734156569515639e-02 2.307348600846258648e+02 -2.012027361359475328e-03 9.999975410612262916e-01 -9.325327866508709845e-04 3.725579128421110386e-01 -6.621536416069355446e-02 -1.063715419112775101e-03 -9.978047875504376663e-01 3.835334240233049030e+00
-9.980857827714679775e-01 -1.880149816911119709e-03 6.181614082205812155e-02 2.307685181403559227e+02 -1.944091210811786652e-03 9.999976356695502444e-01 -9.742508268174678628e-04 3.749461634600980697e-01 -6.181416293076041901e-02 -1.092562115158328883e-03 -9.980870781495942978e-01 3.358855964379481751e+00
-9.983662324708368896e-01 -1.827976541885699760e-03 5.710975716766426152e-02 2.307881495352347088e+02 -1.880770687959755928e-03 9.999978522913258727e-01 -8.706976254400051541e-04 3.672370243708149018e-01 -5.710804289770903680e-02 -9.766854652092842124e-04 -9.983675262757176760e-01 2.897224000839746516e+00
-9.986694934473785423e-01 -1.865773543091435579e-03 5.153408334920325101e-02 2.308124481101281447e+02 -1.919547694751830682e-03 9.999976636541308972e-01 -9.939934241123911298e-04 3.739306904823170297e-01 -5.153210838112778219e-02 -1.091593040242458531e-03 -9.986707416513365132e-01 2.441056237810591334e+00
-9.989336257792209572e-01 -1.767995262748917528e-03 4.613551213903274717e-02 2.308464984074504400e+02 -1.823655380332735122e-03 9.999976592400929842e-01 -1.164386271234710366e-03 3.815548402105563564e-01 -4.613334551746409162e-02 -1.247279874668789663e-03 -9.989345117295134191e-01 1.976367795975948694e+00
-9.992310133020796403e-01 -1.988480825625650247e-03 3.915900917166069417e-02 2.308750980418772372e+02 -2.026584160811516558e-03 9.999975108848691008e-01 -9.333706152132953361e-04 3.679376463625699811e-01 -3.915705571080689562e-02 -1.012011893366326605e-03 -9.992325559247905442e-01 1.519784834752885505e+00
-9.994675047948029523e-01 -1.863191815019275095e-03 3.257660779627000874e-02 2.308816764394215397e+02 -1.892549104622346908e-03 9.999978303584522443e-01 -8.703655983751374227e-04 3.633472396543410698e-01 -3.257491545864927424e-02 -9.315549627836979462e-04 -9.994688624905800900e-01 1.071638726275691456e+00
-9.997284138148907484e-01 -1.912099755162567898e-03 2.322590118143970372e-02 2.309030635600846040e+02 -1.934058827962651349e-03 9.999977037135450164e-01 -9.230298408020170013e-04 3.655495187050772921e-01 -2.322408292298481364e-02 -9.676994178661626035e-04 -9.997298162654870701e-01 6.012062585655013613e-01
-9.999156536597606504e-01 -1.883896960784714513e-03 1.285054467387641841e-02 2.309183149917150786e+02 -1.897533735466857630e-03 9.999976494035509589e-01 -1.049072493011686015e-03 3.697306011735939091e-01 -1.284853812295051051e-02 -1.073368349624058762e-03 -9.999168780196130424e-01 1.369494887163787422e-01
-9.999970939287132765e-01 -2.005040617068753334e-03 1.338635966940366663e-03 2.309142334518422501e+02 -2.006264643434525936e-03 9.999975700540008061e-01 -9.136674856569897271e-04 3.611344814404723325e-01 -1.336800773708016893e-03 -9.163504884850463784e-04 -9.999986866318744116e-01 -3.307764985430300952e-01
-9.999506666803206212e-01 -1.849037623195474598e-03 -9.759368086657810304e-03 2.309104464293626222e+02 -1.838307359109419030e-03 9.999976961020637933e-01 -1.108339576974813482e-03 3.707282758860810379e-01 9.761394963646918832e-03 -1.090344180730188446e-03 -9.999517619955131664e-01 -7.890022123073970883e-01
-9.997204935265684433e-01 -1.842192800620123458e-03 -2.356992042160288570e-02 2.309074301671920750e+02 -1.815661781384265983e-03 9.999976939003298870e-01 -1.146981393807749473e-03 3.712912878032027519e-01 2.357197902788329275e-02 -1.103865801383501107e-03 -9.997215328705302273e-01 -1.249887896009096000e+00
-9.993323278210122229e-01 -1.841396558296865688e-03 -3.648983187893226759e-02 2.309162254976991733e+02 -1.803307545771702658e-03 9.999977943862291552e-01 -1.076710068831841956e-03 3.654499328858553109e-01 3.649173404667161585e-02 -1.010188790302827058e-03 -9.993334442841765863e-01 -1.702616489433793401e+00
-9.986572563569733330e-01 -1.961554517891636595e-03 -5.176713850925485777e-02 2.308943398035301868e+02 -1.907280519937372583e-03 9.999975785493832037e-01 -1.097805259804381876e-03 3.640814611362686026e-01 5.176916656255251686e-02 -9.975967339188964757e-04 -9.986585793924647181e-01 -2.159052717092305951e+00
-9.978102197332219259e-01 -1.766899085675259365e-03 -6.611840487762232765e-02 2.308841867047295580e+02 -1.694335222562869331e-03 9.999978992820148793e-01 -1.153542244894545203e-03 3.662995239193092001e-01 6.612030417423783724e-02 -1.038989498605951810e-03 -9.978111173347032903e-01 -2.613696211973149275e+00
-9.962768104375010481e-01 -1.615471681187848584e-03 -8.619690966460190340e-02 2.308655368025908103e+02 -1.516659637027904014e-03 9.999981156066901633e-01 -1.211827798848092884e-03 3.679861193422144239e-01 8.619870490921351103e-02 -1.076584560511032991e-03 -9.962773831808382496e-01 -3.081193950488466449e+00
-9.948482216513956367e-01 -1.722453064510592272e-03 -1.013609837782579737e-01 2.308230533232760990e+02 -1.623339749029820058e-03 9.999981202630338073e-01 -1.060301116736083512e-03 3.588707137026280192e-01 1.013626195651776696e-01 -8.902953664318683956e-04 -9.948491477249430393e-01 -3.544092361165953164e+00
-9.928615460477057120e-01 -1.797833897901155104e-03 -1.192590381188573107e-01 2.307763265535738526e+02 -1.693293309118483860e-03 9.999980882227281764e-01 -9.779103527845414007e-04 3.512794247576373485e-01 1.192605682425201125e-01 -7.689890534631499018e-04 -9.928626921776781966e-01 -3.997369493878204505e+00
-9.908688602119088973e-01 -1.900620921362807230e-03 -1.348157613280638045e-01 2.307210949538496152e+02 -1.780034178651430671e-03 9.999979006357826439e-01 -1.014988842407588869e-03 3.513962733850842790e-01 1.348174074097073516e-01 -7.657441744193451295e-04 -9.908701631874805571e-01 -4.441099637595678828e+00
-9.881578233868442140e-01 -1.861628994299354594e-03 -1.534296269201703422e-01 2.306667040542601796e+02 -1.708809137507411426e-03 9.999979039138349179e-01 -1.127891514405758230e-03 3.546193279571677182e-01 1.534314050339976865e-01 -8.523528754461450613e-04 -9.881589332915377000e-01 -4.884469870818202608e+00
-9.849282004566719539e-01 -1.889897377418699132e-03 -1.729533701119608247e-01 2.306157804183914664e+02 -1.719653442866520823e-03 9.999978782251184306e-01 -1.134168108220673810e-03 3.509933167679315513e-01 1.729551466051776898e-01 -8.196542954767350488e-04 -9.849293606292877090e-01 -5.333547272110530812e+00
-9.819699991922583582e-01 -1.766240558036788521e-03 -1.890285721277276121e-01 2.305258042756420025e+02 -1.571425601102323941e-03 9.999980685430244209e-01 -1.180479479172171463e-03 3.557176707948410677e-01 1.890302920379074436e-01 -8.621510956278461563e-04 -9.819708780750842081e-01 -5.782612621874391401e+00
-9.781855398118652900e-01 -1.761782418300610878e-03 -2.077256503797289267e-01 2.304382624277817797e+02 -1.546295090219815390e-03 9.999980848029553782e-01 -1.199734101924582533e-03 3.548392023578591514e-01 2.077273662146246480e-01 -8.523573968269079065e-04 -9.781863906293137845e-01 -6.246467859483491480e+00
-9.739907362147826042e-01 -1.780715853933290604e-03 -2.265808350651798142e-01 2.303471800652815205e+02 -1.584105872035078194e-03 9.999981945237700343e-01 -1.049551230928816997e-03 3.436042653580023143e-01 2.265822949313843482e-01 -6.633251447901263769e-04 -9.739917985401007616e-01 -6.696223346737641080e+00
-9.699706378279953078e-01 -1.709722991205664530e-03 -2.432160327750744477e-01 2.302632623913584098e+02 -1.507972855451787100e-03 9.999983471999894791e-01 -1.015684575260165663e-03 3.410703417330049891e-01 2.432173673268830660e-01 -6.184210398616744745e-04 -9.699716128763760103e-01 -7.147788363157808966e+00
-9.649982649489099451e-01 -1.744740902295469727e-03 -2.622504614386373945e-01 2.301568455381099909e+02 -1.511723543771472051e-03 9.999982629857163685e-01 -1.090283209666026128e-03 3.423143175639320468e-01 2.622519081675509511e-01 -6.556712087089225718e-04 -9.649992262990398917e-01 -7.605217640283870928e+00
-9.597739888622955906e-01 -1.576261898213335549e-03 -2.807693104699770514e-01 2.300293920726560373e+02 -1.346596232172503262e-03 9.999985823719329536e-01 -1.010906875990055451e-03 3.391965490223758373e-01 2.807705058975134560e-01 -5.921592291487547469e-04 -9.597747508480840573e-01 -8.070106591820918496e+00
-9.549349793424026789e-01 -1.631921944660341857e-03 -2.968105827949737430e-01 2.299092439339949863e+02 -1.422809530877665318e-03 9.999985640992460345e-01 -9.205500990990321628e-04 3.321290443300090600e-01 2.968116588703419989e-01 -4.567605638007378780e-04 -9.549359300646422799e-01 -8.521982579062830965e+00
-9.489615313443715561e-01 -1.716704618269485408e-03 -3.153871667550836033e-01 2.297745864672456548e+02 -1.506826099267919144e-03 9.999984513219377646e-01 -9.093012882114381683e-04 3.278033689355958624e-01 3.153882393236181469e-01 -3.876583286738127560e-04 -9.489626484837894171e-01 -8.971985071349417140e+00
-9.425618922586014303e-01 -1.566084112348028589e-03 -3.340278830313995195e-01 2.296338235728938457e+02 -1.306946136949490612e-03 9.999986454164894178e-01 -1.000528351106896256e-03 3.335285290009392667e-01 3.340289974742917112e-01 -5.065034445163904379e-04 -9.425626622673852761e-01 -9.434869161428466100e+00
-9.369177332116487289e-01 -1.608511610475932795e-03 -3.495462399796993580e-01 2.294780216310356309e+02 -1.392842705355992403e-03 9.999986529730209295e-01 -8.683555387765280742e-04 3.239036176869357631e-01 3.495471658914498514e-01 -3.267147724719450010e-04 -9.369187115618480277e-01 -9.885442113808190712e+00
-9.300697508284649917e-01 -1.508910108366511970e-03 -3.673798875607687253e-01 2.293119313968275605e+02 -1.295508153874536279e-03 9.999988184763399790e-01 -8.274687591135487536e-04 3.220252042887268296e-01 3.673807020687143710e-01 -2.936600227025907878e-04 -9.300706067343975647e-01 -1.034228348701291367e+01
-9.227538152339838096e-01 -1.568844753616885921e-03 -3.853867345891215379e-01 2.291546444949985641e+02 -1.350418046295605518e-03 9.999987375294826508e-01 -8.374428584331859542e-04 3.196651515864653015e-01 3.853875618675662862e-01 -2.523203914675906535e-04 -9.227547688807644644e-01 -1.079250264261007430e+01
-9.164145159398480178e-01 -1.469020958710821152e-03 -4.002277813347755453e-01 2.289826297201789487e+02 -1.262063078411186949e-03 9.999988988738037765e-01 -7.806714841323541404e-04 3.156990161984168930e-01 4.002284874562530570e-01 -2.103059744621479498e-04 -9.164153608489313818e-01 -1.121482822577951310e+01
-9.087481838787652144e-01 -1.460716178356392296e-03 -4.173423110652604850e-01 2.288071397461438892e+02 -1.186251462035981452e-03 9.999988759415180395e-01 -9.170186308222400603e-04 3.231634490076031874e-01 4.173431814520456862e-01 -3.382660886720618705e-04 -9.087488951693634132e-01 -1.164754217107780576e+01
-9.022672646312286382e-01 -1.467783084750316422e-03 -4.311747079638340030e-01 2.286076589027680654e+02 -1.266980580208027472e-03 9.999989139591268783e-01 -7.528882892174168940e-04 3.118536515238384821e-01 4.311753447671732853e-01 -1.330164756180385668e-04 -9.022681443847651028e-01 -1.207268933503042341e+01
-8.944510898600159798e-01 -1.431823405643490839e-03 -4.471635022337642207e-01 2.284219352999781449e+02 -1.229393342181362954e-03 9.999989683586452127e-01 -7.428819929959909127e-04 3.103964029787133483e-01 4.471641045972281070e-01 -1.147317757599539655e-04 -8.944519273814439675e-01 -1.250442923628192915e+01
-8.867782619671258360e-01 -1.500502914190015484e-03 -4.621926682602929271e-01 2.282348098780086900e+02 -1.228167568118702533e-03 9.999988496795069182e-01 -8.900809444220512132e-04 3.165700977324123477e-01 4.621934721596457907e-01 -2.216543875251060286e-04 -8.867790847569332335e-01 -1.290350493507063412e+01
-8.790582916163596217e-01 -1.368488189233840573e-03 -4.767123316850564452e-01 2.280134627984589031e+02 -1.089854747517456698e-03 9.999990354623414790e-01 -8.609825874694033553e-04 3.171233232322600015e-01 4.767130501225623762e-01 -2.373066845652113828e-04 -8.790589351848832056e-01 -1.331446229113054969e+01
-8.719893186852973876e-01 -1.448496826997796054e-03 -4.895227573419783651e-01 2.278085288250290716e+02 -1.159443552458898742e-03 9.999989285197459221e-01 -8.936722042806592064e-04 3.153782495779934858e-01 4.895235273093622164e-01 -2.116986117566209110e-04 -8.719900638162674245e-01 -1.371887572132034272e+01
-8.640481508398305532e-01 -1.373288164391589820e-03 -5.034072974340826345e-01 2.275786757396499809e+02 -1.056988364173277713e-03 9.999990239004306058e-01 -9.137689992718054082e-04 3.190623152466969259e-01 5.034080609265880746e-01 -2.574447582878241440e-04 -8.640487589924128464e-01 -1.411744839203633894e+01
-8.567948419933613113e-01 -1.480286326371376901e-03 -5.156553184889721697e-01 2.273572713651077493e+02 -1.118184708411082764e-03 9.999988619998890771e-01 -1.012749665364064914e-03 3.194356417889158140e-01 5.156562308326441135e-01 -2.911207975692182070e-04 -8.567955221942702426e-01 -1.451856228544879102e+01
-8.483586745966602560e-01 -1.387247199951636067e-03 -5.294200929146957169e-01 2.271272479708083551e+02 -9.581054275349034244e-04 9.999989523877654829e-01 -1.085014912948679576e-03 3.260864311477129629e-01 5.294210434716291047e-01 -4.132415489991491026e-04 -8.483591149748050952e-01 -1.492333625429938238e+01
-8.396984853411246785e-01 -1.512432982822844779e-03 -5.430507952874153998e-01 2.268740207935855153e+02 -1.065361520388675423e-03 9.999987852795489962e-01 -1.137736462206042406e-03 3.245058897116871455e-01 5.430518563826595146e-01 -3.768101631161030821e-04 -8.396990766301040132e-01 -1.532305942523835007e+01
-8.317647508138730217e-01 -1.321972332542159208e-03 -5.551266987748725290e-01 2.266156707186230790e+02 -8.143969595215802462e-04 9.999989942458200609e-01 -1.161148113188343331e-03 3.302162356134376031e-01 5.551276754595543261e-01 -5.137085753925928200e-04 -8.317649908732462904e-01 -1.572351117607113657e+01
-8.228524470478899566e-01 -1.305952683364586253e-03 -5.682535920475014768e-01 2.263577711875240368e+02 -8.556606756835418359e-04 9.999990730166489206e-01 -1.059155631151781005e-03 3.233067181201082496e-01 5.682544484930210915e-01 -3.852965503668304300e-04 -8.228528017297265240e-01 -1.611495962939991244e+01
-8.139623897357055604e-01 -1.362796115118002039e-03 -5.809159757507866839e-01 2.260939424098111772e+02 -7.827237906496648055e-04 9.999989134064796170e-01 -1.249211482322364411e-03 3.326167038741725812e-01 5.809170469518065705e-01 -5.621144088477899930e-04 -8.139625719823881944e-01 -1.650837399089758151e+01
-8.065561885583933943e-01 -1.392460235108259779e-03 -5.911557965144651483e-01 2.258138766289827686e+02 -8.673270322833205332e-04 9.999989369283130980e-01 -1.172128859289898496e-03 3.257840941582490490e-01 5.911568002163023472e-01 -4.326623826401840766e-04 -8.065565388497486499e-01 -1.690282435850006593e+01
-7.978692396451083635e-01 -1.297217756667700533e-03 -6.028291579330158356e-01 2.255222794130189357e+02 -7.153711333714936641e-04 9.999990180396742812e-01 -1.205057603874026351e-03 3.287414641163566853e-01 6.028301292008211298e-01 -5.302318161916005652e-04 -7.978693841613067050e-01 -1.729511225207684788e+01
-7.889810867817939055e-01 -1.329430949319950275e-03 -6.144160457816590926e-01 2.252251524498791753e+02 -6.975821528289962879e-04 9.999989528371043823e-01 -1.267952615299094369e-03 3.302321960274755552e-01 6.144170880434226545e-01 -5.717849644574487860e-04 -7.889811879773782621e-01 -1.768368444684981355e+01
-7.800220174416274688e-01 -1.317181889376620261e-03 -6.257506830504970807e-01 2.249178226722199554e+02 -7.930117806474344319e-04 9.999990623449530602e-01 -1.116441458622279611e-03 3.214522622959383180e-01 6.257515668686808308e-01 -3.746212555028007778e-04 -7.800223305908016158e-01 -1.806855217767613198e+01
-7.723629029987042482e-01 -1.327270933320336133e-03 -6.351801196694404350e-01 2.246272312959205806e+02 -7.203772409696959297e-04 9.999990040726147722e-01 -1.213635204399177072e-03 3.255697808813305394e-01 6.351810978988952083e-01 -4.797975075249009177e-04 -7.723630899171107789e-01 -1.843969959858015173e+01
-7.635831582700183251e-01 -1.368324425792334523e-03 -6.457080517498988703e-01 2.243289037824069396e+02 -5.806279107987662776e-04 9.999988054327030307e-01 -1.432481900794919764e-03 3.354255629620340184e-01 6.457092405081511499e-01 -7.189029369001383044e-04 -7.635830406059016529e-01 -1.880748915772993612e+01
-7.546258013239375284e-01 -1.364811971671261309e-03 -6.561539737473880418e-01 2.240297429877851414e+02 -5.048847005106962566e-04 9.999987485042293178e-01 -1.499360335040091736e-03 3.384771665769558679e-01 6.561551989184000178e-01 -8.001738917786029460e-04 -7.546255459856223702e-01 -1.916579206247477885e+01
-7.475410383901797129e-01 -1.379300805014007248e-03 -6.642141924498614625e-01 2.236991767735684391e+02 -5.858693016186030701e-04 9.999988241212001139e-01 -1.417220299913404076e-03 3.325496071117194363e-01 6.642153661875744852e-01 -6.702876295691430081e-04 -7.475409674625201895e-01 -1.952844772935861073e+01
-7.391377328295429816e-01 -1.341832354876129618e-03 -6.735529759369602854e-01 2.233762809429203173e+02 -5.658758208630474285e-04 9.999988998074026414e-01 -1.371192378775528764e-03 3.294102001093892618e-01 6.735540748092607721e-01 -6.323526829682161402e-04 -7.391376789461661101e-01 -1.989214607003617274e+01
-7.320155592209018902e-01 -1.308794859269949307e-03 -6.812866563455699520e-01 2.230449461515952692e+02 -5.790392915100850023e-04 9.999989887770021069e-01 -1.298906644888103267e-03 3.260531322238161001e-01 6.812876674151744361e-01 -5.563281312278967440e-04 -7.320155768335816493e-01 -2.024569334750885474e+01
-7.237521261761297175e-01 -1.282318418744347313e-03 -6.900588493128718692e-01 2.226966275134738567e+02 -4.803215624932303499e-04 9.999989673126272738e-01 -1.354498016130517048e-03 3.292381502441676933e-01 6.900598735955658647e-01 -6.488706743615719683e-04 -7.237519946916346480e-01 -2.061099252257276504e+01
-7.148451127517896353e-01 -1.279253787819176376e-03 -6.992816516144468864e-01 2.223625702648117795e+02 -5.657765552436530695e-04 9.999990574320608561e-01 -1.251012341865983570e-03 3.226097503646385700e-01 6.992825928562584892e-01 -4.986428945795548431e-04 -7.148451627335061787e-01 -2.097410071500165074e+01
-7.072722487760640941e-01 -1.145254621959549031e-03 -7.069403472027185886e-01 2.220306817635520247e+02 -5.986812304382643866e-04 9.999992995160563725e-01 -1.021052486862793944e-03 3.113849751382042341e-01 7.069410213674361954e-01 -2.989301715920632979e-04 -7.072724389856561711e-01 -2.132315879999232777e+01
-6.983719264363883461e-01 -1.113105383610425627e-03 -7.157341778634949137e-01 2.216834775628629757e+02 -5.548904997348489288e-04 9.999993321905238375e-01 -1.013762812295670047e-03 3.103734412380506069e-01 7.157348283142725975e-01 -3.108293925405118566e-04 -6.983720777086004361e-01 -2.167649075970232175e+01
-6.894663015191284661e-01 -1.249805771989079967e-03 -7.243166828501649279e-01 2.213400896076471440e+02 -4.736135385495689339e-04 9.999990754541158156e-01 -1.274669027475830180e-03 3.202913330596265373e-01 7.243176062748649668e-01 -5.357951528395924791e-04 -6.894662560008313346e-01 -2.201857012371476330e+01
-6.801598142625384646e-01 -1.090134631016233605e-03 -7.330630523146255406e-01 2.209777930706530356e+02 -5.528979430916564205e-04 9.999993727186351489e-01 -9.740976341135494784e-04 3.077620676760073892e-01 7.330636543753985546e-01 -2.572330121110021376e-04 -6.801599903441568618e-01 -2.236581427836999580e+01
-6.725300533272147163e-01 -1.108201759659103915e-03 -7.400689827715748459e-01 2.205960170244187566e+02 -6.184517341710384216e-04 9.999993712553167935e-01 -9.354177802834032305e-04 3.047343506393524470e-01 7.400695540887668455e-01 -1.713996238559451781e-04 -6.725303158468194376e-01 -2.269602764766209901e+01
-6.635940275921297093e-01 -1.233447763942908644e-03 -7.480918694590054097e-01 2.202195211018280361e+02 -4.810151230722204394e-04 9.999991375397033755e-01 -1.222106501374114248e-03 3.155019852415207327e-01 7.480927316640012537e-01 -4.511390727362240855e-04 -6.635940485756557372e-01 -2.303381744675706955e+01
-6.543003105597238189e-01 -1.039180998671233608e-03 -7.562341064143441871e-01 2.198565284050107209e+02 -4.088658016029750341e-04 9.999993958087229906e-01 -1.020397444780500769e-03 3.079873556094829268e-01 7.562347098819294233e-01 -3.584481008956195850e-04 -6.543003401227556193e-01 -2.336267177889330782e+01
-6.451659223031649404e-01 -9.355729383110462320e-04 -7.640419212333731114e-01 2.194601947142961933e+02 -5.080249896825107889e-04 9.999995545276281206e-01 -7.955219388177054221e-04 2.949093891359464426e-01 7.640423251426040618e-01 -1.250912562181367396e-04 -6.451661101940036058e-01 -2.369801391870355900e+01
-6.371780064610437222e-01 -1.207375413231868543e-03 -7.707157260150734324e-01 2.190732566744470660e+02 -5.736144852492271531e-04 9.999992388847654956e-01 -1.092335256274895453e-03 3.042644216994131456e-01 7.707164582703243116e-01 -2.539182965287303394e-04 -6.371782140631820912e-01 -2.401356060458725850e+01
-6.273795121633494176e-01 -1.237844884774622588e-03 -7.787126655305661727e-01 2.187000162160893524e+02 -2.990407893134968700e-04 9.999990458224080614e-01 -1.348676714303554715e-03 3.182179041611787884e-01 7.787135919529623029e-01 -6.132652889371554422e-04 -6.273792836979887877e-01 -2.434283213087193687e+01
-6.185541373025897904e-01 -1.390246537248892222e-03 -7.857409537757438223e-01 2.183010500286633260e+02 -2.535929601167564648e-04 9.999987358530154635e-01 -1.569707928771027581e-03 3.259668682997667877e-01 7.857421427646988921e-01 -7.716909593450428650e-04 -6.185537079159770801e-01 -2.465574944786914457e+01
-6.085180105073115797e-01 -1.196967503953029650e-03 -7.935391598131865676e-01 2.178847286214094936e+02 -5.702202279159034612e-04 9.999992637728810640e-01 -1.071122116104240244e-03 3.047131998875043934e-01 7.935398576865028142e-01 -1.993050185332639977e-04 -6.085182450349326810e-01 -2.496434981507005091e+01
-5.995485770249755486e-01 -1.119277704157862780e-03 -8.003375856504233443e-01 2.174973599708412166e+02 -1.315211858000097126e-04 9.999991463758238774e-01 -1.299980692615834103e-03 3.151235055602520374e-01 8.003383575023161889e-01 -6.741402261127046706e-04 -5.995482124445463690e-01 -2.527613214981671064e+01
-5.892117543661454793e-01 -1.106925343987367159e-03 -8.079778977379591387e-01 2.170904552805111507e+02 -3.343535223173422794e-04 9.999993099754630466e-01 -1.126168868314415469e-03 3.070569445035703504e-01 8.079785867982461900e-01 -3.934016785488253466e-04 -5.892117178999651816e-01 -2.558402788063069622e+01
-5.783639351867182476e-01 -8.883441859849077089e-04 -8.157783824789309746e-01 2.167017681480679983e+02 -3.708157734658660957e-04 9.999995900647812297e-01 -8.260544362582674695e-04 2.959177159694540427e-01 8.157787818832969995e-01 -1.752566025571196417e-04 -5.783640275070083270e-01 -2.587291789224986971e+01
-5.674659353159514641e-01 -9.916091486893150505e-04 -8.233962769938234505e-01 2.162699447414222504e+02 -2.058570740917105139e-04 9.999994144443995481e-01 -1.062418807806595356e-03 3.042669580449819389e-01 8.233968483537315031e-01 -4.333845340692712121e-04 -5.674658071628528866e-01 -2.616706578896191360e+01
-5.577356381630034221e-01 -1.083694927067497269e-03 -8.300179416905471008e-01 2.158614118667400703e+02 -2.185595787854061642e-04 9.999993047474966534e-01 -1.158764960569917289e-03 3.053685677375140850e-01 8.300186203662047735e-01 -4.648761430441745134e-04 -5.577354872478117453e-01 -2.646111834855216216e+01
-5.457744920196982985e-01 -9.047499533686234607e-04 -8.379316113431705126e-01 2.154306720652886327e+02 4.899511891707922836e-05 9.999993809127014632e-01 -1.111653584586327253e-03 3.094746127348385611e-01 8.379320983588816052e-01 -6.477667293716179303e-04 -5.457741098093107368e-01 -2.674178830420540365e+01
-5.351101971579113048e-01 -8.616295250934201747e-04 -8.447818265636302115e-01 2.150059044150913223e+02 -1.358100206233550634e-04 9.999995546775642952e-01 -9.339166512233828578e-04 2.976984854656354318e-01 8.447822550534902497e-01 -3.850184860773580979e-04 -5.351100758792584067e-01 -2.701735803488184473e+01
-5.218365164899072539e-01 -7.817082095236916814e-04 -8.530451564776360129e-01 2.145716183736856806e+02 -2.447701485961530717e-04 9.999996761758148667e-01 -7.666393153252485000e-04 2.906425679299086129e-01 8.530454795292299330e-01 -1.912604000032753571e-04 -5.218365388454571097e-01 -2.728626123586396091e+01
-5.076823679947937151e-01 -6.578249267787605013e-04 -8.615440676445775825e-01 2.141515596199821800e+02 -1.196461546053511986e-04 9.999997526917399071e-01 -6.930377022200419606e-04 2.909905515990354186e-01 8.615443104750888370e-01 -2.487625870560153732e-04 -5.076823211469734254e-01 -2.755733545724856626e+01
-4.932341084651203911e-01 -7.160251467050386502e-04 -8.698963165542247244e-01 2.137014582653607988e+02 9.021886942399295981e-05 9.999996137565474452e-01 -8.742695874200558494e-04 3.001208755087152458e-01 8.698966065614776033e-01 -5.097006427049174731e-04 -4.932338533576960948e-01 -2.781031437868735168e+01
-4.780143149025655180e-01 -7.602025634911055256e-04 -8.783517159090055149e-01 2.132945444813491633e+02 -1.833894014017635010e-04 9.999996900483715256e-01 -7.656836738772884645e-04 2.886682016883705959e-01 8.783520257371524309e-01 -2.049273613997668682e-04 -4.780143061543431493e-01 -2.808306340640227816e+01
-4.662306126330599820e-01 -7.218665802945533391e-04 -8.846629271945571915e-01 2.128121106843009898e+02 4.898588682231971381e-05 9.999996444905128179e-01 -8.417952429060048805e-04 2.969846773735926315e-01 8.846632203523467908e-01 -4.358067098391165848e-04 -4.662304115223794287e-01 -2.832174300801384703e+01
-4.514903661958371561e-01 -5.097877351648755261e-04 -8.922758482379837819e-01 2.123449803980206809e+02 -1.345572643821126848e-04 9.999998643177061552e-01 -5.032483601480951339e-04 2.804179126562140745e-01 8.922759837217917323e-01 -1.071495891975858625e-04 -4.514903735322317591e-01 -2.856645985154754541e+01
-4.359789981576827067e-01 -5.775624701972790044e-04 -8.999566542823140836e-01 2.118793950941659432e+02 -2.877109605001096186e-05 9.999998025015522929e-01 -6.278288624338129297e-04 2.873176893071119897e-01 8.999568391526604483e-01 -2.478274591171682716e-04 -4.359789286696127419e-01 -2.880849654394873127e+01
-4.223516659156461017e-01 -6.888750237592129472e-04 -9.064317932141833234e-01 2.114130727172006345e+02 1.531758533084264374e-04 9.999996426908825953e-01 -8.313574833563762076e-04 2.953930508965828539e-01 9.064320420392454336e-01 -4.899686814584741992e-04 -4.223514094865254975e-01 -2.903743105198145003e+01
-4.068231380143036979e-01 -6.895266190269473076e-04 -9.135066824765086801e-01 2.109478091787161986e+02 -4.338370555659901368e-05 9.999997285845849682e-01 -7.354920872873279983e-04 2.869263879854076493e-01 9.135069416780855489e-01 -2.595838939983744322e-04 -4.068230575104525570e-01 -2.925213285050888601e+01
-3.912832260276817298e-01 -9.757580339482165976e-04 -9.202697892062030594e-01 2.104767458088024341e+02 2.377957838589583287e-04 9.999992972994418139e-01 -1.161401647932540577e-03 3.046029004357623249e-01 9.202702757790970356e-01 -6.732732594029178230e-04 -3.912827190415939516e-01 -2.946510919013901386e+01
-3.773051584466495800e-01 -7.798476709466839159e-04 -9.260886616556531781e-01 2.099896444550478805e+02 2.742173905601296953e-04 9.999995075272865019e-01 -9.538081605576795644e-04 3.002350800995033930e-01 9.260889494073296646e-01 -6.138263553734585667e-04 -3.773047587863609387e-01 -2.967655337734398913e+01
-3.601941317633901019e-01 -6.791479678431156094e-04 -9.328771227773008379e-01 2.095039737476612629e+02 1.553107798050317205e-04 9.999996774819200906e-01 -7.879813561109999445e-04 2.915780301305185285e-01 9.328773570634990575e-01 -4.287121338109572532e-04 -3.601939101152697997e-01 -2.988606793772108361e+01
-3.434442389662488715e-01 -9.145330730716957554e-04 -9.391726243615454717e-01 2.090252639727692383e+02 2.836571749306970283e-04 9.999993792723818054e-01 -1.077494064155756033e-03 3.026126937645077231e-01 9.391730267951170497e-01 -6.364621822532688655e-04 -3.434437663670566465e-01 -3.007162730303698694e+01
-3.290046793468539565e-01 -6.463345420071634709e-04 -9.443280696979909905e-01 2.084930132476833933e+02 1.740644812638951695e-04 9.999997072767199402e-01 -7.450825663573914246e-04 2.902577907738302931e-01 9.443282748437802354e-01 -4.095096264262607566e-04 -3.290044705356383048e-01 -3.027439770697196408e+01
-3.131369078546768492e-01 -5.828592936532376017e-04 -9.497078167595840448e-01 2.079598382583295972e+02 7.351974377664701431e-05 9.999997937973479356e-01 -6.379656016372138930e-04 2.845967221640643974e-01 9.497079927714935366e-01 -2.695928511651690847e-04 -3.131368004333501265e-01 -3.044759042973553420e+01
-2.962964975458439731e-01 -5.089182317919984863e-04 -9.550958729595158125e-01 2.074393237353504560e+02 6.104182310323638086e-05 9.999998459052940047e-01 -5.517819170620932509e-04 2.811723713542694236e-01 9.550960065961757728e-01 -2.217918427584552438e-04 -2.962964208228255902e-01 -3.061858668047313259e+01
-2.822687471221898559e-01 -4.636239043343574288e-04 -9.593352591513274463e-01 2.069141026891482795e+02 7.403204661458174076e-06 9.999998821395917892e-01 -4.854544212290556686e-04 2.767119870655274094e-01 9.593353711519564397e-01 -1.441307665277036872e-04 -2.822687104215775289e-01 -3.078872601567035616e+01
-2.660401847186335544e-01 -5.004040584586928308e-04 -9.639618092593990051e-01 2.063839280734912336e+02 8.499553793583279572e-05 9.999998491970734094e-01 -5.425694323002613591e-04 2.807267900878147593e-01 9.639619353950831249e-01 -2.262777245194468945e-04 -2.660401020668829997e-01 -3.094163525164610107e+01
-2.503573666830372080e-01 -3.958911397091529867e-04 -9.681534135754215065e-01 2.058355053912932249e+02 6.421700495238557324e-05 9.999999074045968772e-01 -4.255196516698650597e-04 2.766361523600979200e-01 9.681534923883257093e-01 -1.687038920181923847e-04 -2.503573180781524243e-01 -3.109264035392491365e+01
-2.375052573079208251e-01 -6.552734357616488235e-04 -9.713860321045504342e-01 2.053004723907237405e+02 3.522938475892256355e-04 9.999996486032163290e-01 -7.607118303105420707e-04 2.928012774115431038e-01 9.713861892368778062e-01 -5.228863817396278311e-04 -2.375049430005375939e-01 -3.122862783979616097e+01
-2.232703224229264372e-01 -6.490089268628574781e-04 -9.747563500242382162e-01 2.047558135060280335e+02 3.464745743369495711e-04 9.999996623331055545e-01 -7.451771897864771944e-04 2.920030116521263874e-01 9.747565045079369384e-01 -5.041042428827237094e-04 -2.232700221668384444e-01 -3.136262605331502940e+01
-2.094375999511810527e-01 -6.174807772755079582e-04 -9.778218193741532449e-01 2.042097052904994996e+02 3.815087474245968443e-04 9.999996728981235261e-01 -7.132003376276979233e-04 2.909097447835597983e-01 9.778219399142999979e-01 -5.224185445109905210e-04 -2.094372958694312725e-01 -3.148957759493324815e+01
-1.965460223567978559e-01 -4.680761116270554679e-04 -9.804944885110137287e-01 2.036504104633135910e+02 3.903306496276367707e-04 9.999997694576039375e-01 -5.556318232152963931e-04 2.837238019275470924e-01 9.804945225434483769e-01 -4.919242754046435637e-04 -1.965457943401542895e-01 -3.160479148171983965e+01
-1.861769645684825392e-01 -6.159766229524321103e-04 -9.825160346970760461e-01 2.031110372401674056e+02 6.501803059171819797e-04 9.999995072773963933e-01 -7.501403429532124299e-04 2.936383283232598673e-01 9.825160126581324871e-01 -7.784714280592710612e-04 -1.861764723390146870e-01 -3.172537623318856959e+01
-1.747377562867904466e-01 -3.258755984862840159e-04 -9.846149553673015919e-01 2.025561156684003947e+02 3.642457000324902743e-04 9.999998554090873126e-01 -3.956094975046508654e-04 2.763529332579004461e-01 9.846149419204082154e-01 -4.277696796399289066e-04 -1.747376123225132805e-01 -3.183576890471158549e+01
-1.660571681590492510e-01 -3.301129163425204987e-04 -9.861160722391961730e-01 2.019874598156219747e+02 3.075561305999628182e-04 9.999998779935240778e-01 -3.865516310858077499e-04 2.759681186687207854e-01 9.861160795323355988e-01 -3.674757127056914210e-04 -1.660570463707482514e-01 -3.192245484149233548e+01
-1.568885582448942273e-01 -2.413286638852286557e-04 -9.876162828003164362e-01 2.014208300304525778e+02 2.631862880607826896e-04 9.999999244217606664e-01 -2.861633286648199463e-04 2.719264914102227371e-01 9.876162772174305049e-01 -3.048228155553868446e-04 -1.568884828731380576e-01 -3.201514919494336198e+01
-1.488535992957815690e-01 -3.134061332627580479e-04 -9.888591951098432142e-01 2.008588988399530990e+02 3.035285051270319567e-04 9.999998881859124555e-01 -3.626273694676337566e-04 2.751925421607405164e-01 9.888591981910962447e-01 -3.541253424212290686e-04 -1.488534875241569466e-01 -3.210839317218504618e+01
-1.434723502478640889e-01 -3.098146605167144559e-04 -9.896542773763119527e-01 2.003022208974991258e+02 2.634052724819105460e-04 9.999999036241160599e-01 -3.512398340663521064e-04 2.743328019062462597e-01 9.896542908167560437e-01 -3.110733590893651032e-04 -1.434722548137743470e-01 -3.219941011283838606e+01
-1.383402307526515607e-01 -2.541646978426699631e-04 -9.903847312815408088e-01 1.997362394116910309e+02 3.430659688403914676e-04 9.999998947766445268e-01 -3.045528539207914250e-04 2.731801488360627861e-01 9.903847044765203833e-01 -3.818992094496133577e-04 -1.383401290007699735e-01 -3.228758328226847141e+01
-1.350359512347276691e-01 -2.435211578741678555e-04 -9.908406696192774143e-01 1.991534683880936996e+02 2.260826331365142533e-04 9.999999361940347109e-01 -2.765837476822667444e-04 2.707553825958503579e-01 9.908406737517264640e-01 -2.613606170706139851e-04 -1.350358875627237776e-01 -3.235080844371369579e+01
-1.323594383993278445e-01 -2.601111390568400889e-04 -9.912017511126633984e-01 1.985775501307783486e+02 2.073487934744618294e-04 9.999999364218715714e-01 -2.901081359609443476e-04 2.710806314712425058e-01 9.912017635542689220e-01 -2.439230371338509010e-04 -1.323593760504315764e-01 -3.242629441825739889e+01
-1.309806664646131491e-01 -5.776493225258328215e-04 -9.913847544388332267e-01 1.980006672335936457e+02 5.150911413620926776e-04 9.999996556207843001e-01 -6.507222364400802508e-04 2.867101249220792014e-01 9.913847889157880733e-01 -5.958855369051418646e-04 -1.309803238155451410e-01 -3.250511991761089092e+01
-1.298460835641597200e-01 -3.251568039268148773e-04 -9.915341087708996470e-01 1.974187416018548902e+02 3.246736955078091008e-04 9.999998786766772785e-01 -3.704505664772576585e-04 2.757919215992888917e-01 9.915341089292092347e-01 -3.700265985278862403e-04 -1.298459622409404712e-01 -3.257035899354098518e+01
-1.288484471064179626e-01 -2.120565567763059043e-04 -9.916642741927741422e-01 1.968356995654102661e+02 3.289172973840624389e-04 9.999999129911399942e-01 -2.565757665586950896e-04 2.720423629151910716e-01 9.916642423177697285e-01 -3.592349220660417345e-04 -1.288483661463919461e-01 -3.265284320758601666e+01
-1.275576150508530571e-01 -2.338087242549930639e-04 -9.918311349095767504e-01 1.962472432360276571e+02 2.982576190123340269e-04 9.999999179577717667e-01 -2.740927624232606784e-04 2.702889633256567725e-01 9.918311176228196135e-01 -3.307838118378425779e-04 -1.275575348505086914e-01 -3.274098174102790892e+01
-1.267269909192587640e-01 -3.953759032175778801e-04 -9.919375552172854382e-01 1.956520946692892835e+02 4.477790744430703435e-04 9.999997958717730118e-01 -4.557963501159495359e-04 2.779497276323630306e-01 9.919375329457246204e-01 -5.019305803026933091e-04 -1.267267880096467625e-01 -3.281093626514650197e+01
-1.261248380401098768e-01 -2.165474900596015267e-04 -9.920143538964246721e-01 1.950697592865299157e+02 2.582452137411676060e-04 9.999999351230711708e-01 -2.511239991537602312e-04 2.674672225979208284e-01 9.920143439178518152e-01 -2.878559325775411249e-04 -1.261247739351649688e-01 -3.288028918365680653e+01
-1.256339268998865055e-01 -8.555170769139261032e-05 -9.920766649269697757e-01 1.944788623763353144e+02 3.303589579483948678e-04 9.999999372304199108e-01 -1.280707429040397571e-04 2.651098832412777107e-01 9.920766136114048672e-01 -3.438314435822129077e-04 -1.256338907511247438e-01 -3.294737633277701150e+01
-1.258750763266558437e-01 -8.773145073481857306e-05 -9.920460964405591886e-01 1.938684084853136937e+02 3.248884483980875510e-04 9.999999388181358695e-01 -1.296580915629961422e-04 2.657171784677356263e-01 9.920460471204221031e-01 -3.386250391838134793e-04 -1.258750401224491000e-01 -3.301061286556001306e+01
-1.258443857791486931e-01 -1.709673708717975786e-05 -9.920499938388036565e-01 1.932733253970769738e+02 5.030456109662676282e-04 9.999998701882789609e-01 -8.104652114118533692e-05 2.644576291118320155e-01 9.920498664447177095e-01 -5.092456449322723755e-04 -1.258443608426338400e-01 -3.309388883858846953e+01
-1.257000672090193838e-01 2.102859543475895580e-04 -9.920682682575153732e-01 1.926688728977831033e+02 3.425022650574000818e-04 9.999999271381004862e-01 1.685704367729958029e-04 2.556720673949193778e-01 9.920682314215319986e-01 -3.185963137379521051e-04 -1.257001300736892979e-01 -3.317675987939597348e+01
-1.255915699429490662e-01 3.582419282276337277e-05 -9.920820310215745508e-01 1.920530608683760931e+02 3.360238350907967164e-04 9.999999435233268841e-01 -6.428470618709286209e-06 2.609107631193365862e-01 9.920819747617872775e-01 -3.341705705058720978e-04 -1.255915748877376448e-01 -3.325265414760505678e+01
-1.252993567159987887e-01 -2.304705164763134930e-04 -9.921189535987596786e-01 1.914361123283611903e+02 2.424673140044695423e-04 9.999999360403855064e-01 -2.629236134021281667e-04 2.705146351133586591e-01 9.921189507393549656e-01 -2.735005774767488543e-04 -1.252992928203331413e-01 -3.333618757310991043e+01
-1.253839650870762767e-01 -5.175046578120170537e-05 -9.921082897652515609e-01 1.908193687162873289e+02 2.684076514732613170e-04 9.999999602734528370e-01 -8.608382795286380297e-05 2.630948831510333541e-01 9.921082548070929708e-01 -2.770829877416487274e-04 -1.253839462157833040e-01 -3.340888763488294444e+01
-1.253156813736102659e-01 1.100703634658519743e-04 -9.921169124082017676e-01 1.902031720932571943e+02 1.695596783019940343e-04 9.999999816171594169e-01 8.952762896354723153e-05 2.544021657630439193e-01 9.921169040246132775e-01 -1.570038086805716044e-04 -1.253156977334473066e-01 -3.349941849991591880e+01
-1.256137544154865004e-01 1.337846812886585909e-04 -9.920792139760337136e-01 1.895887891762062623e+02 1.242900985517401101e-04 9.999999851817198415e-01 1.191156227503619125e-04 2.539071479764709038e-01 9.920792152109716433e-01 -1.083430626930024170e-04 -1.256137691822178937e-01 -3.356097534432451113e+01
-1.259122481118473136e-01 7.450130637525773450e-05 -9.920413802987133600e-01 1.889646983996458971e+02 1.727929361728783764e-04 9.999999836578983281e-01 5.316769960794771296e-05 2.576665373851132479e-01 9.920413680477353502e-01 -1.647232783222376271e-04 -1.259122589274759285e-01 -3.363676860290394188e+01
-1.260451186373923171e-01 1.057918768274546958e-04 -9.920245041710235023e-01 1.883241923444705890e+02 7.482072167328569768e-05 9.999999924832484455e-01 9.713579542364446937e-05 2.548054817889807144e-01 9.920245069903997903e-01 -6.198049646154868289e-05 -1.260451256053669589e-01 -3.371329815720245193e+01
-1.258733807158296525e-01 -4.473537154541264556e-05 -9.920463144560915936e-01 1.876945554623197836e+02 1.076335542877635194e-04 9.999999924816773689e-01 -5.875085640300410021e-05 2.623694361294701127e-01 9.920463096258087532e-01 -1.141726397583818134e-04 -1.258733749544460601e-01 -3.380028579751220974e+01
-1.257857794670382834e-01 -2.770386771621638662e-05 -9.920574262190501313e-01 1.870736876816497727e+02 1.397414544337684500e-04 9.999999891944807429e-01 -4.564388511182069282e-05 2.612408867281361124e-01 9.920574167638666063e-01 -1.443728992883652436e-04 -1.257857742364787423e-01 -3.388280746980330349e+01
-1.258925092263498691e-01 -8.844573481281129042e-05 -9.920438842601901897e-01 1.864370965638683515e+02 1.862438605797339924e-04 9.999999762958414751e-01 -1.127898084227470872e-04 2.649109423962832111e-01 9.920438707204022322e-01 -1.989614748666314987e-04 -1.258924897696986900e-01 -3.396012347955610267e+01
-1.257641792679293768e-01 -3.445106596801300678e-05 -9.920601645193642959e-01 1.858041660017728134e+02 1.689843986155912256e-04 9.999999841457777316e-01 -5.614906395297087645e-05 2.640504492991432306e-01 9.920601507254169782e-01 -1.747042312364971537e-04 -1.257641714523434207e-01 -3.403577305843032974e+01
-1.255376007037523056e-01 -1.505704796316945397e-04 -9.920888509292281610e-01 1.851650284192829190e+02 2.851358287553280358e-04 9.999999417046167016e-01 -1.878518627602692337e-04 2.683159597539032659e-01 9.920888213799733402e-01 -3.064625488472812838e-04 -1.255375504524511854e-01 -3.413247195399596023e+01
-1.255681157044656882e-01 -1.263742667167808565e-04 -9.920849925021415494e-01 1.845409476764820340e+02 2.825417720045376394e-04 9.999999467771253370e-01 -1.631437821682805360e-04 2.700356408545767084e-01 9.920849603177022136e-01 -3.007911090764343680e-04 -1.255680733153603512e-01 -3.420681020885385948e+01
-1.257867240025081212e-01 4.866333054414846736e-05 -9.920573056515421539e-01 1.839036130496433827e+02 1.715083085520617882e-04 9.999999849196206103e-01 2.730675071287370003e-05 2.582240003104846471e-01 9.920572920197791023e-01 -1.667112437636862350e-04 -1.257867304517619189e-01 -3.428613798210071195e+01
-1.257507591888593623e-01 2.475722576569694845e-04 -9.920618354071499834e-01 1.832633078352016298e+02 2.942212328122804140e-04 9.999999341900653871e-01 2.122586420051204793e-04 2.506910859821243620e-01 9.920618226689765784e-01 -2.651939708629649393e-04 -1.257508237542250829e-01 -3.436655609468431294e+01
-1.256352332652916903e-01 2.527727169419864760e-04 -9.920764709780844903e-01 1.826241735404399833e+02 3.817343627233072832e-04 9.999999058287948328e-01 2.064492137688039158e-04 2.538497438805110695e-01 9.920764297377762109e-01 -3.527723842923269132e-04 -1.256353179261022746e-01 -3.445504113313550221e+01
-1.258524141407297847e-01 3.339720517747340025e-04 -9.920489193167942865e-01 1.820061187835022167e+02 4.130927117755546149e-04 9.999998742800606522e-01 2.842433364486607566e-04 2.496733208609125398e-01 9.920488895257946194e-01 -3.740354681991032320e-04 -1.258525362799924885e-01 -3.452207637737329549e+01
-1.251937188802978440e-01 2.421125786099892420e-04 -9.921322866102184612e-01 1.813481866527518491e+02 3.617481233888004857e-04 9.999999148908795821e-01 1.983847998853752919e-04 2.549413027417352096e-01 9.921322502021676648e-01 -3.340654619677122742e-04 -1.251937958089415215e-01 -3.462207374531647730e+01
-1.253147910184442271e-01 2.903905727917766998e-04 -9.921169884773261005e-01 1.806812850966510666e+02 3.733164304111690553e-04 9.999999001714637847e-01 2.455441003138826269e-04 2.503676808462746983e-01 9.921169607394314527e-01 -3.396032650719881842e-04 -1.253148869160241041e-01 -3.470017443006935309e+01
-1.256960619982157024e-01 2.537871269140668223e-04 -9.920687655552085094e-01 1.800098752969258555e+02 3.770614691167309624e-04 9.999999072715848314e-01 2.080419913896262721e-04 2.515869089206272391e-01 9.920687263606233763e-01 -3.479208471571258515e-04 -1.256961460359660165e-01 -3.477485332502497783e+01
-1.258364738959711904e-01 1.211221233214287356e-04 -9.920509902050702600e-01 1.793089429282683795e+02 2.145529155495401680e-04 9.999999724826318381e-01 9.487772156969062859e-05 2.557960057679736776e-01 9.920509743982290907e-01 -2.009083543886925401e-04 -1.258364964203873004e-01 -3.485543545975769320e+01
-1.257735152146137736e-01 -2.759574685906098781e-05 -9.920589811644439093e-01 1.786326335742542142e+02 1.518507239248608441e-04 9.999999873629655811e-01 -4.706831623200239377e-05 2.617818027491928268e-01 9.920589699266456618e-01 -1.565648220537126318e-04 -1.257735094347753879e-01 -3.494420282169380698e+01
-1.256234541041487685e-01 5.305077779383835738e-06 -9.920779947921428699e-01 1.779440348434139025e+02 3.480894962156861564e-04 9.999999386668451118e-01 -3.872994623374453123e-05 2.619435410734345937e-01 9.920779337394042274e-01 -3.501973190370161063e-04 -1.256234482459077650e-01 -3.503091827253170010e+01
-1.255160219994886361e-01 1.040096247272943641e-04 -9.920915872052449291e-01 1.772572084615772212e+02 1.930048716566197509e-04 9.999999781408378530e-01 8.042041658837746122e-05 2.546401054072522929e-01 9.920915738834514830e-01 -1.813844586824456869e-04 -1.255160393301777422e-01 -3.512169078323321258e+01
-1.254296328377721981e-01 2.244903994524043546e-05 -9.921025182420528665e-01 1.765811214347912994e+02 3.197342537579991092e-04 9.999999487266595377e-01 -1.779565209813747961e-05 2.611344259743363927e-01 9.921024669741473900e-01 -3.194412604303325251e-04 -1.254296335843028132e-01 -3.520382610889055996e+01
-1.250426611300126112e-01 -2.191202363146280249e-04 -9.921513417235532373e-01 1.758991367276012454e+02 7.544569199586236583e-05 9.999999706206030847e-01 -2.303621941163976668e-04 2.685778566432347469e-01 9.921513630517635463e-01 -1.036586463170196816e-04 -1.250426409246567783e-01 -3.528925975836261841e+01
-1.250945358335475710e-01 -3.371694285615193853e-05 -9.921448261054214290e-01 1.752471867291816920e+02 1.085149729555249425e-04 9.999999929762266593e-01 -4.766599749134620031e-05 2.631070921819060326e-01 9.921448207439728106e-01 -1.136253248040168095e-04 -1.250945312961186939e-01 -3.537102091749855504e+01
-1.250942734926352440e-01 -2.370623927112577064e-04 -9.921448314337840690e-01 1.745699816000860665e+02 -2.568822195798618866e-04 9.999999456742327819e-01 -2.065503732000440623e-04 2.688934590563585858e-01 9.921448265000806233e-01 2.290260975683061488e-04 -1.250943275939064847e-01 -3.545378268263939248e+01
-1.247673487784297652e-01 2.186505042617483806e-04 -9.921860011463371487e-01 1.739034453406117962e+02 -1.245124363946471606e-04 9.999999643932642179e-01 2.360299205840949430e-04 2.482567372156944119e-01 9.921860174258935183e-01 1.529883237830533536e-04 -1.247673171111647328e-01 -3.554248988181367253e+01
-1.245375341207961561e-01 -3.438883115570583486e-05 -9.922148967902668648e-01 1.732405242354896018e+02 -3.097892750672295034e-04 9.999999520063783676e-01 4.224450693332554166e-06 2.566588789523857050e-01 9.922148490250066732e-01 3.079036362599251678e-04 -1.245375387970799608e-01 -3.563744822322448158e+01
-1.246517366738713051e-01 -8.550913997982440061e-05 -9.922005529288797643e-01 1.725618364200341546e+02 -2.630537729449076946e-04 9.999999639897744208e-01 -5.313343870732840750e-05 2.604529089070728443e-01 9.922005217429086255e-01 2.543789235556422100e-04 -1.246517546786360953e-01 -3.571068557447905079e+01
-1.246689713017055112e-01 -2.528003463005134579e-04 -9.921983590424647836e-01 1.718938315768890277e+02 -2.270488743175648927e-04 9.999999486277043603e-01 -2.262595797213874888e-04 2.691696505999412459e-01 9.921983652694574829e-01 1.970699714693051124e-04 -1.246690222952082649e-01 -3.579360901715683951e+01
-1.241591279782627844e-01 -3.912487753079313727e-04 -9.922622424863672963e-01 1.712138840087434346e+02 -2.441369406864207889e-04 9.999999040409849327e-01 -3.637515292295692335e-04 2.778936540038536296e-01 9.922622895872000859e-01 1.970847955693663385e-04 -1.241592115823542120e-01 -3.589445784119328664e+01
-1.240995114833289836e-01 -4.125291215477257625e-05 -9.922697765969678008e-01 1.705335581308107180e+02 1.856603251832746569e-05 9.999999988642097604e-01 -4.389627569128065100e-05 2.601290361706539156e-01 9.922697772808065642e-01 -2.387001930847829187e-05 -1.240995105764750583e-01 -3.597068672546919998e+01
-1.240838012503404642e-01 -4.304984932306246074e-04 -9.922716487627334381e-01 1.698658457690525552e+02 -2.019710460269422483e-04 9.999998961289556787e-01 -4.085948781125681444e-04 2.779361533203117407e-01 9.922717215939202973e-01 1.497101371958610102e-04 -1.240838753098574276e-01 -3.605715568678877503e+01
-1.240423312039233839e-01 -2.745560990829815843e-04 -9.922768891234163835e-01 1.692325547871158733e+02 -2.608550721598074215e-04 9.999999361887900173e-01 -2.440840988648991939e-04 2.727508252896245211e-01 9.922768928198053562e-01 2.285636988817869831e-04 -1.240423949079831889e-01 -3.613621567872987583e+01
-1.235318263212392687e-01 -3.437851900473168484e-04 -9.923405512713278087e-01 1.686005479451070528e+02 -2.078251474063828050e-04 9.999999270225854442e-01 -3.205675153923973346e-04 2.725866676470656280e-01 9.923405890592441603e-01 1.666330307096101633e-04 -1.235318887534135879e-01 -3.623122609810748429e+01
-1.237042901167000331e-01 -4.800579701347381560e-04 -9.923190102739487539e-01 1.679553195270424055e+02 -9.460521461951879149e-05 9.999998841423040075e-01 -4.719801180380328977e-04 2.786651317450140053e-01 9.923191218839719774e-01 3.549258748690434424e-05 -1.237043212005932702e-01 -3.630696133951126114e+01
-1.237197485417242948e-01 -6.097182751427105687e-04 -9.923170118789650385e-01 1.673052061522598706e+02 -2.298486842164420207e-04 9.999998020145612898e-01 -5.857818883028141806e-04 2.850295539896336994e-01 9.923171725765687068e-01 1.556099715848511676e-04 -1.237198641899588392e-01 -3.638345697571160287e+01
-1.229603910070373729e-01 -4.497932895235959424e-04 -9.924114771249845646e-01 1.666762417404706582e+02 -2.281059649660009160e-04 9.999998836840201522e-01 -4.249701341463599192e-04 2.769067871979563611e-01 9.924115528403858466e-01 1.741204837719795273e-04 -1.229604793053113987e-01 -3.648957688480719241e+01
-1.231081111446559184e-01 -5.147410372926956076e-04 -9.923931317840020139e-01 1.660516595405393616e+02 -3.508187196996948335e-04 9.999998255713304918e-01 -4.751668491729551082e-04 2.802932067621482504e-01 9.923932032700653050e-01 2.896531946509940669e-04 -1.231082702518635497e-01 -3.655131765830959267e+01
-1.229372587766355274e-01 -5.867631499312567743e-04 -9.924142714176840130e-01 1.654349772008326909e+02 -1.987050539218716090e-04 9.999998197215912432e-01 -5.666331145288798499e-04 2.862892493497765090e-01 9.924144249862494327e-01 1.275374094826380326e-04 -1.229373532065054508e-01 -3.663486671285448892e+01
-1.229265709635218862e-01 -3.249809585889600495e-04 -9.924157155842138200e-01 1.648091864221961771e+02 -5.020751568205592441e-05 9.999999471402588602e-01 -3.212455210702525976e-04 2.738516106516323823e-01 9.924157675240533605e-01 1.033711726075722207e-05 -1.229265807821418033e-01 -3.671359364778329137e+01
-1.227354058662686320e-01 -6.112175029150479846e-04 -9.924392407397073512e-01 1.641902336489190475e+02 -5.456289597141966100e-04 9.999997007755988543e-01 -5.483956154286005746e-04 2.853293489209943745e-01 9.924392789666685033e-01 4.741960320694421790e-04 -1.227357026388105066e-01 -3.679396868938780329e+01
-1.230869155976648255e-01 -4.291155959795220679e-04 -9.923958016177111263e-01 1.635770585076005261e+02 -4.817471434930212649e-04 9.999998145248960579e-01 -3.726524697060153569e-04 2.795524868161884391e-01 9.923957774639832197e-01 4.322151995578336447e-04 -1.230870994933188634e-01 -3.685444906049998792e+01
-1.224749441439609843e-01 -3.163003322792859451e-04 -9.924715552654560513e-01 1.629467675384020424e+02 -3.558912790534526525e-04 9.999998989183367382e-01 -2.747812109444138298e-04 2.703035507548565697e-01 9.924715418581687709e-01 3.195581577653655017e-04 -1.224750443325197669e-01 -3.694814032643530766e+01
-1.226406307162275500e-01 -4.187877252057483723e-04 -9.924510568861154569e-01 1.623354803200193714e+02 -5.189455565298511062e-04 9.999998013211468528e-01 -3.578451845832756120e-04 2.730709009774637264e-01 9.924510095682484989e-01 4.711417069083463204e-04 -1.226408236781568739e-01 -3.700856214426973878e+01
-1.224004570896310984e-01 -5.546528407458260279e-04 -9.924806398436576416e-01 1.617445541850365771e+02 -4.634096825973306770e-04 9.999997667724321859e-01 -5.017036448129170816e-04 2.826430553205605545e-01 9.924806866411637341e-01 3.985163828453099966e-04 -1.224006855739672162e-01 -3.708888323125633235e+01
-1.227453583704385398e-01 -7.575484066477181349e-04 -9.924379089489300254e-01 1.611406040115399492e+02 -4.433483753968163726e-04 9.999996507442547866e-01 -7.084868287560886369e-04 2.917298653715739154e-01 9.924380990473568032e-01 3.530322649183202221e-04 -1.227456513587721343e-01 -3.715506975481233809e+01
-1.222240162669128161e-01 -5.397711031255139668e-04 -9.925023921859041920e-01 1.605304705075517688e+02 -4.387803359395689657e-04 9.999997837770449038e-01 -4.898139242026867870e-04 2.819153174664305039e-01 9.925024419715060553e-01 3.756235080246472032e-04 -1.222242266802209265e-01 -3.724528299297180212e+01
-1.221516570086997877e-01 -1.121059636326007065e-03 -9.925108140042208094e-01 1.599354874262791668e+02 -5.645702142242411264e-04 9.999992787934740557e-01 -1.060034435696092766e-03 2.999475078634275538e-01 9.925112865607635948e-01 4.308570800756789283e-04 -1.221522018290066569e-01 -3.732139949809936752e+01
-1.228380235274921795e-01 -2.646672248288551915e-04 -9.924266975082438602e-01 1.593435137584538950e+02 -3.110503599764196563e-04 9.999999255892901839e-01 -2.281865192324490426e-04 2.706578218719469797e-01 9.924266840545616919e-01 2.806647004920164107e-04 -1.228380967118631872e-01 -3.736361253812604843e+01
-1.228063374291572529e-01 -4.340457036112940477e-04 -9.924305593297516603e-01 1.587793646061516597e+02 -5.782489257128980032e-04 9.999997659085529955e-01 -3.658018849811917527e-04 2.751830475006413756e-01 9.924304857849824968e-01 5.289491150578573596e-04 -1.228065596677059279e-01 -3.743644014289201039e+01
-1.227453438371703953e-01 -1.350231224751661694e-04 -9.924381906874862880e-01 1.581764298048346404e+02 -4.861141452416306271e-04 9.999998789639036323e-01 -7.592901899361443165e-05 2.619431750645441759e-01 9.924380808188150160e-01 4.731183092276075694e-04 -1.227453946172027965e-01 -3.750462014358733853e+01
-1.226628159614266966e-01 -1.134727329841058797e-04 -9.924483969982277332e-01 1.576161451006931316e+02 -5.136806277090377173e-04 9.999998667733794866e-01 -5.084718330900108536e-05 2.604332507287920873e-01 9.924482705474505506e-01 5.035644568504890443e-04 -1.226628579082189585e-01 -3.756783894451553607e+01
-1.229361549391363440e-01 -2.270220133174129099e-04 -9.924145556519141653e-01 1.570572172293337019e+02 -6.912304646258600645e-04 9.999997508570286353e-01 -1.431304493163840599e-04 2.652343708439469094e-01 9.924143408925656384e-01 6.683912673110718825e-04 -1.229362812349890088e-01 -3.762223131481093219e+01
-1.222706570831311179e-01 -4.491191572463235407e-04 -9.924966925428226894e-01 1.564837635667954032e+02 -2.105920120100623840e-04 9.999998868442689925e-01 -4.265705729016534484e-04 2.748536421179872402e-01 9.924967718171502362e-01 1.568548111549124171e-04 -1.222707378284126900e-01 -3.771331176901438198e+01
-1.218461133482351411e-01 -4.735935864935869491e-04 -9.925488906704015291e-01 1.558922652466014256e+02 -5.587408538860803939e-04 9.999997604447763422e-01 -4.085572765619427111e-04 2.748395139907772733e-01 9.925488463902357728e-01 5.047964984676491657e-04 -1.218463487754470886e-01 -3.779784219624650632e+01
-1.215825040680111879e-01 -3.783481664189503198e-04 -9.925812569040467492e-01 1.553379128051423663e+02 -3.281264437040416434e-04 9.999998880316872674e-01 -3.409833573073345965e-04 2.714725384397514985e-01 9.925812747768262279e-01 2.842345474882694719e-04 -1.215826146006617758e-01 -3.784130606056262991e+01
-1.203662358398911447e-01 -2.812289833031705617e-04 -9.927295151147644825e-01 1.547649756789031130e+02 -1.949330315115362989e-04 9.999999472906061504e-01 -2.596534194977167718e-04 2.675613189485800403e-01 9.927295358106605905e-01 1.622622691244021654e-04 -1.203662843162780494e-01 -3.792529828680245885e+01
-1.192166743594287315e-01 -8.424021832389194425e-05 -9.928682578561287553e-01 1.542174397477658090e+02 -5.263143777384694669e-04 9.999998612622353900e-01 -2.164915303211833141e-05 2.586661053554490386e-01 9.928681219315353967e-01 5.199798992826389727e-04 -1.192167021564118912e-01 -3.797528376449410104e+01
-1.175586944069961781e-01 7.986838392698986512e-05 -9.930659328515725193e-01 1.536601041084912538e+02 -5.316956697543297932e-04 9.999998483726623144e-01 1.433679435222470788e-04 2.492532865334069481e-01 9.930657937261948565e-01 5.448630045380164783e-04 -1.175586341162104809e-01 -3.804583873652008208e+01
-1.151197327850077556e-01 -8.085841184136413010e-05 -9.933516198131583375e-01 1.531034500878162135e+02 -2.437110287951516183e-04 9.999999688896940020e-01 -5.315586118851724218e-05 2.574708883405285031e-01 9.933515932077839894e-01 2.359714566840160916e-04 -1.151197489096842386e-01 -3.811279546577600286e+01
-1.125206040585733369e-01 -4.451730010633820635e-04 -9.936492919955678405e-01 1.525523666121608528e+02 -6.766904076451388641e-04 9.999997020797938285e-01 -3.713898434601036998e-04 2.693792631802796045e-01 9.936491613000971723e-01 6.306039349294345229e-04 -1.125208717807113512e-01 -3.816806758378021414e+01
-1.106673657995802529e-01 -6.196476684867347970e-04 -9.938573087640641956e-01 1.520134158160754225e+02 -4.056835537256086037e-04 9.999997504926805281e-01 -5.783039260996397472e-04 2.821316316978140781e-01 9.938574191340706632e-01 3.391921927825727705e-04 -1.106675895681308308e-01 -3.819359429291597507e+01
-1.065892774710643920e-01 -2.945859609533855355e-04 -9.943030921943811773e-01 1.514742213473667789e+02 -1.507063135269255216e-04 9.999999494107340015e-01 -2.801180758340492626e-04 2.685436366287151655e-01 9.943031244121700585e-01 1.199901702433018181e-04 -1.065893164747553357e-01 -3.826064728034669571e+01
-1.021102133056821515e-01 -4.089993649338601544e-04 -9.947730078053925729e-01 1.509557609940278553e+02 -3.397395237306767546e-04 9.999998714969973168e-01 -3.762752248027716922e-04 2.732571568987285926e-01 9.947730338704020570e-01 2.995421644256823519e-04 -1.021103391374624803e-01 -3.830947927203292380e+01
-9.792765336056552528e-02 -1.513560189413555969e-04 -9.951935247973876519e-01 1.504377242166326312e+02 -3.176679773131991114e-04 9.999999422437887420e-01 -1.208282888074535815e-04 2.602909446574193653e-01 9.951934856068690438e-01 3.043086832750925260e-04 -9.792769578559568089e-02 -3.835785655879144684e+01
-9.244954221417578388e-02 2.788096469539748010e-04 -9.957173315803892200e-01 1.498960597678061504e+02 4.095761414997121583e-05 9.999999610163528008e-01 2.762060222152558711e-04 2.446302705625065521e-01 9.957173697725995032e-01 -1.524708595870976637e-05 -9.244955002953325618e-02 -3.841714209109298395e+01
-8.660509323915843716e-02 -9.294436189045694242e-05 -9.962427160016692484e-01 1.493353027285424162e+02 -3.550302879151469044e-04 9.999999350278993004e-01 -6.243149753071397371e-05 2.575842676159199041e-01 9.962426570763428524e-01 3.482894526307326981e-04 -8.660512061030711806e-02 -3.846153546711180837e+01
-8.143735434807686246e-02 -1.961425750980662895e-05 -9.966784621592195137e-01 1.487910691624935566e+02 -2.856252319555668048e-04 9.999999592024204631e-01 3.658458223352516019e-06 2.539038728670811595e-01 9.966784214253927576e-01 2.849744520980474882e-04 -8.143735662795670294e-02 -3.851273033012587632e+01
-7.385439017122585881e-02 -3.039821144806018689e-04 -9.972689891134240980e-01 1.482827591476939517e+02 -2.570678907356986165e-04 9.999999261238117221e-01 -2.857769597087708507e-04 2.636627565259164752e-01 9.972690023100769796e-01 2.352599524432320355e-04 -7.385446285918595422e-02 -3.857811913521758385e+01
-6.594413098405049745e-02 -4.851268822061821878e-04 -9.978231988887947823e-01 1.477672798957630107e+02 -3.428568169285545870e-04 9.999998337962205941e-01 -4.635264115396625032e-04 2.700977048706189598e-01 9.978232579159308502e-01 3.115436394313419229e-04 -6.594428635294535823e-02 -3.862560580114081432e+01
-5.897167669044955929e-02 -4.166998602946492963e-04 -9.982595693052704888e-01 1.472394562594534193e+02 -3.201419112635483675e-04 9.999998693478311385e-01 -3.985140867146126360e-04 2.669781436376669204e-01 9.982596049412568728e-01 2.960836825761919565e-04 -5.897180238876198466e-02 -3.863653121646575528e+01
-4.981479479437478375e-02 -1.991186290457292428e-04 -9.987584525656674206e-01 1.467207657045936742e+02 -9.951967973285402182e-05 9.999999761517636143e-01 -1.944024317135291423e-04 2.610345884980989073e-01 9.987584674561855724e-01 8.971200408647926725e-05 -4.981481342260196676e-02 -3.867411389784774656e+01
-3.991736806057200049e-02 -4.975731488867250665e-04 -9.992028603582350232e-01 1.462208767610572409e+02 -3.059631949873142971e-04 9.999998352181597161e-01 -4.857470296416058165e-04 2.718799742405901831e-01 9.992029374024280486e-01 2.863295566291353513e-04 -3.991751372198493186e-02 -3.870504847014326089e+01
-3.091577592158767374e-02 -2.771870872761615320e-05 -9.995219927699637852e-01 1.457149545583944246e+02 -1.766348527777178564e-04 9.999999841521201027e-01 -2.226854928747670683e-05 2.541382736898264993e-01 9.995219775469147416e-01 1.758619705611432567e-04 -3.091578032772801521e-02 -3.872944275910130330e+01
-1.932390273125794700e-02 9.433489961950827730e-05 -9.998132715083152267e-01 1.452060836942430342e+02 -5.533029635602786675e-05 9.999999939166083207e-01 9.542191430063870527e-05 2.541714811169077382e-01 9.998132744276762018e-01 5.716388840362075102e-05 -1.932389739412521124e-02 -3.874306490641345135e+01
-7.286468451096261845e-03 2.470848380613157192e-04 -9.999734228101236910e-01 1.447038276545178803e+02 -1.259339177817175967e-05 9.999999693709451520e-01 2.471831612790362362e-04 2.464140946008157862e-01 9.999734532570941914e-01 1.439414938750918334e-05 -7.286465116282503374e-03 -3.874425665865251034e+01
3.525311213477100303e-03 3.164902897685095348e-04 -9.999937359877536514e-01 1.442062676064375069e+02 5.577085043106654060e-05 9.999999482988856103e-01 3.166888667529584424e-04 2.438649556341220548e-01 9.999937845159142524e-01 -5.688692789492403386e-05 3.525293380281957489e-03 -3.873214599841585937e+01
1.820309945862286227e-02 3.896914536119455382e-04 -9.998342339161383485e-01 1.436993408324044594e+02 1.083329122755666046e-04 9.999999174064360119e-01 3.917283514774960750e-04 2.437769164597127780e-01 9.998343039894561635e-01 -1.154456244956526627e-04 1.820305573875391492e-02 -3.873051796929603796e+01
3.401383401260316131e-02 2.060158325988039056e-04 -9.994213409034449214e-01 1.431849733125033595e+02 2.362636581125306828e-05 9.999999783089812411e-01 2.069391986648768723e-04 2.501499943199022580e-01 9.994213618577292291e-01 -3.065148975384608167e-05 3.401382840740307945e-02 -3.872733927161942091e+01
4.809996212613254496e-02 -1.884326158094580000e-05 -9.988425267720616452e-01 1.426769114135055361e+02 -7.797671214078302987e-05 9.999999967039812088e-01 -2.262012060354142256e-05 2.566895105513054554e-01 9.988425239060948480e-01 7.897448312839629094e-05 4.809996049825859821e-02 -3.870958845188075514e+01
6.487244116291801532e-02 3.051209268754203610e-04 -9.978935180061969668e-01 1.421820758551914139e+02 -2.304069807246335051e-04 9.999999311779501632e-01 2.907863788468725104e-04 2.440557794255617530e-01 9.978935380541289479e-01 2.110576103157687166e-04 6.487250700025515293e-02 -3.868956126575275078e+01
8.137773246097346203e-02 4.236605295922249654e-04 -9.966832421442964884e-01 1.417055022091321348e+02 1.201016383659204078e-05 9.999999091681640584e-01 4.260509588746455665e-04 2.435466434848524986e-01 9.966833321147027247e-01 -4.664138997738097076e-05 8.137771998105225446e-02 -3.864682179274857532e+01
9.619698958912870079e-02 4.450204223801969717e-04 -9.953622160554486120e-01 1.411905009964152953e+02 1.318658142174745560e-04 9.999998855801599529e-01 4.598380955551307136e-04 2.337860457194503860e-01 9.953623068036064891e-01 -1.754892895522633508e-04 9.619691989930423404e-02 -3.859973421459277887e+01
1.136608164634957951e-01 6.637567987648060807e-04 -9.935193899606407086e-01 1.407382419147089934e+02 1.365322596920292468e-04 9.999997569526061225e-01 6.837058364583687700e-04 2.282606165538653975e-01 9.935196023027395018e-01 -2.133580109518882400e-04 1.136606982143150146e-01 -3.854211164632923925e+01
1.323423654621630474e-01 1.530870700545321553e-06 -9.912040649137472403e-01 1.402616928709210526e+02 1.967277545758617033e-04 9.999999802623716905e-01 2.781091002220390722e-05 2.587190610001137703e-01 9.912040453923047778e-01 -1.986779116349419560e-04 1.323423625488738820e-01 -3.850979596660536686e+01
1.514166196185391389e-01 6.230219135631048007e-04 -9.884698372469389316e-01 1.397972957687900077e+02 2.056946496104119842e-05 9.999997991653029050e-01 6.334400137432108675e-04 2.287929355034001300e-01 9.884700333749081302e-01 -1.162456412944149874e-04 1.514165763936008435e-01 -3.844431693483290502e+01
1.683646529600804076e-01 1.050948281213023741e-04 -9.857247752738635960e-01 1.393125631883978031e+02 1.703412390132342136e-04 9.999999762831139893e-01 1.357115825590030197e-04 2.486551416428459116e-01 9.857247661581269860e-01 -1.907586130464016124e-04 1.683646310650118716e-01 -3.838113645156938247e+01
1.880520595847633425e-01 3.235638687972214127e-04 -9.821590086092738536e-01 1.388365339498546120e+02 2.330638162055795651e-04 9.999999028780611754e-01 3.740656704299215709e-04 2.455096815619610129e-01 9.821590342542222407e-01 -2.992495464114680679e-04 1.880519659097525942e-01 -3.829594543630189207e+01
2.071002632355997131e-01 2.101679406002532661e-04 -9.783197007099376785e-01 1.383435189096117028e+02 2.446280585165593719e-04 9.999999345379320115e-01 2.666106610819974363e-04 2.464993583142595091e-01 9.783196927001204246e-01 -2.945395870846724551e-04 2.071001982654129270e-01 -3.820057368011981680e+01
2.232897387405221590e-01 1.662172710805724023e-04 -9.747521043552603848e-01 1.378721907383481664e+02 2.977614815210650025e-04 9.999999271726068839e-01 2.387318184300317285e-04 2.485022728564417749e-01 9.747520730479569684e-01 -3.435499960748896299e-04 2.232896729858117046e-01 -3.809170378645742971e+01
2.430560059137624185e-01 5.682002233312709446e-04 -9.700120902018467550e-01 1.373878630108440859e+02 1.083107363100644586e-04 9.999998063078334720e-01 6.129054413298384114e-04 2.362249052317809128e-01 9.700122505711119558e-01 -2.540330722918691855e-04 2.430558972935334960e-01 -3.797864392171207726e+01
2.626319826726611906e-01 2.716752473189265452e-04 -9.648960399286479195e-01 1.369080763617335492e+02 1.869929891031187194e-04 9.999999272532816841e-01 3.324560924233917647e-04 2.456072626326267216e-01 9.648960600557185963e-01 -2.677423973847809099e-04 2.626319127656797647e-01 -3.787357854121554368e+01
2.785220956028765515e-01 1.833704381093987225e-05 -9.604298214470098349e-01 1.364508765657586196e+02 3.894649002029006764e-04 9.999999154417468228e-01 1.320363233178357281e-04 2.548729466614600425e-01 9.604297426558977557e-01 -4.108287380279319716e-04 2.785220649098997248e-01 -3.774130772201034745e+01
2.969132527405800026e-01 4.857248525537630332e-04 -9.549043326000653531e-01 1.359822505186293995e+02 2.637620855946288916e-04 9.999997907656053009e-01 5.906761446679810934e-04 2.365870630600389324e-01 9.549044197073185414e-01 -4.272471337395761194e-04 2.969130625003151280e-01 -3.760062510175364281e+01
3.147479154269221535e-01 8.488863715583235816e-05 -9.491752959955955804e-01 1.355167033555471789e+02 4.921190489705609596e-04 9.999998470006027373e-01 2.526214809686726237e-04 2.504850834857729192e-01 9.491751722170406191e-01 -5.466193284986547432e-04 3.147478254953653964e-01 -3.743571056861506463e+01
3.302981551747516953e-01 3.860114811292699572e-04 -9.438765701527357388e-01 1.350670763825554275e+02 3.644406337085897272e-04 9.999997896778154427e-01 5.364954327081289907e-04 2.419230456714662747e-01 9.438765787279502772e-01 -5.211904270523283304e-04 3.302979450274533546e-01 -3.728186836810296256e+01
3.471052730665192820e-01 8.046907613404677157e-04 -9.378258270500954286e-01 1.346169621350792625e+02 2.176250830735665712e-04 9.999995358487049346e-01 9.385849443892145191e-04 2.260904239308749175e-01 9.378261470276567646e-01 -5.298822069386554135e-04 3.471049368362635335e-01 -3.712920678304631394e+01
3.631857572350608576e-01 4.926137543744477099e-04 -9.317166216577251747e-01 1.341632389574349702e+02 3.677897425667641393e-04 9.999997065184651479e-01 6.720816087242048771e-04 2.359758898520348813e-01 9.317166792927454866e-01 -5.867662844129281716e-04 3.631854694684614193e-01 -3.696660719776848936e+01
3.764210876927737148e-01 6.125331720082406164e-04 -9.264484818614050488e-01 1.337144739446821120e+02 2.880768970824353114e-04 9.999996557006355369e-01 7.782096837201618426e-04 2.332173957482139293e-01 9.264486395650276540e-01 -5.598229395603591691e-04 3.764207816345768176e-01 -3.679818912211455739e+01
3.897821571187611855e-01 7.213712547490765993e-04 -9.209068083228391099e-01 1.332607389609250390e+02 2.026850266436334004e-04 9.999996017788184144e-01 8.691150582785222558e-04 2.333838993635494186e-01 9.209070685528619737e-01 -5.254195631814183353e-04 3.897818556880980889e-01 -3.661950381550291667e+01
4.013433294667788642e-01 8.622421526555282354e-04 -9.159272833751546106e-01 1.328142998657264684e+02 1.142887064132701519e-04 9.999995019665361973e-01 9.914659707876418652e-04 2.285859588950262533e-01 9.159276820964699084e-01 -5.025983981544915151e-04 4.013430310398300449e-01 -3.640339445959333631e+01
4.124585456021555574e-01 5.104355621131790839e-04 -9.109762277992174972e-01 1.323762070133457485e+02 3.263783081571725204e-04 9.999996960430068693e-01 7.080897498496439282e-04 2.397030561730578990e-01 9.109763123358118886e-01 -5.893805483792898111e-04 4.124582536374009623e-01 -3.621635367599314037e+01
4.207022087408249789e-01 6.811750253719345977e-04 -9.071985381167543272e-01 1.319510443444648615e+02 1.695559802087421891e-04 9.999996416028416046e-01 8.294847544418426730e-04 2.350542386232863379e-01 9.071987780036748772e-01 -5.027870056848484075e-04 4.207019424650497719e-01 -3.602379975073213814e+01
4.287591115279100196e-01 4.646859048520439331e-04 -9.034187336716053007e-01 1.315109014045081608e+02 4.009899306786030102e-04 9.999996713222069067e-01 7.046719475721130357e-04 2.417978948557956143e-01 9.034187641890512044e-01 -6.643963335483894696e-04 4.287587842699427387e-01 -3.581650818176941442e+01
4.337303605326905398e-01 2.371565446412264642e-04 -9.010426838440870334e-01 1.310726748350840580e+02 5.829311710909281744e-04 9.999996822336959523e-01 5.438048885691476771e-04 2.487243803317900070e-01 9.010425264899719622e-01 -7.611105572746827350e-04 4.337300844618546813e-01 -3.559012485011940186e+01
4.385723063156991008e-01 4.707653057583782480e-04 -8.986957830728679042e-01 1.306448968890908873e+02 5.832874048364538981e-04 9.999995030667366835e-01 8.084813436189769139e-04 2.393691427894911461e-01 8.986957170860065958e-01 -8.787754585302278267e-04 4.385718137830583174e-01 -3.538954086622449324e+01
4.422563584747226662e-01 7.982967882002292483e-04 -8.968883297885615891e-01 1.302288420055905647e+02 5.203125973085014760e-04 9.999992072458564474e-01 1.146639638118347737e-03 2.273194648577618604e-01 8.968885341353621810e-01 -9.737709672049646610e-04 4.422555925102866770e-01 -3.518869006909317676e+01
4.442298666217154857e-01 6.598929320888961142e-04 -8.959126018438244854e-01 1.297937563031557318e+02 3.640606945687981273e-04 9.999995132163090883e-01 9.170752180105065090e-04 2.358486218232983267e-01 8.959127708996360573e-01 -7.335587658790898970e-04 4.442294101367822989e-01 -3.496436721332108277e+01
4.452885688486183380e-01 8.696270488955023257e-04 -8.953866953453939459e-01 1.293622960488480373e+02 3.966502521786516777e-04 9.999992386498064434e-01 1.168489788121395388e-03 2.265173907116297125e-01 8.953870297928863131e-01 -8.754705039729614993e-04 4.452878848902919184e-01 -3.475262930175173182e+01
4.454489072559443263e-01 1.241196167864013020e-03 -8.953065008456925211e-01 1.289367007834520393e+02 -4.264240709305237246e-05 9.999990673153112963e-01 1.365119090973334042e-03 2.215773189167147272e-01 8.953073601876119225e-01 -5.699127830661816687e-04 4.454485447201612658e-01 -3.453596731744337234e+01
4.446495467096274190e-01 1.297000248889870495e-03 -8.957036889514730094e-01 1.285090041201443114e+02 9.739818407949682195e-05 9.999988756900323184e-01 1.496373036745934264e-03 2.169733139706223335e-01 8.957046226990884596e-01 -7.526015052747683006e-04 4.446489204602409595e-01 -3.432160444710157066e+01
4.414300251313255652e-01 1.173961799223827152e-03 -8.972949095622081428e-01 1.280906926936395962e+02 1.711144869958998666e-04 9.999990158118234884e-01 1.392513991558327370e-03 2.228309157950284503e-01 8.972956612133983212e-01 -7.682376444230845126e-04 4.414293897992430660e-01 -3.408320512800521129e+01
4.375301613558308933e-01 1.294278351000138078e-03 -8.992028040144729450e-01 1.276364857977625462e+02 2.240387570913334988e-04 9.999987761745807724e-01 1.548372040604884155e-03 2.153468135186922261e-01 8.992037075716358130e-01 -8.789157473491565967e-04 4.375293359267846682e-01 -3.387151750569918818e+01
4.330661766511734179e-01 1.113785952908797174e-03 -9.013614403343344073e-01 1.271865659839520362e+02 2.409850299579429571e-04 9.999990577504384026e-01 1.351452718619390939e-03 2.241214703387924556e-01 9.013620962559665273e-01 -8.024830754792378713e-04 4.330655001890170164e-01 -3.365298665534074019e+01
4.269178285465100586e-01 1.112488035874602569e-03 -9.042897378824460430e-01 1.267515138735137157e+02 5.397286805421360519e-04 9.999987516737774973e-01 1.485040012256016268e-03 2.196268892700652675e-01 9.042902611230999588e-01 -1.122061164392107934e-03 4.269166951720900771e-01 -3.344415436783004481e+01
4.195618584871418921e-01 1.127695522802661795e-03 -9.077260463408677316e-01 1.263009308234631050e+02 2.974751399912732466e-04 9.999990037944532784e-01 1.379825583967268961e-03 2.228578441292555223e-01 9.077266980822787934e-01 -8.489481191063879238e-04 4.195611050559078237e-01 -3.322523690449330047e+01
4.122626779211343573e-01 7.985055783939282647e-04 -9.110646776064454944e-01 1.258559121793719271e+02 5.413622651078952566e-04 9.999992246689514142e-01 1.121422486832415483e-03 2.365603346033247345e-01 9.110648666918250704e-01 -9.555366750313293300e-04 4.122619260002913233e-01 -3.301465678570952633e+01
4.037254636457372481e-01 9.521738799971154934e-04 -9.148796879201859245e-01 1.253896605106485538e+02 4.727405962305360025e-04 9.999991077852201649e-01 1.249377882079026223e-03 2.292010765551539542e-01 9.148800612759921957e-01 -9.369064338576795371e-04 4.037246533046638941e-01 -3.282175677095924016e+01
3.939186802391122511e-01 1.064032624301425572e-03 -9.191446791410211592e-01 1.249335496998308770e+02 4.938020310366750742e-04 9.999989406408082981e-01 1.369261412305853177e-03 2.268343412311279172e-01 9.191451623754707256e-01 -9.932531578142537836e-04 3.939177375162665751e-01 -3.261873412027083674e+01
3.845374781738672976e-01 1.209561250480579043e-03 -9.231085877843755449e-01 1.244726907082308855e+02 5.071751211025035764e-04 9.999987137764760892e-01 1.521584302608414976e-03 2.204707128952943518e-01 9.231092409098066165e-01 -1.053283900354284311e-03 3.845363701133432954e-01 -3.241240534776330406e+01
3.729581040856286833e-01 1.678152915201661013e-03 -9.278466664269731101e-01 1.240225977502114603e+02 1.042688282909207944e-04 9.999982822723645359e-01 1.850562166396245781e-03 2.085739873533142552e-01 9.278481781654071003e-01 -7.869276418137148956e-04 3.729572884661482846e-01 -3.222258422937452593e+01
3.598277337354667260e-01 1.524574815533404591e-03 -9.330175120041586112e-01 1.235773659657575649e+02 2.716212884414661265e-04 9.999984514371287325e-01 1.738776932281653389e-03 2.148046218810590324e-01 9.330187180634019750e-01 -8.790875817634353530e-04 3.598267624126224584e-01 -3.203226097317298837e+01
3.479057466585221414e-01 1.021258433623409680e-03 -9.375289587384424417e-01 1.231197814939892083e+02 6.452257047298762651e-04 9.999989090623073729e-01 1.328743009429485039e-03 2.305336237265925847e-01 9.375292929427679889e-01 -1.067195111919535437e-03 3.479047081728371404e-01 -3.184946704480564250e+01
3.333772604370550674e-01 1.113754376942622084e-03 -9.427928519959578590e-01 1.226381042224905542e+02 8.278680587273729496e-04 9.999985708711085497e-01 1.474072663707358486e-03 2.272140578279114587e-01 9.427931463783354449e-01 -1.271930394475848797e-03 3.333758619563065295e-01 -3.168319626918905385e+01
3.180496784531108290e-01 1.403683769656635270e-03 -9.480730096926858197e-01 1.221603545133847177e+02 5.648083597309674301e-04 9.999984459797646164e-01 1.670038793760137471e-03 2.173612532671791442e-01 9.480738805743936792e-01 -1.066634862869360063e-03 3.180483913851470668e-01 -3.151494994982830988e+01
3.036161114740683065e-01 1.068381158995406225e-03 -9.527938472802317538e-01 1.216774209465362020e+02 8.674074069254184352e-04 9.999986469913243470e-01 1.397719539460086802e-03 2.278501351254634821e-01 9.527940514391117777e-01 -1.250830611906035908e-03 3.036147739571046777e-01 -3.132745848284379875e+01
2.864160459860871644e-01 1.042334107412837101e-03 -9.581047761812401253e-01 1.211947338975679003e+02 1.039894064705797986e-03 9.999984810205445607e-01 1.398776943506920608e-03 2.282962191336956326e-01 9.581047788326858550e-01 -1.396959631492905411e-03 2.864145270089458739e-01 -3.116789137722666325e+01
2.682223373816109424e-01 1.430461143929071411e-03 -9.633559734129752972e-01 1.207054040110839566e+02 9.858468358149800187e-04 9.999979663873405089e-01 1.759354199593642695e-03 2.149876849537663559e-01 9.633565310078930910e-01 -1.421619533849801872e-03 2.682203817056776352e-01 -3.102978916427327150e+01
2.516544337096194850e-01 1.646587185125925577e-03 -9.678157545447028109e-01 1.202127864192899978e+02 7.556506291021176935e-04 9.999979136207929331e-01 1.897826701254461427e-03 2.100255883179753258e-01 9.678168602511620922e-01 -1.208927087559831829e-03 2.516526644183992856e-01 -3.088676926136793099e+01
2.312658170293495630e-01 1.595069326754882440e-03 -9.728892936134052594e-01 1.197270264207092794e+02 9.635683214238949202e-04 9.999977899993027775e-01 1.868564315284398708e-03 2.111328298281563987e-01 9.728901240170124698e-01 -1.369580356624481481e-03 2.312637689734590163e-01 -3.075483739567221519e+01
2.130256191243077302e-01 1.748117246619465938e-03 -9.770450499760987562e-01 1.192410032050579218e+02 1.073809626246799648e-03 9.999973765783629620e-01 2.023306521098574336e-03 2.043229329040201214e-01 9.770460237519991153e-01 -1.480176504276393360e-03 2.130231831231620410e-01 -3.062411478612333937e+01
1.908071891799267839e-01 2.065645124110344032e-03 -9.816253611574412563e-01 1.187312356857073326e+02 8.119732259641711074e-04 9.999971117172670176e-01 2.262135408014002112e-03 1.974477801561511647e-01 9.816271987148359468e-01 -1.228685209934790665e-03 1.908049608262818442e-01 -3.050633280697898542e+01
1.674677427366747517e-01 1.838384299154210283e-03 -9.858758418207902441e-01 1.182373756326078080e+02 8.699514216520157044e-04 9.999975965244155551e-01 2.012493457444629666e-03 2.102736591349326223e-01 9.858771720286494400e-01 -1.194691826754952588e-03 1.674657409270092767e-01 -3.039949149718770016e+01
1.464358574313611161e-01 1.784724184273461193e-03 -9.892185574573135742e-01 1.177402151700243991e+02 9.305189386528034574e-04 9.999976815416828924e-01 1.941918063122738750e-03 2.128046991456079284e-01 9.892197297834526282e-01 -1.204853038815663011e-03 1.464338572062757748e-01 -3.030466777314987326e+01
1.216727970215025767e-01 1.921625123203727324e-03 -9.925684046058741439e-01 1.172201759972431603e+02 9.634783202154406775e-04 9.999974261579981372e-01 2.054114628143986591e-03 2.088211603198501243e-01 9.925697971299000111e-01 -1.206248011377650167e-03 1.216706324108013382e-01 -3.022901201159540463e+01
9.582283085691090108e-02 1.930412276944996940e-03 -9.953965333448819841e-01 1.167037572275650774e+02 1.124297283134767815e-03 9.999972717102899589e-01 2.047566261625289371e-03 2.071904174361192674e-01 9.953977702618119761e-01 -1.315325213637454733e-03 9.582039906718919919e-02 -3.013795940917655969e+01
7.395699051872928198e-02 1.388220068384968600e-03 -9.972604656750686525e-01 1.161842541148328678e+02 1.213758066061573423e-03 9.999981651674915151e-01 1.482043524122782447e-03 2.298242636392766602e-01 9.972606932717092976e-01 -1.320040413039328406e-03 7.395516985673333821e-02 -3.009918408932787770e+01
4.721892537482430541e-02 1.638043452411765653e-03 -9.988832213527739645e-01 1.156698372019253753e+02 1.285957751847287452e-03 9.999977270306216193e-01 1.700660533679004306e-03 2.191493403052262312e-01 9.988837366776511795e-01 -1.364824984516487157e-03 4.721671159297735620e-02 -3.005136936766634292e+01
1.227787667267876692e-02 1.772823510354405632e-03 -9.999230524601440129e-01 1.151198724501159205e+02 1.222993023649527992e-03 9.999976537181122227e-01 1.787972688426332953e-03 2.194052812689852028e-01 9.999238761188148361e-01 -1.244851425507713643e-03 1.227567971453380480e-02 -3.003390974958651327e+01
-1.767243834764187227e-02 1.609074285801919291e-03 -9.998425355038621509e-01 1.145899236552508142e+02 1.154200190215383132e-03 9.999980715696001887e-01 1.588923850205207350e-03 2.289647461339978096e-01 9.998431640736310522e-01 -1.125938285882139081e-03 -1.767426146142137000e-02 -3.001827077158336721e+01
-4.359662527482188743e-02 1.335605440798372104e-03 -9.990483223662175449e-01 1.140889731483612337e+02 1.337505105179757165e-03 9.999982882457274513e-01 1.278509174282119708e-03 2.369496344418454692e-01 9.990483198247924745e-01 -1.280493546104488189e-03 -4.359833702720794513e-02 -3.000105995552717886e+01
-7.249750323210113478e-02 1.625930897589451590e-03 -9.973672685494685552e-01 1.135526139117002487e+02 1.208810506889774561e-03 9.999980799609146098e-01 1.542352632391445506e-03 2.311168426969653078e-01 9.973678613241303559e-01 -1.093811318498714470e-03 -7.249932947641379855e-02 -3.002114411136159333e+01
-1.012461157415311952e-01 2.347146517454985586e-03 -9.948586406874488919e-01 1.130299547964731630e+02 1.244301510684772205e-03 9.999967335176772609e-01 2.232636944520481441e-03 2.074311286859644998e-01 9.948606313253145483e-01 -1.011858291031452872e-03 -1.012487055808413139e-01 -3.006120269221921859e+01
-1.261332355200779354e-01 1.942192941856595240e-03 -9.920114085955932248e-01 1.124985347577864161e+02 1.293825086857894107e-03 9.999975550071132924e-01 1.793319949137264909e-03 2.234475661164689320e-01 9.920124661081034523e-01 -1.057291999382830748e-03 -1.261354399831660089e-01 -3.010769437599622478e+01
-1.546103945004051461e-01 2.039687997910526011e-03 -9.879734134000270895e-01 1.119663505440637437e+02 1.301302029423260327e-03 9.999974218886931165e-01 1.860867807067325720e-03 2.215044809976375040e-01 9.879746618843308070e-01 -9.979423021098982223e-04 -1.546126501477298465e-01 -3.017206328632711276e+01
-1.790681002512457543e-01 2.421795731478702720e-03 -9.838337005702968430e-01 1.114511174679821011e+02 1.374342722716559526e-03 9.999966103577405674e-01 2.211437340218567853e-03 2.104238799881472666e-01 9.838357213755200004e-01 -9.561268034044826574e-04 -1.790708216517853391e-01 -3.024866069442191829e+01
-2.076258694321317932e-01 2.879126515527008316e-03 -9.782040732756427381e-01 1.109232085602920677e+02 1.468028867296867698e-03 9.999954595854720907e-01 2.631672412234750940e-03 1.977766147843552369e-01 9.782072087414794836e-01 -8.896285450252281292e-04 -2.076291533654552879e-01 -3.033159519049812758e+01
-2.360875726309701328e-01 2.279399890957070369e-03 -9.717291095698190606e-01 1.104091956155667162e+02 1.366434533509767969e-03 9.999970388803244292e-01 2.013724720124951146e-03 2.186427394981140804e-01 9.717308222475409263e-01 -8.523888314116187352e-04 -2.360899881981401993e-01 -3.043146998100698397e+01
-2.634110699608656070e-01 2.017145105350863152e-03 -9.646815740687162410e-01 1.098916407870220837e+02 1.301389238289576674e-03 9.999976469669720203e-01 1.735640103694080331e-03 2.289669604500275679e-01 9.646828051790508063e-01 -7.982394020882309415e-04 -2.634130752368502026e-01 -3.055484954050649904e+01
-2.876795151797526540e-01 2.672498328189268444e-03 -9.577230049960315794e-01 1.093908356654939951e+02 1.256572608493383789e-03 9.999962991894754127e-01 2.413013185361848143e-03 2.154331862420003907e-01 9.577259094183588894e-01 -5.092740313147386608e-04 -2.876818087205705865e-01 -3.068013586700442730e+01
-3.166344472145481426e-01 2.686899073429932245e-03 -9.485438352603986489e-01 1.088712828666016037e+02 1.451453871007357069e-03 9.999961897656639565e-01 2.348134539295743464e-03 2.134936824993057813e-01 9.485465302866261661e-01 -6.332673396735744985e-04 -3.166371406731665061e-01 -3.082837166340375390e+01
-3.412457424790673599e-01 2.765046872550724552e-03 -9.399700515206340645e-01 1.083751048902518903e+02 1.544128708982061074e-03 9.999959731440998256e-01 2.381042232893368967e-03 2.104598051781155776e-01 9.399728500900655925e-01 -6.389142174986443953e-04 -3.412486379198933495e-01 -3.098166347207146742e+01
-3.682433602189398858e-01 2.632401443202489824e-03 -9.297257112274058821e-01 1.078488489180669490e+02 1.584037751267227409e-03 9.999963166806357107e-01 2.203962242027087456e-03 2.177117761356317516e-01 9.297280884640769516e-01 -6.611261631082605665e-04 -3.682461736843030131e-01 -3.119615865883851313e+01
-3.963384324379521928e-01 2.745087726380772593e-03 -9.181003820203983423e-01 1.073166040314913232e+02 1.655619421566344000e-03 9.999960411142889694e-01 2.275231873924165628e-03 2.145566575645031504e-01 9.181029930770066017e-01 -6.182629890764829985e-04 -3.963414081999490080e-01 -3.139044244571979903e+01
-4.233219808685257934e-01 2.547633544519749271e-03 -9.059757226752109815e-01 1.068194922240106592e+02 1.564803684622270361e-03 9.999966106987164816e-01 2.080860521086259560e-03 2.246307843260139103e-01 9.059779533205962743e-01 -5.368001513231464338e-04 -4.233245326491501537e-01 -3.160601930669196946e+01
-4.459182640998720082e-01 2.187985366371826904e-03 -8.950710108489680072e-01 1.062970623113288013e+02 1.464954019287948925e-03 9.999974569459436635e-01 1.714646134594475764e-03 2.349453290228463442e-01 8.950724862556541650e-01 -5.466458470073990144e-04 -4.459203354035783384e-01 -3.185009256998795379e+01
-4.721976055265122429e-01 2.457169007238058176e-03 -8.814892986619285997e-01 1.058272760056542126e+02 1.654745151953290663e-03 9.999968238239470564e-01 1.901094553129064561e-03 2.276480096586613322e-01 8.814911702073430222e-01 -5.609478475924939206e-04 -4.722001717322874548e-01 -3.208223019447704161e+01
-4.974658415945554246e-01 2.723143518933211858e-03 -8.674792913585871457e-01 1.053228187517903081e+02 1.784926554190779686e-03 9.999961692419880865e-01 2.115546866704125402e-03 2.219770013884251603e-01 8.674817291930807528e-01 -4.959745198788501931e-04 -4.974687965344750662e-01 -3.235283104351676542e+01
-5.176045333197503151e-01 2.691877041794760866e-03 -8.556157437102450691e-01 1.048586488668782408e+02 1.867761865710774669e-03 9.999962231652257394e-01 2.016214496808626036e-03 2.218804431157517520e-01 8.556179395924660147e-01 -5.544846941106151752e-04 -5.176076061982353149e-01 -3.263506662852579154e+01
-5.400867760730014844e-01 2.860820055323126752e-03 -8.416044736214766120e-01 1.044096794746535579e+02 1.902655769011727619e-03 9.999958175968394203e-01 2.178230899925747387e-03 2.188278174958857847e-01 8.416071852189098701e-01 -4.248499026784914546e-04 -5.400899603681446060e-01 -3.290068648073953028e+01
-5.600593335033503539e-01 2.162771174645871080e-03 -8.284496758262558380e-01 1.039595120109737678e+02 1.514593789750581830e-03 9.999975941867326190e-01 1.586702996407400330e-03 2.435051036200549524e-01 8.284511144065378474e-01 -3.661169114916319441e-04 -5.600612618249651842e-01 -3.318311945744031988e+01
-5.753365562644685571e-01 2.384591198472328991e-03 -8.179132965972362168e-01 1.035019664070638044e+02 1.747443622471763153e-03 9.999970514765683660e-01 1.686261828934734535e-03 2.386158180512022442e-01 8.179149060058317211e-01 -4.590893002541617928e-04 -5.753390268098332871e-01 -3.351063814408414032e+01
-5.919794160408695660e-01 2.741307052624930574e-03 -8.059484203220174114e-01 1.030516919611338693e+02 2.019430918990140073e-03 9.999961215184272056e-01 1.918032029568025616e-03 2.265059780369409748e-01 8.059505523806503868e-01 -4.921216782981806303e-04 -5.919826559398333465e-01 -3.383104984427269102e+01
-6.070239388040661321e-01 2.971221867732767169e-03 -7.946779911130105178e-01 1.026361073454575461e+02 2.089953781413932121e-03 9.999955209940113443e-01 2.142448390844853365e-03 2.204432628190938215e-01 7.946807974350386106e-01 -3.603228116379873390e-04 -6.070274296565869587e-01 -3.413867711226891544e+01
-6.184417557519792386e-01 2.250312756972676787e-03 -7.858274179709601182e-01 1.022140480555295028e+02 1.620342736888581931e-03 9.999974257117053567e-01 1.588414107668197506e-03 2.432881963735902819e-01 7.858289694531661596e-01 -2.909681395496197540e-04 -6.184438099825380064e-01 -3.444912129573944526e+01
-6.293120908500156041e-01 2.342857126842111740e-03 -7.771491512769386212e-01 1.018183506540817120e+02 1.790740350570575257e-03 9.999971726573022579e-01 1.564585056288340372e-03 2.425980799622532436e-01 7.771506196092103913e-01 -4.070600505177853715e-04 -6.293145070178636225e-01 -3.478585602341441785e+01
-6.381212006471237430e-01 2.530937848025692667e-03 -7.699317681705845073e-01 1.014336656938984902e+02 1.897841075080594240e-03 9.999967297200739180e-01 1.714277810381462401e-03 2.385793909175124294e-01 7.699335890087709577e-01 -3.672911200402236963e-04 -6.381239171299772917e-01 -3.511860981852652230e+01
-6.436071651502268676e-01 2.372882813887739525e-03 -7.653523282740052336e-01 1.010556159962440859e+02 1.838574423512413011e-03 9.999971019562694519e-01 1.554259679614074545e-03 2.427930438455451201e-01 7.653537983255706001e-01 -4.068245494365477655e-04 -6.436096626701686141e-01 -3.547756223430614853e+01
-6.489281944849933925e-01 2.429773973271595784e-03 -7.608457758316640174e-01 1.006710615937429480e+02 1.867637893925635888e-03 9.999969750122408296e-01 1.600592098243559845e-03 2.389363206111021487e-01 7.608473633595276286e-01 -3.823150619563255286e-04 -6.489307694230945778e-01 -3.582884774407271777e+01
-6.537729337540576502e-01 2.325091536487706306e-03 -7.566872174418969310e-01 1.002548549391011505e+02 1.620614167641310811e-03 9.999972881461337559e-01 1.672516097992845369e-03 2.400547255264581237e-01 7.566890541697647299e-01 -1.328522689237481057e-04 -6.537749288936847147e-01 -3.617190316354552948e+01
-6.558880541982170520e-01 2.041118912137867159e-03 -7.548554127736413211e-01 9.987500933894794741e+01 1.458472963060584993e-03 9.999979043367532849e-01 1.436724997191855899e-03 2.484983559258748809e-01 7.548567633774594388e-01 -1.586054477241889173e-04 -6.558896565944756230e-01 -3.651891127794220893e+01
-6.588342458287330672e-01 2.181699771211281086e-03 -7.522849704130696313e-01 9.947765424460855854e+01 1.677915552943270040e-03 9.999975689745655982e-01 1.430609784700370875e-03 2.496166526979381739e-01 7.522862627502127086e-01 -3.197359335232824668e-04 -6.588363048939023248e-01 -3.685073979755748041e+01
-6.600487154044116789e-01 2.124767679226032251e-03 -7.512197938388572860e-01 9.909861892413285034e+01 1.687318853569809169e-03 9.999976707812238130e-01 1.345877859839432825e-03 2.528616989249541924e-01 7.512209037613851725e-01 -3.792023688408725909e-04 -6.600507631671150843e-01 -3.717709312146592282e+01
-6.603983104596651277e-01 2.260274041722794974e-03 -7.509120872001436853e-01 9.872805419256891923e+01 1.792470546523738375e-03 9.999973658861756043e-01 1.433621306383067295e-03 2.495550113172939066e-01 7.509133495892582610e-01 -3.992267107605674019e-04 -6.604006223699927514e-01 -3.750592512293263070e+01
-6.601983330318030863e-01 2.361722323891457184e-03 -7.510876003035154014e-01 9.834688752989028160e+01 1.808635670490033563e-03 9.999971559895868278e-01 1.554622059979882034e-03 2.476887929740822780e-01 7.510891357881832597e-01 -3.320849330785130690e-04 -6.602007269161078717e-01 -3.783933309892888275e+01
-6.589441809402531991e-01 2.165152727361461041e-03 -7.521887253333745527e-01 9.795745897102052879e+01 1.643864953823795860e-03 9.999976143843741783e-01 1.438378800594167055e-03 2.534093827465758175e-01 7.521900452099810064e-01 -2.886853435975805142e-04 -6.589461681714068320e-01 -3.818713844760782194e+01
-6.575916108667623217e-01 2.202564329454195866e-03 -7.533713705922405746e-01 9.756789376895071086e+01 1.754703522380591943e-03 9.999974916956487769e-01 1.391983462355729940e-03 2.554776479834633407e-01 7.533725468406750059e-01 -4.065867503285008422e-04 -6.575938262742506701e-01 -3.852277673002982539e+01
-6.552864207356783322e-01 2.146217293878580502e-03 -7.553774556807685281e-01 9.717884992794274979e+01 1.651040058974455414e-03 9.999976444250193719e-01 1.408975207774820814e-03 2.567361275130793374e-01 7.553787002994906130e-01 -3.238761181670792716e-04 -6.552884206501079500e-01 -3.884883509081171837e+01
-6.521196275084317762e-01 2.205747904617529846e-03 -7.581128716058350703e-01 9.680149228754025614e+01 1.715043435537813793e-03 9.999975007629106072e-01 1.434257280559919460e-03 2.568109269970492714e-01 7.581141405120196408e-01 -3.648891802943176384e-04 -6.521217806603363254e-01 -3.918599453503197338e+01
-6.488317214831895718e-01 1.998366978529140647e-03 -7.609293027125318964e-01 9.641953665069735280e+01 1.583780991107977282e-03 9.999979320478152856e-01 1.275749922664731577e-03 2.647651096181767305e-01 7.609302785636362643e-01 -3.773983467085522563e-04 -6.488335447058475314e-01 -3.951414109794271923e+01
-6.453208663623648533e-01 2.338100241674187681e-03 -7.639080525328861837e-01 9.605232997088326385e+01 1.737865007049632475e-03 9.999972216937884628e-01 1.592617317898061772e-03 2.517401363459229047e-01 7.639096538613346921e-01 -2.998198857306521225e-04 -6.453231367659864048e-01 -3.984116607562059897e+01
-6.411966621537417144e-01 2.245149970675679695e-03 -7.673733118531745889e-01 9.566262716504843411e+01 1.648397357940192039e-03 9.999974426255689997e-01 1.548395450843613030e-03 2.539144632469719776e-01 7.673748257722888821e-01 -2.721101450376251342e-04 -6.411987232730724795e-01 -4.016950412606629328e+01
-6.363858754014048991e-01 2.082000919648633371e-03 -7.713680592698654026e-01 9.526228015939467753e+01 1.548331108311094047e-03 9.999977907058883453e-01 1.421708170235253237e-03 2.611238077522620715e-01 7.713693150886721250e-01 -2.895781636445973013e-04 -6.363876930646290564e-01 -4.050286745645933451e+01
-6.313593172225242522e-01 2.000582991070502890e-03 -7.754878530473605647e-01 9.486297487474449497e+01 1.462377061236886169e-03 9.999979658116904258e-01 1.389181705903234487e-03 2.626589488025201091e-01 7.754890547323280980e-01 -2.569828342272141098e-04 -6.313609585254571499e-01 -4.083858995427513605e+01
-6.250902697409070896e-01 2.014834850701563949e-03 -7.805498671550492595e-01 9.446905214603356171e+01 1.447234217771135477e-03 9.999979412810592327e-01 1.422303329836501406e-03 2.634878739950929361e-01 7.805511259285706771e-01 -2.405705043226125973e-04 -6.250918987936682214e-01 -4.115409359046602589e+01
-6.180813727755787301e-01 1.933459611467028272e-03 -7.861117467394743707e-01 9.406643868827966060e+01 1.402485789298934128e-03 9.999980960460451707e-01 1.356811665421294322e-03 2.662786381020722515e-01 7.861128733594607843e-01 -2.638905368415631969e-04 -6.180829076267337907e-01 -4.147119537314618753e+01
-6.110615892355271139e-01 1.843759356045973023e-03 -7.915809085067616602e-01 9.366249225021941527e+01 1.324287156081194790e-03 9.999982691066419127e-01 1.306922816579200817e-03 2.697839355800104588e-01 7.915819480157954002e-01 -2.496700968275307074e-04 -6.110629732199148734e-01 -4.180972512971171540e+01
-6.024219983966063729e-01 1.965325269657954791e-03 -7.981753399751359002e-01 9.325141620798720510e+01 1.421578488971947949e-03 9.999980244324419010e-01 1.389332866203993148e-03 2.692831824307977406e-01 7.981764936168185276e-01 -2.977042120398303363e-04 -6.024236021353772674e-01 -4.212192945422246737e+01
-5.922849362627835568e-01 1.971596372902285812e-03 -8.057261737612432251e-01 9.284233346514021434e+01 1.369681203516137083e-03 9.999980249966478052e-01 1.440130620619249971e-03 2.684939499357192338e-01 8.057274218056572623e-01 -2.506203225381967896e-04 -5.922864669565417461e-01 -4.243182727928582665e+01
-5.828821066992431188e-01 2.244174121147593515e-03 -8.125536372279472674e-01 9.243949041561641877e+01 1.519509001537699706e-03 9.999974479894098156e-01 1.671857368900826670e-03 2.616451442609636358e-01 8.125553155215013978e-01 -2.601868207144968298e-04 -5.828840292207120299e-01 -4.273138710941886842e+01
-5.710757837625577427e-01 2.181503508897556908e-03 -8.208944452500702704e-01 9.201029408034646906e+01 1.439601420726887562e-03 9.999975926523073655e-01 1.655970210882241021e-03 2.641773648006238151e-01 8.208960815765472541e-01 -2.360763235817873356e-04 -5.710775494801381136e-01 -4.303833286809246772e+01
-5.586763475690330605e-01 2.201740040627656395e-03 -8.293828374205232112e-01 9.157240943284075740e+01 1.501750368557504657e-03 9.999975225142547774e-01 1.643079785952914710e-03 2.673981247652256199e-01 8.293844002709209740e-01 -3.275761681908565285e-04 -5.586782699202632596e-01 -4.333959427640117212e+01
-5.469764508557068972e-01 2.060582819760087541e-03 -8.371454570191119160e-01 9.113356880032981167e+01 1.403864149931688052e-03 9.999978223446903680e-01 1.544173347019977671e-03 2.704335307019268275e-01 8.371468159019321842e-01 -3.306120385283452126e-04 -5.469781525078831752e-01 -4.364061366305740108e+01
-5.319834191903805021e-01 2.113353300871637606e-03 -8.467521334158761848e-01 9.069266510153190097e+01 1.396697504023910194e-03 9.999977151114507468e-01 1.618334934453059121e-03 2.715141014720335311e-01 8.467536187950980286e-01 -3.217292394432963356e-04 -5.319851553828380819e-01 -4.392898159974580352e+01
-5.170485038084358109e-01 2.172883710946359095e-03 -8.559533417691860269e-01 9.025945018008269471e+01 1.264993185237040831e-03 9.999976256205210801e-01 1.774414145988282643e-03 2.664052604321860418e-01 8.559551650067307449e-01 -1.653169648991271654e-04 -5.170500248221654438e-01 -4.420187880579009487e+01
-5.038190140574414499e-01 2.230273379606034171e-03 -8.638063596401920341e-01 8.982416825221950774e+01 1.257197899723434906e-03 9.999975009873652843e-01 1.848640707479960168e-03 2.654415104769776157e-01 8.638083239513437706e-01 -1.545952025183915893e-04 -5.038205589023683206e-01 -4.446858532208820236e+01
-4.878778383626161119e-01 2.284891054197575513e-03 -8.729089265825455968e-01 8.936629915322120610e+01 1.220414808809244800e-03 9.999973823067321854e-01 1.935450174441884566e-03 2.646909638718085711e-01 8.729110638675146028e-01 -1.210477333778657008e-04 -4.878793497629621001e-01 -4.473070747157618854e+01
-4.706927023716807046e-01 2.367360451292224287e-03 -8.822940414275384224e-01 8.890961270358285162e+01 1.143236657029975730e-03 9.999971972605909976e-01 2.073277817551962433e-03 2.608080899076672399e-01 8.822964767831680266e-01 -3.279415172829274264e-05 -4.706940895959423887e-01 -4.499673639221278876e+01
-4.557112623510939375e-01 2.334311775799170069e-03 -8.901245959723314005e-01 8.841329860430683141e+01 1.270152194774818322e-03 9.999972486131019078e-01 1.972176368441859017e-03 2.679762549474449251e-01 8.901267505697012528e-01 -2.318507267556701003e-04 -4.557129734443225999e-01 -4.525130606938009947e+01
-4.373691431219868253e-01 2.200365646528130645e-03 -8.992793731848633954e-01 8.795869752528612651e+01 1.133853558013916529e-03 9.999975610123021941e-01 1.895348399610901919e-03 2.703163889939984577e-01 8.992813503130421271e-01 -1.906842114787332806e-04 -4.373705712764444087e-01 -4.547841842118521072e+01
-4.214904001322319349e-01 2.242875181375960335e-03 -9.068300899878056764e-01 8.745664812258755205e+01 1.159131660116415833e-03 9.999974569650981193e-01 1.934548301613235599e-03 2.744118489080121792e-01 9.068321228376097221e-01 -2.357419299289915905e-04 -4.214919280550659675e-01 -4.572859134141515369e+01
-4.033675948731889616e-01 2.373212018028068165e-03 -9.150349453823809487e-01 8.695579748065129877e+01 8.499991159963137281e-04 9.999971770556250750e-01 2.218869595926009977e-03 2.620972166484337174e-01 9.150376281376204624e-01 1.172411975651601115e-04 -4.033684734170233099e-01 -4.595180873630779672e+01
-3.842285030562289094e-01 2.421574821572183671e-03 -9.232348527945385408e-01 8.645329800575984791e+01 8.094186043033892381e-04 9.999970593918382500e-01 2.286055379737535198e-03 2.631938302186973555e-01 9.232376737767434838e-01 1.310841704669914957e-04 -3.842293332584691967e-01 -4.618532968291516028e+01
-3.675068211875720525e-01 2.325209702565481009e-03 -9.300179190641680860e-01 8.595111526400550872e+01 5.365222206521865151e-04 9.999972382352052547e-01 2.288157745622937389e-03 2.595521169639525283e-01 9.300206710200119575e-01 3.419383002869733111e-04 -3.675070537468445586e-01 -4.639720990686002722e+01
-3.485649238588275356e-01 2.273978056349938021e-03 -9.372818801615071527e-01 8.546017914704027874e+01 8.539552988493412074e-04 9.999974123681772964e-01 2.108558108548034670e-03 2.735486842200294255e-01 9.372842496359566899e-01 -6.542743152143388335e-05 -3.485659637767488661e-01 -4.659369197467945867e+01
-3.303191686903788060e-01 2.295301548946045329e-03 -9.438665045367896633e-01 8.496969040632022541e+01 5.984200686068215109e-04 9.999973514666418151e-01 2.222375558504335186e-03 2.688344283839062543e-01 9.438691056969285009e-01 1.692645886023807274e-04 -3.303196673835520070e-01 -4.677419531886170034e+01
-3.119852739185804413e-01 2.268923916282096151e-03 -9.500842282883192880e-01 8.448269893060967206e+01 6.482359002960448981e-04 9.999974240187982089e-01 2.175257682555543221e-03 2.729280650668412522e-01 9.500867163833870421e-01 6.276965885403541084e-05 -3.119859410483172280e-01 -4.696013898589849589e+01
-2.971445093435802765e-01 2.238623211394545447e-03 -9.548298953913626486e-01 8.396922761045549066e+01 7.130320445499092798e-04 9.999974930249865279e-01 2.122623152019493479e-03 2.781363345726821090e-01 9.548322534101300052e-01 -5.009849748012322468e-05 -2.971453606198053432e-01 -4.712712033026346603e+01
-2.808029449167297464e-01 2.631192971294475918e-03 -9.597618365769916560e-01 8.344386470081192897e+01 5.196646650738488346e-04 9.999965123287209989e-01 2.589455353945042601e-03 2.612788678730870728e-01 9.597653025999263177e-01 2.283723757627159883e-04 -2.808033329063779338e-01 -4.727020660104616923e+01
-2.646467345272067728e-01 2.666939290334556859e-03 -9.643417409502234028e-01 8.294754037428427296e+01 2.515076219528405641e-04 9.999963327494523213e-01 2.696522123556699402e-03 2.583749353574900098e-01 9.643453959282443089e-01 4.710864765633969355e-04 -2.646464347568835418e-01 -4.743133851443343474e+01
-2.516789026469168356e-01 2.434881766478718887e-03 -9.678077295171948480e-01 8.241524143926608303e+01 5.544699795781520262e-04 9.999970338541278592e-01 2.371675776342878177e-03 2.762343978765623431e-01 9.678106336083965866e-01 6.028042480327243206e-05 -2.516795061994219207e-01 -4.756334857811491190e+01
-2.371416644829091869e-01 2.470113855239079986e-03 -9.714719396378970195e-01 8.188050072447484240e+01 4.829000777037861965e-04 9.999969436578823867e-01 2.424764402766468006e-03 2.760849646617040687e-01 9.714749599314387307e-01 1.058887913127587541e-04 -2.371421325150249171e-01 -4.769928737695249055e+01
-2.236319406593323400e-01 2.367511025306410707e-03 -9.746707905793042803e-01 8.135103189118957800e+01 4.132118563106668228e-04 9.999971903302513621e-01 2.334220975987061700e-03 2.790019578322800453e-01 9.746735783701653277e-01 1.192608401206476845e-04 -2.236322906110594921e-01 -4.782523802732455920e+01
-2.131834468882163325e-01 2.500552006721546133e-03 -9.770089893202211773e-01 8.079987008201180743e+01 6.788539784147004826e-04 9.999968624837688447e-01 2.411261058903805057e-03 2.826244658124065778e-01 9.770119534223389302e-01 -1.492054954625140258e-04 -2.131844755313694328e-01 -4.795389368989280143e+01
-2.021340163168019455e-01 2.461668888343713016e-03 -9.793547772048304401e-01 8.027232876747949319e+01 4.469489868680815749e-04 9.999969687517549222e-01 2.421306239377119061e-03 2.798685940371267167e-01 9.793577689916194151e-01 5.170672944211380379e-05 -2.021345038388353554e-01 -4.806533797031549682e+01
-1.919317417014156923e-01 2.891458771978408678e-03 -9.814040177183046554e-01 7.973286933422835432e+01 3.108556654973506587e-04 9.999957887902287679e-01 2.885441138427385314e-03 2.644482461060739809e-01 9.814082279542065690e-01 2.487327442256869262e-04 -1.919318322629304241e-01 -4.817108896370911708e+01
-1.843383413744739130e-01 2.561788220138193437e-03 -9.828595083430912149e-01 7.920387616044288848e+01 4.627598156213851878e-04 9.999967185686824411e-01 2.519663711769496318e-03 2.833717092349442579e-01 9.828627380019353543e-01 9.642744586465211432e-06 -1.843389219735118711e-01 -4.826848737363374653e+01
-1.769374217461878729e-01 2.920330135135459308e-03 -9.842177708503915268e-01 7.867538019199564303e+01 1.995514459105776281e-04 9.999956839042579704e-01 2.931271409449484350e-03 2.642419565472956533e-01 9.842220831524927105e-01 3.222495263622243526e-04 -1.769372408234362037e-01 -4.836422811004718625e+01
-1.709855309991314964e-01 2.766583298631108100e-03 -9.852696555795255051e-01 7.812985891669760008e+01 3.371005946328851487e-04 9.999961634820533352e-01 2.749433462271644053e-03 2.746390919955690735e-01 9.852734821115070041e-01 1.379783537237017771e-04 -1.709858076269483718e-01 -4.845578554562172968e+01
-1.661187688779806049e-01 3.030893654147247436e-03 -9.861010943661514538e-01 7.757766835754344470e+01 4.057088637920602987e-04 9.999954019149965845e-01 3.005253597015267349e-03 2.683743591493180647e-01 9.861056687935538800e-01 9.915907312290001864e-05 -1.661192347101814182e-01 -4.855188110374959365e+01
-1.616517294437949115e-01 3.077232800978798970e-03 -9.868430721275390782e-01 7.704025173909926139e+01 4.595852453756798291e-04 9.999952645721308375e-01 3.042961504253138220e-03 2.721914100453228236e-01 9.868477629043058696e-01 3.836147434238632720e-05 -1.616523782044820834e-01 -4.863401017857827213e+01
-1.579416570509430962e-01 2.997854136929085575e-03 -9.874438950333206400e-01 7.647618319547727594e+01 4.721384854343630474e-04 9.999955064242566083e-01 2.960441950981714671e-03 2.764947855622714723e-01 9.874483328525358594e-01 1.366842288739447339e-06 -1.579423627304559208e-01 -4.871843066164912273e+01
-1.545756502572590563e-01 3.115907782486952195e-03 -9.879760419495186019e-01 7.594825237661004280e+01 4.362801576661809368e-04 9.999951444933574685e-01 3.085554947359938661e-03 2.737256962999781718e-01 9.879808591299580334e-01 4.591731904051896650e-05 -1.545762591229009608e-01 -4.881619150705040511e+01
-1.512603404612329339e-01 3.105997619384934499e-03 -9.884890804568051692e-01 7.541095752873042102e+01 6.868549338927484871e-04 9.999951522735330833e-01 3.037047864830873765e-03 2.787739782847002412e-01 9.884937215955655887e-01 -2.195637079794839422e-04 -1.512617405622667111e-01 -4.890555049466851045e+01
-1.485553132881469729e-01 2.993466999079764847e-03 -9.888995692430986306e-01 7.485929810626375058e+01 5.115502453661708963e-04 9.999955172825565342e-01 2.950208660201003412e-03 2.819213160446644162e-01 9.889039676380144694e-01 -6.760264550724373427e-05 -1.485561786654305827e-01 -4.899573858280611915e+01
-1.466647622458236988e-01 3.415867615761256602e-03 -9.891803573483491929e-01 7.428024292890309255e+01 6.660459870145808356e-04 9.999941519861382799e-01 3.354456180554027910e-03 2.698012852395705874e-01 9.891860309861434386e-01 -1.668590892605272425e-04 -1.466661796731787426e-01 -4.907516023700165420e+01
-1.447210046758069524e-01 3.253616653414284892e-03 -9.894671519481067490e-01 7.372476368427720672e+01 5.538894064949593382e-04 9.999947034554441672e-01 3.207221162272508481e-03 2.770366480346284632e-01 9.894723462594346985e-01 -8.390310471720818439e-05 -1.447220402983546705e-01 -4.915950323787621556e+01
-1.428669592651630182e-01 3.054649269697941923e-03 -9.897371878777545540e-01 7.313807800543607129e+01 4.386239754046025383e-04 9.999953345455355747e-01 3.022994570063142726e-03 2.851629361023439446e-01 9.897418044921284519e-01 -2.236417852693279792e-06 -1.428676325682762815e-01 -4.923155229166417968e+01
-1.405901303459751173e-01 2.998502068963356838e-03 -9.900633435465856502e-01 7.256141454105970467e+01 5.531431666169100200e-04 9.999954956512039361e-01 2.950035582881961604e-03 2.906449991972734348e-01 9.900677296437548902e-01 -1.329008858780447808e-04 -1.405911556799204210e-01 -4.930702931885037543e+01
-1.383716880061121035e-01 3.197543400956973959e-03 -9.903752075221482487e-01 7.199918732263920162e+01 5.191386682235656080e-04 9.999948848472056673e-01 3.156069464847413228e-03 2.830046821294552317e-01 9.903802332707284384e-01 -7.743140695920243226e-05 -1.383726401822082952e-01 -4.938966670705588768e+01
-1.356391804769034870e-01 3.497638107721631924e-03 -9.907521280558632126e-01 7.141844797632229813e+01 6.880671687546529355e-04 9.999938599948730023e-01 3.436064045608413706e-03 2.733874289751019315e-01 9.907580629412638951e-01 -2.156391004765668452e-04 -1.356407542615900574e-01 -4.947632657680363621e+01
-1.333587976022223565e-01 3.400913345541723039e-03 -9.910619884197483520e-01 7.084054702905923762e+01 5.389954356346503273e-04 9.999942131604551143e-01 3.359036993337507007e-03 2.776701073319072233e-01 9.910676770967811189e-01 -8.622075365637051764e-05 -1.333598589530291534e-01 -4.954173255947974752e+01
-1.311735373813769368e-01 3.767457249813461681e-03 -9.913522630007597369e-01 7.026968022636620503e+01 6.631469302815428627e-04 9.999928885854588723e-01 3.712548270252690429e-03 2.670635152784899824e-01 9.913591999507572750e-01 -1.704241207284571454e-04 -1.311751029296859272e-01 -4.962385524079776644e+01
-1.286707762388041854e-01 3.573184853595419257e-03 -9.916809283696578214e-01 6.969527274420394747e+01 6.042296627143221854e-04 9.999936055443502392e-01 3.524737851964050532e-03 2.739562048150842033e-01 9.916871816498481484e-01 -1.456722774185153623e-04 -1.286721124835110697e-01 -4.970905111551353883e+01
-1.272614191581087351e-01 3.296546240009057792e-03 -9.918637325644849012e-01 6.910656020531325794e+01 3.363211955094691768e-04 9.999945628582446178e-01 3.280417961420748450e-03 2.850643511004844477e-01 9.918691537102654054e-01 8.388584888358182300e-05 -1.272618359181052483e-01 -4.977379129219652754e+01
-1.258703765809083830e-01 3.383819617188853560e-03 -9.920409255994326880e-01 6.852049939974686765e+01 4.479722388225099855e-04 9.999942746190609855e-01 3.354109415519901556e-03 2.858108439114007693e-01 9.920465954884649662e-01 -2.222377921927290792e-05 -1.258711717823031151e-01 -4.984768380814770694e+01
-1.246578331071592771e-01 3.509733981248368707e-03 -9.921935831340622514e-01 6.793835449516679148e+01 2.583245418233889867e-04 9.999938245561492689e-01 3.504870610507933477e-03 2.781475838483613572e-01 9.921997570617822060e-01 1.806016228636704319e-04 -1.246579699401328956e-01 -4.991331163909852364e+01
-1.238145711782809855e-01 3.327803904158965417e-03 -9.922997922428052897e-01 6.734206969860024117e+01 4.368821586498425943e-04 9.999944625317096492e-01 3.299096830427090000e-03 2.912219273485733839e-01 9.923052761614837847e-01 -2.504181592787209365e-05 -1.238153394171723765e-01 -4.998535219576044852e+01
-1.231347351584088923e-01 3.430854835478462997e-03 -9.923840316291705488e-01 6.678364080963645222e+01 1.569341548007358814e-04 9.999940788057553043e-01 3.437691827357674222e-03 2.853989763351345021e-01 9.923899497521826429e-01 2.675603234764433510e-04 -1.231345444720275406e-01 -5.005159655722711420e+01
-1.220591398320050036e-01 3.303629497076533781e-03 -9.925173310404290516e-01 6.618020839000119793e+01 1.959042065228103549e-04 9.999945211820850943e-01 3.304425419671406725e-03 2.921065526058181372e-01 9.925228098159822876e-01 2.088970041664920101e-04 -1.220591182871182401e-01 -5.013597713487654062e+01
-1.222812007752642760e-01 3.419421207925115239e-03 -9.924896047292195433e-01 6.558546918829507888e+01 1.871364606466656335e-04 9.999941266775902449e-01 3.422220078941652383e-03 2.884355191184128087e-01 9.924954775296987997e-01 2.327421887125705018e-04 -1.222811224767299532e-01 -5.019887739035698360e+01
-1.217701494668756990e-01 3.706346618061655794e-03 -9.925514060710213249e-01 6.500392452977604307e+01 3.208078306293257308e-04 9.999931228282175066e-01 3.694777206462385166e-03 2.838732750890410328e-01 9.925582742495023814e-01 1.314953093079990545e-04 -1.217705010576579649e-01 -5.028054052210386260e+01
-1.218483632320035426e-01 2.783215573565032616e-03 -9.925448252289431617e-01 6.441139261874793931e+01 9.494029146636141780e-06 9.999960716989884091e-01 2.802944247583750732e-03 3.125898028671917905e-01 9.925487274121839176e-01 3.321109192985722061e-04 -1.218479109988845899e-01 -5.033608640051173921e+01
-1.216140728808399185e-01 2.531028925369569436e-03 -9.925742345889869700e-01 6.382224856875129859e+01 -1.054598199533888451e-04 9.999967102636156957e-01 2.562877322958934632e-03 3.231628298395339272e-01 9.925774559980500289e-01 4.163586496091064432e-04 -1.216134058807447627e-01 -5.041026794774903408e+01
-1.212724701600453869e-01 2.443695017149395254e-03 -9.926162482731906156e-01 6.320121704182776057e+01 -1.774447202008704212e-04 9.999969002552950847e-01 2.483544477680001313e-03 3.278250624858078943e-01 9.926192404414959647e-01 4.773200860022674182e-04 -1.212716606255694884e-01 -5.048794745558024744e+01
-1.207716882232905409e-01 2.449162552806080379e-03 -9.926772894181100648e-01 6.260629434529432302e+01 -9.716540450101186430e-05 9.999969224472096130e-01 2.479043160904837850e-03 3.311761244910238489e-01 9.926803059810246355e-01 3.958521180861583957e-04 -1.207710785681743726e-01 -5.056378850692279059e+01
-1.209823355758343766e-01 2.406784197361770510e-03 -9.926517424900053177e-01 6.199633444505224844e+01 -8.297205773869138247e-05 9.999970326566266499e-01 2.434706056000023218e-03 3.360175171091672741e-01 9.926546567634960683e-01 3.769187827878041526e-04 -1.209817768838652441e-01 -5.062784174011247273e+01
-1.199729109268605765e-01 3.113179108675805974e-03 -9.927722844437053551e-01 6.139618189819002936e+01 2.168827606452308852e-04 9.999951416028133311e-01 3.109619371798424611e-03 3.096388574680236649e-01 9.927771419636958194e-01 1.577548941669886830e-04 -1.199730032456871598e-01 -5.070695144167197554e+01
-1.194013837716501047e-01 2.907980563970136330e-03 -9.928418067358241172e-01 6.080105414283490717e+01 1.943115342777535122e-04 9.999957599563050747e-01 2.905565769247977093e-03 3.221092782537640642e-01 9.928460463719658291e-01 1.540079587258116889e-04 -1.194014425587306416e-01 -5.079522994045927220e+01
-1.190685164519065253e-01 2.886602970782659386e-03 -9.928818438833650895e-01 6.019108808917516029e+01 1.094795036217603972e-04 9.999958059278092337e-01 2.894156358871679928e-03 3.230788141464816521e-01 9.928860339455782835e-01 2.359026926072940733e-04 -1.190683330938133722e-01 -5.086721558482366845e+01
-1.182846183749248770e-01 3.000797898429402415e-03 -9.929751982138685928e-01 5.957547851960333674e+01 3.625786396821179414e-04 9.999954975663384316e-01 2.978822549476364476e-03 3.255243978057354437e-01 9.929796662533572071e-01 -7.682708135034075833e-06 -1.182851738314973922e-01 -5.095849557538420527e+01
-1.183528140508185444e-01 3.484757484954314338e-03 -9.929654917828332206e-01 5.895335530355153253e+01 4.614571005983943847e-04 9.999939269954745136e-01 3.454421733657762200e-03 3.094021675433246688e-01 9.929714993209004525e-01 -4.937044373566233310e-05 -1.183537033597286126e-01 -5.101943794830945222e+01
-1.179033870752292934e-01 3.398062385473806391e-03 -9.930192568566904576e-01 5.838454913087070963e+01 5.083482775824379844e-04 9.999942206876583084e-01 3.361573041227379662e-03 3.177596226699541115e-01 9.930249407231512837e-01 -1.084587813678053892e-04 -1.179044330738898694e-01 -5.108645114489411299e+01
-1.177766287009283097e-01 3.639533350341606337e-03 -9.930334433083491952e-01 5.779299177337257021e+01 8.692060687463718481e-04 9.999932784694187671e-01 3.561951262083761210e-03 3.180386565002005783e-01 9.930397324441024853e-01 -4.436360841464826073e-04 -1.177790005661922823e-01 -5.115163763472823177e+01
-1.173091453839976150e-01 3.498985386753135189e-03 -9.930892817418479623e-01 5.722615614735600786e+01 6.361206820509307091e-04 9.999938527166585267e-01 3.448170438331472215e-03 3.187228766831791127e-01 9.930952420386245372e-01 -2.272227039800645779e-04 -1.173106500284131215e-01 -5.123161665339822690e+01
-1.171799997586242537e-01 3.677564505534604983e-03 -9.931038833756903328e-01 5.664830857821289811e+01 7.343531454191440464e-04 9.999931910664555668e-01 3.616427268043080102e-03 3.119291886700943373e-01 9.931104210419036127e-01 -3.055160140885352770e-04 -1.171819025188551855e-01 -5.129326438927194687e+01
-1.164999065187199978e-01 3.831082934216420779e-03 -9.931833136861899503e-01 5.606656374679776889e+01 1.151325281617942425e-03 9.999924094438987776e-01 3.722298306406550492e-03 3.059306730285737963e-01 9.931900353060462150e-01 -7.098296535968406408e-04 -1.165034330422818343e-01 -5.136768216072666604e+01
-1.157041612568519007e-01 3.526335282313923774e-03 -9.932774597398883465e-01 5.549301473838849574e+01 7.977213028159684145e-04 9.999937054946664849e-01 3.457254947089919393e-03 3.253720116114927619e-01 9.932833989897202898e-01 -3.923398053372990305e-04 -1.157062459891673445e-01 -5.142639806034516425e+01
-1.151247121866134648e-01 3.543980468197427836e-03 -9.933447240743724649e-01 5.492521779789292680e+01 8.322477165116528956e-04 9.999936288812011353e-01 3.471247721639190032e-03 3.261278211591757126e-01 9.933506973912529237e-01 -4.270824834376463208e-04 -1.151269281830473723e-01 -5.149064396874845784e+01
-1.149405411532615773e-01 3.401433882480104330e-03 -9.933665497926424948e-01 5.436370541765534625e+01 5.373109249784315672e-04 9.999942042551531740e-01 3.361956732738539261e-03 3.312854799339370881e-01 9.933722279671226563e-01 -1.473215735168984224e-04 -1.149417026147983023e-01 -5.155082648801052869e+01
-1.144063557424981337e-01 3.803663622791851606e-03 -9.934267551806549301e-01 5.380496880417992855e+01 9.427199501577797781e-04 9.999926355326890226e-01 3.720236482034408078e-03 3.169540929142159458e-01 9.934335896499654206e-01 -5.109045227194629422e-04 -1.144090989902120103e-01 -5.162508679592784944e+01
-1.137396532439947094e-01 3.701851488694160586e-03 -9.935036927840235066e-01 5.324210492264801786e+01 9.725760060929572546e-04 9.999929940415847041e-01 3.614687214626001108e-03 3.216305649842586822e-01 9.935101133737129775e-01 -5.551245831894272443e-04 -1.137424567206499759e-01 -5.170358193383214740e+01
-1.134957081959602210e-01 3.777807654728741922e-03 -9.935313041824207492e-01 5.267882073722286407e+01 9.531454325382177767e-04 9.999927247801861929e-01 3.693494345895517814e-03 3.193775429467752280e-01 9.935380293350035696e-01 -5.277840681600274274e-04 -1.134984832898462415e-01 -5.177268249798470379e+01
-1.134959718928822969e-01 3.813251191045051447e-03 -9.935311386561797020e-01 5.213342645409618115e+01 8.296278193589683592e-04 9.999926497648758961e-01 3.743278496650831629e-03 3.205427048915592270e-01 9.935381100298933399e-01 -3.994140409854477370e-04 -1.134983012500734301e-01 -5.181315875992682152e+01
-1.128953758895734349e-01 3.880331806690623907e-03 -9.935993041099726586e-01 5.157046176539198257e+01 9.667853754099480900e-04 9.999923299133783861e-01 3.795449966851729973e-03 3.206110693026710812e-01 9.936064107224700237e-01 -5.321085255532282104e-04 -1.128982614203035695e-01 -5.189719572966273375e+01
-1.123325279065756632e-01 3.777385395358666235e-03 -9.936634915974791316e-01 5.104262829162281179e+01 1.035851023500054943e-03 9.999926762847349826e-01 3.684343842575465641e-03 3.255671728028728951e-01 9.936701314756197778e-01 -6.154156872723575301e-04 -1.123356180236543267e-01 -5.194665116037511865e+01
-1.117808581711461358e-01 3.763982569861876355e-03 -9.937257530031796682e-01 5.049246509580725473e+01 9.794079424263904630e-04 9.999927581664164178e-01 3.677550109150429930e-03 3.285472609745589967e-01 9.937323988411593811e-01 -5.621831879167342103e-04 -1.117837351471975271e-01 -5.200862656503112902e+01
-1.110566336447926794e-01 3.616733506191164953e-03 -9.938074981414817266e-01 4.996342586711313771e+01 8.430237889906350146e-04 9.999933609834679160e-01 3.545038769719856785e-03 3.392622890374545896e-01 9.938137216975710952e-01 -4.441032907051706020e-04 -1.110589453303498786e-01 -5.207123390679232244e+01
-1.103577025716437898e-01 3.661448650458647321e-03 -9.938851901889318441e-01 4.942817377651665112e+01 9.388651737194161212e-04 9.999931521102679577e-01 3.579701769164614182e-03 3.371528213707666310e-01 9.938914910669547353e-01 -5.380765286072313001e-04 -1.103603844608886941e-01 -5.214082954852664642e+01
-1.103370835223607127e-01 3.673319544870065709e-03 -9.938874356401238286e-01 4.891036739327858385e+01 9.690578785548479603e-04 9.999930924735442872e-01 3.588304895852781340e-03 3.404066704486417017e-01 9.938937513268749635e-01 -5.672113529063326030e-04 -1.103398810252824713e-01 -5.217554969831874701e+01
-1.100182109380292150e-01 3.738672392977211711e-03 -9.939225400355569118e-01 4.838583909207176958e+01 1.077725791836006133e-03 9.999927863757678281e-01 3.642211353784538790e-03 3.395535074895180694e-01 9.939289872868750653e-01 -6.704663794819226523e-04 -1.100214465716617962e-01 -5.223013306155606017e+01
-1.096827050855686547e-01 3.769104089054715542e-03 -9.939595052412740772e-01 4.786193043408212588e+01 9.833693151288895595e-04 9.999927324975121934e-01 3.683468060010319269e-03 3.368305689036759087e-01 9.939661650126238035e-01 -5.734165370167392233e-04 -1.096856143875430956e-01 -5.228782933266521837e+01
-1.090171097874075290e-01 3.655353534893671097e-03 -9.940331524472086899e-01 4.736240719421741119e+01 9.465301624539930805e-04 9.999931671984897408e-01 3.573462884216858058e-03 3.461889564558617294e-01 9.940394226861689608e-01 -5.513137657006160833e-04 -1.090198247975102674e-01 -5.235960612479047427e+01
-1.088301460307485868e-01 3.559935837064771846e-03 -9.940539855419133763e-01 4.684784804850566786e+01 7.965880070372624664e-04 9.999935787007524501e-01 3.493995536495746873e-03 3.531175131797644196e-01 9.940600408237288965e-01 -4.115994387626656457e-04 -1.088322830020074239e-01 -5.240769542439574025e+01
-1.084685895537047529e-01 3.696969337461089057e-03 -9.940930024388801023e-01 4.634290933703259441e+01 9.975036976184743342e-04 9.999929861649319296e-01 3.610070264621211607e-03 3.458089043517748595e-01 9.940993763535930228e-01 -6.000322159162006265e-04 -1.084715165134915171e-01 -5.247373822172679070e+01
-1.082084869628516799e-01 3.737280520752382998e-03 -9.941211978846035136e-01 4.582202112528899107e+01 9.675842342499877454e-04 9.999928558813766521e-01 3.654034339987362063e-03 3.439937860297844763e-01 9.941277519162009524e-01 -5.664984707665194318e-04 -1.082113300422955504e-01 -5.252786579865874472e+01
-1.081729347342381686e-01 3.523029351623711489e-03 -9.941258494049783900e-01 4.532908680251381384e+01 8.703656643172859742e-04 9.999936730053701206e-01 3.449117689965618301e-03 3.596168313158719654e-01 9.941317109189268253e-01 -4.921518225649934661e-04 -1.081753166484429318e-01 -5.256257981337388685e+01
-1.079360051261781805e-01 3.746059360493031627e-03 -9.941507862676917107e-01 4.484359283997391543e+01 1.070115370613712417e-03 9.999927592539283872e-01 3.651888937019549461e-03 3.537999629584170358e-01 9.941572680670274220e-01 -6.696857340663896468e-04 -1.079392323046739488e-01 -5.262864538610698162e+01
-1.072085827777762290e-01 3.897110965745168368e-03 -9.942289134323653021e-01 4.435581169225358877e+01 1.157218434340829367e-03 9.999921296929585868e-01 3.794917342475743159e-03 3.468235769491990750e-01 9.942358777595367014e-01 -7.436923165329569711e-04 -1.072122488219624525e-01 -5.268457244960638519e+01
-1.068220065569327470e-01 3.454410241122991138e-03 -9.942721589006890959e-01 4.386599723389204541e+01 6.804343572050421812e-04 9.999939844548835222e-01 3.401185547963423914e-03 3.748201263499991165e-01 9.942779269018480193e-01 -3.132154724225667125e-04 -1.068237144637449454e-01 -5.273819083241055949e+01
-1.065702964092223315e-01 3.556218081465080220e-03 -9.942988108391805913e-01 4.337723609339090558e+01 5.656363575499989433e-04 9.999936590179910878e-01 3.515960654036934252e-03 3.687787032343839977e-01 9.943050095311611880e-01 -1.877145886154917009e-04 -1.065716321751324358e-01 -5.276981069644458699e+01
-1.063848186555271802e-01 3.605007800327405827e-03 -9.943184974033172363e-01 4.289965223137014760e+01 9.342529219839574954e-04 9.999933485501317776e-01 3.525624337946057195e-03 3.667016741136897018e-01 9.943245936469180535e-01 -5.538720557418436077e-04 -1.063874790313104057e-01 -5.282840997367406288e+01
-1.059948206409937477e-01 3.699983381110414499e-03 -9.943597981215165360e-01 4.245921434327501487e+01 1.092388968454461933e-03 9.999929071090787325e-01 3.604499670563254821e-03 3.664839436129272987e-01 9.943660818248102329e-01 -7.041693780606773142e-04 -1.059981106523215644e-01 -5.288475671251737253e+01
-1.057988940491754182e-01 3.512078226680695123e-03 -9.943813450203605742e-01 4.199299408687325297e+01 7.480783656886097130e-04 9.999937609554222506e-01 3.452307777199720758e-03 3.808298868865250819e-01 9.943872658057978375e-01 -3.786248267089752963e-04 -1.058008612748992938e-01 -5.293415331952935077e+01
-1.052838105831972459e-01 3.568261328419200344e-03 -9.944358132831769836e-01 4.156677496820631745e+01 1.034850280065383781e-03 9.999934140503642377e-01 3.478640653276996592e-03 3.793028328755587153e-01 9.944416766779131667e-01 -6.628476362565193045e-04 -1.052868098055583790e-01 -5.299601221878625523e+01
-1.045567878750099933e-01 3.698037848534558962e-03 -9.945120424737607934e-01 4.113271432717915133e+01 9.522775107671348216e-04 9.999930005046873127e-01 3.618301973994942841e-03 3.703796587050113831e-01 9.945184620090283811e-01 -5.687334202721340201e-04 -1.045595775885403977e-01 -5.304453841832384597e+01
-1.039081210852674797e-01 3.663245176009484634e-03 -9.945801541390766332e-01 4.069468406641840375e+01 9.124212522149696778e-04 9.999931473587009290e-01 3.587857731021435945e-03 3.694825179310908814e-01 9.945864818405625307e-01 -5.346685141160445204e-04 -1.039107514629362683e-01 -5.307840870003524714e+01
-1.032771421441580628e-01 3.692563923458931120e-03 -9.946457645223278909e-01 4.024288979879820261e+01 9.041752877890472679e-04 9.999930443221547449e-01 3.618532072251977229e-03 3.730625244383265482e-01 9.946522077478057167e-01 -5.256224692059704127e-04 -1.032797625066765868e-01 -5.311911013100438339e+01
-1.024280805570194630e-01 3.688352073808859842e-03 -9.947335745677756691e-01 3.980399591731526954e+01 8.881172110948843106e-04 9.999930664113592105e-01 3.616403880419753400e-03 3.733572789067958198e-01 9.947400160651145296e-01 -5.130187000372268217e-04 -1.024306460518007444e-01 -5.316106108253168117e+01
-1.007967582281008578e-01 3.681450276811877847e-03 -9.949002263818044201e-01 3.938245186075242543e+01 8.274836156485017476e-04 9.999931182188218637e-01 3.616460405298609938e-03 3.788511345846714007e-01 9.949066935153126900e-01 -4.587361514215460446e-04 -1.007991109066530555e-01 -5.321130796354042758e+01
-9.873300988877531381e-02 3.430128951479442280e-03 -9.951080478891125569e-01 3.898420892565130913e+01 7.415282904427921915e-04 9.999940351441838349e-01 3.373397671079623496e-03 3.942818888725638238e-01 9.951136834021019340e-01 -4.048350639396026181e-04 -9.873496449826446586e-02 -5.323868149911889702e+01
-9.575465337867861138e-02 3.440078808271880041e-03 -9.953990216059698248e-01 3.858091949206178128e+01 7.365114972402505168e-04 9.999939992773754227e-01 3.385108573594045045e-03 3.927808024416066246e-01 9.954046935328080270e-01 -4.089829256408020804e-04 -9.575661243915734033e-02 -5.326841710954499831e+01
-9.238725899575150891e-02 3.543226027110538655e-03 -9.957168472636047651e-01 3.816304940440959115e+01 8.127272991960124340e-04 9.999936039465028292e-01 3.483036092534278969e-03 3.900461286355799140e-01 9.957228197895181543e-01 -4.874581064680033257e-04 -9.238954775842000977e-02 -5.331358240641512225e+01
-8.778869320869375770e-02 3.458618777893700084e-03 -9.961331152516008647e-01 3.776257465277006276e+01 7.219366269856626692e-04 9.999939307907271813e-01 3.408399802964508576e-03 3.962387907133065879e-01 9.961388578668219917e-01 -4.199260166184374653e-04 -8.779065730431745429e-02 -5.335380864881031471e+01
-8.226354798356894094e-02 3.456029246095421170e-03 -9.966046179578967878e-01 3.739882531103086194e+01 6.382022421177566563e-04 9.999939648658461300e-01 3.415103187763266802e-03 3.954195976634334864e-01 9.966104060118244901e-01 -3.550967967302380481e-04 -8.226525715763455260e-02 -5.339394926066033520e+01
-7.708746926945542199e-02 3.582491940415412357e-03 -9.970178974487509116e-01 3.701719028912695819e+01 9.112538687182474006e-04 9.999933799831595138e-01 3.522727103138569970e-03 3.926998847002663440e-01 9.970239173149346712e-01 -6.369782989236352604e-04 -7.709022350875116558e-02 -5.343121149220306876e+01
-7.059149762641414583e-02 3.527407181842365583e-03 -9.974990716093092846e-01 3.666344524115704928e+01 6.627565367299101048e-04 9.999936926572396967e-01 3.489326512526322657e-03 3.935224435052070424e-01 9.975050883161615811e-01 -4.147822458643016155e-04 -7.059339019381005720e-02 -5.345754755835344696e+01
-6.295598677586022873e-02 3.704315664968287156e-03 -9.980094297022109595e-01 3.628504681806406751e+01 6.168430726736623924e-04 9.999930651198691844e-01 3.672766912383653923e-03 3.879466910578544536e-01 9.980161137144539785e-01 -3.843925380079592571e-04 -6.295783516509545485e-02 -5.348320671439097396e+01
-5.574014901433743674e-02 3.722429388358521312e-03 -9.984383703100100371e-01 3.593734388311735728e+01 7.219138813446628576e-04 9.999929390083741598e-01 3.687922686555826675e-03 3.880386759834857924e-01 9.984450483768286810e-01 -5.152211590919632961e-04 -5.574244270705963622e-02 -5.350522640357104365e+01
-4.608862314300954388e-02 3.581375873284739150e-03 -9.989309348316509629e-01 3.555969335490102878e+01 8.257913406488840823e-04 9.999933681077576297e-01 3.547084600687724215e-03 3.965441748693973589e-01 9.989370134725429340e-01 -6.614282704728033715e-04 -4.609127495741094371e-02 -5.353394479525439920e+01
-3.566052885590664800e-02 3.497552376610910986e-03 -9.993578407202747815e-01 3.519983574799397985e+01 5.953604483902629266e-04 9.999937726559221529e-01 3.478533500266376734e-03 4.014053503064236583e-01 9.993637837282547398e-01 -4.709317878910615918e-04 -3.566238908987462430e-02 -5.355944010918288711e+01
-2.426109070521698108e-02 3.772867423376779442e-03 -9.996985370346398447e-01 3.484368225532009689e+01 7.021315887434857565e-04 9.999926961875009734e-01 3.756937966559105446e-03 3.945689113031796702e-01 9.997054098528355137e-01 -6.107725092921068456e-04 -2.426356255615758073e-02 -5.357585586922101584e+01
-1.431365410765228496e-02 3.667411854232003471e-03 -9.998908287390071425e-01 3.451731789260107064e+01 6.095039865261593290e-04 9.999931198619400607e-01 3.659061857088743638e-03 3.980013652685786552e-01 9.998973686388905602e-01 -5.570629004264986486e-04 -1.431579092988144453e-02 -5.357132392823881162e+01
-1.023343487386529915e-03 3.726004781925029707e-03 -9.999925348003716463e-01 3.415758813377795633e+01 6.790122701977995695e-04 9.999928304743858076e-01 3.725311015644155489e-03 3.990404193216676720e-01 9.999992458549377128e-01 -6.751949284693045325e-04 -1.025866153465004871e-03 -5.359158018944824420e+01
1.081010472617249807e-02 3.762845131032816880e-03 -9.999344891703302318e-01 3.381762061868625580e+01 5.533942503445896978e-04 9.999927439934668261e-01 3.769046991000495062e-03 3.966222426067736451e-01 9.999414159792628931e-01 -5.941017897186965605e-04 1.080794395112161244e-02 -5.359184567723998072e+01
2.492075356577039269e-02 3.783199611066628831e-03 -9.996822712454279669e-01 3.347264076414463574e+01 5.962944456679734797e-04 9.999926050811328571e-01 3.799238868979739649e-03 3.960816630465870403e-01 9.996892519551506817e-01 -6.907848813677338468e-04 2.491831337790473277e-02 -5.358489456780119298e+01
3.917498905170746504e-02 3.740986879632667884e-03 -9.992253625934268690e-01 3.314497640839859827e+01 5.242044486555730992e-04 9.999927771813532651e-01 3.764411616751890503e-03 3.980933592882961447e-01 9.992322279843135480e-01 -6.712691641533286794e-04 3.917274505590140343e-02 -5.356336868606489787e+01
5.196393472517901735e-02 3.678271335413378813e-03 -9.986421880773216353e-01 3.281230498487688152e+01 4.802561947440048620e-04 9.999930091428063106e-01 3.708236710716718721e-03 4.055090407276015219e-01 9.986488466131951958e-01 -6.722986675380374262e-04 5.196180494013724616e-02 -5.355639866788819603e+01
6.748464321384128883e-02 3.753512295902446724e-03 -9.977132524306498995e-01 3.250474376200051552e+01 3.537188766025846191e-04 9.999927704665788619e-01 3.786013408905726518e-03 4.018227956843211657e-01 9.977202502772294368e-01 -6.084077749241032299e-04 6.748282764320512328e-02 -5.354452268054576081e+01
8.357330629734827099e-02 3.652755979996246197e-03 -9.964949371914946230e-01 3.215940270487008235e+01 2.569085354381199764e-04 9.999931695290692479e-01 3.687125331545179630e-03 4.080048383731719186e-01 9.965015988308973949e-01 -5.641533095753065424e-04 8.357179702811989852e-02 -5.351876828320079937e+01
9.792354512571499470e-02 3.693388452780371062e-03 -9.951870870302472749e-01 3.184851255675990345e+01 1.960539392846900267e-04 9.999930223836667187e-01 3.730515625541429639e-03 4.088185920371624205e-01 9.951939212399083523e-01 -5.604156639374266100e-04 9.792213774943159255e-02 -5.350375697749341697e+01
1.149942577734365257e-01 3.571213124337013073e-03 -9.933597370117015490e-01 3.153278766207855455e+01 2.384639044962237522e-04 9.999934096875603418e-01 3.622667030431134597e-03 4.180944131284048959e-01 9.933661277767138476e-01 -6.534663477818800168e-04 1.149926483199236182e-01 -5.348474298904721991e+01
1.320827073779317073e-01 3.651820851250500710e-03 -9.912319721519209370e-01 3.122124795278488207e+01 4.749169300426897035e-05 9.999931892249276366e-01 3.690426573881125036e-03 4.166484146263151889e-01 9.912386978706264618e-01 -5.345168177751395602e-04 1.320816343611660448e-01 -5.344627574643358514e+01
1.466519467623739192e-01 3.599021911757661549e-03 -9.891816079730177957e-01 3.090798374438138296e+01 1.394332185049511168e-04 9.999932960036432839e-01 3.659030766131775823e-03 4.208682938513260141e-01 9.891881454350248681e-01 -6.745287604022270553e-04 1.466504617850484804e-01 -5.341081629457504221e+01
1.633599746379698070e-01 3.614936116013016485e-03 -9.865599074172634042e-01 3.061832681014436730e+01 2.147826907228081103e-04 9.999931329362066190e-01 3.699722803940676957e-03 4.251164028062630051e-01 9.865665069090262529e-01 -8.162826148935921951e-04 1.633580764088968795e-01 -5.335021616044274140e+01
1.808751109242889843e-01 3.589639172647388077e-03 -9.834995214735675617e-01 3.029198009935362990e+01 3.868185541418853006e-05 9.999933125760317454e-01 3.656953230346648553e-03 4.248552245933461813e-01 9.835060715378631802e-01 -6.994954074734508788e-04 1.808737624818334000e-01 -5.329605143907798492e+01
1.965536353201575714e-01 3.388304298232870659e-03 -9.804872196191102285e-01 3.000185593427950437e+01 -2.389344673858458459e-06 9.999940306524813805e-01 3.455235693129585922e-03 4.369612664568662264e-01 9.804930741401093330e-01 -6.767964144566015420e-04 1.965524701190290990e-01 -5.325395052406705787e+01
2.147425570683544338e-01 3.148316521541140098e-03 -9.766656143669769641e-01 2.967816432862840159e+01 -1.212554234134551392e-04 9.999948826835296511e-01 3.196858438546158927e-03 4.477595562490902514e-01 9.766706811821816991e-01 -5.680755530755191105e-04 2.147418399131831857e-01 -5.317089617982791339e+01
2.313766228093457888e-01 3.338724553366476718e-03 -9.728585258585643603e-01 2.939550932866081467e+01 -1.950310481607089516e-05 9.999941269016339174e-01 3.427211967166178628e-03 4.431621204053697860e-01 9.728642546814899594e-01 -7.740029688136575332e-04 2.313753290271752805e-01 -5.313003039109628389e+01
2.505753098814086366e-01 3.577082000270274779e-03 -9.680905012250660135e-01 2.909486332083444893e+01 -4.247024568653076301e-06 9.999931776568707908e-01 3.693862704124127073e-03 4.340204534584232721e-01 9.680971098292767696e-01 -9.214792876018991150e-04 2.505736155626200334e-01 -5.306969684763899409e+01
2.694390023415003110e-01 3.791589253729898794e-03 -9.630099936491564039e-01 2.877838021256748391e+01 2.109778691593115763e-06 9.999922468841635492e-01 3.937787082972456915e-03 4.270576829579396660e-01 9.630174577923112933e-01 -1.063025161033738205e-03 2.694369053502900790e-01 -5.298979947374431987e+01
2.881004630255434851e-01 3.530326648612515557e-03 -9.575936821002012378e-01 2.847702604572898011e+01 -3.102533189719492487e-04 9.999934959546553648e-01 3.593298104066676695e-03 4.372426982295006259e-01 9.576001393835243958e-01 -7.381342294722598694e-04 2.880996845026279063e-01 -5.289128887103652232e+01
3.043934454791168420e-01 3.761721504713280706e-03 -9.525389649776395684e-01 2.818809570055557501e+01 -1.957871003064818715e-04 9.999924281434863227e-01 3.886556715863116827e-03 4.291301068789357132e-01 9.525463726332504821e-01 -9.965475479096655258e-04 3.043918771521695321e-01 -5.281031854203428821e+01
3.242391488720839376e-01 3.960996714546838847e-03 -9.459668518736445986e-01 2.790939555269992667e+01 -4.983796364672078965e-04 9.999918100883141703e-01 4.016388182804682058e-03 4.234269135206134571e-01 9.459750133890665325e-01 -8.308196701856695489e-04 3.242384674621922036e-01 -5.273347840550810162e+01
3.405080030146361292e-01 3.893712767206642528e-03 -9.402335554977130361e-01 2.760612669767535010e+01 -4.450028503223558279e-04 9.999919806484234286e-01 3.980026545930949108e-03 4.284205568991348301e-01 9.402415125144432118e-01 -9.368242789349822634e-04 3.405070050745251375e-01 -5.262300964371095091e+01
3.600517962588131171e-01 4.007961526696404361e-03 -9.329237054846462041e-01 2.733081521978009931e+01 -3.991977124064832044e-04 9.999913420901863637e-01 4.142026780962961875e-03 4.226835826586852196e-01 9.329322293993218551e-01 -1.118923173558573946e-03 3.600502789319057761e-01 -5.253198695604803703e+01
3.789957689708395305e-01 4.115833911472568593e-03 -9.253892516197792517e-01 2.702132491169037110e+01 -7.126879582125549180e-04 9.999911108459462739e-01 4.155755643044737810e-03 4.167389308178857665e-01 9.253981300921654274e-01 -9.155000293019014811e-04 3.789953333243301081e-01 -5.241794011550056354e+01
3.977933725894141626e-01 4.102000336669079511e-03 -9.174658611181003565e-01 2.674740901869732568e+01 -4.607558944534702501e-04 9.999907722502692220e-01 4.271196356522576759e-03 4.232272666166771447e-01 9.174749154216399472e-01 -1.276325800182739759e-03 3.977915918725615230e-01 -5.231389407697955107e+01
4.137702332301804731e-01 3.836856455062346780e-03 -9.103732600561074140e-01 2.648247643317740341e+01 -5.846732538552907015e-04 9.999920324339095501e-01 3.948825886891988227e-03 4.337636149955396148e-01 9.103811576750850953e-01 -1.101635712024818994e-03 4.137691797958491513e-01 -5.221422674622986193e+01
4.327500938784563100e-01 3.814072070185896106e-03 -9.015058563883158183e-01 2.621403561669952254e+01 -6.186802662391948943e-04 9.999920713511523118e-01 3.933760231641213710e-03 4.407717580968754656e-01 9.015137123099767891e-01 -1.144591226291557032e-03 4.327490224460470714e-01 -5.210288436809241830e+01
4.493370372419278613e-01 3.876220420774414976e-03 -8.933539062868064429e-01 2.593357885127804963e+01 -5.821700778239167085e-04 9.999916450495681675e-01 4.046098004125353413e-03 4.394072944747487441e-01 8.933621259269094450e-01 -1.297977776416874658e-03 4.493355396727986006e-01 -5.197019151998284769e+01
4.686454040722084491e-01 4.040881774689945513e-03 -8.833771315335706698e-01 2.566661844300708850e+01 -7.069586113155961696e-04 9.999909331619747377e-01 4.199262240541844736e-03 4.359783304515663094e-01 8.833860908184588689e-01 -1.343453879346973153e-03 4.686440116764064578e-01 -5.182304932833700661e+01
4.891377747132498177e-01 4.551308344719085311e-03 -8.721946588582858428e-01 2.540837469241187563e+01 -8.211254195904758857e-04 9.999883451104546461e-01 4.757667106854298125e-03 4.188109662900472152e-01 8.722061471358795171e-01 -1.610973496253555962e-03 4.891358110614872912e-01 -5.170108843549657962e+01
5.090657721504393551e-01 4.648029715005906615e-03 -8.607150721607268462e-01 2.516025410569178078e+01 -1.008755027339003742e-03 9.999879542932591514e-01 4.803507226753914519e-03 4.169754628220610493e-01 8.607270310837062954e-01 -1.577050459269109701e-03 5.090643288167784331e-01 -5.153559773189587645e+01
5.262939317890077406e-01 4.611840396760113342e-03 -8.502902023957598088e-01 2.488626693663101008e+01 -1.154526530039227039e-03 9.999882452977153502e-01 4.709175605949765531e-03 4.187809112600196504e-01 8.503019254538700666e-01 -1.496727948241856560e-03 5.262930698526157025e-01 -5.137593636001027164e+01
5.463644412845890530e-01 4.460758219101231513e-03 -8.375356702468794712e-01 2.461891962886222274e+01 -1.126123000325973331e-03 9.999888255291764505e-01 4.591368398034105860e-03 4.293179089840769569e-01 8.375467922132870946e-01 -1.565392247665181851e-03 5.463633593135103217e-01 -5.121269088041217543e+01
5.637891610413323651e-01 4.352987894585175904e-03 -8.259072789294814587e-01 2.435183687395853980e+01 -1.166348739021664822e-03 9.999893100256695977e-01 4.474311679383084425e-03 4.323030686307955395e-01 8.259179266264473629e-01 -1.559272514628609260e-03 5.637882112516148236e-01 -5.104965648520209243e+01
5.874625088122915617e-01 4.715880185400442813e-03 -8.092376419903150042e-01 2.409775637475832610e+01 -1.367733918327245076e-03 9.999873779656661688e-01 4.834585119802747334e-03 4.247378869345400099e-01 8.092502270891847038e-01 -1.733315732608581468e-03 5.874615439096197989e-01 -5.087746270771591384e+01
6.050508101233722513e-01 4.404621384693565254e-03 -7.961746771152098390e-01 2.384655494111385465e+01 -1.437291481729917287e-03 9.999891106640340643e-01 4.439903889804167232e-03 4.378468171332476899e-01 7.961855633972823032e-01 -1.542032364009165947e-03 6.050505522466208541e-01 -5.069736894525870952e+01
6.253342371508773256e-01 4.524486678048786695e-03 -7.803439119178354755e-01 2.359588182292997161e+01 -1.545913521713135038e-03 9.999884119869151267e-01 4.559171335997879576e-03 4.344394796576971918e-01 7.803554971923460926e-01 -1.644661724416075039e-03 6.253339852346893046e-01 -5.051435953294093650e+01
6.424906111546595522e-01 4.889262280903207067e-03 -7.662779585062203802e-01 2.335358618156837451e+01 -1.692691175792321529e-03 9.999862605595414289e-01 4.961198315758999673e-03 4.242788419964531044e-01 7.662916868756280975e-01 -1.890451399383833971e-03 6.424900597042813022e-01 -5.033174659940446105e+01
6.619148334777649190e-01 4.957497455859000667e-03 -7.495626567813248320e-01 2.310351816507793998e+01 -1.818006069410328662e-03 9.999858056097150616e-01 5.008336352600836067e-03 4.229621999009995914e-01 7.495768460111574827e-01 -1.952382663400641181e-03 6.619144507607470640e-01 -5.012966623647953668e+01
6.805702980026004933e-01 4.888514596171620805e-03 -7.326664806729557000e-01 2.286145316539556660e+01 -1.978622975289391975e-03 9.999863576904771678e-01 4.834199422309721876e-03 4.297209878571712216e-01 7.326801174644861359e-01 -1.840341809561395680e-03 6.805706859792381991e-01 -4.991584713547622698e+01
6.990676709845470294e-01 5.051165397626449817e-03 -7.150376753097468230e-01 2.262122732498082200e+01 -2.188085744713006743e-03 9.999854788320650112e-01 4.924876219716630213e-03 4.257358991893273048e-01 7.150521684919323162e-01 -1.878258004526500106e-03 6.990685720884994847e-01 -4.968733458188069818e+01
7.138890399226811567e-01 5.244796570302580688e-03 -7.002391954091179427e-01 2.239391371916431694e+01 -2.424295853538838055e-03 9.999844694166917236e-01 5.018337875428468750e-03 4.221984463116212893e-01 7.002546404472355102e-01 -1.884949429981560469e-03 7.138906677480518770e-01 -4.946051982273219494e+01
7.299609357810294963e-01 4.663677565741769157e-03 -6.834729565573511856e-01 2.218031073502945816e+01 -2.071785113380641714e-03 9.999872244469871774e-01 4.610710276605985147e-03 4.399914950287373006e-01 6.834857276784409574e-01 -1.949629291332740950e-03 7.299612722641514173e-01 -4.919692785063864449e+01
7.463984635062466122e-01 5.374568514380818028e-03 -6.654776087058065226e-01 2.197264638161496819e+01 -2.601353885638054038e-03 9.999833115418973462e-01 5.158448958965170666e-03 4.203167116006216730e-01 6.654942273479733661e-01 -2.119115613835031390e-03 7.463999884214490566e-01 -4.895341451630969942e+01
7.600065950899976830e-01 4.957010107604469147e-03 -6.498964559608717551e-01 2.175223278859906628e+01 -2.414665971603387022e-03 9.999855477925944092e-01 4.803498120162488262e-03 4.364483922499270974e-01 6.499108745112316399e-01 -2.081407393551541578e-03 7.600075808406835387e-01 -4.870315002914907865e+01
7.752143420544600483e-01 5.217464356374408932e-03 -6.316767384816072139e-01 2.152921952503101721e+01 -2.669033481681390430e-03 9.999840176292724703e-01 4.984049186407575084e-03 4.303273088327554396e-01 6.316926468887732460e-01 -2.177740046201306727e-03 7.752158778785086524e-01 -4.842715912635762976e+01
7.904772907552516381e-01 5.401406799648909678e-03 -6.124675318780760103e-01 2.132138711606213022e+01 -2.842986904285498516e-03 9.999826990874337573e-01 5.149655451870939482e-03 4.245942525814672130e-01 6.124847510148309082e-01 -2.329448517488519940e-03 7.904789709055548563e-01 -4.817131877455234701e+01
8.033685612669838605e-01 5.311986730501282172e-03 -5.954584263949845857e-01 2.111474179690429409e+01 -2.886154762977462609e-03 9.999832005460387307e-01 5.026801804820196611e-03 4.289790356447347186e-01 5.954751253230486929e-01 -2.319789360217729829e-03 8.033703963296281447e-01 -4.790019298571793627e+01
8.182507780956059795e-01 5.166115683600636804e-03 -5.748382167137803256e-01 2.091160383935712730e+01 -2.843497550205770653e-03 9.999837584490908204e-01 4.939368351556004330e-03 4.321494536147089116e-01 5.748543977979271302e-01 -2.407090935971223453e-03 8.182521782712275371e-01 -4.760924350110639836e+01
8.308238053375239796e-01 5.762727700588794917e-03 -5.565057011872609483e-01 2.071711064706269312e+01 -3.273309245866472435e-03 9.999796920789707499e-01 5.468169367142710485e-03 4.145067608128136238e-01 5.565259112845124534e-01 -2.721470024765922091e-03 8.308257962231597737e-01 -4.734628267861667439e+01
8.443268305664853868e-01 5.679774038796014425e-03 -5.357984167132464615e-01 2.053208806819636578e+01 -3.225994999517616500e-03 9.999795790248987570e-01 5.516746273790679687e-03 4.152842128721347947e-01 5.358188090593839492e-01 -2.929453883322763290e-03 8.443279115119486367e-01 -4.705273679112907814e+01
8.568011488520836938e-01 5.675963114672810325e-03 -5.156157239344728582e-01 2.034843103783543228e+01 -3.185864118147587257e-03 9.999786004360475822e-01 5.713925076877759274e-03 4.112427059940498286e-01 5.156371220107899278e-01 -3.253015936688065379e-03 8.568008965283272493e-01 -4.677228979352050686e+01
8.677818214380865758e-01 5.818706048437984404e-03 -4.969113130544711154e-01 2.017143283744386295e+01 -3.533334891120759602e-03 9.999784170011606355e-01 5.539050135175448315e-03 4.125945354602930104e-01 4.969328183227023077e-01 -3.050932935131437686e-03 8.677836515411438967e-01 -4.645761722752847334e+01
8.768365089655903999e-01 6.979505288325322382e-03 -4.807379983431374071e-01 2.000341184057930732e+01 -4.527622983227619358e-03 9.999701574760576639e-01 6.259775349811249820e-03 3.861529542544284155e-01 4.807673420430696454e-01 -3.312199154428123113e-03 8.768419425196329886e-01 -4.617190526219180668e+01
8.868678819235463751e-01 6.180037996724821805e-03 -4.619817822628958237e-01 1.983705831377914919e+01 -3.949827891162029092e-03 9.999754115503959317e-01 5.794407152295987136e-03 4.070774648979572086e-01 4.620062325034943185e-01 -3.314125069368660352e-03 8.868704853037741032e-01 -4.586542220615953624e+01
8.961751651603169222e-01 5.173023814353359603e-03 -4.436702752884115197e-01 1.967394868880366943e+01 -3.198683462713892717e-03 9.999813726945471215e-01 5.198335121428176650e-03 4.332560739630185731e-01 4.436889020180514454e-01 -3.239458063541809582e-03 8.961750186975033783e-01 -4.554807893298023913e+01
9.048892501326238902e-01 5.189607684619737364e-03 -4.256154519827697325e-01 1.952041134089300911e+01 -3.309360591748817821e-03 9.999812264861837052e-01 5.157015383104516029e-03 4.342832005799888151e-01 4.256342245718633954e-01 -3.258012778908712936e-03 9.048894364649424649e-01 -4.523068401642144210e+01
9.117452509288432871e-01 4.429893127069338410e-03 -4.107322405845239555e-01 1.935003383259364185e+01 -2.748880883477417512e-03 9.999852554517181247e-01 4.683218236482168326e-03 4.554885415643026847e-01 4.107469306794501174e-01 -3.140847981805324537e-03 9.117439849055031242e-01 -4.490799752666182343e+01
9.192044511436091581e-01 4.969445220353368650e-03 -3.937492623637257605e-01 1.919219299093164821e+01 -3.278105016670369853e-03 9.999822868225827222e-01 4.967903841409515922e-03 4.441803836424516039e-01 3.937669755391834947e-01 -3.275767891612274638e-03 9.192044594753903120e-01 -4.459772482252127190e+01
9.246768043633621925e-01 4.337435998604833101e-03 -3.807282418225870768e-01 1.905031017921092840e+01 -2.647742798455429616e-03 9.999841853479102260e-01 4.961704560892414052e-03 4.498299398034098506e-01 3.807437418138787666e-01 -3.579902657106764658e-03 9.246736653363347713e-01 -4.427887815090254264e+01
9.303494251076805943e-01 4.878239841312062043e-03 -3.666417188180565723e-01 1.891618069156502813e+01 -3.153147292786586016e-03 9.999809631575591329e-01 5.303865065257286175e-03 4.366286131720699681e-01 3.666606126432974677e-01 -3.778372471197051323e-03 9.303470960010090662e-01 -4.393981180474683157e+01
9.351174384988562016e-01 5.260722953257941994e-03 -3.542988865482742389e-01 1.878214238912652334e+01 -3.683359053110929482e-03 9.999800767228830267e-01 5.126306992648634910e-03 4.377737581919132204e-01 3.543187958342369770e-01 -3.488689052649659051e-03 9.351181850265078976e-01 -4.358131199918123144e+01
9.396996731608591169e-01 5.120845597107748400e-03 -3.419624265935441998e-01 1.865071264878419299e+01 -3.533143369859830137e-03 9.999798947962761364e-01 5.265633974800070123e-03 4.383566139058933664e-01 3.419825158678475030e-01 -3.739912244844182006e-03 9.396988729891604386e-01 -4.323949600615042499e+01
9.434926269635749430e-01 5.077782691288073094e-03 -3.313546121428105895e-01 1.852368323617067603e+01 -3.521348616255608275e-03 9.999797686945539610e-01 5.297386667892161997e-03 4.387137941244069195e-01 3.313748073847726516e-01 -3.831230158372395632e-03 9.434914195191064223e-01 -4.288364597439193204e+01
9.476477614883814793e-01 5.773283570768512896e-03 -3.192653901425445695e-01 1.840626420136964825e+01 -4.119082721940427183e-03 9.999743684525335130e-01 5.856244145065462280e-03 4.184775652798218282e-01 3.192910166346518142e-01 -4.234576102551001857e-03 9.476472524424065513e-01 -4.252709840747078829e+01
9.509980902434492789e-01 4.918632834551929338e-03 -3.091576287338729800e-01 1.827589953457613703e+01 -3.427521151496451014e-03 9.999797283934374059e-01 5.366088048398733566e-03 4.401161622870253809e-01 3.091777554289254493e-01 -4.043495174473557378e-03 9.509956707023989875e-01 -4.217251088545783944e+01
9.548972246547993148e-01 5.163127709034275731e-03 -2.968916173603119990e-01 1.818019002112597349e+01 -3.764644103630726546e-03 9.999789639332841151e-01 5.281964188507673116e-03 4.425213000390953444e-01 2.969126433841016155e-01 -3.926041667619128289e-03 9.548965747113608016e-01 -4.179615872297900125e+01
9.576546356314944441e-01 5.218782539148295388e-03 -2.878721298811654505e-01 1.805868447470733429e+01 -3.805087202042353733e-03 9.999777990713205611e-01 5.470162325062384763e-03 4.392736779664757063e-01 2.878942864401695112e-01 -4.143147751017249060e-03 9.576532327318791893e-01 -4.141818974000871378e+01
9.607049151027547973e-01 5.801079862843405016e-03 -2.775111053090194013e-01 1.794506936998454449e+01 -4.379170669298965146e-03 9.999739181739554228e-01 5.743329702944372991e-03 4.295581873278502827e-01 2.775371848269307384e-01 -4.302376581900309305e-03 9.607052620830645040e-01 -4.101476858461056452e+01
9.629935146658697986e-01 6.081621388543707353e-03 -2.694559418397774464e-01 1.785365046949164736e+01 -4.605968930726023376e-03 9.999707362629346452e-01 6.108327755902678326e-03 4.160566422181387614e-01 2.694852050886732964e-01 -4.641174318074272297e-03 9.629933456360251220e-01 -4.062355902198398638e+01
9.655884481530512264e-01 5.859637495259280640e-03 -2.600088718521088582e-01 1.775108677814040448e+01 -4.416314811650202954e-03 9.999714291961282475e-01 6.134896489517814230e-03 4.182617739001723844e-01 2.600373914591257440e-01 -4.775504148972179938e-03 9.655867385187394403e-01 -4.023410914666300897e+01
9.681792404025382215e-01 6.064364010468551412e-03 -2.501842959554267942e-01 1.764133505407485103e+01 -4.627318158336258223e-03 9.999692479684560986e-01 6.331748894417267570e-03 4.134219155267742085e-01 2.502150003101843989e-01 -4.972585499411402710e-03 9.681775286657016144e-01 -3.983500140912344278e+01
9.702989917956833521e-01 5.910605900202110970e-03 -2.418365796528160472e-01 1.753820887932862504e+01 -4.586411336380422955e-03 9.999712523709767265e-01 6.038150600469622750e-03 4.240672011752115167e-01 2.418653165531053639e-01 -4.749649409475031892e-03 9.702982064701310971e-01 -3.942631780680062548e+01
9.726409075608148935e-01 5.827058639879777180e-03 -2.322406302240884457e-01 1.744357716538034708e+01 -4.595178450685596591e-03 9.999723599603308477e-01 5.844967953106610520e-03 4.346899384643547748e-01 2.322682700548672485e-01 -4.617867795194118344e-03 9.726408001018389538e-01 -3.900597268506981408e+01
9.748267601352659240e-01 5.868106875772232181e-03 -2.228864128785675580e-01 1.734301699086308801e+01 -4.678445304354489354e-03 9.999718555338776849e-01 5.865176013377504556e-03 4.338537668902872624e-01 2.229145573391629054e-01 -4.674768639007716685e-03 9.748267777735984962e-01 -3.859669322164443628e+01
9.769414342288154085e-01 5.495858871147055701e-03 -2.134367110461869721e-01 1.724227444366003326e+01 -4.423812497442203805e-03 9.999750892619917453e-01 5.500067132228300334e-03 4.506379012886483348e-01 2.134616217729373433e-01 -4.429039482774801972e-03 9.769414105458563702e-01 -3.816276568291248594e+01
9.787223127638533526e-01 5.733454280654291281e-03 -2.051091465541839132e-01 1.715504773543902672e+01 -4.653395007910266466e-03 9.999726542720631661e-01 5.747749384332081699e-03 4.413344773933454146e-01 2.051364921535766273e-01 -4.670996691968534731e-03 9.787222289172905487e-01 -3.772727521983348709e+01
9.803679380010993372e-01 5.840893757675133351e-03 -1.970903095019748974e-01 1.705943942139238700e+01 -4.766648599287228415e-03 9.999710894459821198e-01 5.924469034992767280e-03 4.344191132291280733e-01 1.971192157061396888e-01 -4.868699243866547385e-03 9.803674365089188880e-01 -3.727588509983718978e+01
9.816932928870578667e-01 5.905077450631250092e-03 -1.903770174177211172e-01 1.698537490944097073e+01 -4.852464425140714209e-03 9.999702576049502856e-01 5.994788944755194242e-03 4.330215297439102273e-01 1.904067548422796463e-01 -4.961246394955771098e-03 9.816927491555800245e-01 -3.684740201202873067e+01
9.827596847418913484e-01 5.790764629936133966e-03 -1.847968319290650419e-01 1.689817353054132454e+01 -4.783526078863752952e-03 9.999711777849737970e-01 5.895886496973452330e-03 4.397393186328537595e-01 1.848256473660278010e-01 -4.910259090215520102e-03 9.827590597045624543e-01 -3.641451031520675485e+01
9.839245241439327216e-01 5.932711108928744731e-03 -1.784862283960128582e-01 1.680659320682225655e+01 -4.939440983145026998e-03 9.999697474475389702e-01 6.008836200051808490e-03 4.362376665855970947e-01 1.785164774213005012e-01 -5.030619107328562767e-03 9.839240621920409824e-01 -3.596901077611725128e+01
9.848092662720999702e-01 5.600413459151566860e-03 -1.735492565057384362e-01 1.672247839471810593e+01 -4.686153939093474184e-03 9.999729036578129948e-01 5.677315511880363236e-03 4.528875336501690385e-01 1.735763492699024524e-01 -4.777794391649003297e-03 9.848088259428242619e-01 -3.553133688054634121e+01
9.856637885487842254e-01 5.381132736938293651e-03 -1.686355222191485703e-01 1.665170337393829314e+01 -4.520692189671542127e-03 9.999747339138926883e-01 5.485879689324494983e-03 4.628383127030666899e-01 1.686607817063105474e-01 -4.644883669905122518e-03 9.856632111273654351e-01 -3.507244921364548418e+01
9.863666354308001649e-01 5.237247176367068081e-03 -1.644792745331050687e-01 1.657178528056943279e+01 -4.409283241538775912e-03 9.999757066286653062e-01 5.398552935494052921e-03 4.695286527934971477e-01 1.645035523331298544e-01 -4.599716786399062410e-03 9.863657657660600542e-01 -3.462844287880133010e+01
9.868167197279459346e-01 5.356692993159924664e-03 -1.617531066333924572e-01 1.650583778772810817e+01 -4.545743649768826077e-03 9.999751785488425471e-01 5.383168293953858458e-03 4.720610078445453550e-01 1.617779276664378096e-01 -4.576912320273907042e-03 9.868165756580933312e-01 -3.416967144848729276e+01
9.871662115043829955e-01 5.325158617259322623e-03 -1.596073731059589329e-01 1.643109122650883336e+01 -4.516190503671209562e-03 9.999750549270093325e-01 5.430796171755221911e-03 4.728613336929047839e-01 1.596323115394195635e-01 -4.640281179587069614e-03 9.871656360019609444e-01 -3.372401488338163489e+01
9.874181679186131433e-01 5.616524838718686859e-03 -1.580310612284354099e-01 1.636883175225327136e+01 -4.776361124975898355e-03 9.999723720756739098e-01 5.695740492136359794e-03 4.616612150466458120e-01 1.580586854261836205e-01 -4.869264224294960093e-03 9.874177141550888326e-01 -3.325869356496944818e+01
9.876049032268841010e-01 5.925408675677666659e-03 -1.568484767354889065e-01 1.630547522423302809e+01 -5.055916231625687957e-03 9.999695652018284475e-01 5.941917293684156540e-03 4.529582744330228894e-01 1.568789113720380768e-01 -5.075253894378368297e-03 9.876048040408834661e-01 -3.279260555293704726e+01
9.877594839720881259e-01 5.822624169854633165e-03 -1.558759085650208986e-01 1.622676935486910921e+01 -4.965613070507070466e-03 9.999703433269009345e-01 5.886862790481567007e-03 4.582534351916845994e-01 1.559055627937250554e-01 -5.040785103192927177e-03 9.877591032106539659e-01 -3.232841440152540002e+01
9.877843877731470323e-01 5.754547422819632219e-03 -1.557205460290570220e-01 1.615887383328986360e+01 -4.899686369830668145e-03 9.999707500959438278e-01 5.872991233830873216e-03 4.624734745713458550e-01 1.557497876245949875e-01 -5.038267213425528905e-03 9.877836906521486604e-01 -3.184718842883668088e+01
9.877581632178267235e-01 5.929656079088341941e-03 -1.558802430564207864e-01 1.609052506670823846e+01 -5.045155664634367459e-03 9.999688547593698074e-01 6.069259885187726529e-03 4.565096135733127669e-01 1.559113767525150962e-01 -5.208520905023983176e-03 9.877573152901056863e-01 -3.136443055158805038e+01
9.876124368823552269e-01 6.047036182749717693e-03 -1.567963898458776262e-01 1.601382164413747589e+01 -5.157718637954294798e-03 9.999682270921775862e-01 6.078054341555095240e-03 4.591793818739244304e-01 1.568281621831602579e-01 -5.194050397494576719e-03 9.876122464746580620e-01 -3.087129142568278439e+01
9.874259157351271687e-01 5.757733789573086722e-03 -1.579775599135964104e-01 1.592485846818437700e+01 -4.897147965983670789e-03 9.999709776671823480e-01 5.836245808640168169e-03 4.744048309299206956e-01 1.580065785859715577e-01 -4.989220875849883878e-03 9.874254548058841729e-01 -3.037417336206840446e+01
9.871924778834161307e-01 5.678399656922020027e-03 -1.594326421650762160e-01 1.584954180639673460e+01 -4.823442116681579163e-03 9.999718414602172256e-01 5.748973196067604964e-03 4.820594144001613124e-01 1.594607977421033385e-01 -4.906328973718469301e-03 9.871920694168150323e-01 -2.987836569310387347e+01
9.870588718403640049e-01 5.678684359968906928e-03 -1.602577176461951469e-01 1.577501382361091764e+01 -4.814507992338836959e-03 9.999717045292021433e-01 5.780194958111790210e-03 4.843140557386751421e-01 1.602860069813315802e-01 -4.933830651929597272e-03 9.870582826161171663e-01 -2.937757118129576028e+01
9.870324154107263936e-01 5.678062892303161260e-03 -1.604206050676103834e-01 1.570257030810020282e+01 -4.820976532641865764e-03 9.999719539092004617e-01 5.731455337649944345e-03 4.889621451445781974e-01 1.604486494606261748e-01 -4.883748233356166243e-03 9.870321068179364055e-01 -2.887857740739178070e+01
9.870336825380089385e-01 5.811702540699759459e-03 -1.604080223961241725e-01 1.561080385164580520e+01 -4.922168908173995411e-03 9.999702305732108831e-01 5.942240368648897542e-03 4.818748437301350607e-01 1.604377816746929697e-01 -5.075636013133657046e-03 9.870329052926076763e-01 -2.838042335723865861e+01
9.870241515965357815e-01 5.579280417627906913e-03 -1.604749070576460823e-01 1.551369397068033784e+01 -4.733003477472170692e-03 9.999728075410976302e-01 5.655338757061967141e-03 4.994767853947018610e-01 1.605020960711134037e-01 -4.822427645529234023e-03 9.870237187364763187e-01 -2.787898057446846067e+01
9.868154641355993961e-01 5.695273077947636022e-03 -1.617491997118042646e-01 1.544544710515954478e+01 -4.820576448568958915e-03 9.999715625398357677e-01 5.799668468357683376e-03 4.945084953183201404e-01 1.617776306710697332e-01 -4.943478148729387595e-03 9.868148561094163274e-01 -2.737468313542528264e+01
9.866704742930525462e-01 5.804616715100483458e-03 -1.626274318284385845e-01 1.537146875489969489e+01 -4.924480879935528264e-03 9.999709697200314107e-01 5.814568362591086489e-03 4.974408484506475658e-01 1.626564620492706448e-01 -4.936207245534960167e-03 9.866704156969758888e-01 -2.686132798234847385e+01
9.866363207001465074e-01 5.879571542502069412e-03 -1.628318191071827237e-01 1.528069662317729538e+01 -4.977286165179905381e-03 9.999699198641799347e-01 5.948612380661759749e-03 4.934036492158765386e-01 1.628618963960188626e-01 -5.058656472034199839e-03 9.866359068557105649e-01 -2.635116632550485249e+01
9.865476830395271124e-01 5.868516340196017027e-03 -1.633683861868800435e-01 1.520548514015433028e+01 -4.977654218531365506e-03 9.999704300908364152e-01 5.861902628709289055e-03 5.012962523661200764e-01 1.633979560699014844e-01 -4.969855119878677750e-03 9.865477223592713507e-01 -2.583541974110819694e+01
9.865212143933811406e-01 5.751917818917750072e-03 -1.635322873111390296e-01 1.511426604344416624e+01 -4.888165260284457053e-03 9.999718999897451166e-01 5.683755034064035851e-03 5.124327072274095229e-01 1.635603845440473936e-01 -4.807772072750180099e-03 9.865216094620025133e-01 -2.533252948028000873e+01
9.864403256821095978e-01 5.878457184445341072e-03 -1.640150225110618976e-01 1.503370237475747828e+01 -4.965401045757296752e-03 9.999698136800759807e-01 5.976330068612378116e-03 5.013991614958672738e-01 1.640452031015484924e-01 -5.080892614969445206e-03 9.864397375763036546e-01 -2.481177638899557891e+01
9.863762412301345650e-01 5.800253276697257994e-03 -1.644027609215783503e-01 1.493928008520276407e+01 -4.911579727876176117e-03 9.999710512485459057e-01 5.811458461928716013e-03 5.121357190084961930e-01 1.644317095979002663e-01 -4.924807285993008585e-03 9.863761752758972712e-01 -2.428370965131968973e+01
9.863091254825454568e-01 5.781080834059681636e-03 -1.648056069866750406e-01 1.484952345332758661e+01 -4.879224428834974189e-03 9.999708292309986701e-01 5.876551373201165107e-03 5.120951325098399565e-01 1.648347722988975084e-01 -4.991972702136932699e-03 9.863085612777128253e-01 -2.372830476259623467e+01
9.862982505631281427e-01 5.638272686191650104e-03 -1.648756222648728731e-01 1.476158647037525995e+01 -4.751254515641501613e-03 9.999720439400114902e-01 5.773813208210379529e-03 5.208994141135440126e-01 1.649035673253932133e-01 -4.911335821530999658e-03 9.862974664186295870e-01 -2.318803473414869387e+01
9.862760087005357779e-01 5.658936944179657029e-03 -1.650079122175733826e-01 1.467890063911441167e+01 -4.783885702060008092e-03 9.999723117158841879e-01 5.700020980680455332e-03 5.285515751456002498e-01 1.650355994909287194e-01 -4.832414950350411367e-03 9.862757721177264347e-01 -2.264585942336405466e+01
9.862941531353665026e-01 5.718220983378138021e-03 -1.648973785109257295e-01 1.459283078243393916e+01 -4.829138237702490684e-03 9.999715649042997256e-01 5.792133175880428801e-03 5.254888674675644022e-01 1.649258103356519012e-01 -4.916434849688236346e-03 9.862937218463359024e-01 -2.211116433999186270e+01
9.862766229403502338e-01 5.724259224647377728e-03 -1.650019875568392025e-01 1.450945632882240943e+01 -4.818770820561797327e-03 9.999710578578019371e-01 5.887520235846176175e-03 5.245604438450582885e-01 1.650309137378727087e-01 -5.011616812729742867e-03 9.862756618754034976e-01 -2.157411251720146694e+01
9.862802194134850930e-01 5.754036157564929553e-03 -1.649794528466655974e-01 1.441847506275123614e+01 -4.848016624328988812e-03 9.999708791542143427e-01 5.893859377177423399e-03 5.279141533838587197e-01 1.650085619854253505e-01 -5.013173789641440885e-03 9.862793937622629237e-01 -2.103917469470370705e+01
9.862925889907435684e-01 5.660989058559037779e-03 -1.649087083959336342e-01 1.432492353176238353e+01 -4.782184076550651322e-03 9.999721738090016077e-01 5.725584962061882992e-03 5.391859970658822165e-01 1.649365320885405883e-01 -4.858478216342914345e-03 9.862922161165154078e-01 -2.050125161216956471e+01
9.863664470342780044e-01 5.694485879247332058e-03 -1.644652090733656480e-01 1.422886200931809420e+01 -4.805993426144563804e-03 9.999716323816747465e-01 5.799729227860829159e-03 5.388570535518326654e-01 1.644935700632784159e-01 -4.930239598609855584e-03 9.863658338290807182e-01 -1.995721913233467859e+01
9.865059133160284377e-01 5.772983320372519073e-03 -1.636238236201909280e-01 1.414124255249967455e+01 -4.871144053592849771e-03 9.999706575988240864e-01 5.912351223022152547e-03 5.353341774238378203e-01 1.636531544093110246e-01 -5.035534227658988379e-03 9.865050878971300952e-01 -1.942261478585351853e+01
9.866319812761841224e-01 5.874183660913898097e-03 -1.628583049443573516e-01 1.405848349924384522e+01 -4.973601363900237438e-03 9.999700070809313113e-01 5.937021815290846778e-03 5.360839727593132986e-01 1.628882955049393566e-01 -5.047663308906598194e-03 9.866316051508868812e-01 -1.888469876368311873e+01
9.868066380216237166e-01 5.936034622852227882e-03 -1.617943838624085751e-01 1.396043224765483259e+01 -5.002653961959906831e-03 9.999684165381390599e-01 6.175708829248512978e-03 5.275106757244185651e-01 1.618259330570876453e-01 -5.284829151739041907e-03 9.868051671789319634e-01 -1.835680073852528338e+01
9.868276687549135673e-01 5.726026073807817009e-03 -1.616736367041473887e-01 1.387549402860724790e+01 -4.846480369879374757e-03 9.999712370285850360e-01 5.834101777119381389e-03 5.479646606781419793e-01 1.617023927088493684e-01 -4.973704949379958128e-03 9.868270357318498220e-01 -1.782064103639153529e+01
9.868687353268001949e-01 5.781104487734665606e-03 -1.614208105090041978e-01 1.380030673948436615e+01 -4.905078135871690850e-03 9.999710046461774970e-01 5.824952823448225833e-03 5.519387348693260975e-01 1.614498047163976380e-01 -4.956682137912222022e-03 9.868684774878671018e-01 -1.727707145349339157e+01
9.869932350102973428e-01 5.764125900680523371e-03 -1.606584230487433373e-01 1.369086091533597127e+01 -4.894464785526053338e-03 9.999711533838872013e-01 5.808322869943659088e-03 5.550105205975133238e-01 1.606872685011825341e-01 -4.946438385279764739e-03 9.869929759065814157e-01 -1.674254715264475735e+01
9.871093189485899977e-01 5.615096958381832204e-03 -1.599489391368342228e-01 1.360023871227979164e+01 -4.744804657379829427e-03 9.999717924462272478e-01 5.822468603842534916e-03 5.555626738907516460e-01 1.599771210942803612e-01 -4.988486546779138768e-03 9.871081175475959757e-01 -1.619881592261820913e+01
9.871694225287248603e-01 5.704938243087915792e-03 -1.595743867415644890e-01 1.350932548503273622e+01 -4.831870371853489235e-03 9.999711638940669278e-01 5.858703700877950990e-03 5.580248731361243664e-01 1.596032087804422628e-01 -5.012490397759333804e-03 9.871685219287530400e-01 -1.564607261470338528e+01
9.870783055924952087e-01 5.780598729124508672e-03 -1.601343289459866703e-01 1.343433600208929946e+01 -4.904270795620302784e-03 9.999707619749843568e-01 5.867139263084050586e-03 5.614743807546965781e-01 1.601635625122388440e-01 -5.005983769654148881e-03 9.870777949938323026e-01 -1.510429909982814500e+01
9.870083532845294050e-01 5.789413278812167996e-03 -1.605646076831651059e-01 1.335102485806952366e+01 -4.923876711856855354e-03 9.999711271644901034e-01 5.787942251400844500e-03 5.695795848221321123e-01 1.605934805173860336e-01 -4.922147017941531054e-03 9.870083619119169871e-01 -1.457411507664543038e+01
9.870876082585763323e-01 5.738939187674221842e-03 -1.600784751281807972e-01 1.325601951971831483e+01 -4.864651458825830846e-03 9.999710384875121205e-01 5.852978078789468006e-03 5.686202550611173523e-01 1.601074288986852889e-01 -4.998676145423253808e-03 9.870869386473745122e-01 -1.403250071975550384e+01
9.872417137009155130e-01 5.670383432548888394e-03 -1.591277646440354132e-01 1.316313193560036332e+01 -4.815886133277194961e-03 9.999718432184148131e-01 5.754998793859739982e-03 5.765192110147384641e-01 1.591559171681372342e-01 -4.915233676428184921e-03 9.872412240725542132e-01 -1.350240746231112965e+01
9.873610030965260798e-01 5.779649366573310319e-03 -1.583819598862866718e-01 1.308417347452579982e+01 -4.914705179481363047e-03 9.999707979386199819e-01 5.852259648932377732e-03 5.749758518813182784e-01 1.584111588153455652e-01 -4.999892318761653930e-03 9.873605753925868145e-01 -1.296683384456152233e+01
9.873609978660398134e-01 5.715887743058949665e-03 -1.583843064204498996e-01 1.299991120043549486e+01 -4.822298799477536292e-03 9.999702180689644671e-01 6.025645973348845580e-03 5.680536318692215314e-01 1.584140313459220517e-01 -5.185711370325783026e-03 9.873591560674954692e-01 -1.244724444625376236e+01
9.873905299569478711e-01 5.704276813235572077e-03 -1.582005138341074091e-01 1.291398751025697145e+01 -4.807682285520769108e-03 9.999701439452609586e-01 6.049579252779079160e-03 5.698669363398095600e-01 1.582302990655680974e-01 -5.212719456497570854e-03 9.873884747218233393e-01 -1.192313113789570345e+01
9.873813606105983354e-01 5.701234994884402628e-03 -1.582578422647568372e-01 1.283489418953099204e+01 -4.809217511675235347e-03 9.999703218490311185e-01 6.018874319212363586e-03 5.744153166056588100e-01 1.582874604815206199e-01 -5.181827928268486344e-03 9.873794754366899129e-01 -1.140189482525738995e+01
9.873670594495620456e-01 5.644271063424412607e-03 -1.583490830983485531e-01 1.275924487275745989e+01 -4.758948775033666409e-03 9.999708578435109185e-01 5.969578734665798372e-03 5.810317199123021803e-01 1.583781623851019393e-01 -5.140590226361015438e-03 9.873651462410666380e-01 -1.090826947792075963e+01
9.875129747434796545e-01 5.848582549384253107e-03 -1.574290913250999124e-01 1.268233949429891894e+01 -4.937748458916008110e-03 9.999687362855561590e-01 6.176171275501272234e-03 5.732315785752916115e-01 1.574602913544874694e-01 -5.321704015716433381e-03 9.875109802492978428e-01 -1.039179342682639096e+01
9.877984290093478892e-01 5.893063497507827070e-03 -1.556262685065685492e-01 1.260622681823995173e+01 -5.000344106134549382e-03 9.999687267415404701e-01 6.127160657481455115e-03 5.783429142153549973e-01 1.556575093128644005e-01 -5.274214777261531338e-03 9.877970046790984782e-01 -9.890723543053223210e+00
9.881312153064248927e-01 6.004943562013126575e-03 -1.534947620926029876e-01 1.253095047192893752e+01 -5.163440470429090691e-03 9.999693797121915750e-01 5.880350374177396866e-03 5.938876743361301003e-01 1.535253732109324032e-01 -5.017996695075670893e-03 9.881319646128304823e-01 -9.374419028228700768e+00
9.883643156603704183e-01 6.041111955191660193e-03 -1.519851456411203394e-01 1.245652332037325927e+01 -5.186751954084529992e-03 9.999684451239863048e-01 6.017172133476290236e-03 5.899159880003659318e-01 1.520167001792056827e-01 -5.158848966768041222e-03 9.883644616961718699e-01 -8.878426868951539319e+00
9.884962143778890376e-01 6.111519351876435260e-03 -1.511220814169592086e-01 1.237972020644546767e+01 -5.239818589127762452e-03 9.999672634814641414e-01 6.165733252835146547e-03 5.867232886925919377e-01 1.511548162042329335e-01 -5.302951687855148033e-03 9.884958777059522639e-01 -8.376213189181378027e+00
9.887258290203790878e-01 5.969934910030712770e-03 -1.496181636872142007e-01 1.230476059608228745e+01 -5.120966914531353657e-03 9.999685324904979966e-01 6.058855226871945852e-03 5.936796999573553668e-01 1.496496265475604215e-01 -5.224356991048261130e-03 9.887252881201157306e-01 -7.880074698536588151e+00
9.888643499889996358e-01 5.954315604304881264e-03 -1.487005159591502645e-01 1.222490794132598779e+01 -5.124232523665557364e-03 9.999690815517574549e-01 5.964744887924096350e-03 6.011060579383147306e-01 1.487314343435058028e-01 -5.136347556283542976e-03 9.888642871354513808e-01 -7.371716512820036371e+00
9.891408505086112246e-01 6.008106997493587766e-03 -1.468478140981603064e-01 1.215335263840087876e+01 -5.173847376520040488e-03 9.999682387099952940e-01 6.062414911106490945e-03 5.987963395256665766e-01 1.468795736595992774e-01 -5.236814063588491469e-03 9.891405191478295222e-01 -6.874138094683678979e+00
9.894160850746834823e-01 6.011773331813941544e-03 -1.449816166860251887e-01 1.208008375470213025e+01 -5.210735529980616877e-03 9.999689938106420817e-01 5.904206345363304312e-03 6.097282084514019651e-01 1.450126161088174104e-01 -5.086255866442563126e-03 9.894167328130941685e-01 -6.375502836561095066e+00
9.897180182294464945e-01 5.972489804843863527e-03 -1.429075706794711575e-01 1.199618699674642919e+01 -5.190557344736315172e-03 9.999694537559599139e-01 5.843771851997481455e-03 6.156243344572162046e-01 1.429381072577498857e-01 -5.041916355735216911e-03 9.897187866121536226e-01 -5.877592679080959392e+00
9.899592406388030286e-01 6.145788287623630761e-03 -1.412194432794867949e-01 1.192528744915146710e+01 -5.346583038402373533e-03 9.999674775120370729e-01 6.038043393935155212e-03 6.094949005000653841e-01 1.412519590082132181e-01 -5.222375373073457130e-03 9.899599036687317666e-01 -5.370578791844361710e+00
9.902028886735073643e-01 6.061245451849635660e-03 -1.395044822441702526e-01 1.186517790231647140e+01 -5.266892741631869213e-03 9.999677519407118576e-01 6.062583565374171819e-03 6.099576334302166947e-01 1.395367303024179495e-01 -5.268432614301103885e-03 9.902028804817216701e-01 -4.883793704702051208e+00
9.904463912718195484e-01 6.115060706427179194e-03 -1.377626656579586384e-01 1.180307122040758294e+01 -5.354091581792678328e-03 9.999682987413517354e-01 5.893658936569674649e-03 6.205177126737437820e-01 1.377943384902426405e-01 -5.099759296627748122e-03 9.904477334696429880e-01 -4.381250940337255706e+00
9.907106374661456272e-01 6.066902832952800369e-03 -1.358514832507867753e-01 1.174197329724694328e+01 -5.308831032306198482e-03 9.999682554860958028e-01 5.941744959568995982e-03 6.198892563961231339e-01 1.358832187008157111e-01 -5.165337366489254622e-03 9.907113960005692332e-01 -3.891372646726567019e+00
9.911029007303321370e-01 6.141060054525771320e-03 -1.329561113500549174e-01 1.166838208590240100e+01 -5.391999575248336563e-03 9.999675033513434341e-01 5.993211314608191086e-03 6.201846655775640205e-01 1.329885953926200903e-01 -5.222989822671857650e-03 9.911038058007900498e-01 -3.398710196885690760e+00
9.913898438139380209e-01 6.167277313342625807e-03 -1.307980973604585817e-01 1.160830455432905772e+01 -5.433399575115206541e-03 9.999674365991216840e-01 5.966901242578028994e-03 6.237977541086127120e-01 1.308306376642444369e-01 -5.204846964308430801e-03 9.913910700709610557e-01 -2.922899392007725972e+00
9.916962344575248611e-01 6.075348240513314506e-03 -1.284588210537615238e-01 1.153820585501603624e+01 -5.347364291951013128e-03 9.999676351118819140e-01 6.011191552377801416e-03 6.246628373970927184e-01 1.284911835804114777e-01 -5.274359914406939222e-03 9.916966254200920705e-01 -2.423673829684345638e+00
9.919729811215141080e-01 6.050208785800630790e-03 -1.263051847650935866e-01 1.147865523857887204e+01 -5.331754179504063704e-03 9.999676321124073564e-01 6.025539384534678300e-03 6.255922018926857175e-01 1.263375523043942239e-01 -5.303744069377638176e-03 9.919731312775467158e-01 -1.939631327839334674e+00
9.922892534622075322e-01 6.043077566693274769e-03 -1.237962789300948441e-01 1.141897379822550995e+01 -5.346558443532144558e-03 9.999679590497140280e-01 5.957783712039448586e-03 6.315875614779793423e-01 1.238283157287734804e-01 -5.249960711517364688e-03 9.922897692389570645e-01 -1.441632569796645669e+00
9.925914731499515531e-01 6.069935297171520291e-03 -1.213479431861009955e-01 1.136928598598089124e+01 -5.393563184529286472e-03 9.999680402989109540e-01 5.901513105139715235e-03 6.373410162363331022e-01 1.213798867448126068e-01 -5.203293787957469566e-03 9.925924888027174431e-01 -9.759296498571102818e-01
9.928263651268245393e-01 6.016274944493203540e-03 -1.194136221075702692e-01 1.131106237473021281e+01 -5.339318242937539892e-03 9.999678164167058458e-01 5.988139235674806889e-03 6.335295595396726043e-01 1.194458052413644583e-01 -5.307595180254140628e-03 9.928265352233714980e-01 -5.002487250619511716e-01
9.929705543588923655e-01 6.001243217294132196e-03 -1.182094042622702096e-01 1.126479246145613367e+01 -5.324980179832537741e-03 9.999676057164356147e-01 6.035901243678943109e-03 6.345567905168936207e-01 1.182417978647074402e-01 -5.364009469225007251e-03 9.929703442903698996e-01 -2.571007699113797562e-02
9.932676619160362153e-01 6.038243616034821674e-03 -1.156844475540429601e-01 1.121321259994356545e+01 -5.374285354579756528e-03 9.999672540681556754e-01 6.050441993777064265e-03 6.358027809519254392e-01 1.157171934017510312e-01 -5.387987140475202982e-03 9.932675876851090324e-01 4.363470249213491359e-01
9.937144427844735173e-01 5.982978061200744900e-03 -1.117846598378445383e-01 1.115289433205087022e+01 -5.339042622294102973e-03 9.999673912595395953e-01 6.058963728913451842e-03 6.366869770808445406e-01 1.118172653279481260e-01 -5.424056702335666204e-03 9.937139823829939100e-01 8.990125630920304811e-01
9.941240183821018483e-01 5.987428208722218696e-03 -1.080813896064800050e-01 1.110623047244789774e+01 -5.382016497770514794e-03 9.999681569673583015e-01 5.892278822530567020e-03 6.480859364703830394e-01 1.081132275636984830e-01 -5.275960078517809987e-03 9.941245868959331933e-01 1.364020671642820925e+00
9.946871303929251118e-01 5.958447545858531515e-03 -1.027716377875302067e-01 1.105202335704527883e+01 -5.373708433383957671e-03 9.999677667793774871e-01 5.965623180986793887e-03 6.445541959194925896e-01 1.028038709794579231e-01 -5.381663786209735408e-03 9.946870873830278015e-01 1.820056786149916395e+00
9.952600401473453706e-01 5.954134122306417413e-03 -9.706699115949839196e-02 1.100460716183360788e+01 -5.403608592715411323e-03 9.999677967968089165e-01 5.933496735698613918e-03 6.484405431243905893e-01 9.709919412683755413e-02 -5.380860171887048328e-03 9.952601633963500394e-01 2.292988292432108999e+00
9.957603306512203822e-01 6.009335577225437784e-03 -9.178917031596166287e-02 1.095438658961128198e+01 -5.495764612283242541e-03 9.999678049266749191e-01 5.846852268846916556e-03 6.552414914930716483e-01 9.182135085424684984e-02 -5.317611874482541801e-03 9.957612979681694787e-01 2.744834759428723903e+00
9.963019233877751235e-01 6.045083075752197624e-03 -8.570842679939473518e-02 1.092252395716682756e+01 -5.566551455978353477e-03 9.999675633692053367e-01 5.821143731454143759e-03 6.565955131487821728e-01 8.574083600425118357e-02 -5.322516327974668483e-03 9.963032569761229862e-01 3.189642429643898325e+00
9.968546981961203812e-01 6.028609823298685180e-03 -7.902130439267740503e-02 1.088805013018376933e+01 -5.581293386627625072e-03 9.999671347668370736e-01 5.880352909026002189e-03 6.548397711467520699e-01 7.905415769239551582e-02 -5.420816340804254785e-03 9.968555837741719383e-01 3.635969493614211512e+00
9.973387871036395458e-01 6.052980806051805503e-03 -7.265469814129450754e-02 1.085477576377451570e+01 -5.650090565441361241e-03 9.999675092181168345e-01 5.749520390234272998e-03 6.622564789655239759e-01 7.268713926991050844e-02 -5.323714067920776866e-03 9.973405826763892534e-01 4.085745647930707491e+00
9.978639131637935256e-01 6.020877939262600856e-03 -6.504890340568178497e-02 1.081519695709210716e+01 -5.664008529124762992e-03 9.999678891047355522e-01 5.669194546082755200e-03 6.671519242690461260e-01 6.508094815553336354e-02 -5.288647110540978767e-03 9.978659731641904562e-01 4.523010148496994454e+00
9.983260953217544253e-01 6.140211417163301752e-03 -5.750917494949619319e-02 1.079248026228966495e+01 -5.829724234607092104e-03 9.999675212822590753e-01 5.565132160441749708e-03 6.741893734815809225e-01 5.754147821326505846e-02 -5.220554028767994577e-03 9.983294667095953256e-01 4.970549853393134931e+00
9.986774983312455278e-01 6.015758589660627140e-03 -5.105942592152813014e-02 1.076581545244842353e+01 -5.737030509531580724e-03 9.999678419798013751e-01 5.603702989240312397e-03 6.727392053698277863e-01 5.109149447586944920e-02 -5.303362598374863381e-03 9.986798954306491671e-01 5.409933494548543997e+00
9.990480464682194306e-01 6.002180480334042695e-03 -4.320850237529481191e-02 1.074372315576108683e+01 -5.765275606761408739e-03 9.999676702601165701e-01 5.605357413475110101e-03 6.724947384814765616e-01 4.324074982250471905e-02 -5.350912448939480412e-03 9.990503517294567759e-01 5.851400556009555665e+00
9.993886278334046525e-01 6.022526278877999954e-03 -3.443979869983079811e-02 1.072236017395454688e+01 -5.838363391426759121e-03 9.999681297605845787e-01 5.445454620899299603e-03 6.807740863809501608e-01 3.447149648875562356e-02 -5.241053361572423769e-03 9.993919387755170192e-01 6.284780544766690014e+00
9.996290594195456070e-01 6.094413239464455991e-03 -2.654433444750753032e-02 1.071298337835360037e+01 -5.952991881497722397e-03 9.999676814563279725e-01 5.403510943320292796e-03 6.832947762648517998e-01 2.657640780190800509e-02 -5.243488354368713335e-03 9.996330328566700452e-01 6.719265255803999359e+00
9.998221396377019454e-01 6.094167788657175316e-03 -1.784797493418804545e-02 1.070319995746548614e+01 -5.998368851272726371e-03 9.999673420705594840e-01 5.416120702563636570e-03 6.820610192717275755e-01 1.788039880460702905e-02 -5.308098652469697872e-03 9.998260425830505227e-01 7.145364014933558217e+00
9.999346238732546022e-01 6.025090209869504894e-03 -9.718346948723928513e-03 1.069764058396470929e+01 -5.972166919350172486e-03 9.999672298582622521e-01 5.465567846146028412e-03 6.795484754700208407e-01 9.750959016438152938e-03 -5.407170938331846456e-03 9.999378387183391892e-01 7.570249165058979379e+00
9.999788433002062549e-01 5.922028163494962548e-03 -2.691195721658106062e-03 1.069764033586129770e+01 -5.907343650190626828e-03 9.999677973845710888e-01 5.432079237999860519e-03 6.818267969200068057e-01 2.723277984351009200e-03 -5.416066495172408915e-03 9.999816248215462888e-01 7.998971182055391260e+00
9.999677712420986797e-01 5.941039461864162756e-03 5.400048816671214336e-03 1.069227065519217135e+01 -5.969910393548370255e-03 9.999678890776206863e-01 5.346118549026378577e-03 6.852059473708590476e-01 -5.368113914855247859e-03 -5.378184057822263733e-03 9.999711288278463339e-01 8.432627139777205016e+00
9.999069822631958537e-01 5.976972720368676703e-03 1.225979683391713662e-02 1.070084119253924904e+01 -6.043600408810899730e-03 9.999671308720189389e-01 5.404819116416088517e-03 6.838813207691809559e-01 -1.222708940866863367e-02 -5.478409685531444168e-03 9.999102386274029142e-01 8.852552887951969041e+00
9.998261621220582152e-01 5.960782065155379762e-03 1.766676578911524284e-02 1.070573400348744642e+01 -6.053728263433308561e-03 9.999680917763931198e-01 5.212274282071417686e-03 6.952579410430913542e-01 -1.763513284294279324e-02 -5.318317990751995558e-03 9.998303444001692686e-01 9.283064045143685661e+00
9.997022644362013599e-01 5.916010739767571178e-03 2.367241639668828113e-02 1.070741024355193183e+01 -6.040818308476397086e-03 9.999682116671274601e-01 5.204245325789995380e-03 6.947810950876767144e-01 -2.364087551879620608e-02 -5.345696603248767387e-03 9.997062231138359456e-01 9.699655373872786868e+00
9.995462505647554341e-01 5.975966560502124839e-03 2.952254741052885018e-02 1.071454972143127193e+01 -6.130645457614491978e-03 9.999679375234228340e-01 5.151612507256796321e-03 6.979099217187233473e-01 -2.949081498046796784e-02 -5.330267237170596174e-03 9.995508391687578653e-01 1.012282655753110028e+01
9.994166254363523461e-01 5.962560601867565764e-03 3.362821244852012836e-02 1.073046734827019577e+01 -6.136559675236036120e-03 9.999683013036027024e-01 5.073364104769977762e-03 7.038359404050894552e-01 -3.359689623709330442e-02 -5.276765965660991375e-03 9.994215348411188415e-01 1.054014142757674577e+01
9.992648768722494079e-01 5.836680047147292487e-03 3.788982733551814891e-02 1.074906381081752826e+01 -6.037923436393667458e-03 9.999682563210456898e-01 5.199022102632032405e-03 6.990096388485156353e-01 -3.785827954443247295e-02 -5.423976057712736124e-03 9.992683979560551544e-01 1.094883224893638918e+01
9.991581192440510684e-01 5.836458491531442382e-03 4.060773942202623721e-02 1.077793855217506547e+01 -6.052673306714701114e-03 9.999681435078840996e-01 5.203567549086371945e-03 6.995622859087498036e-01 -4.057607539588736767e-02 -5.444972146150239660e-03 9.991616157478202531e-01 1.136111408105721665e+01
9.990778622207654447e-01 5.829774312911391483e-03 4.253750053594708425e-02 1.079330158162073694e+01 -6.058386711483633967e-03 9.999678796456095142e-01 5.247440091894648058e-03 6.988651630667063186e-01 -4.250554282489871216e-02 -5.500309857128351902e-03 9.990810905129955399e-01 1.176317482341083043e+01
9.990014652516373550e-01 5.815268707221880190e-03 4.429734839631497417e-02 1.080894043587347220e+01 -6.049912767122828106e-03 9.999683611913205983e-01 5.164801240597332102e-03 7.047919900627608314e-01 -4.426591217395058758e-02 -5.427639100702763564e-03 9.990050399038038487e-01 1.214724617940083107e+01
9.989639731458919147e-01 5.789549142961660476e-03 4.513824849609264500e-02 1.082657540953893438e+01 -6.027610471394890222e-03 9.999686250744774796e-01 5.139725543670889928e-03 7.075894180218355034e-01 -4.510707559329144023e-02 -5.406476429280374606e-03 9.989675278726735108e-01 1.252865727523552586e+01
9.989762793311959266e-01 5.690675883370134927e-03 4.487771765131087776e-02 1.085095217410310120e+01 -5.934130631554082602e-03 9.999683820247700083e-01 5.293490758597565495e-03 7.012019741847528298e-01 -4.484617516854699781e-02 -5.554381941686745670e-03 9.989784629380143999e-01 1.290799580141614555e+01
9.990046803628911398e-01 5.727456299264986617e-03 4.423623918664146282e-02 1.087319050733275461e+01 -5.964176287836251214e-03 9.999685836480228796e-01 5.221141462802726153e-03 7.069964537460786680e-01 -4.420494558582055422e-02 -5.479777486996695486e-03 9.990074548392757769e-01 1.329192324032180217e+01
9.990648259194283565e-01 5.649859533350801155e-03 4.286668517433566555e-02 1.088756176014339339e+01 -5.884332567387800736e-03 9.999683990278495083e-01 5.345612772724359779e-03 7.032298897683265659e-01 -4.283512858412571317e-02 -5.592855525841837830e-03 9.990665001521412680e-01 1.366357520160507910e+01
9.991331365216068461e-01 5.807309531949259029e-03 4.122196817834317822e-02 1.090012417935627198e+01 -6.028394017340656108e-03 9.999680947291667010e-01 5.240991250906195525e-03 7.099823760016530372e-01 -4.119021692183590794e-02 -5.484950293349537959e-03 9.991362676583267488e-01 1.404237511796320526e+01
9.992256418677124552e-01 5.809451559895989145e-03 3.891486742404778876e-02 1.091514474967431170e+01 -6.019054732008297104e-03 9.999679921804965899e-01 5.271204287389571162e-03 7.110866820315895342e-01 -3.888299903802537594e-02 -5.501353204396872316e-03 9.992286262406263608e-01 1.440314820955590847e+01
9.993421440563337033e-01 5.813051993614225255e-03 3.579787059881456984e-02 1.093021998679129858e+01 -6.007771581397355898e-03 9.999677256840385775e-01 5.334254485605755339e-03 7.097603050419757365e-01 -3.576570694835611713e-02 -5.545810744245469048e-03 9.993448144607912642e-01 1.477627623969319615e+01
9.994575254322060065e-01 5.906909042245146735e-03 3.240005065579127513e-02 1.094711591551570606e+01 -6.080580305265540636e-03 9.999676562940563729e-01 5.264305170028158593e-03 7.168100334293078246e-01 -3.236790694627033477e-02 -5.458460528263521516e-03 9.994611167066875801e-01 1.513979829309925584e+01
9.995850436468387556e-01 5.832682110211739532e-03 2.820851532691325339e-02 1.096782651058550329e+01 -5.985311669609869392e-03 9.999678864880660045e-01 5.329356134468339612e-03 7.180436265395793161e-01 -2.817652501223520331e-02 -5.495981440250626363e-03 9.995878538809098712e-01 1.549213873983000234e+01
