1.000000000000000000e+00 0.000000000000000000e+00 0.000000000000000000e+00 0.000000000000000000e+00 0.000000000000000000e+00 1.000000000000000000e+00 0.000000000000000000e+00 0.000000000000000000e+00 0.000000000000000000e+00 0.000000000000000000e+00 1.000000000000000000e+00 0.000000000000000000e+00
9.999977000487402234e-01 1.497786637504045296e-03 1.535100133013256405e-03 -1.687289991183915996e-02 -1.496712105482085175e-03 9.999986343055160543e-01 -7.008851375655131754e-04 1.585676743667928934e-01 -1.536147812928943205e-03 6.985859226116499952e-04 9.999985761127890838e-01 -1.188381999138930951e-02
9.999994215560235045e-01 3.589186915816587023e-04 1.013935397907145264e-03 4.292610890622032549e-02 -3.582069548389346637e-04 9.999996894073474030e-01 -7.020491338404474596e-04 4.657503851410614848e-01 -1.014187061542804434e-03 7.016855290330670973e-04 9.999992395307221171e-01 -2.923489316265732302e-02
9.999999837646619261e-01 2.253007705600315209e-05 1.787821903983615162e-04 7.881472503319834899e-02 -2.264350213408827315e-05 9.999997984770556680e-01 6.344549786247190293e-04 6.742699333899263570e-01 -1.787678600500911268e-04 -6.344590165790378166e-04 9.999997827518806170e-01 8.695796215900539194e-03
9.999987864798878245e-01 1.487982251720457519e-03 4.614624255500448494e-04 3.779891156714774991e-02 -1.488630240678161763e-03 9.999979020824834031e-01 1.407057439668911274e-03 9.538478247999232496e-01 -4.593677809425604779e-04 -1.407742679098019593e-03 9.999989036202946435e-01 1.915153276322715398e-02
9.999977863931733824e-01 1.861115203636976197e-03 -9.815594489915242023e-04 4.151041733072736994e-02 -1.859952864471677188e-03 9.999975696379874712e-01 1.183762417201491548e-03 1.169992794538268432e+00 9.837601816788741748e-04 -1.181934142508122643e-03 9.999988176230948378e-01 -1.575708581707420397e-04
9.999979471626643246e-01 1.996345555258767848e-03 -3.468066912657819336e-04 6.858678030645580515e-02 -1.995847056721638049e-03 9.999969832039312667e-01 1.431844112490375130e-03 1.447447753669932613e+00 3.496641006505126826e-04 -1.431149000033307825e-03 9.999989147731893624e-01 -1.253685491505094653e-02
9.999953807997774557e-01 3.039423580426409491e-03 -1.683468932689866763e-05 7.919844678360936363e-02 -3.039419930752543415e-03 9.999953583241713018e-01 2.127359792702859028e-04 1.651418720587818134e+00 1.748120593752734689e-05 -2.126838289099349368e-04 9.999999772299978940e-01 -8.185993407170810698e-02
9.999933251699667514e-01 3.430719612157392528e-03 -1.256892380430396075e-03 8.061381379090105936e-02 -3.428486859216690972e-03 9.999925486833013411e-01 1.774276114761679955e-03 1.955267085786160486e+00 1.262970058791508749e-03 -1.769955032760426672e-03 9.999976360801122732e-01 -3.442325889982905673e-02
9.999872120609131221e-01 4.231284274667998502e-03 -2.769828158799993775e-03 8.909415243012561159e-02 -4.228793247078267356e-03 9.999906494746103602e-01 9.045833407333782892e-04 2.193396102990463614e+00 2.773629808716241655e-03 -8.928587423632172943e-04 9.999957548814646380e-01 -8.891986730651672832e-02
9.999798563069630664e-01 5.286870966347714459e-03 -3.512260766342816583e-03 7.398679272471575530e-02 -5.289330159978547843e-03 9.999857724756235910e-01 -6.912545038040671282e-04 2.483453728439684483e+00 3.508556222200628471e-03 7.098180861866585853e-04 9.999935930752357205e-01 -1.604249366090193807e-01
9.999782948403668215e-01 5.872951209256812785e-03 -2.986350991794983843e-03 5.762703773610475949e-02 -5.879970554327453719e-03 9.999799582077972815e-01 -2.347153384893721755e-03 2.733141716613110894e+00 2.972506422658839544e-03 2.364662095451459684e-03 9.999927862633517517e-01 -2.325026210734120191e-01
9.999740704985310424e-01 5.737354420812563680e-03 -4.352136814134843247e-03 1.198690424318238357e-01 -5.747114363588578731e-03 9.999809911603100288e-01 -2.233381860731595368e-03 2.984706408208531503e+00 4.339240381771803691e-03 2.258336178250173413e-03 9.999880353837315994e-01 -2.575651141314852510e-01
9.999676279850041594e-01 5.887118096810429677e-03 -5.484963314227611630e-03 1.442996332124487080e-01 -5.894462444862684503e-03 9.999817512736596248e-01 -1.323794602936453901e-03 3.231287029925399068e+00 5.477069885469696905e-03 1.356082659304880429e-03 9.999840812459420691e-01 -2.363658501647082355e-01
9.999655431802310090e-01 4.736775159175990457e-03 -6.817287829987764280e-03 1.962518328281276370e-01 -4.744196599187459201e-03 9.999881707139045561e-01 -1.072861075434969292e-03 3.495751391802320196e+00 6.812125284648260296e-03 1.105166661792966005e-03 9.999761864943363943e-01 -2.536266748258671488e-01
9.999183370965806228e-01 9.761388449812228446e-03 -8.248298827077407691e-03 9.541441965004729409e-02 -9.765145813975837502e-03 9.999522335524017036e-01 -4.153803015419990771e-04 3.774079169528804290e+00 8.243850146665957640e-03 4.958922211442086869e-04 9.999658959312883733e-01 -2.471900682565608132e-01
9.999459261688288247e-01 9.356303731367466431e-03 -4.539198040360120125e-03 1.232648733786894241e-01 -9.355237203672421564e-03 9.999562060066899960e-01 2.561358413546822670e-04 4.022098279242258378e+00 4.541395735479711142e-03 -2.136567167264259866e-04 9.999896649843843521e-01 -2.304142768470637814e-01
9.999063296769237219e-01 1.130844071812941824e-02 -7.710450087232124071e-03 1.118441385340710748e-01 -1.131776178653952532e-02 9.999352718801748363e-01 -1.166326739835071759e-03 4.293507354774043883e+00 7.696761667499577193e-03 1.253482526986835020e-03 9.999695938584274302e-01 -3.116836193104403074e-01
9.998472407131596684e-01 1.277467454745567083e-02 -1.192907911313871583e-02 3.239839696192754748e-02 -1.279658956877688034e-02 9.999165668083949132e-01 -1.762588301618970513e-03 4.558762016914641002e+00 1.190556734008106285e-02 1.914970579231327179e-03 9.999272925338079654e-01 -3.778745953192126916e-01
9.998184420796385474e-01 1.449792244032513389e-02 -1.236499584952553514e-02 2.911228655437019669e-02 -1.452608774353792223e-02 9.998920901937176087e-01 -2.191059767654943927e-03 4.795212671920513259e+00 1.233189573064515272e-02 2.370276978058830693e-03 9.999211499587034035e-01 -4.079272434949356985e-01
9.998235739867066263e-01 1.454690760373339095e-02 -1.188311321233287074e-02 3.483033965681275879e-02 -1.458001539417013923e-02 9.998900490391748885e-01 -2.704252862096090566e-03 5.067972643478755757e+00 1.184246813609553944e-02 2.877031735111173702e-03 9.999257365608911208e-01 -4.520284534473327787e-01
9.997240572360039934e-01 1.607963047835277853e-02 -1.712468590259591875e-02 3.688231627431516613e-02 -1.613077867996036419e-02 9.998658205400101640e-01 -2.852874871138214551e-03 5.353744849494473712e+00 1.707651494776013176e-02 3.128322159219550092e-03 9.998492917623670317e-01 -4.966004002989077848e-01
9.996515209924923262e-01 1.756141344097101112e-02 -1.970871216878193610e-02 -4.936728402024137541e-03 -1.761057734810976896e-02 9.998422214658334584e-01 -2.323734006628842916e-03 5.633751595415174229e+00 1.966479450344837954e-02 2.670006034188467537e-03 9.998030640705771743e-01 -5.128862680656606221e-01
9.996938135093496047e-01 1.668245742990556030e-02 -1.827497866573554383e-02 4.263810451156909570e-02 -1.671747793197085608e-02 9.998586950014211050e-01 -1.765208670185337446e-03 5.904351043383464059e+00 1.824294830140588478e-02 2.070179739689019787e-03 9.998314403903878489e-01 -5.184371526672735264e-01
9.997640450936594592e-01 1.564747103850524027e-02 -1.506687718349127882e-02 1.289771176901932936e-01 -1.570735542874281479e-02 9.998691638894791067e-01 -3.864464825696715174e-03 6.160653692408391002e+00 1.500443679044348270e-02 4.100213781383024378e-03 9.998790202437235486e-01 -5.775585578059697633e-01
9.997322524686710343e-01 1.683678089316865620e-02 -1.587281270200158537e-02 1.112957048102748703e-01 -1.691439036954130518e-02 9.998455731124576973e-01 -4.767947760593933132e-03 6.369517475781412585e+00 1.579008462118427700e-02 5.035150104655796571e-03 9.998626508131401858e-01 -6.397184835678738635e-01
9.996460116072196644e-01 2.184499885238943423e-02 -1.518708342367004749e-02 -1.665125883645425520e-02 -2.197053361568105517e-02 9.997254089857970927e-01 -8.148759465279521719e-03 6.640034190976993322e+00 1.500490354586252878e-02 8.479543225897150788e-03 9.998514640766694717e-01 -7.612586271235843860e-01
9.997070569825861064e-01 2.084375444224843485e-02 -1.230195594073021231e-02 7.483680426660907492e-02 -2.094261603148531506e-02 9.997489681513493931e-01 -7.962883527342697748e-03 6.911141907319415800e+00 1.213289136909223576e-02 8.218185995917844100e-03 9.998926214179012506e-01 -7.630366095718810193e-01
9.995764668175365353e-01 2.339559692506843272e-02 -1.730702253682223427e-02 6.493160034951428461e-02 -2.352564134066515919e-02 9.996962227951420310e-01 -7.348899824883172935e-03 7.210875416701732377e+00 1.712983315974591150e-02 7.752946126828823628e-03 9.998232146946147703e-01 -7.898245548794308180e-01
9.995779576474884687e-01 2.369268948665954888e-02 -1.680961183860497227e-02 8.585253116947191843e-02 -2.385050463028908635e-02 9.996727341430048375e-01 -9.250839958066392130e-03 7.475867000263552775e+00 1.658493334796360547e-02 9.647853436797792018e-03 9.998159125108510015e-01 -8.736239297097273537e-01
9.996314197722164785e-01 2.495974534719379648e-02 -1.067875069406467280e-02 1.073956188685132179e-01 -2.508102207428294581e-02 9.996206724952884093e-01 -1.137776128140942020e-02 7.706079351026892788e+00 1.039071392600531517e-02 1.164140164544825301e-02 9.998782480041443765e-01 -9.197605537570605616e-01
9.995909529624700252e-01 2.519647472271966532e-02 -1.353012997455901173e-02 1.126163274796695701e-01 -2.531310191187947922e-02 9.996432743940988352e-01 -8.518851462685531409e-03 7.964945703339445515e+00 1.331065840519975521e-02 8.857856410658547855e-03 9.998721742065973528e-01 -8.566974762951760081e-01
9.993395981216699475e-01 2.846408174275976213e-02 -2.258680315052874130e-02 4.391991164026042005e-02 -2.868037149616093143e-02 9.995452728172948831e-01 -9.310417790937070698e-03 8.483052770849479174e+00 2.231151982410531018e-02 9.952067078807719236e-03 9.997015316803298246e-01 -9.808507532532725337e-01
9.993964566036530606e-01 2.716475506547487082e-02 -2.165175767219503986e-02 8.606372648468356423e-02 -2.741631596518391209e-02 9.995590095523624319e-01 -1.140754318849439460e-02 8.845416895267950608e+00 2.133232633727276048e-02 1.199426967067693077e-02 9.997004898208798895e-01 -1.069663766315982922e+00
9.994294150640122831e-01 2.646305584289632140e-02 -2.098930633113138891e-02 1.289361263226349030e-01 -2.669559531669542241e-02 9.995844296365683501e-01 -1.087718800166787188e-02 9.210168325638276698e+00 2.069274016396936353e-02 1.143130366984224967e-02 9.997205288483949071e-01 -1.080157398412527670e+00
9.993590863585334327e-01 2.813941592837973515e-02 -2.212667584267842200e-02 8.896736174583713685e-02 -2.841058563881954102e-02 9.995238499711508462e-01 -1.203793846584781495e-02 9.584169327776123737e+00 2.177739966792686596e-02 1.265885500580073326e-02 9.996826987867928338e-01 -1.148854674861275571e+00
9.994084312592272923e-01 2.531574745450857269e-02 -2.327875552493766098e-02 1.938415311306750377e-01 -2.558894966877542018e-02 9.996062385295527708e-01 -1.151405869569007388e-02 9.829420481899420636e+00 2.297810224581550015e-02 1.210292624196564019e-02 9.996627061131981851e-01 -1.163505971330815347e+00
9.994782381986759834e-01 2.337464228217464232e-02 -2.229074842734071749e-02 3.131074794025475172e-01 -2.358766869272301350e-02 9.996781214466025078e-01 -9.342129662670712806e-03 1.010272311911111309e+01 2.206520457446415479e-02 9.863042085086664093e-03 9.997078809071752170e-01 -1.094422340947269756e+00
9.994313135774334222e-01 2.467864749000178715e-02 -2.297855084530363301e-02 2.899141282303436817e-01 -2.491509243690014780e-02 9.996389423550628983e-01 -1.006096894499019720e-02 1.034310427457225856e+01 2.272196315785009191e-02 1.062776012693006714e-02 9.996853320445077129e-01 -1.134556702721294830e+00
9.993245848196602443e-01 2.749739836456725067e-02 -2.437759746558308335e-02 1.892970043576816530e-01 -2.774287277249182226e-02 9.995671580888049190e-01 -9.789253321855134055e-03 1.059429020865650095e+01 2.409786682142301892e-02 1.045894609654405075e-02 9.996548920808653316e-01 -1.156682822031025681e+00
9.992499624281797610e-01 3.036621847202338950e-02 -2.402926055854930770e-02 1.305566086937535730e-01 -3.065352094950031178e-02 9.994618288743344348e-01 -1.167965224521489917e-02 1.091719240510662736e+01 2.366166183259015010e-02 1.240747350913768560e-02 9.996430264651677833e-01 -1.254228145809824779e+00
9.992443905360607337e-01 3.149680416128727845e-02 -2.277277562885040435e-02 1.116441625919770420e-01 -3.177768217130599870e-02 9.994219711745094825e-01 -1.207900862974317820e-02 1.117692839686127293e+01 2.237916213882697875e-02 1.279354764259961301e-02 9.996676939066704293e-01 -1.277417783779961624e+00
9.992435308161498053e-01 3.160694892607672501e-02 -2.265760141009279943e-02 1.135694245197478858e-01 -3.188387501525651035e-02 9.994199378502470754e-01 -1.196688520124761582e-02 1.142297166776380202e+01 2.226622186375055990e-02 1.268024475287109903e-02 9.996716594747104834e-01 -1.277991854399417315e+00
9.992486584357017643e-01 3.239815324645435590e-02 -2.127153686665810700e-02 1.261796978534084901e-01 -3.264409322012863657e-02 9.994029520773098918e-01 -1.131824001308218662e-02 1.166387528585772593e+01 2.089214666533545373e-02 1.200412618133624328e-02 9.997096674346690470e-01 -1.264419399589497006e+00
9.992282105180742002e-01 3.120521139286609388e-02 -2.385829178239009737e-02 1.921688438532405674e-01 -3.145951470407735290e-02 9.994513462529612813e-01 -1.035883235347188382e-02 1.192200285588425146e+01 2.352195228783239209e-02 1.110140779675870999e-02 9.996616810228843297e-01 -1.264713350876942810e+00
9.993019849976448876e-01 2.982956289905503572e-02 -2.248866285527233513e-02 2.054377334005663414e-01 -3.011359496548242365e-02 9.994695787323948366e-01 -1.239889457750889198e-02 1.224396197607840620e+01 2.210688078453533836e-02 1.306745444762013111e-02 9.996702093471815376e-01 -1.350370454513774243e+00
9.992922520884263138e-01 2.950795527446694808e-02 -2.332971263348684876e-02 2.493485614688948915e-01 -2.989413604540698891e-02 9.994188269093349231e-01 -1.638136286355769411e-02 1.338010144856140471e+01 2.283277350957864382e-02 1.706719059156798501e-02 9.995936051511991050e-01 -1.619436343967104897e+00
9.991472369105635076e-01 3.077149419701604924e-02 -2.753024008012375234e-02 2.140446435314572737e-01 -3.123811360009663349e-02 9.993727348300274205e-01 -1.668283959819857887e-02 1.367244287931433355e+01 2.699961541751479122e-02 1.752860585542308225e-02 9.994817500805462940e-01 -1.698834488714018986e+00
9.990678468609510698e-01 3.018057173265787166e-02 -3.086374018995785562e-02 2.779890331790570990e-01 -3.073175269726765094e-02 9.993737088401373203e-01 -1.754278926688460777e-02 1.403168532733863039e+01 3.031495909245647546e-02 1.847493353163231350e-02 9.993696413671091516e-01 -1.750154967018036078e+00
9.989237090723722678e-01 3.351580236830909582e-02 -3.206422375020272220e-02 2.717799474070041188e-01 -3.403388433566190835e-02 9.992965606307420146e-01 -1.575051201061270292e-02 1.444951342033396280e+01 3.151377746512476485e-02 1.682482995985737015e-02 9.993616997497455356e-01 -1.747672042996422537e+00
9.989604153609843440e-01 2.973136131401891979e-02 -3.455625408265438486e-02 4.318118599635398236e-01 -3.027358197388534122e-02 9.994249271148947233e-01 -1.527498922611236938e-02 1.472973583760073346e+01 3.408223549417135206e-02 1.630525117263342122e-02 9.992860151167518579e-01 -1.775193518028506334e+00
9.987631083693425671e-01 3.162000959776776338e-02 -3.837223414718030079e-02 3.555129899177988384e-01 -3.228046952999925195e-02 9.993390543103047863e-01 -1.671603473041575333e-02 1.493509702917177151e+01 3.781831100580437810e-02 1.793403254214596954e-02 9.991236889541982302e-01 -1.861319622806582919e+00
9.985135099154734961e-01 3.451099992719278836e-02 -4.218721844714246744e-02 2.828027201685828218e-01 -3.535058544056127877e-02 9.991882092442374574e-01 -1.931990207799809747e-02 1.522040024773671085e+01 4.148622211398857867e-02 2.078252610534046460e-02 9.989229099301856207e-01 -2.003317702035634085e+00
9.987047155732388104e-01 3.233756162901901821e-02 -3.928324324270680845e-02 3.945353488896571337e-01 -3.305587328233465516e-02 9.992954222364901495e-01 -1.777549826972618999e-02 1.548059879172277142e+01 3.868074887225565750e-02 1.905101585438953929e-02 9.990699967778019497e-01 -1.945559995019160437e+00
9.986120856800924095e-01 3.524556138731594485e-02 -3.913633524167530603e-02 3.782587505747833090e-01 -3.598028473256147802e-02 9.991862059048209899e-01 -1.823033296713409343e-02 1.567941188598019231e+01 3.846194800344434478e-02 1.961316731233677876e-02 9.990675663956660735e-01 -1.980305751061947728e+00
9.984064153875306102e-01 3.903023980126180126e-02 -4.075868121121846432e-02 2.906145848863741499e-01 -3.983985909332045383e-02 9.990207516700825296e-01 -1.924378756814068558e-02 1.600363534524194620e+01 3.996767869724367206e-02 2.083694108067097456e-02 9.989836868267442105e-01 -2.045037423247255237e+00
9.985107941843910373e-01 3.652106650611816607e-02 -4.052660358964550735e-02 3.970710872052646279e-01 -3.729113948807755152e-02 9.991348285153388575e-01 -1.841101201197636178e-02 1.616708327772772691e+01 3.981915133371524695e-02 1.989487745325637519e-02 9.990088233034694065e-01 -2.016634268112027950e+00
9.983487846935660270e-01 3.949063687819883567e-02 -4.171562896366384776e-02 4.112961636541351274e-01 -4.025228957036674354e-02 9.990349084741629859e-01 -1.757853333938942317e-02 1.643708018841518737e+01 4.098118208669891682e-02 1.922865697273013971e-02 9.989748752925680098e-01 -2.010466974625680692e+00
9.985293158177597217e-01 3.589453189755511392e-02 -4.062989087324917620e-02 5.670745051660472935e-01 -3.678022151834651338e-02 9.990970934779224155e-01 -2.126530293762513013e-02 1.668611031157593771e+01 3.982989778518266494e-02 2.272840477954856525e-02 9.989479460205116235e-01 -2.143358016204654604e+00
9.983234171707778826e-01 3.811145366400809503e-02 -4.356457078954292100e-02 5.463492029465328859e-01 -3.907451840174110819e-02 9.990055562465868233e-01 -2.147278743245959604e-02 1.693364826866140049e+01 4.270288913098185118e-02 2.313905114873474750e-02 9.988198273821977669e-01 -2.170316320738325366e+00
9.984152616820936021e-01 3.757750982699663289e-02 -4.189147879316927614e-02 6.121961886829756505e-01 -3.849097147675953345e-02 9.990336936692317815e-01 -2.121612661130247920e-02 1.718786308543728225e+01 4.105374958577917566e-02 2.279494831785114708e-02 9.988968815529131184e-01 -2.170236946002184641e+00
9.978649993669511664e-01 3.983777952288019425e-02 -5.175320628792880878e-02 5.823318364724777707e-01 -4.113494548249762434e-02 9.988593854889110668e-01 -2.424550021894767912e-02 1.747926418419172734e+01 5.072828893769703446e-02 2.632260137983004691e-02 9.983655449573828333e-01 -2.346598740516264048e+00
9.976197844896371736e-01 4.338438452072772983e-02 -5.359627575314857700e-02 5.297046017727580214e-01 -4.479869349720935062e-02 9.986711853773484471e-01 -2.547431172661732135e-02 1.776068819763654361e+01 5.241986890285967732e-02 2.781472050478702579e-02 9.982376964768699956e-01 -2.430413403790297799e+00
9.975007610929850221e-01 4.457370086289628996e-02 -5.482168193608027290e-02 5.363349112961335319e-01 -4.583742910011326388e-02 9.987063245896471431e-01 -2.201379835763325743e-02 1.805209736616350114e+01 5.376952401135611653e-02 2.447166557518071911e-02 9.982534627395833748e-01 -2.362729518556318631e+00
9.974434607817156406e-01 4.355653436424504477e-02 -5.665130941090885247e-02 6.169885938206767229e-01 -4.497426676170511450e-02 9.986999186582342647e-01 -2.399557878616931372e-02 1.835974382314167030e+01 5.553249384856739218e-02 2.648208424978314851e-02 9.981056263445999832e-01 -2.437183040395025202e+00
9.973917519966307710e-01 4.465848979902091453e-02 -5.670372419834641270e-02 6.878719454702477698e-01 -4.604708475996961703e-02 9.986646408908684824e-01 -2.342223344219873313e-02 1.881908406084092178e+01 5.558200279046774522e-02 2.597218364295586848e-02 9.981162691002571918e-01 -2.462042689437466514e+00
9.971152625487659238e-01 4.363501463972115774e-02 -6.210586678967611185e-02 7.210203632958639419e-01 -4.516140833328523979e-02 9.987058672117264946e-01 -2.338884337088266777e-02 1.917126142196772776e+01 6.100492102822482887e-02 2.612616110845081621e-02 9.977954817075869176e-01 -2.536036461242064721e+00
9.971615491924638031e-01 4.274728755146161435e-02 -6.197995013775255135e-02 7.837826678255774837e-01 -4.435006114375181913e-02 9.987102134672322107e-01 -2.471804184762473738e-02 1.941951581775981595e+01 6.084337999019377718e-02 2.739669548007764993e-02 9.977712684719582947e-01 -2.604205044386588064e+00
9.971080338715760938e-01 4.304894033545338117e-02 -6.262872763160963474e-02 8.306672461242472494e-01 -4.473579707368274816e-02 9.986660202498519601e-01 -2.578543112892479200e-02 1.965684603205040304e+01 6.143514669097850656e-02 2.851260658580376944e-02 9.977037406047654100e-01 -2.659877664317490176e+00
9.969059124734886979e-01 4.299116606984190736e-02 -6.580548089145825397e-02 8.742179284472388900e-01 -4.467841424053178856e-02 9.987037393213750169e-01 -2.438606910624091170e-02 1.988562368332474151e+01 6.467179428740361946e-02 2.725070100856461994e-02 9.975344396652124912e-01 -2.645252839298004588e+00
9.967400621208927225e-01 4.337699098490997024e-02 -6.802709178212670849e-02 8.509657498357690031e-01 -4.530506173684321208e-02 9.986066307137485554e-01 -2.706009008772661956e-02 2.021767862280433903e+01 6.675851963801832101e-02 3.005384746800473378e-02 9.973164323864869285e-01 -2.822372826829378845e+00
9.968263174424467632e-01 4.537992675305509149e-02 -6.540607847912621731e-02 8.247513172046038177e-01 -4.767764530761238462e-02 9.982836966500259201e-01 -3.400739832272654112e-02 2.042045988424327163e+01 6.375056856257652060e-02 3.701787744653157325e-02 9.972790691462956048e-01 -3.049806661186612367e+00
9.967820793961343906e-01 4.267260299267639639e-02 -6.785672515342758282e-02 9.684999863828265276e-01 -4.524134973089200679e-02 9.982987850580752331e-01 -3.677983178452551294e-02 2.062548915727114363e+01 6.617179511880802445e-02 3.973140704027861014e-02 9.970169049847420473e-01 -3.169027284150865764e+00
9.966173160917934926e-01 3.963120198249255044e-02 -7.199509077300388082e-02 1.056250763648380886e+00 -4.234226257513708236e-02 9.984351902704835524e-01 -3.652812107899044980e-02 2.081887821441970488e+01 7.043477880996244778e-02 3.945299302925088514e-02 9.967358743794795251e-01 -3.198188247691458930e+00
9.972839480491969555e-01 3.992386511870225918e-02 -6.189355343967755524e-02 1.099755683954099394e+00 -4.236498631819107796e-02 9.983546137856667002e-01 -3.864289154724007136e-02 2.111242876348243414e+01 6.024894105016315865e-02 4.116005499092469100e-02 9.973344047888240693e-01 -3.208862040201758692e+00
9.966773592453154196e-01 4.325844775964110545e-02 -6.901411641983820622e-02 1.023629820746821295e+00 -4.591621608364049312e-02 9.982449310466522396e-01 -3.739998315808320400e-02 2.136442215265816102e+01 6.727512666911161787e-02 4.044458353217244423e-02 9.969143859903738525e-01 -3.231998337398898080e+00
9.963881183676577269e-01 4.670788144826916455e-02 -7.091608693641311689e-02 9.439028520982060133e-01 -4.972072858342364843e-02 9.979076337166633559e-01 -4.133042123113554733e-02 2.173341388888167813e+01 6.883724809209028350e-02 4.470714015259770469e-02 9.966256593598641356e-01 -3.408344698527804528e+00
9.957887154750111325e-01 4.967228972911063439e-02 -7.705516053902368434e-02 8.727223189417846472e-01 -5.313069687539643399e-02 9.976396521750735547e-01 -4.350003974174141558e-02 2.209772040843099106e+01 7.471253698116643582e-02 4.741084307482449495e-02 9.960774311150575322e-01 -3.565590658283482206e+00
9.959133903628532014e-01 4.576805549166635539e-02 -7.785758789276001068e-02 1.006346727826209264e+00 -4.921171924582930929e-02 9.978665633937386925e-01 -4.290137934425162364e-02 2.233365086355207652e+01 7.572797095417765911e-02 4.655756391051250193e-02 9.960409969764707494e-01 -3.589285383754339698e+00
9.956733234841620428e-01 4.551401365607668503e-02 -8.101300798586409668e-02 1.025183721681805160e+00 -4.900338875410341355e-02 9.979312097988494168e-01 -4.161692444209560277e-02 2.254015378220556798e+01 7.895125580139573940e-02 4.540677339692116704e-02 9.958438251739392122e-01 -3.558871491939605392e+00
9.957628638837338064e-01 4.720128006576402441e-02 -7.891994722640086057e-02 1.032239694218437309e+00 -5.064073420869209113e-02 9.978265527090739440e-01 -4.216262263581739556e-02 2.275282490856483975e+01 7.675828912156126838e-02 4.598053793594684968e-02 9.959889332629413561e-01 -3.575787025065233049e+00
9.960088777375961655e-01 4.424557341904455238e-02 -7.751544814238121861e-02 1.155270160191714357e+00 -4.765362451519645354e-02 9.979516037537173867e-01 -4.268171313277042966e-02 2.293892469594185002e+01 7.546818891731087164e-02 4.620525725719290544e-02 9.960771188333450432e-01 -3.587378638936342234e+00
9.960244521455368094e-01 4.560734664846140263e-02 -7.651967498539354040e-02 1.196728438482511869e+00 -4.895206639442675756e-02 9.978999579964775712e-01 -4.241897012356664332e-02 2.323873459466025082e+01 7.442436377893209276e-02 4.599612768826830123e-02 9.961653328207048519e-01 -3.584341885563245622e+00
9.957731672104120912e-01 4.575769828245088156e-02 -7.963687909277214483e-02 1.187745064093864711e+00 -4.933139994608329304e-02 9.978347040229851306e-01 -4.350076351883180176e-02 2.349058246174932307e+01 7.747394686669958896e-02 4.724549179820172057e-02 9.958743148920158328e-01 -3.655622564845058431e+00
9.953871830561072942e-01 4.476048970084049033e-02 -8.485784801282968137e-02 1.262862458726091486e+00 -4.866191040153452357e-02 9.978244850496829077e-01 -4.447825886214669400e-02 2.371911995838445364e+01 8.268236984811559720e-02 4.840243379289989323e-02 9.953998342973658930e-01 -3.740396854119481862e+00
9.956804725763052089e-01 4.000514841338601718e-02 -8.378534854405365884e-02 1.415728065463183638e+00 -4.412963637943586453e-02 9.978736082219841208e-01 -4.796704292591925933e-02 2.391225188509122646e+01 8.168825939658873325e-02 5.145726493374058741e-02 9.953286784586760083e-01 -3.855085160897800733e+00
9.952852850761534365e-01 3.943849803927304554e-02 -8.861041802906836906e-02 1.501782516409057022e+00 -4.391870729670412088e-02 9.978232393837551673e-01 -4.919278499023715251e-02 2.419001150419107660e+01 8.647744480652984345e-02 5.285251004555534954e-02 9.948508751172800979e-01 -3.949935229851763374e+00
9.951377345035242739e-01 4.159067908657949203e-02 -8.928104379044005112e-02 1.475981078910636679e+00 -4.598940394474469034e-02 9.977981493149579162e-01 -4.778941251419583508e-02 2.448146088303160539e+01 8.709686614339470778e-02 5.166302969011820484e-02 9.948593203419453523e-01 -3.932689549000472518e+00
9.956641071038995205e-01 4.292127338839402118e-02 -8.252726892193479324e-02 1.479916593181351603e+00 -4.708804094484074498e-02 9.976771741364975910e-01 -4.922369964752346810e-02 2.474972414131203635e+01 8.022282857747914386e-02 5.289631837596393132e-02 9.953724314432749187e-01 -3.941043997184986214e+00
9.953177634866379186e-01 4.364237185557071075e-02 -8.624322041051747656e-02 1.461956185905396000e+00 -4.812710877537997034e-02 9.975575049619969104e-01 -5.062416117742871841e-02 2.497154899991467758e+01 8.382321330562168826e-02 5.453776373134148342e-02 9.949870859655941535e-01 -4.014271572275247557e+00
9.947080198069623291e-01 4.601721161794303933e-02 -9.186060943963586523e-02 1.414557019281468042e+00 -5.083129137479427267e-02 9.974158246072272194e-01 -5.077255794477650297e-02 2.523389038582659083e+01 8.928681396982779406e-02 5.517326397807519045e-02 9.944766341111906938e-01 -4.087378511703566808e+00
9.942032517101245803e-01 4.673853395711331793e-02 -9.682666849868584724e-02 1.425348919107073398e+00 -5.198576936648333091e-02 9.972723253633237750e-01 -5.239645835172054150e-02 2.551728287296824504e+01 9.411362320296376427e-02 5.712633812847229403e-02 9.939211273635559785e-01 -4.188088321485492038e+00
9.941644095380597346e-01 4.682608230480447831e-02 -9.718253353265016159e-02 1.496540186021356522e+00 -5.226720395090590776e-02 9.971602166574272674e-01 -5.421846278590909674e-02 2.585900924986076532e+01 9.436771799188217735e-02 5.898152534223136123e-02 9.937886664021220451e-01 -4.267291547713526256e+00
9.936470473487750699e-01 4.934081792913627695e-02 -1.011485490807705334e-01 1.501936325374753745e+00 -5.505419295834117210e-02 9.969952675005765430e-01 -5.449286576387318143e-02 2.620130854146480459e+01 9.815590217998587663e-02 5.971532690639471536e-02 9.933778226836430525e-01 -4.355385659555005340e+00
9.929777050239236846e-01 4.703972119089670084e-02 -1.085474180057004467e-01 1.604467656538588027e+00 -5.348380158682012470e-02 9.969269139680808633e-01 -5.723819680860271764e-02 2.651074132295519448e+01 1.055213736322798967e-01 6.264178187409251419e-02 9.924420622234808587e-01 -4.508205470846787577e+00
9.923878848257217111e-01 4.905679994086514090e-02 -1.129589147906973484e-01 1.575529846543858303e+00 -5.597592532330136067e-02 9.966922191279172782e-01 -5.891787601456775075e-02 2.676343242015171242e+01 1.096949489964341024e-01 6.479236613544625545e-02 9.918512829326985303e-01 -4.649588332167683191e+00
9.926456854462013535e-01 4.779292855225195091e-02 -1.112222061705329113e-01 1.632737352749932036e+00 -5.502394402157467779e-02 9.965032230863387630e-01 -6.287839026922736885e-02 2.699363949466734880e+01 1.078281445140915062e-01 6.853584725483438667e-02 9.918043803551738202e-01 -4.772953574630132145e+00
9.925256837243824348e-01 4.888435071458904768e-02 -1.118172053069662608e-01 1.708165606983684803e+00 -5.592891466364049990e-02 9.965845377846233033e-01 -6.075537468533965396e-02 2.728200748509400597e+01 1.084653108232968843e-01 6.655508473303786698e-02 9.918697984333345596e-01 -4.704679723891504572e+00
9.923695254886355510e-01 4.727357472387933718e-02 -1.138768370402252483e-01 1.833031145993963440e+00 -5.393388861406105822e-02 9.969655192787338915e-01 -5.613278033600765937e-02 2.751886530664206987e+01 1.108776827879545679e-01 6.184628123105082032e-02 9.919078470087145938e-01 -4.572639507728847974e+00
9.927338987964463568e-01 4.963350160269217048e-02 -1.096171596925523406e-01 1.826503720489599525e+00 -5.633801917505892876e-02 9.966707427651646523e-01 -5.893605103301135378e-02 2.776524946439442232e+01 1.063270133871804801e-01 6.468342936634220719e-02 9.922250854466297953e-01 -4.636584199003990214e+00
9.921761787631260265e-01 4.790379390793907816e-02 -1.152894480177046738e-01 1.877224331502894916e+00 -5.482790926129791492e-02 9.968298761136610286e-01 -5.765499504169675771e-02 2.800626754469740476e+01 1.121620731844602120e-01 6.352499206177750213e-02 9.916573222250290032e-01 -4.630601621983970517e+00
9.920875711282367559e-01 5.089320864450392473e-02 -1.147699112430730500e-01 1.826099741328350845e+00 -5.817220138617448105e-02 9.964417869244251991e-01 -6.098983732348105952e-02 2.830199627979749977e+01 1.112575669281071072e-01 6.718367796366402078e-02 9.915180821429896429e-01 -4.748526649645484099e+00
9.922213421598521377e-01 4.839512534710427305e-02 -1.146940277657891166e-01 2.004397513664312847e+00 -5.582237915127011285e-02 9.964854960807983941e-01 -6.245412785794913352e-02 2.859047803277251276e+01 1.112684598095676908e-01 6.837081207096548652e-02 9.914357074003151693e-01 -4.802908167029351638e+00
9.923134045445746176e-01 5.002284761070752150e-02 -1.131893187455039196e-01 2.005874487590356026e+00 -5.734103679262959885e-02 9.964058557507159408e-01 -6.234882617363254192e-02 2.880819654446488087e+01 1.096636341760642563e-01 6.835996886043381460e-02 9.916152489734608722e-01 -4.784421204282401696e+00
9.917666287399123926e-01 5.153859443692119374e-02 -1.172293794291151409e-01 1.985974648115546248e+00 -5.925773509078174212e-02 9.962310799155670304e-01 -6.334158383063800968e-02 2.895639807008522837e+01 1.135230150664596344e-01 6.976681656582564561e-02 9.910827999498784679e-01 -4.865108358145944223e+00
9.920446918176735185e-01 4.721173569575561058e-02 -1.166978210977879099e-01 2.207672251050363688e+00 -5.498158751578460790e-02 9.964159490094166571e-01 -6.428282503054467967e-02 2.912923023185159721e+01 1.132446664113648943e-01 7.018766681018552556e-02 9.910849292351897599e-01 -4.882022268404380583e+00
9.917208540114906823e-01 4.475364311966072844e-02 -1.203613689945310372e-01 2.333325932556156612e+00 -5.275484656031629443e-02 9.965460413041528076e-01 -6.413200234999014149e-02 2.933382964444757945e+01 1.170755050517276186e-01 6.995068969309525819e-02 9.906564627197176343e-01 -4.902336825638299089e+00
9.922430378366289272e-01 4.520286732606264984e-02 -1.158035174346639662e-01 2.373093135102784412e+00 -5.277802543014207398e-02 9.966040900205748176e-01 -6.320417538388760359e-02 2.951856347742774744e+01 1.125532491598239815e-01 6.882578397493431532e-02 9.912591878836747306e-01 -4.823686547366891730e+00
9.915548089890762196e-01 4.643404418961079305e-02 -1.210906285012750966e-01 2.401468276351776510e+00 -5.442274905056543322e-02 9.964954689182443648e-01 -6.352121544167353695e-02 2.983148089003168835e+01 1.177167157051865892e-01 6.957485153132271505e-02 9.906069426760437668e-01 -4.884243112035274947e+00
9.915170835082645073e-01 4.659953107476141887e-02 -1.213357194517659110e-01 2.457085175441874547e+00 -5.490645015382930594e-02 9.963049956621147230e-01 -6.604269339009842532e-02 3.005838121616448078e+01 1.178098248991583663e-01 7.214457236913833504e-02 9.904120384137623523e-01 -4.972358254075643913e+00
9.911138606032531273e-01 4.852501096835093453e-02 -1.238492576911007087e-01 2.413940000732123448e+00 -5.684833441609259130e-02 9.962920197216386109e-01 -6.457924057384153982e-02 3.028264489358619826e+01 1.202563187289189678e-01 7.104600445837486178e-02 9.901973960055990842e-01 -4.941946137054416432e+00
9.910276303877627591e-01 4.916203571291810626e-02 -1.242872883788915667e-01 2.469766659134386089e+00 -5.730915379963176515e-02 9.963764029439002856e-01 -6.284683402801317931e-02 3.044328744014251953e+01 1.207472430276821801e-01 6.940574832920000381e-02 9.902539802495506915e-01 -4.890338652392971497e+00
9.912147717323882556e-01 4.847393687622440772e-02 -1.230591473366742378e-01 2.566164018681893477e+00 -5.657129821234990752e-02 9.963974354591600413e-01 -6.318100053796611715e-02 3.073953238052810377e+01 1.195531869841990474e-01 6.958755674780449374e-02 9.903860900819397850e-01 -4.893809628888185159e+00
9.911295541473956749e-01 4.889072137645926464e-02 -1.235795462804188116e-01 2.675234481263321751e+00 -5.771766222547883296e-02 9.959535687629422762e-01 -6.888512419662763675e-02 3.117848032597501273e+01 1.197116467300081977e-01 7.540680494258265865e-02 9.899408747018889621e-01 -5.110062260507239884e+00
9.902830972027941714e-01 5.017791596665541198e-02 -1.296979727817074435e-01 2.680037653576230472e+00 -6.010808436599957005e-02 9.954586871068994425e-01 -7.381748070245933158e-02 3.144379138536891105e+01 1.254049663621466804e-01 8.089610010780090565e-02 9.888020102118814103e-01 -5.341797032927278366e+00
9.889330200388303238e-01 5.056791952405544771e-02 -1.394789137894577313e-01 2.717515405811718576e+00 -6.152003380691228179e-02 9.952568320750342368e-01 -7.535996051195570367e-02 3.168876871635600878e+01 1.350065454608579130e-01 8.310670083077420500e-02 9.873532847769077581e-01 -5.485799787946788797e+00
9.892828146507559595e-01 5.074988786133242946e-02 -1.369085881847457720e-01 2.760690760187975989e+00 -6.146865803812762152e-02 9.952695990876343490e-01 -7.523316563146481561e-02 3.193400376089349635e+01 1.324428809550360353e-01 8.284246504059300520e-02 9.877226378241658056e-01 -5.460903389918884798e+00
9.890999507596216489e-01 5.013633499809665162e-02 -1.384472293701560774e-01 2.839339737396511243e+00 -6.115672264334109931e-02 9.951901852467609499e-01 -7.652679572569985600e-02 3.215637295674876128e+01 1.339445507769518318e-01 8.415962869141101199e-02 9.874087371578622596e-01 -5.504395161648464985e+00
9.893892050761472490e-01 5.147308822882557672e-02 -1.358658237636568011e-01 2.892738307501356854e+00 -6.291746913174300904e-02 9.946995810440526498e-01 -8.132733580317477728e-02 3.241647831208120323e+01 1.309595088447023659e-01 8.901272189397269052e-02 9.873835842185044731e-01 -5.659405616840238018e+00
9.897196682628127684e-01 5.050539067261922144e-02 -1.338065161595424490e-01 2.967426592049955403e+00 -6.201923359026954852e-02 9.945906243792036472e-01 -8.332529365001621613e-02 3.254301328797831161e+01 1.288743299444205237e-01 9.076725957079435914e-02 9.874982084395822479e-01 -5.719198092149261115e+00
9.890618698123373465e-01 4.946452510653057133e-02 -1.389599886273325258e-01 3.056717806819650551e+00 -6.134248150489189644e-02 9.946983862051375080e-01 -8.253617657559106369e-02 3.274491195787538800e+01 1.341406636562715582e-01 9.015753566330747537e-02 9.868525224758634140e-01 -5.701781007968707904e+00
9.895300890359681745e-01 4.826702921381792466e-02 -1.360165312869773824e-01 3.150666420484220964e+00 -6.036936135580088514e-02 9.944381419831016533e-01 -8.630366144428289199e-02 3.289686591565310181e+01 1.310944053038175516e-01 9.361130092071742737e-02 9.869403129054812318e-01 -5.806804406979570565e+00
9.892112638524713786e-01 4.581828076618831708e-02 -1.391465436689933999e-01 3.316974808539293829e+00 -5.824159986586868037e-02 9.945424395202091539e-01 -8.656357223598883099e-02 3.311375597257976011e+01 1.344209489345332409e-01 9.373377801423533884e-02 9.864811135276324583e-01 -5.844600135737393565e+00
9.884712644097435330e-01 4.495034569653802436e-02 -1.445822459984788533e-01 3.404070565234833534e+00 -5.776611037546475202e-02 9.946450731059904848e-01 -8.569862914929539388e-02 3.336536491396448412e+01 1.399558356350050770e-01 9.306258629406645444e-02 9.857746796829216507e-01 -5.832578198674371883e+00
9.885887513686838490e-01 4.497015114174517797e-02 -1.437705330503963042e-01 3.484856262133321891e+00 -5.762044637464776992e-02 9.947073498148973902e-01 -8.507157212494453891e-02 3.362184475299705610e+01 1.391839244557101785e-01 9.238492155385474858e-02 9.859476971130848311e-01 -5.793119492677671012e+00
9.886769385298123103e-01 4.748098453369264949e-02 -1.423498062065026715e-01 3.468337015788070410e+00 -5.993721912995333967e-02 9.946164043994173420e-01 -8.453246632236972868e-02 3.384624836637759415e+01 1.375697676900182187e-01 9.210735153768050132e-02 9.862001798876476322e-01 -5.770395862525414366e+00
9.886784542675595144e-01 5.016465891224668183e-02 -1.414157737429852235e-01 3.466646856163608348e+00 -6.277904211918529376e-02 9.942981526753047472e-01 -8.619730539334650998e-02 3.409227466955484687e+01 1.362853841675870925e-01 9.409936547445064969e-02 9.861904499028567583e-01 -5.804769667964655433e+00
9.891447321085172772e-01 4.966970285164024057e-02 -1.382954068673261372e-01 3.540214794127356512e+00 -6.210662572943179138e-02 9.942602573735999094e-01 -8.711663244115402938e-02 3.436466745293393643e+01 1.331745695787067418e-01 9.476001913260997944e-02 9.865521135710538791e-01 -5.798796198326344964e+00
9.892715747219046341e-01 4.998840256059566833e-02 -1.372694833409193460e-01 3.601428324949114579e+00 -6.238980552901243759e-02 9.942019251147551362e-01 -8.757878889415390833e-02 3.457619106257566699e+01 1.320956608420394141e-01 9.520342277226484518e-02 9.866544707642844747e-01 -5.799040329333911892e+00
9.882992074873042654e-01 5.036306419401292978e-02 -1.439730469391965750e-01 3.666261322198806738e+00 -6.357538014226554735e-02 9.940281578125632622e-01 -8.869155831040621829e-02 3.485523553708868150e+01 1.386464839789772474e-01 9.680693797838817172e-02 9.855990915374850392e-01 -5.898724316689065716e+00
9.878935212815406208e-01 5.078058222730357646e-02 -1.465869130537044152e-01 3.698895315831189023e+00 -6.452486987130282015e-02 9.937964785466876227e-01 -9.058200923083133127e-02 3.510700979435807056e+01 1.410777508257403112e-01 9.894388155342924429e-02 9.850417130888881045e-01 -5.961029764217488314e+00
9.881830115770313672e-01 5.170746543746007617e-02 -1.442937061987892844e-01 3.750610684064988654e+00 -6.545140816660664773e-02 9.935882573479228874e-01 -9.218724439598996456e-02 3.537440500298522750e+01 1.386017633349478917e-01 1.005420950565065474e-01 9.852313628392528333e-01 -6.001513201791834007e+00
9.881065635838564010e-01 5.342255024365386018e-02 -1.441924066238118030e-01 3.780400958933371580e+00 -6.718203624677021590e-02 9.934617613885939891e-01 -9.230548555968975943e-02 3.562959572048178103e+01 1.383184478232750425e-01 1.008947956246342703e-01 9.852351228045127529e-01 -5.987468177262742053e+00
9.876186956339300105e-01 5.395075255744613552e-02 -1.473045428112113309e-01 3.834887968262961522e+00 -6.795987896242826343e-02 9.934568570740824889e-01 -9.178740645588666369e-02 3.586801082788394979e+01 1.413887084803693572e-01 1.006617575396499126e-01 9.848230519658248694e-01 -5.966012047633591386e+00
9.874201900270919152e-01 5.601296754003556866e-02 -1.478645183748306668e-01 3.863359887661264036e+00 -6.998887016759647306e-02 9.933819256787018714e-01 -9.107089429415553272e-02 3.614283988046808815e+01 1.417847889568025765e-01 1.002741103288024710e-01 9.848056541360037386e-01 -5.956030519113301835e+00
9.872928409369160496e-01 5.707479924541505184e-02 -1.483081707992147114e-01 3.952972713031718044e+00 -7.105055514446824427e-02 9.933395681199818084e-01 -9.071009326900179859e-02 3.659501198239895814e+01 1.421431139674952937e-01 1.000948035529502372e-01 9.847722403953718118e-01 -5.957047805219508163e+00
9.867592885631045752e-01 5.799436472791907188e-02 -1.514686769409466505e-01 3.999334032841249442e+00 -7.239455373061534638e-02 9.931837052590374304e-01 -9.135182646271738927e-02 3.684510563941972805e+01 1.451383306524531014e-01 1.011077705605977761e-01 9.842317225672442271e-01 -5.986395927174857690e+00
9.873122527460018727e-01 5.573153691083177624e-02 -1.486893115565861567e-01 4.148388089537148105e+00 -7.009393702050906172e-02 9.931799815178380397e-01 -9.316847269968368817e-02 3.706847601679915982e+01 1.424828255284820711e-01 1.024085939058992784e-01 9.844852077728932782e-01 -6.016103616246383012e+00
9.873724118336173472e-01 5.513466893018443421e-02 -1.485122507802793534e-01 4.247339147250476010e+00 -7.000600316339461449e-02 9.928346142854372891e-01 -9.684311125616339166e-02 3.734035678937564739e+01 1.421086903428231962e-01 1.060169654283964619e-01 9.841572654664506592e-01 -6.121678251991777842e+00
9.874329552895311224e-01 5.670450609081385818e-02 -1.475152798769664708e-01 4.242054508035158378e+00 -7.189184642021699545e-02 9.924123157780645466e-01 -9.974646815958443380e-02 3.757749266655263654e+01 1.407399063040572773e-01 1.090980956800617629e-01 9.840172174776766756e-01 -6.211027331798907980e+00
9.878592932570176011e-01 5.687617006691710747e-02 -1.445652724697905900e-01 4.316600392650251194e+00 -7.213647180673377068e-02 9.921026883066786928e-01 -1.026088947895715947e-01 3.782823911759129487e+01 1.375875945026366620e-01 1.117915789904597029e-01 9.841607067475300896e-01 -6.279201251528855110e+00
9.883592313346684088e-01 5.807452355316512077e-02 -1.406178493279437447e-01 4.358214458462039254e+00 -7.350717802352758901e-02 9.915201277727528906e-01 -1.071659040951049718e-01 3.808032476238287245e+01 1.332018191113050753e-01 1.162548318805574771e-01 9.842469656797843136e-01 -6.396511510777618703e+00
9.882831418602041618e-01 6.048206515143834255e-02 -1.401369020277694610e-01 4.349165627279495183e+00 -7.578531701797718012e-02 9.914126271697404347e-01 -1.065719869988260293e-01 3.838755362035919205e+01 1.324878003417981898e-01 1.159436176915763506e-01 9.843800385405940823e-01 -6.354804808562537488e+00
9.879213291353213799e-01 6.343679221055825712e-02 -1.413761678414523493e-01 4.373561586755565500e+00 -7.958185880541293611e-02 9.905573536812501967e-01 -1.116371659308584563e-01 3.881397994236974114e+01 1.329592989924938129e-01 1.215397155749229352e-01 9.836411552743161701e-01 -6.533716894530000374e+00
9.885016409257899594e-01 6.304748164882714723e-02 -1.374391536090111832e-01 4.484438027435142082e+00 -7.878548600638335397e-02 9.905515459782801013e-01 -1.122518683798944400e-01 3.908402928996800085e+01 1.290633684736244013e-01 1.217893666039033679e-01 9.841290551042893853e-01 -6.506062010133037532e+00
9.882190631958033267e-01 6.258022035799576388e-02 -1.396667432009265630e-01 4.605520062411271986e+00 -7.861452604727559024e-02 9.905473907926496402e-01 -1.124082865639188106e-01 3.934497435147635969e+01 1.313119927149500599e-01 1.220638464649486526e-01 9.837975289435374471e-01 -6.527495991037684853e+00
9.882695706042387007e-01 6.392930255931399131e-02 -1.386949894264151439e-01 4.641805895497149059e+00 -7.995689381296840204e-02 9.903442623233189579e-01 -1.132481223467430853e-01 3.960244299145353608e+01 1.301159135136644995e-01 1.230092937853107249e-01 9.838386873329101334e-01 -6.545822915635918449e+00
9.879914591583598416e-01 6.693782340174000978e-02 -1.392558954887453404e-01 4.597083951588992079e+00 -8.329836226072639960e-02 9.898455288146131847e-01 -1.151833839162560991e-01 3.985566395948358576e+01 1.301317004992084692e-01 1.253999875755827942e-01 9.835347394175906199e-01 -6.611733719709214085e+00
9.878287344902281220e-01 6.817837321602672473e-02 -1.398073701242193434e-01 4.620608786803649615e+00 -8.428136632758627400e-02 9.900486853950897226e-01 -1.126953940381316827e-01 4.010881370598650619e+01 1.307327143655691581e-01 1.231069046523009941e-01 9.837447064261843899e-01 -6.510540839485016384e+00
9.874710150401868614e-01 7.158816888624582042e-02 -1.406276236413650516e-01 4.607476783962714428e+00 -8.773367630266303008e-02 9.898069669365968659e-01 -1.121827537823627957e-01 4.040311576402490346e+01 1.311632437000648799e-01 1.231149961592373915e-01 9.836863835708962167e-01 -6.489677929661436195e+00
9.876221683005025342e-01 7.346345462132405912e-02 -1.385841748415546637e-01 4.659356557300358581e+00 -8.942729575497826433e-02 9.895942078667220310e-01 -1.127211716164565752e-01 4.068035899573076364e+01 1.288612100492835810e-01 1.237191359157332332e-01 9.839148153945537212e-01 -6.462757829333739323e+00
9.863617264190628342e-01 8.453936618371342415e-02 -1.412219537496274546e-01 4.781982718480543681e+00 -1.008856744618961271e-01 9.884704558441110844e-01 -1.129080980784974986e-01 4.120130994704710048e+01 1.300485499495254993e-01 1.256154986002575302e-01 9.835182363166604658e-01 -6.422027125338743758e+00
9.862812611511199146e-01 8.564581947827619446e-02 -1.411172119482626552e-01 4.857810701633452410e+00 -1.022758815924164483e-01 9.880696233574794984e-01 -1.151436643619722228e-01 4.144440993029566300e+01 1.295720569669647770e-01 1.279969257603596755e-01 9.832740559219727006e-01 -6.507911092570693334e+00
9.867355957710797210e-01 8.779729280455950136e-02 -1.365448622778708820e-01 4.885128321742141289e+00 -1.045501945216044115e-01 9.871566289470716793e-01 -1.207934052477544207e-01 4.171277282871366054e+01 1.241858319768682772e-01 1.334669446044375041e-01 9.832418084246463685e-01 -6.702181536177043597e+00
9.857581599666204175e-01 8.891709676460519962e-02 -1.427396229579464271e-01 4.957993127898895125e+00 -1.066879053870024435e-01 9.867675541685321239e-01 -1.220962115890052158e-01 4.194791670431897757e+01 1.299943879686999704e-01 1.355859282639867158e-01 9.822005473188437641e-01 -6.820444603589779220e+00
9.859075384128892505e-01 9.137135396890590233e-02 -1.401342262779736170e-01 4.955985228331790893e+00 -1.092158269801685039e-01 9.860717517175767721e-01 -1.254368510513055868e-01 4.218635393173562420e+01 1.267210670633549530e-01 1.389740124574318503e-01 9.821547714203735513e-01 -6.891417009554928974e+00
9.851702090428107184e-01 9.508984952041021899e-02 -1.428200956894036255e-01 4.941367500920037514e+00 -1.137121291692760050e-01 9.851747866799128728e-01 -1.284530706911207187e-01 4.250047091642847619e+01 1.284881741419596768e-01 1.427885156739641670e-01 9.813777197885080739e-01 -7.057488803241703579e+00
9.852414931636160889e-01 9.457366419568216664e-02 -1.426710278554501610e-01 5.064033550013806284e+00 -1.130800374506767958e-01 9.853411288317902583e-01 -1.277331787854931455e-01 4.268794510926655050e+01 1.284994368815747801e-01 1.419812729661752704e-01 9.814933585348515344e-01 -6.975754537022190505e+00
9.850063613723711864e-01 9.556892287654443485e-02 -1.436281624061894191e-01 5.177280971225813211e+00 -1.143711019488673625e-01 9.850367585272498117e-01 -1.289256971636386917e-01 4.297669399676228608e+01 1.291577295207817500e-01 1.434195430558387330e-01 9.811977963564181282e-01 -7.001540015947365525e+00
9.852903864987211380e-01 9.604503043224374426e-02 -1.413442832323615894e-01 5.275244862296063708e+00 -1.144618463950959619e-01 9.850786003066938079e-01 -1.285248494946813758e-01 4.320077270145798565e+01 1.268910556068714168e-01 1.428128262694720874e-01 9.815819663481494262e-01 -6.934796515500273095e+00
9.850576383317337648e-01 9.661139773883027637e-02 -1.425751976721640335e-01 5.363171845482539446e+00 -1.152900850306312758e-01 9.848990203428500401e-01 -1.291592661070972703e-01 4.344071385026423826e+01 1.279439152829743853e-01 1.436668283030000381e-01 9.813206392344040463e-01 -6.940732460822962580e+00
9.848805903985332622e-01 9.947797708524780402e-02 -1.418250849859197527e-01 5.324841579691550919e+00 -1.181692412217054122e-01 9.844321531029609496e-01 -1.301128985387488834e-01 4.372144480609526340e+01 1.266738058373665654e-01 1.449050310102974748e-01 9.813033572257774395e-01 -6.964870172316761199e+00
9.839806816734183448e-01 1.034394711842065856e-01 -1.451974307439586609e-01 5.286786616424147489e+00 -1.226238040781767874e-01 9.838926124680142937e-01 -1.300720177604037797e-01 4.397096175624729852e+01 1.294040987253181896e-01 1.457930140027209331e-01 9.808154649581594109e-01 -6.985408091309492917e+00
9.836922514930851458e-01 1.025588522939741842e-01 -1.477539717523957685e-01 5.475360657423269828e+00 -1.221850880873690537e-01 9.838866148894168662e-01 -1.305294345752184837e-01 4.420964318936747617e+01 1.319862061033153788e-01 1.464541254372411228e-01 9.803728018161591562e-01 -7.011912872619362247e+00
9.840555630440916968e-01 1.035341147611297669e-01 -1.446213536190447957e-01 5.531786627419468694e+00 -1.227965157491685694e-01 9.837054173122193879e-01 -1.313189539649795012e-01 4.441957575761175292e+01 1.286688173639588262e-01 1.469841455097161687e-01 9.807344168565406139e-01 -6.991506095589679504e+00
9.843933043818045014e-01 1.045820071402353973e-01 -1.415359532796941489e-01 5.591747600554069386e+00 -1.238894622160001263e-01 9.830296876235500303e-01 -1.352924033439271145e-01 4.465467183043154620e+01 1.249848928475049137e-01 1.507157491215345146e-01 9.806444511272331965e-01 -7.069328735822671739e+00
9.843224864074412439e-01 1.027931655213354251e-01 -1.433276242556754121e-01 5.775395117204737971e+00 -1.224559652415164041e-01 9.831261792867306282e-01 -1.358950042416710025e-01 4.490076049534492597e+01 1.269400619561896204e-01 1.513158310395134598e-01 9.803008415519085528e-01 -7.062751397032766221e+00
9.841886418298886330e-01 1.051137700094732508e-01 -1.425616100057613411e-01 5.822410268679369061e+00 -1.248915649654199767e-01 9.825633765232060224e-01 -1.377363717970125356e-01 4.514581940944174221e+01 1.255978275828348312e-01 1.533633152670877409e-01 9.801555382880619005e-01 -7.100991977010814971e+00
9.838799013024804863e-01 1.046018988395704813e-01 -1.450475183247802724e-01 5.905515182071943592e+00 -1.245724366321682847e-01 9.828135509859282637e-01 -1.362322723511379396e-01 4.535963870802883235e+01 1.283045121753152717e-01 1.521051174602172096e-01 9.800010129575723594e-01 -7.031133458262083025e+00
9.833986065814067645e-01 1.090918424241343332e-01 -1.450039671535071073e-01 5.871299573485856627e+00 -1.287474437542140138e-01 9.825951362049077931e-01 -1.339062882512030428e-01 4.564866282974437439e+01 1.278721091579513303e-01 1.503521473839553035e-01 9.803279836241186596e-01 -6.919000267084871147e+00
9.835443945357045248e-01 1.095974400484473615e-01 -1.436273828774352890e-01 6.002549938165601340e+00 -1.291603394268813765e-01 9.824151274784371779e-01 -1.348262734805749097e-01 4.593372399196793054e+01 1.263250992341870271e-01 1.511585870414015598e-01 9.804045342954712527e-01 -6.904732618093402330e+00
9.831217435023188456e-01 1.115171394946048999e-01 -1.450364266379366995e-01 6.069913554587538229e+00 -1.311644883804756190e-01 9.822871381061190066e-01 -1.338202350139109931e-01 4.613908637259947909e+01 1.275441666280698327e-01 1.505852114592635682e-01 9.803349323822547756e-01 -6.841270076047879733e+00
9.828518149192879694e-01 1.147829852188607391e-01 -1.443162368346285473e-01 6.080703217127513938e+00 -1.345649289773272472e-01 9.815623207811441375e-01 -1.357486291351084340e-01 4.640863112244726807e+01 1.260737474623034593e-01 1.528406906781735741e-01 9.801760726899173548e-01 -6.877076765256981972e+00
9.827618468289558429e-01 1.154692482504316720e-01 -1.443814570013065290e-01 6.164172512066696363e+00 -1.353498823865449119e-01 9.813579039569650941e-01 -1.364443977565241717e-01 4.664724870663322065e+01 1.259347519761261081e-01 1.536343615525911366e-01 9.800698552628988036e-01 -6.878307114761232910e+00
9.828860038824255296e-01 1.153218947544868561e-01 -1.436522327089686801e-01 6.262670246386345063e+00 -1.352484747945129628e-01 9.811970647955173819e-01 -1.376959334999376394e-01 4.685690376118763822e+01 1.250717931341620848e-01 1.547681512033283746e-01 9.800019724139891197e-01 -6.905436777365689061e+00
9.835096946683206109e-01 1.161734892156779247e-01 -1.386088052646060054e-01 6.329415086573661142e+00 -1.361774670677803334e-01 9.800378950536381417e-01 -1.448496521288119843e-01 4.713398419226157898e+01 1.190141922479428516e-01 1.613364331522455786e-01 9.796969824294043949e-01 -7.080520508785071776e+00
9.827421301611508619e-01 1.188631438487424419e-01 -1.417372874042565900e-01 6.338324573114637595e+00 -1.394990752789130595e-01 9.794197236648890526e-01 -1.458664214016388294e-01 4.737798075910478701e+01 1.214821534327236857e-01 1.631212982126659383e-01 9.790983242079227544e-01 -7.132013619710858343e+00
9.830085843243108190e-01 1.212144234941847643e-01 -1.378447920005931304e-01 6.386132303492852991e+00 -1.415773185675038848e-01 9.786413344986998331e-01 -1.490536858914918716e-01 4.767999838009410496e+01 1.168331545921356684e-01 1.660367487864551905e-01 9.791740458368336508e-01 -7.174379971409855727e+00
9.825560720191172104e-01 1.223203167425042648e-01 -1.400760702274900793e-01 6.448481786818374140e+00 -1.430662865478758983e-01 9.784115142816834920e-01 -1.491406932209450587e-01 4.791995904457578348e+01 1.188091031519233481e-01 1.665792569110464416e-01 9.788440877765974824e-01 -7.175252692228621498e+00
9.820336247764003268e-01 1.249292926664169329e-01 -1.414306601921692108e-01 6.457943011064415373e+00 -1.455384106637372665e-01 9.784855142493447122e-01 -1.462349801711912700e-01 4.816790675918552012e+01 1.201188196328846075e-01 1.641912611501113728e-01 9.790876870494994444e-01 -7.042875793889445291e+00
9.823780044186352089e-01 1.237519705734018982e-01 -1.400675059164679104e-01 6.609054506971833831e+00 -1.441967023351896915e-01 9.786117193318412122e-01 -1.467188257246979655e-01 4.837290721644409075e+01 1.189149589837905918e-01 1.643306196835436772e-01 9.792112540020697642e-01 -7.016100423273073261e+00
9.820247275432121281e-01 1.273319568873561847e-01 -1.393341567919240964e-01 6.651305783545485184e+00 -1.478529520849617140e-01 9.777980184889039084e-01 -1.484942409621841930e-01 4.867494008798542637e+01 1.173326001307481159e-01 1.664259829305798910e-01 9.790482384194091336e-01 -7.024228709877106347e+00
9.818210760796773906e-01 1.283497095324599713e-01 -1.398346403030287233e-01 6.720022230081681869e+00 -1.488510132783522899e-01 9.777726684338973184e-01 -1.476617239153864003e-01 4.891758465076361517e+01 1.177741500149844384e-01 1.657919205709046384e-01 9.791027978009555488e-01 -6.968157698382411169e+00
9.792477531684061764e-01 1.478941339929006615e-01 -1.385682613195324819e-01 6.636390076061193355e+00 -1.685731371127805744e-01 9.739278777890345573e-01 -1.518143152318091327e-01 4.921115520527331455e+01 1.125030459969150048e-01 1.720227136044464034e-01 9.786476642007473359e-01 -7.093785413230924597e+00
9.764861281128197623e-01 1.649806091871849900e-01 -1.387668555363964495e-01 6.622548010173655797e+00 -1.858153601167870095e-01 9.704808980114377759e-01 -1.537513529682976721e-01 4.953379319179694562e+01 1.093045906991218230e-01 1.759210765858901793e-01 9.783170658150448507e-01 -7.155061551062689595e+00
9.767539294263377636e-01 1.644962429845465979e-01 -1.374508908453410949e-01 6.758883759737882357e+00 -1.853243343252394537e-01 9.702490968747679023e-01 -1.557933924163800443e-01 4.975593361405226744e+01 1.077341749730128390e-01 1.776448030696825831e-01 9.781797746248989123e-01 -7.169180693948399075e+00
9.766358527053813354e-01 1.658909000928939781e-01 -1.366112018715970600e-01 6.830127505998860649e+00 -1.867853985345251933e-01 9.696312736864450832e-01 -1.578809931039861780e-01 5.003024437072149055e+01 1.062714736170124602e-01 1.797092161119506759e-01 9.779626636736684642e-01 -7.212159936034331587e+00
9.763339689140816402e-01 1.673605337136555293e-01 -1.369760303832659731e-01 6.853489122928943189e+00 -1.883498996792498381e-01 9.692703918025068477e-01 -1.582378679894020923e-01 5.025586378124573628e+01 1.062840365967229750e-01 1.802924272677454698e-01 9.778539483146811984e-01 -7.202741770978006386e+00
9.758076768058001615e-01 1.700404038199845036e-01 -1.374250303096337944e-01 6.927314755893488218e+00 -1.911117936767957881e-01 9.687007835197217753e-01 -1.584142491252444884e-01 5.054545486968833501e+01 1.061869116440675720e-01 1.808453844504022134e-01 9.777623876579019102e-01 -7.163279292660353903e+00
9.754583383494559445e-01 1.721781056599485105e-01 -1.372433243399104330e-01 6.999105185283587716e+00 -1.932194904882818531e-01 9.682537535261548367e-01 -1.585903442141449182e-01 5.079554894867212056e+01 1.055805788957751151e-01 1.812163588472735509e-01 9.777593633640995208e-01 -7.124882891889365411e+00
9.753458342371370549e-01 1.731594806609556558e-01 -1.368075213337749951e-01 7.098440016985595236e+00 -1.942133453706110235e-01 9.679018165742550028e-01 -1.595219419146247375e-01 5.105022099078428965e+01 1.047935118040184133e-01 1.821589079059414418e-01 9.776688867680589645e-01 -7.112494564027247890e+00
9.750447672141655531e-01 1.746674387574628229e-01 -1.370364468533157021e-01 7.176628256517411764e+00 -1.957184966660228675e-01 9.676502899586739703e-01 -1.592079973044265018e-01 5.128135470750522984e+01 1.047949044136481378e-01 1.820554920369123197e-01 9.776880002475902831e-01 -7.070431326233763691e+00
9.745488215364266349e-01 1.783397363620207732e-01 -1.358290575550274160e-01 7.198934554926017526e+00 -1.991248799905564471e-01 9.669777324905681759e-01 -1.590702581758942635e-01 5.153063271199713569e+01 1.029751261747637314e-01 1.820686774316880863e-01 9.778788882512841063e-01 -7.008050341340799960e+00
9.743220767592207787e-01 1.796127321851302416e-01 -1.357783383923659992e-01 7.353972179534361331e+00 -2.006553774352808905e-01 9.662228036377256135e-01 -1.617124399567271553e-01 5.178720550703722125e+01 1.021465136257921069e-01 1.848046540740946597e-01 9.774524692212148702e-01 -7.063294857796671877e+00
9.708291189921535169e-01 1.968894106349527162e-01 -1.368407165164669259e-01 7.299792072926209130e+00 -2.179834885296787761e-01 9.624658191023428566e-01 -1.616871849841156616e-01 5.204172473798930554e+01 9.987001774982574853e-02 1.867996441096106408e-01 9.773084838039483024e-01 -7.054087836221157204e+00
9.706068556430582639e-01 1.983002339681795845e-01 -1.363794302190060870e-01 7.389788430864401292e+00 -2.198015811478232773e-01 9.611945997874566938e-01 -1.667099465069427910e-01 5.232146245194196155e+01 9.802855045144948098e-02 1.917862313817029485e-01 9.765287731289803430e-01 -7.189327632911233223e+00
9.697115498198690675e-01 2.011003900230717567e-01 -1.386295180634919966e-01 7.505920996092319442e+00 -2.231568401316295358e-01 9.601757927710276030e-01 -1.681174341910885162e-01 5.259414717848023457e+01 9.930022582257293229e-02 1.939615428611997927e-01 9.759704836943016160e-01 -7.235297319108480174e+00
9.697793390130434732e-01 2.024579625915846892e-01 -1.361572877472558563e-01 7.609030715044763582e+00 -2.242547054988456023e-01 9.594918107540625352e-01 -1.705441061940171921e-01 5.282391917875446552e+01 9.611379029593289380e-02 1.959240630426866969e-01 9.758974847983751255e-01 -7.238444770863672773e+00
9.689172555746872195e-01 2.068698325346113032e-01 -1.356621695120569238e-01 7.574373290297806705e+00 -2.284329690773297672e-01 9.586663922981519814e-01 -1.696382236306471503e-01 5.309550318284005499e+01 9.496173170352303905e-02 1.953551142538828833e-01 9.761242998956232153e-01 -7.158319840941248735e+00
9.681173530143044603e-01 2.098504623423069204e-01 -1.367902564048208425e-01 7.654699138546437354e+00 -2.316658377293625559e-01 9.577813304810887107e-01 -1.702523497959081977e-01 5.337199559705133112e+01 9.528761945672307998e-02 1.965138835721172428e-01 9.758599095882949381e-01 -7.162989574649921920e+00
9.646585979040565029e-01 2.249631512351765728e-01 -1.372055759658438179e-01 7.780442210507223955e+00 -2.468659967599863281e-01 9.536574208817005793e-01 -1.720311112588694125e-01 5.364607081651875120e+01 9.214645480689033497e-02 1.998226818546937900e-01 9.754895830724793493e-01 -7.182409871231882903e+00
9.649958566577369057e-01 2.239950294174051781e-01 -1.364156275127463291e-01 7.929315116206206326e+00 -2.458756269826770646e-01 9.536687948507210910e-01 -1.733810998461156327e-01 5.385728148575796581e+01 9.125882252843293962e-02 2.008533209191948055e-01 9.753613539537308030e-01 -7.167191945879331172e+00
9.637889626881548377e-01 2.290367010588762742e-01 -1.365760775851958819e-01 7.917163127665156175e+00 -2.505869255590335576e-01 9.530298774861756250e-01 -1.701183275181027132e-01 5.409763666100198520e+01 9.119774196416194356e-02 1.981823457999022653e-01 9.759132797917476898e-01 -7.017217175774145943e+00
9.622844132658883165e-01 2.345614690028485216e-01 -1.378028491895241237e-01 7.949505035287373289e+00 -2.565826956315215845e-01 9.508789830464756676e-01 -1.731891448762369889e-01 5.442207427600372682e+01 9.041033286072423791e-02 2.020150411720028072e-01 9.752004382957828454e-01 -7.104671262292320932e+00
9.621598132548463411e-01 2.357509509849212703e-01 -1.366381457247739240e-01 8.114010088236058849e+00 -2.579204681977193547e-01 9.497018119412459214e-01 -1.776048999329228328e-01 5.466514277103944863e+01 8.789497051634148628e-02 2.061260718716085849e-01 9.745699136812668861e-01 -7.188983554969159862e+00
9.614377384134252802e-01 2.381641743853441517e-01 -1.375329094937839391e-01 8.188250491189002389e+00 -2.605687202200425157e-01 9.488141895711508234e-01 -1.784813035343742749e-01 5.491338073240301298e+01 8.798532376122282506e-02 2.074354350341030828e-01 9.742839027177063738e-01 -7.195218031007978965e+00
9.610926905156743638e-01 2.398596926835452614e-01 -1.369969637002856899e-01 8.249546811060763929e+00 -2.622011162119226024e-01 9.482126676596920323e-01 -1.792855586680431323e-01 5.515869656443177860e+01 8.689887740681134787e-02 2.082307967507345259e-01 9.742117430979726489e-01 -7.175318460092044326e+00
9.568929904340368608e-01 2.568251708373774367e-01 -1.356342010060812564e-01 8.277321577225892568e+00 -2.785606233347843741e-01 9.437288257014676551e-01 -1.782691298780167966e-01 5.544357881341278471e+01 8.221790550447362345e-02 2.083668283688186462e-01 9.745888778608017278e-01 -7.081356709947129957e+00
9.525001663534822249e-01 2.713729530925368394e-01 -1.382033046870607407e-01 8.354355164232979192e+00 -2.933936082366561671e-01 9.393535525791063545e-01 -1.775812318430291248e-01 5.571299425240952274e+01 8.163102193690990882e-02 2.096941191041082619e-01 9.743535049819894711e-01 -7.040835946185333150e+00
9.521543609950243736e-01 2.739781659756935772e-01 -1.354180099054481667e-01 8.402107461863062454e+00 -2.955992120196396789e-01 9.381215317540584353e-01 -1.804136843833839265e-01 5.597348007947657322e+01 7.760914051530816427e-02 2.118111333901371574e-01 9.742242375759601059e-01 -7.048678951702303408e+00
9.500280885711213097e-01 2.792845679867591580e-01 -1.394516439858308476e-01 8.425890500612030820e+00 -3.016169246766394751e-01 9.363873617612700206e-01 -1.794601334067676135e-01 5.624575348529313601e+01 8.046031117580876302e-02 2.125531435152577531e-01 9.738312479620245821e-01 -7.065259453619030516e+00
9.491900485356827843e-01 2.834151843213376099e-01 -1.367994336864389870e-01 8.570638036116847047e+00 -3.053184728169793249e-01 9.346942981067282163e-01 -1.820087889182226970e-01 5.649192851387360292e+01 7.628159619158250693e-02 2.145283253625798192e-01 9.737344174360847981e-01 -7.020361316056816570e+00
9.490375430462475448e-01 2.834574803027206658e-01 -1.377664645302860980e-01 8.745497034978299666e+00 -3.055440828428920286e-01 9.346843773930602062e-01 -1.816808413043137782e-01 5.670705460760294869e+01 7.726936862973433906e-02 2.145156673014352311e-01 9.736593208888734141e-01 -6.989311979989171419e+00
9.470496644354532423e-01 2.903663971657922116e-01 -1.370557860495237590e-01 8.742104567477603894e+00 -3.121755726317071988e-01 9.325353019625757245e-01 -1.814506060767869522e-01 5.698634568887519691e+01 7.512220007934478083e-02 2.146282040891295539e-01 9.738025411061083103e-01 -6.935700277291608096e+00
9.426479881454681298e-01 3.046986351997117426e-01 -1.362846732128541183e-01 8.842930264301898546e+00 -3.264715497048353843e-01 9.266539321667559559e-01 -1.863566935562349369e-01 5.726496090602032751e+01 6.950609813983690821e-02 2.201618307230439331e-01 9.729839004906777333e-01 -7.053778808853037319e+00
9.371239137805092989e-01 3.206524316434061772e-01 -1.377707817422522962e-01 8.857049962905559681e+00 -3.424744758645641429e-01 9.208855760918233102e-01 -1.862283252551094337e-01 5.754681615467350753e+01 6.715656037940484491e-02 2.217019932864869591e-01 9.727991686729619003e-01 -7.019158162620748875e+00
9.373760037210020490e-01 3.185779974914838553e-01 -1.408342542223308125e-01 9.095340506203600128e+00 -3.411445873517543470e-01 9.213199475083354573e-01 -1.865205748539268404e-01 5.772538276863311779e+01 7.033205647956897177e-02 2.228847546099870514e-01 9.723043700373873444e-01 -7.041099957017466160e+00
9.347510080876674232e-01 3.256813009110176016e-01 -1.420290220905457979e-01 9.146422424327747436e+00 -3.483643844297547587e-01 9.187021485616675420e-01 -1.860876618399346372e-01 5.804006331005625441e+01 6.987709596117752664e-02 2.234234823492888822e-01 9.722135254124730785e-01 -7.012057105579118321e+00
9.327094899028129937e-01 3.312705948684833701e-01 -1.425229820790861746e-01 9.259851855458270720e+00 -3.541036873252756956e-01 9.161160148193987496e-01 -1.879947499641057007e-01 5.829857012922698800e+01 6.829045370970793227e-02 2.258124008262265003e-01 9.717742400193667418e-01 -7.015650670436413883e+00
9.282495767477827453e-01 3.445704095319906402e-01 -1.400855315245597699e-01 9.338619251974211721e+00 -3.666931089257201015e-01 9.108724215786752065e-01 -1.893346124558057120e-01 5.852770119099251644e+01 6.236094237543389485e-02 2.271181729460599319e-01 9.718685345167273892e-01 -6.972843539319871553e+00
9.232957096418310527e-01 3.571685117752358973e-01 -1.412645983721709519e-01 9.461972137104591951e+00 -3.793472400590423010e-01 9.055979733705200596e-01 -1.897049869845128245e-01 5.878040256357714810e+01 6.017228611723954290e-02 2.287421360909921986e-01 9.716256126512696767e-01 -6.944425808913682552e+00
9.213881692170631243e-01 3.605749927338542937e-01 -1.450155724114122469e-01 9.571697184682593118e+00 -3.836778840175736338e-01 9.033781217544079034e-01 -1.915704842904444871e-01 5.906630957753316835e+01 6.192836944911395136e-02 2.321500457688067121e-01 9.707065639558203340e-01 -7.034387930063384253e+00
9.196488571932239786e-01 3.649619717935986829e-01 -1.450818341754945284e-01 9.632827333395360014e+00 -3.880009526638659167e-01 9.015073479294284375e-01 -1.916761914301850500e-01 5.933518520435543309e+01 6.083781879003953563e-02 2.325666802742322181e-01 9.706757950165921800e-01 -7.000267877844350117e+00
9.140097013908364820e-01 3.793105172368153033e-01 -1.439089895627569671e-01 9.768171479289751602e+00 -4.019148269646454219e-01 8.949097247674048239e-01 -1.939099182164412405e-01 5.958545825734258017e+01 5.523348286513532490e-02 2.350747030845033725e-01 9.704066912075159923e-01 -6.980590203001113103e+00
9.125875035109065614e-01 3.826170874186250459e-01 -1.441811806409537544e-01 9.864157643743201476e+00 -4.051147467265727165e-01 8.938543876822347967e-01 -1.921103214454703556e-01 5.982527388389080159e+01 5.537228928259969873e-02 2.337274011246978089e-01 9.707241686200558384e-01 -6.870327207124264035e+00
9.110225182684000833e-01 3.865967778171383040e-01 -1.434604565352728123e-01 9.986583813179235491e+00 -4.087857667165620823e-01 8.924006290002558517e-01 -1.910898068707491126e-01 6.002938953663534249e+01 5.414949803881045215e-02 2.327317097890915787e-01 9.710323285662485482e-01 -6.787766388108179783e+00
9.095619414005493564e-01 3.898232168219311622e-01 -1.439962998908839442e-01 1.011476105964307060e+01 -4.120673563141375451e-01 8.909081663813910312e-01 -1.910055835184548412e-01 6.028390177542675588e+01 5.382906850337822874e-02 2.330675839784448200e-01 9.709695838091475517e-01 -6.754095718942421556e+00
9.039837315806346085e-01 4.026273799466184022e-01 -1.438909516087533980e-01 1.022621339908123517e+01 -4.247681056071754280e-01 8.841258811325430900e-01 -1.946624842400194177e-01 6.052150732873425909e+01 4.884126837463032694e-02 2.370920058309131662e-01 9.702586826587183966e-01 -6.802547054400529092e+00
8.979018791472288541e-01 4.161992835170192362e-01 -1.433540087468608837e-01 1.035041263991332627e+01 -4.378792110263211579e-01 8.778524258679105685e-01 -1.940023581011093845e-01 6.077125386971378163e+01 4.510002189402758516e-02 2.369668221455155099e-01 9.704703566969028472e-01 -6.721900743090603925e+00
8.966113826417261290e-01 4.183959648488931315e-01 -1.450270495992244668e-01 1.046485069378850596e+01 -4.404404999348052185e-01 8.765068890862588447e-01 -1.942880320593824706e-01 6.103905924917835080e+01 4.582787944549678028e-02 2.380766472850551485e-01 9.701645816473802864e-01 -6.700260889771714190e+00
8.950560290419800058e-01 4.214124089552225283e-01 -1.458982057948573774e-01 1.054714044579895393e+01 -4.435892717046786005e-01 8.749605074062289933e-01 -1.940944834557314924e-01 6.127372483206210774e+01 4.586134433392744653e-02 2.384443164724013853e-01 9.700727009033365267e-01 -6.664725845199298782e+00
8.942756820374103688e-01 4.231662541006602773e-01 -1.456067508975460445e-01 1.067660431817878752e+01 -4.452365049832457955e-01 8.741097993308153402e-01 -1.941558995862501524e-01 6.150704407764690274e+01 4.511606306880858869e-02 2.384583403956702929e-01 9.701042009747787853e-01 -6.616613689902258955e+00
8.932268007715650215e-01 4.246871533919998609e-01 -1.476031982282051680e-01 1.085615842529910324e+01 -4.472505565398582905e-01 8.728624177766726167e-01 -1.951362070653429592e-01 6.172495236635313631e+01 4.596544417474830030e-02 2.403165025063017102e-01 9.696056706542907078e-01 -6.632806161811699575e+00
8.921952752596414848e-01 4.262600359112743709e-01 -1.492982672012360679e-01 1.102056982500023352e+01 -4.491958951270091926e-01 8.718768068470665877e-01 -1.950740410285488613e-01 6.195323357632747019e+01 4.701742874102720487e-02 2.411083065078473697e-01 9.693586260654517561e-01 -6.605613156915735473e+00
8.842342367721268692e-01 4.434557168676508399e-01 -1.465497925532899259e-01 1.121567540959172149e+01 -4.653748025184599735e-01 8.630787276824856136e-01 -1.962687010271536303e-01 6.243425661716253217e+01 3.944753098634663779e-02 2.417480858236104868e-01 9.695368767095460250e-01 -6.471175122212270203e+00
8.765896335586969013e-01 4.571496902836119647e-01 -1.503488443953830411e-01 1.131863707905030836e+01 -4.795490643297244393e-01 8.559439418786992659e-01 -1.933718264423226751e-01 6.273360129269281060e+01 4.029031196100716500e-02 2.416073861345128526e-01 9.695372925923649854e-01 -6.407187642786805526e+00
8.762194772574439794e-01 4.579051968848110166e-01 -1.502073844408921555e-01 1.147737321641172237e+01 -4.803836215765409090e-01 8.547348822573146432e-01 -1.966211005298801884e-01 6.294629505351009868e+01 3.835366730442209271e-02 2.444404052493305279e-01 9.689055085434516990e-01 -6.443930462497498901e+00
8.757328832283657327e-01 4.581653289710135857e-01 -1.522381311019560535e-01 1.164396103014425776e+01 -4.811792798397500626e-01 8.540564308382617709e-01 -1.976211365130484676e-01 6.314109058735623137e+01 3.947680186429754906e-02 2.463171619532270595e-01 9.683849636595328603e-01 -6.456108814717583577e+00
8.744109177884030748e-01 4.613818654311949152e-01 -1.501076983491298478e-01 1.172304413714135762e+01 -4.837948531489354997e-01 8.525385714151609839e-01 -1.977890904878133460e-01 6.339128632938675167e+01 3.671630317777839492e-02 2.455702720213243651e-01 9.686832065130117631e-01 -6.370700144444629842e+00
8.725822387168571392e-01 4.630284680361550498e-01 -1.555791581927641609e-01 1.185789609673842904e+01 -4.866008023082112333e-01 8.517953370881277131e-01 -1.940730865110567860e-01 6.361004767734257115e+01 4.266023756242987020e-02 2.450496715015433591e-01 9.685715062028733557e-01 -6.327944849231841751e+00
8.707552283942598947e-01 4.682337858411745324e-01 -1.501414467124297381e-01 1.204274321311965856e+01 -4.905179099377655061e-01 8.484575375061210734e-01 -1.987762236268095783e-01 6.384533277011540520e+01 3.431489843124168465e-02 2.467325046399244659e-01 9.684758948470340023e-01 -6.260427004273607210e+00
8.605030532559764245e-01 4.854445902245252964e-01 -1.545252249921834908e-01 1.221565982369405745e+01 -5.082865603872943616e-01 8.385446446246660468e-01 -1.961826992905997824e-01 6.435908137792351624e+01 3.434046981035062535e-02 2.473589068399099089e-01 9.683151880148164192e-01 -6.159856606197283035e+00
8.608651424779512062e-01 4.852182517036921494e-01 -1.532137548656427595e-01 1.240441121813002212e+01 -5.077552616992434542e-01 8.387624083886029425e-01 -1.966271000927476420e-01 6.453091160069469367e+01 3.310288028479767275e-02 2.470645067340977441e-01 9.684334405776616750e-01 -6.088594878703958102e+00
8.589990432690657318e-01 4.878784288193314111e-01 -1.552265517094625069e-01 1.256135040621559718e+01 -5.108371672126416074e-01 8.369650711255365305e-01 -1.963029758052312057e-01 6.475616814167003099e+01 3.414721448366666440e-02 2.479195603590125807e-01 9.681786298686830827e-01 -6.081247983294502113e+00
8.575101181229889402e-01 4.901614200520940101e-01 -1.562631741940891106e-01 1.272279028675311707e+01 -5.133325035898963495e-01 8.353569920023550255e-01 -1.966429166558164576e-01 6.493340625181252790e+01 3.414876388431375281e-02 2.488382571175341007e-01 9.679428618053244060e-01 -6.066213035194643943e+00
8.495742590766895974e-01 5.034707850697205389e-01 -1.572919161799904431e-01 1.295844056272099643e+01 -5.266394956904337787e-01 8.263634323573993967e-01 -1.994350000411753143e-01 6.530117441451487537e+01 2.957059169545896149e-02 2.522709778071531850e-01 9.672047011170920028e-01 -6.073383427707157445e+00
8.408347706342355066e-01 5.175558023059185775e-01 -1.585335295511630105e-01 1.310363923466972480e+01 -5.406885845897886345e-01 8.168913311696327506e-01 -2.008591734379995830e-01 6.567508262598300917e+01 2.554883533086231562e-02 2.546066467305642678e-01 9.667071492721330817e-01 -6.057562059846017810e+00
8.397002812141846073e-01 5.190271125905927541e-01 -1.597319445968508889e-01 1.323964894609503951e+01 -5.424394704821722257e-01 8.155969603250338151e-01 -2.013976642654675964e-01 6.587638251382973920e+01 2.574604031380306468e-02 2.557585867657965473e-01 9.663977890618968836e-01 -6.053473765447220600e+00
8.380303196210201477e-01 5.214962688147062320e-01 -1.604581721453615939e-01 1.336531717220581328e+01 -5.450019694529064651e-01 8.140947651909520300e-01 -2.005556446005491711e-01 6.606909330761529020e+01 2.603913762673287779e-02 2.555217307804334981e-01 9.664525898411301386e-01 -6.011251611616438062e+00
8.364093809223137610e-01 5.240349099038604797e-01 -1.606448278258734153e-01 1.351450409234623073e+01 -5.475127407185181871e-01 8.124377642886322359e-01 -2.004362190538064026e-01 6.629024150791622105e+01 2.547834877005293597e-02 2.556018238584019109e-01 9.664463572202081076e-01 -5.943226189384301250e+00
8.360778125334628053e-01 5.249045241312848553e-01 -1.595278406290556450e-01 1.372241154488166437e+01 -5.480978108838621132e-01 8.117744387292341601e-01 -2.015218358643925955e-01 6.643560537327780935e+01 2.372089993187651014e-02 2.559247959310438914e-01 9.664056176027100431e-01 -5.889986878775174794e+00
8.272842173526291365e-01 5.385021973860277811e-01 -1.600506392666626310e-01 1.398032865016639370e+01 -5.614990684956373546e-01 8.016647158714771404e-01 -2.050670119868996666e-01 6.674274524122965602e+01 1.787791368642502321e-02 2.595169873767868562e-01 9.655730492640612894e-01 -5.902949140828720687e+00
8.161673262146676988e-01 5.552679971286523797e-01 -1.598385028218644033e-01 1.411239228220665254e+01 -5.776991333826285713e-01 7.897149641592082769e-01 -2.064315544483941167e-01 6.711188668105752697e+01 1.160202174451603618e-02 2.608212544018513324e-01 9.653173915058634869e-01 -5.863291764595201627e+00
8.068844335993905492e-01 5.685865396408636974e-01 -1.601463635372946392e-01 1.424011099623446341e+01 -5.906565413793197772e-01 7.802205306966690790e-01 -2.058659117125220539e-01 6.736565997382417947e+01 7.896894377575264246e-03 2.607014967709941344e-01 9.653871599729058062e-01 -5.800580609614048200e+00
8.061075448805893329e-01 5.692450912382662764e-01 -1.617116328151029236e-01 1.439919386273946955e+01 -5.917011224956567617e-01 7.794771833209055423e-01 -2.056820418011435503e-01 6.751739518260947648e+01 8.967035405776119239e-03 2.614868003996484447e-01 9.651653979980767684e-01 -5.772634883104903025e+00
8.048555652172215691e-01 5.707700920759843921e-01 -1.625700499183014847e-01 1.459395835406022002e+01 -5.934251761709568029e-01 7.774042393390319106e-01 -2.085406649653014088e-01 6.773592161078293827e+01 7.353871452213514570e-03 2.643182752843121763e-01 9.644074708987849798e-01 -5.824883160435877727e+00
8.050229223987428462e-01 5.706624296644841055e-01 -1.621187397619883730e-01 1.480694842684403234e+01 -5.931880873164029344e-01 7.780498122783059411e-01 -2.068003449697327911e-01 6.785588133715302206e+01 8.123267722729407558e-03 2.626459232181619918e-01 9.648580888080817708e-01 -5.707888194631258294e+00
8.033373460462853721e-01 5.731561580517665622e-01 -1.616821787787669495e-01 1.494034629291286542e+01 -5.954818621378816790e-01 7.763472021665951406e-01 -2.066068090671284996e-01 6.803255410136722503e+01 7.103542222844691501e-03 2.622537705647686179e-01 9.649727972914313723e-01 -5.619028662621565751e+00
7.931882590395429311e-01 5.873322410541087502e-01 -1.609137170665612127e-01 1.529440156406183071e+01 -6.089762697943873482e-01 7.652295131405069117e-01 -2.087383411020993507e-01 6.839443733075479770e+01 5.371676950609305390e-04 2.635614365515203117e-01 9.646424625807047404e-01 -5.536040480158495036e+00
7.848404076409833952e-01 5.978237655935698669e-01 -1.631939944527969755e-01 1.551498045142786708e+01 -6.196963876336574195e-01 7.577242171038105489e-01 -2.045248101532258778e-01 6.855085160421310775e+01 1.386249519677737463e-03 2.616500642192579607e-01 9.651618114110852575e-01 -5.408223469019048935e+00
7.718859759241639695e-01 6.142425633497021753e-01 -1.640064435965494227e-01 1.551122914617923598e+01 -6.357522597067835068e-01 7.443977766925911066e-01 -2.041837758805674918e-01 6.888848260347100450e+01 -3.332333914770599370e-03 2.618740602364320047e-01 9.650963019957987665e-01 -5.347992139376009035e+00
7.624103625719473865e-01 6.257008580601862713e-01 -1.650117428114077356e-01 1.589589526608720504e+01 -6.470404654636402464e-01 7.338689718741859824e-01 -2.068211018559781844e-01 6.919950878759814827e+01 -8.311142852063357900e-03 2.644518261292057582e-01 9.643630833671625879e-01 -5.332866229495412114e+00
7.606586477592645057e-01 6.281785006575377750e-01 -1.636770994998843765e-01 1.604501567740768309e+01 -6.490620484166818027e-01 7.317811294664640087e-01 -2.078817833816309080e-01 6.940660754751073114e+01 -1.081105425886774718e-02 2.643636697211517173e-01 9.643624688038090476e-01 -5.260756259259716572e+00
7.590673876572989753e-01 6.298354762708305854e-01 -1.646935755450707195e-01 1.617149341370225812e+01 -6.509298643452773314e-01 7.302632752228942481e-01 -2.073785441268462260e-01 6.957912161692040343e+01 -1.034469422277112249e-02 2.646182565346306137e-01 9.642977577543202505e-01 -5.230297042995757373e+00
7.594409903188990008e-01 6.294384805453018261e-01 -1.644888489602616688e-01 1.639157302803425154e+01 -6.504630819660871532e-01 7.299239180715551001e-01 -2.100210771000122212e-01 6.970188638600474462e+01 -1.213100254016488688e-02 2.664925384244211104e-01 9.637606371612605916e-01 -5.232260897212261952e+00
7.603121326692805493e-01 6.281380556012281513e-01 -1.654328988484418117e-01 1.670791936619928819e+01 -6.494507937863118752e-01 7.304940318608423855e-01 -2.111685011217818153e-01 6.982734065203936780e+01 -1.179522641663663385e-02 2.679945009159684921e-01 9.633482340839065738e-01 -5.217769791385174827e+00
7.463853649961491588e-01 6.442400399421609469e-01 -1.669241080697695945e-01 1.683314960476600675e+01 -6.653336209932151357e-01 7.164910708851264243e-01 -2.096943445063351730e-01 7.019058147836992134e+01 -1.549385993295283870e-02 2.675730111151117807e-01 9.634130080226083193e-01 -5.136764864007328235e+00
7.350848332630697257e-01 6.565595587398184163e-01 -1.690557119235548411e-01 1.705590072140723024e+01 -6.777042360002710764e-01 7.045325116342244787e-01 -2.105965540023394256e-01 7.047685977126867840e+01 -1.916393524028829620e-02 2.693761048752213449e-01 9.628443579874993441e-01 -5.130559422007936021e+00
7.241051844734958109e-01 6.686733691217251474e-01 -1.689603718213412153e-01 1.724742086528315710e+01 -6.893245866158509427e-01 6.937000495422287472e-01 -2.088345171469399297e-01 7.067175671973168960e+01 -2.243426186641515885e-02 2.676866950233248721e-01 9.632447960939101161e-01 -5.027716822560537757e+00
7.131896774494681512e-01 6.799166984875310016e-01 -1.705103137564986382e-01 1.741071636191115601e+01 -7.004970639150421841e-01 6.823561292505251341e-01 -2.090310415240906883e-01 7.085509646750156776e+01 -2.577493794229274160e-02 2.685207552351525084e-01 9.629289987231739456e-01 -4.993509630292114920e+00
7.114344367304707983e-01 6.823109546213765864e-01 -1.682640883779532026e-01 1.752104376173078748e+01 -7.021463816423616500e-01 6.802025166355709640e-01 -2.105112707414379392e-01 7.104819930965585684e+01 -2.918048972407562280e-02 2.679109881402809146e-01 9.630016622276211802e-01 -4.905336366216262789e+00
7.114766843807744934e-01 6.815486914725692458e-01 -1.711499597854712618e-01 1.779356340538799941e+01 -7.022470640421742960e-01 6.807609131437739602e-01 -2.083594014672756900e-01 7.116632739596178681e+01 -2.549487451795183490e-02 2.684324128857834002e-01 9.629610849279581775e-01 -4.880602525976767581e+00
7.099017650545780267e-01 6.827587103634212840e-01 -1.728584027326200423e-01 1.800989259137790555e+01 -7.039294460401149811e-01 6.798576765746160433e-01 -2.056134105553955593e-01 7.131870489244593614e+01 -2.286523496602818617e-02 2.676454427511192335e-01 9.632461253514107424e-01 -4.819350996875100712e+00
7.086398246478287088e-01 6.833638399376699146e-01 -1.756230656512329513e-01 1.819692939122135655e+01 -7.052529246628266302e-01 6.785616744170390735e-01 -2.053591153732253205e-01 7.148030891957587585e+01 -2.116391215309595952e-02 2.693843281966992742e-01 9.628001726964889873e-01 -4.839160647287229722e+00
6.983198825536258703e-01 6.938635201368326122e-01 -1.757918003025555342e-01 1.836588200487670619e+01 -7.154217801545137423e-01 6.687564781941655045e-01 -2.023275793209695639e-01 7.162597808784926201e+01 -2.282582114266303031e-02 2.670546541377999405e-01 9.634110200700961579e-01 -4.716392915661643315e+00
6.820478530974213305e-01 7.090412381299081579e-01 -1.790844736888301258e-01 1.861268516862468303e+01 -7.308814373447650725e-01 6.525377322444166905e-01 -2.000170806260406775e-01 7.208734119011192831e+01 -2.496098215312343715e-02 2.673107379596277866e-01 9.632870386034635413e-01 -4.650622984770257595e+00
6.725049005998696705e-01 7.182195529804857870e-01 -1.785996427366821071e-01 1.880854889455719103e+01 -7.395192363850839889e-01 6.426258367260266890e-01 -2.003580120399387765e-01 7.219721973585320995e+01 -2.912829699075387968e-02 2.668196163865864667e-01 9.633061998273099169e-01 -4.580671639999024158e+00
6.613240218811057280e-01 7.283579886872213471e-01 -1.792907649559907224e-01 1.902203850551678244e+01 -7.494310313770999876e-01 6.314867438234013086e-01 -1.989412515904485090e-01 7.234109404447875136e+01 -3.168070851567215962e-02 2.659306915172136576e-01 9.634714318635096975e-01 -4.508216497371134501e+00
6.502511579776526496e-01 7.380155968593423710e-01 -1.802953419838420057e-01 1.919155968910428811e+01 -7.589758113717256505e-01 6.205598228634698899e-01 -1.971325036626118132e-01 7.255518706375447380e+01 -3.360281686633716236e-02 2.650254422503764418e-01 9.636557298426859930e-01 -4.429279189390797455e+00
6.399166935220627073e-01 7.469741423790594581e-01 -1.803780917097728143e-01 1.939636139092729650e+01 -7.675981800260298638e-01 6.103404790464446172e-01 -1.956464506656923619e-01 7.269568791205408331e+01 -3.605078879188623742e-02 2.636553247223071272e-01 9.639430534907430514e-01 -4.339546201448138518e+00
6.353685696988131681e-01 7.502409919827230933e-01 -1.828803832773323590e-01 1.965178776702583363e+01 -7.714269517198713011e-01 6.060122396242868525e-01 -1.940351091574493703e-01 7.292467383068746756e+01 -3.474534212051662296e-02 2.643626663777159380e-01 9.637972514105820343e-01 -4.320424237103276610e+00
6.337364283816118160e-01 7.505005386926032473e-01 -1.874221992300549311e-01 1.996946063041590236e+01 -7.729603946055306762e-01 6.049353704224204042e-01 -1.912731711013107572e-01 7.310632794839490600e+01 -3.017230043235825943e-02 2.660867133736692369e-01 9.634767735927101118e-01 -4.330480801349120945e+00
6.307763215398820567e-01 7.529106776186812455e-01 -1.877411614760968461e-01 2.014843191457078220e+01 -7.753449358333192043e-01 6.018789017487459203e-01 -1.912642624939377700e-01 7.325337774804141588e+01 -3.100746139628079989e-02 2.662091267359215641e-01 9.634164406840149963e-01 -4.273879875616208857e+00
6.196267144662785942e-01 7.626203844898195028e-01 -1.856687477211081405e-01 2.036715911686022196e+01 -7.839857958149404338e-01 5.899495467489116463e-01 -1.931988722823407556e-01 7.342283972980980877e+01 -3.780220469945248796e-02 2.652728434109933864e-01 9.634320483918454858e-01 -4.178312971572727186e+00
6.074637338707771228e-01 7.715024954526713552e-01 -1.891341099380924595e-01 2.072267469700561549e+01 -7.933688627372864621e-01 5.774518496541396484e-01 -1.926530793160538546e-01 7.359914183958193235e+01 -3.941648983253603911e-02 2.670828726094463534e-01 9.628671141377546094e-01 -4.201115828096743776e+00
5.964110953262444781e-01 7.792354951243816163e-01 -1.925768639011687933e-01 2.114126336048987298e+01 -8.016630058280964644e-01 5.661906433215063705e-01 -1.917409202591872919e-01 7.378788374503878345e+01 -4.037611247273147075e-02 2.687381598386032189e-01 9.623666510162074417e-01 -4.211973716012986202e+00
5.833989602234587180e-01 7.891732695888712401e-01 -1.919666736092440207e-01 2.125173525894695459e+01 -8.108896692159371922e-01 5.526169617734156825e-01 -1.925420419523672377e-01 7.405437469160949604e+01 -4.586499284917788799e-02 2.679926195377962950e-01 9.623286124314369694e-01 -4.140659225363162221e+00
5.715929598507878406e-01 7.978044115754653332e-01 -1.918061759165772540e-01 2.143900737207052032e+01 -8.190497267985209495e-01 5.406801017790296982e-01 -1.918920857447906081e-01 7.420046428688382889e+01 -4.938656983718997528e-02 2.667829612455476784e-01 9.624904250478406587e-01 -4.058484648178330545e+00
5.600444135156240621e-01 8.055988600277163014e-01 -1.932892433944130850e-01 2.164740955344014850e+01 -8.268489254335064098e-01 5.289728470601076094e-01 -1.910721894535667709e-01 7.442890931782380903e+01 -5.168277662235643000e-02 2.668299154801949680e-01 9.623568396418428206e-01 -4.007102827069140893e+00
5.584538725349931232e-01 8.064240292340940641e-01 -1.944467981853104099e-01 2.188150814753251794e+01 -8.280249436879831837e-01 5.277663902014279040e-01 -1.893075011833037780e-01 7.454125879953710410e+01 -5.003963310399099640e-02 2.667263062534390716e-01 9.624723957969987254e-01 -3.964493088510327556e+00
5.593901999590622509e-01 8.061412174119548801e-01 -1.929221132460757215e-01 2.207601735024118028e+01 -8.272286015727676745e-01 5.281359873243869352e-01 -1.917425869045746856e-01 7.455291180010058838e+01 -5.268249168104800761e-02 2.668496139822322255e-01 9.622971675048254125e-01 -3.893824950531497464e+00
5.574704422736180831e-01 8.068639366084086051e-01 -1.954412796520705320e-01 2.230377285388467001e+01 -8.286648622574813716e-01 5.265080572973601658e-01 -1.900100304214206448e-01 7.472113363725095780e+01 -5.041083267558917058e-02 2.678802967777618727e-01 9.621324724523188099e-01 -3.912173214859678172e+00
5.420312809523840647e-01 8.173592154543865007e-01 -1.952588112759763572e-01 2.261125395233069924e+01 -8.386431375799003884e-01 5.112833349986818376e-01 -1.877952053242193942e-01 7.497273074158323425e+01 -5.366356547284004130e-02 2.655433378272090694e-01 9.626042579774550800e-01 -3.764963596927402456e+00
5.403683457098791276e-01 8.183011731916430831e-01 -1.959215172153104534e-01 2.302033726631541910e+01 -8.395732835365133928e-01 5.089032199504304188e-01 -1.900900162970193819e-01 7.504545091814358670e+01 -5.584579237942430274e-02 2.672090991662980919e-01 9.620189939893337705e-01 -3.726216496195404737e+00
5.350050847949112676e-01 8.219728333032287892e-01 -1.952696099116607575e-01 2.317699338036369738e+01 -8.429172256857768719e-01 5.037082263389216497e-01 -1.891258135757535319e-01 7.523360488621027287e+01 -5.709737196914467516e-02 2.657793897764835211e-01 9.623415225813843898e-01 -3.634563431971533198e+00
5.214263803559908705e-01 8.301056607837575818e-01 -1.975832022303786184e-01 2.337000411110050280e+01 -8.512476961265340591e-01 4.900019840543072824e-01 -1.878175057392426905e-01 7.543236357352122923e+01 -5.909221359974224652e-02 2.661252478770167462e-01 9.621254921964591533e-01 -3.614340094675624115e+00
5.079659414807826678e-01 8.388108248578743931e-01 -1.958749662330400987e-01 2.359691332380389639e+01 -8.589923229530612714e-01 4.763791966525896537e-01 -1.876034384128844046e-01 7.561109392321213818e+01 -6.405303586283619954e-02 2.635512494713043719e-01 9.625164660923305471e-01 -3.493372102275494218e+00
5.060812589246471704e-01 8.399603307169785094e-01 -1.958274806738533880e-01 2.382254315956030766e+01 -8.602131524604723634e-01 4.750934930691699254e-01 -1.852552433194562809e-01 7.569937079173865868e+01 -6.257069361338843394e-02 2.622075812503499304e-01 9.629808371071465478e-01 -3.393796371630771525e+00
5.045804057170348855e-01 8.407489186943225556e-01 -1.963157402776460336e-01 2.416921671869020471e+01 -8.610349810648542102e-01 4.733439174349352019e-01 -1.859147579133930139e-01 7.568794074205558786e+01 -6.338277012784158948e-02 2.628436636894199152e-01 9.627542951912727576e-01 -3.365340642540693317e+00
5.019828993498460790e-01 8.420969894946691570e-01 -1.971949011621182690e-01 2.437098847611506969e+01 -8.624630983712114896e-01 4.703715098830988373e-01 -1.868369520149158192e-01 7.583852364641484201e+01 -6.457997141724650114e-02 2.638622803174208720e-01 9.623960329913244793e-01 -3.350541648082331569e+00
4.965929998560176806e-01 8.447475449014232307e-01 -1.994917990219634563e-01 2.456584204777338343e+01 -8.656540374578336472e-01 4.651749314543088820e-01 -1.850820644455605790e-01 7.598076923490428669e+01 -6.354903560993564737e-02 2.646013388656550669e-01 9.622617375452221511e-01 -3.343468697276260393e+00
4.833468022086809812e-01 8.524448065054057722e-01 -1.992830164780826641e-01 2.479306439907347581e+01 -8.726596699392910050e-01 4.510754699955654701e-01 -1.870722342565238339e-01 7.613869084621693162e+01 -6.957707421335120046e-02 2.643270175941939137e-01 9.619200894636042998e-01 -3.306969898951973352e+00
4.698901331470252130e-01 8.598913891140353982e-01 -1.994744637757066563e-01 2.501549381846091080e+01 -8.795588154016904525e-01 4.369715451558886521e-01 -1.882343193289955363e-01 7.624123202441681713e+01 -7.469640567153197630e-02 2.638989724337892917e-01 9.616536691180167518e-01 -3.276342308820209048e+00
4.576928819546952631e-01 8.655761902819837372e-01 -2.032119204794164968e-01 2.528899219962251976e+01 -8.860515140869146267e-01 4.251026965606273800e-01 -1.849335333604198717e-01 7.637470881232059128e+01 -7.368812789243456285e-02 2.646989916750920324e-01 9.615115722724806302e-01 -3.317996291631450934e+00
4.551335132008572648e-01 8.675989351514418191e-01 -2.003136862162182008e-01 2.546397146686643609e+01 -8.870148149692645978e-01 4.221047285144180483e-01 -1.871692180643255432e-01 7.654419628651633900e+01 -7.783446014771766563e-02 2.628681910955639189e-01 9.616871169583480761e-01 -3.164971311078050853e+00
4.534059507793722910e-01 8.686070716813807380e-01 -1.998619494124634355e-01 2.573557471720799228e+01 -8.879404771774530580e-01 4.207298339190169711e-01 -1.858712345694004398e-01 7.660303318341962608e+01 -7.736118398609326263e-02 2.617406385633935240e-01 9.620327880777748142e-01 -3.067580082032189459e+00
4.481140729714320203e-01 8.710580711591591196e-01 -2.011258667437869907e-01 2.600161500123139291e+01 -8.905626070537964178e-01 4.153162437730040235e-01 -1.855011066700905653e-01 7.674897197453789488e+01 -7.805139667231905665e-02 2.622408326839437698e-01 9.618408003150688002e-01 -3.042447949506225768e+00
4.416180674566351216e-01 8.747267524512829517e-01 -1.995660067293499595e-01 2.647537602945399371e+01 -8.933694366514675078e-01 4.081746043886061992e-01 -1.878418004312256695e-01 7.697604747829841187e+01 -8.285247221964167630e-02 2.612405039005951668e-01 9.617114260363430756e-01 -2.880504013923714801e+00
4.400661521525863762e-01 8.750998755245628091e-01 -2.013504149151708056e-01 2.676055019905905397e+01 -8.939655894848813622e-01 4.058098947189611172e-01 -1.901153706703754553e-01 7.700485921073709505e+01 -8.465994653060703035e-02 2.636636819986409863e-01 9.608923749558814231e-01 -2.883090219784038233e+00
4.321117306851488538e-01 8.789160805605199522e-01 -2.019553800630700946e-01 2.696030305450313946e+01 -8.978047722647778395e-01 3.981531576669270489e-01 -1.882037564408475250e-01 7.718292791573716727e+01 -8.500613567782064339e-02 2.626415549222721468e-01 9.611417015847013579e-01 -2.861608248240568919e+00
4.310109571864219058e-01 8.797918739333485671e-01 -2.004889357198830768e-01 2.716066086628119081e+01 -8.981502594612094104e-01 3.968799137338786531e-01 -1.892417646936091491e-01 7.730230020278337122e+01 -8.692333527313983454e-02 2.616344637761547909e-01 9.612448913516041804e-01 -2.770045250960671002e+00
4.300949694371533072e-01 8.795880082289142532e-01 -2.033304036408369042e-01 2.744663485384491608e+01 -8.987467521894316747e-01 3.958950451070007981e-01 -1.884711879536879187e-01 7.738581559225345075e+01 -8.527949749970784032e-02 2.638030497162937582e-01 9.607993329861236331e-01 -2.796159521909524326e+00
4.283379297745785186e-01 8.803597463587761185e-01 -2.036991283917033435e-01 2.768981098496223225e+01 -8.997091614452700226e-01 3.945604983172041891e-01 -1.866693279013146023e-01 7.747721529010846098e+01 -8.396453255915387048e-02 2.632275254580929147e-01 9.610729561866423465e-01 -2.735347850492070521e+00
4.253634004268846969e-01 8.813176211070189447e-01 -2.057795624048771865e-01 2.792630641773035194e+01 -9.010233500276813023e-01 3.910394958007398225e-01 -1.877366118496807124e-01 7.771307625749064130e+01 -8.498764782115234007e-02 2.652684742862751466e-01 9.604216450432900842e-01 -2.747404405443639064e+00
4.252432605030019852e-01 8.819124472631617584e-01 -2.034664708473532535e-01 2.820506086669167445e+01 -9.010157545526883416e-01 3.912203177157603795e-01 -1.873960326533865572e-01 7.773532694061705683e+01 -8.566667639534948642e-02 2.630153956875537213e-01 9.609808126006960105e-01 -2.596721050663789665e+00
4.246374419676750556e-01 8.821295709113637917e-01 -2.037902426586771232e-01 2.839627574168400770e+01 -9.013442389906437535e-01 3.907171900439788681e-01 -1.868652997282125028e-01 7.786121461224659868e+01 -8.521505569749260323e-02 2.630351640520149914e-01 9.610155548973194906e-01 -2.546263707785395347e+00
4.240394233688442593e-01 8.821974029945476303e-01 -2.047396140923740115e-01 2.864763285837304707e+01 -9.015606718374180595e-01 3.897562375771637111e-01 -1.878255314534134912e-01 7.795316458101476087e+01 -8.590065439262790925e-02 2.642306140843065365e-01 9.606264935736201771e-01 -2.523495638419220199e+00
4.251622671023153055e-01 8.815769085600529964e-01 -2.050833999282226650e-01 2.892599076581390705e+01 -9.008874914224948016e-01 3.902902732782279616e-01 -1.899348056120586381e-01 7.799052518025119696e+01 -8.740008255661912973e-02 2.655101822493931563e-01 9.601383070636179129e-01 -2.522378001599710817e+00
4.254094464892254068e-01 8.809817888280900844e-01 -2.071180595481460496e-01 2.922155699892408975e+01 -9.008468190884503235e-01 3.903149807200294585e-01 -1.900768906620262932e-01 7.805541075770790371e+01 -8.661299773100866739e-02 2.674421499666452262e-01 9.596733220451981738e-01 -2.547162994565351113e+00
4.224296683076439463e-01 8.811449016442169935e-01 -2.124543189485611216e-01 2.970667969493314331e+01 -9.024949582230576972e-01 3.871715984188368598e-01 -1.886822825804379544e-01 7.836615628335810868e+01 -8.400015306804656245e-02 2.714439457497733743e-01 9.587816010960675817e-01 -2.612294069316835721e+00
4.190683586944445871e-01 8.821761041074337450e-01 -2.148186027395548592e-01 2.989982306454366423e+01 -9.042898463588661118e-01 3.842903862607832677e-01 -1.859590621609941430e-01 7.860642205527285853e+01 -8.149591715787260493e-02 2.721878402305443201e-01 9.587868350771348025e-01 -2.590349556316312363e+00
4.170042413895005406e-01 8.830545668462971287e-01 -2.152256830284577926e-01 3.009702847259250547e+01 -9.050385332538953831e-01 3.816037503774770689e-01 -1.878399079628239599e-01 7.877884198968794749e+01 -8.374196074134608592e-02 2.731175748093542244e-01 9.583287923992744872e-01 -2.572922977976016323e+00
4.176305937691551229e-01 8.824548778048606490e-01 -2.164672626205433603e-01 3.037201072976007410e+01 -9.048218407642798500e-01 3.821599072219417081e-01 -1.877531405544440590e-01 7.885883896104459723e+01 -8.295856570579621114e-02 2.742757626013009875e-01 9.580661158946766065e-01 -2.548114943505952912e+00
4.183224868083127435e-01 8.825527128942903810e-01 -2.147254199982791545e-01 3.060741417393620623e+01 -9.043354910003446046e-01 3.826319803817173071e-01 -1.891298160162246667e-01 7.891727991619124793e+01 -8.475621952207947063e-02 2.733010730899047003e-01 9.581873025146135925e-01 -2.429170923089141620e+00
4.158375055228317185e-01 8.838069829768895325e-01 -2.143930638846251457e-01 3.084492914600922830e+01 -9.051243077430366490e-01 3.792639702022840842e-01 -1.921167052577408274e-01 7.913757123407327754e+01 -8.848252106058938915e-02 2.739417050171240042e-01 9.576673669490223251e-01 -2.378983778515856518e+00
4.147979743135984387e-01 8.839433650362189532e-01 -2.158396810454031312e-01 3.108551722333540823e+01 -9.058465026946425080e-01 3.787553409926641690e-01 -1.897010944233475105e-01 7.933364773692551353e+01 -8.593459176152769274e-02 2.742052499095827822e-01 9.578239540024058307e-01 -2.324154828257645633e+00
4.154909621017403021e-01 8.835597247293353051e-01 -2.160774704775845767e-01 3.131261050812556945e+01 -9.054593796644906378e-01 3.791280409444761634e-01 -1.908015732304099432e-01 7.940423295054213781e+01 -8.666355744698060748e-02 2.749257016101346873e-01 9.575517147417204056e-01 -2.283171969175788796e+00
4.176762421972399775e-01 8.824915781230581180e-01 -2.162294412097187091e-01 3.157378930861960598e+01 -9.046126801028361308e-01 3.816382435117019467e-01 -1.898108271054813889e-01 7.951392124271755790e+01 -8.498503221836532784e-02 2.748833673236297237e-01 9.577142990828035884e-01 -2.230472046855917156e+00
4.186526523928821852e-01 8.806440048334578385e-01 -2.218019237862766946e-01 3.185984527427265789e+01 -9.041371255613714908e-01 3.812572131122881069e-01 -1.928185562425771549e-01 7.963652397968736807e+01 -8.524092224996851486e-02 2.812633538176276815e-01 9.558372826863549276e-01 -2.397489213354273563e+00
4.169723857829402691e-01 8.822221072981497603e-01 -2.186736904359894429e-01 3.203908339426808993e+01 -9.046491829979406152e-01 3.795306049891848943e-01 -1.938204725453481214e-01 7.981089889914262869e+01 -8.799934770009136542e-02 2.786407602468731204e-01 9.563552904299755797e-01 -2.243335408492757033e+00
4.154138495026501454e-01 8.831195250497252403e-01 -2.180166005544925956e-01 3.226528777438981166e+01 -9.054267040432362190e-01 3.784198356567430865e-01 -1.923562101594989138e-01 7.993359406354846897e+01 -8.737171880414892899e-02 2.773054858048632498e-01 9.568008415003288469e-01 -2.129059399261882923e+00
4.145885714908549291e-01 8.834715592069219969e-01 -2.181612258437840568e-01 3.249882659248082462e+01 -9.059002277874090847e-01 3.779256069167484799e-01 -1.910942514345418397e-01 8.002128629208307586e+01 -8.637762258764029866e-02 2.768577969086253310e-01 9.570207242306769668e-01 -2.064718257341159546e+00
4.121901604346089876e-01 8.842709033449803746e-01 -2.194635303150478389e-01 3.269583891961977429e+01 -9.069214823265664416e-01 3.751823467085643182e-01 -1.916549806627483865e-01 8.016930697841166875e+01 -8.713608056066739216e-02 2.780344874574146585e-01 9.566107501219174303e-01 -2.056919872132080052e+00
4.135958285939269619e-01 8.835663337541503903e-01 -2.196566056961466451e-01 3.304998437869628702e+01 -9.061075503365083605e-01 3.758957576088317598e-01 -1.940914388499776488e-01 8.014197361438012024e+01 -8.892467482580512783e-02 2.793079183767117613e-01 9.560750435709495232e-01 -2.019997418098801401e+00
4.129057181206057248e-01 8.836297827819905581e-01 -2.206972472052142753e-01 3.328473639747764423e+01 -9.062208694539253262e-01 3.743982468027946542e-01 -1.964425833600379478e-01 8.029406979498894259e+01 -9.095385483572815399e-02 2.811127172001405827e-01 9.553549269872820826e-01 -2.019204937951477596e+00
4.083228436083731205e-01 8.856295442009508578e-01 -2.212075175621042167e-01 3.355984956903505889e+01 -9.082183664663500133e-01 3.697999839796016763e-01 -1.959269523620512377e-01 8.046692890726262704e+01 -9.171616106645114064e-02 2.809061805783257260e-01 9.553427989534070131e-01 -1.963433271227965626e+00
4.080590403430263136e-01 8.857275846995236179e-01 -2.213017516800912798e-01 3.380533545044361432e+01 -9.082513905951132838e-01 3.692735221447823735e-01 -1.967650307469041016e-01 8.049745717027235514e+01 -9.255933813706548885e-02 2.812893733242251004e-01 9.551487095622822610e-01 -1.927431331359878097e+00
4.074715051083267481e-01 8.848678379019624396e-01 -2.257783912854843533e-01 3.430754661558987095e+01 -9.081922234863554211e-01 3.667469396523918013e-01 -2.017016793547219689e-01 8.058186514051357108e+01 -9.567579486821600754e-02 2.872378660662820993e-01 9.530690166897797244e-01 -2.078449935505218171e+00
4.082010201632858548e-01 8.827671326688562026e-01 -2.325814193293585241e-01 3.484589748179840996e+01 -9.078226872077352905e-01 3.657263037509133063e-01 -2.051883021412802544e-01 8.071647761031913149e+01 -9.607234632598130042e-02 2.949007633498105241e-01 9.506858808497787861e-01 -2.259046336299862290e+00
3.997463743357388966e-01 8.858468033161329691e-01 -2.355382713276542861e-01 3.511833882753730762e+01 -9.116875050114853218e-01 3.576048321462114155e-01 -2.023479113596500234e-01 8.109582833590398820e+01 -9.501962645350761627e-02 2.956251428418569804e-01 9.505666970330738375e-01 -2.251913637444983074e+00
3.979447232451338579e-01 8.865302591946563338e-01 -2.360171535579758673e-01 3.530258131833771529e+01 -9.126477450437026073e-01 3.563768351625717923e-01 -2.001740363437625181e-01 8.122050160107741590e+01 -9.334929409480620388e-02 2.950587244799999231e-01 9.509081230067586432e-01 -2.160526389301469674e+00
4.007511446636202734e-01 8.854415621054673169e-01 -2.353545413775312289e-01 3.553173048157209735e+01 -9.113956982741323598e-01 3.590401420783613240e-01 -2.011170245000577228e-01 8.118060025112576739e+01 -9.357564436435825139e-02 2.950989943605027421e-01 9.508733786941430122e-01 -2.100576250179512883e+00
4.016246889506212003e-01 8.848059561861085776e-01 -2.362541621282105431e-01 3.580380631869392971e+01 -9.107989902113426961e-01 3.589747859108656236e-01 -2.039173913874114397e-01 8.120118676797692103e+01 -9.561803519899018944e-02 2.970783111871922455e-01 9.500535081598564524e-01 -2.101531342385206447e+00
4.017722531149520160e-01 8.846930519430051820e-01 -2.364260147925904276e-01 3.607296260148329736e+01 -9.106122906339140233e-01 3.586947402969606902e-01 -2.052397121167148231e-01 8.124288755206036683e+01 -9.676937931696658057e-02 2.977520564615250831e-01 9.497259605273206118e-01 -2.074695417849530266e+00
4.024778210164972059e-01 8.847816644779420425e-01 -2.348893564924878774e-01 3.630776304583435632e+01 -9.101940430099368928e-01 3.593747290930122684e-01 -2.059043665358981090e-01 8.129824463239361876e+01 -9.776710929058829436e-02 2.966668338270503358e-01 9.499633582659888775e-01 -1.976753985812602199e+00
4.024442749649190798e-01 8.848108825688637546e-01 -2.348367680659669554e-01 3.654059076761789981e+01 -9.102311396726533443e-01 3.594237273751385020e-01 -2.056547022802648339e-01 8.135267075460907904e+01 -9.755961212603739274e-02 2.965202965860351814e-01 9.500304394040997025e-01 -1.913203857270139530e+00
4.005899232501970442e-01 8.851311274263006235e-01 -2.367923154400229935e-01 3.677622872578282198e+01 -9.110402136173493259e-01 3.572383333919220139e-01 -2.058798249645082679e-01 8.152480181853982799e+01 -9.763934945735647242e-02 2.982007049227217155e-01 9.494961279653204578e-01 -1.917131454684454894e+00
3.993511879379600948e-01 8.850384334188685642e-01 -2.392187284976139972e-01 3.704804701797121425e+01 -9.117983446055213381e-01 3.562014238547637213e-01 -2.043142785477076173e-01 8.168584683725451612e+01 -9.561593730739319230e-02 2.997123904934763661e-01 9.492260402651807594e-01 -1.902071275497047687e+00
4.011440769845856513e-01 8.856738377586221844e-01 -2.338060790700240976e-01 3.725163374198280053e+01 -9.103400631289846334e-01 3.570865294392403522e-01 -2.092132403920806127e-01 8.173351944127414015e+01 -1.018056921910597962e-01 2.967676929905815331e-01 9.495075236324076462e-01 -1.717385154366148026e+00
3.983230956740461126e-01 8.870480726369123214e-01 -2.334189972641132760e-01 3.745397944766772724e+01 -9.114221045708852387e-01 3.541350502788103149e-01 -2.095187663757192842e-01 8.189989262326413666e+01 -1.031913695626890115e-01 2.961993973578674888e-01 9.495353907320214226e-01 -1.626155778873860980e+00
4.002146622097202400e-01 8.857136492485394585e-01 -2.352436092377321319e-01 3.767867465010556316e+01 -9.108297482273916001e-01 3.561302348346780944e-01 -2.087113451171825340e-01 8.195082709461213710e+01 -1.010811253221202688e-01 2.977962178595159881e-01 9.492628817836403776e-01 -1.630512336101244131e+00
3.987302967734415171e-01 8.861844246057921648e-01 -2.359900761071629383e-01 3.796313442385954318e+01 -9.115982662695933936e-01 3.549401608010590570e-01 -2.073790808755555659e-01 8.212239866175794134e+01 -1.000137559000516124e-01 2.978164666982329178e-01 9.493695807187763069e-01 -1.565038546883015469e+00
4.007115577805233642e-01 8.854123835501589435e-01 -2.355316507757136968e-01 3.817784759732158761e+01 -9.107813160576093692e-01 3.570236946529204980e-01 -2.073920822421808086e-01 8.215585145418704371e+01 -9.953713769983311976e-02 2.976222312133364745e-01 9.494805767924480167e-01 -1.502458197930621075e+00
4.105427657461797608e-01 8.806166890762191501e-01 -2.365774385141474201e-01 3.859518535018881380e+01 -9.062633308117228337e-01 3.654050039949664486e-01 -2.125228417876081632e-01 8.233437955203699232e+01 -1.007045814226916330e-01 3.016511726744591781e-01 9.480849947681927459e-01 -1.483299961083054397e+00
4.093358404310395438e-01 8.808312428588809251e-01 -2.378665410315073947e-01 3.883929582804849900e+01 -9.067035070449291911e-01 3.636734470158921040e-01 -2.136126734255369142e-01 8.250959142434271598e+01 -1.016509717171484861e-01 3.031137501652776400e-01 9.475173530915943498e-01 -1.470100832036270289e+00
4.102085670181762067e-01 8.798163855673850620e-01 -2.401084322385134140e-01 3.910226752751376011e+01 -9.064490247122198863e-01 3.643486186090978407e-01 -2.135421497407652136e-01 8.258623155164254115e+01 -1.003947067487108574e-01 3.052428734709207725e-01 9.469676293580767679e-01 -1.485221360664816359e+00
4.092630333062390324e-01 8.804063342002529380e-01 -2.395588785018179789e-01 3.933844248189095083e+01 -9.067787046382412841e-01 3.633229369335013725e-01 -2.138897480306342636e-01 8.269380199306272061e+01 -1.012726536808901401e-01 3.047640566045928812e-01 9.470283625205440092e-01 -1.403474187895914271e+00
4.097447996990473129e-01 8.802965789502841254e-01 -2.391383118783227402e-01 3.967799346064982302e+01 -9.065053532777878065e-01 3.636980292897166178e-01 -2.144103261727144660e-01 8.279385312964051025e+01 -1.017705438636394427e-01 3.046336760425590318e-01 9.470169374528083495e-01 -1.315739973971080667e+00
4.090202989872195882e-01 8.808213100592777733e-01 -2.384454125410326308e-01 3.995345585259213550e+01 -9.068644622587859194e-01 3.633000549737628315e-01 -2.135647844288566244e-01 8.294048066231735561e+01 -1.014851817187539806e-01 3.035900028023299502e-01 9.473826408004279997e-01 -1.186065011579344297e+00
4.085525095468189871e-01 8.809772309283053771e-01 -2.386712499001324983e-01 4.025668277695685049e+01 -9.068083321039192013e-01 3.620266545073207443e-01 -2.159521943698302082e-01 8.307607020933495789e+01 -1.038436120803985924e-01 3.046568889950334591e-01 9.467843916214311317e-01 -1.149332854739875565e+00
4.075980211046161816e-01 8.807645099268124333e-01 -2.410761938578399599e-01 4.047824423410766315e+01 -9.073098587136243509e-01 3.607788026660539993e-01 -2.159339617288391355e-01 8.321541560909453494e+01 -1.032117894073349973e-01 3.067450628783298661e-01 9.461790490848470681e-01 -1.165093205004634536e+00
4.051136359475081550e-01 8.816187344974414364e-01 -2.421391107452905977e-01 4.063716950953471496e+01 -9.083177608614044773e-01 3.579430154930013375e-01 -2.164154406771893191e-01 8.341230015157209721e+01 -1.041239034665665114e-01 3.076121009370523796e-01 9.457975513205655327e-01 -1.132064448536650669e+00
4.062703142693061542e-01 8.812103039421634865e-01 -2.416874675478209999e-01 4.093797584071765527e+01 -9.076674330368252885e-01 3.587165011352700938e-01 -2.178584467437741645e-01 8.347779147054406224e+01 -1.052818253444503943e-01 3.078812628911177796e-01 9.455817601945962769e-01 -1.073419710921401871e+00
4.061712615522302672e-01 8.807878459753821776e-01 -2.433879139791383928e-01 4.114527497542281509e+01 -9.078267461991300635e-01 3.585447388145850400e-01 -2.174770543158093261e-01 8.355336439138591231e+01 -1.042856901716159440e-01 3.092869875219901310e-01 9.452333331908063796e-01 -1.066293556615505622e+00
4.025562534161989392e-01 8.823709393643057730e-01 -2.436595744083653037e-01 4.132294275677849527e+01 -9.091645609248111271e-01 3.543885581497895343e-01 -2.186973959856604033e-01 8.377939012645744299e+01 -1.066220614784227083e-01 3.095646543419741104e-01 9.448817178823101237e-01 -1.016192051801827922e+00
4.004728284840025632e-01 8.826797526529301940e-01 -2.459633466648727396e-01 4.151179181854175226e+01 -9.097425171855395565e-01 3.509336313578371724e-01 -2.218425991709428169e-01 8.399585028450368895e+01 -1.094991601380606444e-01 3.126052472985111352e-01 9.435506840072217516e-01 -1.075988787939932134e+00
3.990835728759998258e-01 8.835698499178173959e-01 -2.450237175800179523e-01 4.174248028515481934e+01 -9.105817320341399457e-01 3.505614449142233635e-01 -2.189693645818014400e-01 8.409878120047045513e+01 -1.075788601270364353e-01 3.105011975111494071e-01 9.444658782602523006e-01 -9.263992010229751273e-01
3.998629194937274312e-01 8.823759958547708893e-01 -2.480367866935352383e-01 4.212111383739726023e+01 -9.101192788766131470e-01 3.501706008370649714e-01 -2.215027054609549351e-01 8.427412696009744764e+01 -1.085934796894658799e-01 3.143137799217692874e-01 9.430876438169588649e-01 -9.616129550572742879e-01
3.970856582493094145e-01 8.835227117956406806e-01 -2.484161785270636025e-01 4.235378481923704186e+01 -9.111381936822507965e-01 3.469881156158813873e-01 -2.223205785229632747e-01 8.448757985650793501e+01 -1.102278187489800221e-01 3.146217814497543896e-01 9.427952919967436118e-01 -8.852891003029149664e-01
3.969610657359724515e-01 8.837028191837592583e-01 -2.479742721663628358e-01 4.261663784802139787e+01 -9.107221903298496901e-01 3.456656478328861137e-01 -2.260538695733217973e-01 8.456602643468571046e+01 -1.140482543950679661e-01 3.155702572723665944e-01 9.420235710397538709e-01 -8.771588812588489992e-01
3.994972991779142113e-01 8.818444150882474020e-01 -2.505041626943931843e-01 4.287159286659051105e+01 -9.101182346087930419e-01 3.487489659238343087e-01 -2.237385925575433587e-01 8.451947596602769863e+01 -1.099395605872888759e-01 3.173713697621813878e-01 9.419069522374015069e-01 -8.837211856010076527e-01
3.957172654898036823e-01 8.822726200005629460e-01 -2.549566037399596530e-01 4.309782683905562095e+01 -9.118582314670363731e-01 3.444583425254252873e-01 -2.233002820653077203e-01 8.474678149223709056e+01 -1.091897957644454714e-01 3.208480547891470192e-01 9.408156643248130058e-01 -9.930535492398921971e-01
3.973633538614316230e-01 8.819747727493570943e-01 -2.534223061250028275e-01 4.368213772856120869e+01 -9.110425955619002591e-01 3.460473214926136354e-01 -2.241710069559030016e-01 8.494297580635736722e+01 -1.100170626758886494e-01 3.199558587078970007e-01 9.410231104487614129e-01 -7.540945005091580500e-01
3.949189954429118687e-01 8.830100636741706754e-01 -2.536379594786601355e-01 4.393218017958900390e+01 -9.119328085324591715e-01 3.432815181645896274e-01 -2.248029181499113516e-01 8.512066403991194363e+01 -1.114340152756894270e-01 3.200797193462147083e-01 9.408142396364894688e-01 -6.726500273878333047e-01
3.928197642546658042e-01 8.833401702983194603e-01 -2.557396651836491008e-01 4.412375857669260881e+01 -9.129089846806814901e-01 3.410486179037504062e-01 -2.242387698753925962e-01 8.526930468681636910e+01 -1.108594538151635306e-01 3.215524588045904908e-01 9.403798156790296181e-01 -6.661474181421983554e-01
3.913426540254159036e-01 8.833926311640082352e-01 -2.578146356308615994e-01 4.453653330808381128e+01 -9.132275343168977377e-01 3.382734966571703250e-01 -2.271266431416854858e-01 8.539687235159169632e+01 -1.134301446081365239e-01 3.243277673349318491e-01 9.391193223598988116e-01 -6.316952443120437133e-01
3.925559452430681384e-01 8.828711599884625505e-01 -2.577563669726667395e-01 4.483702217047797944e+01 -9.128295465700969613e-01 3.397373771492639971e-01 -2.265407987016253011e-01 8.549400123739157209e+01 -1.124368656755997259e-01 3.242175649596509834e-01 9.392768078733135795e-01 -5.685630262125709322e-01
3.910265285812319913e-01 8.829400389666064441e-01 -2.598367593997398806e-01 4.509942145635954347e+01 -9.134617458626728137e-01 3.377524853432950502e-01 -2.269601231272685982e-01 8.565562174797454986e+01 -1.126316686870464517e-01 3.260983689534104335e-01 9.386021313499649521e-01 -5.732862205591142679e-01
3.906635666994066058e-01 8.822778163407900553e-01 -2.626172737019132342e-01 4.532330888657199353e+01 -9.134287065565924735e-01 3.361618155947679876e-01 -2.294411292126585789e-01 8.579820751697207015e+01 -1.141489189263261012e-01 3.295164465227138351e-01 9.372240584721427403e-01 -6.312173259273502479e-01
3.881468906128809904e-01 8.832278866336813472e-01 -2.631548813534594911e-01 4.550404164136951835e+01 -9.147061082158660650e-01 3.343510412213026584e-01 -2.269848383192478725e-01 8.593160337024278306e+01 -1.124932304635995611e-01 3.288128365907144746e-01 9.376712598736465232e-01 -5.465541586422559828e-01
3.896265200968104248e-01 8.818832977055502953e-01 -2.654675574627408663e-01 4.579741907183687744e+01 -9.143192741680511437e-01 3.358077737399882690e-01 -2.263921464640529235e-01 8.592823887105119240e+01 -1.105053832266014446e-01 3.309304886585350269e-01 9.371625109628346495e-01 -5.623180224469147559e-01
3.871325474567255398e-01 8.827832770794581396e-01 -2.661241747916167077e-01 4.594055178846262066e+01 -9.151275772588272073e-01 3.326480100728852474e-01 -2.277867834948704429e-01 8.610063997670087588e+01 -1.125606860322707209e-01 3.317212490983996176e-01 9.366381931442588904e-01 -5.334743588080516075e-01
3.890019721691636567e-01 8.823470568142423032e-01 -2.648417206177036132e-01 4.634843989013722165e+01 -9.145386543441470506e-01 3.352666316636271349e-01 -2.263080542166427123e-01 8.613445861347592825e+01 -1.108896539759157279e-01 3.302422701959432105e-01 9.373598709230790416e-01 -3.574502348792435447e-01
3.876793733758741034e-01 8.823734293868915612e-01 -2.666867723958314951e-01 4.678827372284037978e+01 -9.149698891095333630e-01 3.332135020505198053e-01 -2.275936380352416855e-01 8.635520103368983769e+01 -1.119589455192300936e-01 3.322437255438313031e-01 9.365251205146487568e-01 -3.019774084165562922e-01
3.882867357728607693e-01 8.820825589437312209e-01 -2.667653838678019640e-01 4.704148282074791609e+01 -9.145923206373297587e-01 3.333849241387020212e-01 -2.288566787058131102e-01 8.642526278322682742e+01 -1.129349275205880354e-01 3.328435842318596127e-01 9.361948785277606211e-01 -2.465592869901954698e-01
3.851837776797988333e-01 8.831180562259915989e-01 -2.678356887719517410e-01 4.723334508200530024e+01 -9.161153150285604729e-01 3.309452832939339118e-01 -2.262917343510792156e-01 8.657614094244773639e+01 -1.112033586832739673e-01 3.325322814902702540e-01 9.365127307113527699e-01 -1.701853166223440961e-01
3.853774064317482262e-01 8.821563687793693154e-01 -2.707109078591715678e-01 4.744748109143567660e+01 -9.161805997615920516e-01 3.308254625460548271e-01 -2.262026126101969736e-01 8.667597514585197871e+01 -1.099880140398447753e-01 3.351934581002239955e-01 9.357072097693723833e-01 -2.154969049609786191e-01
3.837792862796772786e-01 8.828973456589899182e-01 -2.705655862281299839e-01 4.760041067609882504e+01 -9.166724495598774780e-01 3.288840250121565223e-01 -2.270394642120556750e-01 8.681688290273538655e+01 -1.114678412841820787e-01 3.351530622269671689e-01 9.355465489430929704e-01 -1.521297727504616337e-01
3.829749043019473609e-01 8.827850924269354804e-01 -2.720674608689572227e-01 4.779250267044636757e+01 -9.169498564826320530e-01 3.275966847937507032e-01 -2.277792194398443604e-01 8.694442598001650424e+01 -1.119517010652142514e-01 3.367059439643310670e-01 9.349309728144070686e-01 -1.547163371264491660e-01
3.798135748974229564e-01 8.843703551916467509e-01 -2.713498169924570269e-01 4.795859877021770501e+01 -9.182744175312477219e-01 3.249696652123676976e-01 -2.262008196258563641e-01 8.716065773669104999e+01 -1.118648400136842413e-01 3.350877370927828336e-01 9.355225630730403807e-01 -7.219819203504174165e-03
3.787152167757832366e-01 8.842022157259464832e-01 -2.734249920687542579e-01 4.819426406774942961e+01 -9.187451721956686468e-01 3.235022092434289842e-01 -2.263926438331680946e-01 8.733739246755175145e+01 -1.117232883047331871e-01 3.369462306065278967e-01 9.348717262439965037e-01 5.193184295396724437e-04
3.767007090694922677e-01 8.840850053294934119e-01 -2.765687602353007479e-01 4.842754448878817897e+01 -9.197530023056118553e-01 3.214367278748143653e-01 -2.252395274434433048e-01 8.748319668203058086e+01 -1.102315314978200012e-01 3.392228372687812188e-01 9.342252812565945419e-01 -1.380746748927152989e-02
3.730736673851758889e-01 8.854693281656165205e-01 -2.770561451794687491e-01 4.851708549839410978e+01 -9.210811487778782780e-01 3.175955884417663855e-01 -2.252610919984901483e-01 8.769477585979677770e+01 -1.114699783340753619e-01 3.392301741889419131e-01 9.340756569196848602e-01 3.989988330723572008e-02
3.750633291900897781e-01 8.852182574284239713e-01 -2.751656515850610107e-01 4.871871055565539166e+01 -9.202513541775165784e-01 3.198012880158443982e-01 -2.255317745193661794e-01 8.768584164495736388e+01 -1.116465146401519198e-01 3.378102616836731742e-01 9.345690359036696870e-01 1.580657228119318192e-01
3.751819139777243794e-01 8.848668712246606782e-01 -2.761324892747886173e-01 4.899358869423495833e+01 -9.201693207895070836e-01 3.195591772628068039e-01 -2.262086499338500645e-01 8.780745185654433271e+01 -1.119238692227381426e-01 3.389580393443969997e-01 9.341201716385389986e-01 2.054664467178091702e-01
3.695527770502886611e-01 8.862105072727682886e-01 -2.793952071417167282e-01 4.911973307288776880e+01 -9.226208545430937269e-01 3.142089323349293029e-01 -2.237040580837005577e-01 8.810466375588326571e+01 -1.104604170578377537e-01 3.404463006705859551e-01 9.337530790434490635e-01 2.079533211464410225e-01
3.672825433426483155e-01 8.868628197069069463e-01 -2.803174492914591864e-01 4.925715179309921155e+01 -9.233316948183040163e-01 3.113360404589454733e-01 -2.247853448410372379e-01 8.829771002457449924e+01 -1.120808400205576538e-01 3.413857187007974248e-01 9.332168431653096174e-01 2.253761435051790385e-01
3.701898767016346126e-01 8.854743016777687492e-01 -2.808820326327344796e-01 4.946177850195712011e+01 -9.221729765031648762e-01 3.138131408087816432e-01 -2.260935958027587289e-01 8.824591333550027628e+01 -1.120555960000303442e-01 3.427193804324402682e-01 9.327309202986048264e-01 2.305457335984700262e-01
3.689223675152916160e-01 8.852935055752166882e-01 -2.831107481768500023e-01 4.980892052193876651e+01 -9.225390495517080680e-01 3.116724253713293313e-01 -2.275565892594280659e-01 8.850512671684963095e+01 -1.132165570892482570e-01 3.451314361942371955e-01 9.317007582648841879e-01 2.649855528426525719e-01
3.677072460969574852e-01 8.851851033658094670e-01 -2.850240585407709526e-01 5.008312966888061624e+01 -9.231987700691445253e-01 3.106300765920786411e-01 -2.263028644520840293e-01 8.861335659388505803e+01 -1.117828793268919041e-01 3.463470633564844636e-01 9.314227287294040147e-01 3.038219771817587400e-01
3.682662683921457125e-01 8.852715382887920148e-01 -2.840321444138317331e-01 5.046733134694377299e+01 -9.227088089513234559e-01 3.105663192484307000e-01 -2.283791041932508037e-01 8.881248768395252569e+01 -1.139667032433331062e-01 3.461832821559664986e-01 9.312189461708607618e-01 4.554117371264307934e-01
3.659516007716373531e-01 8.861852882888120453e-01 -2.841743491470537508e-01 5.062111199904562397e+01 -9.237602007385675718e-01 3.088548927605377914e-01 -2.264414863696987690e-01 8.896165821065980595e+01 -1.129004757479695753e-01 3.453755782309342881e-01 9.316486422131091683e-01 5.552120693809188268e-01
3.647231820121314971e-01 8.873316358227352207e-01 -2.821693969428553106e-01 5.079785151939608312e+01 -9.240625193716802688e-01 3.077093190131801048e-01 -2.267673593904295237e-01 8.910225157546129537e+01 -1.143916989794661471e-01 3.434494767219686273e-01 9.321786288818239008e-01 7.139926185786206192e-01
3.606244380338307076e-01 8.881374850393475295e-01 -2.848891404753199907e-01 5.099406920050343928e+01 -9.256517505824750636e-01 3.032829597399877564e-01 -2.262482772861539870e-01 8.938488443193094213e+01 -1.145375542622735499e-01 3.452987894553581349e-01 9.314772647060587385e-01 7.220587442186390259e-01
3.592946254664181049e-01 8.882280155173194469e-01 -2.862837134052707011e-01 5.115952110662681207e+01 -9.262257242068236973e-01 3.019075656268402907e-01 -2.257381882509479076e-01 8.954647896920353389e+01 -1.140757639838171633e-01 3.462698575785077004e-01 9.311734026506923723e-01 7.601818225628682590e-01
3.600476020668963439e-01 8.880802851571785173e-01 -2.857956111647312891e-01 5.134537982567945136e+01 -9.255967700026408451e-01 3.016972483014798145e-01 -2.285812541045168234e-01 8.962407435548514911e+01 -1.167747558616857029e-01 3.468316269927811391e-01 9.306296142456375042e-01 7.899120927603628939e-01
3.594305747689093833e-01 8.879035266689339068e-01 -2.871184237386404936e-01 5.157655625106083619e+01 -9.257136888840655775e-01 3.004391059834535804e-01 -2.297618545549255376e-01 8.976492171291192790e+01 -1.177447584138974213e-01 3.483728906283226068e-01 9.299314495925599111e-01 8.110024665420640932e-01
3.600157879312079201e-01 8.869267879219080442e-01 -2.893950678688187450e-01 5.177750257789762145e+01 -9.256076669126882539e-01 3.007348300075896042e-01 -2.298021082861430586e-01 8.984346545697545139e+01 -1.167864692193472942e-01 3.505986806689849744e-01 9.292155216743022139e-01 8.016817753829668103e-01
3.606041213429189707e-01 8.867241568604741220e-01 -2.892834895229637882e-01 5.197495921779287897e+01 -9.251579378803508336e-01 3.006314147134517833e-01 -2.317402478301204272e-01 8.993436817115612314e+01 -1.185219711592682829e-01 3.511994050784680854e-01 9.287688195805517966e-01 8.343903466433462146e-01
3.566206463145797922e-01 8.884933784983739535e-01 -2.887927128352041350e-01 5.210933025151674514e+01 -9.267657350832829710e-01 2.973909040968886197e-01 -2.294862140434093534e-01 9.018164668497624348e+01 -1.180126556675753086e-01 3.494827127698600377e-01 9.294809554677846419e-01 1.001571869875058862e+00
3.590318554729799994e-01 8.875482265771905688e-01 -2.887113995936311239e-01 5.237318049651616292e+01 -9.258211972381849009e-01 2.995296997425396235e-01 -2.305147928368117827e-01 9.018666372263609787e+01 -1.181153567495920598e-01 3.500572874142576785e-01 9.292516656041507339e-01 1.054766042826656314e+00
3.606853429724985460e-01 8.866966646667598928e-01 -2.892665003654156242e-01 5.264364021837862850e+01 -9.252544114002366760e-01 3.010895139192022452e-01 -2.307582691742607883e-01 9.021036043646776648e+01 -1.175174776329595411e-01 3.508762309942673463e-01 9.290185751501658373e-01 1.102354299587750219e+00
3.607786399891000917e-01 8.870211239730780850e-01 -2.881532553228450255e-01 5.278787897337182500e+01 -9.253811785701315795e-01 3.019502470470281086e-01 -2.291194506286910459e-01 9.028512727922097270e+01 -1.162258459886172796e-01 3.493130028123432873e-01 9.297698525928091984e-01 1.222813586976585487e+00
3.582882296345953899e-01 8.876136013791940949e-01 -2.894333069153668392e-01 5.294784621307753270e+01 -9.264079663163947709e-01 2.995722786834872364e-01 -2.280893022259155578e-01 9.047102226923568935e+01 -1.157489717052786748e-01 3.498550335368073028e-01 9.296255327055782391e-01 1.264588393745428085e+00
3.584610173236522090e-01 8.872062283236389346e-01 -2.904665341877361029e-01 5.313103085113126411e+01 -9.265204191014447810e-01 3.000077572893212752e-01 -2.270578308588246941e-01 9.057689259083369393e+01 -1.143049082383399417e-01 3.505145560315214848e-01 9.295557723787476467e-01 1.310766241737310933e+00
3.587363703902525236e-01 8.870781839527825952e-01 -2.905176623103334910e-01 5.333456818203156757e+01 -9.261777319626713911e-01 2.995221032512130899e-01 -2.290880147027594960e-01 9.066072286529629309e+01 -1.162025188010554350e-01 3.512531924680586393e-01 9.290415326589480660e-01 1.347334747629122198e+00
3.604007083019620250e-01 8.858334756782081376e-01 -2.922505480291004432e-01 5.380415102956097684e+01 -9.256715813121382253e-01 3.009879664291522650e-01 -2.292124944585898771e-01 9.083152022838817174e+01 -1.150802024960403819e-01 3.531363722879717337e-01 9.284671505017080273e-01 1.435488460387997378e+00
3.599424094109107131e-01 8.857362245219627672e-01 -2.931088577253291305e-01 5.399555815319089902e+01 -9.257719323769723063e-01 3.001175263878179678e-01 -2.299473843683889906e-01 9.092425037215237182e+01 -1.157056227262728554e-01 3.541197691804797154e-01 9.280147617064553600e-01 1.464050433273920371e+00
3.566420897887141450e-01 8.864810333263144493e-01 -2.948860751948937375e-01 5.416529112739224416e+01 -9.272808504299323573e-01 2.974310701246125621e-01 -2.273433151655644968e-01 9.114021409887644154e+01 -1.138272560377353720e-01 3.545224056068072560e-01 9.280933248901654942e-01 1.524128559226814561e+00
3.572498619320303437e-01 8.864604938453813920e-01 -2.942113678989104475e-01 5.434003858926583774e+01 -9.269162964182694475e-01 2.977426344493905308e-01 -2.284195767997476978e-01 9.125763743481878976e+01 -1.148856630906768400e-01 3.543121737712936481e-01 9.280431929245944733e-01 1.606591052185726953e+00
3.565988808542679411e-01 8.869887091757487907e-01 -2.934080230127030231e-01 5.452287230337337576e+01 -9.271013229668617628e-01 2.971665334012117965e-01 -2.284188879655129067e-01 9.138633083190661921e+01 -1.154139295171022345e-01 3.534728861186466897e-01 9.282976589717198967e-01 1.704839330703191935e+00
3.544984189240196759e-01 8.872698330383720355e-01 -2.950984824773412729e-01 5.469760791588281990e+01 -9.278573758063887178e-01 2.947047563463524034e-01 -2.285383922856701056e-01 9.157525204764765192e+01 -1.158082947895012343e-01 3.548258022845809379e-01 9.277322290893269541e-01 1.731395440935092012e+00
3.541194937470878434e-01 8.870314225840588707e-01 -2.962678509335887611e-01 5.490036327575418085e+01 -9.283554190725810118e-01 2.951634550771904397e-01 -2.259087219774131294e-01 9.161876120070655816e+01 -1.129406925199192835e-01 3.550405471708779070e-01 9.280035613281474305e-01 1.769681602705409418e+00
3.564033660992236285e-01 8.859751816121550494e-01 -2.966894305506210250e-01 5.514428600882420284e+01 -9.273967485488978646e-01 2.968304044622865900e-01 -2.276554013584738412e-01 9.164984764766302305e+01 -1.136305918935355264e-01 3.562859645762997962e-01 9.274418580330846540e-01 1.790124053115471847e+00
3.576361141660350240e-01 8.848508708865997496e-01 -2.985554322658440785e-01 5.537229079152888289e+01 -9.269833220094095827e-01 2.976421758309857335e-01 -2.282784612770030197e-01 9.168224556731466635e+01 -1.131297067998427025e-01 3.583965282446563982e-01 9.266895909534965670e-01 1.775842627039045496e+00
3.577872183027454023e-01 8.842588620976457037e-01 -3.001242596341734403e-01 5.558462047806420259e+01 -9.271768145274368322e-01 2.981795037124864711e-01 -2.267865475916296392e-01 9.171221942580559983e+01 -1.110471117226326243e-01 3.594095830213106524e-01 9.265491301655346401e-01 1.765925766063325630e+00
3.548926650552048923e-01 8.845522397140004323e-01 -3.026855323714030543e-01 5.574893642510994596e+01 -9.284198973444395264e-01 2.953741495074720946e-01 -2.253677128997803036e-01 9.188030347261157260e+01 -1.099440335123029328e-01 3.610006191403043463e-01 9.260620186981877167e-01 1.751445544107416818e+00
3.539455381678050516e-01 8.832630450318816884e-01 -3.075206485621920227e-01 5.610860851056472143e+01 -9.287935145641077472e-01 2.933357558471343385e-01 -2.264878399500579176e-01 9.204739298837368722e+01 -1.098415372923899347e-01 3.657875443786990921e-01 9.241938698469308600e-01 1.673720437192222743e+00
3.551468738166898564e-01 8.834758733273343490e-01 -3.055177233267104553e-01 5.639059864429918889e+01 -9.284960432013570353e-01 2.954541955688687604e-01 -2.249486965514066183e-01 9.206009582519925516e+01 -1.084702529620738820e-01 3.635618235861088898e-01 9.252334865606015590e-01 1.854828027593195650e+00
3.556140383117599724e-01 8.829487029255547181e-01 -3.064967271565595119e-01 5.658895794205605512e+01 -9.280802515545640841e-01 2.948299593713399336e-01 -2.274694303230895553e-01 9.215143847757039453e+01 -1.104794208439697500e-01 3.653448823497797981e-01 9.242929267882593614e-01 1.865721708719859429e+00
3.541004868262622729e-01 8.842529588621854675e-01 -3.044824296619997317e-01 5.673872516259957166e+01 -9.286673930676738742e-01 2.940296714511230203e-01 -2.261048990164422623e-01 9.225448788385257615e+01 -1.104070572123671684e-01 3.628267590046456714e-01 9.252929399211310413e-01 2.034698306333644791e+00
3.564027657903414692e-01 8.833486367605382084e-01 -3.044211794049382913e-01 5.697804579695988991e+01 -9.277180516720361370e-01 2.958694424389735067e-01 -2.275972091935494213e-01 9.226521347315782862e+01 -1.109787598544711013e-01 3.635332982879966313e-01 9.249471638407320562e-01 2.086835629541465842e+00
3.556118225577655778e-01 8.831768844799042784e-01 -3.058411718155592540e-01 5.716724388930909129e+01 -9.278123664963798811e-01 2.941177940107085886e-01 -2.294753490522717376e-01 9.236637944782596321e+01 -1.127139930688813990e-01 3.653673685027777340e-01 9.240141999990171273e-01 2.079868952612893285e+00
3.537349071901417785e-01 8.833260137546954383e-01 -3.075821335178969274e-01 5.735999387976663400e+01 -9.284753274714490079e-01 2.918238753364514881e-01 -2.297224239389810130e-01 9.254199138231930988e+01 -1.131599828206397568e-01 3.668432624539461617e-01 9.233747013429476347e-01 2.095032491866737345e+00
3.540949291557523582e-01 8.831005998192856810e-01 -3.078150609456933307e-01 5.754187802824104381e+01 -9.282416370895995028e-01 2.917705944989376077e-01 -2.307322763701623314e-01 9.262646490607646399e+01 -1.139484283323078107e-01 3.674278851483032682e-01 9.230452344798938391e-01 2.123455409903460378e+00
3.524834774420150252e-01 8.828808569311826782e-01 -3.102850150987718214e-01 5.776961844259822243e+01 -9.288784954040313346e-01 2.897743472019771449e-01 -2.306849983844011520e-01 9.278612006162684622e+01 -1.137547313579863467e-01 3.695297283956036072e-01 9.222297115825014435e-01 2.113441040517229919e+00
3.521416152655919563e-01 8.835877934268868694e-01 -3.086565957583687347e-01 5.791106590249503228e+01 -9.291356490548309255e-01 2.903099952607688383e-01 -2.289695444969718219e-01 9.281978444643118564e+01 -1.127085997322215954e-01 3.674135516807969237e-01 9.232031486014896648e-01 2.275760810959915670e+00
3.529301183641909700e-01 8.835657457117593871e-01 -3.078179730884154086e-01 5.809458760963619284e+01 -9.287938899656253966e-01 2.910887188298485473e-01 -2.293671025507340588e-01 9.288932025648568924e+01 -1.130585755878773663e-01 3.668500112782056566e-01 9.233844419911029222e-01 2.372696192098432633e+00
3.540549889082903467e-01 8.828120442353167840e-01 -3.086874784992284515e-01 5.834665779839826172e+01 -9.285564286909843146e-01 2.924849483130904648e-01 -2.285508996852429475e-01 9.298341177428181936e+01 -1.114810457692050338e-01 3.675533288699070478e-01 9.232965541313660207e-01 2.454265055118984851e+00
3.556013754467584054e-01 8.822418075136886362e-01 -3.085401997396020057e-01 5.854411750594502450e+01 -9.277999745637224294e-01 2.933519742495392935e-01 -2.305034195049045498e-01 9.303848492916718271e+01 -1.128488767331334852e-01 3.682309224914137036e-01 9.228602921034106954e-01 2.497647941329331545e+00
3.534867858951843411e-01 8.828236182877168270e-01 -3.093049485392620479e-01 5.871015900880638583e+01 -9.288602047627977365e-01 2.921102968679596401e-01 -2.277944127315805756e-01 9.313471243507945019e+01 -1.107511273328868062e-01 3.678233726356930355e-01 9.232768568189060332e-01 2.564866604432251673e+00
3.524952836713713955e-01 8.832208971317095925e-01 -3.093023146685091596e-01 5.887652223941278606e+01 -9.293306486243769760e-01 2.915432574793864751e-01 -2.265989288273514424e-01 9.327897848301608974e+01 -1.099619048436063645e-01 3.673191744085329002e-01 9.235718724576877925e-01 2.655964302332526117e+00
3.510779317304452141e-01 8.838045538314448502e-01 -3.092471446572684912e-01 5.901171972677391153e+01 -9.297676712057793003e-01 2.899683454307400154e-01 -2.268268860358950423e-01 9.342976689535537105e+01 -1.107987519444813551e-01 3.671619115253647037e-01 9.235343887980487221e-01 2.731977766467005075e+00
3.593790035337431910e-01 8.804084806417568076e-01 -3.093988348930346577e-01 5.939789270754993566e+01 -9.270282092449365630e-01 2.987696825947996349e-01 -2.266172456507420940e-01 9.347645599296890850e+01 -1.070767532343967765e-01 3.682629277788848632e-01 9.235350480303949894e-01 2.845616439419027088e+00
3.602276156282301356e-01 8.799200588388055300e-01 -3.098011539551027704e-01 5.959167529003400432e+01 -9.266081742059290027e-01 2.991071653185753965e-01 -2.278863645544447758e-01 9.357752943823633984e+01 -1.078580383353741623e-01 3.691552433708609193e-01 9.230877801478283295e-01 2.898545194729909014e+00
3.633269698969713302e-01 8.780525502067723087e-01 -3.114758931616837812e-01 5.983016234688901136e+01 -9.253882690390630161e-01 3.013827017421757404e-01 -2.298369391883585688e-01 9.351655193085851181e+01 -1.079354643774316086e-01 3.717420963059875350e-01 9.220399933645275770e-01 2.848287828202102023e+00
3.649690655476621748e-01 8.770628785242114978e-01 -3.123432219659819653e-01 6.002834266325167079e+01 -9.245675536435723485e-01 3.020067122160395856e-01 -2.323075214580848924e-01 9.355170963584893684e+01 -1.094185539239420080e-01 3.735674676564899599e-01 9.211269875353292891e-01 2.856305577264326434e+00
3.603264918144709616e-01 8.771340982428007527e-01 -3.174910912080282088e-01 6.023137726084956967e+01 -9.263383248795370450e-01 2.963854781176935571e-01 -2.324929164949316451e-01 9.382860898041785447e+01 -1.098277157918210456e-01 3.778775225661546999e-01 9.193184708158627094e-01 2.768535493267370473e+00
3.628128262252712233e-01 8.741313978167194465e-01 -3.228949557943255888e-01 6.068642565719091664e+01 -9.252247283925939536e-01 2.966289024391486340e-01 -2.365808449739681130e-01 9.400541849690014828e+01 -1.110227683733470833e-01 3.845849627699116091e-01 9.163887555584604439e-01 2.661887213076872705e+00
3.726137647904599337e-01 8.715655245433582277e-01 -3.186416776194553879e-01 6.072939811307735170e+01 -9.220839258552160356e-01 3.090666168017776050e-01 -2.328928080858997385e-01 9.411171741329360430e+01 -1.044998371678750038e-01 3.805934350539487143e-01 9.188190361685609764e-01 2.918899058911500255e+00
3.780255854271107330e-01 8.693295142271181275e-01 -3.183753326753396284e-01 6.083374344694125568e+01 -9.202214522200019564e-01 3.151531934236692090e-01 -2.321011493917555790e-01 9.432112968141727549e+01 -1.014353766523342776e-01 3.807159838626509862e-01 9.191116384829933761e-01 3.003415319071916834e+00
3.735624315915766491e-01 8.701897767132518169e-01 -3.212800370504362846e-01 6.096166046742757061e+01 -9.221213785911679395e-01 3.107635604939767981e-01 -2.304738002772344363e-01 9.463874142144784685e+01 -1.007138165720708745e-01 3.823555439284849200e-01 9.185101878469501546e-01 3.027245327736963976e+00
3.752615107632879532e-01 8.704937112492224793e-01 -3.184642793394729665e-01 6.110890077120885167e+01 -9.211416296305857676e-01 3.119211890992705793e-01 -2.328159572546640299e-01 9.457136535007413158e+01 -1.033290699714421307e-01 3.807175730990785545e-01 9.189000124237590716e-01 3.146477798119467373e+00
3.750230413648690808e-01 8.696154652944672048e-01 -3.211334005769737598e-01 6.134921525722781155e+01 -9.215271850792525754e-01 3.120794888503316544e-01 -2.310715036494649377e-01 9.461685817743992288e+01 -1.007242056575908401e-01 3.825902967400024446e-01 9.184112908904399353e-01 3.125093963368205774e+00
3.735055149145519726e-01 8.689043947411603241e-01 -3.248057621531876826e-01 6.158270520596926900e+01 -9.222136702050662826e-01 3.100428516235408383e-01 -2.310743963403219248e-01 9.474811292688772824e+01 -1.000778537705345889e-01 3.858478754077062645e-01 9.171182258727839098e-01 3.066927628105518000e+00
3.720040500051474686e-01 8.698987957833926865e-01 -3.238658238752142315e-01 6.169781628759774605e+01 -9.227130088319143164e-01 3.085661043842604645e-01 -2.310577039561279578e-01 9.482798282576476367e+01 -1.010628028115374138e-01 3.847896104622957059e-01 9.174547757618088939e-01 3.165093761983041265e+00
3.710026476330260392e-01 8.706092002035805688e-01 -3.231047136303748513e-01 6.185039304491081680e+01 -9.230281629415184597e-01 3.075572617243741425e-01 -2.311439836496086975e-01 9.492542248742510935e+01 -1.018628777626591209e-01 3.839897801784400433e-01 9.177013691024018538e-01 3.273920227261536198e+00
3.710554015507339098e-01 8.696797154073665492e-01 -3.255381415272037837e-01 6.207145660817953114e+01 -9.231144370137411848e-01 3.073655056531900964e-01 -2.310545003053662561e-01 9.494255943986287605e+01 -1.008842165892534642e-01 3.862429786332961523e-01 9.168635319935305450e-01 3.264296354964068669e+00
3.711884115841295184e-01 8.698723560267496158e-01 -3.248711241802239580e-01 6.223449841087157353e+01 -9.232931489297264704e-01 3.085552448821232696e-01 -2.287431354055524113e-01 9.494627613313113557e+01 -9.873664084361404025e-02 3.848580843326596113e-01 9.176793179966052927e-01 3.357816573810825211e+00
3.707187614874746240e-01 8.705153728797140333e-01 -3.236828470297510307e-01 6.235871208537595578e+01 -9.232268660802759319e-01 3.074755284262716826e-01 -2.304581375577284819e-01 9.503503028253032880e+01 -1.010927971162377814e-01 3.842678557973295828e-01 9.176701266643356725e-01 3.440639609390011788e+00
3.716432183393438837e-01 8.694078446166968455e-01 -3.255937929096995309e-01 6.258885468874355951e+01 -9.229445926617922957e-01 3.081213696607733032e-01 -2.307260289493312522e-01 9.504360281237259755e+01 -1.002726141014248368e-01 3.862527945236367000e-01 9.169264864665803705e-01 3.429876974313211591e+00
3.663831659267636764e-01 8.716362957870500416e-01 -3.255972106638995722e-01 6.281289655199353206e+01 -9.249347722726311005e-01 3.030872343998455287e-01 -2.294205644331590022e-01 9.531991800491202582e+01 -1.012869328514677258e-01 3.852120146237437148e-01 9.172527792397573432e-01 3.577913476793519010e+00
3.619748277503330725e-01 8.730293135904354518e-01 -3.267935765692613903e-01 6.300313717327008334e+01 -9.265651110336579066e-01 2.985122779312286978e-01 -2.288394960217616236e-01 9.552296361514244438e+01 -1.022316931792761618e-01 3.856296637139340899e-01 9.169724332680762036e-01 3.647371174626372170e+00
3.626095781794328454e-01 8.723657851384850614e-01 -3.278600779787746999e-01 6.321546163704935140e+01 -9.264312832902944495e-01 2.992239089112750383e-01 -2.284515915395538554e-01 9.554614685909642446e+01 -1.011897779107749779e-01 3.865785680241099476e-01 9.166884092159105490e-01 3.672680851123267143e+00
3.608500894368948941e-01 8.730425289717194115e-01 -3.279999322561657493e-01 6.337853597780201653e+01 -9.270708539520362557e-01 2.974639637744801446e-01 -2.281552585592034887e-01 9.557870907291211893e+01 -1.016210839640434849e-01 3.864090227495200480e-01 9.167121808025318064e-01 3.730106648546073433e+00
3.620752431447950004e-01 8.724219823623735603e-01 -3.283007812853085405e-01 6.355889043832151231e+01 -9.265779302057979283e-01 2.984022422804255559e-01 -2.289310836421161455e-01 9.556433526753207275e+01 -1.017588205374697075e-01 3.870865361814082029e-01 9.164110191120042881e-01 3.785488515178053515e+00
3.627025959937634214e-01 8.719726149720264941e-01 -3.288017420851518935e-01 6.372955810720795000e+01 -9.264133963326369736e-01 2.991296270910396293e-01 -2.286475131983816411e-01 9.556316102304951698e+01 -1.010200274936280673e-01 3.875373852097646621e-01 9.163022040298522963e-01 3.820043199042903126e+00
3.602015657691339801e-01 8.718332734844153054e-01 -3.319059735270110667e-01 6.392071572555463632e+01 -9.275978110125370213e-01 2.969395904791082286e-01 -2.266918185794303819e-01 9.565234547246701879e+01 -9.908144640755955912e-02 3.895300025050037473e-01 9.156687414814582704e-01 3.777642649011843545e+00
3.593358587226130885e-01 8.718473246923259534e-01 -3.328062244954506643e-01 6.409590529736200892e+01 -9.276331715958501256e-01 2.947790542168255978e-01 -2.293512767569819977e-01 9.575796816533362232e+01 -1.018549929611025223e-01 3.911362315381532451e-01 9.146791835321420594e-01 3.802491314072796502e+00
3.569522554062547481e-01 8.723748136164325429e-01 -3.339869337684968076e-01 6.424132746569955543e+01 -9.286805427570531402e-01 2.928768431241151049e-01 -2.275425328726863317e-01 9.584229837120268769e+01 -1.006853358978004875e-01 3.913889872356488553e-01 9.147005651063084830e-01 3.850630290197293970e+00
3.551032567910215043e-01 8.729073685854393805e-01 -3.345659918247130826e-01 6.445653198906991577e+01 -9.292505985761838616e-01 2.905715070020988833e-01 -2.281699462337961615e-01 9.593230967891885541e+01 -1.019558829210653328e-01 3.919195391758025782e-01 9.143325832267013009e-01 3.907923953526759586e+00
3.537838812590079485e-01 8.731371572293811223e-01 -3.353631912221545219e-01 6.462393343465423357e+01 -9.295480951243642043e-01 2.884238007243559165e-01 -2.296781444247213422e-01 9.601140771443886024e+01 -1.038137958653775894e-01 3.929926409503264884e-01 9.136626729526108326e-01 3.929884579214149021e+00
3.505383651560758373e-01 8.739136165378217358e-01 -3.367459656528802303e-01 6.475656975402260684e+01 -9.308315501122302882e-01 2.854307469031147626e-01 -2.282146227523398352e-01 9.612420347043583035e+01 -1.033222138233996640e-01 3.934517499670261431e-01 9.135207937307812109e-01 3.954324841011493064e+00
3.485318565416987147e-01 8.741156329020037807e-01 -3.383007615893381947e-01 6.488757827610909601e+01 -9.315394873747452342e-01 2.830976564231388881e-01 -2.282321195391291413e-01 9.622555632799914349e+01 -1.037291108474068940e-01 3.946866823748376163e-01 9.129417803555440747e-01 3.957080748533401859e+00
3.457292536661028537e-01 8.743796286006865204e-01 -3.404872218565698216e-01 6.505097417836937268e+01 -9.323606182995475278e-01 2.792343728377078005e-01 -2.296341491808601698e-01 9.636574068415698946e+01 -1.057116862204224295e-01 3.968481197058359444e-01 9.117766224697677613e-01 3.943415243618722421e+00
3.448012447167544403e-01 8.747271160280002400e-01 -3.405357163751172034e-01 6.521881942640094110e+01 -9.327873991875005322e-01 2.787243979673477146e-01 -2.285177846355906373e-01 9.637208913526640686e+01 -1.049750901823637839e-01 3.964406417902647806e-01 9.120389509106108239e-01 4.021508855535009808e+00
3.463803251823547313e-01 8.744213637024510488e-01 -3.397174546992136612e-01 6.539076012240053615e+01 -9.322906094122914711e-01 2.806528406951137589e-01 -2.281845801350770586e-01 9.630058295861394413e+01 -1.041868030425372460e-01 3.957540419383095420e-01 9.124274482726100199e-01 4.092882941853530632e+00
3.443546058689215261e-01 8.750538787037192012e-01 -3.401479307337273994e-01 6.548455238129611189e+01 -9.331580783538235835e-01 2.792174278628763995e-01 -2.263926429472456481e-01 9.632036604301470106e+01 -1.031305300086222121e-01 3.953711387332367599e-01 9.127134032306769562e-01 4.140534844211381404e+00
3.447430287331194609e-01 8.751174385364659525e-01 -3.395905076843138692e-01 6.566266237045161347e+01 -9.329160904455633396e-01 2.793256376568659105e-01 -2.272548268692008433e-01 9.634908325803618823e+01 -1.040183268836833708e-01 3.951539660903831130e-01 9.127067057688135199e-01 4.215607606887748382e+00
3.420150844096387921e-01 8.747095325227651763e-01 -3.433786769006970108e-01 6.590185876177956459e+01 -9.336869986281610689e-01 2.750743104934575411e-01 -2.292655933612479935e-01 9.646573466481409298e+01 -1.060861472059566601e-01 3.990204974939940419e-01 9.107844816149656131e-01 4.151101853943295339e+00
3.397351141529705298e-01 8.753343756664093700e-01 -3.440490996764353215e-01 6.604291081263122010e+01 -9.345892750223161460e-01 2.731743784656952556e-01 -2.278566346700112433e-01 9.648898553527634192e+01 -1.054653460845311058e-01 3.989554984288081751e-01 9.108850482078907351e-01 4.189351964049076393e+00
3.386581409175181134e-01 8.760413255265994126e-01 -3.433107332430622716e-01 6.614482899662274917e+01 -9.348865528625859289e-01 2.720738620533181829e-01 -2.279538261668429544e-01 9.648421609156092416e+01 -1.062910949562647228e-01 3.981550069470313757e-01 9.111392833019591464e-01 4.246985149893722777e+00
3.387537037461868517e-01 8.759497395357853655e-01 -3.434501157452570230e-01 6.627493923141754806e+01 -9.348857176959479709e-01 2.722478455786351281e-01 -2.277494356215264970e-01 9.648345377178029025e+01 -1.059935047367192018e-01 3.982375727941568355e-01 9.111378669381740014e-01 4.292893073127429737e+00
3.376174029299634505e-01 8.761402991427311715e-01 -3.440823527252048208e-01 6.643460847531510183e+01 -9.352528261266361831e-01 2.709262774501766113e-01 -2.278181366992759194e-01 9.654076023043356258e+01 -1.063796994777048005e-01 3.987193604593028406e-01 9.108821170348870844e-01 4.328437824452958438e+00
3.332689944804330118e-01 8.763798111409920599e-01 -3.476926860641166295e-01 6.657887225460339664e+01 -9.366277996343200796e-01 2.655057364598454317e-01 -2.285499264035918132e-01 9.671440883761400187e+01 -1.079821386627122515e-01 4.018272396582819317e-01 9.093265239716877835e-01 4.265614598962180537e+00
3.296228524772241153e-01 8.794884852751286841e-01 -3.432911000786911249e-01 6.689411487008970880e+01 -9.378900307457905816e-01 2.633578410461422381e-01 -2.258427279926782383e-01 9.668168509648309339e+01 -1.082176757856042476e-01 3.964122246197443467e-01 9.116722452831320656e-01 4.562272345422072384e+00
3.292028025795308288e-01 8.792381978986207880e-01 -3.443337133214935952e-01 6.706601098801122873e+01 -9.379207843834067582e-01 2.622952287697959406e-01 -2.269489263826016123e-01 9.676249764106135842e+01 -1.092250749388508219e-01 3.976699690957144484e-01 9.110041046471832882e-01 4.590770801596506523e+00
3.279129299785055185e-01 8.795166519989865428e-01 -3.448529675229795588e-01 6.717636873078824067e+01 -9.385900567632856628e-01 2.618314555910381536e-01 -2.247064623195563771e-01 9.681024885110026901e+01 -1.073397209704019251e-01 3.973597208066913522e-01 9.113635040873782067e-01 4.645911695509188810e+00
3.274830096152968606e-01 8.804323717387347870e-01 -3.429194033702582245e-01 6.725855032931053756e+01 -9.387762473651066752e-01 2.620806278257431510e-01 -2.236356454180603581e-01 9.683422690100655927e+01 -1.070235291718390352e-01 3.951614648633781091e-01 9.123559507618907993e-01 4.766738930499168525e+00
3.270687009128787626e-01 8.797599369013616721e-01 -3.450340828186019282e-01 6.741897688912779074e+01 -9.386662679073610738e-01 2.602441118531472197e-01 -2.262269651006105775e-01 9.692401608576101069e+01 -1.092323321001074377e-01 3.978636144070962777e-01 9.109186802096514990e-01 4.733622783197066752e+00
3.273953614608958729e-01 8.791521377137867521e-01 -3.462712752267622651e-01 6.757821165654949880e+01 -9.386577485039613311e-01 2.605978615077775284e-01 -2.258547890814963655e-01 9.695523331915589438e+01 -1.083231668082286769e-01 3.989740258849591159e-01 9.105414972431430387e-01 4.746736338527096422e+00
3.246077972418816016e-01 8.805078316869926480e-01 -3.454500489327574364e-01 6.764816893876864867e+01 -9.394036725030404655e-01 2.575605475669571209e-01 -2.262372746140868529e-01 9.709656631302031826e+01 -1.102293883570711619e-01 3.979554280002727262e-01 9.107584527565724120e-01 4.829755439780270443e+00
3.199748050296520319e-01 8.817205268713523836e-01 -3.466771360213148356e-01 6.779128533420099245e+01 -9.407772837064583005e-01 2.524200231611368750e-01 -2.263232961257619635e-01 9.732549808679105752e+01 -1.120456451993310371e-01 3.985637269007757943e-01 9.102706899548229647e-01 4.883272238031902468e+00
3.206657557769893030e-01 8.784171866265987338e-01 -3.543398359075415893e-01 6.808868750054097063e+01 -9.406409716131295395e-01 2.514022560483823998e-01 -2.280163769918542860e-01 9.741810931067031731e+01 -1.112116702270049967e-01 4.064236113869306166e-01 9.068912903499102285e-01 4.677280286892756322e+00
3.223034919419600630e-01 8.768563882010658173e-01 -3.567118354540548819e-01 6.829059702258841469e+01 -9.393784144617660647e-01 2.496836399132055240e-01 -2.350027114800834482e-01 9.750098669845057486e+01 -1.169985193295942083e-01 4.108295929344363273e-01 9.041738726837930118e-01 4.596154028742152953e+00
3.232653062663759513e-01 8.761384757847774374e-01 -3.576044085494931579e-01 6.844569132392820165e+01 -9.389865017832432770e-01 2.500611951497281327e-01 -2.361646632101349896e-01 9.750204037874399887e+01 -1.174899622664551391e-01 4.121295547880742260e-01 9.035183112902641644e-01 4.611393270227946317e+00
3.231559421608384275e-01 8.761647231822607962e-01 -3.576389448830948892e-01 6.861185253471300882e+01 -9.390684217249368748e-01 2.501127869818725591e-01 -2.357839967156309391e-01 9.753836785840492496e+01 -1.171355469751906297e-01 4.120424391238273754e-01 9.036040570934318339e-01 4.692577347459775616e+00
3.219414763450016981e-01 8.769484232497125609e-01 -3.568124840425900834e-01 6.876325891210682073e+01 -9.397038596144106082e-01 2.500545068215356270e-01 -2.333010926764353399e-01 9.756844167919265942e+01 -1.153704556399980929e-01 4.104073666225808714e-01 9.045747351033731620e-01 4.792643080953652657e+00
3.221170649497193672e-01 8.764020951963741313e-01 -3.579943630891188056e-01 6.889378005778490888e+01 -9.392936790930129787e-01 2.486569254227231074e-01 -2.364257131854110849e-01 9.762186137018775867e+01 -1.181862127495849485e-01 4.124185992104671961e-01 9.032955873584160855e-01 4.796612168030598866e+00
3.225597332543487239e-01 8.765234455174786277e-01 -3.572980099875330828e-01 6.902055186332476922e+01 -9.391336559913749937e-01 2.491995830097057940e-01 -2.364900505561765565e-01 9.756956908308056597e+01 -1.182505588450115247e-01 4.118327540227424421e-01 9.035544189736918197e-01 4.849347129518569055e+00
3.190662855837873568e-01 8.767178630708238884e-01 -3.599479045310488567e-01 6.920821240485021519e+01 -9.403113663680837675e-01 2.454113221430066494e-01 -2.357706878367381576e-01 9.780748215943728496e+01 -1.183690824613940207e-01 4.136895835485218109e-01 9.026902507398084641e-01 4.867903256477550400e+00
3.193361415822137950e-01 8.764371722982011725e-01 -3.603918862756449459e-01 6.937477745628838477e+01 -9.402990990982744712e-01 2.458035407181596854e-01 -2.354107550758655909e-01 9.786270474261912966e+01 -1.177371348146262348e-01 4.140513282001991868e-01 9.026070378084215529e-01 4.923083086675694275e+00
3.204107450090958320e-01 8.755497492448978125e-01 -3.615931291934527669e-01 6.954567620469201472e+01 -9.399883227674354913e-01 2.466028542048419592e-01 -2.358155748861584244e-01 9.796184775987009630e+01 -1.172983697396516867e-01 4.154511630688044743e-01 9.020207445293026982e-01 4.972930184515748309e+00
3.255802402861532885e-01 8.733870543031443390e-01 -3.622051359532156289e-01 6.975068031228438770e+01 -9.384808955891399407e-01 2.518680922364661123e-01 -2.362542544111516096e-01 9.801137441488924651e+01 -1.151134907359550180e-01 4.168423172961686629e-01 9.016603389091391030e-01 5.034891118974028856e+00
3.290660940586344063e-01 8.719692332844899418e-01 -3.624709118622523873e-01 6.992037080498040780e+01 -9.378358242186026761e-01 2.569158820307470004e-01 -2.333627998901656730e-01 9.805968843691209713e+01 -1.103606476657699176e-01 4.167299914400474647e-01 9.023062903921094113e-01 5.117752608196885156e+00
3.276360387212976510e-01 8.725010295951903805e-01 -3.624866611150665552e-01 7.000687275998564019e+01 -9.378961967803672861e-01 2.540414471997990420e-01 -2.362491633203267494e-01 9.815093458672616578e+01 -1.140410022576927446e-01 4.173786008649275070e-01 9.015485307758515088e-01 5.159794363248693116e+00
3.258065934972546041e-01 8.735968081385572237e-01 -3.614950628208352668e-01 7.014544422147837111e+01 -9.386595021160550889e-01 2.531930905374930596e-01 -2.341187689855565301e-01 9.827139235084888469e+01 -1.129973571414579075e-01 4.155982142817722380e-01 9.025019233025755039e-01 5.296508540877864490e+00
3.269552216235233066e-01 8.728719683630633552e-01 -3.622082410701118471e-01 7.025981642921321679e+01 -9.383416318097016484e-01 2.542950349963042367e-01 -2.341986703398095115e-01 9.832115946202890200e+01 -1.123176970286478005e-01 4.164475501455374151e-01 9.021951966797212563e-01 5.317813993440076992e+00
3.278313802228963736e-01 8.728806045614625475e-01 -3.613945715164607053e-01 7.041324120927671970e+01 -9.382502959131235887e-01 2.560696357262258749e-01 -2.326257162868579365e-01 9.829327092598562388e+01 -1.105122995873602798e-01 4.153405733123763932e-01 9.029281476399215745e-01 5.406799158985759135e+00
3.287547637691885516e-01 8.727468869037328103e-01 -3.608783405787996390e-01 7.053684295205815147e+01 -9.378865688290517477e-01 2.568531511076628249e-01 -2.332278773563154495e-01 9.833697177681253265e+01 -1.108561649577208541e-01 4.151377243348370882e-01 9.029792802301498389e-01 5.467742077404421863e+00
3.293212042359300318e-01 8.725961704309739275e-01 -3.607263059298501107e-01 7.065946193294365685e+01 -9.375757107411428759e-01 2.569650439680054577e-01 -2.343517715033582860e-01 9.836817628314328488e+01 -1.118004072838648388e-01 4.153852302715155265e-01 9.027490124079018408e-01 5.530054070039700065e+00
3.298648923250027121e-01 8.724781551000544422e-01 -3.605149396136307915e-01 7.076688501675155862e+01 -9.375685908180040329e-01 2.581793643680787564e-01 -2.330419561496108183e-01 9.852173998862609494e+01 -1.102464980076766077e-01 4.148798436748890039e-01 9.031724226244638443e-01 5.626639658900817409e+00
3.282162267046793147e-01 8.723690408624192871e-01 -3.622794019434790180e-01 7.089487164686080689e+01 -9.383098489582203383e-01 2.569024448439106711e-01 -2.314643842607820301e-01 9.863331552450581796e+01 -1.088518988155194323e-01 4.159006977368560620e-01 9.028720140453198040e-01 5.633750182395157680e+00
3.446050213939421125e-01 8.654152457314768787e-01 -3.637359367530356158e-01 7.120807147339354515e+01 -9.331690641593185509e-01 2.736182526054078412e-01 -2.330848548001025478e-01 9.857746022234971406e+01 -1.021903954689596106e-01 4.197493350759365915e-01 9.018689587613084591e-01 5.671270413526190879e+00
3.585207146903074404e-01 8.592418824622762852e-01 -3.649195590272391598e-01 7.152399153048419578e+01 -9.287228576442851935e-01 2.887113318134367779e-01 -2.326362408816476379e-01 9.863519837444570726e+01 -9.453438965256827364e-02 4.223140470138248559e-01 9.015065695089643505e-01 5.739413363962311720e+00
3.662232556496257674e-01 8.562814459620889940e-01 -3.642287911772806863e-01 7.157777937804929991e+01 -9.261386369368346250e-01 2.974439282806097262e-01 -2.319360573558618410e-01 9.876481105899247837e+01 -9.026490012275509289e-02 4.222667342214797559e-01 9.019662149857694544e-01 5.835219459230851058e+00
3.620675884239890063e-01 8.567455805038086680e-01 -3.672792829714591201e-01 7.169969676279499993e+01 -9.277633182907965015e-01 2.930233031735551830e-01 -2.310683211331862330e-01 9.901611754324352432e+01 -9.034537424178012976e-02 4.244105961029379648e-01 9.009513634312684704e-01 5.824725321245145970e+00
3.619073428977023221e-01 8.555786827084059798e-01 -3.701461776807558612e-01 7.185711839114270560e+01 -9.278743322381306502e-01 2.923409803552706743e-01 -2.314864462091944519e-01 9.905384700745570115e+01 -8.984597225456453229e-02 4.272257821104292752e-01 8.996698463157271064e-01 5.763951416389851090e+00
3.658036602964297446e-01 8.526602104897899048e-01 -3.730392037859310284e-01 7.207553173112157197e+01 -9.269410543638617606e-01 2.978332450667298126e-01 -2.282008761329229474e-01 9.897481671828246874e+01 -8.347433047677965678e-02 4.292620686486617876e-01 8.993142457288914038e-01 5.750440545808237935e+00
3.644040030605946168e-01 8.542066531983391053e-01 -3.708648219838420745e-01 7.216293263637251698e+01 -9.273539898908916834e-01 2.965157694801759947e-01 -2.282388570840283293e-01 9.907519951069284048e+01 -8.499588217589429395e-02 4.270941255522859858e-01 9.002034814039933108e-01 5.886107621431894366e+00
3.678941271881267516e-01 8.525917640770469541e-01 -3.711350091388253558e-01 7.233738655803222173e+01 -9.260923671120256939e-01 3.000215756820544533e-01 -2.287793297090076616e-01 9.902896946887044294e+01 -8.370686206836303045e-02 4.278718709534980458e-01 8.999549006974856269e-01 5.930015440120438797e+00
3.687023041640541399e-01 8.527094361044700310e-01 -3.700611145236879507e-01 7.246028350531696560e+01 -9.256951140104414666e-01 3.006155719865880593e-01 -2.296058226099071953e-01 9.906049839145566693e+01 -8.454091791146417512e-02 4.272199614455922112e-01 9.001866127315567567e-01 5.998419340099542474e+00
3.697462602221264216e-01 8.513503521883625247e-01 -3.721428232285327042e-01 7.261853129133332629e+01 -9.254173390477260508e-01 3.016550569237448354e-01 -2.293621050264375016e-01 9.910933230852391773e+01 -8.300874436815552926e-02 4.291932017880568662e-01 8.993902066941459328e-01 5.974034042666539257e+00
3.678786186957797577e-01 8.520050618709418266e-01 -3.724952301074169192e-01 7.271165956123978447e+01 -9.262132544260981426e-01 3.002354761317673759e-01 -2.280080397647123724e-01 9.921968796250277478e+01 -8.242772125869343713e-02 4.288893020561637126e-01 8.995885933858186467e-01 6.051746203111798117e+00
3.688557201300659560e-01 8.507558452230116197e-01 -3.743794192342971838e-01 7.283119333291945452e+01 -9.259610501677520977e-01 3.012834115198814722e-01 -2.276498177358713959e-01 9.924888666072993715e+01 -8.088010447300483796e-02 4.306306976538260556e-01 8.988968855984622586e-01 6.030676401801107644e+00
3.675072469153570776e-01 8.511517568525410748e-01 -3.748054298853311650e-01 7.292860244430551120e+01 -9.264807981328884168e-01 2.999325599926638830e-01 -2.273186973112713838e-01 9.935131931140524841e+01 -8.106635649726129378e-02 4.307913024459526508e-01 8.988031484041312247e-01 6.072909884867264019e+00
3.677276870117176522e-01 8.514395566470408516e-01 -3.739345257952290114e-01 7.304875967771586431e+01 -9.262830755588470355e-01 2.997726409176344475e-01 -2.283331506604119043e-01 9.939582629089336763e+01 -8.231653623820398002e-02 4.303336439716950457e-01 8.989087510575179962e-01 6.156389735484259162e+00
3.649676170056588287e-01 8.520419890977620758e-01 -3.752640235241582189e-01 7.318338243223792006e+01 -9.275966894895230075e-01 2.982450198450963263e-01 -2.249761982647847380e-01 9.950116275194078241e+01 -7.976854132606633896e-02 4.302026928692187502e-01 8.992011025698224413e-01 6.220140979174411555e+00
3.625729936941064491e-01 8.526909658800259084e-01 -3.761102776451109575e-01 7.331175793477643765e+01 -9.283700545843625029e-01 2.950935145311630592e-01 -2.259399465182606037e-01 9.963576218441998833e+01 -8.166924754594959146e-02 4.310892417913433916e-01 8.986056975209111286e-01 6.254255164243230247e+00
3.608917473100123896e-01 8.541285932285991311e-01 -3.744616041103023818e-01 7.343508632301302441e+01 -9.290960803569638937e-01 2.944668788463533637e-01 -2.237626660723665561e-01 9.984445019550570066e+01 -8.085555137931160763e-02 4.286649081646662363e-01 8.998381945212848843e-01 6.448525269997290366e+00
3.612801007483446014e-01 8.532222630328185620e-01 -3.761495163740370407e-01 7.360105897860462676e+01 -9.288378591461046163e-01 2.937887355760415709e-01 -2.257175453204999238e-01 9.990094966573829538e+01 -8.207874402150175386e-02 4.309291690217623705e-01 8.986451641588386607e-01 6.418917518756496854e+00
3.633310614129041660e-01 8.520667513388028302e-01 -3.767927694044981290e-01 7.377226859661755043e+01 -9.276894669513932046e-01 2.935758057904782614e-01 -2.306631725306648728e-01 9.988677999700696830e+01 -8.592317917775396663e-02 4.333537787044324241e-01 8.971185594795023643e-01 6.356750137223710517e+00
3.612831582457218804e-01 8.519938270622676724e-01 -3.789208337051257480e-01 7.390879536591235421e+01 -9.289243785857378422e-01 2.935223951358293393e-01 -2.257080025670931689e-01 9.989651417435082692e+01 -8.108007422972404732e-02 4.335332999914965346e-01 8.974825342932226668e-01 6.423618514718759442e+00
3.619012069162070855e-01 8.525751612965540849e-01 -3.770187140882365617e-01 7.401499298064868526e+01 -9.286554123700131447e-01 2.944024729762906301e-01 -2.256685821759981669e-01 9.987453212724118146e+01 -8.140418606234844923e-02 4.317902016553863964e-01 8.982931482795175615e-01 6.539207925653679254e+00
3.621771091540723075e-01 8.523557284928315880e-01 -3.772498558121043510e-01 7.419604611517569026e+01 -9.283424229705903308e-01 2.935007077954077115e-01 -2.281176894427265345e-01 9.990428689751888669e+01 -8.371431967048853506e-02 4.328360505191878871e-01 8.975772201059127875e-01 6.575149302261784179e+00
3.499678927177555243e-01 8.572727793804173491e-01 -3.776319051670132265e-01 7.436754998389581317e+01 -9.326187101424765480e-01 2.809831104588167427e-01 -2.264306364630717383e-01 1.000103167890375175e+02 -8.800463373525801991e-02 4.314300329952273083e-01 8.978437008025730304e-01 6.662200774414259286e+00
3.377410986357467504e-01 8.615289071247949071e-01 -3.790763676103735547e-01 7.455901827680540350e+01 -9.365686646597151110e-01 2.675342174359440772e-01 -2.264168255197811508e-01 1.000787670699382090e+02 -9.364874088762098481e-02 4.315013148175719238e-01 8.972382786310835190e-01 6.694270993135902792e+00
3.269786774587634115e-01 8.657615677564297618e-01 -3.788691756837008207e-01 7.470999934169761048e+01 -9.401996760145018284e-01 2.575301055971853659e-01 -2.229412791147668271e-01 1.001377072514911646e+02 -9.544377250268226698e-02 4.291097208256083873e-01 8.981955988443857120e-01 6.794056055400440997e+00
3.292277869523699829e-01 8.644136325617887140e-01 -3.799975475444250517e-01 7.483604559459628547e+01 -9.394897615559513193e-01 2.595114350824403449e-01 -2.236354242802199299e-01 1.001508329354189044e+02 -9.469980058050023186e-02 4.306308011542892555e-01 8.975461330022141970e-01 6.782022595725913483e+00
3.276879630337594662e-01 8.648834548088825125e-01 -3.802593963081482009e-01 7.494688879674349380e+01 -9.399336419933189690e-01 2.576947843081960343e-01 -2.238708261241910136e-01 1.002394161870034992e+02 -9.563131041641584340e-02 4.307783742694196172e-01 8.973765345326536469e-01 6.847401276099810197e+00
3.259422602588947226e-01 8.654460343230694352e-01 -3.804797033375044712e-01 7.506274616038723480e+01 -9.405025319991406896e-01 2.559684325432367569e-01 -2.234617391066395231e-01 1.003126883009144166e+02 -9.600328265496083091e-02 4.306777486890063789e-01 8.973851160475310174e-01 6.909747514949717839e+00
3.244542480081742397e-01 8.658635829455368915e-01 -3.808013874425456025e-01 7.516574793561312617e+01 -9.410215250387506947e-01 2.546280199990132997e-01 -2.228072279912083897e-01 1.004009176149578479e+02 -9.595796143725821015e-02 4.306330539567297389e-01 8.974114120495159108e-01 6.957836385835253878e+00
3.232279419072330295e-01 8.655789928712199766e-01 -3.824875222415224929e-01 7.527838655146427982e+01 -9.414804073293844278e-01 2.533076214860283670e-01 -2.223733156473312877e-01 1.004236577039573461e+02 -9.559466609236644263e-02 4.319817773901298841e-01 8.968017639464995749e-01 6.936975970433043592e+00
3.258279001392923035e-01 8.646494999451752594e-01 -3.823838669915056165e-01 7.545114747658708154e+01 -9.405880834055280193e-01 2.555852533738750543e-01 -2.235402326502481940e-01 1.003539184164777964e+02 -9.555227284755926642e-02 4.325013531798139188e-01 8.965558223843596020e-01 6.992248250505221918e+00
3.229772703153682700e-01 8.656503703360036717e-01 -3.825377356507113635e-01 7.552863379419346757e+01 -9.417803177935690773e-01 2.540562223090937488e-01 -2.202391176032916786e-01 1.004059665631276914e+02 -9.346398170566957986e-02 4.313987392693357514e-01 8.973068660611875913e-01 7.066544972001313596e+00
3.234795252025925993e-01 8.656796317001166363e-01 -3.820468191652111045e-01 7.561786026894290558e+01 -9.414387807355802940e-01 2.538395225195729799e-01 -2.219426027921157785e-01 1.004216007394582562e+02 -9.515260848662526749e-02 4.314675793922243541e-01 8.970962651976684965e-01 7.113162427983862557e+00
3.191129731823537652e-01 8.669915097614322441e-01 -3.827435595125160406e-01 7.576968916492998574e+01 -9.429812470926441925e-01 2.501507098801004636e-01 -2.195700115637006233e-01 1.005488311741351026e+02 -9.462176270985547810e-02 4.309876382775663650e-01 8.973830718670847695e-01 7.183029146921739994e+00
3.197972638566052295e-01 8.658282389903083631e-01 -3.848001696943105232e-01 7.595082075599971461e+01 -9.429470204796847055e-01 2.511306523810687974e-01 -2.185962305327878163e-01 1.005161769324239032e+02 -9.263167168044500466e-02 4.327526499070804555e-01 8.967410537050738428e-01 7.165629948282227879e+00
3.196156857405513252e-01 8.656433902728528640e-01 -3.853664934909606377e-01 7.607687292320699157e+01 -9.429560916745558519e-01 2.505866906866235366e-01 -2.191805639753969248e-01 1.005739985043954050e+02 -9.316449217617042700e-02 4.334372288205617374e-01 8.963551450568620904e-01 7.196868593863586128e+00
3.204991991395927942e-01 8.658369133467729295e-01 -3.841961775408660462e-01 7.621616086434603687e+01 -9.426305048915486484e-01 2.515233722679461881e-01 -2.195079143239815345e-01 1.005518639276077124e+02 -9.342373680593080154e-02 4.325071475583880387e-01 8.967773261585748612e-01 7.282516239739503128e+00
3.199127549653746350e-01 8.656025488687747460e-01 -3.852117036154856788e-01 7.636244068974491483e+01 -9.428428491458530347e-01 2.508230222075684690e-01 -2.193972956651746853e-01 1.005662089961681431e+02 -9.329089465212908605e-02 4.333820934493512467e-01 8.963686574465123957e-01 7.309226958564171817e+00
3.201208500052995509e-01 8.649859564553301627e-01 -3.864219669311543814e-01 7.651503188619312823e+01 -9.429385011078530443e-01 2.514760285613170110e-01 -2.182356299679384382e-01 1.005538180544948972e+02 -9.159489352774949356e-02 4.342339256599895281e-01 8.961312812783375215e-01 7.312094121771451682e+00
3.196192494530613049e-01 8.655513321456141940e-01 -3.855702618200920750e-01 7.656394845142902739e+01 -9.429081705324550144e-01 2.503212317589791347e-01 -2.196894691918714337e-01 1.006398965054435024e+02 -9.363608984894966625e-02 4.337743334403500461e-01 8.961429073123211575e-01 7.372616270315555553e+00
3.173247924261547448e-01 8.661437190005131237e-01 -3.861347357434421479e-01 7.665234425892597869e+01 -9.436660496685774779e-01 2.481296348506562000e-01 -2.189202389268334326e-01 1.007285329085252528e+02 -9.380491892539352672e-02 4.338510600941757334e-01 8.960881066282266882e-01 7.425398530544548237e+00
3.156395264184277405e-01 8.665563111229920290e-01 -3.865900270509614600e-01 7.676347440601976757e+01 -9.442996984125370252e-01 2.468850345324850037e-01 -2.175910368142164319e-01 1.008045437472775205e+02 -9.311159401676352698e-02 4.337371777664512651e-01 8.962155386305524774e-01 7.477991678345654591e+00
3.162762764508109115e-01 8.663830123712922271e-01 -3.864580091405219742e-01 7.689776681801731684e+01 -9.441416548012072640e-01 2.477227466724273297e-01 -2.173245877720849650e-01 1.007914048447574231e+02 -9.255189151848006168e-02 4.336057156628748688e-01 8.963371189016092755e-01 7.540548183485411116e+00
3.168763719478928653e-01 8.654908813467486750e-01 -3.879624971653428123e-01 7.703527533564715668e+01 -9.438432894624809721e-01 2.474056592422235745e-01 -2.189755345045745205e-01 1.008548569079733994e+02 -9.353721097928871520e-02 4.355639724317758033e-01 8.952847681501496790e-01 7.514161894787948270e+00
3.150412308813271833e-01 8.652917477090775744e-01 -3.898964146941448772e-01 7.719309253053928899e+01 -9.445103382329558261e-01 2.455901357601337764e-01 -2.181414820440783220e-01 1.009176565602500233e+02 -9.300131082864432353e-02 4.369847555280268470e-01 8.946480199610707951e-01 7.513808482530739852e+00
3.163780219750548239e-01 8.635322146943101851e-01 -3.927048018503107585e-01 7.738998810596737599e+01 -9.444012210764335391e-01 2.476523122976842517e-01 -2.162745150103262404e-01 1.008944902022107044e+02 -8.950575870017141167e-02 4.392953976525936222e-01 8.938726266984331481e-01 7.494801560591731970e+00
3.141636785321647585e-01 8.653508684276688401e-01 -3.904728641053276106e-01 7.741018075711708946e+01 -9.448652721249316544e-01 2.449878068729828273e-01 -2.172799853089203426e-01 1.010103973182915240e+02 -9.236233335844895587e-02 4.372057284563469759e-01 8.946062543831994063e-01 7.604530412968687259e+00
3.120838867574032838e-01 8.661146225722083924e-01 -3.904473180763229356e-01 7.750672380433238118e+01 -9.455986234164012183e-01 2.434189955295370522e-01 -2.158481781447281755e-01 1.011096830226552896e+02 -9.190696937337985983e-02 4.365691848745078540e-01 8.949639410605370049e-01 7.678436347063550826e+00
3.117941823404809520e-01 8.659326220322399736e-01 -3.910819376537365555e-01 7.762081452936023140e+01 -9.456591064930847113e-01 2.428454250023361904e-01 -2.162289385400014696e-01 1.011473370234023150e+02 -9.226723234893269288e-02 4.372491208176465527e-01 8.945948603579517711e-01 7.700338515199083744e+00
3.124581153094874164e-01 8.648795052202928879e-01 -3.928783114746152161e-01 7.780634188623861291e+01 -9.456439232691165042e-01 2.439470663361497094e-01 -2.150520848775476779e-01 1.011290499934717957e+02 -9.015262925415323814e-02 4.387177569644155062e-01 8.940912890542415115e-01 7.689528850430148665e+00
3.094017780341474788e-01 8.664895799585019542e-01 -3.917478111906270710e-01 7.804701509169876772e+01 -9.465846548971301733e-01 2.412940480148625388e-01 -2.139034209775108053e-01 1.011923019253077882e+02 -9.081867023134151951e-02 4.370045654406143898e-01 8.948625475018331388e-01 7.858360496316278976e+00
3.097411038746669121e-01 8.652932107923245741e-01 -3.941168708989921665e-01 7.817265402081692116e+01 -9.464172481032215867e-01 2.407268357203553588e-01 -2.152788495342502495e-01 1.012312825822624234e+02 -9.140481969364691595e-02 4.396797128828837664e-01 8.934914151887508593e-01 7.803988596903908004e+00
3.093582313328072653e-01 8.651533234938595385e-01 -3.947242221528423078e-01 7.830835280602785531e+01 -9.464772525575777529e-01 2.399343937168065821e-01 -2.158988121847995045e-01 1.012728890887501052e+02 -9.207765797247555173e-02 4.403875719854927762e-01 8.930736203376663518e-01 7.825920895830632773e+00
3.098265729609582797e-01 8.650145040460092138e-01 -3.946611235950466812e-01 7.841719220798457002e+01 -9.462525295615379362e-01 2.400107605207350003e-01 -2.167971059139150447e-01 1.012553155812704944e+02 -9.280972462872041917e-02 4.406185908745738344e-01 8.928838739668479851e-01 7.866847651765396243e+00
3.092998904762456203e-01 8.647386566955669318e-01 -3.956774360103549881e-01 7.856883852798695500e+01 -9.466099234717243460e-01 2.401941964648350858e-01 -2.150265117827753203e-01 1.012469920487800579e+02 -9.090231315119726152e-02 4.410598639651518438e-01 8.928622322972359360e-01 7.907851350531951873e+00
3.083461500791917498e-01 8.650342546207927530e-01 -3.957756814964634717e-01 7.864732912311440316e+01 -9.466660478329136374e-01 2.381321309823707377e-01 -2.170633135152202908e-01 1.013123451197054976e+02 -9.352029518640506134e-02 4.415980372764857775e-01 8.923256848605239933e-01 7.927425885501393488e+00
3.080060748062853904e-01 8.653483032383838536e-01 -3.953537301770084778e-01 7.877614256108724078e+01 -9.469322126961056130e-01 2.386858486576154403e-01 -2.152869020842911041e-01 1.012634260768599432e+02 -9.193281482083628942e-02 4.406828561823613599e-01 8.929428748951827588e-01 7.999648156164970381e+00
3.084681178874629781e-01 8.637184316697652520e-01 -3.985447164884857729e-01 7.899043983909218980e+01 -9.468972779853686017e-01 2.388460506533197636e-01 -2.152628835429170606e-01 1.012514838429902539e+02 -9.073568862837774751e-02 4.437826437359093101e-01 8.915290236037753946e-01 7.940754743419889294e+00
3.084838977457365905e-01 8.634961434001751091e-01 -3.990139034728269474e-01 7.907389743600961651e+01 -9.469112271633770561e-01 2.388361285118257848e-01 -2.152125265625361439e-01 1.012479464546610615e+02 -9.053625077031621227e-02 4.442203440304228201e-01 8.913312926437325645e-01 7.961994634015431060e+00
3.097599666760869619e-01 8.622024635997440623e-01 -4.008187555583716533e-01 7.916278214070328545e+01 -9.466992137445779942e-01 2.404957272445307215e-01 -2.142951326384300859e-01 1.011560278744341446e+02 -8.837059318702986110e-02 4.458348538861183763e-01 8.907423428355227824e-01 7.896640569799330045e+00
3.064300133089108424e-01 8.631457720967392611e-01 -4.013477582533936383e-01 7.923805126440167612e+01 -9.477108938504192892e-01 2.371593712702511070e-01 -2.135403809492212590e-01 1.012216850101035988e+02 -8.913309498014787557e-02 4.457968244954454429e-01 8.906854004916870959e-01 7.929528232475963279e+00
3.080965801149804228e-01 8.632959724447327732e-01 -3.997456207166710240e-01 7.933535069673030193e+01 -9.472005963654243077e-01 2.391321835376396532e-01 -2.136043750523500817e-01 1.011496401382952399e+02 -8.881175353768128167e-02 4.444500677885242501e-01 8.913902678828944381e-01 8.037440493420421106e+00
3.089982338579163601e-01 8.624200858276905857e-01 -4.009385077959551902e-01 7.953478008114970521e+01 -9.470048456941947412e-01 2.401021500027761268e-01 -2.133841132693782838e-01 1.010672785284500463e+02 -8.776054753932921448e-02 4.456260238417447117e-01 8.909071405991726422e-01 8.053670107397943312e+00
3.095564807614843428e-01 8.619381409317700138e-01 -4.015438038690786748e-01 7.966865628999855176e+01 -9.468566550756517541e-01 2.406032871910367410e-01 -2.134772421871143355e-01 1.010296949973326264e+02 -8.739141809990924603e-02 4.462876868119395879e-01 8.906121718472833626e-01 8.079994688795320457e+00
3.113496786436604769e-01 8.617536948299758803e-01 -4.005520528662590563e-01 7.976084864709035571e+01 -9.463563432924358976e-01 2.428317474658387987e-01 -2.131722635167547508e-01 1.009519490303018898e+02 -8.643523077228984497e-02 4.454360917904746087e-01 8.911316619960087948e-01 8.155068871861068658e+00
3.123220061935864100e-01 8.605750517535440958e-01 -4.023251728969964303e-01 7.992563877367925329e+01 -9.460332831520200658e-01 2.432087788731169820e-01 -2.141740344851745526e-01 1.008838419813904039e+02 -8.646381680115033941e-02 4.475042683354337747e-01 8.900920953506693545e-01 8.125981013411452736e+00
3.117505169720903302e-01 8.606002077594345767e-01 -4.027144119249430054e-01 7.997019925208857671e+01 -9.462365794905818195e-01 2.427010995831816453e-01 -2.138516118599029237e-01 1.008899473083803429e+02 -8.630151100414429344e-02 4.477314582040587410e-01 8.899935901639228764e-01 8.132551668382625110e+00
3.111754272116293851e-01 8.609615247929846005e-01 -4.023867621155038377e-01 8.007236383101280808e+01 -9.463051725925241131e-01 2.416706020087138196e-01 -2.147133914067292371e-01 1.009122508970561540e+02 -8.761491781821947877e-02 4.475942056717055473e-01 8.899342971393009449e-01 8.189832270236227174e+00
3.113476055852250068e-01 8.605478394562181554e-01 -4.031377984059325570e-01 8.016686886658229128e+01 -9.464009881757570186e-01 2.424173257733959197e-01 -2.134455662337032544e-01 1.009030513410279895e+02 -8.595253385618181752e-02 4.479857767520196710e-01 8.898993795657976769e-01 8.201081010421365391e+00
3.115909031272249274e-01 8.599008387279536425e-01 -4.043286492982195446e-01 8.031433941719312486e+01 -9.464235614580134293e-01 2.428689772578949135e-01 -2.128311589096732459e-01 1.008889881687232730e+02 -8.481480652274564491e-02 4.489824132866079842e-01 8.895061782550152119e-01 8.226624171958516030e+00
3.132969562864343915e-01 8.589474975116597744e-01 -4.050360646906805417e-01 8.045390993597526119e+01 -9.458584156545981614e-01 2.441382244449867844e-01 -2.138887208345096325e-01 1.007802516055954953e+02 -8.483439583700450037e-02 4.501174556527511861e-01 8.889304817586491936e-01 8.209141279429546856e+00
3.141902347314190491e-01 8.583722711694744545e-01 -4.055632385791073102e-01 8.050405676764665941e+01 -9.458099370050775390e-01 2.461057821991913253e-01 -2.118383983855977593e-01 1.006817388441281906e+02 -8.202474908140106047e-02 4.501432972459796233e-01 8.891810571996294765e-01 8.212516467031200307e+00
3.139951203143472869e-01 8.582427438693781552e-01 -4.059882473845022322e-01 8.055040378997551898e+01 -9.457858664542381222e-01 2.453493760469851459e-01 -2.128210010519668849e-01 1.007215633220617832e+02 -8.304311671767120040e-02 4.508027021535211398e-01 8.887523639894855387e-01 8.228028110491479197e+00
3.147987335091708694e-01 8.586212859916483309e-01 -4.045630292340985923e-01 8.067854159963579264e+01 -9.455754194267470547e-01 2.466955716703970181e-01 -2.121990129433858618e-01 1.006041890841034956e+02 -8.239468160599489055e-02 4.493448365790622123e-01 8.895506361544477381e-01 8.317392170186948874e+00
3.206411998184410805e-01 8.561758564206247701e-01 -4.051569126417567945e-01 8.087784414417380674e+01 -9.436934965991963242e-01 2.519795986053270376e-01 -2.143568668437775271e-01 1.003679357534216479e+02 -8.143589782996962789e-02 4.510755865363451633e-01 8.887626284759722051e-01 8.294568588462610137e+00
3.185648335913658924e-01 8.561920133543060585e-01 -4.067575236762133728e-01 8.095561539777652627e+01 -9.445172684833634813e-01 2.504905854508755469e-01 -2.124655175250886874e-01 1.004307945503584278e+02 -8.002234897596716134e-02 4.518735474319973688e-01 8.884856334210424755e-01 8.293113219378405176e+00
3.208693800718874778e-01 8.549421065612755610e-01 -4.075743310867985247e-01 8.116682031294308786e+01 -9.439610187485684145e-01 2.535361688305863836e-01 -2.113220437575625832e-01 1.003180547703268246e+02 -7.733327883548871129e-02 4.525410539644740826e-01 8.883840151991004852e-01 8.335648921637996978e+00
3.225216366901793030e-01 8.537380409374538681e-01 -4.087923082972162447e-01 8.128553307450337684e+01 -9.433910364670693438e-01 2.545983129029876224e-01 -2.125865738482585476e-01 1.002689204551143831e+02 -7.741541306662844124e-02 4.542147691601745585e-01 8.875222798873798613e-01 8.295053099254291240e+00
3.203983225849366123e-01 8.522417389744733063e-01 -4.135564450404861647e-01 8.139643501962338235e+01 -9.446833080965183482e-01 2.551405568333335872e-01 -2.060988686591828933e-01 1.002204025980455100e+02 -7.013103655712996098e-02 4.567136023905378206e-01 8.868451517051216815e-01 8.186700578767352354e+00
3.206523368728044776e-01 8.531691672277498251e-01 -4.114419168605909505e-01 8.137755332574232625e+01 -9.442241107996732774e-01 2.535267263828329121e-01 -2.101547705720015480e-01 1.002655887871067080e+02 -7.498604831951002914e-02 4.558799963822849910e-01 8.868768355616871712e-01 8.237916083278253865e+00
3.164348247400409209e-01 8.550489229246995837e-01 -4.108045047185472920e-01 8.142259603305213034e+01 -9.456639114067491025e-01 2.502083516447518585e-01 -2.076428362118578896e-01 1.003415179964423345e+02 -7.475806548211244573e-02 4.541884192408780496e-01 8.877635447983007744e-01 8.333664117308131836e+00
3.162591410284772975e-01 8.551559502239377553e-01 -4.107170029503570685e-01 8.147035589429641789e+01 -9.456343041868081611e-01 2.495471164329066127e-01 -2.085713293459872664e-01 1.003632489172634052e+02 -7.586776958011048899e-02 4.543506767647817468e-01 8.875863586504267877e-01 8.359661732214679120e+00
3.169824704330453935e-01 8.546478045567320603e-01 -4.112167841960265857e-01 8.146289804472236540e+01 -9.454892180129339518e-01 2.506271154680267399e-01 -2.079331325533931851e-01 1.003471207887824335e+02 -7.464751877627315291e-02 4.547121937649510892e-01 8.875046866253786249e-01 8.355146591435270054e+00
3.155864140754517377e-01 8.541564236980268010e-01 -4.133062050180159597e-01 8.149567436763148010e+01 -9.462760782069301602e-01 2.509429751610844361e-01 -2.039343203843215213e-01 1.003401508905715502e+02 -7.047552102900164761e-02 4.554606756600399486e-01 8.874619844607376518e-01 8.321951152450207445e+00
3.132324069689866874e-01 8.554124431322744915e-01 -4.124984986141023713e-01 8.144579250799172598e+01 -9.467643839405976980e-01 2.472865350548313357e-01 -2.061227083126853099e-01 1.004408731194292841e+02 -7.431460506519368958e-02 4.551031989725509153e-01 8.873321913234947234e-01 8.338128522214512728e+00
3.126527896968261944e-01 8.552319047726969492e-01 -4.133117735483191613e-01 8.148809369578020778e+01 -9.469045939486980812e-01 2.462837025144636316e-01 -2.066785616231603395e-01 1.004776889921204059e+02 -7.496614605035697987e-02 4.559854459679958394e-01 8.868243061687723916e-01 8.327085843548006849e+00
3.128493350191731137e-01 8.546654364476353738e-01 -4.143335435610229767e-01 8.156537838014864406e+01 -9.468999714694190661e-01 2.465729844737714060e-01 -2.063545670900226170e-01 1.004633002009510960e+02 -7.420065774152223570e-02 4.568903096690388743e-01 8.864228716144767484e-01 8.322606594285351989e+00
3.122905001119633539e-01 8.543955839427842536e-01 -4.153105219939516868e-01 8.158179101855567694e+01 -9.471512017133033590e-01 2.462764699193650264e-01 -2.055541326685057235e-01 1.004839262379262408e+02 -7.334333393612121887e-02 4.575544628818790649e-01 8.861516060268749273e-01 8.306555639063033070e+00
3.114630791184357372e-01 8.547676962983158377e-01 -4.151661543417689559e-01 8.156738519206646743e+01 -9.474563124611560250e-01 2.458122028361635625e-01 -2.047019709586148095e-01 1.004897150125430016e+02 -7.291972520225095677e-02 4.571088998277142434e-01 8.864164751259562269e-01 8.321807466017849819e+00
3.101730921342581437e-01 8.543744484455624288e-01 -4.169375909644201239e-01 8.160833702237573561e+01 -9.479830662959225496e-01 2.449493627342350655e-01 -2.032926848469289727e-01 1.005297806525176583e+02 -7.155947828243053310e-02 4.583056966037333257e-01 8.859092106579055104e-01 8.283669522970331656e+00
3.121476770705503556e-01 8.545154511781419826e-01 -4.151712555046119801e-01 8.159544686875761954e+01 -9.473063715773754057e-01 2.468689088276340149e-01 -2.041234435902960498e-01 1.004717244615230669e+02 -7.193376167257545251e-02 4.570110343876498393e-01 8.865474879438570710e-01 8.336407239115917633e+00
3.137234475916094167e-01 8.541354161867851236e-01 -4.147653423885151458e-01 8.160419400322459182e+01 -9.467580944537417054e-01 2.481312937025557108e-01 -2.051340334313538905e-01 1.004230165426568107e+02 -7.229598202911760585e-02 4.570378013916611137e-01 8.865042239501862431e-01 8.338563716195789510e+00
3.099227510127816609e-01 8.552812547537306243e-01 -4.152611993330869167e-01 8.157570958157265295e+01 -9.478325893021376514e-01 2.436815092527578885e-01 -2.055059724317120362e-01 1.005759489973155780e+02 -7.457393017318317274e-02 4.572890741261839698e-01 8.861858899933707789e-01 8.333214983120807773e+00
3.092554213390370510e-01 8.558988108302023612e-01 -4.144855968448842853e-01 8.157287255969228568e+01 -9.480364286502238613e-01 2.432136813937499920e-01 -2.051195630236866685e-01 1.006097598224852021e+02 -7.475302217665422133e-02 4.563817818475500165e-01 8.866384014202812747e-01 8.379171310542455231e+00
3.089687213824269252e-01 8.562918242809791636e-01 -4.138872320776045832e-01 8.163650635967479730e+01 -9.481328325856734907e-01 2.431307529244365329e-01 -2.047719921167540091e-01 1.006010907359617619e+02 -7.471586833046653386e-02 4.556882143000291485e-01 8.869981907352884054e-01 8.434366753124937333e+00
3.120414847635577527e-01 8.544421696853199411e-01 -4.154018421360181068e-01 8.178761852265787979e+01 -9.471773425737768370e-01 2.456955731880359206e-01 -2.061280355281174814e-01 1.005183932500172830e+02 -7.406209220264242665e-02 4.577797111922343176e-01 8.859754751229413916e-01 8.390893209480063675e+00
3.123534259323504925e-01 8.532189068049808034e-01 -4.176755132621939870e-01 8.191467657968898664e+01 -9.471020967488209541e-01 2.455821125188591969e-01 -2.066084324144622786e-01 1.005068707917375690e+02 -7.370858594702980882e-02 4.601162060624337524e-01 8.847938298137036917e-01 8.372328733883389162e+00
3.127973643859289776e-01 8.539069390552733729e-01 -4.159335863650232001e-01 8.193489607413913234e+01 -9.469711348384768357e-01 2.464771037253210562e-01 -2.061424437662095210e-01 1.004766812536225586e+02 -7.350835745644110353e-02 4.583579133956685592e-01 8.857226115503797903e-01 8.433592534256796114e+00
3.149232929612765242e-01 8.520128720394477551e-01 -4.182073474121635881e-01 8.202156077062984707e+01 -9.462517262830916209e-01 2.476369472581783082e-01 -2.080471409534863925e-01 1.004343515622669116e+02 -7.369525124928699711e-02 4.612483151532831283e-01 8.842052938721652877e-01 8.349884632574168464e+00
3.144936785241925215e-01 8.525818549714035965e-01 -4.173702274262532375e-01 8.202829962530874752e+01 -9.463553009769066771e-01 2.472324968039109061e-01 -2.080570518800371471e-01 1.004385696083615045e+02 -7.419818381355491876e-02 4.604131547834235394e-01 8.845984153394946814e-01 8.401739336000076719e+00
3.132375298372643835e-01 8.524171230745062333e-01 -4.186493738091952022e-01 8.205333715806874295e+01 -9.467791433885962560e-01 2.459020640468640995e-01 -2.077051480870133193e-01 1.004799631242251650e+02 -7.410467964848785338e-02 4.614295430365011885e-01 8.840765087181768900e-01 8.369154703263079753e+00
3.131162127694135933e-01 8.516858047416386857e-01 -4.202255671690225403e-01 8.211133825424896315e+01 -9.468065133853058590e-01 2.453351571207290638e-01 -2.082500585635157220e-01 1.005080599647173756e+02 -7.426751316760166199e-02 4.630787737330814835e-01 8.832000825440210479e-01 8.324862305737855905e+00
3.118620156085516459e-01 8.513180917466444120e-01 -4.218999761619139921e-01 8.214249816912374058e+01 -9.471687480500660117e-01 2.435440063640817998e-01 -2.087047667912810822e-01 1.005438780720062937e+02 -7.492293332379865167e-02 4.646975614622743112e-01 8.822940158661246590e-01 8.283940455070993636e+00
3.126994047447841929e-01 8.520360628304755046e-01 -4.198257137296381725e-01 8.215089352250994637e+01 -9.469444151281318778e-01 2.450812306063713253e-01 -2.079217763056750989e-01 1.004994035031687787e+02 -7.426544909914822856e-02 4.625686306277254634e-01 8.834675461098120408e-01 8.366165943663807170e+00
3.127721442119264506e-01 8.527947027125066803e-01 -4.182281444744735954e-01 8.217483140434212885e+01 -9.469489865612950030e-01 2.457099970858627191e-01 -2.071574622904073237e-01 1.004672384432381875e+02 -7.389995030857660074e-02 4.608338012315856824e-01 8.844043221213006012e-01 8.436270151395689254e+00
3.137527203606591542e-01 8.528326856019630142e-01 -4.174154295605628784e-01 8.222312801849400898e+01 -9.465065244384280874e-01 2.460106937861492593e-01 -2.088160380295171481e-01 1.004519841504380224e+02 -7.539648308623711492e-02 4.606030274670377955e-01 8.843982255898221734e-01 8.462398151240996924e+00
3.170018690025081520e-01 8.523152707460306399e-01 -4.160150169189058555e-01 8.230751950957102281e+01 -9.455479266570383512e-01 2.498743562915985983e-01 -2.085711496406814081e-01 1.002912030228059308e+02 -7.381689131555807526e-02 4.594795809619618976e-01 8.851155750722766724e-01 8.508381124159736686e+00
3.206055376129255396e-01 8.512416670069558045e-01 -4.154512168752745871e-01 8.238524971263518637e+01 -9.442763694515852180e-01 2.527193958194723367e-01 -2.108910739504517295e-01 1.001344817374215665e+02 -7.452668882528562522e-02 4.599136128968791537e-01 8.848306286091586204e-01 8.510160043166383304e+00
3.211919668583421705e-01 8.500836589254918696e-01 -4.173649401345513876e-01 8.247231577006125747e+01 -9.442201994118730735e-01 2.536377347537024374e-01 -2.100383644280561513e-01 1.000961332144217408e+02 -7.269068336638562222e-02 4.615470423877272577e-01 8.841325648424388506e-01 8.469006947689955211e+00
3.222859237255554232e-01 8.494269685536560699e-01 -4.178583593301825050e-01 8.252892132078447673e+01 -9.438242115370093499e-01 2.542929480535270903e-01 -2.110235870389587931e-01 1.000084347204006434e+02 -7.299069176893913102e-02 4.623947682056887554e-01 8.836647765137519706e-01 8.452939479766534703e+00
3.158182442574127835e-01 8.517051713255994194e-01 -4.181592253333612508e-01 8.259297317899627444e+01 -9.457684857329797801e-01 2.472658818172169815e-01 -2.106693026605940267e-01 1.001886811389669276e+02 -7.603162492352771862e-02 4.620150266240111714e-01 8.836069868358342738e-01 8.526255207171208994e+00
2.984065373692312839e-01 8.577757618078225565e-01 -4.185382669605195449e-01 8.267424259298105937e+01 -9.505215874463128767e-01 2.273946558459092326e-01 -2.116610079614614504e-01 1.003397132567657479e+02 -8.638431717532360499e-02 4.609906864002026872e-01 8.831904306537877725e-01 8.562182698661683133e+00
2.870530551260840335e-01 8.629898060183225361e-01 -4.157512937457197855e-01 8.272188300006301631e+01 -9.534777460183552211e-01 2.156845744778341789e-01 -2.106189739317731457e-01 1.001990851652512760e+02 -9.209088657700431613e-02 4.568684263995204664e-01 8.847544911265990963e-01 8.665256622338127102e+00
2.720308232153352268e-01 8.677665065694488700e-01 -4.159092705110596921e-01 8.280962233373121251e+01 -9.570617408890547129e-01 1.989912344870652383e-01 -2.107968517879847958e-01 1.002172428284301020e+02 -1.001601484982868606e-01 4.553940916102980907e-01 8.846378727927222130e-01 8.698836411723211981e+00
2.558943610528452428e-01 8.730777942526595226e-01 -4.150340241043699585e-01 8.286618593411695599e+01 -9.605507179810504059e-01 1.812727208156538206e-01 -2.109087927853618427e-01 1.002440992126249597e+02 -1.089054368130661643e-01 4.526316006102542588e-01 8.850221691921363876e-01 8.751503194219054649e+00
2.390662345670118150e-01 8.771918119834583027e-01 -4.163914750317634361e-01 8.298048550132700996e+01 -9.638269690829488479e-01 1.623338446519370093e-01 -2.113889697900467046e-01 1.002998078972087228e+02 -1.178342444212503726e-01 4.518652983685491620e-01 8.842696664321213484e-01 8.762369543088741608e+00
2.216079797927403838e-01 8.817999655898792755e-01 -4.163156542551197381e-01 8.306371198539851264e+01 -9.670206393740173878e-01 1.437641346020843702e-01 -2.102449919184297966e-01 1.003543073043043847e+02 -1.255427668838278998e-01 4.491777980797825309e-01 8.845780459605308010e-01 8.817052636116180508e+00
2.094048689147989251e-01 8.847968670686987558e-01 -4.162740742590053111e-01 8.319336597763528118e+01 -9.689958002808509718e-01 1.306779094708913069e-01 -2.096912564090153697e-01 1.002708890733104710e+02 -1.311363409312984452e-01 4.472781997836844936e-01 8.847290387940348610e-01 8.854950004687490051e+00
1.955882426007550245e-01 8.881274619148193938e-01 -4.159024534059510003e-01 8.332530232338245924e+01 -9.707071050633009346e-01 1.149801074163513404e-01 -2.109675119020698875e-01 1.002505608541273858e+02 -1.395455321247295044e-01 4.449822314331948192e-01 8.846003946261615791e-01 8.912150458745056625e+00
1.796724454349344358e-01 8.914884917884240423e-01 -4.158919106693848011e-01 8.339722869503628999e+01 -9.727219222891951844e-01 9.794440900453760257e-02 -2.102830346051836885e-01 1.002422618179673321e+02 -1.467306179685873013e-01 4.423292458718425246e-01 8.847683109136558199e-01 8.940752842201682427e+00
1.649260863418537948e-01 8.950614306554544042e-01 -4.143240536065589397e-01 8.345844465218362984e+01 -9.744859899215395638e-01 8.303532862975981921e-02 -2.085238347191639141e-01 1.002307868023412283e+02 -1.522381078790615017e-01 4.381440054963198216e-01 8.859195160718856821e-01 9.028392085197788575e+00
1.491721294796082287e-01 8.973330635553006251e-01 -4.153806071989615267e-01 8.357227989785806699e+01 -9.758794190689547010e-01 6.588451424036823045e-02 -2.081311851235904675e-01 1.002921495260414417e+02 -1.593958444381739781e-01 4.364087577418327979e-01 8.855170020626773608e-01 9.047401313491279851e+00
1.328131530675844552e-01 8.998087244404716634e-01 -4.155778215846679391e-01 8.368346730688074331e+01 -9.765114254480279365e-01 4.701992162964918620e-02 -2.102725919833645651e-01 1.003699074789274448e+02 -1.696646761754114774e-01 4.337434568852346350e-01 8.849183641825608682e-01 9.101921725382357664e+00
1.158250165776704144e-01 9.026272006100022338e-01 -4.145463813057993496e-01 8.379114067530058207e+01 -9.774807350331771172e-01 2.946292307154918522e-02 -2.089577679893236950e-01 1.003665202157356759e+02 -1.763972170239156423e-01 4.294136384455328748e-01 8.857132430663926526e-01 9.182047558187429459e+00
9.987097238396769328e-02 9.046195759744776188e-01 -4.143539690154270372e-01 8.389407792584295009e+01 -9.780386705122928737e-01 1.268677508350424255e-02 -2.080370272824709765e-01 1.003567064863346303e+02 -1.829375517974036192e-01 4.260310651839104290e-01 8.860199679694780173e-01 9.232696890060811512e+00
8.251763230639430624e-02 9.066094609608704724e-01 -4.138237857528093144e-01 8.398228833038471919e+01 -9.781028469589215790e-01 -5.934349705947417064e-03 -2.080375068693635088e-01 1.004159409543793515e+02 -1.910645470237731514e-01 4.219289854819266994e-01 8.862676063587072717e-01 9.302282536749315156e+00
6.737801696218082004e-02 9.075459811599553284e-01 -4.145123579709761863e-01 8.409385808068140022e+01 -9.777652558821523510e-01 -2.262891799027255679e-02 -2.084779040097516356e-01 1.004061956784778431e+02 -1.985832500991805416e-01 4.193426095104147988e-01 8.858422368734978347e-01 9.312724734579651553e+00
5.197840191969427259e-02 9.091509285453084344e-01 -4.132104002310182378e-01 8.416854937655126889e+01 -9.775586969114399283e-01 -3.826458085179118562e-02 -2.071589147129425934e-01 1.003771178636125683e+02 -2.041500424361509247e-01 4.147052097302857954e-01 8.867594652417742918e-01 9.383752024330307862e+00
3.738501542858430060e-02 9.098891960851489547e-01 -4.131634198097959842e-01 8.425281254035374445e+01 -9.765426906640226612e-01 -5.447063279860819840e-02 -2.083202425910405109e-01 1.003565650444905089e+02 -2.120536109857016349e-01 4.112597731483598196e-01 8.865092583035353302e-01 9.423974415423634454e+00
2.058328664481579029e-02 9.109085659850584271e-01 -4.120945434314097211e-01 8.434580203489356620e+01 -9.758066816770836205e-01 -7.143256069842696121e-02 -2.066366600253321528e-01 1.003784241479072392e+02 -2.176640721507719922e-01 4.063778705676654446e-01 8.874003482124814823e-01 9.505549049503660086e+00
6.951789684528142388e-03 9.116597378052765377e-01 -4.108870831323328532e-01 8.443016755350740254e+01 -9.746886850171797567e-01 -8.564304172804138027e-02 -2.065120739885440149e-01 1.002703415874646140e+02 -2.234583628322354687e-01 4.019226192544822496e-01 8.879890586104952632e-01 9.557652264565009048e+00
-6.235796320454012331e-03 9.114632555947523862e-01 -4.113342297267094105e-01 8.450777554916209056e+01 -9.734016723152116857e-01 -9.974029065709588693e-02 -2.062548393458625284e-01 1.001715179597785550e+02 -2.290203029825070569e-01 3.991072639281996182e-01 8.878418173872792973e-01 9.541992308402846845e+00
-2.170299085609395107e-02 9.113371402631696983e-01 -4.110883079885012115e-01 8.457933220655618811e+01 -9.720275153555905101e-01 -1.154178269735610662e-01 -2.045513006762343100e-01 1.001547524664386088e+02 -2.338621165976617067e-01 3.951497715976181047e-01 8.883496881447148219e-01 9.569540088261129895e+00
-3.762213128936164885e-02 9.112494830803440360e-01 -4.101328502120400454e-01 8.466811757459363719e+01 -9.700557931832120007e-01 -1.318548568130610832e-01 -2.039756231673199305e-01 1.001391269472426018e+02 -2.399506894112525268e-01 3.901777496483017083e-01 8.889235008314562148e-01 9.630656377198851814e+00
-5.360179493457661870e-02 9.109486696659092608e-01 -4.090224551460490132e-01 8.480121303374764352e+01 -9.674050045530486752e-01 -1.488962541020935060e-01 -2.048352085948131618e-01 1.001360184789769647e+02 -2.474962721850723635e-01 3.847108352363822759e-01 8.892374084046497096e-01 9.738215955830279214e+00
-6.866775217210285831e-02 9.095001646535222362e-01 -4.099929149471328027e-01 8.491628964085261089e+01 -9.644435314433991158e-01 -1.656491028319537762e-01 -2.059345755038581582e-01 1.001403253444652677e+02 -2.552124888570622141e-01 3.812739503640197869e-01 8.885363021875914979e-01 9.748563817665814923e+00
-8.352095157718597562e-02 9.081978798105430073e-01 -4.101229836954712327e-01 8.498522857610775816e+01 -9.619621984579114216e-01 -1.809039416866979888e-01 -2.047009834373976211e-01 1.001277824937880325e+02 -2.601018634797977458e-01 3.774259861083364420e-01 8.887612984511007452e-01 9.756671740446780206e+00
-9.900284792918911947e-02 9.069519478806752355e-01 -4.094344884561617048e-01 8.506549420723742116e+01 -9.588934569271566621e-01 -1.969131221015356648e-01 -2.043246451275839703e-01 1.000848119667407019e+02 -2.659356583164379506e-01 3.723753302511791929e-01 8.891652484527990952e-01 9.805039081884610042e+00
-1.106261017799385904e-01 9.058909771782321929e-01 -4.088072933205113002e-01 8.512791238848062392e+01 -9.560805668387728495e-01 -2.093364143740346073e-01 -2.051541257939344942e-01 9.989713541440322331e+01 -2.714255244412832613e-01 3.681573075250447746e-01 8.892628304374832204e-01 9.817822389176681597e+00
-1.450933950504327274e-01 9.009936446689766898e-01 -4.088500446115337361e-01 8.532830869561928466e+01 -9.483056761726159634e-01 -2.445152141594277850e-01 -2.023083156555041395e-01 1.001143120997221843e+02 -2.822485628865751828e-01 3.583612176431529850e-01 8.898949299989183936e-01 9.923698130964890396e+00
-1.731808996259163180e-01 8.967110415987910033e-01 -4.073299447371498960e-01 8.548634323133093460e+01 -9.393986900892806746e-01 -2.746353229956901565e-01 -2.051963460239892567e-01 1.000433926416468893e+02 -2.958690201141410681e-01 3.471091287158323269e-01 8.899307701719464392e-01 1.005783001601780136e+01
-2.041185894393233724e-01 8.902086920982321683e-01 -4.072641476462861010e-01 8.566990432311388304e+01 -9.290904426082349232e-01 -3.072348761566217057e-01 -2.059069700788668245e-01 1.001100273141353654e+02 -3.084259244929566379e-01 3.363557869069302431e-01 8.897967373028992100e-01 1.015800558280633226e+01
-2.299344649678007890e-01 8.836450476850541413e-01 -4.078008969112865145e-01 8.578161825284840347e+01 -9.200245518991601035e-01 -3.339877610041548373e-01 -2.049560914005276180e-01 1.000931577763884803e+02 -3.173089436538482078e-01 3.280603682268099508e-01 8.897704361666377570e-01 1.015711446397528483e+01
-2.434504926297289540e-01 8.802831325494886450e-01 -4.072265514270922981e-01 8.587394905516025290e+01 -9.144475504627911366e-01 -3.482650050068312186e-01 -2.061484022256618032e-01 9.996689957046844199e+01 -3.232917182529483346e-01 3.222003923592455799e-01 8.897580413082000206e-01 1.020605995243151298e+01
-2.577645573531812673e-01 8.764528168558310961e-01 -4.066791029767795607e-01 8.595420247197323249e+01 -9.093980371076956226e-01 -3.622697784019064393e-01 -2.043424032385464106e-01 9.991306457834546961e+01 -3.264240234375979099e-01 3.171609488605324212e-01 8.904247803384053306e-01 1.022148037458105740e+01
-2.724985069055023690e-01 8.718358628307469882e-01 -4.069972874804444474e-01 8.606303554692526347e+01 -9.029720678222763475e-01 -3.777986273500717473e-01 -2.047184454443834178e-01 9.989463770652581331e+01 -3.322438990666874425e-01 3.117217115546643269e-01 8.901929937257401226e-01 1.025405495049710680e+01
-2.851303371421856081e-01 8.680307790111633226e-01 -4.064766383575532660e-01 8.613114817895947795e+01 -8.969921437386106922e-01 -3.911102294159227721e-01 -2.060045691664052769e-01 9.982695311846836717e+01 -3.377954779336094782e-01 3.058681989607578977e-01 8.901341808694387403e-01 1.030011379703253915e+01
-2.936659224051603179e-01 8.645566974487544076e-01 -4.078014748801548350e-01 8.612182311177559768e+01 -8.926004860843916866e-01 -4.006820660450844951e-01 -2.066839475908823220e-01 9.962912222906494719e+01 -3.420887286360576596e-01 3.033077625883417450e-01 8.893703969066093507e-01 1.020200003852061776e+01
-3.091308518222555257e-01 8.595135054321687562e-01 -4.070315103666447554e-01 8.624189951792457975e+01 -8.847652227627087473e-01 -4.168747935901657709e-01 -2.083408434724483838e-01 9.962852586954058154e+01 -3.487529455664872824e-01 2.957227425289810085e-01 8.893365181470042069e-01 1.029024757500013010e+01
-3.217343738205946657e-01 8.549952357938409575e-01 -4.067802102758985572e-01 8.633590871781285614e+01 -8.784256496064880571e-01 -4.298710631071700483e-01 -2.087564303597164717e-01 9.955007077166519025e+01 -3.533487948411449531e-01 2.901620510558640675e-01 8.893540427250357094e-01 1.033786080507480243e+01
-3.336488333759222158e-01 8.501898309375506280e-01 -4.072538610710337847e-01 8.641814735171408302e+01 -8.727282642705473936e-01 -4.419025157734215448e-01 -2.075272109783151131e-01 9.944349456376217233e+01 -3.564040301823245827e-01 2.861807434533282790e-01 8.894249543082861642e-01 1.030004852403170190e+01
-3.481515329838993367e-01 8.447134346219480339e-01 -4.065091923316774825e-01 8.657024485365894861e+01 -8.645274499160457982e-01 -4.569847034153216025e-01 -2.091823825900961664e-01 9.944580799791033598e+01 -3.624676515533761245e-01 2.786111882419700647e-01 8.893778765877740078e-01 1.041880839848235851e+01
-3.600943497357693701e-01 8.396845629821596546e-01 -4.065241616162975635e-01 8.659872553967555575e+01 -8.583377981270687851e-01 -4.689191484202732685e-01 -2.082571884742082102e-01 9.936686620916857748e+01 -3.654973099692383487e-01 2.739428169057659401e-01 8.895881347404451800e-01 1.038931479257069235e+01
-3.720863766635389425e-01 8.343038773572813982e-01 -4.068031078150766144e-01 8.675787214675266057e+01 -8.515346675092280160e-01 -4.812350084203589340e-01 -2.080903090021377910e-01 9.928339859001115997e+01 -3.693784486557750157e-01 2.689793800596302353e-01 8.894996654138718206e-01 1.041985997424730392e+01
-3.854861790001713473e-01 8.280699373384247108e-01 -4.070633669051849091e-01 8.690084610853293157e+01 -8.423512345018407954e-01 -4.958840869061988954e-01 -2.110530030263255419e-01 9.927554553426885775e+01 -3.766228930018364340e-01 2.615323139299284283e-01 8.886821958593436044e-01 1.050092172634721344e+01
-3.988705530883751571e-01 8.217912194829430916e-01 -4.068924593301173065e-01 8.704627489935099049e+01 -8.335687202066630608e-01 -5.098598779295677730e-01 -2.126172466444622156e-01 9.927837547138817342e+01 -3.821851260475734868e-01 2.543660678203434888e-01 8.883875466088079209e-01 1.058924693644839721e+01
-4.138667305808063634e-01 8.141785146704858533e-01 -4.072194439946539846e-01 8.722537802325251732e+01 -8.254347913493020883e-01 -5.242665985635808212e-01 -2.092891274307062954e-01 9.924938179506746394e+01 -3.838902636802445367e-01 2.495152898712499068e-01 8.890277754783471043e-01 1.059054121343858768e+01
-4.253966496707903833e-01 8.081928570700029901e-01 -4.072615820696733335e-01 8.742806984491421929e+01 -8.152570030421533165e-01 -5.375974501225133650e-01 -2.152788903085926242e-01 9.923199775332902561e+01 -3.929296494788780958e-01 2.404439381702069556e-01 8.875770406886422936e-01 1.074971008390091853e+01
-4.380073186893538306e-01 8.019848655539252302e-01 -4.061648239286801965e-01 8.755360699761028798e+01 -8.072901754557642029e-01 -5.496820895770928583e-01 -2.147840147933799959e-01 9.918637524351881041e+01 -3.955150583570299916e-01 2.338159015563608945e-01 8.881992810131189575e-01 1.081797650494380747e+01
-4.385547612434466114e-01 8.014557612993048474e-01 -4.066182288964131919e-01 8.760645021682520905e+01 -8.065080394737108582e-01 -5.505945362145929778e-01 -2.153843981232374249e-01 9.913288078005034265e+01 -3.965028419254714720e-01 2.334830173070189530e-01 8.878463701419491150e-01 1.082071725766737558e+01
-4.378466877209956643e-01 8.018452810769767236e-01 -4.066133584455101646e-01 8.779665622199166819e+01 -8.074810637043026151e-01 -5.495925169701456614e-01 -2.142951167184817263e-01 9.903915726624668991e+01 -3.953031872003065494e-01 2.345041801439880502e-01 8.881121436419363580e-01 1.085327338434917621e+01
-4.386428936073718532e-01 8.011727496507020652e-01 -4.070806272777983126e-01 8.798099058442070941e+01 -8.058060007214319365e-01 -5.511845605271501469e-01 -2.165000448910446851e-01 9.904541982191803129e+01 -3.978304929100884846e-01 2.330618060807607694e-01 8.873629998243615091e-01 1.093633088603976944e+01
-4.398815995660370071e-01 8.004130240218753078e-01 -4.072384674111490521e-01 8.814831114867563144e+01 -8.048142188142589637e-01 -5.525536892929101551e-01 -2.166990854692013857e-01 9.904527527031733314e+01 -3.984698878931992039e-01 2.324293686799303316e-01 8.872419833492045660e-01 1.099952891594464610e+01
-4.266571080956045314e-01 8.075783396498004141e-01 -4.071620530451824926e-01 8.829572206898896525e+01 -8.145804449721323337e-01 -5.387426866369220413e-01 -2.149767807560500621e-01 9.891610581040369254e+01 -3.929661700203964658e-01 2.399448747602325460e-01 8.876959199499552255e-01 1.099364606860478588e+01
-4.106481873888969680e-01 8.149694141382476387e-01 -4.088923088214979074e-01 8.844768902031073310e+01 -8.249925362551177033e-01 -5.230634796325743796e-01 -2.139904469783926455e-01 9.870333645294410019e+01 -3.882723030523321239e-01 2.494583137396415573e-01 8.871387537407057211e-01 1.091339033759224186e+01
-3.965808343117567247e-01 8.220208860689688368e-01 -4.086628252275694151e-01 8.847534935970924153e+01 -8.344119640412701600e-01 -5.083788717780914901e-01 -2.128558126864891209e-01 9.862266790238258807e+01 -3.827274697763171640e-01 2.565786148454756721e-01 8.875173791439778803e-01 1.089468016624631908e+01
-3.804316135779837182e-01 8.291978575328046164e-01 -4.095152017367100772e-01 8.854651942207296145e+01 -8.435858221511979282e-01 -4.926090570286865145e-01 -2.137738936324913575e-01 9.846739488782964145e+01 -3.789917519629405485e-01 2.641348708450192984e-01 8.869036148013750287e-01 1.085007930140828947e+01
-3.668955686355530599e-01 8.339991217880030616e-01 -4.121081248561284660e-01 8.867847083510535811e+01 -8.534205982179500216e-01 -4.780612117352571744e-01 -2.076794654546633700e-01 9.837880324892856265e+01 -3.702174013372564465e-01 2.755048868732783429e-01 8.871505695517706291e-01 1.069176297471692827e+01
-3.541098411846204108e-01 8.395652784769277455e-01 -4.119907323619823036e-01 8.876699357400519830e+01 -8.625087073132923221e-01 -4.634755333672235800e-01 -2.031481227546095003e-01 9.831488132942649827e+01 -3.615037346763613768e-01 2.834088445090014452e-01 8.882536105578832109e-01 1.065593395344463801e+01
-3.430561958154749735e-01 8.442499808969231578e-01 -4.117698583774183629e-01 8.883129826430267428e+01 -8.688819741776091510e-01 -4.517658402121029759e-01 -2.023653640489720962e-01 9.832712903526176262e+01 -3.568705107764366669e-01 2.883567154983517900e-01 8.885346606436733685e-01 1.067533215460488982e+01
-3.321101527353627070e-01 8.492696332706755058e-01 -4.104192203764175373e-01 8.887660036211973136e+01 -8.770729627513749183e-01 -4.381425055183509887e-01 -1.969115610334424282e-01 9.832384861144909394e+01 -3.470531147542397221e-01 2.945712729754787484e-01 8.903830078550389882e-01 1.067731664161715877e+01
-3.197886055395624538e-01 8.540271695001481200e-01 -4.103325986594625885e-01 8.891456940336631476e+01 -8.856280077858688093e-01 -4.233434592389049289e-01 -1.909014073936363964e-01 9.827377252421787546e+01 -3.367466103649680020e-01 3.023539470144273600e-01 8.917307952137244476e-01 1.060620404198659017e+01
-3.068941681204115923e-01 8.577596906598555782e-01 -4.123885093607597141e-01 8.905985911194167670e+01 -8.923910252701675594e-01 -4.099600627722723711e-01 -1.886027702580571619e-01 9.820106946383252478e+01 -3.308386730582438262e-01 3.101307143945328804e-01 8.912714022104586409e-01 1.054050040112311848e+01
-2.944192142727695138e-01 8.615664700493946837e-01 -4.135463020674114420e-01 8.919043911806771519e+01 -9.010558972295491520e-01 -3.944528078632545398e-01 -1.802921308228587205e-01 9.811548252303813911e+01 -3.184581547626900710e-01 3.195468667588841072e-01 8.924540344520397461e-01 1.044486054603020797e+01
-2.807196687981687866e-01 8.669081077128331092e-01 -4.119063004271745210e-01 8.923399972137312375e+01 -9.102121933361932982e-01 -3.766039770203717385e-01 -1.722881527980263949e-01 9.792099483575171348e+01 -3.044835474240982776e-01 3.265574639695052461e-01 8.947904738394582003e-01 1.043153866935178264e+01
-2.729436120728190307e-01 8.708397895512659526e-01 -4.088274031458132840e-01 8.926263482843475572e+01 -9.193412434592597160e-01 -3.612943205192955531e-01 -1.558142870063038421e-01 9.785621057335146133e+01 -2.833962997348848378e-01 3.333233788602406045e-01 8.992119118437921221e-01 1.041657448047520873e+01
-2.621875951659384807e-01 8.757324211706970507e-01 -4.054015188077265686e-01 8.925395710434170837e+01 -9.283900647013735297e-01 -3.435394642528155629e-01 -1.416775362034105867e-01 9.768022384885827591e+01 -2.633430323833958475e-01 3.392246497697328778e-01 9.030930651287938371e-01 1.042031370132295010e+01
-2.499886451590602743e-01 8.802560519235205216e-01 -4.033050462659177882e-01 8.940744516424439325e+01 -9.366150007926929977e-01 -3.254457462581210603e-01 -1.297590325665174682e-01 9.754118541078923954e+01 -2.454750854600958598e-01 3.453032714795956082e-01 9.058187639499677424e-01 1.048270071411527304e+01
-2.399482567113573328e-01 8.824064185416329309e-01 -4.047020467179643921e-01 8.960389373186615103e+01 -9.429855980987666975e-01 -3.109083786922228754e-01 -1.188029538239058214e-01 9.751099049949330322e+01 -2.306577461944261664e-01 3.531216399139285311e-01 9.066984678188253488e-01 1.044953743142582780e+01
-2.288579785936624145e-01 8.845552146226050017e-01 -4.064309263798462357e-01 8.975612961272162238e+01 -9.486121276680421488e-01 -2.963785896764363770e-01 -1.108817515307040785e-01 9.747646892662500306e+01 -2.185384562843186718e-01 3.601691323050377203e-01 9.069284091148006599e-01 1.038713189034728046e+01
-2.138802890498030518e-01 8.884858837506067752e-01 -4.060148474278691411e-01 8.982019957212514782e+01 -9.535438935599401811e-01 -2.801548232934694127e-01 -1.107579254047048045e-01 9.741415139107442656e+01 -2.121538710712626563e-01 3.634640413594006358e-01 9.071298835493019075e-01 1.043131896487215116e+01
-2.026548985499121436e-01 8.910509795825665158e-01 -4.061516267093775445e-01 8.995408779636362340e+01 -9.589169686826459760e-01 -2.646545922477423485e-01 -1.021576917058461820e-01 9.739541747383418624e+01 -1.985176044239156390e-01 3.687629300609404082e-01 9.080774538257514461e-01 1.043093688121901152e+01
-1.847737309982933063e-01 8.948905061454289767e-01 -4.062384156425241644e-01 9.004233377326758614e+01 -9.636874312361033423e-01 -2.460646411690643465e-01 -1.037242847355433206e-01 9.723051136241829795e+01 -1.927827876407298691e-01 3.723213321542528931e-01 9.078610149204291435e-01 1.044543954071802361e+01
-1.675460917489186574e-01 8.986994334748884539e-01 -4.052994391947480346e-01 9.024770335300107149e+01 -9.665124848973957183e-01 -2.307902905227461332e-01 -1.122027554825978102e-01 9.714463538876418625e+01 -1.943757281069940501e-01 3.729278349390681147e-01 9.072722338143800469e-01 1.060094719072624692e+01
-1.521864625951629968e-01 9.007144505409223623e-01 -4.068817508681557005e-01 9.050692015582636429e+01 -9.715408184405689429e-01 -2.119392935592179228e-01 -1.057836185307055588e-01 9.700077401328002225e+01 -1.815150646822494551e-01 3.792033945422753072e-01 9.073351458314696805e-01 1.057133847032275575e+01
-1.325721813396030235e-01 9.026143250771150317e-01 -4.095265521311706736e-01 9.064009934626017184e+01 -9.761895863275125151e-01 -1.904728611037438402e-01 -1.037977876868032556e-01 9.671036023126927716e+01 -1.716930641597969598e-01 3.860148563831953816e-01 9.063741072928335196e-01 1.045902437340889435e+01
-1.143999539713911329e-01 9.054193609614256122e-01 -4.088134431834981042e-01 9.071673898881006437e+01 -9.796782470633695894e-01 -1.710666001094134359e-01 -1.047222543581320664e-01 9.652580875805179517e+01 -1.647518824238036750e-01 3.885254163155992257e-01 9.065896635824850502e-01 1.051350562599608374e+01
-9.971438659515086123e-02 9.071715273675102775e-01 -4.087748292638028191e-01 9.083748888707106062e+01 -9.825415127418877237e-01 -1.546201349879980924e-01 -1.034639531197987794e-01 9.648423529205554416e+01 -1.570643716596334671e-01 3.913213944956135393e-01 9.067515367316302255e-01 1.056672435892572182e+01
-8.367108021808045137e-02 9.084673690173388216e-01 -4.094950424191410310e-01 9.095341181448630152e+01 -9.847187242576507238e-01 -1.383640438804478734e-01 -1.057564440468501121e-01 9.643321599769794261e+01 -1.527356684979791768e-01 3.943886798473861255e-01 9.061618976632770384e-01 1.058319266129001512e+01
-7.097271711219566015e-02 9.106994185666541508e-01 -4.069268268965208213e-01 9.104050892776594139e+01 -9.875025987038972275e-01 -1.217019088430135731e-01 -1.001362219030518252e-01 9.637007441410159458e+01 -1.407177706573077558e-01 3.947343592928357903e-01 9.079555576210279755e-01 1.072943229929072295e+01
-5.844205180580308578e-02 9.115754145910105466e-01 -4.069579709183188676e-01 9.113514562299090471e+01 -9.893672992169849634e-01 -1.072728788031112046e-01 -9.820833321761560097e-02 9.641144296647087231e+01 -1.331798551614209736e-01 3.968914120846158688e-01 9.081521531068803554e-01 1.077208563336930958e+01
-4.085218414385161090e-02 9.127420930013052658e-01 -4.064885862041808240e-01 9.116772978334327604e+01 -9.910923683627539393e-01 -8.862803570869037806e-02 -9.940316222096085008e-02 9.627842109413640515e+01 -1.267557352697871453e-01 3.988068993259971662e-01 9.082323714921196611e-01 1.079234399983540094e+01
-2.521477856134213269e-02 9.134803530768954571e-01 -4.061007996601501135e-01 9.125427369835367131e+01 -9.922155911802378325e-01 -7.242499824467540925e-02 -1.013056772748230638e-01 9.626869317059950504e+01 -1.219525955482469726e-01 4.003851447940716124e-01 9.081956288527687216e-01 1.083867747891534528e+01
-7.466573785220198545e-03 9.133940245966172267e-01 -4.070081155297822217e-01 9.133055998630004524e+01 -9.931094258905119876e-01 -5.437663313938334575e-02 -1.038116080977609101e-01 9.612934549483847491e+01 -1.169526335031751962e-01 4.034284789149368278e-01 9.075062225224973522e-01 1.081576106814236482e+01
1.128062974968957466e-02 9.128650353722903565e-01 -4.081055924478345087e-01 9.142666601666766724e+01 -9.938940555035912228e-01 -3.456343167073216982e-02 -1.047853788739984970e-01 9.591841847720507985e+01 -1.097604383513257620e-01 4.067957674139324187e-01 9.069012348580381966e-01 1.078454374198954113e+01
3.003966371424471316e-02 9.129383783342244207e-01 -4.069903389128688431e-01 9.148571459367333603e+01 -9.942233325796003829e-01 -1.468427020742169020e-02 -1.063218564679390410e-01 9.574693571820435523e+01 -1.030416593337309950e-01 4.078331638954245664e-01 9.072235264083483575e-01 1.083734645860114476e+01
4.667225444173228599e-02 9.119737393676876636e-01 -4.075850823681396728e-01 9.154401463481008250e+01 -9.944439834207987605e-01 3.878145439279223616e-03 -1.051956454713115496e-01 9.564114868796143298e+01 -9.435499193736524015e-02 4.102302508246665758e-01 9.070877999426686378e-01 1.082230832361351247e+01
6.429874773739241434e-02 9.102977133302626589e-01 -4.089299990769790227e-01 9.153139054405932029e+01 -9.941903903811343257e-01 2.298716848602888607e-02 -1.051525451846153647e-01 9.548633694238841940e+01 -8.631997864463833436e-02 4.133154523976690919e-01 9.064872851265478593e-01 1.073540135811325769e+01
8.412936436229545567e-02 9.092734446479581178e-01 -4.076077193945586430e-01 9.151480182145765241e+01 -9.932879652771157142e-01 4.393801577551381676e-02 -1.069975177532567767e-01 9.527748152578374174e+01 -7.938052713130536175e-02 4.138734753855915494e-01 9.068668470534184678e-01 1.076036338783954172e+01
9.555906744690567667e-02 9.078006933026627756e-01 -4.083703782938759019e-01 9.161924867048554688e+01 -9.931085728905484356e-01 5.898080560791296723e-02 -1.012750068928186253e-01 9.523607572213711592e+01 -6.785150757335153826e-02 4.152338688125610799e-01 9.071808017760165654e-01 1.078504971024447912e+01
1.136962431029161502e-01 9.067427119730070428e-01 -4.060675049645313672e-01 9.164420660128557472e+01 -9.914342235048413388e-01 7.710670457246937559e-02 -1.054169653012593799e-01 9.507053067574265981e+01 -6.427553786344822329e-02 4.145747343891220127e-01 9.077424991915677976e-01 1.085431892933596210e+01
1.312944291811379838e-01 9.042496710336961341e-01 -4.063179854516060230e-01 9.174200351258005526e+01 -9.897718195484302983e-01 9.650001411576214494e-02 -1.050689892568077155e-01 9.495610717299547332e+01 -5.579890763974329482e-02 4.159570647448004310e-01 9.076707564943916617e-01 1.086929211765168013e+01
1.467334696502539115e-01 9.008584856412322761e-01 -4.085624526710499582e-01 9.183839041792474234e+01 -9.880911056025962758e-01 1.141462006333587853e-01 -1.031824205473391154e-01 9.485171874156041838e+01 -4.631690742522590054e-02 4.188372401412688295e-01 9.068793251350524276e-01 1.081396976511391372e+01
1.721341139883516558e-01 8.968180498340483364e-01 -4.075380133107829872e-01 9.196997351921842778e+01 -9.843263331118687898e-01 1.404826085800346958e-01 -1.066128820972941926e-01 9.430867256099786289e+01 -3.836035380425889540e-02 4.195021122454612450e-01 9.069434718203822632e-01 1.082327845805233757e+01
2.021301434679962927e-01 8.910367970767517631e-01 -4.064441306708840851e-01 9.211071490907582415e+01 -9.788391232408476528e-01 1.702874984697347882e-01 -1.134730746829782644e-01 9.356267647952567756e+01 -3.189633074032116600e-02 4.207797453777016861e-01 9.066019137224344826e-01 1.078506299859349404e+01
2.273615594198901135e-01 8.847922677466162344e-01 -4.067546732785699559e-01 9.224510145465197297e+01 -9.736653601129021673e-01 1.993380279003909017e-01 -1.106350629276081077e-01 9.283456575316048998e+01 -1.680737380938998604e-02 4.211970958691232947e-01 9.068133868757386473e-01 1.077646321503305060e+01
2.307084338260361189e-01 8.837127252196451677e-01 -4.072166964239127829e-01 9.239631831529449357e+01 -9.728942582426497454e-01 2.026990331451694605e-01 -1.113097670489774649e-01 9.277770505651972144e+01 -1.582342693671867639e-02 4.218588878367754980e-01 9.065234127771313322e-01 1.079615079210625694e+01
2.304374978261791718e-01 8.834900352505009602e-01 -4.078528131675422941e-01 9.252605920359148683e+01 -9.729720628444550323e-01 2.027497884596185518e-01 -1.105345566046467554e-01 9.280111279608688335e+01 -1.496410771865830380e-02 4.223006996118386924e-01 9.063322760376218978e-01 1.083242168150404616e+01
2.318769130188292893e-01 8.840372808784562331e-01 -4.058462556509345176e-01 9.264243281459594925e+01 -9.725798692132587853e-01 2.030050554560611786e-01 -1.134783920418424019e-01 9.282445942809324890e+01 -1.793028750407704708e-02 4.210309174826795120e-01 9.068690486027816133e-01 1.094163735058094922e+01
2.330500985649673895e-01 8.836422728178696673e-01 -4.060344631285978667e-01 9.279471515391688285e+01 -9.723029812361556612e-01 2.041136732537990328e-01 -1.138618508110834926e-01 9.282151441243551915e+01 -1.773595890114265661e-02 4.213240345388702401e-01 9.067367278773623696e-01 1.098483810475009825e+01
2.325293921900171146e-01 8.833746395530579498e-01 -4.069143988141074031e-01 9.290473081016081380e+01 -9.724533010882530082e-01 2.041719211841457327e-01 -1.124651226048983266e-01 9.283095081259874348e+01 -1.626834258002451961e-02 4.218566969890133467e-01 9.065165570662340189e-01 1.100408484208049664e+01
2.323651070271077757e-01 8.833527639901576078e-01 -4.070557104220864364e-01 9.296380251134240780e+01 -9.725312522521366576e-01 2.050935291986260012e-01 -1.100890897125737233e-01 9.281065295564272333e+01 -1.376300945184277813e-02 4.214552629067539469e-01 9.067447496065402790e-01 1.105893434474788428e+01
2.337631417663708078e-01 8.838355488981191055e-01 -4.052030553382786060e-01 9.306801408356793104e+01 -9.721969874136093814e-01 2.066004977290896161e-01 -1.102236453851646869e-01 9.274921774963330279e+01 -1.370442320631246047e-02 4.197034153328429440e-01 9.075578394474532740e-01 1.117354689275116186e+01
2.387471331002992692e-01 8.823609576212725347e-01 -4.055107235352217177e-01 9.325428898420969404e+01 -9.709590140534720693e-01 2.102674651531413197e-01 -1.141323185008606134e-01 9.263499123403948943e+01 -1.544018991778806082e-02 4.209830561480397693e-01 9.069370799408077444e-01 1.116607335148160018e+01
2.371279124973910690e-01 8.823755423595408542e-01 -4.064280445052182444e-01 9.330138752249483503e+01 -9.713570157079075562e-01 2.087376146614559058e-01 -1.135524383730857900e-01 9.272123672289976071e+01 -1.535907385416057647e-02 4.217131850809878735e-01 9.065991883843658172e-01 1.116126432502172072e+01
2.381435778627207789e-01 8.807068003844314985e-01 -4.094425088817226221e-01 9.341155756875187421e+01 -9.711324247740426019e-01 2.099513769078149572e-01 -1.132352987676608358e-01 9.269923542772144742e+01 -1.376407916393379560e-02 4.245891556447596304e-01 9.052815026463530979e-01 1.107511710009037031e+01
2.368529297543209289e-01 8.825482984891933613e-01 -4.062132327985200630e-01 9.335459384793807658e+01 -9.714490257175040222e-01 2.092423653102499781e-01 -1.118231773465793999e-01 9.271487968140316127e+01 -1.369233724779331252e-02 4.211010964046542071e-01 9.069103519684240666e-01 1.121939558055863806e+01
2.370291737372736129e-01 8.825931297976821188e-01 -4.060129776637159127e-01 9.340655835362595383e+01 -9.713687509364912209e-01 2.083718100486730007e-01 -1.141224714117270167e-01 9.277222414684028706e+01 -1.612205016448278738e-02 4.214386740807865017e-01 9.067135840426802096e-01 1.122706853700786489e+01
2.378587696515294114e-01 8.820687450803141871e-01 -4.066668595451324864e-01 9.346875707533699540e+01 -9.711989291975597904e-01 2.099524400718484340e-01 -1.126614966765062398e-01 9.272720497735367928e+01 -1.399448553445953314e-02 4.217519435169406750e-01 9.066032497814626723e-01 1.123542801474996544e+01
2.363373178458545443e-01 8.829839603798309566e-01 -4.055662682045643175e-01 9.342892730900608456e+01 -9.715855822241575845e-01 2.092106303709205806e-01 -1.106904176247731908e-01 9.277077937626447124e+01 -1.288908870216098901e-02 4.202026152366868939e-01 9.073387644869344015e-01 1.130734156904053478e+01
2.338658061303844349e-01 8.839627529222341407e-01 -4.048661953894535648e-01 9.340751480660982509e+01 -9.721945477197052599e-01 2.074595072110232419e-01 -1.086200453500069940e-01 9.283325122448461286e+01 -1.202273292823211048e-02 4.190112221813457882e-01 9.079014536716147887e-01 1.136172724825916269e+01
2.352684020449077318e-01 8.833143387662608648e-01 -4.054683192669423786e-01 9.346937202152044222e+01 -9.718189208257134171e-01 2.074737249633060721e-01 -1.119045958618150316e-01 9.284542771670358263e+01 -1.472291154566121585e-02 4.203693999089062050e-01 9.072335991881279593e-01 1.130930659711120612e+01
2.367931195846484371e-01 8.831127732787071860e-01 -4.050195651932891328e-01 9.350343705356844737e+01 -9.714359186395540302e-01 2.085439389925184406e-01 -1.132328639857276276e-01 9.282305057685375971e+01 -1.553301304628096347e-02 4.202633164832202395e-01 9.072692380568343484e-01 1.132541579079079419e+01
2.361659181021120713e-01 8.829422469522767436e-01 -4.057568824725604761e-01 9.361485499434367341e+01 -9.715938194616742241e-01 2.080320060377353064e-01 -1.128190340669134595e-01 9.287701822285917785e+01 -1.520227321364167605e-02 4.208748899741827088e-01 9.069912997809611577e-01 1.134550856515215322e+01
2.356863992726763168e-01 8.823470909113834137e-01 -4.073273037228159477e-01 9.374410241740383753e+01 -9.717068933963809441e-01 2.073100133706856640e-01 -1.131736351019984876e-01 9.293051075943016315e+01 -1.541539891909254889e-02 4.224762354458113656e-01 9.062429011913419874e-01 1.132903576941805390e+01
2.353582760779091565e-01 8.829870967071294929e-01 -4.061283897123532105e-01 9.381837561025763250e+01 -9.717797473272126174e-01 2.069903454347171712e-01 -1.131331939860065472e-01 9.297288838781503273e+01 -1.583049482150297727e-02 4.212941774408125450e-01 9.067858685975291877e-01 1.142001008121403594e+01
2.350675116903186979e-01 8.834167930031180394e-01 -4.053616099087429259e-01 9.382084359259303596e+01 -9.718437723246402538e-01 2.066618514521306738e-01 -1.131837503716411619e-01 9.298607592278705170e+01 -1.621564496202357319e-02 4.205539786929418655e-01 9.071225958292529201e-01 1.145099564723721919e+01
2.369271358382919468e-01 8.829660608857615722e-01 -4.052609870532137837e-01 9.391386526098392551e+01 -9.713861014177406217e-01 2.081836191925420243e-01 -1.143180767522690988e-01 9.295960592893169405e+01 -1.657028291570719625e-02 4.207499447697838901e-01 9.070253081917379889e-01 1.147712490593165668e+01
2.352892711962950578e-01 8.825456434134241190e-01 -4.071266954547460015e-01 9.399768875677160906e+01 -9.717432396531581196e-01 2.055023047476314257e-01 -1.161201056311798874e-01 9.308129341624666608e+01 -1.881581909726712243e-02 4.229444290156766373e-01 9.059602501855708034e-01 1.142324886018163177e+01
2.326301799514488566e-01 8.828117432178615998e-01 -4.080767396120454360e-01 9.406951545122356606e+01 -9.724406090613141318e-01 2.044169818671607297e-01 -1.121292083838175135e-01 9.316975477214761270e+01 -1.557116643727118888e-02 4.229150311362336878e-01 9.060355485381472729e-01 1.146635605692537574e+01
2.315442272541841096e-01 8.837035490671301119e-01 -4.067619797761596878e-01 9.412490547399522711e+01 -9.726959119445064417e-01 2.035096801521911747e-01 -1.115637619068017838e-01 9.324886083151052674e+01 -1.580929194200278443e-02 4.214876599030047966e-01 9.066963211780344478e-01 1.156388254226190426e+01
2.267122525361077168e-01 8.851561782835898340e-01 -4.063251094830272470e-01 9.420505558852661920e+01 -9.738145111508803575e-01 1.987548340184042139e-01 -1.103712545289257663e-01 9.349063058911474400e+01 -1.693671815838027062e-02 4.207078035890308709e-01 9.070380871701678727e-01 1.166101344117402761e+01
2.233362355306801605e-01 8.861912309679925714e-01 -4.059384535301114871e-01 9.435941142300531226e+01 -9.745797410743394229e-01 1.954276207298049073e-01 -1.095553437462590540e-01 9.370954865856620586e+01 -1.775539879749268857e-02 4.200870709880529796e-01 9.073100895516486020e-01 1.177398192088877948e+01
2.226924166701280683e-01 8.860514523280901278e-01 -4.065967429590410243e-01 9.440197148799624927e+01 -9.746267834326792778e-01 1.926768558247885510e-01 -1.139221762658317871e-01 9.381031545691182316e+01 -2.259912771076913462e-02 4.216496804893323791e-01 9.064771515984042516e-01 1.173097990272088254e+01
2.218786146567366391e-01 8.858938368008967279e-01 -4.073843274798302216e-01 9.445239328199411943e+01 -9.748799872656611631e-01 1.932050069348241195e-01 -1.108189321561024177e-01 9.381158087324797634e+01 -1.946511718206855868e-02 4.217391791303017889e-01 9.065082316226298342e-01 1.174670133310014108e+01
2.247648013642560283e-01 8.848833216140172819e-01 -4.079979058733394504e-01 9.457529545614215749e+01 -9.742147464281121216e-01 1.956248289862673184e-01 -1.124124286994246935e-01 9.372609767911467316e+01 -1.965736273501850206e-02 4.227439336210958576e-01 9.060359566136800824e-01 1.173372124984249609e+01
2.225806749273739893e-01 8.856054085707171231e-01 -4.076283889269346483e-01 9.463828554042260066e+01 -9.746827250254280761e-01 1.930304685303821932e-01 -1.128398145866394975e-01 9.383990310006642233e+01 -2.124685119919370035e-02 4.224243110064035411e-01 9.061491448900035328e-01 1.180817626713765556e+01
2.200314501087895502e-01 8.865583726395376285e-01 -4.069403062683250027e-01 9.476899999381539885e+01 -9.752262902575148384e-01 1.901665175231818106e-01 -1.130060989666964444e-01 9.400794356616287928e+01 -2.280008231539246144e-02 4.217237810650951157e-01 9.064376474587598764e-01 1.188215663190665872e+01
2.216107267036819817e-01 8.866201849565235049e-01 -4.059474515716606224e-01 9.485480204706351515e+01 -9.748826981288213345e-01 1.919691307125029889e-01 -1.129228840517051136e-01 9.396251725919634623e+01 -2.219032895057931887e-02 4.207760692828735882e-01 9.068930966877625233e-01 1.196268053438308065e+01
2.221619828576690825e-01 8.868415552172849159e-01 -4.051618310163683234e-01 9.494380179332164005e+01 -9.747713159747030121e-01 1.928330785726376506e-01 -1.124112332515958268e-01 9.396608600892669472e+01 -2.156234972572512731e-02 4.199136336771960298e-01 9.073078889364508681e-01 1.204603056261352911e+01
2.240174859634362914e-01 8.860904713861097459e-01 -4.057829992759233728e-01 9.505230223576850790e+01 -9.742785817127268544e-01 1.931699251528368189e-01 -1.160457893776642990e-01 9.399051192362939844e+01 -2.444199661360385578e-02 4.213419710107098037e-01 9.065724087277038379e-01 1.201519910138000213e+01
2.262461112337008640e-01 8.857137446016819515e-01 -4.053687947724816665e-01 9.516399379795939240e+01 -9.737921515987094656e-01 1.957226687018428501e-01 -1.158511218805609311e-01 9.388925265886874172e+01 -2.327106865581771156e-02 4.209558166600091411e-01 9.067825857302956871e-01 1.207391511040701104e+01
2.235118252909408243e-01 8.861906133913637351e-01 -4.058431478935559111e-01 9.525122261670149726e+01 -9.744076826376932843e-01 1.929360399415692706e-01 -1.153488296789600964e-01 9.401930057762022841e+01 -2.391928033517023988e-02 4.212385087200646305e-01 9.066344284217005001e-01 1.210493373845692311e+01
2.229200541216358467e-01 8.865003209233303094e-01 -4.054920843533685315e-01 9.541151964034627042e+01 -9.745112923551094708e-01 1.919048765660132938e-01 -1.161906167577989313e-01 9.410234952260124430e+01 -2.518711064773981878e-02 4.210578337390429304e-01 9.066840188865153971e-01 1.217898890797666667e+01
2.186086093002461705e-01 8.871601834616273941e-01 -4.063952322802812933e-01 9.547692857360843277e+01 -9.755422252107897041e-01 1.888893711760857297e-01 -1.124196258999451969e-01 9.423469241760895443e+01 -2.297047606370131168e-02 4.210316072898023232e-01 9.067550622369706659e-01 1.221969315945030488e+01
2.215635107472577747e-01 8.873234739794796377e-01 -4.044337562943255970e-01 9.553738434840356319e+01 -9.748702982642120096e-01 1.916917468659776747e-01 -1.134996728881476069e-01 9.414413393436667832e+01 -2.318431080701716107e-02 4.194178426205281141e-01 9.074971961521124397e-01 1.231042146520943170e+01
2.218146584466728077e-01 8.875444129776458579e-01 -4.038108124980708813e-01 9.565083559562461346e+01 -9.748117139901851802e-01 1.919697683802589205e-01 -1.135329480615532294e-01 9.416454030824452559e+01 -2.324606559621389401e-02 4.188227823557310048e-01 9.077703990625055619e-01 1.238443356250230210e+01
2.230797144779587127e-01 8.876206423851880079e-01 -4.029454506507537115e-01 9.577276273454518218e+01 -9.745521151883675959e-01 1.937519179977614803e-01 -1.127314022536204385e-01 9.412649054442273666e+01 -2.199126577328566756e-02 4.178394302646595282e-01 9.082546970678397891e-01 1.246671073779111261e+01
2.212258918777870731e-01 8.874954878652344670e-01 -4.042410961069236031e-01 9.588133111834181932e+01 -9.750002862385583891e-01 1.924292525056890968e-01 -1.111099663163974405e-01 9.420033905498813454e+01 -2.082178180672517032e-02 4.187155858084949944e-01 9.078786877129796373e-01 1.248433703917102555e+01
2.226547689679317932e-01 8.878209848638700663e-01 -4.027390627828210112e-01 9.596771410649381551e+01 -9.746414012150264039e-01 1.932486340739485442e-01 -1.128233329864137269e-01 9.417644985244217537e+01 -2.233814883661980333e-02 4.176468176149570888e-01 9.083348186889302900e-01 1.256076683583435205e+01
2.196705354402619381e-01 8.883955166489310162e-01 -4.031107315086855936e-01 9.601754499346915850e+01 -9.753421590204027769e-01 1.909828785117604344e-01 -1.106038559580170555e-01 9.428631329078342560e+01 -2.127272189467629970e-02 4.174672994540304938e-01 9.084429124550152945e-01 1.259348463281819974e+01
2.182617728410126690e-01 8.889705876857586508e-01 -4.026078647343284134e-01 9.606422327922628313e+01 -9.756602107999586826e-01 1.898176105360154242e-01 -1.098017658882502190e-01 9.435216443911136253e+01 -2.118847748373434148e-02 4.167740022602594019e-01 9.087631591684858234e-01 1.265937482700100425e+01
2.193352870662125254e-01 8.892889071620251329e-01 -4.013194132435577988e-01 9.611412788190187939e+01 -9.753488407423538398e-01 1.896472400065940533e-01 -1.128209343181839908e-01 9.438159200929355563e+01 -2.422128630210987343e-02 4.161720364902629088e-01 9.089632365136769421e-01 1.270188268339950532e+01
2.160330843701664394e-01 8.902628838628796615e-01 -4.009509995917976966e-01 9.612368557481714504e+01 -9.760721548634017086e-01 1.865025050806818907e-01 -1.118032383204794200e-01 9.451185857256719203e+01 -2.475590753392500898e-02 4.155103045831467501e-01 9.092515228622893853e-01 1.274356807290086557e+01
2.128831381408734513e-01 8.907630578460451476e-01 -4.015245251190231457e-01 9.619634766266611337e+01 -9.767767734826656723e-01 1.838195518681788876e-01 -1.100795491259624059e-01 9.464057007093279594e+01 -2.424673751429404223e-02 4.156339099829863271e-01 9.092087486337600000e-01 1.278450127751831111e+01
2.146808143467278107e-01 8.904215634458785278e-01 -4.013247902908853026e-01 9.630269158146180075e+01 -9.763721216925045354e-01 1.852695116286957600e-01 -1.112325853450411572e-01 9.459783705220483796e+01 -2.469064464737755205e-02 4.157218389878764575e-01 9.091566007324783927e-01 1.281412901770521096e+01
2.146035227657158151e-01 8.900557721203309347e-01 -4.021766409574609735e-01 9.641108489758808275e+01 -9.764347587473981571e-01 1.858938511152438133e-01 -1.096295490616195634e-01 9.460245681885432134e+01 -2.281424832106843104e-02 4.162261388149777197e-01 9.089748684318612604e-01 1.283304112039899891e+01
2.111064956816057769e-01 8.907226449314039618e-01 -4.025508878234357324e-01 9.658334680232935909e+01 -9.771318916275947286e-01 1.815880777700921156e-01 -1.106301784145796441e-01 9.480145207417164954e+01 -2.544236320216575198e-02 4.167000597770140757e-01 9.086879257129600873e-01 1.288958479556582226e+01
2.102089713407359062e-01 8.917154919015564118e-01 -4.008187494000685636e-01 9.666034502259387295e+01 -9.773613768800197832e-01 1.816001877046622415e-01 -1.085638559043641260e-01 9.482343345922285494e+01 -2.401931204388926822e-02 4.145658612674189003e-01 9.097022696028308486e-01 1.302090728148537835e+01
2.121379969625021289e-01 8.913254584812522197e-01 -4.006699356177386706e-01 9.676088064733480110e+01 -9.769272209156998343e-01 1.830580878408857304e-01 -1.100133696873515088e-01 9.480454984246995309e+01 -2.471184490613201334e-02 4.147633825920797879e-01 9.095936791678531641e-01 1.304378865653758446e+01
2.138342047082782971e-01 8.902880920441132995e-01 -4.020721901117142449e-01 9.699285890911194485e+01 -9.765175338213386569e-01 1.837562413906009828e-01 -1.124595477915946995e-01 9.480228111436511540e+01 -2.623812181290685608e-02 4.166782414699038428e-01 9.086753017713640190e-01 1.304010489024100039e+01
2.085965829744622635e-01 8.916415368109579243e-01 -4.018243837857174983e-01 9.704907717799693501e+01 -9.775851381557959519e-01 1.781044391033802521e-01 -1.122769185032435058e-01 9.505244899595831498e+01 -2.854405767041398589e-02 4.162381272842069491e-01 9.088074923583346898e-01 1.309961176386707926e+01
2.057571189259207456e-01 8.918306231919120863e-01 -4.028674069075712794e-01 9.714729102977321418e+01 -9.782166617420772203e-01 1.758706309431933290e-01 -1.102800247634625475e-01 9.516628524171420622e+01 -2.749855817113544543e-02 4.167825100802206029e-01 9.085902093847035843e-01 1.313526484313595510e+01
2.059617985131848572e-01 8.925248484466635768e-01 -4.012220488189479628e-01 9.721204847691055306e+01 -9.781751563974995234e-01 1.762813391735724711e-01 -1.099920581946670084e-01 9.515891174765739891e+01 -2.744268499876323375e-02 4.151196024815401731e-01 9.093528548784716170e-01 1.323033978793326071e+01
2.076380922858019895e-01 8.911890989556827680e-01 -4.033217233604847185e-01 9.740638046871279698e+01 -9.777446310688266973e-01 1.764205428794488606e-01 -1.135395458252536904e-01 9.518160582559509919e+01 -3.003096814951355942e-02 4.179207843032924918e-01 9.079869817344980998e-01 1.316688063523683816e+01
2.065657223794993280e-01 8.903117493341964339e-01 -4.058024042995783676e-01 9.750873214486200879e+01 -9.779073344212291241e-01 1.742708560563857034e-01 -1.154422540257281082e-01 9.526803228799570888e+01 -3.206006274170167258e-02 4.206835600862687818e-01 9.066407748662866917e-01 1.309993054794121115e+01
2.038016993628950502e-01 8.930194082763314167e-01 -4.012246300747094874e-01 9.750430704650098335e+01 -9.786480162990962572e-01 1.746541392365040801e-01 -1.083696998307183135e-01 9.527997420491826119e+01 -2.670070281172848281e-02 4.147436172979003244e-01 9.095464828033873461e-01 1.336526635638512950e+01
2.035259487010465662e-01 8.934956787085830410e-01 -4.003032104972772398e-01 9.757470616827261267e+01 -9.786562656902939583e-01 1.737801590194821832e-01 -1.096921599581862916e-01 9.532682538372027636e+01 -2.844471533462405999e-02 4.140844460496578838e-01 9.097939160652154245e-01 1.342622936509009079e+01
2.028470839753414579e-01 8.928174509772474066e-01 -4.021567601734322150e-01 9.769540267098322772e+01 -9.787046976169234691e-01 1.716572025340069585e-01 -1.125651796994327214e-01 9.541518856163916951e+01 -3.146705237653235621e-02 4.164262288193307793e-01 9.086247963631869373e-01 1.336793736970828483e+01
2.045352590292059958e-01 8.924619953058866573e-01 -4.020906797582995962e-01 9.787377819812653001e+01 -9.782638116295140351e-01 1.720439999667792152e-01 -1.157617248123309628e-01 9.546285542935537194e+01 -3.413565101108467781e-02 4.170281153712142030e-01 9.082523373600437377e-01 1.341662631373799286e+01
2.037700085851250620e-01 8.920057166138913862e-01 -4.034892627187945946e-01 9.805371722282400526e+01 -9.784438842756423282e-01 1.714284351586659039e-01 -1.151514521951185754e-01 9.551693647789912234e+01 -3.354622072323013016e-02 4.182560138804813921e-01 9.077095118637894533e-01 1.342737611866978575e+01
1.999878165842829958e-01 8.938142543105430660e-01 -4.013738307477698330e-01 9.810765396232154956e+01 -9.792458380411862562e-01 1.685789342537319380e-01 -1.125110288144730852e-01 9.562229492148877341e+01 -3.290078869672330431e-02 4.155444882526588835e-01 9.089776214989946368e-01 1.357861782011833185e+01
1.995753942462175079e-01 8.944251311157150885e-01 -4.002166248921985026e-01 9.820166334899198546e+01 -9.793242528180480244e-01 1.682818041193657743e-01 -1.122730699887709571e-01 9.564658644695346368e+01 -3.307067967004762021e-02 4.143487893441554215e-01 9.095171306331694128e-01 1.366951442842964859e+01
2.007144537209273327e-01 8.940104221005715779e-01 -4.005734305256249961e-01 9.831936201637684292e+01 -9.790580217479016856e-01 1.688474716341541448e-01 -1.137361920139706717e-01 9.565272369577061795e+01 -3.404553008245023160e-02 4.150131281035716047e-01 9.091782033150010989e-01 1.367350639906164211e+01
2.012683182968977302e-01 8.939276306992919308e-01 -4.004802805660838128e-01 9.843415110749296559e+01 -9.790267032910923151e-01 1.703982387142912724e-01 -1.116743233068510921e-01 9.558811392650140704e+01 -3.158762879537418966e-02 4.145573920646186128e-01 9.094747882111233750e-01 1.373258300841007085e+01
2.023491866864256528e-01 8.938484444577692312e-01 -4.001121905013249602e-01 9.853822953318818634e+01 -9.787383091799199963e-01 1.705815050978136682e-01 -1.139002733192342465e-01 9.560531195872152921e+01 -3.355784246601309362e-02 4.146527564830493340e-01 9.093607440119874097e-01 1.377495290497559388e+01
2.013107783260610351e-01 8.940648697548436719e-01 -4.001524449506835279e-01 9.864498755354213699e+01 -9.789507229569096580e-01 1.696224109089192744e-01 -1.135064744390800739e-01 9.563800002684845936e+01 -3.360732884207406901e-02 4.145796019918250308e-01 9.093922701784971085e-01 1.381273398709279832e+01
1.977282068138226379e-01 8.941526387802506415e-01 -4.017394862252217091e-01 9.881291705125522640e+01 -9.795420874803381084e-01 1.645804611465075951e-01 -1.158040183390237343e-01 9.584370085960686936e+01 -3.742799867548657344e-02 4.164184558483422505e-01 9.084023417759500285e-01 1.382799956652966422e+01
1.976287653509425368e-01 8.936137170333240398e-01 -4.029856025167013467e-01 9.898848524217574152e+01 -9.795412140154480252e-01 1.640976459615098859e-01 -1.164945176179277286e-01 9.587605243327757876e+01 -3.797211017318891102e-02 4.177636740069410326e-01 9.077618804120480833e-01 1.383232632293908537e+01
1.990180185536853941e-01 8.929402683875410363e-01 -4.037938897295884066e-01 9.914548881127453228e+01 -9.790950580910077194e-01 1.635097982766942071e-01 -1.209851771469587223e-01 9.590431102962359944e+01 -4.200827909747281708e-02 4.194308321517396521e-01 9.068148000158400279e-01 1.384307929899568990e+01
1.981076988063011912e-01 8.931275254987205425e-01 -4.038273924218170330e-01 9.929053752361573970e+01 -9.793747105309478229e-01 1.636651220524314443e-01 -1.184858818424580074e-01 9.591776795192308214e+01 -3.973054298765649195e-02 4.189713009504292263e-01 9.071298324571906990e-01 1.389108618730399058e+01
1.957767603232823950e-01 8.946998139218212964e-01 -4.014769023064447828e-01 9.931997645015859177e+01 -9.796902448185497159e-01 1.603492944249029772e-01 -1.203957141463356251e-01 9.604504849412201395e+01 -4.334148503097712268e-02 4.168936875819713173e-01 9.079213451228114184e-01 1.400597885465376891e+01
1.919148181730883085e-01 8.959319870944505437e-01 -4.005927820949597984e-01 9.938947237218356179e+01 -9.805998292983865161e-01 1.584560482763947009e-01 -1.153934813783014657e-01 9.616666178607755455e+01 -3.990836185019386306e-02 4.149669327375596350e-01 9.089608173011726189e-01 1.411971394012322811e+01
1.907771448650522617e-01 8.955657001160362007e-01 -4.019529297975233950e-01 9.950133543405847547e+01 -9.808580319361472899e-01 1.576412258264394683e-01 -1.143099519127080410e-01 9.621807590573868652e+01 -3.900771953712448004e-02 4.160664859077350397e-01 9.084971530615281177e-01 1.410159672358862970e+01
1.909244896955961668e-01 8.960608850035449713e-01 -4.007776560652303033e-01 9.953798506800514190e+01 -9.808919533418198888e-01 1.586030058995384628e-01 -1.126768050172704538e-01 9.619224321607039485e+01 -3.740073667383034262e-02 4.146323394120323136e-01 9.092201097698839884e-01 1.419194314356186304e+01
1.881174543147616784e-01 8.952105978495465965e-01 -4.039923376500985652e-01 9.971587246894451084e+01 -9.814984476127459612e-01 1.564121858322897740e-01 -1.104356167951959511e-01 9.627725233528731508e+01 -3.567380994376226355e-02 4.172927193482087738e-01 9.080716742983856449e-01 1.412872503876821462e+01
1.886935305390954332e-01 8.946300142606258277e-01 -4.050085049930731151e-01 9.977588276891476937e+01 -9.813506887452425609e-01 1.563738520933024567e-01 -1.117946513959429122e-01 9.628662702306375820e+01 -3.668211051629766128e-02 4.185503027899211137e-01 9.074525149023145998e-01 1.409608865167363767e+01
1.891210880535809657e-01 8.945249935347078241e-01 -4.050410472966421427e-01 9.986585436720596931e+01 -9.810877409579109587e-01 1.548106060475318291e-01 -1.161917415193477188e-01 9.632318363166156416e+01 -4.123176682526080716e-02 4.193551146664684648e-01 9.068854553952998554e-01 1.409205927308921780e+01
1.851845063568122729e-01 8.963616832504276433e-01 -4.027932861975781487e-01 1.000460868261987457e+02 -9.821967780543477966e-01 1.556621263722903770e-01 -1.051607892368429109e-01 9.634173370074967124e+01 -3.156244263428234498e-02 4.150964167681014949e-01 9.092297712906458607e-01 1.433236881924115202e+01
1.838712984663825045e-01 8.996318954669784151e-01 -3.960477221986992147e-01 1.002280274072150661e+02 -9.825286996516007232e-01 1.564134883607921633e-01 -1.008572011298282389e-01 9.631848081925511451e+01 -2.878714923747718868e-02 4.076729980232930428e-01 9.126741076208305659e-01 1.471083047724405723e+01
1.835630390234722631e-01 9.001753688911113827e-01 -3.949543213413655440e-01 1.003490411597644396e+02 -9.826541848194116913e-01 1.572567011944533411e-01 -9.829080824948002726e-02 9.630809943661883210e+01 -2.636975087794399264e-02 4.061460761489514848e-01 9.134276112902681710e-01 1.481384853569258198e+01
1.811803616908925774e-01 8.994002130135843043e-01 -3.978101725304129532e-01 1.005035234079570898e+02 -9.830849482690537933e-01 1.546157379062609305e-01 -9.817310262253359232e-02 9.640971948322309970e+01 -2.678919603850429820e-02 4.088682311244321022e-01 9.122001472005958345e-01 1.474973462208434860e+01
1.805641332158551826e-01 8.992665456848200067e-01 -3.983921103738108371e-01 1.005312882883219459e+02 -9.832375388203503652e-01 1.546115049530115693e-01 -9.663966468622139927e-02 9.642444512270742507e+01 -2.530881369221629762e-02 4.091637353777295427e-01 9.121099174996596393e-01 1.476255033145018380e+01
1.828282078857436099e-01 8.992223981498155272e-01 -3.974580796347986222e-01 1.006153069800563884e+02 -9.828032590536701640e-01 1.565072274662316909e-01 -9.799613127219719555e-02 9.635180770109529647e+01 -2.591525409429421001e-02 4.085395530625250959e-01 9.123726394345132995e-01 1.480930415061429706e+01
1.797275705644910682e-01 9.000519157487439914e-01 -3.969943945901523996e-01 1.008279542673250830e+02 -9.833247488480346687e-01 1.529892605329506994e-01 -9.831950195424216110e-02 9.651666942237703495e+01 -2.775677722530420222e-02 4.080451385797859154e-01 9.125397121218715712e-01 1.492993363526192852e+01
1.760649792165794869e-01 9.007296255045385003e-01 -3.970985580834049955e-01 1.009839073528642786e+02 -9.839412862802277004e-01 1.490096326115879499e-01 -9.826329193636262893e-02 9.668477606113093259e+01 -2.933714789608346529e-02 4.080223904731375972e-01 9.125004441784726472e-01 1.498114536791246110e+01
1.758693793948853390e-01 8.989527400704292459e-01 -4.011906435986834496e-01 1.011314816176881237e+02 -9.838469944628799313e-01 1.466847416982176577e-01 -1.026093467442696638e-01 9.676600614453697347e+01 -3.339240748458321972e-02 4.127560510432223273e-01 9.102293059716263235e-01 1.483197204759369470e+01
1.774016013284106519e-01 8.999549020547881195e-01 -3.982585166869288540e-01 1.011715364315956407e+02 -9.835946996170872314e-01 1.486853837103090381e-01 -1.021475577588162043e-01 9.669409817364611115e+01 -3.271297496847663799e-02 4.098461064088266825e-01 9.115678967198419524e-01 1.497440360940998794e+01
1.802947068893353544e-01 8.982556576245864788e-01 -4.007874651397050902e-01 1.013519052330602648e+02 -9.830772297252637903e-01 1.511169105100869103e-01 -1.035511455928287416e-01 9.660575448097254991e+01 -3.244963887918431156e-02 4.126747543808659824e-01 9.103002625690616023e-01 1.490487761759200502e+01
1.750475816148634456e-01 8.982529897614742742e-01 -4.031127764724909968e-01 1.014810992646349632e+02 -9.839222547382714401e-01 1.448653060533392489e-01 -1.044559224401773179e-01 9.684673371686770338e+01 -3.543078889248327257e-02 4.149163885491209403e-01 9.091694284960373240e-01 1.487411107597845827e+01
1.761789223717808994e-01 8.980009718423633824e-01 -4.031814007144788325e-01 1.015602096711797913e+02 -9.836508742615939216e-01 1.450833046056669851e-01 -1.066854830288614109e-01 9.683624559381378560e+01 -3.730877747019117896e-02 4.153854707315488559e-01 9.088800613000647122e-01 1.488854350612331956e+01
1.742187371624603909e-01 8.975392466192946284e-01 -4.050569495757197491e-01 1.017402358456192104e+02 -9.841001527312269737e-01 1.442598364086726814e-01 -1.036146176643004402e-01 9.691588700846243398e+01 -3.456473659517300678e-02 4.166682137833561672e-01 9.084012762026998367e-01 1.489676032840333519e+01
1.738422110469444171e-01 8.978078458093401437e-01 -4.046232292658218377e-01 1.017696964357078997e+02 -9.840868592763778455e-01 1.430385313279608495e-01 -1.054183663082227662e-01 9.695256814582583615e+01 -3.676872390856533723e-02 4.165105647624465224e-01 9.083870377671643404e-01 1.490726584008569233e+01
1.724688972232339967e-01 8.975316204461712966e-01 -4.058219680966906884e-01 1.018008798513955782e+02 -9.843807038101782814e-01 1.422674373190410124e-01 -1.037044176727814626e-01 9.697391191712881664e+01 -3.534274263239228775e-02 4.173691011298543696e-01 9.080495162518824603e-01 1.488634480389440107e+01
1.714536313535225398e-01 8.972270358364097254e-01 -4.069241925222694123e-01 1.018850442199278064e+02 -9.845155608146453075e-01 1.407322408660875990e-01 -1.045157734250409809e-01 9.703653173011339561e+01 -3.650702411201689479e-02 4.185428084975539309e-01 9.074630321095534802e-01 1.486385951487990553e+01
1.702536633835586288e-01 8.969325842052526809e-01 -4.080755193531770408e-01 1.019879712877609421e+02 -9.846271259230257034e-01 1.384455569985568735e-01 -1.065000030231045280e-01 9.714363044273142123e+01 -3.902708035505442208e-02 4.199342414453083872e-01 9.067150157909118491e-01 1.484905115643766926e+01
1.690657768478613932e-01 8.974360986311024080e-01 -4.074619147510789574e-01 1.020042331504611752e+02 -9.849020450373401347e-01 1.382234278381325732e-01 -1.042220978389032382e-01 9.715642417465868164e+01 -3.721189030531121822e-02 4.189304630490159331e-01 9.072555000381329338e-01 1.489890257181730249e+01
1.699136211247280759e-01 8.974712820646878475e-01 -4.070315211693662505e-01 1.020315540285672711e+02 -9.846043278924238029e-01 1.374104113696794638e-01 -1.080402533444088375e-01 9.717974368655740136e+01 -4.103265591929119993e-02 4.191225080049761909e-01 9.070020090561143888e-01 1.491602142577525747e+01
1.682209793655099483e-01 8.983207141671020191e-01 -4.058590846582306177e-01 1.021458285742015164e+02 -9.849027614995377045e-01 1.361096118833253765e-01 -1.069613198476699611e-01 9.728731982554000979e+01 -4.084424674166120539e-02 4.177248712385684959e-01 9.076550443074877794e-01 1.502021450698942218e+01
1.665322078957790497e-01 8.983674944085973113e-01 -4.064515576589370904e-01 1.023298789563985167e+02 -9.851967703261785836e-01 1.345932483839837879e-01 -1.061695871156833892e-01 9.736102044847655179e+01 -4.067367050346526458e-02 4.181154176533873335e-01 9.074828648786207319e-01 1.507129300490425550e+01
1.664912386903708574e-01 8.983945071695256246e-01 -4.064086329385380170e-01 1.024076715607891259e+02 -9.850847805854023864e-01 1.333791383065999758e-01 -1.087105354765520449e-01 9.742796975204878152e+01 -4.345851468188666189e-02 4.184463107164576590e-01 9.072012139263427866e-01 1.511011033041860152e+01
1.627336994333903331e-01 8.995720059234931787e-01 -4.053244986766847413e-01 1.024529098313941375e+02 -9.856793522662904428e-01 1.298152735467936747e-01 -1.076299645539155747e-01 9.757591297921625539e+01 -4.420359244030944157e-02 4.170350116150368658e-01 9.078148718227836422e-01 1.518953172391428907e+01
1.628671645507402399e-01 8.988562441088024935e-01 -4.068559193840233235e-01 1.025963652877929064e+02 -9.857290127817840419e-01 1.304433362785574202e-01 -1.064088782986108428e-01 9.757564745242363813e+01 -4.257464117818821059e-02 4.183801960503579775e-01 9.072736144523395607e-01 1.515910919370027443e+01
1.618081938898640049e-01 8.984444487152590808e-01 -4.081858412081857956e-01 1.026866471691032388e+02 -9.858866288211939333e-01 1.291696917414744128e-01 -1.065023278947171415e-01 9.761476475239939532e+01 -4.296118599016507389e-02 4.196579122429917597e-01 9.066650832530013249e-01 1.515392628002671849e+01
1.604447145714299472e-01 8.989463289542988234e-01 -4.076186836072190900e-01 1.027760734522937156e+02 -9.861353401384188588e-01 1.282655871653052282e-01 -1.052854694591085216e-01 9.766165340803874528e+01 -4.236253647006674172e-02 4.188596863016651461e-01 9.070622793916043314e-01 1.521751023974423234e+01
1.601844253809170393e-01 8.987125869595895544e-01 -4.082360051560712244e-01 1.028990072480406326e+02 -9.861555911799737562e-01 1.277421338948953045e-01 -1.057312499332865863e-01 9.770900166273904119e+01 -4.287306671865087626e-02 4.195207185210058642e-01 9.067327428089034802e-01 1.523797372613210754e+01
1.608421595193371134e-01 8.989391895222004214e-01 -4.074777702676866120e-01 1.029650800532362354e+02 -9.860897785175045671e-01 1.288300857170672220e-01 -1.050226533536076923e-01 9.765675316827177710e+01 -4.191358281577756140e-02 4.187017345979147098e-01 9.071560554944460009e-01 1.530750636675517384e+01
1.601326963761581235e-01 8.980371384630142506e-01 -4.097399388544672449e-01 1.031868073146666944e+02 -9.863236861262935085e-01 1.291594375926682359e-01 -1.023886022318261368e-01 9.764527714623487498e+01 -3.902698729779954800e-02 4.205319697976683813e-01 9.064379496912904344e-01 1.527552980889841194e+01
1.605787688884271480e-01 8.976072700816335459e-01 -4.105065744648613846e-01 1.033581278608077128e+02 -9.862210414275236481e-01 1.291505309456431050e-01 -1.033837405111152075e-01 9.765712572849619733e+01 -3.978085504219600055e-02 4.214514551559362943e-01 9.059780099533628617e-01 1.530276872352514950e+01
1.623619380424050629e-01 8.986712566890131537e-01 -4.074660396598767664e-01 1.034178683396305303e+02 -9.856705960938771938e-01 1.285713413923936788e-01 -1.091919693407058523e-01 9.766363944457856405e+01 -4.573922901684362996e-02 4.193559139603859620e-01 9.066689254382738206e-01 1.544633589872260515e+01
1.592773803670375354e-01 8.993360990829010193e-01 -4.072165234734030359e-01 1.034568701284409684e+02 -9.863248376634147219e-01 1.272655882611605227e-01 -1.047224171454201880e-01 9.772158826341689064e+01 -4.235599971258713348e-02 4.183276836773910379e-01 9.073080614418985723e-01 1.551108447416228486e+01
1.582289975683650596e-01 8.991584225313528078e-01 -4.080168078884000016e-01 1.035340663103795151e+02 -9.865901325778677622e-01 1.272115089269294508e-01 -1.022601696483976808e-01 9.775454078621362441e+01 -4.004365902980930314e-02 4.187258807232518976e-01 9.072293768303809625e-01 1.550081483644929747e+01
1.599645785853546220e-01 8.985432556874508592e-01 -4.086946919848682969e-01 1.036677219179479863e+02 -9.861410691259100414e-01 1.270051794347025753e-01 -1.067495956899436882e-01 9.775703459610397772e+01 -4.401278656501231290e-02 4.201067745887413496e-01 9.064067368259280943e-01 1.549343729746748188e+01
1.603119918275693889e-01 8.986331036348029766e-01 -4.083608824654472169e-01 1.038022077303591431e+02 -9.861918981147852481e-01 1.284090723860911165e-01 -1.045784405205043288e-01 9.772012661853078441e+01 -4.154040646207476928e-02 4.194873718964911014e-01 9.068102003453316629e-01 1.557642370986525826e+01
1.602395999334468302e-01 8.990155229595370168e-01 -4.075467581651942006e-01 1.038440554002328895e+02 -9.861557890404387683e-01 1.279624943802573078e-01 -1.054625989344684378e-01 9.772129822434018820e+01 -4.266181378233724342e-02 4.188038795304707129e-01 9.070740213097430171e-01 1.562290159346881779e+01
1.579284448459393753e-01 8.996626936233763638e-01 -4.070204466742104454e-01 1.039947942005064476e+02 -9.865215208857965878e-01 1.258765690597866138e-01 -1.045484490124619636e-01 9.781404723811894542e+01 -4.282400188816631870e-02 4.180456040482515290e-01 9.074160995917004424e-01 1.571207282743477585e+01
1.604808692957372385e-01 8.990215041298599274e-01 -4.074386158701316374e-01 1.042535021253676604e+02 -9.862061900721570407e-01 1.290940387778564125e-01 -1.035957519176425867e-01 9.770598196776531097e+01 -4.053691223372796193e-02 4.184436213686444361e-01 9.073376959448171686e-01 1.578615311916935937e+01
1.602245314798167453e-01 8.994359106149056871e-01 -4.066240797203342638e-01 1.045095806815518529e+02 -9.862910698904538975e-01 1.294080359041152040e-01 -1.023888944064888229e-01 9.771147539603386178e+01 -3.947182496942686081e-02 4.174549112656058547e-01 9.078399485007300207e-01 1.590779591696638384e+01
1.574262017814573866e-01 8.992547046563162949e-01 -4.081151395698837669e-01 1.046008102244149001e+02 -9.867386774927654480e-01 1.266899148211486636e-01 -1.014714138190588033e-01 9.781055831566007441e+01 -3.954457399558669595e-02 4.186772523508913713e-01 9.072737100960303058e-01 1.590146733472625939e+01
1.552002423788563235e-01 8.998198182982566351e-01 -4.077219387808768136e-01 1.046618658752873472e+02 -9.870495747025891387e-01 1.242958603367072534e-01 -1.014084620857463315e-01 9.791261223762691657e+01 -4.057119476898241039e-02 4.181803841655543086e-01 9.074575166112002211e-01 1.594046398146749688e+01
1.533511863750892656e-01 9.003212641497363444e-01 -4.073144178115645775e-01 1.047790127909040621e+02 -9.873967432478508721e-01 1.232867042835293914e-01 -9.923739199739109451e-02 9.798450683226420210e+01 -3.912908203486159531e-02 4.173991014206028805e-01 9.078804464643912553e-01 1.602802286345999860e+01
1.540069909529226955e-01 9.002187646591102155e-01 -4.072935335765253129e-01 1.048362119084090835e+02 -9.873950951902956685e-01 1.249877886819578121e-01 -9.710292824905683573e-02 9.794779966933073467e+01 -3.650716000695744534e-02 4.171141671485398827e-01 9.081205860634403715e-01 1.604851915077892599e+01
1.539341153595602529e-01 9.013744058806869575e-01 -4.047572958597639436e-01 1.049752678316276331e+02 -9.873967943114145829e-01 1.250855730303869207e-01 -9.695963079138733565e-02 9.795799242572964260e+01 -3.676763130814905689e-02 4.145814513975494275e-01 9.092691358696221027e-01 1.621832839153446670e+01
1.527388419336686010e-01 9.009663104652713139e-01 -4.061164285908146487e-01 1.052467935601517013e+02 -9.875958721407412932e-01 1.240145445026065163e-01 -9.630569080993925390e-02 9.813014559372324186e+01 -3.640383901912494502e-02 4.157885281707607295e-01 9.087324470636349849e-01 1.627411793047154731e+01
1.498603430520277779e-01 9.013738645275692907e-01 -4.062844249130942442e-01 1.054055109826155530e+02 -9.879838532619928948e-01 1.208075440009667156e-01 -9.640250518549581260e-02 9.827407578692601930e+01 -3.781247510959329095e-02 4.158493641441449173e-01 9.086470838928591975e-01 1.634809038934695380e+01
1.464455229200097852e-01 9.018903033778395972e-01 -4.063835497282258791e-01 1.055658410023962261e+02 -9.885178937053780146e-01 1.179613873303388960e-01 -9.443243575903792486e-02 9.839554096883567524e+01 -3.723013082125770090e-02 4.155466180492031203e-01 9.088096201003276198e-01 1.640508954318324086e+01
1.450622423112326587e-01 9.020261541302526664e-01 -4.065781144142207038e-01 1.056073183993496230e+02 -9.888059709863755709e-01 1.176617584304200381e-01 -9.175217896460347022e-02 9.842169657391718829e+01 -3.492416924321017913e-02 4.153366440227100331e-01 9.089971257020696971e-01 1.642859467606278656e+01
1.413055302147221415e-01 9.035697498492301083e-01 -4.044681128199558162e-01 1.056568353460709915e+02 -9.894713857885677477e-01 1.159950240593196069e-01 -8.655363134571264494e-02 9.854835011357444330e+01 -3.129095454580960167e-02 4.124401308685639034e-01 9.104471509169184129e-01 1.656774892481842798e+01
1.397591220363942899e-01 9.042521167780493974e-01 -4.034792399988300637e-01 1.057498581430348139e+02 -9.895768689775764626e-01 1.132665578198426282e-01 -8.892866390642090169e-02 9.864466464053292327e+01 -3.471322791319111922e-02 4.117023150069252790e-01 9.106570131645532751e-01 1.665980832602106432e+01
1.447029330944226144e-01 9.031190610518976536e-01 -4.042734504250930505e-01 1.059218931220256934e+02 -9.888242314256031618e-01 1.171697244510907510e-01 -9.218402799629196731e-02 9.849284722961381533e+01 -3.588454401879315192e-02 4.130946831378909945e-01 9.099808142283928314e-01 1.666642343135663040e+01
1.419159472390804089e-01 9.035264053500359216e-01 -4.043512071881041336e-01 1.060256114890891297e+02 -9.892929957530113283e-01 1.154091082618454722e-01 -8.933144062556017118e-02 9.854150025741495256e+01 -3.404750318697272182e-02 4.126993731100740970e-01 9.102307372096840599e-01 1.671514367118252764e+01
1.410696520210240612e-01 9.042665174050873445e-01 -4.029905939085204336e-01 1.061124486686802868e+02 -9.894857480472224465e-01 1.156717697414997303e-01 -8.682163380343735359e-02 9.855613532526054144e+01 -3.189526124827748998e-02 4.110013469381145201e-01 9.110766077147188780e-01 1.680491357983730083e+01
1.413983924101832601e-01 9.046956596763034986e-01 -4.019107587346647525e-01 1.061601521981662870e+02 -9.893661971422097468e-01 1.151702467543451736e-01 -8.882759827275252262e-02 9.857758893536249900e+01 -3.407378136013208825e-02 4.101969985572802013e-01 9.113601921295556574e-01 1.687869164412005674e+01
1.406486673173946711e-01 9.046816396236954105e-01 -4.022052750892546324e-01 1.062891265672034962e+02 -9.896205027857931658e-01 1.163655212863499155e-01 -8.432274854243165807e-02 9.851464219574201309e+01 -2.948241590906275356e-02 4.098904687639591815e-01 9.116581545560961120e-01 1.690975017189242635e+01
1.435663580669307438e-01 9.042541758714237599e-01 -4.021356565271105854e-01 1.064328132035887933e+02 -9.890878607360285013e-01 1.175258945230776009e-01 -8.884181369815249973e-02 9.845215335453609384e+01 -3.307422827557160439e-02 4.105021918767826072e-01 9.112595930295233071e-01 1.694980898636751832e+01
1.396813512776731159e-01 9.031157039398891584e-01 -4.060432802084060766e-01 1.066361611130749907e+02 -9.896369855826891992e-01 1.135421195574007891e-01 -8.790235408236451997e-02 9.859111026412334411e+01 -3.328298171816587714e-02 4.141137674402673441e-01 9.096164195661687879e-01 1.686221432012277077e+01
1.400897703228161095e-01 9.037528951180655579e-01 -4.044818423818494768e-01 1.067403525947647438e+02 -9.896423276625356813e-01 1.148683628110507282e-01 -8.610065344576056656e-02 9.860130485705948900e+01 -3.135154780196286461e-02 4.123541727578654004e-01 9.104840013199559934e-01 1.696622629476705058e+01
1.379717643229232404e-01 9.041690861308024907e-01 -4.042796753919362107e-01 1.068142804505322516e+02 -9.899241789456563190e-01 1.127664239305722349e-01 -8.563792134725697891e-02 9.865482562568331559e+01 -3.184198782092967361e-02 4.120218408280076350e-01 9.106174226821666107e-01 1.701176302984880095e+01
1.368586936644594632e-01 9.041169962219717249e-01 -4.047742026253858261e-01 1.069106656293006665e+02 -9.900560658659416369e-01 1.114225103110974002e-01 -8.587205970528383192e-02 9.870653191875585719e+01 -3.253743091444166735e-02 4.125014925288545964e-01 9.103756555680491136e-01 1.704246030787126998e+01
1.373109413858988326e-01 9.045544910967455721e-01 -4.036420171543417812e-01 1.069999329470488902e+02 -9.898997546352030774e-01 1.108021767766544929e-01 -8.843841583112993510e-02 9.874338218519399391e+01 -3.527295208630934487e-02 4.117086958739913372e-01 9.106326199916485731e-01 1.709854518399540524e+01
1.339577259593174308e-01 9.034407258952578124e-01 -4.072470778896492005e-01 1.072033562403680662e+02 -9.905341023990480442e-01 1.096442396855767942e-01 -8.258530552273821157e-02 9.879316181525148011e+01 -2.995863215036079219e-02 4.144550584775402724e-01 9.095765415082218697e-01 1.704774957024285342e+01
1.326829259448754073e-01 9.029912849609813552e-01 -4.086587579475353671e-01 1.073556393858862918e+02 -9.906072995879460219e-01 1.070641167703585417e-01 -8.505558713723729292e-02 9.885578997973718174e+01 -3.305176494204006832e-02 4.161057728327001159e-01 9.087153386234423369e-01 1.703550707536433961e+01
1.321418345042142395e-01 9.029207508435065366e-01 -4.089897960463795279e-01 1.074519900752368926e+02 -9.906203132551664181e-01 1.058158561012453314e-01 -8.645460984699576690e-02 9.890453662462269335e+01 -3.478405583161051084e-02 4.165778706241592411e-01 9.084343383900371771e-01 1.705744350564333445e+01
1.322988157276558940e-01 9.032274558287956001e-01 -4.082611742427892931e-01 1.075473688804380288e+02 -9.905303842365698053e-01 1.052246185585888893e-01 -8.818921449561362147e-02 9.895396272189796605e+01 -3.669579350843385490e-02 4.160624264293050767e-01 9.085953312958114925e-01 1.712097273196846103e+01
1.314485438272204876e-01 9.017057212486691009e-01 -4.118835667917833399e-01 1.077524933376322167e+02 -9.906952549999893387e-01 1.047058013455631764e-01 -8.694599982224648915e-02 9.897609833470743013e+01 -3.527310655740273360e-02 4.194800203013269169e-01 9.070790045645354960e-01 1.704435106125184873e+01
1.325680057893214858e-01 9.012567474486388175e-01 -4.125069684494349631e-01 1.079160976061027810e+02 -9.903581671291836752e-01 1.035610822100245798e-01 -9.200979867390568501e-02 9.900933312012432452e+01 -4.020478381444830829e-02 4.207272007248750167e-01 9.062958666620102299e-01 1.707128338202747386e+01
1.316637248127341397e-01 9.025382526005089057e-01 -4.099870316988782903e-01 1.080040171242686995e+02 -9.907137353205349717e-01 1.056504043909448631e-01 -8.558204659426618677e-02 9.892520186908160440e+01 -3.392577509313463024e-02 4.174478346390723127e-01 9.080673692736017655e-01 1.721923826555095260e+01
1.311889204057946623e-01 9.036014157454401730e-01 -4.077915504588079942e-01 1.081085083042908224e+02 -9.908797179379815745e-01 1.067504494261609649e-01 -8.222971559271766151e-02 9.886981137253123109e+01 -3.077095614225575093e-02 4.148600041099999025e-01 9.093647921752536778e-01 1.735597434034281150e+01
1.336741796935838611e-01 9.038397467146414010e-01 -4.064540883569267016e-01 1.082437224962204141e+02 -9.906044197494839887e-01 1.099101273009358559e-01 -8.137965034012031862e-02 9.874134670766171951e+01 -2.888074195784479103e-02 4.135135743545851339e-01 9.100397939477478104e-01 1.745459189397717026e+01
1.337778645454298365e-01 9.017098741812891172e-01 -4.111238083128104237e-01 1.084539264163876737e+02 -9.905919861696775852e-01 1.096039789681770849e-01 -8.194195952475596956e-02 9.876477601620666746e+01 -2.882706877360174946e-02 4.182179702001185828e-01 9.078891614660981046e-01 1.732024405450193427e+01
1.325804542242019490e-01 8.993038848993140100e-01 -4.167432612085118504e-01 1.088313777355214853e+02 -9.908377584059613330e-01 1.093291368356685833e-01 -7.929486966896173716e-02 9.878040685621520822e+01 -2.574800331587384639e-02 4.234379086049917529e-01 9.055591520610215550e-01 1.719966392424592527e+01
1.310906838793908236e-01 8.993384047705181850e-01 -4.171398642000706536e-01 1.090140762171018025e+02 -9.911077993340586811e-01 1.092058204362869045e-01 -7.602248931754934658e-02 9.873748100292246477e+01 -2.281584316287851855e-02 4.233964129366912799e-01 9.056571728933138221e-01 1.727724784593826612e+01
1.293550638545838405e-01 8.995554310772724271e-01 -4.172137268529871879e-01 1.091598445191365840e+02 -9.914170765067036317e-01 1.092819074871854701e-01 -7.176102777178666736e-02 9.875351471864841812e+01 -1.895911037146572053e-02 4.229154656847449734e-01 9.059707837555126542e-01 1.734228308731283619e+01
1.262562506319583333e-01 8.998508679575684122e-01 -4.175257771831231146e-01 1.093036863407637469e+02 -9.918943645498584649e-01 1.084425238160809934e-01 -6.622528673121147458e-02 9.878228139977161959e+01 -1.431533270981091843e-02 4.225028218419488724e-01 9.062485513284961325e-01 1.738719918074939130e+01
1.276729731311545546e-01 8.996708835981287455e-01 -4.174828297518520803e-01 1.094200739345017013e+02 -9.916760550462025980e-01 1.087161474643276726e-01 -6.898841300186281389e-02 9.873932844669467102e+01 -1.667974160029139785e-02 4.228156814573899025e-01 9.060621864606592801e-01 1.741391787999686258e+01
1.304710969199758264e-01 8.993294012129872117e-01 -4.173534724695463494e-01 1.095720162052551387e+02 -9.912907462524981339e-01 1.107343241559768376e-01 -7.127808813292191292e-02 9.866537510666772448e+01 -1.788712561212177365e-02 4.230183655204690640e-01 9.059445419945566513e-01 1.747563522869115005e+01
1.302073662373981477e-01 8.988293317226186963e-01 -4.185114983039186498e-01 1.097323798220047166e+02 -9.913847220122896653e-01 1.119705816091717265e-01 -6.796265014490829315e-02 9.859226037442424229e+01 -1.422584753663033719e-02 4.237551430828594423e-01 9.056650616937200748e-01 1.748184583715509888e+01
1.295830782384096436e-01 8.984917125693488993e-01 -4.194292172446468236e-01 1.098894512344790826e+02 -9.914072155070773329e-01 1.097696003655731500e-01 -7.115031887550646306e-02 9.866305673944371790e+01 -1.788739429771890599e-02 4.250450297083607776e-01 9.049954496269341231e-01 1.749959396485765595e+01
1.321017495361853644e-01 8.994029442482411874e-01 -4.166814990458236334e-01 1.099988035764303760e+02 -9.910461808997286237e-01 1.116104289565681418e-01 -7.328423754255608547e-02 9.859938800267288173e+01 -1.940605816599211275e-02 4.226315842737343731e-01 9.060937859188371579e-01 1.765733781617318954e+01
1.300663902809939820e-01 8.986420215880823736e-01 -4.189573381089736759e-01 1.101257237409743652e+02 -9.913742841383890170e-01 1.110003428638919321e-01 -6.968466569623096851e-02 9.861752898119523536e+01 -1.611716067951102227e-02 4.244071640773552367e-01 9.053280047648187834e-01 1.760687193351064650e+01
1.330009745146935041e-01 8.986314266396479011e-01 -4.180577709285322463e-01 1.102872433965679733e+02 -9.909978903934814065e-01 1.140667006185364096e-01 -7.008544103928249225e-02 9.852133276213326951e+01 -1.529450927004172289e-02 4.236158010102933913e-01 9.057128303831165628e-01 1.770365587094027759e+01
1.309530428415363046e-01 8.992359745296983897e-01 -4.174038364487876462e-01 1.103781487607396485e+02 -9.912648893145005191e-01 1.121153599972201098e-01 -6.945549125162717163e-02 9.858266154080411070e+01 -1.565949497441929128e-02 4.228531756583097101e-01 9.060628963007086867e-01 1.777188805103272529e+01
1.345531684382020865e-01 8.998104691733962435e-01 -4.150139328133374272e-01 1.104587210284980472e+02 -9.907220450261274847e-01 1.140826520189648363e-01 -7.385782292734979770e-02 9.849043589051711933e+01 -1.911215222021817040e-02 4.211012563199880709e-01 9.068122504483708823e-01 1.789706078502656439e+01
1.320577261971884742e-01 8.994665587557379993e-01 -4.165581191523446969e-01 1.106213590616282545e+02 -9.911668217508891043e-01 1.146453705977864557e-01 -6.666911174402662121e-02 9.849500251558825425e+01 -1.221017656996398193e-02 4.216827583392600554e-01 9.066612172733118369e-01 1.790774612123632181e+01
1.310510647157943076e-01 8.990737019046212142e-01 -4.177225119386995256e-01 1.107299475723880136e+02 -9.912939292929735524e-01 1.134307276797985597e-01 -6.685668078007334092e-02 9.853014235774243446e+01 -1.272651498855603691e-02 4.228474294134370592e-01 9.061115203189364919e-01 1.789971579487744435e+01
1.309858426694694433e-01 8.995134878796609001e-01 -4.167951464961370256e-01 1.107780197097747816e+02 -9.912801057360651757e-01 1.127416390810644931e-01 -6.821345020749799981e-02 9.853749365156966178e+01 -1.436875053944516867e-02 4.220957331457905193e-01 9.064373839753372408e-01 1.795861723821540323e+01
1.332734846708750753e-01 8.999340640710491446e-01 -4.151588353970647738e-01 1.108380525270200678e+02 -9.910092033994595262e-01 1.160263128529918086e-01 -6.662322045134441706e-02 9.841837263402719316e+01 -1.178715662281620835e-02 4.203053355006390879e-01 9.073061709745197101e-01 1.805524271232730271e+01
1.321799845359775682e-01 9.011635463849788641e-01 -4.128349723011807137e-01 1.109030770394883376e+02 -9.911552087990113113e-01 1.151935342440093546e-01 -6.589234962393267225e-02 9.844746128166231358e+01 -1.182386394784137873e-02 4.178931829250414065e-01 9.084192225542790933e-01 1.818311104593398397e+01
1.230136544865843007e-01 9.025304339223861883e-01 -4.126820285082996032e-01 1.110340975522052815e+02 -9.922577304922927111e-01 1.046934759693430861e-01 -6.681221720420185695e-02 9.873270368964010402e+01 -1.709494335001149334e-02 4.177057480252412969e-01 9.084215271439429751e-01 1.825998499492042271e+01
1.201780558050745684e-01 9.034849601286554233e-01 -4.114269822510851493e-01 1.110887859519606451e+02 -9.925372457171266483e-01 1.007212366060680209e-01 -6.873898719653320777e-02 9.885301813768494128e+01 -2.066520668111171410e-02 4.166175216164903494e-01 9.088469562665433266e-01 1.832812427857714610e+01
1.181199225619939952e-01 9.035561863633017055e-01 -4.118663642233428845e-01 1.112750953663832121e+02 -9.928611951219141751e-01 1.005472235987256990e-01 -6.416309724189134256e-02 9.890151760807611936e+01 -1.656294403278227301e-02 4.165050706908556832e-01 9.089825053177713610e-01 1.841037371256718913e+01
1.201468111651542436e-01 9.022018787030385845e-01 -4.142420956778203323e-01 1.113957649867588202e+02 -9.926277327859458488e-01 1.024626437999446305e-01 -6.474249554781258409e-02 9.882912286421918679e+01 -1.596646081878053125e-02 4.189667966441175673e-01 9.078611652883324945e-01 1.834265670143592786e+01
1.238035450991595843e-01 9.010204833859761786e-01 -4.157340144128000015e-01 1.115799488323116861e+02 -9.922087630787795876e-01 1.065157654367535622e-01 -6.462323253366900055e-02 9.867943419151474416e+01 -1.394462945217705974e-02 4.204955174937353712e-01 9.071874486990640918e-01 1.833274160117574070e+01
1.264839094716158074e-01 9.010500411908828333e-01 -4.148621987054070814e-01 1.116613940703757208e+02 -9.918546177770448669e-01 1.085363733250860330e-01 -6.666537976933673004e-02 9.860160030878066095e+01 -1.504120471001055281e-02 4.199150853867316679e-01 9.074387490214010921e-01 1.837940113864706504e+01
1.238744930456260329e-01 9.010064156108344990e-01 -4.157433691603582004e-01 1.118149357874713985e+02 -9.922159720405733241e-01 1.070852064951142157e-01 -6.356275149393250667e-02 9.867587027525280519e+01 -1.275048235439874000e-02 4.203810147687636611e-01 9.072580821473649193e-01 1.841911086772169881e+01
1.233732421737765428e-01 9.026626065954919120e-01 -4.122854129965833891e-01 1.118669638869494918e+02 -9.922496147788135712e-01 1.060031272313547435e-01 -6.483856096853071738e-02 9.871371382886380275e+01 -1.482380136224611955e-02 4.170893857093534995e-01 9.087445731567076468e-01 1.858941166336680695e+01
1.205688184550175457e-01 9.023670828735521621e-01 -4.137593597281362667e-01 1.120023291034927837e+02 -9.926320173216960363e-01 1.045357942764009174e-01 -6.126945326067947950e-02 9.878745269865288492e+01 -1.203487449962084566e-02 4.180979735196981295e-01 9.083222150396301764e-01 1.858576652584522293e+01
1.208835259402555318e-01 9.018904135240697340e-01 -4.147057452575668712e-01 1.121235072829648516e+02 -9.925308978890496903e-01 1.029039683914699799e-01 -6.552243909413152378e-02 9.886570225024750869e+01 -1.641919278796630244e-02 4.195288491661445796e-01 9.075934964649767789e-01 1.858497592628923556e+01
1.182069001992571700e-01 9.022191074912255804e-01 -4.147623546357834257e-01 1.121578607068464351e+02 -9.928720201094141107e-01 1.009779991150897560e-01 -6.331346917176730593e-02 9.895493600858823413e+01 -1.524074896894034303e-02 4.192900258442232575e-01 9.077244040998436736e-01 1.862040890431865137e+01
1.144467735425575006e-01 9.034213711047948125e-01 -4.131970017519865368e-01 1.121378106745463015e+02 -9.932649732979740298e-01 9.649352217552842337e-02 -6.413807759463818758e-02 9.911334927571004982e+01 -1.807287594915657492e-02 4.177545049539183597e-01 9.083801763279695241e-01 1.867812685743147938e+01
1.152163597585468269e-01 9.027872760198286661e-01 -4.143673789051046663e-01 1.122147458422332136e+02 -9.931551130204375744e-01 9.663656547608445724e-02 -6.560713142904700534e-02 9.909073920429766247e+01 -1.918624312758762662e-02 4.190900958859370973e-01 9.077419124426089336e-01 1.863947413362333805e+01
1.152765251842312599e-01 9.026812930268607316e-01 -4.145814828966727372e-01 1.122564862345597447e+02 -9.931604717378640368e-01 9.694971845297661872e-02 -6.506173583076427236e-02 9.906205409937247452e+01 -1.853645378363633078e-02 4.192460319564675908e-01 9.076834054723506018e-01 1.864548581380080350e+01
1.132084056548363638e-01 9.008268337946901960e-01 -4.191597218299057404e-01 1.124252131227945739e+02 -9.933974131847046474e-01 9.473145353007106362e-02 -6.471113652237653335e-02 9.913949317471457334e+01 -1.858591851450108745e-02 4.237180279708593345e-01 9.056034432385172694e-01 1.851642662494117531e+01
1.133862066325105333e-01 8.998532481489860402e-01 -4.211979343980802870e-01 1.125556717647609304e+02 -9.933661244514850885e-01 9.449656528884931017e-02 -6.552970273736533069e-02 9.916065199382755679e+01 -1.916535775107888750e-02 4.258339241351376536e-01 9.045983407667421705e-01 1.847755182027827558e+01
1.124658621442795603e-01 9.026770231751575224e-01 -4.153620368832237064e-01 1.125979713441498831e+02 -9.934988312043850911e-01 9.472761597011769563e-02 -6.314072511572157986e-02 9.916704984600092132e+01 -1.764942627014046139e-02 4.197628742567098836e-01 9.074621904785237225e-01 1.878206902604446782e+01
1.142859098081115965e-01 9.002071062338927732e-01 -4.201974496654318214e-01 1.127247502782153674e+02 -9.931350208040796712e-01 9.291226695175558437e-02 -7.106434480360857009e-02 9.922765963698088854e+01 -2.493113057630250151e-02 4.254344562160976007e-01 9.046457661384927906e-01 1.857453510566470811e+01
1.117365440990505387e-01 8.997509591850312294e-01 -4.218567957949920233e-01 1.128006114952661676e+02 -9.934997856359266688e-01 9.185239625373875505e-02 -6.724071120842117777e-02 9.928786435495062790e+01 -2.175133683636634729e-02 4.266278808845747061e-01 9.041656544006568819e-01 1.855316324917048476e+01
1.110738936803132848e-01 9.002310051417732328e-01 -4.210068022302340118e-01 1.128121097973079259e+02 -9.935164080027374389e-01 9.025072420287727493e-02 -6.913721002611250555e-02 9.935429237632916966e+01 -2.424329127888891211e-02 4.259565050122948171e-01 9.044187739458297015e-01 1.860600545478225598e+01
1.078030776471954333e-01 9.003407134939716006e-01 -4.216219824380119663e-01 1.129034635277429857e+02 -9.938666666044653208e-01 8.708392470722670087e-02 -6.815745791998806258e-02 9.949319987922147845e+01 -2.464843732007379606e-02 4.263836179812172666e-01 9.042065388255748903e-01 1.861111002374474310e+01
1.063951748215279380e-01 9.008103125145238144e-01 -4.209760654029901517e-01 1.129725080988763608e+02 -9.940511685133285313e-01 8.644650938144726737e-02 -6.625160672051463862e-02 9.954413054052746190e+01 -2.328821916727172314e-02 4.255206010092220659e-01 9.046490352422686954e-01 1.867350225739855318e+01
1.095067404961832525e-01 9.001760851576783296e-01 -4.215344463932907959e-01 1.130531512179789075e+02 -9.936978772834437201e-01 8.893185444848394905e-02 -6.823235263958091212e-02 9.943343850204522028e+01 -2.393329204852567837e-02 4.263497871168112630e-01 9.042417025094395822e-01 1.867122952644483291e+01
1.106547355829032853e-01 9.000313116336806640e-01 -4.215437908118614407e-01 1.131858555053485702e+02 -9.935851545246807692e-01 9.022598361229161590e-02 -6.817486772529193773e-02 9.939533189943833236e+01 -2.332531245759281169e-02 4.263835244942646430e-01 9.042416822059269332e-01 1.872349342146292628e+01
1.074831043386029750e-01 9.006757431394551983e-01 -4.209876340249525395e-01 1.132590425541762471e+02 -9.938858261729694998e-01 8.657927056914893615e-02 -6.852002948181137865e-02 9.954967935081924679e+01 -2.526552620095554036e-02 4.257783879295712337e-01 9.044746638562544128e-01 1.878399991103939470e+01
1.057040890927811727e-01 9.003535444400856402e-01 -4.221257402282412308e-01 1.133421673044826576e+02 -9.942039741219197424e-01 8.731117897125539873e-02 -6.273129894104589876e-02 9.951380424778487566e+01 -1.962405129545949367e-02 4.263100433262446698e-01 9.043642206378625925e-01 1.880078352164567335e+01
1.078789456611486397e-01 9.008067724491209960e-01 -4.206058627656502624e-01 1.134345364521694393e+02 -9.939446258646921217e-01 8.883886883450364813e-02 -6.466634440652674343e-02 9.946687176907627759e+01 -2.088573191766568415e-02 4.250350739574370040e-01 9.049358939219173115e-01 1.888513538027404337e+01
1.057014831047636827e-01 9.000619736037210883e-01 -4.227477263593830692e-01 1.135539688806270959e+02 -9.941877488285154607e-01 8.691375565653958191e-02 -6.353518046692044341e-02 9.955436004687823015e+01 -2.044300733116791169e-02 4.270063731962906450e-01 9.040175002183353792e-01 1.885727448743180545e+01
1.044390941670577666e-01 9.001501504377679153e-01 -4.228737190656667311e-01 1.135901935731981069e+02 -9.943632578638180730e-01 8.669612884166100208e-02 -6.103681392671347905e-02 9.958755814251465210e+01 -1.828078280650372034e-02 4.268647185124745391e-01 9.041307013199183507e-01 1.887760814007453902e+01
1.057008001869955693e-01 9.013447660474144252e-01 -4.200058970523639634e-01 1.136791507738867750e+02 -9.942120057305267045e-01 8.762330740237977977e-02 -6.216625822060900530e-02 9.954866573306571809e+01 -1.923092564366635226e-02 4.241459285656296041e-01 9.053896414141745508e-01 1.902993317092567693e+01
1.049662498774174280e-01 9.009979678984826323e-01 -4.209331873700108972e-01 1.137519105516893063e+02 -9.943209229077051292e-01 8.761541027901298406e-02 -6.041061288887955572e-02 9.951926908617321033e+01 -1.754960554090612135e-02 4.248837508359731840e-01 9.050777920272451427e-01 1.903845731285536758e+01
1.061017137156462509e-01 8.985454055172539256e-01 -4.258621614682820966e-01 1.140029638824412359e+02 -9.940668668640202377e-01 8.553608439453874723e-02 -6.719108921279004498e-02 9.958935542702484156e+01 -2.394766272006065844e-02 4.304645542786124657e-01 9.022897411363833831e-01 1.889105739765308911e+01
1.046416238917022845e-01 8.986063000866960637e-01 -4.260948814452089617e-01 1.141455984631835747e+02 -9.941107959554554840e-01 8.237442576837683550e-02 -7.041434047224620629e-02 9.968456132980166728e+01 -2.817544878291627919e-02 4.309537926783210682e-01 9.019340179093213727e-01 1.893351192809270600e+01
1.000505226543553228e-01 8.987744294246216015e-01 -4.268423806618041327e-01 1.142021500264329177e+02 -9.946911962521882700e-01 7.997232870352921630e-02 -6.475994703615456372e-02 9.978563311293274296e+01 -2.406900527610575380e-02 4.310556247796574203e-01 9.020042856499286277e-01 1.895762542627632641e+01
1.004981454465645463e-01 8.981060714583218862e-01 -4.281420408830472479e-01 1.143115338729066366e+02 -9.946713817922786527e-01 8.074562386759931432e-02 -6.410137650371894313e-02 9.976197634219315091e+01 -2.299923923177688012e-02 4.323027048677025586e-01 9.014351925451034031e-01 1.896315573766041851e+01
9.946215005789238450e-02 8.982463899410141339e-01 -4.280895977056634605e-01 1.144032332199633117e+02 -9.947575224888732803e-01 7.948613886377708937e-02 -6.433836476261400872e-02 9.980261310920174367e+01 -2.376451467335538581e-02 4.322445797074427332e-01 9.014432157134890655e-01 1.897806148989971931e+01
1.020326050669395634e-01 8.979494615435832383e-01 -4.281075939724061641e-01 1.144802982752695470e+02 -9.944920478779353257e-01 8.170115220108009613e-02 -6.565431011415970297e-02 9.972951903817728692e+01 -2.397736872144737297e-02 4.324484781365343089e-01 9.013397802974143502e-01 1.901056481551067989e+01
1.026555539199596190e-01 8.973842607253046388e-01 -4.291425472402899954e-01 1.146165164463346997e+02 -9.944122773826218342e-01 8.190510591142896590e-02 -6.660162322605231444e-02 9.970294046554327849e+01 -2.461828263899992764e-02 4.335816442472349985e-01 9.007779404113815946e-01 1.901642030514666359e+01
1.038983575091174671e-01 8.971186854787372988e-01 -4.293986440032273033e-01 1.147185540688046075e+02 -9.942926503592658394e-01 8.316920036959596363e-02 -6.682072695974713983e-02 9.966394537887759952e+01 -2.423338087132470564e-02 4.338904795853265606e-01 9.006396587852216751e-01 1.903250648546775636e+01
1.049261147010127626e-01 8.962343783593641477e-01 -4.309924007457142103e-01 1.148099896591262450e+02 -9.942188021199652725e-01 8.460291042937617689e-02 -6.611596674042166666e-02 9.962895332455066466e+01 -2.279219087519870901e-02 4.354380399019858183e-01 8.999301247549307270e-01 1.901084189919548351e+01
1.041775892478762344e-01 8.966902594629118095e-01 -4.302250672413649446e-01 1.148658978231199228e+02 -9.943160174494010128e-01 8.434737183718121756e-02 -6.497059571624058671e-02 9.963898592321365300e+01 -2.197014660997198554e-02 4.345481555000509921e-01 9.003805935322239939e-01 1.909708022514825387e+01
1.026172573979342584e-01 8.971600629519681513e-01 -4.296202042829770917e-01 1.149134959072558928e+02 -9.944941043362923727e-01 8.330896768753115467e-02 -6.356958662122816350e-02 9.966433712197760997e+01 -2.124087861841045255e-02 4.337780968961650885e-01 9.007693310324564884e-01 1.915091850449929467e+01
1.019231312946505819e-01 8.978532621865132901e-01 -4.283353766479368052e-01 1.149193563952539705e+02 -9.945818419984048253e-01 8.311563615119821335e-02 -6.243997593082536990e-02 9.969637291978889948e+01 -2.046056876418250736e-02 4.323786657644177467e-01 9.014599572458158461e-01 1.922047549100395258e+01
1.007544368740230789e-01 8.977247935164511805e-01 -4.288807976070317940e-01 1.150258329138870010e+02 -9.946578416324647343e-01 8.115902062593649546e-02 -6.378864671777853546e-02 9.977771047833711293e+01 -2.245710420435434451e-02 4.330166376444259946e-01 9.011061369194367510e-01 1.924044357816143602e+01
1.002962862799667842e-01 8.973747744546820559e-01 -4.297198728600474249e-01 1.150804638832162112e+02 -9.947514890490776196e-01 8.164977339354217989e-02 -6.166676203130627698e-02 9.976203165882500912e+01 -2.025166642746942247e-02 4.336494306201630899e-01 9.008540621708484020e-01 1.923569394231114060e+01
1.012279251638048549e-01 8.971142720605718157e-01 -4.300452185901634250e-01 1.151240894426986330e+02 -9.946226733692589139e-01 8.175391643454477109e-02 -6.357699872911629080e-02 9.974882053955634831e+01 -2.187795207097123495e-02 4.341684926533059263e-01 9.005659749292865834e-01 1.923615811580533119e+01
1.010512335591718935e-01 8.970896560913322881e-01 -4.301381140170041917e-01 1.152162686135182241e+02 -9.945912842915306529e-01 8.065458902045841150e-02 -6.544474372525979633e-02 9.980048833368829264e+01 -2.401718983340203617e-02 4.344248913263103473e-01 9.003877988892506901e-01 1.926737358074291961e+01
1.017757847942344362e-01 8.970174887009251252e-01 -4.301177915341373725e-01 1.152260591419100706e+02 -9.944617212650811444e-01 8.034286471759577442e-02 -6.775624714712580321e-02 9.979579534698835630e+01 -2.622164312185570889e-02 4.346316245438843762e-01 9.002265139276525163e-01 1.925338625425442274e+01
1.016626119732102485e-01 8.973115781761754617e-01 -4.295307264885321885e-01 1.152892184954729089e+02 -9.944680986949724355e-01 8.019992172246082074e-02 -6.783194847354875878e-02 9.979968910977071062e+01 -2.641806209379293779e-02 4.340505779591739000e-01 9.005010726081983385e-01 1.928591564063611941e+01
1.018617812083271179e-01 8.970279037413955159e-01 -4.300757112862630405e-01 1.153621748640233875e+02 -9.943937155466451294e-01 7.948054648321367655e-02 -6.974224840129505942e-02 9.982556679396594745e+01 -2.837809032343624471e-02 4.347686541599428134e-01 9.000949401866155108e-01 1.928134951693960630e+01
1.004545604255876468e-01 8.965539795671864098e-01 -4.313929102476575794e-01 1.155164011212902437e+02 -9.946272487891010261e-01 7.959294740400058021e-02 -6.619364538811958742e-02 9.985116003484073133e+01 -2.501034297897711256e-02 4.357245970171820248e-01 8.997324926322758376e-01 1.931971158750448936e+01
1.022807018962305081e-01 8.956570122449557525e-01 -4.328246462899880687e-01 1.156252336512204977e+02 -9.943554922982623667e-01 7.971522036589517857e-02 -7.001884445131051349e-02 9.983541793711636103e+01 -2.821015696330811395e-02 4.375431407969453956e-01 8.987547980320604868e-01 1.929309695742754727e+01
1.003395308223489213e-01 8.951373559611743858e-01 -4.343513468578042991e-01 1.157707605062300757e+02 -9.945613473141792227e-01 7.798585992655526766e-02 -6.903573045981437062e-02 9.991581340655059762e+01 -2.792319793568323605e-02 4.389160735429421534e-01 8.980940793718057424e-01 1.931597139329192814e+01
9.920413812961059730e-02 8.946220117805973038e-01 -4.356718891730314569e-01 1.158317871820511584e+02 -9.945915743372021334e-01 7.561335702859195429e-02 -7.120548080248165213e-02 9.998492974822890744e+01 -3.075937638195921919e-02 4.403794685001830578e-01 8.972846730486870870e-01 1.928132868081733164e+01
1.004343977378577835e-01 8.958098052846136250e-01 -4.329407863749691887e-01 1.158498429308839235e+02 -9.943694965478818704e-01 7.559397019117097827e-02 -7.426207649836347180e-02 9.999225688710578197e+01 -3.379698338825837256e-02 4.379615787105979319e-01 8.983581799522808442e-01 1.937879774374091113e+01
9.850923633402230983e-02 8.954496782517870068e-01 -4.341264839602153591e-01 1.158821152965278429e+02 -9.946607660291605368e-01 7.511631657900819103e-02 -7.076368776347055634e-02 1.000208293642462110e+02 -3.075533903522228996e-02 4.387794579311725673e-01 8.980683138929103082e-01 1.937168545227701344e+01
9.892623080215057207e-02 8.945062149377486227e-01 -4.359727426078634505e-01 1.160240086841797336e+02 -9.945911581834209203e-01 7.494428626642068991e-02 -7.191510286009977770e-02 1.000491120717034903e+02 -3.165484042988633839e-02 4.407289250704558570e-01 8.970819280776973770e-01 1.935651915482224794e+01
9.996165927750610969e-02 8.945564632052458443e-01 -4.356333329902685181e-01 1.160854539642822942e+02 -9.944564508700710626e-01 7.546959780823059294e-02 -7.321685003854250251e-02 1.000318011582128293e+02 -3.261953398487268951e-02 4.405372560231272105e-01 8.971415117238882297e-01 1.938756451986797558e+01
9.938880526206606003e-02 8.947343703428851658e-01 -4.353989801500458001e-01 1.161059903553330344e+02 -9.945185833573537693e-01 7.504063426174567564e-02 -7.281270882529575217e-02 1.000297962752263317e+02 -3.247541755638422289e-02 4.402491450721008892e-01 8.972881574599225196e-01 1.941340101235499560e+01
1.005852794891637370e-01 8.943364061657986808e-01 -4.359415031360638348e-01 1.161449132089633878e+02 -9.944954842305243625e-01 7.745129144257578702e-02 -7.056932264782206365e-02 9.998242997876839411e+01 -2.934848199110193234e-02 4.406400912993745922e-01 8.972039771113906603e-01 1.942137802259841450e+01
9.972849566095154383e-02 8.942225580556726339e-01 -4.363716808153034754e-01 1.162130240695062326e+02 -9.944875446913108430e-01 7.530519760554887920e-02 -7.296335153648969563e-02 1.000698788259020517e+02 -3.238441920201307056e-02 4.412427267139468201e-01 8.968032702410209112e-01 1.941554133734557297e+01
9.827684816914661337e-02 8.935687159310025107e-01 -4.380372256137122222e-01 1.163126036990234695e+02 -9.945559704546714785e-01 7.286824649570899926e-02 -7.448919576427029399e-02 1.001458400575283179e+02 -3.464221047949544996e-02 4.429731013978843723e-01 8.958653630379032062e-01 1.938587669787372647e+01
1.002437976675368825e-01 8.924063934180846980e-01 -4.399568274452809180e-01 1.164131369913526015e+02 -9.942319833615437252e-01 7.289893044380280074e-02 -7.866707825463439829e-02 1.001468875754128760e+02 -3.813062142374673558e-02 4.453050358200280057e-01 8.945666441261727053e-01 1.930566524648731885e+01
1.002280386179658089e-01 8.917534293698607950e-01 -4.412824055884035368e-01 1.165050296473294509e+02 -9.942645594168366685e-01 7.313479641489117888e-02 -7.803388649167689040e-02 1.001530435610041536e+02 -3.731388699183002533e-02 4.465726399595536522e-01 8.939689877602666757e-01 1.927058772983494350e+01
9.985624777484469750e-02 8.913489785966102197e-01 -4.421829125318036957e-01 1.165782465355401172e+02 -9.942617001629339146e-01 7.224904088882555531e-02 -7.889073253403905417e-02 1.001773451314326735e+02 -3.837188253710371866e-02 4.475232669319269552e-01 8.934486690264494824e-01 1.927623659280190793e+01
9.997291718860212839e-02 8.915137803577725117e-01 -4.418241678099942282e-01 1.166031288049791641e+02 -9.942264473942742375e-01 7.211251653950667695e-02 -7.945788985430801699e-02 1.002075180395251977e+02 -3.897675115451376682e-02 4.472169097770480883e-01 8.935758772924136117e-01 1.929702387776630346e+01
1.026627579630245979e-01 8.898726948190434083e-01 -4.445075310305991456e-01 1.167594664818994232e+02 -9.937292056284605657e-01 7.184881026596035003e-02 -8.567388367755143785e-02 1.002289421003271457e+02 -4.430151248494798577e-02 4.505156328906463337e-01 8.916686831512511402e-01 1.920395966444420566e+01
1.055601103311099020e-01 8.886858274230585719e-01 -4.462001381042793868e-01 1.168493311779705124e+02 -9.932675728996119835e-01 7.269844661271807063e-02 -9.019126613044048391e-02 1.002052460918534393e+02 -4.771364304890235442e-02 4.527167282059409992e-01 8.903768709201234088e-01 1.916409723356819939e+01
1.030974768600476654e-01 8.886229425720981734e-01 -4.469006334741513209e-01 1.169861125494273040e+02 -9.935957744669572378e-01 7.111828590086377577e-02 -8.780447808586183678e-02 1.002537523293584343e+02 -4.624226666697395238e-02 4.530910011741888233e-01 8.902641166690207220e-01 1.915758565112967560e+01
1.056286326082608307e-01 8.878446427676408570e-01 -4.478554256477301765e-01 1.171108264077191166e+02 -9.930770693310170261e-01 7.091022266446067590e-02 -9.364654126338814444e-02 1.002824757771154509e+02 -5.138605202025051111e-02 4.546467096883877179e-01 8.891883057189264861e-01 1.917596317288848340e+01
1.051997936982577153e-01 8.874149941983691114e-01 -4.488068977608881682e-01 1.171870782092504868e+02 -9.931948255384903668e-01 7.108015014856283731e-02 -9.225860815352332489e-02 1.002766564312337465e+02 -4.997041053875395100e-02 4.554582750667354740e-01 8.888535974747597823e-01 1.917888554734231121e+01
1.051865017682375170e-01 8.876665952514964930e-01 -4.483121853355948039e-01 1.172625962923897731e+02 -9.931020764485433139e-01 7.027790626584284883e-02 -9.385777348990048674e-02 1.003093616772179644e+02 -5.180796849281599226e-02 4.550923330111215637e-01 8.889358260499695685e-01 1.923626240113412322e+01
1.051108469738647466e-01 8.866436971009509227e-01 -4.503494912172034681e-01 1.173916976082365409e+02 -9.930196984686187056e-01 6.921066432868983043e-02 -9.550791797790936233e-02 1.003540167561012595e+02 -5.351250603111779025e-02 4.572448341253716464e-01 8.877294482915000229e-01 1.920620766371651200e+01
1.069985987293680108e-01 8.863262451205434767e-01 -4.505297848982578457e-01 1.174806912651947357e+02 -9.925504252164419894e-01 6.866463065928885001e-02 -1.006420483649062558e-01 1.003940237878571082e+02 -5.826622754745963695e-02 4.579420877217361130e-01 8.870705107377008236e-01 1.920602261200672345e+01
1.063781997834540860e-01 8.865397050952139590e-01 -4.502566267147249945e-01 1.175478444856205442e+02 -9.927477272045868162e-01 6.919469781464848701e-02 -9.830586922695708219e-02 1.003479684607068094e+02 -5.599668508902663766e-02 4.574488442263585641e-01 8.874710846979800838e-01 1.927130791316480796e+01
1.052410191982531273e-01 8.865125038002099611e-01 -4.505773057800362968e-01 1.175981340053837130e+02 -9.928933390685623639e-01 6.835652651445200956e-02 -9.741767045131277669e-02 1.003851474810984996e+02 -5.556208339681345532e-02 4.576275405706724531e-01 8.874062705434547782e-01 1.929425713704501888e+01
1.054361173638116433e-01 8.852832697386632255e-01 -4.529423334996033890e-01 1.177196434673922596e+02 -9.927449723411274629e-01 6.723173750640198953e-02 -9.968607406897112000e-02 1.004455748158259638e+02 -5.779831352780678833e-02 4.601667369472631774e-01 8.859491684970699499e-01 1.924456167709866605e+01
1.074342473784084540e-01 8.851069499485122449e-01 -4.528173689723893336e-01 1.178012744442462036e+02 -9.925191534415886974e-01 6.891294578282880501e-02 -1.007806328374916960e-01 1.003786112074739947e+02 -5.799665974715564887e-02 4.602572031553389120e-01 8.858892111329710328e-01 1.929359735733252634e+01
1.087981049148207813e-01 8.855139405622873827e-01 -4.516946240955206360e-01 1.178727255608042270e+02 -9.923719001252750971e-01 7.025236728657879848e-02 -1.013045740940799744e-01 1.003131394269663872e+02 -5.797399596970123636e-02 4.592707980706824955e-01 8.864024762097765242e-01 1.934727313970675056e+01
1.068731411803823805e-01 8.845815021658649524e-01 -4.539754373534102827e-01 1.179812414541654135e+02 -9.925437068076135017e-01 6.800235424734446532e-02 -1.011566601535514587e-01 1.003999634279965250e+02 -5.860991188221065240e-02 4.614013934122877525e-01 8.852534283392291536e-01 1.932429077670103013e+01
1.079063293977464699e-01 8.845811564979271235e-01 -4.537316405593674329e-01 1.180140860280079238e+02 -9.925021584569577726e-01 6.949756671410822761e-02 -1.005462763064768339e-01 1.003276362511614366e+02 -5.740809641666685947e-02 4.611792122262321492e-01 8.854479344807387742e-01 1.934642036643511176e+01
1.069032709370717482e-01 8.844269412434555555e-01 -4.542693873305796437e-01 1.180772588678950115e+02 -9.924881666588507567e-01 6.758631239565604520e-02 -1.019771024245628710e-01 1.004135903866042412e+02 -5.948890405031895257e-02 4.617586772108369098e-01 8.850084713240828904e-01 1.936709758799393200e+01
1.055054486216662202e-01 8.841989304294186613e-01 -4.550393958094323121e-01 1.181498508362078894e+02 -9.926549382466087756e-01 6.640291069605852581e-02 -1.011277757379877851e-01 1.004426008027988928e+02 -5.920113078111274851e-02 4.623666346943338112e-01 8.847103035659040771e-01 1.938597703807540285e+01
1.054913894587100609e-01 8.841061282454094616e-01 -4.552229352185387934e-01 1.182231143514228364e+02 -9.926312167779731688e-01 6.617323662214891211e-02 -1.015104439593733643e-01 1.004910223490169159e+02 -5.962243057734878393e-02 4.625769738690634902e-01 8.845720485173544922e-01 1.941779081919840522e+01
1.054745589284492580e-01 8.827458484369745673e-01 -4.578590225016156978e-01 1.183269563810372347e+02 -9.925002860533242988e-01 6.483806346283937927e-02 -1.036301486559700336e-01 1.005412651894887972e+02 -6.179239114097065388e-02 4.653555550261270768e-01 8.829642732315994280e-01 1.934532674883106651e+01
1.043560387701527592e-01 8.830069714165573735e-01 -4.576117411102572086e-01 1.184161656792949913e+02 -9.926274745664680488e-01 6.395322548417048392e-02 -1.029596119163549706e-01 1.005082578546782486e+02 -6.164830823305672558e-02 4.649824441631420502e-01 8.831708853399055092e-01 1.942217203417278881e+01
1.051299553864175618e-01 8.823983624463250797e-01 -4.586074818758341665e-01 1.185498931220229366e+02 -9.924420660322962329e-01 6.374165337560055988e-02 -1.048606084022595530e-01 1.004897801138827873e+02 -6.329642999409285098e-02 4.661653478938438955e-01 8.824304110653793387e-01 1.944327131370727813e+01
1.072399144888976918e-01 8.827528034134141111e-01 -4.574353383880308543e-01 1.186274232555568204e+02 -9.924005240554533147e-01 6.711758727709749017e-02 -1.031330661454560593e-01 1.003452661911850612e+02 -6.033904701663508896e-02 4.650190507321819711e-01 8.832420290391896911e-01 1.953065930728226718e+01
1.049975848926304467e-01 8.826645764740743694e-01 -4.581252586406449612e-01 1.186888365032638291e+02 -9.924537825132548896e-01 6.366598220794161822e-02 -1.047956692074205609e-01 1.004853362894592550e+02 -6.333243041166108922e-02 4.656714379767574741e-01 8.826885719838062361e-01 1.955349785069851265e+01
1.035776422399028451e-01 8.820082411941134737e-01 -4.597098372818329004e-01 1.187682132540345492e+02 -9.924325127303408323e-01 6.100165763689180398e-02 -1.065669059384443951e-01 1.005566157245770000e+02 -6.594982717008826545e-02 4.672689377983710868e-01 8.816520629278975507e-01 1.952252398138346479e+01
1.016078791183139263e-01 8.815617534036283010e-01 -4.610040280051779793e-01 1.188621730375370902e+02 -9.927318553863185846e-01 5.980868808897976674e-02 -1.044336350526642865e-01 1.006165537425924441e+02 -6.449265231261619435e-02 4.682646642284638561e-01 8.812314690435697484e-01 1.954771079489422902e+01
9.263560336509635285e-02 8.837845540801120281e-01 -4.586322131715147021e-01 1.189133569975922597e+02 -9.931361918363356134e-01 4.897811462841328289e-02 -1.062151060455464868e-01 1.008728047167965940e+02 -7.140832902403790317e-02 4.653235500776455869e-01 8.822555436431848142e-01 1.967233795255903317e+01
9.116708324488387305e-02 8.833561867041613835e-01 -4.597503782968567765e-01 1.190358529000002363e+02 -9.931629290770677132e-01 4.685110974653461380e-02 -1.069222606503308082e-01 1.009528571207373773e+02 -7.291062501226780457e-02 4.663548229910361442e-01 8.815878968278317851e-01 1.969993582300091717e+01
9.211861779124330685e-02 8.829349823473491288e-01 -4.603693921228009245e-01 1.190615030725016794e+02 -9.930614107198776352e-01 4.752197047344020042e-02 -1.075671737165572184e-01 1.009302496702655674e+02 -7.309715996724727716e-02 4.670840173562010866e-01 8.811863173785182690e-01 1.968394981586778059e+01
9.254691152691141287e-02 8.823435251553327641e-01 -4.614162684423802618e-01 1.191613559807114768e+02 -9.932049002248667380e-01 4.896388501752946265e-02 -1.055772898558335060e-01 1.008839633019886151e+02 -7.056270499451225420e-02 4.680517509639835483e-01 8.808793692006906539e-01 1.969956216243495462e+01
9.176112391226820542e-02 8.820799447452719599e-01 -4.620766897567284426e-01 1.192081119911097460e+02 -9.932161833861622435e-01 4.779020080150542249e-02 -1.060080646327327125e-01 1.009223867736018150e+02 -7.142485000462492351e-02 4.686694653863534565e-01 8.804813586989145291e-01 1.970554577184650213e+01
9.564676557164664139e-02 8.807266385097799466e-01 -4.638666666779868164e-01 1.193306303282338661e+02 -9.927689123454715991e-01 5.044360118287127825e-02 -1.089280945398996003e-01 1.008134382448310475e+02 -7.253676940746892066e-02 4.709310260738481801e-01 8.791827942839647303e-01 1.966000073957505023e+01
9.705969055153107483e-02 8.794936906915176156e-01 -4.659080000427704427e-01 1.194846319936278149e+02 -9.928323234866152092e-01 5.275702054802366980e-02 -1.072411964828082209e-01 1.007136031467040169e+02 -6.973803775709416786e-02 4.729773195584631718e-01 8.783103445098898732e-01 1.966380408717925476e+01
9.665427677193993983e-02 8.796685238371562132e-01 -4.656621510836498334e-01 1.195088051463455514e+02 -9.929053389401167884e-01 5.266073905839996350e-02 -1.066106676934122643e-01 1.007032732211923758e+02 -6.925993564756824372e-02 4.726628129353755425e-01 8.785174594634490575e-01 1.969870795556253995e+01
9.550862004456195375e-02 8.790494049929912235e-01 -4.670655704273776188e-01 1.196080535712163027e+02 -9.930018887135773076e-01 5.139346600199934390e-02 -1.063294910340951693e-01 1.007403192238394070e+02 -6.946475731226506301e-02 4.739523765461773896e-01 8.778062384477445246e-01 1.971026942638885870e+01
9.459405216883087775e-02 8.789674703864041039e-01 -4.674057672909123218e-01 1.197081992251707874e+02 -9.931168950308195686e-01 5.074267855242231562e-02 -1.055652091253068692e-01 1.007140239720828276e+02 -6.907096422249159318e-02 4.741744052306614554e-01 8.777174006054133670e-01 1.975680770305006106e+01
9.439250929149944902e-02 8.791702492730909535e-01 -4.670650136573554212e-01 1.197658232645223251e+02 -9.929988707931961534e-01 4.967955505694243712e-02 -1.071689526531904302e-01 1.007875061845430480e+02 -7.101617275727925560e-02 4.739109775078391151e-01 8.777044426254618781e-01 1.980729923486709865e+01
9.467308937118468215e-02 8.791852893131772984e-01 -4.669799066386265962e-01 1.198503582916474954e+02 -9.930070263482475568e-01 5.016811030657331028e-02 -1.068653654430580802e-01 1.007600796109896635e+02 -7.052695776741352285e-02 4.738316027488797544e-01 8.777867397406395877e-01 1.986025516293095095e+01
9.547329151422812021e-02 8.783515232408789508e-01 -4.683838727239305610e-01 1.199576911040978757e+02 -9.930079326696572561e-01 5.122120498630189367e-02 -1.063561649124527275e-01 1.007140213133619966e+02 -6.942691309984047598e-02 4.752630742864201174e-01 8.771002872860366173e-01 1.985574019724494832e+01
9.640413592974872437e-02 8.780996514771031158e-01 -4.686653866581449446e-01 1.200175041223864412e+02 -9.929443389096423989e-01 5.217916234744834902e-02 -1.064841530182389917e-01 1.006364900416203341e+02 -6.904913035608525873e-02 4.756241552870381639e-01 8.769343649923634354e-01 1.986440055419218709e+01
9.786766312152628267e-02 8.794829565327528798e-01 -4.657592185706466159e-01 1.200758052463962571e+02 -9.928702606678536657e-01 5.428510567524547081e-02 -1.061215000985932799e-01 1.005296976511911708e+02 -6.804826225907431581e-02 4.728243399722939500e-01 8.785252287403503280e-01 2.003273227657940936e+01
9.785435089520622132e-02 8.789282435334282439e-01 -4.668079570124320510e-01 1.201801371712158044e+02 -9.928937006302742674e-01 5.430132723535252559e-02 -1.058936499946934173e-01 1.005230658725627109e+02 -6.772462816138100083e-02 4.738528343058865389e-01 8.779959374397359184e-01 2.005008726309747757e+01
9.767222895767102564e-02 8.784994849599033762e-01 -4.676524250077456202e-01 1.202710755621796324e+02 -9.928939157199053733e-01 5.391679827160766880e-02 -1.060879398920192007e-01 1.005269073412951144e+02 -6.798387909522518591e-02 4.746910930166307607e-01 8.775229674452071915e-01 2.005982138926011515e+01
9.948488400918176211e-02 8.778634965019288527e-01 -4.684639146861667158e-01 1.204442639401270156e+02 -9.926206319331586370e-01 5.475164676261390362e-02 -1.081967570558343417e-01 1.004644261437172190e+02 -6.933281268127605701e-02 4.757708888595333363e-01 8.768323798762867050e-01 2.011252017127853264e+01
9.780757759007530083e-02 8.785003623803155914e-01 -4.676224877650945189e-01 1.204979568426318366e+02 -9.928775559081026714e-01 5.401723108182210353e-02 -1.061899134579446513e-01 1.004820130458846421e+02 -6.802820547327495526e-02 4.746780509396948955e-01 8.775265871847862664e-01 2.020951505697484052e+01
9.748619016364123979e-02 8.782905192920036352e-01 -4.680835464414034863e-01 1.206027905345573856e+02 -9.928352590151134915e-01 5.316920757581788948e-02 -1.070102042898368466e-01 1.005183938549521230e+02 -6.909841665169605407e-02 4.751618661967127455e-01 8.771810586923807218e-01 2.024031529941524354e+01
9.868356075834583407e-02 8.783173160417389047e-01 -4.677822647100784437e-01 1.207092066580915599e+02 -9.927944159639651156e-01 5.478627192942453483e-02 -1.065725670087963317e-01 1.004723762508288303e+02 -6.797648466067593431e-02 4.749285806827286960e-01 8.773950312053662159e-01 2.031719198024092421e+01
9.885767727844418928e-02 8.789865648770788242e-01 -4.664866326152382059e-01 1.207639812005359090e+02 -9.927807696875575738e-01 5.512088053779373720e-02 -1.065271414585001464e-01 1.004320095730634961e+02 -6.792277218791936688e-02 4.736499839484126229e-01 8.780900806431971573e-01 2.039591897157536593e+01
1.000124453824022819e-01 8.783236081914482796e-01 -4.674881282580206632e-01 1.208979340313442208e+02 -9.926784658351730517e-01 5.609961594813261954e-02 -1.069686709162988580e-01 1.004104699076102634e+02 -6.772720454706082638e-02 4.747635963129729908e-01 8.775035916622866417e-01 2.042861382038826790e+01
9.786746373098065277e-02 8.794052532646389198e-01 -4.659059562545019850e-01 1.209301843366206839e+02 -9.928061149367187754e-01 5.382424399365270951e-02 -1.069531154420990116e-01 1.004627451199069839e+02 -6.897809570526275413e-02 4.730215125013538802e-01 8.783465551955031980e-01 2.051993442117448296e+01
9.521478022280926989e-02 8.795773761028413684e-01 -4.661306523660110335e-01 1.210222460613040312e+02 -9.930313235900469770e-01 5.125830498586991801e-02 -1.061196331456874808e-01 1.005093507824510510e+02 -6.944736133304033054e-02 4.729864962322036792e-01 8.783284342350882179e-01 2.057505610823366737e+01
9.530648096917082590e-02 8.798149372057175732e-01 -4.656633450841631827e-01 1.210912188209824905e+02 -9.930682324412631878e-01 5.170718829879650258e-02 -1.055549733277325319e-01 1.004328607472418611e+02 -6.879069996197584302e-02 4.724955480720767209e-01 8.786442947238712886e-01 2.063139335848763167e+01
9.901321211442570824e-02 8.793509296076202908e-01 -4.657663861046632547e-01 1.212120729067408007e+02 -9.927899202855281491e-01 5.551597316430934015e-02 -1.062362974838390595e-01 1.003054603675324046e+02 -6.756151275866165151e-02 4.729269703895456201e-01 8.785075541348105199e-01 2.067586467070591993e+01
9.833600788877161492e-02 8.787264445657790857e-01 -4.670865713904485683e-01 1.213066861303969404e+02 -9.928344308097466486e-01 5.460615281427372292e-02 -1.062918673912108813e-01 1.003033452286255027e+02 -6.789567402409396601e-02 4.741919481556063909e-01 8.777996205018572251e-01 2.067752297212151191e+01
9.778315016824945527e-02 8.787250139537978733e-01 -4.672053139627925233e-01 1.213603661059901810e+02 -9.928630833738294470e-01 5.392888343173363186e-02 -1.063699826324092101e-01 1.003257190459550543e+02 -6.827410355754293114e-02 4.742721005748751772e-01 8.777269628988899619e-01 2.069921069682514769e+01
9.682752002542749370e-02 8.785267822453576292e-01 -4.677767889104197940e-01 1.214192024576023812e+02 -9.930565714394871124e-01 5.372823467436094180e-02 -1.046514343887725851e-01 1.003310337868196456e+02 -6.680626682113149917e-02 4.746619530533228160e-01 8.776291660132022887e-01 2.072650385838780807e+01
9.575291433981769629e-02 8.780315825246126638e-01 -4.689263476120271168e-01 1.215720717931231860e+02 -9.930492338919792994e-01 5.187002592337497386e-02 -1.056537717133723409e-01 1.003874162670195034e+02 -6.844412657039708470e-02 4.757836068004367425e-01 8.768952965080738515e-01 2.076336738282881100e+01
9.390539488984428473e-02 8.786254161193646217e-01 -4.681870939695539358e-01 1.216613242878127892e+02 -9.932149900436687551e-01 5.027422728828112586e-02 -1.048641293442203470e-01 1.003828430461951342e+02 -6.859854490539527005e-02 4.748577473513934666e-01 8.773849550893967342e-01 2.085568761845976837e+01
7.770151302942374105e-02 8.802013631513784242e-01 -4.681965774964549909e-01 1.217409438438427856e+02 -9.940386424519614961e-01 3.237161945822020215e-02 -1.041117455713518603e-01 1.004761387876601475e+02 -7.648301893361691972e-02 4.734951304502591496e-01 8.774694919224782508e-01 2.091295763427782006e+01
6.256120651558538803e-02 8.815969666876186661e-01 -4.678385231749352391e-01 1.218455272853801858e+02 -9.942960349736615910e-01 1.448401037527424773e-02 -1.056674419066943871e-01 1.005017078500632266e+02 -8.637991823896304378e-02 4.717806712558698656e-01 8.774745055865674770e-01 2.098441111279522531e+01
4.833308014452220025e-02 8.824705620639137216e-01 -4.678777836725563910e-01 1.219399901964887363e+02 -9.944123508150393143e-01 -1.500058483445920743e-03 -1.055548500593577743e-01 1.005217241919768441e+02 -9.385089189906739571e-02 4.703652377835191856e-01 8.774671237001435697e-01 2.103393669339516237e+01
3.145919852569800668e-02 8.831389457417735400e-01 -4.680554682323770921e-01 1.220606848451015480e+02 -9.943217853420760477e-01 -1.997662837520763901e-02 -1.045233060752751852e-01 1.006568260640540302e+02 -1.016587724806251869e-01 4.686859682483228706e-01 8.774958445171490151e-01 2.112657226551182887e+01
1.907026332569161653e-02 8.839313641190519322e-01 -4.672276410737289387e-01 1.221471834268594847e+02 -9.939748714696684528e-01 -3.368791075726185191e-02 -1.043028262113122329e-01 1.006318721111691872e+02 -1.079364625302553227e-01 4.664016168447996380e-01 8.779631267092095070e-01 2.120697624980027385e+01
2.131508053271680136e-02 8.842665007213752482e-01 -4.664958982068952986e-01 1.222355870257026282e+02 -9.941932852095183293e-01 -3.047962925549030366e-02 -1.032022472853822426e-01 1.004334155235007131e+02 -1.054769121001801480e-01 4.659868537871236227e-01 8.784821416007206896e-01 2.126408960996512931e+01
2.260354126780206308e-02 8.834617836915170663e-01 -4.679576441076240823e-01 1.223435514563921060e+02 -9.941188141940315859e-01 -2.972451619252436394e-02 -1.041356634519268742e-01 1.003808271020184293e+02 -1.059096935488314795e-01 4.675593330195894626e-01 8.775941014607318014e-01 2.125331111712460697e+01
2.054268981079865330e-02 8.846104088917784436e-01 -4.658781196575534356e-01 1.223906087367059854e+02 -9.941371199436740413e-01 -3.140390746983778847e-02 -1.034658462765493947e-01 1.004194352392762397e+02 -1.061573579429800906e-01 4.652721989072055031e-01 8.787789234378687864e-01 2.136675314985211571e+01
2.051225197150530200e-02 8.845809038698625448e-01 -4.659354805419253509e-01 1.224989441625015161e+02 -9.941618457099307138e-01 -3.133158924388301791e-02 -1.032499687655001885e-01 1.003782622089642871e+02 -1.059314497856120030e-01 4.653331666926718846e-01 8.787739026177827650e-01 2.142722742147203618e+01
1.761467027809160424e-02 8.843251017682587367e-01 -4.665392135432492315e-01 1.226010293319250621e+02 -9.941899777511005176e-01 -3.406510781633698137e-02 -1.021070838322613583e-01 1.004247788391590888e+02 -1.061885659111243274e-01 4.656271929473415061e-01 8.785871076095517207e-01 2.146854211735030304e+01
1.973610075934462138e-02 8.839770230971027987e-01 -4.671135932117594924e-01 1.226740093372662130e+02 -9.940587490541005211e-01 -3.267023716084449525e-02 -1.038260999597443168e-01 1.003156484310387384e+02 -1.070405986334794501e-01 4.663874765045029624e-01 8.780803106800356694e-01 2.147039381687354975e+01
2.250813713290744644e-02 8.834873862087943008e-01 -4.679139046584948614e-01 1.227965681361850017e+02 -9.940235574970152088e-01 -3.023115345088700501e-02 -1.048963512330482462e-01 1.002445109812139918e+02 -1.068201802272600864e-01 4.674784655692513780e-01 8.775268276954465430e-01 2.150535726624805832e+01
1.924451041957120356e-02 8.838545447453831638e-01 -4.673658016496743395e-01 1.228765891841749749e+02 -9.941459272897552601e-01 -3.279178301077290136e-02 -1.029493769780440993e-01 1.002776846648138616e+02 -1.063180326751019811e-01 4.666110186224775580e-01 8.780493341653360373e-01 2.156993212944102822e+01
2.049315618611569079e-02 8.833384292034550667e-01 -4.682875719490157684e-01 1.230885109500784580e+02 -9.940662272879648986e-01 -3.204502297194533611e-02 -1.039492773818088134e-01 1.001133503651392829e+02 -1.068286773998638473e-01 4.676391087100186805e-01 8.774401960760033203e-01 2.165120130020839895e+01
1.766468276022903350e-02 8.839582864040509413e-01 -4.672319626059359132e-01 1.232439779895787666e+02 -9.939897439698559545e-01 -3.496902436119264657e-02 -1.037379208292081023e-01 1.002254012852564955e+02 -1.080386406140006195e-01 4.662562763468611760e-01 8.780277540610196274e-01 2.178879796016025949e+01
1.369108380474082232e-02 8.843278032686465728e-01 -4.666657161076883109e-01 1.233800419556260266e+02 -9.937122226472743236e-01 -3.983401211526982344e-02 -1.046387597413817039e-01 1.002750493885848897e+02 -1.111241323280664495e-01 4.651640440154962697e-01 8.782219761367190403e-01 2.190899361227443976e+01
1.419805720079425626e-02 8.844065542478608544e-01 -4.665012990069256071e-01 1.234411619335788970e+02 -9.937928283836626742e-01 -3.900125255613229314e-02 -1.041859709953958102e-01 1.002521926502372054e+02 -1.103368905893382934e-01 4.650848837604580899e-01 8.783631489723356944e-01 2.193489028664069451e+01
1.357066610555113240e-02 8.835224119593433345e-01 -4.681922517374638160e-01 1.235215331907858882e+02 -9.938361165596835134e-01 -3.960429703478207664e-02 -1.035435805733449510e-01 1.002675940888372850e+02 -1.100254990582620884e-01 4.667115246294287201e-01 8.775390261037139261e-01 2.192555112657118599e+01
1.268967820861821583e-02 8.834099015785183973e-01 -4.684292026122996999e-01 1.236336256454725770e+02 -9.936028247710224637e-01 -4.143338273587970910e-02 -1.050557061853742147e-01 1.002907159425704009e+02 -1.122158574979812418e-01 4.667657020262900858e-01 8.772327973450932959e-01 2.198848180918717077e+01
1.076990717830794697e-02 8.842442004402580880e-01 -4.669006351325086790e-01 1.237131698620915188e+02 -9.937230111677682887e-01 -4.253037262374093075e-02 -1.034685675949468253e-01 1.002789842289988513e+02 -1.113489388141392367e-01 4.650842519288899135e-01 8.782357613037117261e-01 2.210223837692414861e+01
9.518278996055729024e-03 8.835843678823387393e-01 -4.681752526553721871e-01 1.237118490191364089e+02 -9.939103226109993194e-01 -4.304124395776942613e-02 -1.014382665756256019e-01 1.003342256241922996e+02 -1.097801119158343941e-01 4.662897341273299912e-01 8.777939455676433411e-01 2.202641657924458940e+01
7.131776843344650452e-03 8.837154371320484758e-01 -4.679702596678228521e-01 1.236896406827277701e+02 -9.935084922777644989e-01 -4.687146208775505585e-02 -1.036529874809194174e-01 1.004036222228306201e+02 -1.135341954259604935e-01 4.656716570892724949e-01 8.776445147397156088e-01 2.205528305653121279e+01
7.761052852383598655e-03 8.837494542323960367e-01 -4.678960014817019619e-01 1.237305238634579467e+02 -9.936194214560769566e-01 -4.583423516163032119e-02 -1.030517743294099287e-01 1.003688345314166952e+02 -1.125176046843948952e-01 4.657103445609628301e-01 8.777548995049788694e-01 2.207902308496118238e+01
9.321826466569316239e-03 8.826988580416538221e-01 -4.698466021621181543e-01 1.238536114646749553e+02 -9.935355663052772845e-01 -4.498618823847189141e-02 -1.042272582112051815e-01 1.003126728474037037e+02 -1.131378894879147279e-01 4.677808983698814593e-01 8.765733563612843060e-01 2.207839071673387821e+01
9.363577710377324337e-03 8.844993968645876725e-01 -4.664473607585773451e-01 1.238784491295160564e+02 -9.933623432117805185e-01 -4.525292852427575951e-02 -1.057517259848640978e-01 1.002789632617077018e+02 -1.146454469277463084e-01 4.643414577723568581e-01 8.782046641259541042e-01 2.221315536337460017e+01
6.252929105970306267e-03 8.841277708837802507e-01 -4.672033664579844370e-01 1.240873388028837780e+02 -9.934190127177309204e-01 -4.794201618774862617e-02 -1.040203261616818309e-01 1.003742033753538863e+02 -1.143659304536308319e-01 4.647791387701600274e-01 8.780095592392737069e-01 2.230067604129682834e+01
8.674076128674323982e-03 8.831746711066781330e-01 -4.689640292377703634e-01 1.242103799514084841e+02 -9.933855480542177485e-01 -4.608910675113908617e-02 -1.051710376287271209e-01 1.003237891662177077e+02 -1.144985297736832164e-01 4.667743507889999810e-01 8.769331742642494376e-01 2.231598966551588603e+01
4.425023170479991386e-03 8.836623632835641784e-01 -4.681038847158254801e-01 1.242798487331038473e+02 -9.931160051915998155e-01 -5.090988178044209000e-02 -1.054930527067045043e-01 1.004254640089441182e+02 -1.170513536966524826e-01 4.653482692062016479e-01 8.773539587558567554e-01 2.239741200903218754e+01
1.071811939032241145e-02 8.818496233245703975e-01 -4.714089135337263814e-01 1.243494493009804387e+02 -9.936330321165148804e-01 -4.348379953366543482e-02 -1.039353484867263644e-01 1.001856724606549847e+02 -1.121539986076111051e-01 4.695214595952239556e-01 8.757688505398524281e-01 2.226519502780446658e+01
7.601144642837232013e-03 8.834814803984761822e-01 -4.684044154286295947e-01 1.242638360802342277e+02 -9.934396696052240072e-01 -4.677835705304822511e-02 -1.043523270755439825e-01 1.002599819798103766e+02 -1.141045373978722410e-01 4.661247248369636553e-01 8.773299809312813391e-01 2.236313638926768022e+01
7.100884716259470153e-03 8.831294508726111880e-01 -4.690756340268455449e-01 1.243517744745961267e+02 -9.934219149138571181e-01 -4.738385298476610608e-02 -1.042481148280565706e-01 1.002841976442078789e+02 -1.142911912840704480e-01 4.667302684396618662e-01 8.769836829252350974e-01 2.239180041200378923e+01
7.986157853532960260e-03 8.839155698012381990e-01 -4.675783215095532519e-01 1.244388130074674734e+02 -9.931452313063064974e-01 -4.751839958132619834e-02 -1.067920935030910734e-01 1.002687150159051583e+02 -1.166137676961085112e-01 4.652260387856447243e-01 8.774770435854922779e-01 2.250691222857458129e+01
8.317199858575152760e-03 8.837293577794842481e-01 -4.679244024254061163e-01 1.244253961504037989e+02 -9.931759344966069047e-01 -4.713634436149449769e-02 -1.066758087713731984e-01 1.002762515696513503e+02 -1.163287897440030694e-01 4.656184996742457338e-01 8.773066883580679098e-01 2.248753369602717100e+01
7.722926705222454835e-03 8.836251248089864729e-01 -4.681313866954543990e-01 1.245069570860314485e+02 -9.931115345267377270e-01 -4.795871727278999685e-02 -1.069085657349173046e-01 1.002654556221848736e+02 -1.169180755617124368e-01 4.657323268185835086e-01 8.771679219870582855e-01 2.251361350060459543e+01
6.975593173193961327e-03 8.828060910897833624e-01 -4.696857956492400676e-01 1.245448249624380423e+02 -9.928959791843997573e-01 -4.967779641426961490e-02 -1.081188746837249970e-01 1.003250288219573889e+02 -1.187809564675024188e-01 4.671033312642932089e-01 8.761880861450156432e-01 2.248849493555348289e+01
8.571049248032314161e-03 8.824726089149960151e-01 -4.702856914999099525e-01 1.245872753887428530e+02 -9.930706239765060284e-01 -4.761255126835450824e-02 -1.074419878661572736e-01 1.002424816306136393e+02 -1.172061129365741527e-01 4.679477956743454681e-01 8.759495348556445293e-01 2.247449068634817593e+01
5.675571802664203247e-03 8.817242482432265938e-01 -4.717310016785305482e-01 1.246776110731455560e+02 -9.930042871585502695e-01 -5.066916566810375500e-02 -1.066542138653591154e-01 1.003131580732883350e+02 -1.179418228172360583e-01 4.690362307012276855e-01 8.752683821092432925e-01 2.247945369600871857e+01
6.766016925546125549e-03 8.793902297694029535e-01 -4.760536154689724020e-01 1.248394871673562108e+02 -9.921700291797890259e-01 -5.346822855829946874e-02 -1.128706415867943846e-01 1.004023729130316838e+02 -1.247110829571307089e-01 4.730898142223678438e-01 8.721428629913250408e-01 2.240846196472374885e+01
1.008586667557609395e-02 8.753700291685104773e-01 -4.833483084970134902e-01 1.250328787160071329e+02 -9.910643385924922111e-01 -5.554236796655054320e-02 -1.212704503615566198e-01 1.004704109602046884e+02 -1.330028272768249697e-01 4.802523892644262604e-01 8.669878260634236167e-01 2.223024302336556701e+01
1.049499423746902416e-02 8.759878299153002201e-01 -4.822190134536784578e-01 1.250722867857626710e+02 -9.910546940232026758e-01 -5.505069485910785154e-02 -1.215730827531560365e-01 1.004495961976506493e+02 -1.330430327019487269e-01 4.791813256334316318e-01 8.675740940194418549e-01 2.230024090311220419e+01
8.043971699712604284e-03 8.770361227752573319e-01 -4.803570899514635340e-01 1.251036294229396759e+02 -9.911920570722662083e-01 -5.650826297603250836e-02 -1.197711242841166257e-01 1.004422879188849578e+02 -1.321877472239539608e-01 4.770895676524229412e-01 8.688566877921124476e-01 2.239314842543355866e+01
7.335004071020501115e-03 8.765311748880176834e-01 -4.812892032496781658e-01 1.251610968951717950e+02 -9.912676558425742579e-01 -5.699689226068205272e-02 -1.189108437149132280e-01 1.004684887861747598e+02 -1.316610504122095737e-01 4.779586318103860032e-01 8.684589305674146331e-01 2.240131292525073192e+01
1.208266008417313575e-02 8.761896362144168116e-01 -4.818150378679962875e-01 1.252607515012798984e+02 -9.915714117666809546e-01 -5.166261424154927617e-02 -1.188154436795172686e-01 1.002497572366196863e+02 -1.289966848113623665e-01 4.791896239279157532e-01 8.681803727495230882e-01 2.238375967005528366e+01
2.016200089713848786e-02 8.749468509283674367e-01 -4.837990303528495462e-01 1.253919576049651425e+02 -9.914805485893881665e-01 -4.478546768949365209e-02 -1.223134647237161532e-01 1.000554496705606198e+02 -1.286849466282291854e-01 4.821434122067488337e-01 8.665898191052805455e-01 2.231664741510781269e+01
2.466793981918735668e-02 8.730904949047887387e-01 -4.869337536585326420e-01 1.255453793779708889e+02 -9.915536415246347657e-01 -4.067047641284782244e-02 -1.231555452571609088e-01 9.989555856382618515e+01 -1.273297637016324313e-01 4.858589302001802279e-01 8.647128027388185645e-01 2.224715397526298588e+01
2.928892014855866144e-02 8.725268671632028239e-01 -4.876874257502422094e-01 1.256668341614593487e+02 -9.910051388621282653e-01 -3.838934982757447045e-02 -1.281993469900302163e-01 9.979126892620304545e+01 -1.305793777952147239e-01 4.870555655140209605e-01 8.635542265523525884e-01 2.227156615945058604e+01
3.187995845088942293e-02 8.722963592572092750e-01 -4.879372191950389070e-01 1.256740194830544795e+02 -9.909062071957770446e-01 -3.626569149063851860e-02 -1.295750290819417394e-01 9.971712960671348469e+01 -1.307232067769519834e-01 4.876308657656155399e-01 8.632077281643315558e-01 2.228142099293014766e+01
3.577551238298859460e-02 8.736753241999473119e-01 -4.851922717829002529e-01 1.256752314896033624e+02 -9.911571175565820901e-01 -3.105774133056971031e-02 -1.290076936479808700e-01 9.958441945039965049e+01 -1.277798146448118066e-01 4.855170899026733378e-01 8.648384094047725235e-01 2.234523489501048132e+01
3.508623410802236275e-02 8.731804448124397267e-01 -4.861325611119534651e-01 1.257678843005730869e+02 -9.911967552178672092e-01 -3.173349840377204245e-02 -1.285378447175367644e-01 9.958508870180864392e+01 -1.276634192777587051e-01 4.863629260914199004e-01 8.643802146637227235e-01 2.236708180466179030e+01
3.427160423289088431e-02 8.725240807482613770e-01 -4.873676083386194180e-01 1.258524260141965101e+02 -9.909594756238476743e-01 -3.362365233497799366e-02 -1.298798201221646464e-01 9.964071861349799519e+01 -1.297103496819485557e-01 4.874127393883528891e-01 8.634836690217877475e-01 2.240315075952028678e+01
3.278447125477212953e-02 8.732114713068895862e-01 -4.862374983715287424e-01 1.259470850836926985e+02 -9.911033808377064380e-01 -3.438524304569834378e-02 -1.285758280267207954e-01 9.959909563783295994e+01 -1.289932825251517423e-01 4.861269190640913895e-01 8.643155393863057867e-01 2.247301088673738789e+01
3.323665404414311020e-02 8.720025928499705037e-01 -4.883715828044038476e-01 1.260639395621720524e+02 -9.911398658041804532e-01 -3.411496175798944819e-02 -1.283664122655234774e-01 9.957479718900349042e+01 -1.285966222014457150e-01 4.883110150786890147e-01 8.631426656765375238e-01 2.244462946764351585e+01
2.944982723751277121e-02 8.726598847473214793e-01 -4.874396713732607744e-01 1.260388024741722859e+02 -9.911867992383152082e-01 -3.751541879311970362e-02 -1.270485039993816678e-01 9.968298695887000349e+01 -1.291566362653684963e-01 4.868853241838047574e-01 8.638641353841740589e-01 2.251084296141137031e+01
3.174980615064637579e-02 8.689501360329785484e-01 -4.938801584369073572e-01 1.262985753991889482e+02 -9.907000074256966382e-01 -3.805030308064161204e-02 -1.306356372595026683e-01 9.969476461650620536e+01 -1.323081444814392382e-01 4.934347327902036673e-01 8.596608164736478930e-01 2.236939092367831705e+01
3.312240204999505888e-02 8.692550616829144428e-01 -4.932530225159006410e-01 1.263768082528977601e+02 -9.902833544868647753e-01 -3.814961153718332554e-02 -1.337291477794011751e-01 9.967792460158221957e+01 -1.350621498003099774e-01 4.928896883463835810e-01 8.595452116166569789e-01 2.244506587886420235e+01
2.754152035498158568e-02 8.689570196737453900e-01 -4.941205952156395020e-01 1.264770449402165298e+02 -9.907725625883440079e-01 -4.189356252495901600e-02 -1.288978612743165164e-01 9.978486056413987626e+01 -1.327071734257864732e-01 4.931111714194771900e-01 8.597849607562632057e-01 2.247000095150490395e+01
3.347248590829743353e-02 8.681946138451205330e-01 -4.950936327377282731e-01 1.265841032527989967e+02 -9.900164070131313165e-01 -3.906151894779430478e-02 -1.354315752780735072e-01 9.972744371871320368e+01 -1.369200735171006156e-01 4.946840509131185115e-01 8.582194260445628053e-01 2.246552353876680996e+01
3.314331820608340529e-02 8.678631400202594381e-01 -4.956965711526215568e-01 1.266659830433030010e+02 -9.895396893460646215e-01 -4.117904270723293791e-02 -1.382587778428908398e-01 9.979110629095590923e+01 -1.404020073474174790e-01 4.950937856971056039e-01 8.574202118546798701e-01 2.248434245086100702e+01
2.947196567619059238e-02 8.681537347391702353e-01 -4.954195152571327365e-01 1.267654735690345120e+02 -9.890412945455303584e-01 -4.640566561700532056e-02 -1.401564550149029531e-01 9.993477911212563924e+01 -1.446676222341518048e-01 4.941210449445294639e-01 8.572722274867202730e-01 2.259281401765288066e+01
3.203193254443970073e-02 8.682492824818914823e-01 -4.950930607139927275e-01 1.268800358305977909e+02 -9.893185116593254946e-01 -4.293513225212119977e-02 -1.393034705478292945e-01 9.980247653303850086e+01 -1.422070243892527841e-01 4.942668893302217814e-01 8.575997926341755173e-01 2.266558363697786049e+01
3.686234748035488451e-02 8.662434478190004228e-01 -4.982604303463084028e-01 1.270723215861900144e+02 -9.890012559863350372e-01 -3.984438284583746714e-02 -1.424392530627935638e-01 9.968734237841518109e+01 -1.432399490215273685e-01 4.980308366620336269e-01 8.552471003973208807e-01 2.263003223065917169e+01
3.966221864305852218e-02 8.653995094533851740e-01 -4.995103577005696738e-01 1.272496983192899762e+02 -9.880347413945457236e-01 -4.060015824686846742e-02 -1.487917233845446052e-01 9.970167380748289077e+01 -1.490444839963016022e-01 4.994349969597345895e-01 8.534344881724116316e-01 2.267975198226547562e+01
3.281890160927625200e-02 8.675982057011047965e-01 -4.961816936983715065e-01 1.273365441536277700e+02 -9.892429403612380545e-01 -4.261069868596645271e-02 -1.399383196374248128e-01 9.974042236000406092e+01 -1.425528836699311575e-01 4.954368595711441947e-01 8.568669637322174903e-01 2.292239502499690929e+01
3.053094008778922674e-02 8.682003154614797991e-01 -4.952737363619670319e-01 1.274170121446628769e+02 -9.896610574328182919e-01 -4.321437779789527589e-02 -1.367607727109537985e-01 9.981722042994793753e+01 -1.401386923669269147e-01 4.943285646046849946e-01 8.579046666836355195e-01 2.303374064194567694e+01
2.866783562741703761e-02 8.668119322150512618e-01 -4.978104351759303769e-01 1.276239707579054539e+02 -9.889329358543613724e-01 -4.792964178746594861e-02 -1.404079692204089902e-01 9.995367658379257136e+01 -1.455671789343788713e-01 4.963263277398600737e-01 8.558448298665778387e-01 2.308101627927501553e+01
2.951347784852453859e-02 8.680400149078558725e-01 -4.956162700558308098e-01 1.276475553566513383e+02 -9.885176430029435357e-01 -4.816520307409355439e-02 -1.432235409586592734e-01 9.993800645956072515e+01 -1.481952229229743234e-01 4.941524519129707471e-01 8.566513469149564797e-01 2.319351662570752381e+01
3.287507833780467514e-02 8.667529456380428377e-01 -4.976530522884989316e-01 1.277775350481404928e+02 -9.882985834262346669e-01 -4.601239764160625079e-02 -1.454261642929798037e-01 9.987693728344308397e+01 -1.489467664032396166e-01 4.966107031579635178e-01 8.550980471776157277e-01 2.316106592338665138e+01
3.371917256482626080e-02 8.668429560509963716e-01 -4.974397520768863989e-01 1.278618506312307517e+02 -9.884553057372543750e-01 -4.463727775519199525e-02 -1.447881970136966900e-01 9.981327156768756481e+01 -1.477129850805766198e-01 4.965791004254775931e-01 8.553303870781212570e-01 2.322135209252309096e+01
3.295525085311690194e-02 8.671279013611241648e-01 -4.969941188004755594e-01 1.279388739803938222e+02 -9.884014155778340083e-01 -4.548133852252078668e-02 -1.448933729676216975e-01 9.982629374987567417e+01 -1.482450441834146093e-01 4.960046880093503807e-01 8.555715962722257872e-01 2.329368222096252694e+01
3.311894424603623044e-02 8.650606068055334275e-01 -5.005729538092029696e-01 1.280835301461148390e+02 -9.878553043255301480e-01 -4.774034594855747216e-02 -1.478606001767428235e-01 9.992582863705904117e+01 -1.518059064988661055e-01 4.993906345957587201e-01 8.529735991401510287e-01 2.321981443863814576e+01
3.039251627433559033e-02 8.654225998273503695e-01 -5.001200042615614461e-01 1.281778616898268979e+02 -9.877876280820747645e-01 -5.049045750020120238e-02 -1.473984922223075533e-01 1.000254862403548231e+02 -1.528132741698295383e-01 4.984921638396038746e-01 8.533192051208071671e-01 2.333364322103308908e+01
2.676287359755946671e-02 8.654266982902170113e-01 -5.003202759066386340e-01 1.282664450640512257e+02 -9.880503728046048373e-01 -5.309711792550553255e-02 -1.446967755987900450e-01 1.000858556570844513e+02 -1.517900174500374233e-01 4.982141366465818733e-01 8.536641404252719445e-01 2.341077574285208129e+01
3.087490647817026090e-02 8.656632428465945717e-01 -4.996737837172187113e-01 1.282997671764978236e+02 -9.877696143003947826e-01 -5.001393827955835647e-02 -1.476813970770105844e-01 9.998109403573324983e+01 -1.528330108805469878e-01 4.981222299416943056e-01 8.535316718336235509e-01 2.343874607412106315e+01
3.015441901583171269e-02 8.657937351776762158e-01 -4.994916607320945001e-01 1.283641911856364572e+02 -9.883329373531249962e-01 -4.881261292691529974e-02 -1.442752014803346250e-01 9.991727925380880038e+01 -1.492940586787084578e-01 4.980145951137730509e-01 8.542205494466303950e-01 2.348351834352759582e+01
3.566589447554002756e-02 8.654903005326439747e-01 -4.996543641910607958e-01 1.284416555676899634e+02 -9.878854754021466622e-01 -4.502582743380267871e-02 -1.485091322221500365e-01 9.980622984929560459e+01 -1.510305646574039429e-01 4.988980001441326584e-01 8.533994105877099612e-01 2.349844504330182460e+01
3.451676475396847632e-02 8.632835634215855203e-01 -5.035375676918740773e-01 1.286112150731098041e+02 -9.880006503858521638e-01 -4.641934728361052365e-02 -1.473090595818770387e-01 9.982511738515360378e+01 -1.505433751051591107e-01 5.025800765289976102e-01 8.513224764377211873e-01 2.344200196436856487e+01
3.075026091861687849e-02 8.631419488991716182e-01 -5.040242032918429427e-01 1.286698183019452131e+02 -9.882561995686685030e-01 -4.925878790172011357e-02 -1.446487325507741506e-01 9.993387446728431200e+01 -1.496800102469564853e-01 5.025530299033061921e-01 8.514906615268764689e-01 2.349177474369879093e+01
2.809273873805606669e-02 8.638389139523705573e-01 -5.029842231837737820e-01 1.286969102208188076e+02 -9.883348741771074142e-01 -5.134414843889545388e-02 -1.433804551060085808e-01 1.000315707735161368e+02 -1.496829132383412364e-01 5.011447985988417564e-01 8.523197265825832591e-01 2.356895316141165964e+01
2.710596381736474214e-02 8.633856580606982245e-01 -5.038159110038374910e-01 1.287976097917466802e+02 -9.874331014084312130e-01 -5.537383470221812765e-02 -1.480189470078011882e-01 1.001545122386456228e+02 -1.556956549440559889e-01 5.014967037633113467e-01 8.510346168905675857e-01 2.361015287266915763e+01
2.483262986936762839e-02 8.640319587806665202e-01 -5.028241389386707283e-01 1.288894676113679623e+02 -9.876859892290669185e-01 -5.651207876428920862e-02 -1.458861598450602870e-01 1.001713280573820697e+02 -1.544659417942048363e-01 5.002550940863905726e-01 8.519889163987087732e-01 2.371841361343716770e+01
2.348675981030634574e-02 8.633769228706691390e-01 -5.040125605260131758e-01 1.290696158959099193e+02 -9.884769255569649804e-01 -5.535551642804570349e-02 -1.408869562537113651e-01 1.001479647754463684e+02 -1.495384223370828936e-01 5.015137643727831662e-01 8.521280445975104589e-01 2.375219629835540402e+01
2.566159072824036880e-02 8.636213906005240082e-01 -5.034874143993210982e-01 1.291521104094419172e+02 -9.885915867473585861e-01 -5.285276488633394720e-02 -1.410434679671837555e-01 1.000439070791038887e+02 -1.484188578774151834e-01 5.013628216582151076e-01 8.524125548613631365e-01 2.383369673384016352e+01
3.128509973386217613e-02 8.641224727222441837e-01 -5.023082665764486698e-01 1.291971614080587472e+02 -9.886558946472870923e-01 -4.710968775041757262e-02 -1.426190706014824061e-01 9.990193897527386468e+01 -1.469039295383712806e-01 5.010718805285849786e-01 8.528459450743333115e-01 2.389613452684468697e+01
3.593735983342472018e-02 8.658452105991578662e-01 -4.990196162985005568e-01 1.292860085536581209e+02 -9.884638038504482971e-01 -4.271967969819989719e-02 -1.453077336000580255e-01 9.967840584045792696e+01 -1.471319633720191422e-01 4.984848044313718862e-01 8.543214179132534447e-01 2.407571774224978611e+01
4.228357369302149227e-02 8.641446621908310810e-01 -5.014639590268090696e-01 1.294391070617257924e+02 -9.884489380682901505e-01 -3.693014611254685775e-02 -1.469859215699760024e-01 9.948796650526159624e+01 -1.455362368189311861e-01 5.018866078261107200e-01 8.526013351252645922e-01 2.399523452899479636e+01
3.371161829253577213e-02 8.638490348153992082e-01 -5.026214995805509123e-01 1.294679059475266456e+02 -9.890971893810348581e-01 -4.329760673574156726e-02 -1.407553452253040016e-01 9.968282464803037612e+01 -1.433536771437544655e-01 5.018866030284734325e-01 8.529710199941753501e-01 2.399477220621624696e+01
3.788292341421473086e-02 8.640741471476541813e-01 -5.019370003741975284e-01 1.295015416882330328e+02 -9.888546467794104844e-01 -3.995938090210082727e-02 -1.434215305339071878e-01 9.957142154090500696e+01 -1.439839284655074492e-01 5.017759620677093579e-01 8.529299574025199782e-01 2.403267327590867097e+01
3.949615257291994030e-02 8.628433699480784203e-01 -5.039259597089442710e-01 1.296000998518658491e+02 -9.891986125174687672e-01 -3.748178885344377598e-02 -1.417082231130608327e-01 9.947007627684027398e+01 -1.411600471998071260e-01 5.040797897565322261e-01 8.520430779212742056e-01 2.398288118552791914e+01
4.063562845894708175e-02 8.615167939871150038e-01 -5.061003451667562825e-01 1.297100128682523348e+02 -9.895333548442165617e-01 -3.549380692328285569e-02 -1.398711168213193079e-01 9.937313297619949992e+01 -1.384647440704556698e-01 5.064869231759654422e-01 8.510572902579749410e-01 2.392485517802940720e+01
4.300446485845355049e-02 8.619513260130187149e-01 -5.051638621146977703e-01 1.297816653971641756e+02 -9.891084433735262138e-01 -3.450975353087692987e-02 -1.430858628881232497e-01 9.936130564960618017e+01 -1.407661296244188120e-01 5.058151722671409001e-01 8.510792608534906156e-01 2.400484889657142418e+01
4.211007984240122681e-02 8.606486385055774901e-01 -5.074550839376458233e-01 1.298747951134826906e+02 -9.885933867841661948e-01 -3.761734845334863131e-02 -1.458356976256225401e-01 9.945441926854319092e+01 -1.446024093239085540e-01 5.078078929416477427e-01 8.492474828245797358e-01 2.399019141568048141e+01
4.040056089900934122e-02 8.605397872274308524e-01 -5.077785632316650366e-01 1.299326121403781826e+02 -9.889845851688471301e-01 -3.798549562264974533e-02 -1.430614987364022261e-01 9.944207261554623756e+01 -1.423983320739725389e-01 5.079649365073048983e-01 8.495259491632262128e-01 2.399388738065787052e+01
4.251350254194341538e-02 8.597797740542272305e-01 -5.088922697672645379e-01 1.300480607721097215e+02 -9.888310253070657918e-01 -3.661687888627751519e-02 -1.444728610182721695e-01 9.940359092875111457e+01 -1.428488904114885161e-01 5.093505122289462284e-01 8.486202037427088563e-01 2.403251887595855152e+01
4.547257052367559282e-02 8.581893617372775562e-01 -5.113152302943204663e-01 1.302058735445830564e+02 -9.883780944636346710e-01 -3.567211089769228849e-02 -1.477709135403098561e-01 9.934241123639293392e+01 -1.450551195732308341e-01 5.120922962758445163e-01 8.465934634643291767e-01 2.400772074032031611e+01
4.468610513314508204e-02 8.582612323943600297e-01 -5.112639327949350943e-01 1.302391152248501101e+02 -9.885055254148872317e-01 -3.600214649751731777e-02 -1.468355259186585882e-01 9.934001778515805370e+01 -1.444298384416020375e-01 5.119487302616207991e-01 8.467871747678085148e-01 2.402924484620423584e+01
4.450703566135083555e-02 8.574093699527339796e-01 -5.127068325016698180e-01 1.303653283600315547e+02 -9.887359910321308343e-01 -3.560516716407624571e-02 -1.453733541916425176e-01 9.931646170559933751e+01 -1.428994885027576878e-01 5.134018352017006848e-01 8.461668226757510514e-01 2.403688398332836229e+01
4.407506431047536477e-02 8.571995802323594260e-01 -5.130947947070733095e-01 1.304405556901940599e+02 -9.885009229040647716e-01 -3.694370384310907696e-02 -1.466324935482051783e-01 9.932375413674697029e+01 -1.446489340570447923e-01 5.136575146883561871e-01 8.457142800499124480e-01 2.407794480231195422e+01
4.540736496898989394e-02 8.574374283253073381e-01 -5.125809474741100935e-01 1.305299983607956733e+02 -9.886201154053398943e-01 -3.509427490292171825e-02 -1.462828058418715882e-01 9.928107406584932448e+01 -1.434170095299210912e-01 5.133901521999829631e-01 8.460863507949840656e-01 2.417249137234934864e+01
4.180356144124330875e-02 8.571210737150228853e-01 -5.134159398036204358e-01 1.306290436279753919e+02 -9.883148926080463914e-01 -3.991500234577460837e-02 -1.471069870430457005e-01 9.941134018722846122e+01 -1.465814971269367439e-01 5.135662153815644393e-01 8.454369326677670937e-01 2.418914502672518907e+01
3.853082681534159004e-02 8.580787080172259662e-01 -5.120706066866316242e-01 1.306726894600971320e+02 -9.882927281833177036e-01 -4.298233653933603016e-02 -1.463898977579898841e-01 9.953072091630461671e+01 -1.476240454834562565e-01 5.117161807028465237e-01 8.463768023770442683e-01 2.430155826436922695e+01
3.642207253229334807e-02 8.569073569665184298e-01 -5.141820827383123405e-01 1.307717951668501541e+02 -9.881470911664642642e-01 -4.589873259425458762e-02 -1.464876532868792380e-01 9.963105435143904742e+01 -1.491266537266499048e-01 5.134229133208776386e-01 8.450787852179194592e-01 2.429863933792804787e+01
3.349195519788494835e-02 8.593385017909853651e-01 -5.103093456685343643e-01 1.307893471271260637e+02 -9.881759614395047020e-01 -4.796637451622309811e-02 -1.456279373914229902e-01 9.967403072385539531e+01 -1.496213827303224941e-01 5.091527926422424466e-01 8.475711625429879215e-01 2.448154738754320547e+01
3.113297000960846272e-02 8.605991795909426756e-01 -5.083303947884458829e-01 1.308401771755763434e+02 -9.884013695805313748e-01 -4.912294888968204987e-02 -1.436999252042659991e-01 9.969993365579333044e+01 -1.486387257403358753e-01 5.069082638700794785e-01 8.490880644730033344e-01 2.460882182859365130e+01
2.927357807231545372e-02 8.606822820646539141e-01 -5.083001740771134758e-01 1.309294853335443349e+02 -9.878989781576342777e-01 -5.257444252448473243e-02 -1.459161983754437564e-01 9.981312842876462810e+01 -1.523110848951784446e-01 5.064207117932869595e-01 8.487281049222031859e-01 2.469674518566084132e+01
2.898204187904263041e-02 8.598104070656489295e-01 -5.097902560368579028e-01 1.310267626858458812e+02 -9.882005624400411747e-01 -5.209038080189221098e-02 -1.440355533231327534e-01 9.981090204376832276e+01 -1.503984363007425940e-01 5.079494621805574761e-01 8.481554422561786710e-01 2.467754704826213796e+01
2.805675108395910833e-02 8.594569093648463110e-01 -5.104376942033570508e-01 1.310943047732775142e+02 -9.881478457924557368e-01 -5.324907655962851649e-02 -1.439735069423416225e-01 9.983262240931451004e+01 -1.509193611646377220e-01 5.084273367852814030e-01 8.477764974538299914e-01 2.469939473972152655e+01
3.247482352095265590e-02 8.575840425031265868e-01 -5.133176364409067771e-01 1.312378311691651902e+02 -9.876968889456611000e-01 -5.106951287295347086e-02 -1.478064965486368121e-01 9.973215720879171897e+01 -1.529713744605371850e-01 5.118022224442908552e-01 8.453746173719310919e-01 2.464329704426295464e+01
3.219763156019705974e-02 8.582753265614283533e-01 -5.121784614153424009e-01 1.313009715265112618e+02 -9.880491306683266695e-01 -4.995284639575325869e-02 -1.458205353251947056e-01 9.969046716441160072e+01 -1.507389395858876324e-01 5.107525594187813933e-01 8.464098269394597640e-01 2.472612302538002638e+01
2.821620579119255012e-02 8.598140291197449159e-01 -5.098271089885468843e-01 1.312997449066525348e+02 -9.881344387224197945e-01 -5.304178033126483172e-02 -1.441419458381850982e-01 9.977744599927426350e+01 -1.509774047381841899e-01 5.078448629927849733e-01 8.481152152805431221e-01 2.484451944028741366e+01
2.791182545358517064e-02 8.599456498119694148e-01 -5.096218297613616111e-01 1.313393361276177700e+02 -9.882237671475578855e-01 -5.299307365990268970e-02 -1.435462301447355260e-01 9.979537428803035937e+01 -1.504483833231113621e-01 5.076270417477242169e-01 8.483395961770948679e-01 2.488554465407321814e+01
2.666297344920076640e-02 8.586507501907070239e-01 -5.118671458921576489e-01 1.315263595709131152e+02 -9.878220191625115554e-01 -5.588666532090313943e-02 -1.452044734056355813e-01 9.986009465510430516e+01 -1.532864778920364490e-01 5.095052206172626663e-01 8.467040131351739607e-01 2.491024398018788588e+01
2.515933536037018303e-02 8.588710782479463957e-01 -5.115735321470749053e-01 1.315818262098250386e+02 -9.876810120920452851e-01 -5.770401855828533044e-02 -1.454526197600372051e-01 9.989682285690372510e+01 -1.544448969602341681e-01 5.089309552301126693e-01 8.468388610659690618e-01 2.498084836506795980e+01
2.151321967001418312e-02 8.591893243898000021e-01 -5.112053268834637620e-01 1.316759660316361931e+02 -9.875245845927270727e-01 -6.151723059581248876e-02 -1.449511130167125128e-01 1.000451964058227219e+02 -1.559883848380763660e-01 5.079461932079234465e-01 8.471471469592440906e-01 2.507456117083287594e+01
2.218380902822070233e-02 8.586523226866102920e-01 -5.120781848135004255e-01 1.318319634836656462e+02 -9.873281776040543356e-01 -6.168821028048698807e-02 -1.462109244258042173e-01 1.000286745597910851e+02 -1.571335366051982152e-01 5.088327362280070654e-01 8.464031534775035004e-01 2.512933532966031080e+01
2.504248469241998620e-02 8.578817385671334561e-01 -5.132365892972385879e-01 1.318724304997240893e+02 -9.873442295964002247e-01 -5.919949977601457469e-02 -1.471284863952612154e-01 9.990135359333027054e+01 -1.566021910546619156e-01 5.104256477287383298e-01 8.455420816834471331e-01 2.508699461168453126e+01
2.553342970809535650e-02 8.577935831643679343e-01 -5.133597302568405629e-01 1.319382752691722374e+02 -9.873353339644250770e-01 -5.879465772393555056e-02 -1.473503529974804771e-01 9.986441279659385373e+01 -1.565789969079461885e-01 5.106205605977491846e-01 8.454286846459266869e-01 2.511459557745826743e+01
2.542543187376777869e-02 8.586457458459083592e-01 -5.119385027078509065e-01 1.319724126228032333e+02 -9.872672815685196168e-01 -5.887175463637261963e-02 -1.477749344453939961e-01 9.985029634185049474e+01 -1.570250367245240308e-01 5.091773754270300101e-01 8.462160115448674746e-01 2.520867684382968221e+01
2.541330603776548180e-02 8.576430722161826337e-01 -5.136170991661183072e-01 1.321282181243307718e+02 -9.873340391126045335e-01 -5.895447054218805327e-02 -1.472951649331360746e-01 9.981015484095067336e+01 -1.566067019185973797e-01 5.108549021813116875e-01 8.452819706059641058e-01 2.521047846274291970e+01
2.320715491824265619e-02 8.581662490672471444e-01 -5.128470697220102181e-01 1.322228605386842162e+02 -9.870569319221772497e-01 -6.175513353759121138e-02 -1.480030966775110479e-01 9.992734184593204816e+01 -1.586822016011219527e-01 5.096439859780608206e-01 8.456257839324762271e-01 2.533897258152235210e+01
2.231150236898560291e-02 8.569213381428490983e-01 -5.149640930176664355e-01 1.323148356290432730e+02 -9.871350455845873118e-01 -6.268932555548700769e-02 -1.470865399692078412e-01 9.992742906647141865e+01 -1.583243463297856479e-01 5.116208251203886448e-01 8.444983911544052813e-01 2.529991651105026662e+01
2.015079932482022329e-02 8.579033531094879539e-01 -5.134157983643167222e-01 1.322793180531201926e+02 -9.869870281790802391e-01 -6.487026145333008031e-02 -1.471341407872590601e-01 1.000215748528076745e+02 -1.595322898124361954e-01 5.096996035926205648e-01 8.454322933297062637e-01 2.536534176483980474e+01
1.845870539098004581e-02 8.564829198803624033e-01 -5.158452133620097246e-01 1.323846999602229175e+02 -9.870515219979673072e-01 -6.661153752021764518e-02 -1.459184566485283996e-01 1.000656465954202190e+02 -1.593379085992560340e-01 5.118592687667196106e-01 8.441632068864493021e-01 2.530034142869870095e+01
1.993813064297744742e-02 8.557776751319925435e-01 -5.169594197731050000e-01 1.324603623273505377e+02 -9.868306984733756781e-01 -6.617229392990231496e-02 -1.476021682313780059e-01 1.000217310454500250e+02 -1.605230310485475931e-01 5.130943366104681047e-01 8.431883290471059444e-01 2.528481261578964379e+01
2.000661328182784526e-02 8.555599516140184324e-01 -5.173170252555100435e-01 1.325285723635491593e+02 -9.870821076197715538e-01 -6.536373034156617301e-02 -1.462754100070989272e-01 9.999890541290785961e+01 -1.589611532478966138e-01 5.135608551574522007e-01 8.432002133586335990e-01 2.532257933134575367e+01
2.278878979587550813e-02 8.542860859625994729e-01 -5.193033356241245624e-01 1.326184641463324283e+02 -9.868918760856647543e-01 -6.378705998397449228e-02 -1.482418156078726401e-01 9.997446861929293505e+01 -1.597657534509727972e-01 5.158744947264825020e-01 8.416343681878368788e-01 2.528429108128334946e+01
1.987576636431365174e-02 8.545720560345967387e-01 -5.189523628968593094e-01 1.327068063584623872e+02 -9.866996734691116933e-01 -6.699183892520910177e-02 -1.481075551528936718e-01 1.000430507537570435e+02 -1.613341510263087142e-01 5.149938781793637066e-01 8.418744545063705509e-01 2.539266666870802425e+01
1.937845029167262201e-02 8.559177543960407863e-01 -5.167487526583225410e-01 1.327179269255597944e+02 -9.868436204654591481e-01 -6.660131102175448348e-02 -1.473225512839376472e-01 9.998623296780104397e+01 -1.605121316627439731e-01 5.128050926812471877e-01 8.433663453738591276e-01 2.550522400757310848e+01
1.335494115979507512e-02 8.562870503114182741e-01 -5.163275443123183095e-01 1.328151887217861997e+02 -9.865030492160525855e-01 -7.299499629655126220e-02 -1.465723862229756924e-01 1.002940653207311072e+02 -1.631973634408628859e-01 5.113161624519970694e-01 8.437549422559336154e-01 2.562133293945051804e+01
7.460511029255600945e-03 8.557730673898108487e-01 -5.172975912426197587e-01 1.330219231073490960e+02 -9.863211963026653484e-01 -7.888846066601407081e-02 -1.447311593881079328e-01 1.004573591432396853e+02 -1.646658388958119612e-01 5.113013474497998256e-01 8.434785673606399747e-01 2.573573039685449615e+01
5.877491795348688264e-03 8.552939307418299109e-01 -5.181097828900603774e-01 1.331328077276619695e+02 -9.857459971380542196e-01 -8.216129407111338878e-02 -1.468140009769615395e-01 1.005662169259951924e+02 -1.681376942166712407e-01 5.115875426481277799e-01 8.426196662734327658e-01 2.579499435033905286e+01
7.003955728534960734e-03 8.562567568858732159e-01 -5.165029631003481558e-01 1.331624634029966785e+02 -9.859751724805083661e-01 -8.021516030574993295e-02 -1.463505630640183630e-01 1.005071363169910086e+02 -1.667450264811069505e-01 5.102841309941058556e-01 8.436860801266103937e-01 2.587124890855504589e+01
7.572692290446214614e-03 8.560469932162620976e-01 -5.168425289552626145e-01 1.332291817652113366e+02 -9.858951132418271035e-01 -8.002586795277477627e-02 -1.469921295317893339e-01 1.004559767347561490e+02 -1.671929424866954450e-01 5.106656497786026261e-01 8.433665360439897007e-01 2.590943105945991576e+01
5.421243669965325473e-03 8.549755404213221777e-01 -5.186399863087485240e-01 1.332483033069316889e+02 -9.856014656430014398e-01 -8.308332595748124660e-02 -1.472647679189089398e-01 1.005641504544052793e+02 -1.689981095735631489e-01 5.119706888378581233e-01 8.422147307732458232e-01 2.586909282059574622e+01
6.522336759062663525e-03 8.545148981072910876e-01 -5.193859336138084704e-01 1.332606917772543795e+02 -9.857350951963274044e-01 -8.185875018442567708e-02 -1.470559999338055535e-01 1.005523400879069413e+02 -1.681778261884989967e-01 5.129360914684497619e-01 8.417914140970916836e-01 2.583304414599033549e+01
4.122603409152270082e-03 8.546882424617885388e-01 -5.191252376245155675e-01 1.333435229561308688e+02 -9.852702376227591152e-01 -8.527679016358358233e-02 -1.482242487388212848e-01 1.006282725499399504e+02 -1.709548566023284533e-01 5.120897160234474388e-01 8.417473253578547920e-01 2.591383709711861982e+01
2.429996094811426310e-03 8.541838261816686595e-01 -5.199654663615883576e-01 1.334591097937950224e+02 -9.848951196619083470e-01 -8.798038500894245217e-02 -1.491343525812669490e-01 1.007303241712672559e+02 -1.731349138248393649e-01 5.124738461066312700e-01 8.410676897084694570e-01 2.597954258127159832e+01
-9.563890278867503980e-04 8.537382869239393823e-01 -5.207014718245042140e-01 1.335854744133835936e+02 -9.849329207714552226e-01 -9.085136313761443816e-02 -1.471501661454984178e-01 1.008189767251087972e+02 -1.729341692686491294e-01 5.127152886897512474e-01 8.409618337612874139e-01 2.603470239482151172e+01
-1.960597903065908199e-03 8.531163115984141676e-01 -5.217170832362881816e-01 1.336120763261696709e+02 -9.845389406984512704e-01 -9.302840580154381200e-02 -1.484209889550490435e-01 1.009148313892589357e+02 -1.751548751940235904e-01 5.133597905940247008e-01 8.401086210110125796e-01 2.602560765248619745e+01
-4.914667111582948777e-03 8.555704864739861470e-01 -5.176630069087896358e-01 1.336499668594416619e+02 -9.842702982556958968e-01 -9.556068826210961653e-02 -1.485938586567960573e-01 1.009793394991447286e+02 -1.766007531660787055e-01 5.087900328559308294e-01 8.425822668722826592e-01 2.624985494929877916e+01
-1.189163247819391422e-02 8.532801683566596518e-01 -5.213171236073439463e-01 1.339496976525535956e+02 -9.833404195661162861e-01 -1.045512969822695037e-01 -1.486964880111847909e-01 1.012459115454737457e+02 -1.813841457364414878e-01 5.108639550688192088e-01 8.403081643581151727e-01 2.632315044115067693e+01
-1.491541424508691094e-02 8.529491946702222327e-01 -5.217807985440983121e-01 1.340445122025332410e+02 -9.830195959450612753e-01 -1.079603588545792192e-01 -1.483813832797062082e-01 1.014011114619207348e+02 -1.828934236267287239e-01 5.107075799588352005e-01 8.400760461807513790e-01 2.638388776254775081e+01
-1.032346053856869617e-02 8.517872907010287653e-01 -5.237860608709533627e-01 1.341379426717152228e+02 -9.833256789405407927e-01 -1.037564260157719520e-01 -1.493492992837875954e-01 1.012123575108877276e+02 -1.815600046778841348e-01 5.135104823279025288e-01 8.386554413111093620e-01 2.633197791406442079e+01
-9.313169891348227480e-03 8.505720033664972979e-01 -5.257761234172566578e-01 1.342704398307049587e+02 -9.833112985243576132e-01 -1.033278483834803030e-01 -1.497405955069716077e-01 1.011146327688898623e+02 -1.816924738697694719e-01 5.156070430449374298e-01 8.373393709252773265e-01 2.623797214367928277e+01
-9.197565805924456939e-03 8.507338479386821195e-01 -5.255162459474390646e-01 1.343233126697910222e+02 -9.831746242741534747e-01 -1.035751143844105826e-01 -1.504654573768798298e-01 1.010635203165750085e+02 -1.824364628209587114e-01 5.152903217135946790e-01 8.373725702348251421e-01 2.632591674205518828e+01
-1.073166507566192251e-02 8.516274539460816362e-01 -5.240377000274109021e-01 1.343234289376286767e+02 -9.829931269473916045e-01 -1.050671011417780853e-01 -1.506167873507237298e-01 1.011113316144799228e+02 -1.833285131639198484e-01 5.135090884716436710e-01 8.382714788886284074e-01 2.642750274727378113e+01
-1.165642940477273903e-02 8.525245242767600651e-01 -5.225572343391824415e-01 1.343256170256842950e+02 -9.827553740105188229e-01 -1.062145719268048349e-01 -1.513616185294358873e-01 1.011626754624904265e+02 -1.845426847831590500e-01 5.117815942539252205e-01 8.390611403681702551e-01 2.652739527533134023e+01
-9.260813007763601945e-03 8.507871519060423715e-01 -5.254288339005007691e-01 1.343924060428033442e+02 -9.824541591663760176e-01 -1.056236103290939532e-01 -1.537123224654973752e-01 1.010982195960614121e+02 -1.862741594508603160e-01 5.147862421361438789e-01 8.368375364598692467e-01 2.642903228535360682e+01
-1.094428178826589715e-02 8.512343221353617650e-01 -5.246716606744552536e-01 1.343643909661680880e+02 -9.829994792037177742e-01 -1.053331924266123210e-01 -1.503893030053615743e-01 1.010635019062133324e+02 -1.832818773947909319e-01 5.141060662859076036e-01 8.379156914789642752e-01 2.642912060332152180e+01
-9.857866451657315565e-03 8.499369825313759508e-01 -5.267921299663476109e-01 1.344068156572041062e+02 -9.826761461363929806e-01 -1.057364126626434420e-01 -1.522084191224724325e-01 1.011022288876258557e+02 -1.850686745063796212e-01 5.161656098217850541e-01 8.362551338878324581e-01 2.637694512652655021e+01
-1.012185386334252257e-02 8.502780634778421831e-01 -5.262364134519201819e-01 1.343773850787159745e+02 -9.826075297777783213e-01 -1.060414924312629292e-01 -1.524389855219568657e-01 1.011335028584967120e+02 -1.854184200622528422e-01 5.155408971665793594e-01 8.365629640680349866e-01 2.641200043687628352e+01
-1.265773447455975642e-02 8.507373746116100310e-01 -5.254385798520285755e-01 1.345288302466644268e+02 -9.822511647782836697e-01 -1.089267850736659327e-01 -1.527010307274324075e-01 1.011970835489632634e+02 -1.871428092384968267e-01 5.141798079781627617e-01 8.370165434553029637e-01 2.656022885818277857e+01
-1.585274680838133499e-02 8.508310109667208687e-01 -5.252002296229285605e-01 1.346822671407698522e+02 -9.818739559221089097e-01 -1.124668398466712738e-01 -1.525606260369020140e-01 1.012558062110631454e+02 -1.888709217971301091e-01 5.132619221335738002e-01 8.371917188955296796e-01 2.667011012831662953e+01
-1.610724467673008142e-02 8.518833328755122114e-01 -5.234838525091610739e-01 1.346545713029212834e+02 -9.815640230770028563e-01 -1.131973474943646085e-01 -1.540078865549710241e-01 1.013026674013526929e+02 -1.904537352477307932e-01 5.113522735738535996e-01 8.380013287823820933e-01 2.676092697976526935e+01
-1.875764078820352232e-02 8.507468295301334749e-01 -5.252408808884611036e-01 1.346938206146218135e+02 -9.814840436595970719e-01 -1.158264022262496251e-01 -1.525559457672141517e-01 1.014484762430314220e+02 -1.906232487228850803e-01 5.126539540389294380e-01 8.371670684245673399e-01 2.672667228803113559e+01
-1.961340673859734984e-02 8.493130770628583015e-01 -5.275249865230325907e-01 1.348169345240600876e+02 -9.810116454461734747e-01 -1.181754332028126520e-01 -1.537879009750726667e-01 1.014847421623805275e+02 -1.929545691998444390e-01 5.144918503896314110e-01 8.355038420663041254e-01 2.670107454379780165e+01
-1.874730482686226551e-02 8.491881759490654824e-01 -5.277575015004790648e-01 1.348857032234708981e+02 -9.811271728151337301e-01 -1.172290475352917305e-01 -1.537752294023701782e-01 1.014183023576403997e+02 -1.924526157928541370e-01 5.149143542787166794e-01 8.353593229456534042e-01 2.671861369567728417e+01
-2.067460677745769360e-02 8.502265184773707407e-01 -5.260108629224755639e-01 1.349053732686691092e+02 -9.809427720886807478e-01 -1.189159679726217167e-01 -1.536563387827186156e-01 1.014713324568384820e+02 -1.931937848937502755e-01 5.128097696407356576e-01 8.364820988158940818e-01 2.682504004352696825e+01
-2.397038865250400441e-02 8.497773654451680203e-01 -5.265964770532729489e-01 1.350399378132744346e+02 -9.803406894813652128e-01 -1.231741812492894717e-01 -1.541436136230419085e-01 1.015843244888603465e+02 -1.958508437945832292e-01 5.125490710660176585e-01 8.360238613426725918e-01 2.692007382136263871e+01
-2.559555143924963083e-02 8.496372531431235497e-01 -5.267460543923688787e-01 1.351287245214984694e+02 -9.802480560256803255e-01 -1.246985599962922020e-01 -1.535057581744921906e-01 1.016489983436891578e+02 -1.961086851834852041e-01 5.124127313077406765e-01 8.360469941273311889e-01 2.696871394487715534e+01
-2.688607143239596375e-02 8.496662785865235490e-01 -5.266349344620615547e-01 1.351871159158478406e+02 -9.799284922005165877e-01 -1.265022312092889401e-01 -1.540692560918414666e-01 1.016987342797591793e+02 -1.975279457103576164e-01 5.119222602427044855e-01 8.360133432735668002e-01 2.703158860475733860e+01
-2.932878290389306919e-02 8.498257135500810744e-01 -5.262471653913886049e-01 1.352752137979150007e+02 -9.796006058870583288e-01 -1.291463078263641595e-01 -1.539606577036024271e-01 1.017625133455852762e+02 -1.988026042059916343e-01 5.109965633582217448e-01 8.362774879171401832e-01 2.712385127639293003e+01
-2.891497848464230636e-02 8.486960723028124098e-01 -5.280898606080332014e-01 1.353697429359994544e+02 -9.793828530238869456e-01 -1.297250630550408346e-01 -1.548568216713653023e-01 1.017284277041123630e+02 -1.999328667878895738e-01 5.127244726684547782e-01 8.349493780492509565e-01 2.708175875470371707e+01
-3.145197000370703044e-02 8.478404999689727051e-01 -5.293177308528864700e-01 1.354772855010690478e+02 -9.790290983862740548e-01 -1.327783544022429485e-01 -1.545054468787172008e-01 1.018301745932263600e+02 -2.012779125881566100e-01 5.133579601161311068e-01 8.342366610797916637e-01 2.710892036708644781e+01
-3.411613855473216717e-02 8.470153667554957133e-01 -5.304724852149900194e-01 1.355899086304193020e+02 -9.783437143153642657e-01 -1.367293671637153096e-01 -1.553983809910101932e-01 1.019508395173952096e+02 -2.041559838695196361e-01 5.136828288302650591e-01 8.333368380284200683e-01 2.715055594961095764e+01
-3.555262300001182929e-02 8.476374896589859986e-01 -5.293833177598550321e-01 1.356269798189288451e+02 -9.782467443463565004e-01 -1.378473688117025642e-01 -1.550206763223702100e-01 1.019940331802564657e+02 -2.043754343691374653e-01 5.123561154473545987e-01 8.340994501797273086e-01 2.724864383303479087e+01
-3.620306760681235581e-02 8.456541940718571571e-01 -5.325019454842716549e-01 1.356389081243440842e+02 -9.776930423937049142e-01 -1.402883467063187339e-01 -1.563185677817858776e-01 1.021288209796912980e+02 -2.068952700058599437e-01 5.149642354834802482e-01 8.318690903153674876e-01 2.713720089220780807e+01
-3.550686409340952920e-02 8.468773190000442597e-01 -5.306016105945678962e-01 1.355965192812641646e+02 -9.783886097723619724e-01 -1.376789235738717920e-01 -1.542732714090319368e-01 1.019980413627357620e+02 -2.037031930774698407e-01 5.136568120514293234e-01 8.334636696120627519e-01 2.716212454789455677e+01
-3.618087137864156588e-02 8.449990644934045614e-01 -5.335424308820744255e-01 1.357336345893814666e+02 -9.781252148367997057e-01 -1.393806815168012747e-01 -1.544153156923769865e-01 1.020285700629560637e+02 -2.048463049379866674e-01 5.162844241551192148e-01 8.315578060051329601e-01 2.711543634621935084e+01
-3.578045929128492730e-02 8.433629853635309370e-01 -5.361516890317679085e-01 1.358330534162508627e+02 -9.779421986266290112e-01 -1.400232964316139306e-01 -1.549920404464025236e-01 1.020215591893411471e+02 -2.057882768240688609e-01 5.187796751754421010e-01 8.297703500045316982e-01 2.705549623479244303e+01
-3.610277683212581579e-02 8.452503917316079862e-01 -5.331494769598604799e-01 1.357431918117755743e+02 -9.780228018315967331e-01 -1.395084916101152483e-01 -1.549476681532949429e-01 1.020128206894713969e+02 -2.053484565378639048e-01 5.158383041673363367e-01 8.317108003093884872e-01 2.714530897182615732e+01
-3.611517001727482246e-02 8.444052094868482738e-01 -5.344862361989274335e-01 1.357559978335781921e+02 -9.776881649980843081e-01 -1.406020095367264133e-01 -1.560670591025323795e-01 1.020695857095859651e+02 -2.069336766147605866e-01 5.169244791124779637e-01 8.306428452572086618e-01 2.711803561966599929e+01
-3.427821440837464095e-02 8.444604494608435319e-01 -5.345199278917152075e-01 1.357671924616572596e+02 -9.779868293701100557e-01 -1.384933643820152049e-01 -1.560812275731787713e-01 1.019636185824431180e+02 -2.058318867318023604e-01 5.174032637300826076e-01 8.306185027350915240e-01 2.711579512865459662e+01
-3.484787534913236229e-02 8.458115828590198060e-01 -5.323423634139694549e-01 1.357417976443081500e+02 -9.778986482223483989e-01 -1.387367916172908000e-01 -1.564171872162526122e-01 1.019573968480092105e+02 -2.061549402477542148e-01 5.151260709314370301e-01 8.319526859492581972e-01 2.719808860245725057e+01
-3.366972023726311214e-02 8.449925863009184468e-01 -5.337170402335207342e-01 1.357895787830191807e+02 -9.779159073409260383e-01 -1.380680644495575482e-01 -1.569002477650251748e-01 1.019172737302697698e+02 -2.062688248590123785e-01 5.166475962158711965e-01 8.309804048325353243e-01 2.716002034783615571e+01
-3.430956681107599771e-02 8.443596509716025933e-01 -5.346771300853914166e-01 1.358193238541366838e+02 -9.777734147724103098e-01 -1.390810430781197482e-01 -1.568936353731501809e-01 1.019542719315162458e+02 -2.068381081656304743e-01 5.174101306192375738e-01 8.303642295661866068e-01 2.714395402572889537e+01
-3.513085372441038245e-02 8.448880816231635338e-01 -5.337883032136659933e-01 1.358329983670627144e+02 -9.775561035464636062e-01 -1.400697864122808500e-01 -1.573674659943210263e-01 1.019795366228941447e+02 -2.077255100743522764e-01 5.162795603794019250e-01 8.308462721820455421e-01 2.719930006485900265e+01
-3.540012125334834892e-02 8.453774916205372136e-01 -5.329950544579346028e-01 1.358376277852133853e+02 -9.775613812984866868e-01 -1.401095981375004573e-01 -1.572992253748974889e-01 1.019881519396766976e+02 -2.076549474706607390e-01 5.154669700098315488e-01 8.313682851900476845e-01 2.724628404895192091e+01
-3.476652252324030634e-02 8.452067156465167264e-01 -5.333075067329070551e-01 1.358637323025471915e+02 -9.778498574535817722e-01 -1.389766515053771911e-01 -1.565092540853840197e-01 1.019172888197600031e+02 -2.063999641222142578e-01 5.160533869304431143e-01 8.313170012985220403e-01 2.721877520992980592e+01
-3.328416515049381630e-02 8.436805997641974031e-01 -5.358126630938832013e-01 1.359211243465501298e+02 -9.777069430138116690e-01 -1.386931514574138991e-01 -1.576494317192368433e-01 1.018777830199473442e+02 -2.073193139406507290e-01 5.186205311403853102e-01 8.294886658338633811e-01 2.714779740113226580e+01
-3.167477295925147374e-02 8.423946306086813607e-01 -5.379293588192068931e-01 1.359764359522867210e+02 -9.774404190304026852e-01 -1.385515983583716082e-01 -1.594166924698018906e-01 1.018582358118426612e+02 -2.088227382342516536e-01 5.207444103531055912e-01 8.277791511522536450e-01 2.709962060456095045e+01
-3.427672340437015741e-02 8.444458587010090778e-01 -5.345430739943939358e-01 1.358948640909182188e+02 -9.775107850545428079e-01 -1.396863528070217964e-01 -1.579885690216987215e-01 1.019262571270282507e+02 -2.080811652570027648e-01 5.171062894243194652e-01 8.302429247534119927e-01 2.721086799511537890e+01
-3.610771633893072874e-02 8.448048171828351771e-01 -5.338548994675091919e-01 1.358684399599655421e+02 -9.776307291137483757e-01 -1.406229812870245510e-01 -1.564075913326157252e-01 1.020015631254625106e+02 -2.072061541395636419e-01 5.162654336662743093e-01 8.309847241003081031e-01 2.721718819976767634e+01
-3.378448555892377136e-02 8.452904573577815217e-01 -5.332378936604104114e-01 1.359249258784641370e+02 -9.780008219504445766e-01 -1.378522386602174521e-01 -1.565603799197642920e-01 1.018312727152354000e+02 -2.058470325260322309e-01 5.162177864005061956e-01 8.313520290490592490e-01 2.726326250367583270e+01
-3.446229054260863123e-02 8.439921289356603351e-01 -5.352472669946189976e-01 1.360477464353754726e+02 -9.775178902099560529e-01 -1.399387861074903316e-01 -1.577209892888030984e-01 1.018718843298649546e+02 -2.080171263382739888e-01 5.177783526156866101e-01 8.298400163360117876e-01 2.724363494220431292e+01
-3.533019457725594670e-02 8.418814862705357172e-01 -5.385047264658388011e-01 1.361772039666142575e+02 -9.767194075295777544e-01 -1.431731344536957273e-01 -1.597518467053676838e-01 1.019703818662880934e+02 -2.115915317450216826e-01 5.203239535574146757e-01 8.273403211787619949e-01 2.722209585821399713e+01
-3.940678129558294884e-02 8.427860061969265626e-01 -5.368042970641682121e-01 1.362617745142151193e+02 -9.763464577560818647e-01 -1.467733058479916419e-01 -1.587614283055012177e-01 1.021113474345208516e+02 -2.125904513732285728e-01 5.178506970634348949e-01 8.286349953603464602e-01 2.735391580261724798e+01
-4.383705541454596677e-02 8.447151716130971710e-01 -5.334178394272521828e-01 1.362904538361925972e+02 -9.760332612654201156e-01 -1.501344498522128035e-01 -1.575395819188351032e-01 1.021996191899324344e+02 -2.131604688401909919e-01 5.137274820507747863e-01 8.310515559877141856e-01 2.757107091881705330e+01
-4.761609293065638404e-02 8.460716058386640315e-01 -5.309383631718505026e-01 1.363695756983850629e+02 -9.755953498145234493e-01 -1.534586344902368893e-01 -1.570482757647142513e-01 1.022915742693728589e+02 -2.143511630812786894e-01 5.105029728551799817e-01 8.327306248672055045e-01 2.773965112202829175e+01
-5.045857495230099410e-02 8.458111812011083197e-01 -5.310907436295322359e-01 1.364888179477927679e+02 -9.750419953905012926e-01 -1.568400517564962904e-01 -1.571442184425816957e-01 1.023958061306773857e+02 -2.162106367380967065e-01 5.099065050773583518e-01 8.326153473490028878e-01 2.783613785499296966e+01
-5.067537236374408671e-02 8.456538127191848275e-01 -5.313206524023902366e-01 1.365057840119172852e+02 -9.747528666833589206e-01 -1.577178980831970279e-01 -1.580566781784056851e-01 1.024625703286355503e+02 -2.174600090323959012e-01 5.098967480360352411e-01 8.322958913835308836e-01 2.785975600673307540e+01
-5.119669542188076683e-02 8.445226374968965999e-01 -5.330669874726481350e-01 1.365888376012533172e+02 -9.744700478211507644e-01 -1.590796406280738928e-01 -1.584354563760488055e-01 1.024638614728606569e+02 -2.186024342895642181e-01 5.113464409702368485e-01 8.311063668567031382e-01 2.783487667430707191e+01
-5.231096780809840752e-02 8.457541089591269490e-01 -5.310024009604226158e-01 1.366325524620178840e+02 -9.742484362998033998e-01 -1.600029600218806358e-01 -1.588679865536929414e-01 1.024901315799771311e+02 -2.193252083422422283e-01 5.090177206767853013e-01 8.323445278384680179e-01 2.797504942185284449e+01
-5.528157585126103335e-02 8.463038736713790477e-01 -5.298242168684059727e-01 1.367253675560682495e+02 -9.740314892520953727e-01 -1.623945802806956440e-01 -1.577677351070293776e-01 1.025492163381107957e+02 -2.195600266823320712e-01 5.073438219829577989e-01 8.333040507395715890e-01 2.809440356868330113e+01
-5.483757153960566733e-02 8.453429242783589981e-01 -5.314020898718323505e-01 1.368344874497317107e+02 -9.737308634850352362e-01 -1.630690986727900693e-01 -1.589234864792849200e-01 1.025065423828958728e+02 -2.210001046251476864e-01 5.087276377695202356e-01 8.320788089628996520e-01 2.808141741841039263e+01
-5.777312281794300119e-02 8.459944716139817800e-01 -5.300524693635931817e-01 1.369582023802173580e+02 -9.735899391663414004e-01 -1.652106568293243427e-01 -1.575692521531509294e-01 1.025223894276759466e+02 -2.208730328354795713e-01 5.069504836456941721e-01 8.331964417215509400e-01 2.821743992815936863e+01
-5.870109536027046104e-02 8.461788495277104971e-01 -5.296560544499281376e-01 1.370625307284676069e+02 -9.734750511895542413e-01 -1.660515450287065597e-01 -1.573950733189411477e-01 1.025315654673903509e+02 -2.211345882375703453e-01 5.063676915103692000e-01 8.334814064389558519e-01 2.829640579089270958e+01
-6.087165701305030652e-02 8.461041081685195531e-01 -5.295304330374605017e-01 1.371776162617521493e+02 -9.729716931250876888e-01 -1.686934331350047334e-01 -1.576978439752004801e-01 1.025757598377575164e+02 -2.227571003352900314e-01 5.056187929235628209e-01 8.335039954869640777e-01 2.839235078372431786e+01
-6.277700674332509223e-02 8.446390439022007923e-01 -5.316426741151667468e-01 1.373533687773719976e+02 -9.723011041479646677e-01 -1.719286797017980373e-01 -1.583385359558624472e-01 1.026366832851224302e+02 -2.251435326563875905e-01 5.069767397149236299e-01 8.320366428776011514e-01 2.841515634939730006e+01
-5.951341749759331279e-02 8.461796075073232393e-01 -5.295641840008726842e-01 1.374077781836046199e+02 -9.732432731750059185e-01 -1.671330283537513228e-01 -1.576834869379339921e-01 1.024083426512285371e+02 -2.219362168672759372e-01 5.060104966026467421e-01 8.334852685984224241e-01 2.850431829933630468e+01
-5.854067467567136696e-02 8.460627919925923779e-01 -5.298591713032974049e-01 1.374377596779387432e+02 -9.731779721792762627e-01 -1.666551391316997144e-01 -1.585897192948714507e-01 1.023508160967493552e+02 -2.224806146016983510e-01 5.063633247053875852e-01 8.331257765306250285e-01 2.849974552489450730e+01
-5.895118030236634610e-02 8.452182846492393153e-01 -5.311598720117661765e-01 1.374867607602026851e+02 -9.726749119229176621e-01 -1.683286201431424267e-01 -1.599030686273729407e-01 1.023937184613206597e+02 -2.245624057065264134e-01 5.072194070964789470e-01 8.320457914129448795e-01 2.849605663173037584e+01
-6.134396246239792738e-02 8.449620417691238172e-01 -5.312965897112139624e-01 1.376524265276413814e+02 -9.724192268172088260e-01 -1.706025114703011436e-01 -1.590460008810286041e-01 1.024191893872192196e+02 -2.250283661799869217e-01 5.068865070697580189e-01 8.321227694066458680e-01 2.859165330442195341e+01
-6.149472593271165799e-02 8.443366698657551739e-01 -5.322724740229083373e-01 1.377537942610200616e+02 -9.719333278687972699e-01 -1.719822200275313850e-01 -1.605232761075071901e-01 1.024189028386332723e+02 -2.270770901265599384e-01 5.074620221399911424e-01 8.312149488701736644e-01 2.862102739562133280e+01
-6.372449914901556767e-02 8.443450712586159090e-01 -5.319967940218158775e-01 1.379006073344652918e+02 -9.713592764328174978e-01 -1.747541152763747441e-01 -1.610035877919656910e-01 1.025099424977097300e+02 -2.289112148762501020e-01 5.065001479123721895e-01 8.312985359476007252e-01 2.874627802866951143e+01
-6.611120870664666249e-02 8.448320761402319246e-01 -5.309313243800292126e-01 1.379841109520645546e+02 -9.710597073800983914e-01 -1.768606459517725327e-01 -1.605096776409432879e-01 1.025808310822430229e+02 -2.295045811878794473e-01 5.049545276934422899e-01 8.320748597185645412e-01 2.886158461022713695e+01
-6.761727643369064289e-02 8.454553237174877722e-01 -5.297482416445076225e-01 1.380470918346740916e+02 -9.705689063458213806e-01 -1.787460804467324582e-01 -1.613872261351760318e-01 1.025595857001301852e+02 -2.311361113334868822e-01 5.032446068490830093e-01 8.326589720377399750e-01 2.897857794133168596e+01
-6.561683430692255570e-02 8.449978644339425360e-01 -5.307287821077868450e-01 1.381898756002520656e+02 -9.708148931075669674e-01 -1.770181177469452027e-01 -1.618117094337496453e-01 1.024790407848467595e+02 -2.306791589547730337e-01 5.046218337442460733e-01 8.319518799380845042e-01 2.900207112884883998e+01
-6.765860996612982348e-02 8.440600455551874326e-01 -5.319632994811076543e-01 1.383183643553597335e+02 -9.705329724679487846e-01 -1.792755345981771331e-01 -1.610156267169937372e-01 1.025124175854760153e+02 -2.312748621229283597e-01 5.053938288027598480e-01 8.313176384259551854e-01 2.901463895325707654e+01
-6.982219217323515359e-02 8.444702006670490313e-01 -5.310319591752248325e-01 1.384103227195834620e+02 -9.703699060534185517e-01 -1.809339726217620292e-01 -1.601410096670642380e-01 1.025247761253980059e+02 -2.313160325312603460e-01 5.041160359844361061e-01 8.320816758932596535e-01 2.910140247085228538e+01
-6.951488107956826923e-02 8.443370537365371131e-01 -5.312839363240688950e-01 1.385240322889634683e+02 -9.702263392605516845e-01 -1.810845755158336789e-01 -1.608391342780694788e-01 1.024981191491399670e+02 -2.320097668495058052e-01 5.042849553553566677e-01 8.317861214811677062e-01 2.916481736465661001e+01
-6.848154999781597141e-02 8.446638677698810049e-01 -5.308985098810524716e-01 1.385627955639974402e+02 -9.704676403020036091e-01 -1.797791750367749852e-01 -1.608477769500036847e-01 1.023545747879727514e+02 -2.313068015354458884e-01 5.042047190448757377e-01 8.320305071668465668e-01 2.918076786085463326e+01
-6.976644267819054335e-02 8.438943964523586416e-01 -5.319538430280771335e-01 1.386456363457998862e+02 -9.699020861165772445e-01 -1.820874096922933116e-01 -1.616605040764835521e-01 1.024127613058580692e+02 -2.332864908706514251e-01 5.046646637796828871e-01 8.311985264119500227e-01 2.919663756700858670e+01
-7.320927532349030820e-02 8.419517560983007520e-01 -5.345630387611897127e-01 1.387589174214362231e+02 -9.694974412608345915e-01 -1.857953695117895432e-01 -1.598586627514214931e-01 1.024700229441178294e+02 -2.339126191450655590e-01 5.065543614173758646e-01 8.298720175627867235e-01 2.918180165767905265e+01
-7.189341026207873853e-02 8.446494960427628484e-01 -5.304701371383648834e-01 1.388161700486725749e+02 -9.693296299020812690e-01 -1.844835281896579637e-01 -1.623757876673442568e-01 1.024161116210761548e+02 -2.350136297213060443e-01 5.025266725870408679e-01 8.320069333748451035e-01 2.940246129765869298e+01
-7.341567562506678968e-02 8.435757040320881472e-01 -5.319682040679514223e-01 1.389586909043597132e+02 -9.688452623383205786e-01 -1.868385617539121135e-01 -1.625737047813091418e-01 1.024302672720703100e+02 -2.365354016148653871e-01 5.034594158504697159e-01 8.310112035191812296e-01 2.943412671795404734e+01
-7.862334359773259784e-02 8.448465125836664980e-01 -5.292000944980352894e-01 1.390839210477308541e+02 -9.679524377634435295e-01 -1.916998065350679070e-01 -1.622321250622836830e-01 1.025770661237527861e+02 -2.385088008215205391e-01 4.994852894226556872e-01 8.328433211481293119e-01 2.968112064388155602e+01
-8.173119635732151167e-02 8.425156199497323417e-01 -5.324353873313826258e-01 1.393195298535864026e+02 -9.667427981813938587e-01 -1.969151762149201623e-01 -1.631955132369029005e-01 1.027579129574397427e+02 -2.423393771272222830e-01 5.013899116625359920e-01 8.305900208746939128e-01 2.970368969303406459e+01
-8.295071553894772798e-02 8.401582646940187749e-01 -5.359601375642707444e-01 1.395674473306412153e+02 -9.658671906262942253e-01 -2.002136659216631198e-01 -1.643625810514024177e-01 1.028017851899732307e+02 -2.453971248063977206e-01 5.040323186508421927e-01 8.280891696503518418e-01 2.972286742448870456e+01
-8.645318368827403788e-02 8.406412575494646156e-01 -5.346476626113846331e-01 1.396334071921536122e+02 -9.651785060247859427e-01 -2.036685949158449915e-01 -1.641631960969593129e-01 1.028948744897941907e+02 -2.468932938293883217e-01 5.018380013018752805e-01 8.289766715121810181e-01 2.985436156606086655e+01
-9.008929311576641119e-02 8.393967271386876261e-01 -5.360009829606299236e-01 1.397596019788188642e+02 -9.641818135835503734e-01 -2.083212022547871189e-01 -1.641819327631890146e-01 1.030285817713820222e+02 -2.494741461968308649e-01 5.020113655685297660e-01 8.280985685408364105e-01 2.990167112638627245e+01
-9.047983089602729123e-02 8.402438527327704687e-01 -5.346060868955914147e-01 1.398095860284308003e+02 -9.644791580268032849e-01 -2.077036151252995566e-01 -1.632150789473511832e-01 1.029824145939150668e+02 -2.481800836750100714e-01 5.008487558222259883e-01 8.291906715939303396e-01 2.996614719024949380e+01
-9.156688284700864600e-02 8.390340898163559658e-01 -5.363182843160592128e-01 1.398981423549965655e+02 -9.637937238505449589e-01 -2.101201480563192892e-01 -1.641681493076226628e-01 1.030131929673915181e+02 -2.504339510369583133e-01 5.018678307152487639e-01 8.278958368425274328e-01 2.997298078665504306e+01
-9.518231793859333045e-02 8.392634520822563893e-01 -5.353290430667955180e-01 1.399818768771660586e+02 -9.635026290025838769e-01 -2.128382691398122972e-01 -1.623654984739013318e-01 1.030971274196531198e+02 -2.502059356948714841e-01 5.003366158782937001e-01 8.288909823098032925e-01 3.002958904367509518e+01
-9.703111972467892699e-02 8.384273923751831559e-01 -5.363063206041169817e-01 1.401562935631094149e+02 -9.634761472153344775e-01 -2.142599319208511321e-01 -1.606436905712997631e-01 1.030815721566404761e+02 -2.495970263285808843e-01 5.011309103300485290e-01 8.285946748318544497e-01 3.008415909290906853e+01
-9.781122539711906150e-02 8.390642720035792479e-01 -5.351673678704802484e-01 1.402422028551087863e+02 -9.628705383666287254e-01 -2.157462670149365991e-01 -1.622771537052538071e-01 1.030589990194861372e+02 -2.516213236827770650e-01 4.994243643598333393e-01 8.290126740598744437e-01 3.021014851691205649e+01
-9.718386419528801667e-02 8.394356303449901358e-01 -5.346990920577487927e-01 1.403368772263042104e+02 -9.627834113259403637e-01 -2.154277187553852446e-01 -1.632145853391655244e-01 1.029629358256914742e+02 -2.521971439482551536e-01 4.989375917879506073e-01 8.291307979355146962e-01 3.030154192263805868e+01
-9.640031372704638279e-02 8.385847054014496926e-01 -5.361741054732982459e-01 1.404796753642886245e+02 -9.621305830786435198e-01 -2.165008536588879373e-01 -1.656264516003490561e-01 1.029284847552279984e+02 -2.549739606667257297e-01 4.999030628349233618e-01 8.276987417836187966e-01 3.036328851037738019e+01
-1.028159497779974618e-01 8.379308071824111970e-01 -5.360045175610759216e-01 1.407716760466878156e+02 -9.610116879629007069e-01 -2.227306862693454459e-01 -1.638523023722377459e-01 1.030631985891907760e+02 -2.566815460253134007e-01 4.982599760853964610e-01 8.281615664599722981e-01 3.054701671724327383e+01
-1.033101486164613725e-01 8.377702549305607871e-01 -5.361604360137252057e-01 1.408955784914265621e+02 -9.606228248784571822e-01 -2.238258513384496773e-01 -1.646383205549406814e-01 1.030580745240965115e+02 -2.579356538274184540e-01 4.980391432670744356e-01 8.279047108565216195e-01 3.063987583525276648e+01
-1.078606526918430841e-01 8.358273601106483985e-01 -5.382923960928247542e-01 1.410880220514749794e+02 -9.584892120442979335e-01 -2.311771489690845893e-01 -1.668998387932928429e-01 1.032800842961731291e+02 -2.639403531019669513e-01 4.979455290340406570e-01 8.260664259727654724e-01 3.072937379980653461e+01
-1.091720334838737205e-01 8.361480100040129537e-01 -5.375295084656518396e-01 1.412003893538181387e+02 -9.584348105998242717e-01 -2.319461850247364065e-01 -1.661435556467660002e-01 1.032864268592238375e+02 -2.635985222558639984e-01 4.970487628178951178e-01 8.267153962795931177e-01 3.082990122167752389e+01
-1.104854368990895175e-01 8.362875938143160548e-01 -5.370437865439640079e-01 1.413180643629521569e+02 -9.575357543756045642e-01 -2.343520881679688195e-01 -1.679415906309527917e-01 1.032939483352438259e+02 -2.663048015443192362e-01 4.956835272667168280e-01 8.266677648674022327e-01 3.096008383788852569e+01
-1.140823834850226426e-01 8.358403118710318047e-01 -5.369880658168415533e-01 1.414472862864504634e+02 -9.570697994350043647e-01 -2.374388067866095575e-01 -1.662534572307950154e-01 1.033354648698225873e+02 -2.664631471476250901e-01 4.949684697868010907e-01 8.270451046521560823e-01 3.103261901921332111e+01
-1.139512294463620456e-01 8.358168711748563684e-01 -5.370523951786606576e-01 1.415557689189267307e+02 -9.567831615521060762e-01 -2.379018722277801423e-01 -1.672383955940556499e-01 1.033251333542213359e+02 -2.675464428431433284e-01 4.947856677895903221e-01 8.268047193092150637e-01 3.110289129897932270e+01
-1.177053412435791202e-01 8.348457076676213395e-01 -5.377528215004380163e-01 1.416529138595117274e+02 -9.559741529316309050e-01 -2.418435887561181108e-01 -1.662079947060707552e-01 1.034464084294734079e+02 -2.688101031757997861e-01 4.945142292861866018e-01 8.265572003582721816e-01 3.111046379004104168e+01
-1.197661539651886375e-01 8.338102203709667481e-01 -5.389031311555969594e-01 1.417451027149664924e+02 -9.555977902303063320e-01 -2.440213973187435048e-01 -1.651860192557564333e-01 1.034971676380733498e+02 -2.692376862018799888e-01 4.951909470653998446e-01 8.260127083000178283e-01 3.111685316324027539e+01
-1.187942672816864054e-01 8.330031793669383511e-01 -5.403643448873914901e-01 1.418421319878806628e+02 -9.557254792745906169e-01 -2.434850540809223585e-01 -1.652387264068707062e-01 1.034372359219475754e+02 -2.692150261897755525e-01 4.968105590703390528e-01 8.250469914313096620e-01 3.110117288807474978e+01
-1.203058239043066635e-01 8.309031888608373606e-01 -5.432553722473413282e-01 1.420374363878274266e+02 -9.558347230634787195e-01 -2.447662672774786330e-01 -1.626943655730352656e-01 1.034370596588119753e+02 -2.681538568077448392e-01 4.996892685899320119e-01 8.236529268661588743e-01 3.103410654901599131e+01
-1.189931074891257268e-01 8.287662747981755507e-01 -5.467971306867255299e-01 1.422064476400484523e+02 -9.554270862335029202e-01 -2.454331517800583118e-01 -1.640781853223186593e-01 1.033874732959302065e+02 -2.701846095939582915e-01 5.029006161901787841e-01 8.210306005101751792e-01 3.098588398445071235e+01
-1.219118200343976000e-01 8.289442442148335921e-01 -5.458836397246205063e-01 1.423045021151231708e+02 -9.554902119413819506e-01 -2.468841712951119760e-01 -1.615136552992934571e-01 1.034181535562663470e+02 -2.686558449394202408e-01 5.018960509378653789e-01 8.221462102526908566e-01 3.106037912308806170e+01
-1.215103179664314137e-01 8.287893670316217598e-01 -5.462082274398845083e-01 1.423739629993038989e+02 -9.554056476257619668e-01 -2.468658529950404912e-01 -1.620410414365122398e-01 1.034237174888284301e+02 -2.691380521451678942e-01 5.021607668071601527e-01 8.218267902466734887e-01 3.109618160216491134e+01
-1.245537970845962406e-01 8.284689111069364342e-01 -5.460088048384352799e-01 1.424948014295570715e+02 -9.554884565301914323e-01 -2.484793561885068058e-01 -1.590591681912669753e-01 1.034288829428752763e+02 -2.674474921725044085e-01 5.018936868276312468e-01 8.225415284672292771e-01 3.112680367926120084e+01
-1.254339359384666341e-01 8.282529006138591443e-01 -5.461350202465626857e-01 1.426529137412276214e+02 -9.542405870330233908e-01 -2.513461418591267371e-01 -1.620185761923698398e-01 1.034462233935718984e+02 -2.714612859577874016e-01 5.008215746124168311e-01 8.218798699499116900e-01 3.125777973056183612e+01
-1.296186033499580059e-01 8.284602915489945874e-01 -5.448417779430658747e-01 1.428216772064432689e+02 -9.534170135156240233e-01 -2.550752755916030345e-01 -1.610360274001322867e-01 1.035083436076353678e+02 -2.723876208724519410e-01 4.985881558043899209e-01 8.229306379562147944e-01 3.142946585066306397e+01
-1.299185814352208368e-01 8.284798595955584766e-01 -5.447405661802542376e-01 1.428842540953120306e+02 -9.533157236800846590e-01 -2.554170238133308679e-01 -1.610939940862384789e-01 1.035420091959024376e+02 -2.725991437664038175e-01 4.983806438766100744e-01 8.229862943129484520e-01 3.151266951716167242e+01
-1.320880399314514619e-01 8.267703983200215268e-01 -5.468120867069610203e-01 1.430574782309908812e+02 -9.519865069880880659e-01 -2.595084246822301210e-01 -1.624101845069049477e-01 1.036651609601307769e+02 -2.761782761545281684e-01 4.991052854666048200e-01 8.213522227398013520e-01 3.154036396344697835e+01
-1.424217880549425441e-01 8.244924936895432488e-01 -5.476569748819347661e-01 1.432678484119643372e+02 -9.505810090661472866e-01 -2.681514061483216693e-01 -1.564946279699836462e-01 1.039278277894967601e+02 -2.758836339655158509e-01 4.983040750689051168e-01 8.219375093519606379e-01 3.159626994013118306e+01
-1.439398655998180843e-01 8.241920271009621768e-01 -5.477123492804535365e-01 1.433583306402697701e+02 -9.500411229297471838e-01 -2.699919329811457658e-01 -1.566084955150578994e-01 1.039559034377547988e+02 -2.769533892796615104e-01 4.978070495566648268e-01 8.218789214830835022e-01 3.162393161759375459e+01
-1.429749738190364550e-01 8.240349978185805835e-01 -5.482011302720730672e-01 1.433841838614115716e+02 -9.500545703218965521e-01 -2.695160570002574918e-01 -1.573448709984256455e-01 1.039145993822308327e+02 -2.774066875039659097e-01 4.983246104590526304e-01 8.214122669761576567e-01 3.163556207629306982e+01
-1.440090703830920749e-01 8.247277683219340627e-01 -5.468870960318227281e-01 1.434354322909231882e+02 -9.498867931122874086e-01 -2.701507920174883726e-01 -1.572692908459198957e-01 1.039339627071444596e+02 -2.774463334020698113e-01 4.968326254696305844e-01 8.223021794636697912e-01 3.173630143874785503e+01
-1.466816543251181493e-01 8.246769120324590752e-01 -5.462531309247156130e-01 1.435153149547996065e+02 -9.491163984616401983e-01 -2.729115041310385958e-01 -1.571539789001198117e-01 1.040152533055310897e+02 -2.786800216299182287e-01 4.954061986628165437e-01 8.227454915530113544e-01 3.182946349695761512e+01
-1.486275241619725573e-01 8.223356186694324998e-01 -5.492485678898438861e-01 1.436729778596718177e+02 -9.488628188710906963e-01 -2.750194408420290060e-01 -1.549956713038977973e-01 1.040735460837575488e+02 -2.785124952771246276e-01 4.981249215071456016e-01 8.211591517775405080e-01 3.176012028684469257e+01
-1.559981589046011141e-01 8.190011295792658519e-01 -5.521790689316841139e-01 1.439316323783776852e+02 -9.461910757591440735e-01 -2.843651965001756654e-01 -1.544632097723277475e-01 1.043334042067978800e+02 -2.835260527220178628e-01 4.983709309011744581e-01 8.192920069551321571e-01 3.182787041623191016e+01
-1.624468316753286956e-01 8.165477962958359592e-01 -5.539501089837078895e-01 1.441733886346870577e+02 -9.448103151267536193e-01 -2.905964133362293200e-01 -1.512851380215660957e-01 1.045230711330326301e+02 -2.845074609016998712e-01 4.988019856822283327e-01 8.186892473770092105e-01 3.189186241862552862e+01
-1.671252482344225410e-01 8.157447989060125915e-01 -5.537414328550575027e-01 1.443167287013320959e+02 -9.443495067101589369e-01 -2.938407494025077060e-01 -1.478567657121327150e-01 1.046335131529753255e+02 -2.833251852180854735e-01 4.982148502888711361e-01 8.194564066335532360e-01 3.193467708436591934e+01
-1.691166614849657357e-01 8.148970189851804102e-01 -5.543847069114062887e-01 1.444481231812802946e+02 -9.439530570907238571e-01 -2.956941085007964709e-01 -1.466888550878889530e-01 1.046481104287632320e+02 -2.834646024061135416e-01 4.985056094438512497e-01 8.192313327356066655e-01 3.198061978888960510e+01
-1.720392530794152552e-01 8.131475720428209542e-01 -5.560517255442541940e-01 1.446138714938561236e+02 -9.430887869218147479e-01 -2.990236092014029179e-01 -1.454937150618783037e-01 1.047167605708865210e+02 -2.845804550249670939e-01 4.993755172423177124e-01 8.183141556864028665e-01 3.199127997721037531e+01
-1.711859845485101950e-01 8.130181395288430535e-01 -5.565041450799949052e-01 1.447255543705924197e+02 -9.431002645815299568e-01 -2.986450076348874383e-01 -1.461952473954147291e-01 1.046222951049084173e+02 -2.850565727016405315e-01 4.998126291039642344e-01 8.178814621617105374e-01 3.202413581827387645e+01
-1.696959493101619643e-01 8.128708883882806990e-01 -5.571752000929064419e-01 1.448932596201974548e+02 -9.439369077176837930e-01 -2.965228199602141235e-01 -1.451114450731556815e-01 1.044377365145892611e+02 -2.831720308153684029e-01 5.013134110052211989e-01 8.176175541842348737e-01 3.203672019666831261e+01
-1.632427713803392688e-01 8.141368845609812110e-01 -5.572548167485018578e-01 1.449425349596620549e+02 -9.454786467285959395e-01 -2.904406609233403103e-01 -1.473579012563513979e-01 1.041562205864441779e+02 -2.818189599234403042e-01 5.028174178364880342e-01 8.171613782772146894e-01 3.206310886328714815e+01
-1.632182908246231356e-01 8.144586411081168320e-01 -5.567916230194278615e-01 1.450784256328886954e+02 -9.453853252093239456e-01 -2.905101623672583511e-01 -1.478189177345389238e-01 1.041002598035736639e+02 -2.821460196762483053e-01 5.022558784978720103e-01 8.173938194623084907e-01 3.216079357228959879e+01
-1.615444032451400780e-01 8.150931410334714133e-01 -5.563511276346627676e-01 1.451551720234208176e+02 -9.459237626491121542e-01 -2.885879798723038903e-01 -1.481391681121798920e-01 1.039769067925176245e+02 -2.813034678704078306e-01 5.023346984963431572e-01 8.176357438680567080e-01 3.223344282553149043e+01
-1.591437116243616945e-01 8.154306274145195488e-01 -5.565484443647161772e-01 1.452704247913915481e+02 -9.465315901950761557e-01 -2.862644019694233766e-01 -1.487637083695789175e-01 1.038383091412179340e+02 -2.806264916453946046e-01 5.031158753601916445e-01 8.173880278957756929e-01 3.227500111015499584e+01
-1.575694632107951243e-01 8.158548043770086355e-01 -5.563746960802720132e-01 1.454048740994807076e+02 -9.469752023489432791e-01 -2.845979828666547196e-01 -1.491373671633284825e-01 1.036831974767369218e+02 -2.800175537348328914e-01 5.033735455138503845e-01 8.174382198534489996e-01 3.236401905264278156e+01
-1.562192011144538650e-01 8.160993815166646126e-01 -5.563967655291318648e-01 1.455861922945117612e+02 -9.477578418836283269e-01 -2.824684730338349326e-01 -1.482114533024407044e-01 1.035094210077793377e+02 -2.781198201337862219e-01 5.041759228980016161e-01 8.175915877861628100e-01 3.243575173303779735e+01
-1.558224824424658816e-01 8.166416657202217877e-01 -5.557119251691199358e-01 1.456485244943371811e+02 -9.473722013123084817e-01 -2.828273926698647855e-01 -1.499819260318973613e-01 1.034807770740612938e+02 -2.796520447737488313e-01 5.030954738071773402e-01 8.177344789652647439e-01 3.254401397736169343e+01
-1.543384997240484502e-01 8.172409096469264167e-01 -5.552449217258939029e-01 1.458089777856963281e+02 -9.482014746701294960e-01 -2.804464575718461639e-01 -1.492104147464048680e-01 1.032944881427290937e+02 -2.776573264589310974e-01 5.034551420284301138e-01 8.181927212025366103e-01 3.260079267886415266e+01
-1.521387135115137568e-01 8.158953917035189907e-01 -5.578248126858667000e-01 1.460375746309116209e+02 -9.485172698214812126e-01 -2.791599268980231585e-01 -1.496152534492829755e-01 1.031547291642534105e+02 -2.777927297491142866e-01 5.063441961860045692e-01 8.163619015407838075e-01 3.260196118548418553e+01
-1.513294651668417590e-01 8.165082065042701398e-01 -5.571478633931014057e-01 1.461184280432885600e+02 -9.487945623323683630e-01 -2.780932730350493820e-01 -1.498432847383673050e-01 1.030624507314006024e+02 -2.772873445739049147e-01 5.059431590641718657e-01 8.167822527058963278e-01 3.266724096390559140e+01
-1.517281492749587013e-01 8.166043103539699644e-01 -5.568985266894798114e-01 1.462012827676904010e+02 -9.488998828704753308e-01 -2.780705869391342233e-01 -1.492171604331211099e-01 1.030135411639084140e+02 -2.767084765705490890e-01 5.058005031538055363e-01 8.170668699704835003e-01 3.273837175391001608e+01
-1.500816764033594541e-01 8.171139118567868342e-01 -5.565971123335593518e-01 1.463327523303900932e+02 -9.495874159090090805e-01 -2.758652528656218017e-01 -1.489365697491305540e-01 1.028541752447239190e+02 -2.752439462644153956e-01 5.061849635375257339e-01 8.173234076748967514e-01 3.278525769251100996e+01
-1.498311232402538273e-01 8.158070189628632285e-01 -5.585781434315981731e-01 1.464608288106049372e+02 -9.495440323065089672e-01 -2.761707618061786107e-01 -1.486466987002781071e-01 1.028441270091526150e+02 -2.755299715451298148e-01 5.081226408401048333e-01 8.160236618174854240e-01 3.278101982399391545e+01
-1.497063100476361264e-01 8.144706971945496754e-01 -5.605582076317732199e-01 1.466243355522037746e+02 -9.490916243377343076e-01 -2.772985885085785807e-01 -1.494342043278989174e-01 1.028428989167752405e+02 -2.771517803368456767e-01 5.096498564922541386e-01 8.145206654428982507e-01 3.278536898454714077e+01
-1.501852939719496849e-01 8.135370064913434174e-01 -5.617845819739654134e-01 1.467711088543401843e+02 -9.503066021773058925e-01 -2.755191959119256406e-01 -1.449363120210728773e-01 1.026939881425188048e+02 -2.726934897147030856e-01 5.121002946231820729e-01 8.144885198172330254e-01 3.273786102102931039e+01
-1.524025138764952825e-01 8.116208452274734642e-01 -5.639548540055011605e-01 1.469674488592689841e+02 -9.497401298962425686e-01 -2.781420027528780370e-01 -1.436339513112629973e-01 1.027178956248691577e+02 -2.734358415219060312e-01 5.137203810409505245e-01 8.132184274070205499e-01 3.271695377481002964e+01
-1.535973118483633382e-01 8.093406885589564670e-01 -5.668999167717972965e-01 1.471498836431034363e+02 -9.502432219333725172e-01 -2.783282980880303903e-01 -1.398970251760330297e-01 1.026824507058450706e+02 -2.710086437046607122e-01 5.172049964243718989e-01 8.118209819356885237e-01 3.263190290010641803e+01
-1.525461115831623360e-01 8.095997666620676769e-01 -5.668138156939925842e-01 1.472393770175809493e+02 -9.508416211934122009e-01 -2.766232331977160896e-01 -1.392113438679697113e-01 1.025767269664490300e+02 -2.694993418306274591e-01 5.177140182339744490e-01 8.119989532486422412e-01 3.266662432098243585e+01
-1.509584107130701458e-01 8.093630585477079586e-01 -5.675764245397121321e-01 1.473323723168435606e+02 -9.515147154232684867e-01 -2.746328932968771230e-01 -1.385515075788155415e-01 1.024200400260530444e+02 -2.680136275788237432e-01 5.191418046908625739e-01 8.115790054297572498e-01 3.266154102078007071e+01
-1.516267082860816018e-01 8.085501789046074528e-01 -5.685560214505294141e-01 1.475422290517747115e+02 -9.516033853829088951e-01 -2.749730696059682344e-01 -1.372618225117908930e-01 1.023654220121849363e+02 -2.673206656098897627e-01 5.202272764713503639e-01 8.111123489092535443e-01 3.270424943557223685e+01
-1.517815963430710902e-01 8.101676519783173047e-01 -5.662073142405434911e-01 1.475818896941428875e+02 -9.511539214939322973e-01 -2.755218398242089695e-01 -1.392621032678953985e-01 1.023084828037863616e+02 -2.688281321555912040e-01 5.174128829743451785e-01 8.124132839226058111e-01 3.288492899483924958e+01
-1.506094350551778760e-01 8.104185257289223676e-01 -5.661612943567589928e-01 1.476745054691606072e+02 -9.507070306394608261e-01 -2.757582922688757154e-01 -1.418220932635432807e-01 1.022811266745918175e+02 -2.710589234189864083e-01 5.168937776761428626e-01 8.120023907813487263e-01 3.298734269253780838e+01
-1.509352078157477628e-01 8.091350585524726968e-01 -5.679075805647462172e-01 1.478482528936888798e+02 -9.508117260817002814e-01 -2.760328200781816399e-01 -1.405807376037842560e-01 1.022441224195497966e+02 -2.705099343594518646e-01 5.187546040865302910e-01 8.109981727179613742e-01 3.298048231059574675e+01
-1.530515014325253276e-01 8.080546826153979234e-01 -5.688786055149009924e-01 1.480018964020675867e+02 -9.509981931569558844e-01 -2.769352506505484701e-01 -1.375111034037731217e-01 1.022165574354441588e+02 -2.686590302250325690e-01 5.199562451307288002e-01 8.108438990509199140e-01 3.297669407604995939e+01
-1.517570401183887530e-01 8.100510473091501185e-01 -5.663807037036621139e-01 1.480708320787484524e+02 -9.508469625835066497e-01 -2.761284913915054151e-01 -1.401538796736343240e-01 1.021435537262397588e+02 -2.699256462810192270e-01 5.172720338421564756e-01 8.121390204174240290e-01 3.318896200648577377e+01
-1.546419581852007674e-01 8.074248067509719462e-01 -5.693426439428209695e-01 1.483286537075925651e+02 -9.502343355282156789e-01 -2.793031684056419550e-01 -1.380016220985089970e-01 1.022020592062990829e+02 -2.704451374158844956e-01 5.196680878808365156e-01 8.104347636215875061e-01 3.316758214559788343e+01
-1.547562528167458762e-01 8.076487707256457815e-01 -5.689938183842356834e-01 1.484466039506010304e+02 -9.497547131734979109e-01 -2.802200278276179013e-01 -1.394371572035799367e-01 1.021642244224668730e+02 -2.720597122303229920e-01 5.188257888247674865e-01 8.104340280562702947e-01 3.329372781685235339e+01
-1.538789623218319580e-01 8.048479995581618862e-01 -5.731849287638166590e-01 1.486436542782312529e+02 -9.516147648449053698e-01 -2.768741097415936547e-01 -1.333044135952583531e-01 1.019971312760825128e+02 -2.659898574831979778e-01 5.249384963612645505e-01 8.085103405362498163e-01 3.308053475776766561e+01
-1.519922255273442602e-01 8.046979136610454830e-01 -5.738986244353668775e-01 1.487696529632605120e+02 -9.522066335879144638e-01 -2.748692808578012681e-01 -1.332268944015702061e-01 1.018499500120750270e+02 -2.649545061523143064e-01 5.262206250141442387e-01 8.080166851490795388e-01 3.312500916429334552e+01
-1.521769771519632108e-01 8.052948685840770615e-01 -5.730116423398791126e-01 1.488753057692814821e+02 -9.521445935565573393e-01 -2.749387631117159447e-01 -1.335265872387171870e-01 1.017950423632166093e+02 -2.650713877164222465e-01 5.252702648834735033e-01 8.085965052134072018e-01 3.322153950177002457e+01
-1.534345903042955150e-01 8.046665379202577739e-01 -5.735587060184683672e-01 1.490316495268583878e+02 -9.513468110272180756e-01 -2.772398147546231151e-01 -1.344519626601464735e-01 1.018226176433926042e+02 -2.672023047177852217e-01 5.250236641011994942e-01 8.080551221836631548e-01 3.331182786883201885e+01
-1.590474348039705443e-01 8.036991407491128614e-01 -5.733860868920821474e-01 1.492213641400331596e+02 -9.505083018208365653e-01 -2.816641336718450628e-01 -1.311460406285997471e-01 1.019102273455219887e+02 -2.669042555898014646e-01 5.241497943928115077e-01 8.087206633850945181e-01 3.343249333554241076e+01
-1.561731102161272311e-01 8.049639304677724816e-01 -5.724011096174574931e-01 1.493495241743665929e+02 -9.507295096402965662e-01 -2.796360629038494583e-01 -1.338546667948328217e-01 1.017428895651014074e+02 -2.678121713898431455e-01 5.232941266338746455e-01 8.089745965640378067e-01 3.359599548972851579e+01
-1.530926650614561346e-01 8.060788350013775583e-01 -5.716638414900870879e-01 1.494410720900979186e+02 -9.513789098767858610e-01 -2.766861494004113631e-01 -1.353622715960117462e-01 1.015508618827929155e+02 -2.672841292445922168e-01 5.231459514254085397e-01 8.092450233156607275e-01 3.369793432709453640e+01
-1.533783370751176101e-01 8.072414979630194720e-01 -5.699440759254297273e-01 1.495339137288544009e+02 -9.513496656728571699e-01 -2.765997675032136893e-01 -1.357438110608024662e-01 1.014817639748271887e+02 -2.672244362707392185e-01 5.213959460751382835e-01 8.103933415793821426e-01 3.384427881353786915e+01
-1.565330026363962457e-01 8.058163967682215878e-01 -5.711018768881028773e-01 1.497255768589555203e+02 -9.497805288203743368e-01 -2.814388542315762187e-01 -1.367812794299982371e-01 1.016310905610446440e+02 -2.709508556165189375e-01 5.210106582674651765e-01 8.094031923660660599e-01 3.395536194349492831e+01
-1.549123693609335550e-01 8.054821926969102375e-01 -5.720145059936495580e-01 1.498811326419890975e+02 -9.500909717802412668e-01 -2.801731024363096623e-01 -1.372230957706817023e-01 1.015670712948478354e+02 -2.707938388528408069e-01 5.222082629750225413e-01 8.086836383406995621e-01 3.401411425656479537e+01
-1.566040213952719640e-01 8.054205822715015950e-01 -5.716405042824244109e-01 1.499707928477039616e+02 -9.498443394476033808e-01 -2.814432914147548814e-01 -1.363282969048441595e-01 1.015558098076072326e+02 -2.706860013044175561e-01 5.216199376663671616e-01 8.090993321754506029e-01 3.408696878533281449e+01
-1.586006546450215993e-01 8.049997685749795684e-01 -5.716827834913346118e-01 1.501136700525304661e+02 -9.498775687475758955e-01 -2.823910414825969717e-01 -1.341189922440844118e-01 1.015332820836396763e+02 -2.694038543457852874e-01 5.217572925073533652e-01 8.094386270613919132e-01 3.412910762691171129e+01
-1.566738099442390730e-01 8.034517942333302409e-01 -5.743853511544310120e-01 1.501847637461699492e+02 -9.505066836277761277e-01 -2.806521685753085027e-01 -1.333094319727741450e-01 1.014860405074932999e+02 -2.683101967061325421e-01 5.250710186414969671e-01 8.076571449113152390e-01 3.403488637508624493e+01
-1.562191752697708047e-01 8.022605477571829180e-01 -5.761714873111805080e-01 1.502461733003691506e+02 -9.507187875020541856e-01 -2.803050141026941500e-01 -1.325250397453732465e-01 1.014458562543640738e+02 -2.678233678539961859e-01 5.270741053981249369e-01 8.065131933515468088e-01 3.395729187619298983e+01
-1.541352807706077854e-01 8.051541975598338619e-01 -5.726858068553352110e-01 1.502711432628838395e+02 -9.508384385503269032e-01 -2.784429468054874235e-01 -1.355573279076170701e-01 1.012991400488804032e+02 -2.686048752292903297e-01 5.236375115727069929e-01 8.084894417844926684e-01 3.419456894638549471e+01
-1.532190482942525911e-01 8.062523404447583530e-01 -5.713852349922541318e-01 1.503318186696083956e+02 -9.509621490598352267e-01 -2.775165474492782280e-01 -1.365853467518850506e-01 1.012253378315083268e+02 -2.686911131677109932e-01 5.224382541690285597e-01 8.092362796399540370e-01 3.431653934807938811e+01
-1.562713845752181641e-01 8.090920678614126338e-01 -5.665238565909543889e-01 1.503648959605517064e+02 -9.493113690376120406e-01 -2.814151298128924061e-01 -1.400480250782862313e-01 1.012669916952683167e+02 -2.727401308551412606e-01 5.159220391068179978e-01 8.120574305952650285e-01 3.465294523522799608e+01
-1.580971422466199705e-01 8.083610806428154216e-01 -5.670605407850489721e-01 1.505021436112363347e+02 -9.489004095919590931e-01 -2.832224322352712154e-01 -1.391871637578337706e-01 1.013253131805487897e+02 -2.731177516926805993e-01 5.160788865868448649e-01 8.118308176766990680e-01 3.469876448806193991e+01
-1.570675076645335899e-01 8.083687360664677524e-01 -5.673356895052111826e-01 1.504934324645796835e+02 -9.492740779044461785e-01 -2.820350155676683013e-01 -1.390502607419665804e-01 1.012375940508008085e+02 -2.724124135473922070e-01 5.167167856224982314e-01 8.116620235056201116e-01 3.465667137601982972e+01
-1.548059221739326308e-01 8.080490125704392623e-01 -5.684117519402789309e-01 1.505927348796445528e+02 -9.496727935735947979e-01 -2.803010355827384448e-01 -1.398317367315784765e-01 1.011455748696258041e+02 -2.723172994982202000e-01 5.181583954112711776e-01 8.107744234118472448e-01 3.466591265984000358e+01
-1.572834008174539555e-01 8.060013689380435276e-01 -5.706344934345414233e-01 1.507446954683022682e+02 -9.498539333481729185e-01 -2.815983777662600662e-01 -1.359406449242284987e-01 1.011510035923783164e+02 -2.702580935518871241e-01 5.206382111499406884e-01 8.098743210895682498e-01 3.460800709397705077e+01
-1.581037609877633532e-01 8.049899003987176505e-01 -5.718342950694604854e-01 1.508903400510824326e+02 -9.483985967760454328e-01 -2.849980263328248942e-01 -1.389828285063383628e-01 1.012328597928748053e+02 -2.748514187606678760e-01 5.203531351327259635e-01 8.085105517943418363e-01 3.470821668067125643e+01
-1.589453940461000858e-01 8.053008709164021228e-01 -5.711627342647755956e-01 1.509924567694711470e+02 -9.480500039922300504e-01 -2.859679087355408988e-01 -1.393683791387207438e-01 1.012650456887725881e+02 -2.755676897639904865e-01 5.193388705601631461e-01 8.089187758257507799e-01 3.483048209430455699e+01
-1.577511870456811405e-01 8.054611984409631997e-01 -5.712677312711842426e-01 1.510743651720956109e+02 -9.486413063867520368e-01 -2.842612279511893547e-01 -1.388352480478879103e-01 1.011303194646003618e+02 -2.742156720585370855e-01 5.200267417063563213e-01 8.089363096732371528e-01 3.486026294187365693e+01
-1.577571268507853564e-01 8.056077905310655707e-01 -5.710593460958677259e-01 1.511553477870332642e+02 -9.479086259655410407e-01 -2.856098834308473666e-01 -1.410540013850645480e-01 1.011408344572688947e+02 -2.767343956719244269e-01 5.190598061131997953e-01 8.086995683996760498e-01 3.495391147742809324e+01
-1.580409351048883693e-01 8.058597875281121592e-01 -5.706251533855819513e-01 1.512318207684848232e+02 -9.479291226593589137e-01 -2.856406611051758304e-01 -1.408537934798229641e-01 1.010977624460391979e+02 -2.765021541424785290e-01 5.186515357815346672e-01 8.090408785630207600e-01 3.502256327904074595e+01
-1.595007718365304417e-01 8.063486235290040494e-01 -5.695273488748645585e-01 1.513069208814427498e+02 -9.480677545237097270e-01 -2.859340016670948170e-01 -1.393171903356257013e-01 1.010606741048434714e+02 -2.751854585837015810e-01 5.177293153990051300e-01 8.100798228326362427e-01 3.510130266946725897e+01
-1.607570011293921741e-01 8.063324611003419573e-01 -5.691969331995299086e-01 1.514077249768108402e+02 -9.471306193659727590e-01 -2.882692208858186333e-01 -1.408703167786303501e-01 1.010636161174495271e+02 -2.776702656881236408e-01 5.164579542090028674e-01 8.100434587643666751e-01 3.520508343641892424e+01
-1.596432727812664432e-01 8.039244894526305085e-01 -5.729043905522226421e-01 1.515661701969389981e+02 -9.470170872603669299e-01 -2.885629543738965630e-01 -1.410321162001730300e-01 1.010229611179530735e+02 -2.786981555241740960e-01 5.200354186219779962e-01 8.073973628183876983e-01 3.512204332765292492e+01
-1.637812016368744850e-01 8.022758644557013152e-01 -5.740463006607038343e-01 1.518129922454582186e+02 -9.456319243289368348e-01 -2.934267100885321611e-01 -1.402890925787637355e-01 1.010896884884622864e+02 -2.809910704636960910e-01 5.198597917885919850e-01 8.067154487185602685e-01 3.525031213260284346e+01
-1.622307962373275014e-01 8.046418910346947451e-01 -5.711677476401427755e-01 1.518140847605010038e+02 -9.462536913560694041e-01 -2.909900491964019231e-01 -1.411691994157676655e-01 1.009762232611575001e+02 -2.797947825589602866e-01 5.175675979626108703e-01 8.086029069895788179e-01 3.537811352183170044e+01
-1.633378594075074464e-01 8.068731530394289697e-01 -5.676939832236939099e-01 1.518127714213104298e+02 -9.462020042850382007e-01 -2.910386095160517606e-01 -1.414153275212406691e-01 1.009016416741556696e+02 -2.793250987132196439e-01 5.140547078620850696e-01 8.110026180929852391e-01 3.554753631112632917e+01
-1.621279486596753916e-01 8.067575395705605112e-01 -5.682048931586749507e-01 1.519790102222867461e+02 -9.466906433038556612e-01 -2.896104624571889108e-01 -1.410765959196097763e-01 1.006962691034633224e+02 -2.783726892932160690e-01 5.150417967324483204e-01 8.107037643148538031e-01 3.562445781525993738e+01
-1.596688230922527207e-01 8.078497892513266665e-01 -5.673487330900833792e-01 1.520583067010078366e+02 -9.478566526160957517e-01 -2.860378247980270849e-01 -1.405351517458312549e-01 1.005110584661457409e+02 -2.758144902352767103e-01 5.153261887304010358e-01 8.113971199017492308e-01 3.566095594951918457e+01
-1.562981900379085687e-01 8.092839259950528330e-01 -5.662423535173856104e-01 1.520812215390023425e+02 -9.489165263316818866e-01 -2.821245788046491398e-01 -1.412910049823204173e-01 1.003335859496443589e+02 -2.740954247073242867e-01 5.152331988142200281e-01 8.120384529036651644e-01 3.569605007713803957e+01
-1.564838113043716117e-01 8.075301850201774823e-01 -5.686895612554676571e-01 1.522684027402776792e+02 -9.487654355075552104e-01 -2.829315622324468649e-01 -1.406907227889128698e-01 1.003238529467150641e+02 -2.745122313956473992e-01 5.175371787359683839e-01 8.104309368725980400e-01 3.570299380711989556e+01
-1.531611225801987608e-01 7.972442972483366752e-01 -5.839034175572013208e-01 1.528123896670812485e+02 -9.467917285673252970e-01 -2.876412827705241426e-01 -1.443880714000427556e-01 1.004399517666786608e+02 -2.830672945546161001e-01 5.307202869225309261e-01 7.988797680517367716e-01 3.537461412231218105e+01
-1.533966410957621207e-01 7.951138596117801605e-01 -5.867396532993118807e-01 1.529374847904187789e+02 -9.463864752551685022e-01 -2.890353913339005487e-01 -1.442608124563203864e-01 1.004816764915251497e+02 -2.842922966853596578e-01 5.331533483058300549e-01 7.968220612129447433e-01 3.532441436030376281e+01
-1.549560394656457341e-01 7.947231130077206940e-01 -5.868592671880028533e-01 1.530719701603642022e+02 -9.467968754212187088e-01 -2.890726077018921369e-01 -1.414662651272249605e-01 1.004077074602543291e+02 -2.820714493275409129e-01 5.337154683234753838e-01 7.972349066282247154e-01 3.538590681235942270e+01
-1.537741694997776243e-01 7.988236610901112700e-01 -5.815791117958459822e-01 1.530319899606852800e+02 -9.461419240966159050e-01 -2.887432311294575449e-01 -1.464336229957957369e-01 1.003372397950671910e+02 -2.849016747255231352e-01 5.277386710859004459e-01 8.002018062833150536e-01 3.567155187268304672e+01
-1.547837158008451564e-01 8.019229905644065237e-01 -5.770281782782553659e-01 1.530136214150147680e+02 -9.461402359246606775e-01 -2.884333627555011326e-01 -1.470538990097878251e-01 1.002990962720857766e+02 -2.843600803335631921e-01 5.231880278196284761e-01 8.033763951342465237e-01 3.590163092587554416e+01
-1.550963058325032229e-01 8.039283067588641751e-01 -5.741466829207814149e-01 1.530420073715376077e+02 -9.466869846472260042e-01 -2.870619490099746152e-01 -1.462162457804795646e-01 1.002083552968121722e+02 -2.823630447077902783e-01 5.208595924262319210e-01 8.055907124346246562e-01 3.604174973705266893e+01
-1.554214501550814642e-01 8.042580888394738059e-01 -5.735966347251080233e-01 1.531294305362711441e+02 -9.465572552063524769e-01 -2.873696671762004939e-01 -1.464514834450522940e-01 1.001955391413868171e+02 -2.826190641975663831e-01 5.201803542266060232e-01 8.059397394525068536e-01 3.611597331905327479e+01
-1.578116163177991638e-01 8.012324785720155162e-01 -5.771672279647458437e-01 1.533625199809386856e+02 -9.457318840570616558e-01 -2.907700941699491448e-01 -1.450653501504740872e-01 1.002412166777002511e+02 -2.840540392830992467e-01 5.229524525401367807e-01 8.036380000654594902e-01 3.607972008263734409e+01
-1.546442341971663303e-01 7.972875789893962839e-01 -5.834532348173241401e-01 1.535563134001764638e+02 -9.456785403532237400e-01 -2.903914860009122467e-01 -1.461673122609103981e-01 1.001678198645542892e+02 -2.859672343905300673e-01 5.291552713971672262e-01 7.988851229104356744e-01 3.587823123845254258e+01
-1.534028722083662366e-01 7.951845565032740204e-01 -5.866422077356141518e-01 1.537043792304852161e+02 -9.461500992110924990e-01 -2.894633848198688852e-01 -1.449515043435723738e-01 1.000540656346674666e+02 -2.850746368252773943e-01 5.328156059532380695e-01 7.967684616572244805e-01 3.576247244399255010e+01
-1.489379002560493603e-01 7.942815240607471461e-01 -5.890113431870870331e-01 1.538632764189835314e+02 -9.472012588906889574e-01 -2.856382063686271344e-01 -1.456728877259194921e-01 9.987619370215600156e+01 -2.839494268760086593e-01 5.362160717455707326e-01 7.948868141934015696e-01 3.567575821323087837e+01
-1.480671919714393603e-01 7.922309110011790390e-01 -5.919850423076031820e-01 1.540677437095919515e+02 -9.470438038233540690e-01 -2.860357781271005706e-01 -1.459163022798218579e-01 9.982231520811174619e+01 -2.849283073011266709e-01 5.390303491320928009e-01 7.926298899316431834e-01 3.564612069296693164e+01
-1.449116738879800970e-01 7.929104103043423946e-01 -5.918561379271007894e-01 1.541333491474621269e+02 -9.480507309061912968e-01 -2.824764908818755416e-01 -1.463107778917814017e-01 9.968667026723072411e+01 -2.831967838786665914e-01 5.399075044209529217e-01 7.926534351598550909e-01 3.571191238188899320e+01
-1.466686550312430448e-01 7.951395683997763975e-01 -5.884227837162183672e-01 1.541638109453862739e+02 -9.474462782590920007e-01 -2.838964411725188874e-01 -1.474732535159303248e-01 9.966824535735548807e+01 -2.843129533530288633e-01 5.358692727285226942e-01 7.949907339718386146e-01 3.598076340446781529e+01
-1.493760611285388507e-01 7.957358454430285555e-01 -5.869337753433448990e-01 1.543011547917217854e+02 -9.473295838673774227e-01 -2.852406141794245897e-01 -1.456174836762624547e-01 9.968755856879901955e+01 -2.832904020460010885e-01 5.342679630107102229e-01 7.964322267519072795e-01 3.609546431203162342e+01
-1.473284686042681813e-01 7.931643721178148754e-01 -5.909184386543326895e-01 1.544982061867534071e+02 -9.474015180621381260e-01 -2.847829458167063787e-01 -1.460446416186361729e-01 9.963464046183619871e+01 -2.841209001680061741e-01 5.383204924344902054e-01 7.934017655090073173e-01 3.603581910606770577e+01
-1.475970389278862260e-01 7.927099677750227835e-01 -5.914609210166326125e-01 1.546437048507075929e+02 -9.471932213698085468e-01 -2.854153117073265911e-01 -1.461612165866698620e-01 9.955698580959727906e+01 -2.846754564250414399e-01 5.386548123178080960e-01 7.929759628614612144e-01 3.610644183237403126e+01
-1.482443013777474672e-01 7.933863122793827216e-01 -5.903912148709069552e-01 1.547714995440608163e+02 -9.476390249470445504e-01 -2.847052816216302240e-01 -1.446484739434292510e-01 9.948223553052835655e+01 -2.828496164155755999e-01 5.380344432324664083e-01 7.940497669473189912e-01 3.618093438176033061e+01
-1.481287271738875866e-01 7.921278294157731992e-01 -5.921075764174105194e-01 1.549089485082519104e+02 -9.478441882359787130e-01 -2.845668903654714477e-01 -1.435725591295362313e-01 9.947558899970745472e+01 -2.822220314098856653e-01 5.399585046767773067e-01 7.929662907173898878e-01 3.617293181360089704e+01
-1.518997390407419434e-01 7.899461289174118939e-01 -5.940636183842185059e-01 1.550760735343069427e+02 -9.465189212973685873e-01 -2.893548221628601258e-01 -1.427435410698688623e-01 9.960601258299197980e+01 -2.846548803470972389e-01 5.406097486167775745e-01 7.916518798026594972e-01 3.622122866570314415e+01
-1.526497887203868142e-01 7.912548963729053586e-01 -5.921264484630999192e-01 1.550963923668343512e+02 -9.460570770981144850e-01 -2.902547824087147177e-01 -1.439728035479003465e-01 9.960956090516717154e+01 -2.857867192089125208e-01 5.382079990624188959e-01 7.928796257118941870e-01 3.634954708682458602e+01
-1.542666309870628361e-01 7.910757918615176632e-01 -5.919467020725552864e-01 1.551845935197010533e+02 -9.458101658198712069e-01 -2.915010050902215877e-01 -1.430744360924707803e-01 9.961219886322386685e+01 -2.857357814409831054e-01 5.377975972074100497e-01 7.931764038612388878e-01 3.640229512134924761e+01
-1.528911774020489389e-01 7.914862891874151485e-01 -5.917547987984139723e-01 1.552674331493040256e+02 -9.458525088572523609e-01 -2.906936691636550218e-01 -1.444306830165028865e-01 9.958661557185861568e+01 -2.863342790534468274e-01 5.376305838924230196e-01 7.930737896957856803e-01 3.652087873638899396e+01
-1.492472842526761934e-01 7.915186820308608429e-01 -5.926410584319400376e-01 1.553989245043414087e+02 -9.470890640027433971e-01 -2.866726589091761479e-01 -1.443644398054823308e-01 9.939929568459507436e+01 -2.841611391263915154e-01 5.397378647362740534e-01 7.924238035169811623e-01 3.653641315031516967e+01
-1.497791147315654658e-01 7.911236105291586940e-01 -5.930342735909420737e-01 1.555364521499203079e+02 -9.469125352069228674e-01 -2.873497336315486983e-01 -1.441762159646172159e-01 9.937058413251476452e+01 -2.844694490770959261e-01 5.399570014780674665e-01 7.921638524299046136e-01 3.660564552228326818e+01
-1.503966609333267090e-01 7.896614135430297665e-01 -5.948240885684855650e-01 1.556745430822309686e+02 -9.466816155424850887e-01 -2.884266174231615576e-01 -1.435409528869826812e-01 9.937901127388900591e+01 -2.849118515856717826e-01 5.415209491082101367e-01 7.909363428892159931e-01 3.659801257250718720e+01
-1.498243497752120845e-01 7.898918763199334059e-01 -5.946624991860590681e-01 1.557409944147807721e+02 -9.470546573144007496e-01 -2.873980842924008794e-01 -1.431426463502778190e-01 9.933467911225046976e+01 -2.839720765736264418e-01 5.417316354698448189e-01 7.911300113493543451e-01 3.663525847310351224e+01
-1.501906883008643501e-01 7.900853671865650796e-01 -5.943129392040726877e-01 1.557983431068188338e+02 -9.466619910511355762e-01 -2.882667909160900876e-01 -1.439907356535114202e-01 9.930216003551223025e+01 -2.850856570345353669e-01 5.409874026376311207e-01 7.912387745431697095e-01 3.670802543084387537e+01
-1.490445528479142911e-01 7.912674226034186464e-01 -5.930274759173546073e-01 1.558244027075394627e+02 -9.474161017553883735e-01 -2.860172757332568594e-01 -1.435160204184542931e-01 9.919030559069554442e+01 -2.831756546756610260e-01 5.404534983776767554e-01 7.922888139374059113e-01 3.678460621739709069e+01
-1.471893972134952211e-01 7.915959827225864665e-01 -5.930523429558228754e-01 1.558832733080254798e+02 -9.482636873452914283e-01 -2.834547501972903838e-01 -1.430013421367211657e-01 9.902062988764510010e+01 -2.813027916858270583e-01 5.413217201702280601e-01 7.923632592830800458e-01 3.680432391893351962e+01
-1.439993584018215422e-01 7.925313179799552410e-01 -5.925861074990022015e-01 1.559480022200595783e+02 -9.489573859913241760e-01 -2.804009531031526059e-01 -1.444132440995520850e-01 9.887249950564975620e+01 -2.806137280183864102e-01 5.415435490519657780e-01 7.924560051686303508e-01 3.686195254611440930e+01
-1.447345285322505504e-01 7.927950415919738925e-01 -5.920539994609679280e-01 1.560663405567169661e+02 -9.488589600406608371e-01 -2.808719815436135914e-01 -1.441443857190410904e-01 9.884568782802678300e+01 -2.805683342808001357e-01 5.409130725088316938e-01 7.929025525169866029e-01 3.696584551297370780e+01
-1.473207625000045873e-01 7.936128659493533188e-01 -5.903178905776709229e-01 1.561749782738239105e+02 -9.480908689540405998e-01 -2.833575547654765270e-01 -1.443336425207310536e-01 9.892405896742300797e+01 -2.818160697021898087e-01 5.384116595663430704e-01 7.941615627192157856e-01 3.715331165963335991e+01
-1.489879883108415903e-01 7.933455301116233427e-01 -5.902587984867281312e-01 1.563102112792712717e+02 -9.467552786147966914e-01 -2.867340959520940924e-01 -1.464172142664729170e-01 9.902192517963761986e+01 -2.854067654315634028e-01 5.370162270084980483e-01 7.938240045346637297e-01 3.732025639680949070e+01
-1.492552003635096991e-01 7.952878262820782806e-01 -5.875714071770136160e-01 1.562923041494526331e+02 -9.474318166078160575e-01 -2.851020131514030442e-01 -1.452232590745416163e-01 9.890714101346601694e+01 -2.830120810913605567e-01 5.350085190579161321e-01 7.960339480774627496e-01 3.739264985388230400e+01
-1.513417267067806993e-01 7.911790957613533681e-01 -5.925633469829686417e-01 1.565411894088757663e+02 -9.464567414989757399e-01 -2.889191430839241903e-01 -1.440325144916687339e-01 9.905450980885449042e+01 -2.851584090090135692e-01 5.390374450721386879e-01 7.925423109093603369e-01 3.733254528944811312e+01
-1.546542646283892708e-01 7.906379335560091981e-01 -5.924303473443406354e-01 1.566618031108297657e+02 -9.458661442537283914e-01 -2.916770672271129516e-01 -1.423436883334686653e-01 9.913640242957876580e+01 -2.853406658484512470e-01 5.383457499377831690e-01 7.929467560543319582e-01 3.740271547768699634e+01
-1.581596367032360728e-01 7.882251454796588286e-01 -5.947156037565106690e-01 1.568228418962301589e+02 -9.445022125493446330e-01 -2.963946991749886184e-01 -1.416536367000878482e-01 9.928636982120582388e+01 -2.879255108657322593e-01 5.393063158674655799e-01 7.913580718348480758e-01 3.744704319945616078e+01
-1.569672216175537205e-01 7.902119958268684075e-01 -5.923903214849000065e-01 1.568453667265839044e+02 -9.444719009914165353e-01 -2.954381997141615201e-01 -1.438370549869368575e-01 9.922403626803695431e+01 -2.886764964026786728e-01 5.369183101748090658e-01 7.927071392536475525e-01 3.760826761433175136e+01
-1.601904250112866634e-01 7.895182481141591602e-01 -5.924524990490401821e-01 1.569284841991102439e+02 -9.445056050140365755e-01 -2.969847515332373344e-01 -1.403895275788426267e-01 9.924602933659815562e+01 -2.867894520929468172e-01 5.370856479664030125e-01 7.932785241746662663e-01 3.763180839136552436e+01
-1.606039929273306299e-01 7.901221217619955883e-01 -5.915347751046596825e-01 1.570020274322818921e+02 -9.441963264273034451e-01 -2.976026119975243578e-01 -1.411594222623344941e-01 9.926980867962963373e+01 -2.875754763831280814e-01 5.358541947531747507e-01 7.938265725890282232e-01 3.773354368022696548e+01
-1.608097657828095883e-01 7.906739087332318450e-01 -5.907410509498988160e-01 1.570830408619252694e+02 -9.447224284953718021e-01 -2.965796293021658592e-01 -1.397857524241902516e-01 9.918345751562239343e+01 -2.857267091587432084e-01 5.356074061581886925e-01 7.946602759304205454e-01 3.778497085767980934e+01
-1.604257747845514448e-01 7.889728447941379841e-01 -5.931150149525987736e-01 1.572520051693559253e+02 -9.451945051147372379e-01 -2.959196121685527814e-01 -1.379816315127500026e-01 9.913707094809147691e+01 -2.843781255400692487e-01 5.384732428927722081e-01 7.932059306402456933e-01 3.777547795566204769e+01
-1.606820739776899654e-01 7.890026930487750167e-01 -5.930059202605055813e-01 1.573691852852607553e+02 -9.449988617622078202e-01 -2.963955880100581641e-01 -1.382996987570973002e-01 9.908805242066075891e+01 -2.848831731962421787e-01 5.381676372376482664e-01 7.932321046577017754e-01 3.784267819433534896e+01
-1.620250614369593833e-01 7.901245862922241514e-01 -5.911438214198735386e-01 1.574474901778136200e+02 -9.443062227031371325e-01 -2.980264394692226926e-01 -1.395206047199881172e-01 9.909051317935430347e+01 -2.864151483956164368e-01 5.356149545278208191e-01 7.944073157113280548e-01 3.801981134130198114e+01
-1.621870166471623964e-01 7.904440417372831096e-01 -5.906721497693296907e-01 1.575677513174994715e+02 -9.447140630024011276e-01 -2.972581364618664956e-01 -1.383941453700758550e-01 9.906884824772299680e+01 -2.849749301194552942e-01 5.355705529519398933e-01 7.949550125725133309e-01 3.812315774530922852e+01
-1.609003557182577815e-01 7.903645187671781702e-01 -5.911302758306881122e-01 1.577074074569517279e+02 -9.450116411278495221e-01 -2.961492046201674722e-01 -1.387394923433523941e-01 9.902323526811363763e+01 -2.847175331141146293e-01 5.363017584129009530e-01 7.945541833384577313e-01 3.816395468764098098e+01
-1.598365933924332793e-01 7.903663730757786166e-01 -5.914163167547384914e-01 1.578016793583282151e+02 -9.451626423254779752e-01 -2.953930244194618027e-01 -1.393217164574271638e-01 9.900127703525419065e+01 -2.848154542243493959e-01 5.367159001141688091e-01 7.942393843166020151e-01 3.823963523588331981e+01
-1.603081532760317618e-01 7.895639312219513428e-01 -5.923597677987310073e-01 1.579273579426198353e+02 -9.448301546619239932e-01 -2.964169958081408485e-01 -1.394020926586175824e-01 9.900045382573490826e+01 -2.856523671086124150e-01 5.373320789878590631e-01 7.935218724495448628e-01 3.828037665930069267e+01
-1.615151977737778743e-01 7.890711328512944878e-01 -5.926884410791832813e-01 1.580406155643139527e+02 -9.446194970932504376e-01 -2.974616166453214472e-01 -1.386022811285824996e-01 9.903688985598107308e+01 -2.856691208363132950e-01 5.374786822968208311e-01 7.934165485273677598e-01 3.834441734892622122e+01
-1.629357188741467066e-01 7.888105744564282151e-01 -5.926464621852430836e-01 1.580901688824854716e+02 -9.445259756036692433e-01 -2.983211637291161011e-01 -1.373869159754398661e-01 9.906409858350643560e+01 -2.851712343924290849e-01 5.373847419652195700e-01 7.936592506725241858e-01 3.837359501184747046e+01
-1.609572456714034594e-01 7.887678500780043178e-01 -5.932436630501825015e-01 1.582186607176702466e+02 -9.445874542223337000e-01 -2.973471744114311033e-01 -1.390654493226428645e-01 9.906463669184986998e+01 -2.860896824278116313e-01 5.379869297230750469e-01 7.929203976790437647e-01 3.845721556828245014e+01
-1.672246912425003895e-01 7.865610197744887788e-01 -5.944389496072466361e-01 1.583783623461187062e+02 -9.429741815901964141e-01 -3.036083182900042310e-01 -1.364612835914081057e-01 9.924036343195865584e+01 -2.878117361977264310e-01 5.377208859961010168e-01 7.924775411772995160e-01 3.850957574709420328e+01
-1.677507301928828909e-01 7.853092391934444194e-01 -5.959438659447450215e-01 1.585311186926836342e+02 -9.432236168697714085e-01 -3.036503096868985452e-01 -1.346317124831938883e-01 9.924459424977881383e+01 -2.866860671516169301e-01 5.395237606115825812e-01 7.916597821265611845e-01 3.849485473656012857e+01
-1.694961237220007355e-01 7.849966903216211156e-01 -5.958617794651018817e-01 1.586257331774895079e+02 -9.422518834290777301e-01 -3.062821916141198475e-01 -1.354717951250660191e-01 9.933490368397410464e+01 -2.888467625187660648e-01 5.384899398170341911e-01 7.915782541848118692e-01 3.860468128004151112e+01
-1.708021786261131325e-01 7.842224201523316784e-01 -5.965080146209215117e-01 1.587187926617893652e+02 -9.421800806869854439e-01 -3.071423854087944605e-01 -1.340158596661663037e-01 9.936800436495663291e+01 -2.883111363323298537e-01 5.391277685445405865e-01 7.913393316719098403e-01 3.862175459387734122e+01
-1.738586343454444627e-01 7.823709379183235724e-01 -5.980542540308027011e-01 1.589966055008521266e+02 -9.413346138148305231e-01 -3.104086724982557666e-01 -1.324220558364598566e-01 9.948353330464797750e+01 -2.892443951014797565e-01 5.399464524734590709e-01 7.904400725948208528e-01 3.872418481230958776e+01
-1.750491054028453508e-01 7.833557198677647548e-01 -5.964156493990747654e-01 1.590925752404067168e+02 -9.407462875035297323e-01 -3.117757721562468554e-01 -1.333877447320510889e-01 9.953239647091157849e+01 -2.904380024135793104e-01 5.377264025941376202e-01 7.915150552624865554e-01 3.894462371251098887e+01
-1.753908320844483892e-01 7.840438970264695939e-01 -5.954101305455525850e-01 1.592183599753172416e+02 -9.412091761600964723e-01 -3.109046189573676511e-01 -1.321499323609624521e-01 9.952487363217075256e+01 -2.887271077206947645e-01 5.372275918514621829e-01 7.924791302114656544e-01 3.907456316286533138e+01
-1.689639155018705097e-01 7.843952426214633178e-01 -5.968042380974627470e-01 1.593795317143311081e+02 -9.431960297911843316e-01 -3.044208916768149642e-01 -1.330758058282591472e-01 9.926111742002562721e+01 -2.860637073178357581e-01 5.404183787247700543e-01 7.912746244459420986e-01 3.905725698515185229e+01
-1.708217753218537194e-01 7.831548204467816410e-01 -5.979033770492181432e-01 1.595368017703796966e+02 -9.432557594636495901e-01 -3.053582490566333352e-01 -1.304795461814649837e-01 9.931061525555371361e+01 -2.847604138825199915e-01 5.416870562825334412e-01 7.908771331511736946e-01 3.905275122486135331e+01
-1.757730499628804566e-01 7.792512080068221270e-01 -6.015574700115158269e-01 1.598488817555239621e+02 -9.411774503959036142e-01 -3.121674544466355172e-01 -1.293695762170321284e-01 9.953873972080945975e+01 -2.885980626633059543e-01 5.434326409079754949e-01 7.882842907370219976e-01 3.911349269926355277e+01
-1.743878589290395187e-01 7.770613156328284310e-01 -6.047847438594359248e-01 1.600522338636139068e+02 -9.404150300844819066e-01 -3.135094767822981243e-01 -1.316486960014920660e-01 9.957616164908290557e+01 -2.919048575295534187e-01 5.457907288647068089e-01 7.854323869283614812e-01 3.911605855847408719e+01
-1.748488871643241183e-01 7.755467984488464417e-01 -6.065929690271243402e-01 1.602274898024498384e+02 -9.393660217572068483e-01 -3.159806277138905717e-01 -1.332205692735704550e-01 9.965372618986776843e+01 -2.949904131076737657e-01 5.465193558560208498e-01 7.837711718666897642e-01 3.913655935969428157e+01
-1.772783533869537465e-01 7.724126753026296921e-01 -6.098778930673292020e-01 1.604023994023494311e+02 -9.386833393587876717e-01 -3.189069257654748579e-01 -1.310418296157714879e-01 9.973186012452018190e+01 -2.957126541604964132e-01 5.492513374864445019e-01 7.815862040995263937e-01 3.908744696392889040e+01
-1.775479816591118976e-01 7.693960157046998427e-01 -6.136012428495474236e-01 1.606065694008249523e+02 -9.380276762918647870e-01 -3.208773329531653395e-01 -1.309267570336501429e-01 9.977375557651232896e+01 -2.976252555131377875e-01 5.523291665434635345e-01 7.786858795856916871e-01 3.903401981733237136e+01
-1.758988373846914754e-01 7.687816729038152719e-01 -6.148449710406079793e-01 1.607218932372701659e+02 -9.382913967464703298e-01 -3.198641372095927249e-01 -1.315149745037486884e-01 9.968414728858378737e+01 -2.977731582904551422e-01 5.537704155463482047e-01 7.776049595182328300e-01 3.904929463841732229e+01
-1.750972665315131405e-01 7.696770305430351566e-01 -6.139529427469569978e-01 1.607864734017977639e+02 -9.381034403789854093e-01 -3.196994982201479818e-01 -1.332447596976986670e-01 9.966996061542934626e+01 -2.988358787065302780e-01 5.526205746190071544e-01 7.780151785829466649e-01 3.915077839330518117e+01
-1.762297327129136448e-01 7.664164101731585355e-01 -6.176965011437447473e-01 1.610767971664710956e+02 -9.358225535000905815e-01 -3.250456699846222541e-01 -1.363138319643998064e-01 9.986528487757757944e+01 -3.052527308125277949e-01 5.540317668162515474e-01 7.745124735534975047e-01 3.918184934004178643e+01
-1.764264645126623066e-01 7.645831072047846177e-01 -6.199083599989914095e-01 1.612967816157215282e+02 -9.339580095947890293e-01 -3.288882029942246099e-01 -1.398391441799101409e-01 9.997687789180058360e+01 -3.107991939070987586e-01 5.542970522276899903e-01 7.721130998489735831e-01 3.920913291311889282e+01
-1.741028437227536418e-01 7.639761093560373251e-01 -6.213120827256324308e-01 1.614462076563239066e+02 -9.325613707878968039e-01 -3.305533529640600765e-01 -1.451336300049609340e-01 1.000425007937990642e+02 -3.162554181699497313e-01 5.541434698500291578e-01 7.700048865434038214e-01 3.920841786164579190e+01
-1.604483009811572547e-01 7.714567893489100436e-01 -6.157197129211731124e-01 1.615102623883495596e+02 -9.297674470433791027e-01 -3.275325300041027621e-01 -1.680920468301499160e-01 9.992466117483628807e+01 -3.313439861091456162e-01 5.455060622546586968e-01 7.698274474924357014e-01 3.930303200549472820e+01
-1.477630823073987631e-01 7.789296005216412855e-01 -6.094544683060529877e-01 1.615320577207115491e+02 -9.254228122473715512e-01 -3.263005108100882623e-01 -1.926670579451562060e-01 9.998946431346335828e+01 -3.489393788026560195e-01 5.355339896554396351e-01 7.690543906932358897e-01 3.950863386513545805e+01
-1.462713041362408983e-01 7.789785601568880447e-01 -6.097516776542604156e-01 1.616531870275543952e+02 -9.268392192993554213e-01 -3.233734955991232063e-01 -1.907842863355505847e-01 9.982723592772296684e+01 -3.457944001207145512e-01 5.372355025125440386e-01 7.692881434711245081e-01 3.955482719517636525e+01
-1.489651068538255796e-01 7.788306124913152440e-01 -6.092883340311310292e-01 1.617837817720275666e+02 -9.253299147353702958e-01 -3.270563853711965230e-01 -1.918297935247796904e-01 9.990417720754969366e+01 -3.486745557620466451e-01 5.352167764881161638e-01 7.693952536439312428e-01 3.969506584106132863e+01
-1.492551303566818088e-01 7.768873284022148606e-01 -6.116935384898870565e-01 1.619053219045325420e+02 -9.244279353367483854e-01 -3.291900306074786453e-01 -1.925277022084972700e-01 9.996591692016967556e+01 -3.509357468700594618e-01 5.367308475546345159e-01 7.673096499145812821e-01 3.971751868048100675e+01
-1.483384955087319046e-01 7.764155350154964275e-01 -6.125149857242733198e-01 1.620634721546227865e+02 -9.235274389423757668e-01 -3.302692233328192728e-01 -1.949854087865887931e-01 9.993145574001317755e+01 -3.536845490981230800e-01 5.367505538942063392e-01 7.660326903099632379e-01 3.983701316781388613e+01
-1.505985968191458912e-01 7.756388970175338571e-01 -6.129472767453396642e-01 1.622043151415650755e+02 -9.232214802866927084e-01 -3.320670033776642605e-01 -1.933742578654824018e-01 9.989425078703385452e+01 -3.535281614996917954e-01 5.367642002790442568e-01 7.660953154310800040e-01 3.990379928299379486e+01
-1.489668130522767697e-01 7.753928847268160007e-01 -6.136568771912156439e-01 1.623017890739767211e+02 -9.235412406708839450e-01 -3.308754243288722918e-01 -1.938892218646341981e-01 9.981979381653154348e+01 -3.533843026920304164e-01 5.378543742410352158e-01 7.653967642475710820e-01 3.992568584003078058e+01
-1.497064775604552977e-01 7.750042967329107135e-01 -6.139676788088826997e-01 1.623894394406400750e+02 -9.237482298093260269e-01 -3.310372402829813154e-01 -1.926228269701294182e-01 9.977137734728671603e+01 -3.525296845665305545e-01 5.383146715364111046e-01 7.654672663857471360e-01 3.997605220473656118e+01
-1.486261878027759220e-01 7.749873002574048098e-01 -6.142515288861341016e-01 1.625062447447635066e+02 -9.234098918003179612e-01 -3.310396596452500617e-01 -1.942341768775054378e-01 9.972778438407499380e+01 -3.538706374150575318e-01 5.383376525766112586e-01 7.648321017019126256e-01 4.004291122685462767e+01
-1.510164676934782069e-01 7.742899577465890415e-01 -6.145478726821619331e-01 1.627358793243465698e+02 -9.231587614792785557e-01 -3.327860418754096106e-01 -1.924353175405784100e-01 9.965026328377751952e+01 -3.535136879802954768e-01 5.382643511005389403e-01 7.650487309609017572e-01 4.017594675216484035e+01
-1.546434927063053966e-01 7.746384776026681296e-01 -6.132052015280167190e-01 1.627620112401753261e+02 -9.221461998285699346e-01 -3.359346724481397928e-01 -1.918183567568241266e-01 9.975975612151152916e+01 -3.545867683731614428e-01 5.358013856501135930e-01 7.662800394308181273e-01 4.033233544710451213e+01
-1.574929343283448802e-01 7.748263636696992585e-01 -6.122418491078819303e-01 1.629166202609385437e+02 -9.216390334801083384e-01 -3.379829527690996205e-01 -1.906541780379653883e-01 9.973623338235175595e+01 -3.546511914578877045e-01 5.342393001267048414e-01 7.673401479120125490e-01 4.046760700891658047e+01
-1.586467387214332003e-01 7.739424982460414437e-01 -6.130613523145380661e-01 1.630246634781881312e+02 -9.205482626333207907e-01 -3.404362746329199219e-01 -1.915568820920682536e-01 9.975756555897793021e+01 -3.569623347859387508e-01 5.339626881372294687e-01 7.664605268514715908e-01 4.054155058700514758e+01
-1.591249423520288975e-01 7.743619650754752781e-01 -6.124073805612663124e-01 1.631130520569998907e+02 -9.209627163562464913e-01 -3.399079361229571106e-01 -1.905000526046000953e-01 9.970499827211585853e+01 -3.556781238749260332e-01 5.336910548295519252e-01 7.672463295394333915e-01 4.063746874310720614e+01
-1.600315129231231204e-01 7.749422890524262364e-01 -6.114363118998756841e-01 1.631943143453814002e+02 -9.204195977526570260e-01 -3.409626723623842004e-01 -1.912386470573830266e-01 9.966625081644680506e+01 -3.566758737907194110e-01 5.321737542322875214e-01 7.678368422796210124e-01 4.076840116852894624e+01
-1.617912962696890222e-01 7.749485929966553055e-01 -6.109650191818498666e-01 1.632915793505558497e+02 -9.205912949043444371e-01 -3.415229146109988179e-01 -1.894037131155326958e-01 9.959030531934799058e+01 -3.554366950635742817e-01 5.318052058866225007e-01 7.686663637718063047e-01 4.084500409394222942e+01
-1.618964584258093531e-01 7.742255689921199169e-01 -6.118531728021099347e-01 1.634273522842904072e+02 -9.202967439527441895e-01 -3.422362305194601717e-01 -1.895475285774218532e-01 9.953819780438713849e+01 -3.561508666550703417e-01 5.323994091268879902e-01 7.679241038945078257e-01 4.088260802563575425e+01
-1.616275833322675659e-01 7.747782601735447860e-01 -6.112243220525721554e-01 1.634945302621553083e+02 -9.194821264163252073e-01 -3.431514874809815652e-01 -1.918324160315540705e-01 9.951510797490639959e+01 -3.583701208347094824e-01 5.310044295503054679e-01 7.678575078039352464e-01 4.100314364263695666e+01
-1.618714306666206859e-01 7.746854677699214209e-01 -6.112774050789374636e-01 1.635792166186273278e+02 -9.188520491980723959e-01 -3.442252640870593350e-01 -1.929245428883979707e-01 9.950936569556519373e+01 -3.598729659455462970e-01 5.304445245172131340e-01 7.675415655137272086e-01 4.107901401548175357e+01
-1.625090153449662012e-01 7.737827259953055092e-01 -6.122508578049391526e-01 1.637431919604626671e+02 -9.190218095942851440e-01 -3.445540791650325563e-01 -1.915238889036620928e-01 9.941715693479406468e+01 -3.591514073780797123e-01 5.315475326647756127e-01 7.671163452152052198e-01 4.109009636539720844e+01
-1.643098570868131159e-01 7.744437708428837386e-01 -6.109329886876024851e-01 1.638244480853636276e+02 -9.185212221082859063e-01 -3.459187352887085343e-01 -1.914653835892052569e-01 9.937939959991550154e+01 -3.596123404456695871e-01 5.296952655809900046e-01 7.681808968076935251e-01 4.122661292893769769e+01
-1.654634158068284400e-01 7.737473149649081172e-01 -6.115038434990672789e-01 1.639365643272786599e+02 -9.173894724747788665e-01 -3.483299116352047697e-01 -1.925170861317433979e-01 9.938668837843576398e+01 -3.619646582499226328e-01 5.291326537313734146e-01 7.674634981112854470e-01 4.132374931127349527e+01
-1.654302938711551541e-01 7.732180087348343722e-01 -6.121819409602351492e-01 1.640700107729082617e+02 -9.180581806396062028e-01 -3.474994621501266145e-01 -1.908226945781574257e-01 9.929408082128848889e+01 -3.602804391448406474e-01 5.304507844970260955e-01 7.673460564804450712e-01 4.136398539528012464e+01
-1.669777404416605826e-01 7.735551986740868413e-01 -6.113352507432326943e-01 1.641745024065189114e+02 -9.173489035384877477e-01 -3.491446348212645656e-01 -1.912302621246436407e-01 9.927894984792659727e+01 -3.613715862844386617e-01 5.288765248900915150e-01 7.679193955399543636e-01 4.149196266859062376e+01
-1.679390335702382053e-01 7.732718072041326884e-01 -6.114304483641204158e-01 1.643047084507885813e+02 -9.171969398727755074e-01 -3.498948394376364401e-01 -1.905869219619409916e-01 9.921388163686980022e+01 -3.613118521326290633e-01 5.287951526991956364e-01 7.680035364438914103e-01 4.155834331586317631e+01
-1.677186727053767701e-01 7.743105621359551716e-01 -6.101750570046661215e-01 1.643597791688536915e+02 -9.173358643187987660e-01 -3.492664407841958862e-01 -1.910703152675003735e-01 9.910688000333956893e+01 -3.610614336375860267e-01 5.276894036330846971e-01 7.688813526370179563e-01 4.165293948754828079e+01
-1.708051622575497142e-01 7.740167843656877711e-01 -6.096914088835208023e-01 1.644784234694301688e+02 -9.158430116618228034e-01 -3.529365691329242605e-01 -1.914872219206355253e-01 9.916583475896638333e+01 -3.633967178392978892e-01 5.256746100858220583e-01 7.691612508276431948e-01 4.177949032327672541e+01
-1.712107328111185378e-01 7.731463279204722205e-01 -6.106812921593144372e-01 1.646130686709860242e+02 -9.156183172747824894e-01 -3.537185410773873162e-01 -1.911185254468578953e-01 9.913800504531862146e+01 -3.637718818726596304e-01 5.264294343225641715e-01 7.684673504044585712e-01 4.180862824874820660e+01
-1.729542213022485786e-01 7.731577098308983764e-01 -6.101753789385260252e-01 1.647621740282856706e+02 -9.149497821849672530e-01 -3.554682358030838429e-01 -1.910738847009839092e-01 9.907465563606740488e+01 -3.646282125856614709e-01 5.252327951147799379e-01 7.688802101254144095e-01 4.193697319883493435e+01
-1.747860857921574862e-01 7.736488433996682179e-01 -6.090297951002165977e-01 1.648410994073637710e+02 -9.144537416291338427e-01 -3.568523178719393840e-01 -1.908684825996719847e-01 9.906590785094252283e+01 -3.649988748392706817e-01 5.235684199183325838e-01 7.698388994005738173e-01 4.205969243497837340e+01
-1.788587280439088989e-01 7.740904876751434349e-01 -6.072836835395576394e-01 1.649830621661645864e+02 -9.119718722789645904e-01 -3.620635660845863413e-01 -1.929178018901111236e-01 9.912922725983726480e+01 -3.692111314336485317e-01 5.193206052189445199e-01 7.707069802593683461e-01 4.230812517967297737e+01
-1.784116829722013353e-01 7.731147290127655669e-01 -6.086566250050556848e-01 1.650931811898821024e+02 -9.121655426122170507e-01 -3.619001981851692751e-01 -1.923077466575250083e-01 9.907499122011816439e+01 -3.689489046602339450e-01 5.208856518824964699e-01 7.697758397176156508e-01 4.230483279961764254e+01
-1.772879845056924975e-01 7.737582557266232675e-01 -6.081670266010836823e-01 1.651634353669218456e+02 -9.127665663039864485e-01 -3.603447934336199143e-01 -1.923767794795212815e-01 9.894545957822417392e+01 -3.680029429060859281e-01 5.210084371103559375e-01 7.701454683839180637e-01 4.234170119499592744e+01
-1.789526534319345608e-01 7.736537356542630972e-01 -6.078123436866627038e-01 1.652856118615134449e+02 -9.122588014980616000e-01 -3.618395241723975087e-01 -1.919792640782168047e-01 9.890633304227173994e+01 -3.684560040479603615e-01 5.201269614766157456e-01 7.705245726296550135e-01 4.243207821096717680e+01
-1.793470351700641174e-01 7.747359521805300409e-01 -6.063157967384943392e-01 1.653136775204443722e+02 -9.119019419594555087e-01 -3.621747954251388624e-01 -1.930395446775936275e-01 9.883023782688320580e+01 -3.691469751010856837e-01 5.182794824780219134e-01 7.714381950720564651e-01 4.253106432079123778e+01
-1.800115505340247335e-01 7.733681492660952062e-01 -6.078630992049698367e-01 1.654917051569128148e+02 -9.109671397102628854e-01 -3.642165714623677442e-01 -1.936108453581576461e-01 9.881739692498361194e+01 -3.711262750634057306e-01 5.188911203450419229e-01 7.700761606390815750e-01 4.258803892990507478e+01
-1.802744433544767322e-01 7.743978710368367713e-01 -6.064726394544509569e-01 1.655984042095867323e+02 -9.113059406745732671e-01 -3.635317993582358742e-01 -1.933031643470812799e-01 9.872516250211950251e+01 -3.701656488174785431e-01 5.178344988401007987e-01 7.712488730925685099e-01 4.270783168053191758e+01
-1.825899010414984147e-01 7.743301726946782981e-01 -6.058660839593894565e-01 1.657130790149560085e+02 -9.109460570898630927e-01 -3.650854545496338144e-01 -1.920674151143799135e-01 9.868916157299156566e+01 -3.699164893730584325e-01 5.168417499882507204e-01 7.720339347198377222e-01 4.280539705461418976e+01
-1.831866176955518899e-01 7.749857466121466976e-01 -6.048468861168730948e-01 1.657398131686863110e+02 -9.103241467640986739e-01 -3.660073944785557920e-01 -1.932576906755193724e-01 9.866713433305176295e+01 -3.711503885428111271e-01 5.152045028287628448e-01 7.725358951851284406e-01 4.290054656569780889e+01
-1.839815564824285321e-01 7.745727216970432760e-01 -6.051346012889514681e-01 1.659087013263432482e+02 -9.096343543670963872e-01 -3.674471949861435327e-01 -1.937728057596613263e-01 9.861086434807423018e+01 -3.724461413808167753e-01 5.148005999410358857e-01 7.721814644699070973e-01 4.299772874434101766e+01
-1.864100645113784260e-01 7.758675198117980232e-01 -6.027278652509384660e-01 1.659918744396103421e+02 -9.089984045516968925e-01 -3.689811900825679114e-01 -1.938421571478252392e-01 9.855774399707701150e+01 -3.727910787174685825e-01 5.117445388730023081e-01 7.740441450991826233e-01 4.316387237996979565e+01
-1.851546390314975365e-01 7.747731016095233958e-01 -6.045199754081542753e-01 1.661619283329146697e+02 -9.090795734660146454e-01 -3.686668370727899102e-01 -1.940595072383581032e-01 9.849906524756542581e+01 -3.732185536009233195e-01 5.136257433823819829e-01 7.725907758852226248e-01 4.318860510511973416e+01
-1.827425195705445482e-01 7.767046967239896738e-01 -6.027727479140907452e-01 1.661917209543583738e+02 -9.098162492297749981e-01 -3.659579135986459342e-01 -1.957273565753894495e-01 9.832497603684085163e+01 -3.726118143302393215e-01 5.126447303556537216e-01 7.735346251203667478e-01 4.328636392494901486e+01
-1.815806950392466756e-01 7.765173905186879555e-01 -6.033648924250665235e-01 1.663356134927581138e+02 -9.107581168033762609e-01 -3.641984201925960729e-01 -1.946257007848279930e-01 9.816872085001827486e+01 -3.708747819221903108e-01 5.141792031493157555e-01 7.733509185246387752e-01 4.331078037455932161e+01
-1.794919193499739940e-01 7.759534507889407351e-01 -6.047138935867093501e-01 1.663648267344004523e+02 -9.109363984830531891e-01 -3.631970257835317462e-01 -1.956599048878472358e-01 9.810102222697331342e+01 -3.714532659794325675e-01 5.157365244683881356e-01 7.720351731122622185e-01 4.326853667550972915e+01
-1.833083679622704576e-01 7.757428315827223919e-01 -6.038386386138511197e-01 1.664392904213908366e+02 -9.098190532711951661e-01 -3.665174915241524722e-01 -1.946643745310096818e-01 9.815572926483405070e+01 -3.723269162170728119e-01 5.137002897165457993e-01 7.729713318134261435e-01 4.337436982630636351e+01
-1.826438883073564501e-01 7.761958649560740664e-01 -6.034576946970369171e-01 1.665458742284652658e+02 -9.097621297379729910e-01 -3.661534400116439603e-01 -1.956132042124650583e-01 9.807879517107515710e+01 -3.727922710553397412e-01 5.132754013127180936e-01 7.730292911970867431e-01 4.346711278742626661e+01
-1.838670483656295040e-01 7.768896843569760291e-01 -6.021921012974431608e-01 1.666304576374377575e+02 -9.093003534155438272e-01 -3.671080348906443636e-01 -1.959708090433297245e-01 9.803398364881569194e+01 -3.733172589148255893e-01 5.115409163091925171e-01 7.739251353573373127e-01 4.359189899239562749e+01
-1.839398574194857083e-01 7.770327307963531549e-01 -6.019852690254648975e-01 1.667680803894747896e+02 -9.090065492314960416e-01 -3.674959067035756810e-01 -1.966058290345548687e-01 9.798337261996155689e+01 -3.739962864879102789e-01 5.110449039245759106e-01 7.739249859424193190e-01 4.369427626930873743e+01
-1.895794680942406440e-01 7.770639014748852436e-01 -6.001927342960216016e-01 1.670711886952626344e+02 -9.072611231453739933e-01 -3.723579036135173936e-01 -1.955168689539125981e-01 9.780702346289275795e+01 -3.754156093000126093e-01 5.074655502013674102e-01 7.755912813155674268e-01 4.393587736408855449e+01
-1.893690012067190676e-01 7.769388455742026744e-01 -6.004210286289070053e-01 1.671974474087777196e+02 -9.066133868546476515e-01 -3.731793062157409135e-01 -1.969501769186384477e-01 9.768022072451930171e+01 -3.770829459918790261e-01 5.070534840134355292e-01 7.750517506540594015e-01 4.401559281162143833e+01
-1.900490651908754991e-01 7.772028245810214120e-01 -5.998642532134719207e-01 1.672876625830607793e+02 -9.063669212586893398e-01 -3.737235371691423058e-01 -1.970525864175086683e-01 9.765260011708475929e+01 -3.773332172869482970e-01 5.062474565161456663e-01 7.754567401878804667e-01 4.411467376270915963e+01
-1.904687419482853361e-01 7.763033192834625229e-01 -6.008950114704865175e-01 1.674075297118282322e+02 -9.063289761919737231e-01 -3.742537306402027308e-01 -1.962190918761465841e-01 9.759440265448668583e+01 -3.772127320961561892e-01 5.072349569690255411e-01 7.748698298251031069e-01 4.413240597943202914e+01
-1.923816911542535202e-01 7.751600593890241031e-01 -6.017608887561852749e-01 1.675772582299805151e+02 -9.056271537108867564e-01 -3.764057766259576443e-01 -1.953411113517259656e-01 9.759002664688397033e+01 -3.779269021519203187e-01 5.073909475450012474e-01 7.744195781223758290e-01 4.419431312042489424e+01
-1.933154107429166935e-01 7.740864150578280478e-01 -6.028427439989780812e-01 1.676862192820556743e+02 -9.046224633845038055e-01 -3.785062378362431534e-01 -1.959367925102518393e-01 9.759100163252794857e+01 -3.798517483301209752e-01 5.074674865860603346e-01 7.734270484981612404e-01 4.423051201969830970e+01
-1.923373516899318236e-01 7.760445142934042639e-01 -6.006340441400380703e-01 1.677369077105995814e+02 -9.056755853576625714e-01 -3.760337282214829546e-01 -1.958325032442435054e-01 9.744724817053588595e+01 -3.778333987777660052e-01 5.063136844634613665e-01 7.751699011784939364e-01 4.434005349442688271e+01
-1.915953767872842217e-01 7.766822265885247045e-01 -6.000466069358533217e-01 1.678341130546209570e+02 -9.060910769373218265e-01 -3.749437869142626667e-01 -1.960002983389477205e-01 9.733481077704047379e+01 -3.772136952554918654e-01 5.061441252804222968e-01 7.755823312555625293e-01 4.440446932297783178e+01
-1.900850564340552662e-01 7.773866831639556496e-01 -5.996145563274842827e-01 1.679433007059132876e+02 -9.066301962848045681e-01 -3.733255281625325050e-01 -1.965953641537440122e-01 9.715202190422265005e+01 -3.766820389997896923e-01 5.062588220085749713e-01 7.757658452351785527e-01 4.446161427504455332e+01
-1.882808988344613077e-01 7.787442986263047873e-01 -5.984209392151248474e-01 1.680065706237888890e+02 -9.070529421274476922e-01 -3.715121327868595724e-01 -1.980749741135919839e-01 9.693749762394055836e+01 -3.765703962236393032e-01 5.055057393830297841e-01 7.763109455229828537e-01 4.453151830196502914e+01
-1.882081862320865717e-01 7.786946967520145257e-01 -5.985083523941137074e-01 1.681042179331739419e+02 -9.071043464079866503e-01 -3.714272163908116653e-01 -1.979988071982068110e-01 9.687938611399317779e+01 -3.764829124448649256e-01 5.056445314392922219e-01 7.762629866627487329e-01 4.458810305190716861e+01
-1.880273208287424058e-01 7.789075389145725392e-01 -5.982882018258498524e-01 1.681851074989563415e+02 -9.068139963720607266e-01 -3.716655632243841545e-01 -1.988795743580362707e-01 9.679140100975995153e+01 -3.772719213057042498e-01 5.051413217458506910e-01 7.762075382648363497e-01 4.464617386282830580e+01
-1.935749991090904842e-01 7.782478513593478198e-01 -5.973767668519375240e-01 1.682946311310693090e+02 -9.049947867542249558e-01 -3.767595364750857545e-01 -1.975770422461919085e-01 9.685734503532280826e+01 -3.788313023861553108e-01 5.023768839523142793e-01 7.772414752203926636e-01 4.477358066039718665e+01
-1.939826873870644786e-01 7.777771918962586017e-01 -5.978573046806925362e-01 1.683890721748394981e+02 -9.053331613841451020e-01 -3.766434432678265054e-01 -1.962436840806463245e-01 9.678011782473048186e+01 -3.778128953493799513e-01 5.031921664824736684e-01 7.772097913037334660e-01 4.479920434066027468e+01
-1.959367406535976741e-01 7.769036587647309977e-01 -5.983556623447456868e-01 1.684230316444146354e+02 -9.054543038408527922e-01 -3.776171222968405239e-01 -1.937983813253597865e-01 9.683768137946539412e+01 -3.765120148389973775e-01 5.038114865167599987e-01 7.774398296560649513e-01 4.476286792235611500e+01
-1.934948071939945891e-01 7.773634835026864698e-01 -5.985530670755326854e-01 1.684933231309076120e+02 -9.055006677545752725e-01 -3.763424796771606129e-01 -1.960481539991233424e-01 9.669608751380228284e+01 -3.776616214086055967e-01 5.040559021646450200e-01 7.767234689437476636e-01 4.480603203076774577e+01
-1.943141439396662840e-01 7.780623393618917305e-01 -5.973784474951329138e-01 1.686242385656994145e+02 -9.046571259318922920e-01 -3.775921264263935040e-01 -1.975339731829509338e-01 9.662786893913497011e+01 -3.792591435491609597e-01 5.020390245065565749e-01 7.772511305278764215e-01 4.495952981708710183e+01
-2.006359474418177857e-01 7.770636780359360118e-01 -5.965880126782533432e-01 1.691173519894798574e+02 -9.007167083495019044e-01 -3.858234240279070359e-01 -1.996238882784837354e-01 9.648104562200883549e+01 -3.852981026350413840e-01 4.973050630635540426e-01 7.773242864835703259e-01 4.535487373218193596e+01
-2.034972353139821166e-01 7.775443473045570153e-01 -5.949904731962494253e-01 1.692288441972621342e+02 -9.000838384824069172e-01 -3.877099112796222879e-01 -1.988218006113124381e-01 9.647938714376635971e+01 -3.852764707613778317e-01 4.950816222303939251e-01 7.787529957614152121e-01 4.548571924753996143e+01
-2.056467142157156758e-01 7.774303177942303300e-01 -5.944001429227979694e-01 1.693491642774299351e+02 -8.995235947600892512e-01 -3.893873407000369991e-01 -1.980777659719552553e-01 9.648100225326832913e+01 -3.854435515119783440e-01 4.939429115565038275e-01 7.793931413099020045e-01 4.558711536404236853e+01
-2.067468551655164966e-01 7.761675642111465212e-01 -5.956673989280465431e-01 1.694378833229536383e+02 -8.995249432551077895e-01 -3.902722949524177753e-01 -1.963222153870218811e-01 9.646241705718890103e+01 -3.848514185254670039e-01 4.952286825892747713e-01 7.788696537931281139e-01 4.556072064566588153e+01
-2.101413709793464868e-01 7.744935397009632405e-01 -5.966576582634243175e-01 1.695412473828312159e+02 -8.981073398802429386e-01 -3.940731175049245749e-01 -1.952167618653267434e-01 9.650382550223045541e+01 -3.863208643810924769e-01 4.948395043056106335e-01 7.783893978738554154e-01 4.559389450558046519e+01
-2.134243403387758864e-01 7.726091699635986298e-01 -5.979340443887757317e-01 1.696907706810406751e+02 -8.975386256095538862e-01 -3.967800808430148596e-01 -1.923278008638499847e-01 9.656614601674192500e+01 -3.858425410577123738e-01 4.956214663776889462e-01 7.781290995559522194e-01 4.559585165043340993e+01
-2.147163454078078182e-01 7.708846305630198126e-01 -5.996947368256885236e-01 1.698386608115506533e+02 -8.965169871749453234e-01 -3.991762405064986918e-01 -1.921343819358144189e-01 9.660311609949788192e+01 -3.874973325346567909e-01 4.963821263671919226e-01 7.768208299870124067e-01 4.563081834691108440e+01
-2.155551814307978820e-01 7.706262074461562861e-01 -5.997259475422833663e-01 1.699370188036479306e+02 -8.953697413749261980e-01 -4.010673315039632314e-01 -1.935407497931331267e-01 9.660986602802198320e+01 -3.896780594138369858e-01 4.952577551108554021e-01 7.764475294661077331e-01 4.572862497353449385e+01
-2.165991146880941187e-01 7.723889925436413506e-01 -5.970762662455718628e-01 1.699973907500699397e+02 -8.947670828769671569e-01 -4.016865451167228596e-01 -1.950379113711847856e-01 9.648221591209551207e+01 -3.904826384311815279e-01 4.919991500700080511e-01 7.781131957589544346e-01 4.589166144721000506e+01
-2.175794123585843565e-01 7.750260956885653973e-01 -5.932906120270504680e-01 1.700300438932476652e+02 -8.940451762491307131e-01 -4.021259955324825164e-01 -1.974282313719877280e-01 9.634937965503907265e+01 -3.915896093403837264e-01 4.874722912317672741e-01 7.804026801196268792e-01 4.609162651100816532e+01
-2.176550028424861782e-01 7.761059415367197456e-01 -5.918495309189989451e-01 1.700943518725662500e+02 -8.937134611296746467e-01 -4.022081830142514303e-01 -1.987582121875519914e-01 9.624798142144899771e+01 -3.923041538567427766e-01 4.856831735069438993e-01 7.811589504313247723e-01 4.619591970870872899e+01
-2.163526967596911543e-01 7.758264780030054153e-01 -5.926928265419293407e-01 1.701894974742575926e+02 -8.944158697096652455e-01 -4.008880421217828616e-01 -1.982650491016183514e-01 9.611697400716332140e+01 -3.914227415676209132e-01 4.872186918758517615e-01 7.806447230786046632e-01 4.618331535686770906e+01
-2.164261106596470086e-01 7.751493843513183046e-01 -5.935513209188488792e-01 1.702669760246985504e+02 -8.945036730068008923e-01 -4.010350791684136329e-01 -1.975703526689321643e-01 9.606942442413340189e+01 -3.911814382126027612e-01 4.881744536701568826e-01 7.801684338537181462e-01 4.618281426985998195e+01
-2.170948962689809303e-01 7.741292133167687606e-01 -5.946375089947836257e-01 1.703261391903694744e+02 -8.945546483750721478e-01 -4.015865562215295004e-01 -1.962147265948294972e-01 9.608089334195823028e+01 -3.906939813773840364e-01 4.893385320529064497e-01 7.796832779813832603e-01 4.616490496724065196e+01
-2.213802433757350308e-01 7.717668388032377091e-01 -5.961264415931885052e-01 1.704422075518914141e+02 -8.939554112038803346e-01 -4.048641902331824305e-01 -1.921684423783734108e-01 9.614427128955854585e+01 -3.896594803443143018e-01 4.903681616810846577e-01 7.795540747038094409e-01 4.610754874419455973e+01
-2.217048629400442117e-01 7.709304504349010490e-01 -5.970872585652593489e-01 1.705096020750424373e+02 -8.941928462206103490e-01 -4.049646307365137865e-01 -1.908475874102763259e-01 9.612415297348890419e+01 -3.889294377089760890e-01 4.915993169692973730e-01 7.791431216655255731e-01 4.608389334343635824e+01
-2.219290615537450329e-01 7.705609452345939525e-01 -5.974808125095255606e-01 1.706216813361149889e+02 -8.936368742271222354e-01 -4.058750411315443785e-01 -1.915165476089342456e-01 9.609172888098800058e+01 -3.900777213062188720e-01 4.914277980188299644e-01 7.786771414873508990e-01 4.614497959722774567e+01
-2.204965392780522393e-01 7.726026525792618616e-01 -5.953708234318262349e-01 1.706752465051964123e+02 -8.936069773941933692e-01 -4.046708271921979350e-01 -1.941857141295307010e-01 9.592475150673887185e+01 -3.909576014337308170e-01 4.892102440128075491e-01 7.796316380407566360e-01 4.629971793973297167e+01
-2.218408780071761122e-01 7.717576302371245145e-01 -5.959671006152802430e-01 1.708178327230520210e+02 -8.915055419899013955e-01 -4.081082563266018592e-01 -1.966354996417320200e-01 9.593259838913964188e+01 -3.949740414841183545e-01 4.876861811542738678e-01 7.785612983348599858e-01 4.640700347315213747e+01
-2.218379687518707843e-01 7.724500906739482087e-01 -5.950703933467482720e-01 1.709648827908567625e+02 -8.919127514257743083e-01 -4.073754863740690624e-01 -1.963080664302819800e-01 9.580551672660456575e+01 -3.940552746305388543e-01 4.872022891154148549e-01 7.793294361286184913e-01 4.652139123566177403e+01
-2.222894330346654179e-01 7.729419348250244903e-01 -5.942627140836577171e-01 1.710050489730611218e+02 -8.916602324749104413e-01 -4.077088804090769347e-01 -1.967625438399452364e-01 9.576287148897527857e+01 -3.943722071646481586e-01 4.861421954783655131e-01 7.798309611650198203e-01 4.659750729328709440e+01
-2.215392348033182746e-01 7.722776807908950936e-01 -5.954053671197435671e-01 1.710736338675519903e+02 -8.923046495084792085e-01 -4.068250968494466768e-01 -1.956674552371654441e-01 9.574195591396575367e+01 -3.933354546799845419e-01 4.879349591140960118e-01 7.792346859361531930e-01 4.658197115325014437e+01
-2.223404727068964970e-01 7.709907452499600300e-01 -5.967729760431395025e-01 1.711865842964949138e+02 -8.925245099306380325e-01 -4.072973930584629088e-01 -1.936719721096858693e-01 9.572533247147184454e+01 -3.923833755009873414e-01 4.895733901538069643e-01 7.786868319701827357e-01 4.652013889689678194e+01
-2.235729738708447378e-01 7.692096927728160338e-01 -5.986080302659633201e-01 1.713198941898407952e+02 -8.932165464460066762e-01 -4.074971650763892228e-01 -1.900270023174987777e-01 9.568792962392382151e+01 -3.901016873965239551e-01 4.922016954451252646e-01 7.781761783113955167e-01 4.644865433995897064e+01
-2.234054572086452417e-01 7.677920107537731242e-01 -6.004876600830981737e-01 1.714209033732035437e+02 -8.934725133475535097e-01 -4.075541090893786134e-01 -1.886968893669664360e-01 9.564670436410725074e+01 -3.896111774343779532e-01 4.943633040457607319e-01 7.770508696547198113e-01 4.638989680072796773e+01
-2.219503191481706494e-01 7.674043798683084505e-01 -6.015218812220906042e-01 1.715817368550213189e+02 -8.940636329046020014e-01 -4.063432466227168138e-01 -1.885083187595065490e-01 9.550286584334865836e+01 -3.890864635880448286e-01 4.959593568862751267e-01 7.762963610435782424e-01 4.642348008188933051e+01
-2.224703367739326865e-01 7.692046584324602199e-01 -5.990251603242513490e-01 1.716477757174499743e+02 -8.936553333277789113e-01 -4.065022493173453544e-01 -1.900948881868081974e-01 9.540899039296850503e+01 -3.897269486069821487e-01 4.930315555273727668e-01 7.778385377337315720e-01 4.661040267795165448e+01
-2.218531306885203058e-01 7.695590816793173028e-01 -5.987988044481955541e-01 1.717455889316341882e+02 -8.941892071051670277e-01 -4.054655025655897749e-01 -1.897982827263368921e-01 9.529893357210521287e+01 -3.888532503404530938e-01 4.933320849429112531e-01 7.780852161977793724e-01 4.665973315731238813e+01
-2.216885762573306273e-01 7.720888135722517864e-01 -5.955946936580196471e-01 1.717064525265143971e+02 -8.933719528853497627e-01 -4.056175392229230958e-01 -1.932898488606080434e-01 9.525859312875932972e+01 -3.908205840981433532e-01 4.892374432025138331e-01 7.796832659573071922e-01 4.684360094715259493e+01
-2.227846510223085996e-01 7.708661035573041165e-01 -5.967683383485153925e-01 1.718001647217193124e+02 -8.937635672124217834e-01 -4.059628467045943712e-01 -1.907376549589228087e-01 9.525125920497451659e+01 -3.892989663389759825e-01 4.908763769849615599e-01 7.794143296896219875e-01 4.681423373036544433e+01
-2.235474976250615420e-01 7.691806100878814112e-01 -5.986549134270997552e-01 1.719273761548139134e+02 -8.933860977871385112e-01 -4.072821083744861959e-01 -1.896907074126288895e-01 9.525744366243075945e+01 -3.897278493849820613e-01 4.924250940629128492e-01 7.782221598945177066e-01 4.677904481492656430e+01
-2.256382547880309009e-01 7.677272690134628874e-01 -5.997351235248290502e-01 1.720465888169098605e+02 -8.924932608425006908e-01 -4.097015658651388392e-01 -1.886806992735969579e-01 9.531151540639578457e+01 -3.905677371813138787e-01 4.926859723401748603e-01 7.776357600652664681e-01 4.680660421546762961e+01
-2.250431074595891090e-01 7.679161563092202769e-01 -5.997169137719944310e-01 1.721018935647696253e+02 -8.927705175584055297e-01 -4.090557628987030458e-01 -1.887701931393237775e-01 9.525524237539167416e+01 -3.902773408275572176e-01 4.929281486369329057e-01 7.776280843166202272e-01 4.683014816850781159e+01
-2.282944349055144873e-01 7.660838945066976713e-01 -6.008303567302695214e-01 1.722561610795083595e+02 -8.922477318887547248e-01 -4.115719035430656092e-01 -1.857486289405951563e-01 9.526233969293318182e+01 -3.895839266840266935e-01 4.936841447640269998e-01 7.774961924524557144e-01 4.684110915827758959e+01
-2.280007848468525999e-01 7.658342337093881902e-01 -6.012599841898460529e-01 1.723365561993088875e+02 -8.920651360588591761e-01 -4.117653397682066174e-01 -1.861963962966601549e-01 9.522153304748204050e+01 -3.901735961562605715e-01 4.939101451117683395e-01 7.770568405323791117e-01 4.687792138597134795e+01
-2.282542001296754552e-01 7.664684356705535606e-01 -6.003550260003635008e-01 1.723740924630207303e+02 -8.918768467281044110e-01 -4.119059080602167633e-01 -1.867865444174771905e-01 9.516689553394762413e+01 -3.904557726471666323e-01 4.928079342155758935e-01 7.776147050954481665e-01 4.695365620713005228e+01
-2.284458803454321174e-01 7.662875207427184421e-01 -6.005130434113639115e-01 1.724626522168566680e+02 -8.915567251210816391e-01 -4.124411466726924935e-01 -1.871333920568077347e-01 9.513383310693114936e+01 -3.910742712638776153e-01 4.926415898858851894e-01 7.774092733368533903e-01 4.701307362091116460e+01
-2.283419639261858869e-01 7.666900943519842082e-01 -6.000385377064357817e-01 1.724886647044954202e+02 -8.916822789542250272e-01 -4.121166375600773257e-01 -1.872500746199459165e-01 9.507860081307258326e+01 -3.908486419438244597e-01 4.922866809783920106e-01 7.777474929705314732e-01 4.704363780522603378e+01
-2.285241363616803412e-01 7.662195669270608356e-01 -6.005699745727013372e-01 1.725974757757998361e+02 -8.910082426385275145e-01 -4.131826207206614754e-01 -1.881075051256821673e-01 9.506606082090290499e+01 -3.922767271332199823e-01 4.921256924734909166e-01 7.771301513627792978e-01 4.710453347501471910e+01
-2.297242670235342121e-01 7.647972259044550913e-01 -6.019235536090525862e-01 1.727190070268421493e+02 -8.914378978135577558e-01 -4.135523673568490821e-01 -1.852374524638335518e-01 9.503868987796899148e+01 -3.905960003408191494e-01 4.940239292811591798e-01 7.767722457808073910e-01 4.705899093567005309e+01
-2.310948210623855470e-01 7.649481355239153846e-01 -6.012067311970401562e-01 1.727571193166168655e+02 -8.909951470513453042e-01 -4.145978827021408186e-01 -1.850303855853246970e-01 9.503361505092452433e+01 -3.907976862893330350e-01 4.929127160232205096e-01 7.773765000136780845e-01 4.711726731188700512e+01
-2.311099515258405734e-01 7.645494065794111727e-01 -6.017078985727161156e-01 1.728081254028437286e+02 -8.912099003960081145e-01 -4.144549327974613728e-01 -1.843150078425231930e-01 9.500225860998752125e+01 -3.902987365363372874e-01 4.936510038265111699e-01 7.771586599139307383e-01 4.709920131165014823e+01
-2.301100234421162849e-01 7.653218905613200507e-01 -6.011087929311262901e-01 1.728576211609953077e+02 -8.922355387862604958e-01 -4.125299402242157409e-01 -1.836703344184810183e-01 9.486848738716726359e+01 -3.885423019933097466e-01 4.940662427714040961e-01 7.777746635854678736e-01 4.711679557061215462e+01
-2.301250736252016260e-01 7.649294235700156985e-01 -6.016023831783238185e-01 1.729107034407132630e+02 -8.918887171392093638e-01 -4.130964197114965764e-01 -1.840811349957352794e-01 9.484142680582802143e+01 -3.893288670632715220e-01 4.942006930169020595e-01 7.772957662903118292e-01 4.714456693285312383e+01
-2.293601126600564033e-01 7.652846803728372560e-01 -6.014426794859262237e-01 1.729479152389844785e+02 -8.920137966310239808e-01 -4.125311798499138316e-01 -1.847414741511612390e-01 9.478963613326240534e+01 -3.894936781778008950e-01 4.941228426598819334e-01 7.772626911290965168e-01 4.718381041778489760e+01
-2.299094673458788041e-01 7.652009630592153666e-01 -6.013394407137988562e-01 1.730067496011764376e+02 -8.919336284486016897e-01 -4.128724532047509665e-01 -1.843657772668317874e-01 9.476267551699184821e+01 -3.893533604160192563e-01 4.939674316368851681e-01 7.774317572718603131e-01 4.722576237939986754e+01
-2.325027655491846978e-01 7.648348334175382179e-01 -6.008079074073069403e-01 1.731232911713502176e+02 -8.903918221084577977e-01 -4.159381296859716581e-01 -1.849266757277486239e-01 9.481433293850608379e+01 -3.913372805322294923e-01 4.919584838830428075e-01 7.777094463880047659e-01 4.736402467760517965e+01
-2.314144799562758426e-01 7.652373461769489404e-01 -6.007155254216647311e-01 1.731736034189665645e+02 -8.908815356342209002e-01 -4.147760999621119549e-01 -1.851779586404177780e-01 9.476227099734252590e+01 -3.908675324615472069e-01 4.923135087688335076e-01 7.777210175578006535e-01 4.739584662662901593e+01
-2.302677011473148738e-01 7.654507766520441958e-01 -6.008842603456289178e-01 1.731809502086343286e+02 -8.917823389864865113e-01 -4.131269357823337263e-01 -1.845274906426983552e-01 9.464785803540809184e+01 -3.894881842625297907e-01 4.933672500824131113e-01 7.777452737664146687e-01 4.735666967943075178e+01
-2.292166497501832989e-01 7.646212207159287511e-01 -6.023405318490406835e-01 1.732178845197485941e+02 -8.924618551988580117e-01 -4.121084186932311155e-01 -1.835169971887556650e-01 9.459020149078440909e+01 -3.885505945077357692e-01 4.955007972476411782e-01 7.768573842312609390e-01 4.727753634860813037e+01
-2.318654752272295561e-01 7.646017862451000013e-01 -6.013505715208509184e-01 1.732805015647359994e+02 -8.915349147152844544e-01 -4.143194655813018379e-01 -1.830433726853706311e-01 9.466341832384456723e+01 -3.891065371350911350e-01 4.936835918999409323e-01 7.777355680740791755e-01 4.737754390866899712e+01
-2.297503823175433002e-01 7.643972508982170844e-01 -6.024214510159733305e-01 1.733348184353180557e+02 -8.922821992283331838e-01 -4.126128364306260732e-01 -1.832569893699075025e-01 9.452454410298680898e+01 -3.886479625125953685e-01 4.954265738047580747e-01 7.768560170346154869e-01 4.733214327146391298e+01
-2.304140875031104319e-01 7.633690384469544732e-01 -6.034708438861660085e-01 1.734193388779477232e+02 -8.924870023930122631e-01 -4.129187759460373197e-01 -1.815627578297977496e-01 9.451885436832172616e+01 -3.877838300389077064e-01 4.967552673216447112e-01 7.764392478156657562e-01 4.731410882715650246e+01
-2.313308683265975496e-01 7.627136259990604517e-01 -6.039486352949455794e-01 1.734745486869580020e+02 -8.921232762025724794e-01 -4.139340529327424356e-01 -1.810377305432813722e-01 9.452679669007001451e+01 -3.880748502761426355e-01 4.969170197709456560e-01 7.761903027255049325e-01 4.732088907402908262e+01
-2.311909124196280807e-01 7.623103570070870472e-01 -6.045111095871665841e-01 1.735331253253653756e+02 -8.918615638131908163e-01 -4.143362000980017612e-01 -1.814069025176236472e-01 9.451526506709515729e+01 -3.887591966851328129e-01 4.972005962265895751e-01 7.756660712604710461e-01 4.733559357622793584e+01
-2.308734962905603094e-01 7.616236925242594324e-01 -6.054971343419266461e-01 1.736105971561216847e+02 -8.913272960847871129e-01 -4.151030836954503478e-01 -1.822774839652732959e-01 9.449560134621275154e+01 -3.901705780357549447e-01 4.976130835219673143e-01 7.746922867455209305e-01 4.735106412074225801e+01
-2.309878686243003187e-01 7.627648829721904722e-01 -6.040151801509824336e-01 1.736303568963253667e+02 -8.913713502260978139e-01 -4.147464263966527120e-01 -1.828729553195587720e-01 9.445100559684526331e+01 -3.900022058200520725e-01 4.961603925099491996e-01 7.757081566928808458e-01 4.745027584350382455e+01
-2.317356089601072533e-01 7.627968001200433612e-01 -6.036883709883028581e-01 1.736800653807498804e+02 -8.903266558694453714e-01 -4.163487288805856057e-01 -1.843154410456457337e-01 9.447608536058068296e+01 -3.919401145433043521e-01 4.947673975578253391e-01 7.756211503857011191e-01 4.751651030329091441e+01
-2.324747473767809769e-01 7.626284089526319532e-01 -6.036169329056957356e-01 1.737305007393383391e+02 -8.902281754118323009e-01 -4.168088976760657705e-01 -1.837502068597012539e-01 9.447478995782110189e+01 -3.917260363251617861e-01 4.946395179081836124e-01 7.758108402107679602e-01 4.756829902003707389e+01
-2.332971333706130856e-01 7.623597112781822505e-01 -6.036390628354839638e-01 1.737923550650733375e+02 -8.901580408081667395e-01 -4.172947079470801235e-01 -1.829857620251574835e-01 9.446680836697430550e+01 -3.913963591368995187e-01 4.946441118008058080e-01 7.759742861172470585e-01 4.759437745463807090e+01
-2.351932132011460563e-01 7.613088262580662846e-01 -6.042292805927944599e-01 1.738837400611375301e+02 -8.895126531571055928e-01 -4.191510539747949071e-01 -1.818780740639877602e-01 9.448962251193262318e+01 -3.917287228906339847e-01 4.946931018453604723e-01 7.757753171177133034e-01 4.762862269917684443e+01
-2.363110118235389745e-01 7.607949180366631037e-01 -6.044404010161156249e-01 1.739599766804473120e+02 -8.888049087697054151e-01 -4.206222450254268885e-01 -1.819416421181409282e-01 9.449615443688317384e+01 -3.926613551621947473e-01 4.942347819400786380e-01 7.755959260354787776e-01 4.767968550115003268e+01
-2.356172645742748983e-01 7.609731877470019556e-01 -6.044868171967875403e-01 1.740350333457745649e+02 -8.892294255895353272e-01 -4.197706013846491668e-01 -1.818341851217075977e-01 9.440624268700641153e+01 -3.921167342772322595e-01 4.946841919278767152e-01 7.755849514762532815e-01 4.770693529280543999e+01
-2.371578101779348025e-01 7.607984218169518975e-01 -6.041042413627323304e-01 1.741151387166760571e+02 -8.886548054690166509e-01 -4.211305354991434768e-01 -1.814985090490535413e-01 9.436805323030127113e+01 -3.924905219090407682e-01 4.937963481345731820e-01 7.759615691389156744e-01 4.777254576545706755e+01
-2.395575728181482678e-01 7.615195489653198146e-01 -6.022459180842437698e-01 1.742756086408041654e+02 -8.872351770461283094e-01 -4.235955594162790216e-01 -1.827034281417164174e-01 9.427141835012530180e+01 -3.942409287699633058e-01 4.905657739655975846e-01 7.771224559206425520e-01 4.798513503485601461e+01
-2.410647677686208468e-01 7.616660439474028932e-01 -6.014587394312052027e-01 1.743525093659769425e+02 -8.860313615390439379e-01 -4.256111851105028876e-01 -1.838574052849160367e-01 9.427737757221257198e+01 -3.960255094181804880e-01 4.885897631002382724e-01 7.774598634551650456e-01 4.811062257949706122e+01
-2.396875347114288957e-01 7.619148013915361117e-01 -6.016940427862432772e-01 1.744138188643819944e+02 -8.867020525869954151e-01 -4.241860000938941777e-01 -1.839176643565046676e-01 9.413133421848567650e+01 -3.953597800004023943e-01 4.894405712084346494e-01 7.772635149118956033e-01 4.810320746265922054e+01
-2.393197665020301290e-01 7.620052550909924838e-01 -6.017258849136581933e-01 1.744746365545791491e+02 -8.870204341902073741e-01 -4.236246361360729296e-01 -1.836761198076534984e-01 9.406811669024087053e+01 -3.948680775783598440e-01 4.897858295952333130e-01 7.772959812306245997e-01 4.813345563929072313e+01
-2.391154187558832689e-01 7.616918769550848900e-01 -6.022037039854857277e-01 1.745731562551181355e+02 -8.874719150681136259e-01 -4.230815200401889520e-01 -1.827447054385382963e-01 9.399748259644806581e+01 -3.939764161450956537e-01 4.907417976707537655e-01 7.771454635654404530e-01 4.814246006759387342e+01
-2.391144473487192279e-01 7.607928389670591818e-01 -6.033394875570126104e-01 1.746715508758111071e+02 -8.872956151009826486e-01 -4.235732147394828395e-01 -1.824615663032316815e-01 9.396314817509320960e+01 -3.943738993540080728e-01 4.917112851376323479e-01 7.763306251698516292e-01 4.814023041074325704e+01
-2.405279016280665871e-01 7.619465864709132896e-01 -6.013183249359048688e-01 1.746952942322309070e+02 -8.862145609232200405e-01 -4.250966129051385600e-01 -1.841646592162660967e-01 9.399903299228263620e+01 -3.959420166464574509e-01 4.886003162728226323e-01 7.774957558675379410e-01 4.830385007312816725e+01
-2.398742885216669229e-01 7.610859662968871842e-01 -6.026678003777521386e-01 1.747586689134783171e+02 -8.868374765444559937e-01 -4.243410456993146340e-01 -1.829042567330626534e-01 9.393166923224444531e+01 -3.949425475970978483e-01 4.905943628301758785e-01 7.767480642117932099e-01 4.824547878426314185e+01
-2.398736688446012622e-01 7.617234430423203140e-01 -6.018621264997360276e-01 1.748313772402086670e+02 -8.863634580446753120e-01 -4.247337157914992112e-01 -1.842853518677814995e-01 9.386223960237425956e+01 -3.960056101093978320e-01 4.892633922435847271e-01 7.770462597375936697e-01 4.834781700174558239e+01
-2.403716994821361030e-01 7.625272804717830866e-01 -6.006443145692601515e-01 1.749018549879174316e+02 -8.865743122515781227e-01 -4.244154692410808671e-01 -1.840040714889597806e-01 9.378912002165904482e+01 -3.952308628431119852e-01 4.882864487216286298e-01 7.780545668853242613e-01 4.844441164423869850e+01
-2.421321866744119422e-01 7.620851987235703895e-01 -6.004982548373675177e-01 1.749531101403287039e+02 -8.857374507778561501e-01 -4.262474455666498407e-01 -1.837995740948568379e-01 9.383328002160104120e+01 -3.960317821410456185e-01 4.873800006507880145e-01 7.782156272523864660e-01 4.849824400813482583e+01
-2.410803082979573464e-01 7.617463626784467534e-01 -6.013507827359321212e-01 1.749894525996637640e+02 -8.864111090972311979e-01 -4.251233757311050354e-01 -1.831542002685346282e-01 9.377908325025906322e+01 -3.951653206190777201e-01 4.888891432146415528e-01 7.777093126785066257e-01 4.845612649593946486e+01
-2.428499863362694189e-01 7.609970192273289857e-01 -6.015874174744634262e-01 1.750774551405216073e+02 -8.856918444933219448e-01 -4.269048369168164658e-01 -1.824889498436658986e-01 9.381168779804954738e+01 -3.956941252210997573e-01 4.885036304308770783e-01 7.776826874255088340e-01 4.850793351671364206e+01
-2.439712447597823797e-01 7.601983735986950208e-01 -6.021432259091361594e-01 1.751816815891924080e+02 -8.852973284267255938e-01 -4.280523470002386421e-01 -1.817135892224063798e-01 9.377112518614890746e+01 -3.958871960683554292e-01 4.887428986752502813e-01 7.774340531412613498e-01 4.853057984212733089e+01
-2.441889372829728622e-01 7.608168395784844495e-01 -6.012732320022396992e-01 1.752014017744908756e+02 -8.850483778257018930e-01 -4.282532026221033128e-01 -1.824515369954590183e-01 9.374512052301491849e+01 -3.963093890090241267e-01 4.876032516890329571e-01 7.779344041277359567e-01 4.859399751557699432e+01
-2.456727813453420950e-01 7.608604960546951901e-01 -6.006131783847631356e-01 1.753001123550056093e+02 -8.840837248659589864e-01 -4.299764884562715661e-01 -1.830742658102053055e-01 9.373665387814853034e+01 -3.975435220616423404e-01 4.860159718756344449e-01 7.782979012875513858e-01 4.871178075940474628e+01
-2.459971068260908833e-01 7.609498272493779858e-01 -6.003672075008213982e-01 1.753847585231181085e+02 -8.842449228554034590e-01 -4.298728781773182295e-01 -1.825382836886275950e-01 9.364412975415768869e+01 -3.969840548909165379e-01 4.859677654090752696e-01 7.786135056275840238e-01 4.875414114541983679e+01
-2.443065641226049856e-01 7.620486493280204110e-01 -5.996633712208432332e-01 1.754757515085468640e+02 -8.850588656554941869e-01 -4.279092578608636455e-01 -1.832060898594102816e-01 9.350765765817617137e+01 -3.962134614714863390e-01 4.859789327679793769e-01 7.789989536928010327e-01 4.883284760909180022e+01
-2.456102884184618862e-01 7.609025024362221501e-01 -6.005855209787324123e-01 1.756532181899770819e+02 -8.840575277638564877e-01 -4.299724079056956860e-01 -1.832103055066408859e-01 9.347373329693917299e+01 -3.976403825406298886e-01 4.859538149105052662e-01 7.782872322907963270e-01 4.891218349344710958e+01
-2.460944399074322941e-01 7.625999333183839379e-01 -5.982297788888844003e-01 1.756436344956695734e+02 -8.838104737009202516e-01 -4.299337157370375362e-01 -1.844886084534736181e-01 9.344583454716169513e+01 -3.978901522068649110e-01 4.833201234951226555e-01 7.797981052820386338e-01 4.903762406038925548e+01
-2.477912306513188057e-01 7.614153788675325218e-01 -5.990376672933989122e-01 1.757542806868782463e+02 -8.833003470569217308e-01 -4.315504319171963310e-01 -1.831521815354741067e-01 9.344655339332359745e+01 -3.979698517493840404e-01 4.837466749612792105e-01 7.794928810210390857e-01 4.905804001227308930e+01
-2.479447495423623415e-01 7.611424331922080899e-01 -5.993209470464220257e-01 1.757972072177290102e+02 -8.829934432333206296e-01 -4.320637318000959404e-01 -1.834216750276242147e-01 9.342430747941480718e+01 -3.985548649575611502e-01 4.837180253590098733e-01 7.792117116428888268e-01 4.906425791511215095e+01
-2.482207813837911115e-01 7.604431531047398662e-01 -6.000938714779059380e-01 1.758669825444506500e+02 -8.829250727949501387e-01 -4.324626718200690334e-01 -1.828096094637246538e-01 9.338430458432098646e+01 -3.985345148406251869e-01 4.844607810528820946e-01 7.787605486299231661e-01 4.907144158229779407e+01
-2.491516893365597340e-01 7.598931473296031136e-01 -6.004047304462617474e-01 1.759736679163507347e+02 -8.815148303590900625e-01 -4.346823596381941268e-01 -1.843443790202350385e-01 9.337938996304960426e+01 -4.010673753345227466e-01 4.833359606535410080e-01 7.781589230879484287e-01 4.915402048023990034e+01
-2.507383594478045374e-01 7.599285332018504979e-01 -5.996990074421566508e-01 1.760568718040268266e+02 -8.814236403376863871e-01 -4.353671669221641505e-01 -1.831605749609597766e-01 9.335100103043025399e+01 -4.002782049466153125e-01 4.826635001653352686e-01 7.789822233227552406e-01 4.922050116979147560e+01
-2.510742311525233639e-01 7.599335600199645935e-01 -5.995520951565025403e-01 1.761320373555450942e+02 -8.813680927605287430e-01 -4.355562476082117662e-01 -1.829782507106296197e-01 9.331225977527449800e+01 -4.001899742807621951e-01 4.824849630038607340e-01 7.791381424114249832e-01 4.926823522454285609e+01
-2.512120300752582747e-01 7.603754610227433375e-01 -5.989337811644274145e-01 1.761897524295451660e+02 -8.815996638955558851e-01 -4.351928260872370835e-01 -1.827272194869906385e-01 9.325169008227328504e+01 -3.995929786228863967e-01 4.821165444129194011e-01 7.796724241876423767e-01 4.932472531696743800e+01
-2.544998950674246530e-01 7.595976770076494633e-01 -5.985325158211987073e-01 1.763967215223561027e+02 -8.797277878956241137e-01 -4.388836078512157179e-01 -1.829212889845607537e-01 9.313987983112879476e+01 -4.016326961477894031e-01 4.799922372748168797e-01 7.799350162295404232e-01 4.947239001267875125e+01
-2.521337868059576603e-01 7.616931682294859618e-01 -5.968685542256489951e-01 1.763516515013897106e+02 -8.809207378545057532e-01 -4.359442243301401287e-01 -1.842044703340995904e-01 9.293794208944603952e+01 -4.005086855097672593e-01 4.793497165386885195e-01 7.809075758919985510e-01 4.949528459801111779e+01
-2.520465180457323040e-01 7.613275357979761848e-01 -5.973716899693224391e-01 1.764464229996297888e+02 -8.816645048742292046e-01 -4.351311595438069890e-01 -1.825611536963514525e-01 9.290307977226328262e+01 -3.989238694110735506e-01 4.806675121431069342e-01 7.809087585526577335e-01 4.949007439246755524e+01
-2.520912762375540073e-01 7.600371359686908246e-01 -5.989937732509668100e-01 1.765738985444199045e+02 -8.812571212589130898e-01 -4.360321874001609199e-01 -1.823782272681799821e-01 9.285526574931475352e+01 -3.997947907056497163e-01 4.818915681971830400e-01 7.797080490959968913e-01 4.950372380714009068e+01
-2.537128726991531025e-01 7.588628976013386263e-01 -5.997973665087599215e-01 1.766684093605875319e+02 -8.805664335169286483e-01 -4.378137415933476273e-01 -1.814438861888440502e-01 9.284103543883503562e+01 -4.002905624543502405e-01 4.821267782607950303e-01 7.793081773559457082e-01 4.951092386997011374e+01
-2.539282122628130356e-01 7.594341797541673822e-01 -5.989826288283555122e-01 1.767337438670168126e+02 -8.800646464975280248e-01 -4.383215920284868616e-01 -1.826482957675616692e-01 9.278311088772234427e+01 -4.012563781451874978e-01 4.807638802808801293e-01 7.796533912034744329e-01 4.961090725025587744e+01
-2.523951660272556463e-01 7.586853977409779848e-01 -6.005773450777910361e-01 1.768659203312676595e+02 -8.805128632552592371e-01 -4.374510275545873128e-01 -1.825751794014198182e-01 9.270630927660796772e+01 -4.012402993320823841e-01 4.827349850032102707e-01 7.784427766032975260e-01 4.959727315669928061e+01
-2.532860751748737815e-01 7.578708849589825824e-01 -6.012303101590911192e-01 1.769617314412164717e+02 -8.804373013328650188e-01 -4.381136497220960990e-01 -1.813465972906208035e-01 9.265327149659496797e+01 -4.008445116802902275e-01 4.834130238819318026e-01 7.782258835306857803e-01 4.960035914755417963e+01
-2.537298497503286399e-01 7.599163136356080761e-01 -5.984549771003194740e-01 1.770041581782641344e+02 -8.801605835210762896e-01 -4.379869238333482517e-01 -1.829885290580785806e-01 9.255328895026336511e+01 -4.011714229123432007e-01 4.803068298717695361e-01 7.799787424135460334e-01 4.978297569057195204e+01
-2.564156354024962337e-01 7.594164260124602883e-01 -5.979445742070048642e-01 1.771461730109849668e+02 -8.782530167091899820e-01 -4.413924448984034576e-01 -1.839683348509137950e-01 9.260584847687421473e+01 -4.036367928749089451e-01 4.779742686474577340e-01 7.801396913044393866e-01 4.992849049978809717e+01
-2.576910545237685035e-01 7.595762145821652878e-01 -5.971928454523349750e-01 1.771945132436753170e+02 -8.781641361557993575e-01 -4.419125335143796462e-01 -1.831421925516921456e-01 9.258014666553121685e+01 -4.030174566791950297e-01 4.772392345186329266e-01 7.809094970916299339e-01 4.999906927485590558e+01
-2.558131316941611999e-01 7.603578869235553261e-01 -5.970054651726156569e-01 1.772382020552930157e+02 -8.790705407853195430e-01 -4.399133932902559163e-01 -1.836060748647990459e-01 9.242798258751012952e+01 -4.022370271074399151e-01 4.778410721118455662e-01 7.809438416600584798e-01 5.000277935342437274e+01
-2.555246840501033123e-01 7.589222404219513329e-01 -5.989525597524574252e-01 1.773755270629207814e+02 -8.785335225175856522e-01 -4.408870327135341327e-01 -1.838408937040348357e-01 9.238236988446610098e+01 -4.035913597364764738e-01 4.792240158610389655e-01 7.793961489307480450e-01 4.999650002337050836e+01
-2.565496771807471710e-01 7.588679648166464231e-01 -5.985830561530247618e-01 1.774744784094965837e+02 -8.782672110398793697e-01 -4.415928025259643341e-01 -1.834189269663754618e-01 9.233883839948130401e+01 -4.035207171269973858e-01 4.786598048011819206e-01 7.797793419404031035e-01 5.005991559285086367e+01
-2.557783181476998013e-01 7.588424092255176001e-01 -5.989454482057161577e-01 1.775004924170862353e+02 -8.790191418973555271e-01 -4.404259514846906587e-01 -1.826207256497517362e-01 9.222369632172814136e+01 -4.023714703399967618e-01 4.797740918595095883e-01 7.796884125320908687e-01 5.002892767838943655e+01
-2.562925253890235844e-01 7.585603192514753790e-01 -5.990829520916248763e-01 1.776118268480320239e+02 -8.785140559639894597e-01 -4.413003068083098945e-01 -1.829401341548421711e-01 9.218003144649961200e+01 -4.031466171300669421e-01 4.794166051233425541e-01 7.795078728458052497e-01 5.010004903034607793e+01
-2.574628952077502309e-01 7.589844739321378597e-01 -5.980429967161219329e-01 1.776533709959852558e+02 -8.782567158028602439e-01 -4.419011306781717163e-01 -1.827252906757239614e-01 9.215694491958224432e+01 -4.029615350606275959e-01 4.781902958397523662e-01 7.803563559209809597e-01 5.018316721914233369e+01
-2.590640176176017828e-01 7.585419270725527463e-01 -5.979130201366121833e-01 1.777571301786771869e+02 -8.772005978679383587e-01 -4.438658176033640768e-01 -1.830361905837986358e-01 9.218513660530290110e+01 -4.042337762680877078e-01 4.770715678348009803e-01 7.803830939273905809e-01 5.027700660552171286e+01
-2.597868611767859548e-01 7.599603943169516151e-01 -5.957944157421557474e-01 1.778379973268571916e+02 -8.779725541173210024e-01 -4.427810157044509420e-01 -1.819592436465992669e-01 9.207185201804031749e+01 -4.020882751046355175e-01 4.758205241489254500e-01 7.822530586849889556e-01 5.037483990364437858e+01
-2.582861468366308699e-01 7.591547437009315002e-01 -5.974716239861604938e-01 1.779257553288901477e+02 -8.774629266739092381e-01 -4.430867128638258379e-01 -1.836653946621079891e-01 9.198266934682979468e+01 -4.041621935128824061e-01 4.768209726930048298e-01 7.805733029863064498e-01 5.037971249375580385e+01
-2.593233248102015942e-01 7.590611041984921536e-01 -5.971412339659257773e-01 1.779993333010921504e+02 -8.769141303645932028e-01 -4.441377527519734247e-01 -1.837478286874057176e-01 9.192355985055738188e+01 -4.046887954667041098e-01 4.759914880261966186e-01 7.808066867991816373e-01 5.043789199671100931e+01
-2.584251414969105376e-01 7.584538957873372400e-01 -5.983010397845827111e-01 1.781259466088484942e+02 -8.774753477581289651e-01 -4.433372840042455465e-01 -1.830001822088982433e-01 9.184219616661427210e+01 -4.040463591211442829e-01 4.777025649677318908e-01 7.800940963141543838e-01 5.042764880148875761e+01
-2.618689716691933178e-01 7.567371205426617342e-01 -5.989771047959349115e-01 1.783035458212862352e+02 -8.750761940559107499e-01 -4.479232287988146322e-01 -1.833205817661152648e-01 9.193211165150950137e+01 -4.070212479386567939e-01 4.761446329585641846e-01 7.794998346575916504e-01 5.054474823292868990e+01
-2.619616546111562805e-01 7.567477791803574050e-01 -5.989231087702183709e-01 1.784098130561503126e+02 -8.756463432663632585e-01 -4.472846869735556119e-01 -1.821534801292997996e-01 9.184346153798813361e+01 -4.057333767853367190e-01 4.767276030445123380e-01 7.798148622960465737e-01 5.058737953547739608e+01
-2.597117939512398888e-01 7.583153444348418315e-01 -5.979194113568278013e-01 1.784184873192227201e+02 -8.769272447683449379e-01 -4.444913939051771123e-01 -1.828278100487763791e-01 9.166587056181478488e+01 -4.044111663463651474e-01 4.768492834627096055e-01 7.804270429678055176e-01 5.061840097326795274e+01
-2.605724761744807605e-01 7.575188257431521022e-01 -5.985542693064813680e-01 1.785414423159255648e+02 -8.761582705360949630e-01 -4.459500925601458388e-01 -1.829622909694696431e-01 9.167191873725116125e+01 -4.055227116099652807e-01 4.767533362130921826e-01 7.799087041302893430e-01 5.065975223747933853e+01
-2.605047422113244693e-01 7.590328900864758976e-01 -5.966626777773043067e-01 1.785843300386619035e+02 -8.764903703597265450e-01 -4.450713520384390609e-01 -1.835105508175087774e-01 9.151318690216898233e+01 -4.048480084575951099e-01 4.751637226910823131e-01 7.812282167755280060e-01 5.076609716992129506e+01
-2.595696359066848036e-01 7.579683239110233117e-01 -5.984209421993732514e-01 1.786911676150356811e+02 -8.763560582547591515e-01 -4.452187669420155647e-01 -1.837942020924848430e-01 9.147438366544820099e+01 -4.057384173028885099e-01 4.767224239640357464e-01 7.798154058585924364e-01 5.075250219292632181e+01
-2.609593971976109650e-01 7.564030083101953572e-01 -5.997955335225045870e-01 1.788284400383496973e+02 -8.751231893625346370e-01 -4.476446364005566281e-01 -1.837761762083394701e-01 9.152941646900730177e+01 -4.075041060580920638e-01 4.769368600990070983e-01 7.787628875496670489e-01 5.079314562045576764e+01
-2.596986603953090889e-01 7.562053763798148864e-01 -6.005914039704067786e-01 1.789173064557554937e+02 -8.751378123124751163e-01 -4.472353492224903082e-01 -1.847007088962363264e-01 9.144160817340876690e+01 -4.082773753832276142e-01 4.776337206899232690e-01 7.779303398184720386e-01 5.080700867210433103e+01
-2.603287123612110232e-01 7.548880527011275765e-01 -6.019742431445497255e-01 1.790628968157771226e+02 -8.749669046231657310e-01 -4.480648997185077143e-01 -1.834959439726107089e-01 9.142361776457400424e+01 -4.082424247117265592e-01 4.789382773691649442e-01 7.771462212068891429e-01 5.080514020144852338e+01
-2.600140564933588472e-01 7.540222827639376790e-01 -6.031940711921238707e-01 1.791644625057563758e+02 -8.749077149731713243e-01 -4.482854287061619480e-01 -1.832393644666914234e-01 9.138417602643771431e+01 -4.085696766847640160e-01 4.800943360478161503e-01 7.762604252366044344e-01 5.080452406095842122e+01
-2.608368118579875716e-01 7.532342400048855913e-01 -6.038231009691688023e-01 1.792938830065142497e+02 -8.739330200521954195e-01 -4.499611188836292186e-01 -1.837826650025554676e-01 9.135620116143472558e+01 -4.101283141191422454e-01 4.797636617932362624e-01 7.756426978838486530e-01 5.084992522100287715e+01
-2.612972108059041787e-01 7.534032789295134203e-01 -6.034130152087480159e-01 1.793695350649673514e+02 -8.736642218037936614e-01 -4.503876428555335654e-01 -1.840157566704763714e-01 9.132187098107091572e+01 -4.104078400384505998e-01 4.790975583962980289e-01 7.759065242499765258e-01 5.093008585290024115e+01
-2.609540464170372331e-01 7.532210182667502529e-01 -6.037889393652176029e-01 1.794672786699919129e+02 -8.737469547973271133e-01 -4.502244090466207549e-01 -1.840223912490500102e-01 9.121789697462364188e+01 -4.104500513350828328e-01 4.795373594828881703e-01 7.756124523363501222e-01 5.095515320079915256e+01
-2.605228681790932033e-01 7.527437850519005380e-01 -6.045697885451086773e-01 1.795797788429023285e+02 -8.738427387570488758e-01 -4.501042126260881293e-01 -1.838615394742189879e-01 9.115469959635380803e+01 -4.105200397999096418e-01 4.803987841803804004e-01 7.750421311649405842e-01 5.097867884405771122e+01
-2.612133358101256242e-01 7.526858783090109029e-01 -6.043439101944684255e-01 1.796334675798688068e+02 -8.733508093413377971e-01 -4.509422674146517096e-01 -1.841451473207029177e-01 9.112371464555759815e+01 -4.111276651087555356e-01 4.797030748839599679e-01 7.751509549301328628e-01 5.103601512640802440e+01
-2.604356728444248148e-01 7.545660082938424607e-01 -6.023316357602084281e-01 1.796668633101046453e+02 -8.746438444365626230e-01 -4.485800781728108699e-01 -1.837771989548882823e-01 9.095335923891956043e+01 -4.088659996860848356e-01 4.789635190637919759e-01 7.768027688588184931e-01 5.109811682720560100e+01
-2.620621229544470854e-01 7.534991027877350200e-01 -6.029614795413441586e-01 1.797915858958996864e+02 -8.728237614890531626e-01 -4.516089199456634340e-01 -1.850082830729805061e-01 9.100023768095037724e+01 -4.117063578482957342e-01 4.777954431800180424e-01 7.760215134799428593e-01 5.119443079369845861e+01
-2.639947542520266754e-01 7.530823193729518916e-01 -6.026390212849371819e-01 1.799833231814694443e+02 -8.725907594141293355e-01 -4.526926687051275877e-01 -1.834522125396755854e-01 9.091132278362225350e+01 -4.109648845248031757e-01 4.774268194692088407e-01 7.766411627895025704e-01 5.129092467441093817e+01
-2.642034671584778671e-01 7.527425765085242748e-01 -6.029719242657552991e-01 1.801474000727067732e+02 -8.716329763532184582e-01 -4.539796111779912380e-01 -1.848200940598991593e-01 9.081038022537036625e+01 -4.128589135226089502e-01 4.767401033540062949e-01 7.760582396823980655e-01 5.139515724423518606e+01
-2.630141667450101028e-01 7.547167509353549519e-01 -6.010209430202992920e-01 1.802094154021354484e+02 -8.733301335210383876e-01 -4.509865232080143560e-01 -1.841348249758122113e-01 9.058805263071876368e+01 -4.100219823077218551e-01 4.764596328571067962e-01 7.777327254797223866e-01 5.146129371101803684e+01
-2.636013218760207000e-01 7.540213274168451330e-01 -6.016362529849357266e-01 1.803123386882095929e+02 -8.720157117443486650e-01 -4.529310161310287075e-01 -1.855858106039118272e-01 9.057727555801345432e+01 -4.124353786670243438e-01 4.757156003612376671e-01 7.769116590686070412e-01 5.154120648809134053e+01
-2.617818916996232925e-01 7.541313602674775129e-01 -6.022923979590737442e-01 1.804125232191191230e+02 -8.730378351328740294e-01 -4.510663463858941569e-01 -1.853215842382795187e-01 9.043640120230749346e+01 -4.114306498119358335e-01 4.773102163365091632e-01 7.764662116126646030e-01 5.155129539236808967e+01
-2.612354100030105375e-01 7.542888439272312784e-01 -6.023324667386608100e-01 1.804517324086151007e+02 -8.730004105509572288e-01 -4.508658940411489624e-01 -1.859844852893262623e-01 9.037818092785737178e+01 -4.118571885234240115e-01 4.772507574822655863e-01 7.762766071086932840e-01 5.156914294928601805e+01
-2.627167051150931520e-01 7.543937574437367122e-01 -6.015563079075719743e-01 1.805504432814067570e+02 -8.727697574284982718e-01 -4.516297652297658338e-01 -1.852120559701958269e-01 9.031863693974862883e+01 -4.114035529400171254e-01 4.763618518399925783e-01 7.770627405428106593e-01 5.165098881184111690e+01
-2.654656773315378082e-01 7.531135409771921863e-01 -6.019534604566229019e-01 1.807112653016385764e+02 -8.711206402249441760e-01 -4.549027348696466078e-01 -1.849657589452698148e-01 9.041001236642938466e+01 -4.131304931047711793e-01 4.752720233770459934e-01 7.768138126102659413e-01 5.172374783999526926e+01
-2.653892461893041510e-01 7.532257617620099488e-01 -6.018467411435515224e-01 1.808059921389840099e+02 -8.703156538348186810e-01 -4.557641828550695884e-01 -1.866270942723027570e-01 9.035352895750899904e+01 -4.148725234299628917e-01 4.742678161592782660e-01 7.764990842611239064e-01 5.183810710280714318e+01
-2.632590567018420202e-01 7.522432043950143532e-01 -6.040073099772689247e-01 1.809175512594673307e+02 -8.713876128634604479e-01 -4.540814830195425422e-01 -1.857246212188693735e-01 9.021665491817695681e+01 -4.139786192698555189e-01 4.774307994047862769e-01 7.750364730560301840e-01 5.174975088174270610e+01
-2.629722655890995853e-01 7.504573373957011961e-01 -6.063492164420525299e-01 1.810639704383364972e+02 -8.708937233420833701e-01 -4.550976453783937004e-01 -1.855539161925849334e-01 9.017298049083952094e+01 -4.151983985690443357e-01 4.792701930226799800e-01 7.732466436433488299e-01 5.170507065224254006e+01
-2.622831903265587794e-01 7.496399039005019471e-01 -6.076574220333107457e-01 1.811804537331926213e+02 -8.705986871352007217e-01 -4.554449251506678120e-01 -1.860855881388138455e-01 9.012712203059177796e+01 -4.162516715048575344e-01 4.802186321193187002e-01 7.720910641464922008e-01 5.170843014988793840e+01
-2.622302441906576576e-01 7.495460294369837850e-01 -6.077960585483921374e-01 1.812647779609951613e+02 -8.702893295535170104e-01 -4.558115318267550453e-01 -1.866342152956878830e-01 9.006515244177764146e+01 -4.169313875171767325e-01 4.800172884480302660e-01 7.718494807240607880e-01 5.177686716835800951e+01
-2.635906180934122212e-01 7.509418700310772632e-01 -6.054802175854816504e-01 1.812956414576854627e+02 -8.708456420276864396e-01 -4.552231780360620483e-01 -1.854716310925611511e-01 8.999411080673563390e+01 -4.149070423775909067e-01 4.783912269398105099e-01 7.739470138016573131e-01 5.186540606833041522e+01
-2.625170304565529467e-01 7.512354556782804282e-01 -6.055824459577078267e-01 1.813728136645211180e+02 -8.708416313125039165e-01 -4.547575838422937000e-01 -1.866290253709129432e-01 8.988319239927324134e+01 -4.155955508583445424e-01 4.783731075946537903e-01 7.735887202105412586e-01 5.191822194018180880e+01
-2.627826262014709702e-01 7.515571106251959232e-01 -6.050679307609726498e-01 1.814542208545852873e+02 -8.710328931188511259e-01 -4.545324732808944113e-01 -1.862845399869710594e-01 8.978556900867479840e+01 -4.150264936984896513e-01 4.780817296256574256e-01 7.740742014345119992e-01 5.197215578824970805e+01
-2.610260475726113860e-01 7.513761087519831294e-01 -6.060522631632929702e-01 1.815267297263980879e+02 -8.709243078615075406e-01 -4.540888002672214263e-01 -1.878675369717452415e-01 8.969442319711833989e+01 -4.163607239697031392e-01 4.787873271804549691e-01 7.729207222392350252e-01 5.198599779203561866e+01
-2.620701724310223746e-01 7.519622219953977504e-01 -6.048735747358442438e-01 1.816318125615593715e+02 -8.706943842246562815e-01 -4.545431046184449375e-01 -1.878346488895823729e-01 8.958991950243674296e+01 -4.161856725088231013e-01 4.774341658653791232e-01 7.738514736451747034e-01 5.210324108654903341e+01
-2.612185449218973332e-01 7.527213894253578230e-01 -6.042974281679890369e-01 1.817024239634826301e+02 -8.710507898174079111e-01 -4.535939813521121522e-01 -1.884755200009012865e-01 8.947507640773407900e+01 -4.159752316513051773e-01 4.771404510023217194e-01 7.741457205655432050e-01 5.215604950810337215e+01
-2.620293922033276601e-01 7.528488219424562811e-01 -6.037874203073555490e-01 1.817829717652107604e+02 -8.707396577942825289e-01 -4.542006520840586870e-01 -1.884521583604505113e-01 8.944561103300489435e+01 -4.161166254379305984e-01 4.763616472243252797e-01 7.745492463929434246e-01 5.224472871950607100e+01
-2.615971459816932576e-01 7.528468859363626198e-01 -6.039772342979120578e-01 1.818845986222015370e+02 -8.710223560739189796e-01 -4.537228595857196733e-01 -1.882966327601138801e-01 8.934542227668470105e+01 -4.157968114760771661e-01 4.768198119051678674e-01 7.744390734854795788e-01 5.227804852879453534e+01
-2.624587317415483234e-01 7.524795551233134372e-01 -6.040611999243438168e-01 1.820442765746074656e+02 -8.719163959484657056e-01 -4.531141319397351541e-01 -1.856054468832701032e-01 8.925662938906906163e+01 -4.133729703413807632e-01 4.779770941770331572e-01 7.750230221310999701e-01 5.224166810477932188e+01
-2.610126365577665197e-01 7.520578418019890909e-01 -6.052118688040557526e-01 1.821147978215881835e+02 -8.706647660867609106e-01 -4.541698740522632782e-01 -1.888718893812346145e-01 8.923787690854750565e+01 -4.169115837347882603e-01 4.776387003661717867e-01 7.733343411877329210e-01 5.234592414878611777e+01
-2.620091433001785486e-01 7.504771452014789013e-01 -6.067415128020702264e-01 1.822949348766368303e+02 -8.703574635986484065e-01 -4.553681149232604586e-01 -1.873973464843187442e-01 8.919160971020184547e+01 -4.169281645382499901e-01 4.789821859333336374e-01 7.724939942635744572e-01 5.234113413962632677e+01
-2.614250754407432265e-01 7.500424157753676768e-01 -6.075304967395895872e-01 1.823770097337456662e+02 -8.706795984136802558e-01 -4.549243146503103574e-01 -1.869783539507663683e-01 8.912353718516970957e+01 -4.166220911533549121e-01 4.800835786379245018e-01 7.719752526378093060e-01 5.233843815248710740e+01
-2.618170690004191226e-01 7.512106695476878926e-01 -6.059161264876057329e-01 1.824262753861547424e+02 -8.709180811571690661e-01 -4.544286955666887451e-01 -1.870728643044526629e-01 8.903559765364337864e+01 -4.158768066309351807e-01 4.787244412010651651e-01 7.732201440102188794e-01 5.243059601411387405e+01
-2.614670073969247444e-01 7.512978730506589820e-01 -6.059591652846357812e-01 1.825900386795330803e+02 -8.725015524816739365e-01 -4.524447899950505558e-01 -1.844851021719730311e-01 8.880995140167919999e+01 -4.127663321541200636e-01 4.804635448771223949e-01 7.738079458652153964e-01 5.242639349394693227e+01
-2.620471649275470938e-01 7.488958474430901235e-01 -6.086758521872962513e-01 1.828311597222706837e+02 -8.724792821816150790e-01 -4.534005727780361372e-01 -1.822301368281409872e-01 8.875972535842974764e+01 -4.124453727674600723e-01 4.833041798774816988e-01 7.722084460789494509e-01 5.233595058908714037e+01
-2.621288339419880487e-01 7.497083292115545028e-01 -6.076396099062608691e-01 1.828713105291851946e+02 -8.720602357969906571e-01 -4.536747155255802522e-01 -1.835488971213962150e-01 8.870383065304066861e+01 -4.132788641558028941e-01 4.817848831206757998e-01 7.727120465208796585e-01 5.246795418522238208e+01
-2.631108024323907113e-01 7.483952952886732124e-01 -6.088326433702146989e-01 1.830016727164042720e+02 -8.711808260687448069e-01 -4.554396952508927843e-01 -1.833538990039573491e-01 8.873019472915385109e+01 -4.145077489427222983e-01 4.821609336928422973e-01 7.718187352525743838e-01 5.249601492262056723e+01
-2.659285923875003288e-01 7.475542535037753566e-01 -6.086416201831884587e-01 1.831463361859630083e+02 -8.701683022119199862e-01 -4.578509353562196793e-01 -1.821528117242771361e-01 8.874739676104510977e+01 -4.148362442897534086e-01 4.811810044690548738e-01 7.722536703452587137e-01 5.257577370523819127e+01
-2.646150002019738157e-01 7.474545068533847703e-01 -6.093362469545635651e-01 1.832536260641727779e+02 -8.710470285319215078e-01 -4.564022956326749814e-01 -1.815874957890390162e-01 8.862246808356022143e+01 -4.138308540379986300e-01 4.827097520516733242e-01 7.718389207084550563e-01 5.256930579971743356e+01
-2.666913879305050639e-01 7.461720202181257866e-01 -6.100024752796514571e-01 1.834007255557616816e+02 -8.707739342219104062e-01 -4.578189477145302444e-01 -1.793169445235343329e-01 8.861618737818135116e+01 -4.130719780902559757e-01 4.833519704699270614e-01 7.718435162385196557e-01 5.256988964027854649e+01
-2.665403654050273463e-01 7.462409398387782611e-01 -6.099841746457783653e-01 1.835043212404301016e+02 -8.707978993960178160e-01 -4.577186736947114198e-01 -1.794564965629199538e-01 8.853139031424673533e+01 -4.131189320489167538e-01 4.833405377781707646e-01 7.718255453942108879e-01 5.263629604612076918e+01
-2.643383938758547824e-01 7.476193707193907745e-01 -6.092540439326405988e-01 1.835268076668553192e+02 -8.699571360216360461e-01 -4.575222624297710095e-01 -1.839781532306942469e-01 8.843100599857891098e+01 -4.162929197189959019e-01 4.813924136359924999e-01 7.713375065984715562e-01 5.278570896518455413e+01
-2.651986610870393779e-01 7.476934376529525972e-01 -6.087891206718070158e-01 1.836428015913906506e+02 -8.698227565047086385e-01 -4.579553585595355081e-01 -1.835354511617790785e-01 8.836914273445840706e+01 -4.160264924547378840e-01 4.808652751627193744e-01 7.718099148873964754e-01 5.286517473450624749e+01
-2.669454435694735839e-01 7.473206831087827462e-01 -6.084833003093178538e-01 1.837482784881276245e+02 -8.693433499973907130e-01 -4.592283285845586427e-01 -1.826238813538555994e-01 8.834180074459760590e+01 -4.159113727380047698e-01 4.802302976939866741e-01 7.722671760498004412e-01 5.292053440540903608e+01
-2.663615231109257575e-01 7.451385180664074070e-01 -6.114083152033715773e-01 1.839333565328865632e+02 -8.699063474250732231e-01 -4.590230741821308413e-01 -1.804460143033176922e-01 8.825910110001392184e+01 -4.151078001141330631e-01 4.838040990547552433e-01 7.704668117590929288e-01 5.280095913833046950e+01
-2.642507223408754324e-01 7.452218328995774410e-01 -6.122221618923316955e-01 1.840306905934470194e+02 -8.709474261647300875e-01 -4.570541846166391586e-01 -1.804218755623928361e-01 8.810840960613882089e+01 -4.142730218097214201e-01 4.855367051976750004e-01 7.698259357195158525e-01 5.278770302196458886e+01
-2.639263486070004827e-01 7.458163211332519138e-01 -6.116378811373920366e-01 1.840743145969588284e+02 -8.709288622349077302e-01 -4.567880539818545138e-01 -1.811838587338285844e-01 8.803198018059519825e+01 -4.145187564359248400e-01 4.848738896566124890e-01 7.701113631755356348e-01 5.285026944210320465e+01
-2.628757545071176427e-01 7.452099002388348215e-01 -6.128283138680359343e-01 1.841792665171320493e+02 -8.709098886584065724e-01 -4.566256847488283643e-01 -1.816836532676120719e-01 8.795613900750855407e+01 -4.152256055800458423e-01 4.859580111631971455e-01 7.690464926498230547e-01 5.284020287350819700e+01
-2.641012119773398226e-01 7.446359857616335898e-01 -6.129990200162640512e-01 1.843091516543685486e+02 -8.703640733011470676e-01 -4.578581658530906928e-01 -1.811967987252499634e-01 8.794002171751114361e+01 -4.155922638100175703e-01 4.856780298412144425e-01 7.690253062096338299e-01 5.291754462038788631e+01
-2.639681602645931324e-01 7.421359902058587421e-01 -6.160803376246440921e-01 1.845047559121603626e+02 -8.708614935096085086e-01 -4.579599231577415885e-01 -1.785300196145436502e-01 8.789298893387508826e+01 -4.146336569656884352e-01 4.893944021160485658e-01 7.671844952087699676e-01 5.279588258459032346e+01
-2.633066136605721752e-01 7.410411575495126080e-01 -6.176792290665772400e-01 1.846467491695526064e+02 -8.716369161562300683e-01 -4.571306392982075195e-01 -1.768634077712794572e-01 8.778725814289802543e+01 -4.134231652874086338e-01 4.918227134166244796e-01 7.662843499454030649e-01 5.273389517930679915e+01
-2.660833039611933959e-01 7.386758266269035644e-01 -6.193203520877996748e-01 1.848454187998293037e+02 -8.705360849993000194e-01 -4.600517067572060803e-01 -1.746978872908127867e-01 8.783939697520689549e+01 -4.139644913119806535e-01 4.926565236215214583e-01 7.654560403223495957e-01 5.276009562304260214e+01
-2.657390962879337959e-01 7.368241695285100423e-01 -6.216694265465316782e-01 1.850732089822811020e+02 -8.711934330192341314e-01 -4.596686341074305293e-01 -1.724144688881130705e-01 8.771839543695567443e+01 -4.128010840201770115e-01 4.957770567668803308e-01 7.640683052027065214e-01 5.270296914266359067e+01
-2.657359577363813674e-01 7.380932603009647819e-01 -6.201634783379464944e-01 1.851314681678241811e+02 -8.710564212772492487e-01 -4.594781760093773482e-01 -1.736102437149583122e-01 8.760666147495645362e+01 -4.130921346595691768e-01 4.940628956614616096e-01 7.650207470474328364e-01 5.283812887994334773e+01
-2.649227819541919438e-01 7.389968685682246630e-01 -6.194348616666731644e-01 1.851946365548653830e+02 -8.713232245532207543e-01 -4.586325007979252799e-01 -1.745052078478456503e-01 8.750860839858388829e+01 -4.130517618360080578e-01 4.934975759395380246e-01 7.654073324615917606e-01 5.292553850626516265e+01
-2.655131616566284158e-01 7.379899814547590253e-01 -6.203817762148607917e-01 1.853118795151981146e+02 -8.716478648295464815e-01 -4.587235310617585604e-01 -1.726346482845333430e-01 8.746159858956812627e+01 -4.119863598775982960e-01 4.949176793393383900e-01 7.650645266591373783e-01 5.289615099358677242e+01
-2.643262201314497961e-01 7.382091337027796296e-01 -6.206278468364210266e-01 1.854148484622188278e+02 -8.727270018312298649e-01 -4.569651848059725907e-01 -1.718441158431552318e-01 8.731745611910412208e+01 -4.104622146138336980e-01 4.962157744298692497e-01 7.650429240122884611e-01 5.288897971906271778e+01
-2.647765584768013714e-01 7.366005329167149007e-01 -6.223447830487477406e-01 1.855620326683226722e+02 -8.737433173814832532e-01 -4.563193360341624150e-01 -1.683605621650815232e-01 8.723776893228559004e+01 -4.080024379980861093e-01 4.991916650627823415e-01 7.644224565771631230e-01 5.278773905224379348e+01
-2.628292451297453702e-01 7.360844367392340715e-01 -6.237791996330217525e-01 1.857545724187114615e+02 -8.758565926572239313e-01 -4.532086435139535130e-01 -1.657623435618612306e-01 8.697926392339331869e+01 -4.047172062112092683e-01 5.027739327317269913e-01 7.638208923314853127e-01 5.271363138989568853e+01
-2.626521453013221929e-01 7.363676022142419120e-01 -6.235195305504561691e-01 1.858118645338779231e+02 -8.761830110319183129e-01 -4.526691270503044873e-01 -1.655113065459787869e-01 8.688115186562217218e+01 -4.041252055336992388e-01 5.028453199789807426e-01 7.640873002658674640e-01 5.275268177133715852e+01
-2.648511090334284557e-01 7.361972023612094462e-01 -6.227901486691096444e-01 1.859167474797352213e+02 -8.758184649046104608e-01 -4.538913238670811978e-01 -1.640874238030454735e-01 8.686131780515141543e+01 -4.034797474172586718e-01 5.019923757924189545e-01 7.649887241459105702e-01 5.282969729447989238e+01
-2.643741812964837123e-01 7.373095265806374199e-01 -6.216759238359241824e-01 1.860022808004455328e+02 -8.759396545107295262e-01 -4.532897042103456453e-01 -1.651004715696488268e-01 8.675839664839786280e+01 -4.035294461615375194e-01 5.009022919395887952e-01 7.656767464212490548e-01 5.295673182498416764e+01
-2.632076373353533505e-01 7.373254728520580725e-01 -6.221518196805584378e-01 1.860571513184245021e+02 -8.762479243902950854e-01 -4.525174077177680498e-01 -1.655825193493895287e-01 8.667667098660547254e+01 -4.036227380240622886e-01 5.015766569487462023e-01 7.651859529252212910e-01 5.295765699339168009e+01
-2.647646211857157539e-01 7.367205872877405914e-01 -6.222077399348161508e-01 1.861768312963328356e+02 -8.757040015909199893e-01 -4.538669379251905056e-01 -1.647643901334940042e-01 8.666131752609759076e+01 -4.037848399408220379e-01 5.012460263431708363e-01 7.653170742307701113e-01 5.302888748350693504e+01
-2.649241387770879808e-01 7.362341161505981946e-01 -6.227154461784017991e-01 1.863478590282192329e+02 -8.759419111302154670e-01 -4.537518796436175172e-01 -1.638139189612100033e-01 8.655375301728649617e+01 -4.031637000261358295e-01 5.020642966153158193e-01 7.651081446732901359e-01 5.307634416294701651e+01
-2.662655545518024525e-01 7.351234786464879711e-01 -6.234549908388800077e-01 1.865096220121094746e+02 -8.755460459932671302e-01 -4.549736923953475731e-01 -1.625363361642538085e-01 8.652845827098896336e+01 -4.031398960717940683e-01 5.025857244001566970e-01 7.647782775578768621e-01 5.310328433600628273e+01
-2.640153701452525592e-01 7.359854368944936942e-01 -6.233949959746920566e-01 1.865825856802216549e+02 -8.758005955661442021e-01 -4.536951386415883913e-01 -1.647241268878872067e-01 8.640943772877771778e+01 -4.040658376218559944e-01 5.024800074154304186e-01 7.643589739217672152e-01 5.319269709139789626e+01
-2.653118230945634703e-01 7.356616245355591666e-01 -6.232267731026498447e-01 1.866805802726598245e+02 -8.762207530095764696e-01 -4.536805914326105249e-01 -1.625149622425214879e-01 8.636178299618664767e+01 -4.023019121525156505e-01 5.029670915110246998e-01 7.649688074264010540e-01 5.321411790195806191e+01
-2.645147021813958332e-01 7.352808988503303222e-01 -6.240144005675974936e-01 1.867730777329732064e+02 -8.759131072783201688e-01 -4.539040772104110388e-01 -1.635460705422288608e-01 8.629691753314270386e+01 -4.034949824073725266e-01 5.033220524451673672e-01 7.641064786366218442e-01 5.325407460061724407e+01
-2.635258550880872352e-01 7.359190712241786558e-01 -6.236804023765969429e-01 1.868288999247045012e+02 -8.764022125055402901e-01 -4.528021062834919341e-01 -1.639799209068793506e-01 8.616925723178160013e+01 -4.030797509370640519e-01 5.033819356649329446e-01 7.642861644899373585e-01 5.329624583035765539e+01
-2.618633893347828145e-01 7.355162354202354758e-01 -6.248547293246207168e-01 1.869453542675474864e+02 -8.781292367195866477e-01 -4.501916862136523534e-01 -1.619150681140732462e-01 8.604747247183217951e+01 -4.003955655903003730e-01 5.063035780017295373e-01 7.637670312066828782e-01 5.323671033660685481e+01
-2.626719159661192737e-01 7.342807316755013414e-01 -6.259674685259440929e-01 1.871007944399862311e+02 -8.777672029557601618e-01 -4.512327228779371424e-01 -1.609775363812742111e-01 8.601203059902557868e+01 -4.006597084533326525e-01 5.071694360805407698e-01 7.630537078920702765e-01 5.327458627606574737e+01
-2.632449791034159325e-01 7.341464383452397380e-01 -6.258842449222074000e-01 1.871802567255824101e+02 -8.761993985228905268e-01 -4.534280327320785453e-01 -1.633328906278290749e-01 8.604396742111003960e+01 -4.037037218121320992e-01 5.054028355655681981e-01 7.626213207072800593e-01 5.339574587989224597e+01
-2.637193605090668580e-01 7.349213189733343476e-01 -6.247741622467940514e-01 1.872636420999702409e+02 -8.761415331415058905e-01 -4.534529582076340937e-01 -1.635739239524353350e-01 8.597949511647026100e+01 -4.035196560232728880e-01 5.042529817574110673e-01 7.634794153031367880e-01 5.351695355041454860e+01
-2.626928532872954136e-01 7.348470247033299652e-01 -6.252937830463718427e-01 1.873197482465438100e+02 -8.755863827025184287e-01 -4.538276716589029203e-01 -1.654960146425826784e-01 8.592283361159365995e+01 -4.053898756230826517e-01 5.040241013298101258e-01 7.626393341685038241e-01 5.356674740146691249e+01
-2.622759374399337151e-01 7.364112107881368718e-01 -6.236263795459215942e-01 1.873946438897851010e+02 -8.770498637953536569e-01 -4.514515405381642754e-01 -1.642408078471034594e-01 8.576167290748847449e+01 -4.024858619337516874e-01 5.038750193959489199e-01 7.642742281224567114e-01 5.365118852495765367e+01
-2.623691516951467406e-01 7.341288053182040141e-01 -6.262725648157002611e-01 1.875241979929208185e+02 -8.775213409176363388e-01 -4.514841567915632847e-01 -1.616117334859209498e-01 8.573219034099244595e+01 -4.013959696769292540e-01 5.071656074383175117e-01 7.626692088702939909e-01 5.353791713499266081e+01
-2.614633792929452749e-01 7.353774654949365441e-01 -6.251854801024711028e-01 1.875642500475989891e+02 -8.771927396905632168e-01 -4.512763927663145935e-01 -1.639588813269581835e-01 8.564632944270793757e+01 -4.027031148661229798e-01 5.055389209290090946e-01 7.630600243120164716e-01 5.364987527109152410e+01
-2.623933837639620403e-01 7.351528543191405696e-01 -6.250599914754735309e-01 1.876528436887402904e+02 -8.765657376981186300e-01 -4.524270469823532537e-01 -1.641410206273292149e-01 8.561438135688307227e+01 -4.034627859551011553e-01 5.048366547164029328e-01 7.631236678311711374e-01 5.373975149275965890e+01
-2.627411950238718319e-01 7.368062654328889627e-01 -6.229635556405106467e-01 1.876913233567142925e+02 -8.770956470744292188e-01 -4.514435662904874302e-01 -1.640180853991881349e-01 8.553869011913032239e+01 -4.020824421937828075e-01 5.033043151749905242e-01 7.648623902413539399e-01 5.386079569411703716e+01
-2.639436575839957388e-01 7.353324236469143127e-01 -6.241954600561732125e-01 1.878476873555665065e+02 -8.773709284049575619e-01 -4.518762977037673600e-01 -1.613321591108217712e-01 8.548640808013173853e+01 -4.006919011048333257e-01 5.050683501340108572e-01 7.644291740128072998e-01 5.383853180638480751e+01
-2.613574501282938112e-01 7.345715371662575599e-01 -6.261764448201785349e-01 1.879910641664810953e+02 -8.781699205154798182e-01 -4.502188783885383572e-01 -1.616185392967108281e-01 8.530701453727773753e+01 -4.006368355060133113e-01 5.076491094523540859e-01 7.627466864614749209e-01 5.381332120566025878e+01
-2.591646833164382713e-01 7.354388145329697757e-01 -6.260698179914366834e-01 1.880599498219151826e+02 -8.794522474223727126e-01 -4.476460411560894137e-01 -1.617923556322079237e-01 8.513240592916616833e+01 -3.992460537378276220e-01 5.086676438654430532e-01 7.627973627767405951e-01 5.382529055337744239e+01
-2.583101240225318396e-01 7.349202290195162579e-01 -6.270312087969516224e-01 1.881603574861325399e+02 -8.797890072259622052e-01 -4.470688118739187811e-01 -1.615573588976955133e-01 8.506655696085176999e+01 -3.990578687256027268e-01 5.099232632735486437e-01 7.620571389211145963e-01 5.381813445954936270e+01
-2.591893583733617668e-01 7.353138518744081198e-01 -6.262063683384466728e-01 1.882194683416137764e+02 -8.801830599647942899e-01 -4.467523935838439986e-01 -1.602812521105248800e-01 8.500416317544878098e+01 -3.976162188052903557e-01 5.096330425597690450e-01 7.630042624220758629e-01 5.387424626504247271e+01
-2.600422872460048662e-01 7.348634917286617219e-01 -6.263813992833962008e-01 1.883136975222745946e+02 -8.798955603339325693e-01 -4.475151651385613771e-01 -1.597309609175414369e-01 8.498716836838596578e+01 -3.976956270170710628e-01 5.096134078842169401e-01 7.629759909434460363e-01 5.391513926551050417e+01
-2.602702701820454045e-01 7.344676501285558601e-01 -6.267508734529231296e-01 1.883805707725170180e+02 -8.790103517055887217e-01 -4.488221118065514048e-01 -1.609332580541534552e-01 8.501603303813556067e+01 -3.994999224703080776e-01 5.090343631506075717e-01 7.624197197594466680e-01 5.398697240630566796e+01
-2.611174473595478940e-01 7.353701480810961311e-01 -6.253386474508201287e-01 1.884168168417839979e+02 -8.781994294318151706e-01 -4.498961444905080764e-01 -1.623552318781588399e-01 8.501078606668450277e+01 -4.007286373970152527e-01 5.067782596794808692e-01 7.632773772922712974e-01 5.413524859086557228e+01
-2.582835300710446536e-01 7.354002516524728028e-01 -6.264791201337195359e-01 1.885115691440861383e+02 -8.791553829652393182e-01 -4.477429077217640607e-01 -1.631321586570325666e-01 8.484715965934836390e+01 -4.004690134046368644e-01 5.086381409748381710e-01 7.621757086449143515e-01 5.411753697633157145e+01
-2.562399434446109847e-01 7.364532022845330372e-01 -6.260812824453062531e-01 1.885142005675669736e+02 -8.802913439227796344e-01 -4.453441209124835432e-01 -1.635718917886377077e-01 8.471572674636423983e+01 -3.992846618618465238e-01 5.092202812276274138e-01 7.624083315312909503e-01 5.412262214027003182e+01
-2.565913666139196803e-01 7.371670204291407291e-01 -6.250965162043575774e-01 1.885595514581297607e+02 -8.799411841506006304e-01 -4.457199128677322708e-01 -1.644301423365580328e-01 8.468022114983538984e+01 -3.998304428315089254e-01 5.078568137426185958e-01 7.630315024429559223e-01 5.421751756424063728e+01
-2.562442419607819932e-01 7.355026611865886910e-01 -6.271959214227968982e-01 1.886999792753605902e+02 -8.804078002357371702e-01 -4.454442304087185001e-01 -1.626700429693674343e-01 8.462798223210351978e+01 -3.990250540329709494e-01 5.105049196462572159e-01 7.616847991597004430e-01 5.415382365617625737e+01
-2.551123105019468262e-01 7.363530267824744957e-01 -6.266593404543226997e-01 1.887066062975730745e+02 -8.810549385524453214e-01 -4.440180819800638723e-01 -1.630648279890309915e-01 8.452667114047643793e+01 -3.983213580549065935e-01 5.105214616674150774e-01 7.620419495633169449e-01 5.418136468661433724e+01
-2.547222012948984204e-01 7.370364434061567049e-01 -6.260142819925794688e-01 1.887594033625964869e+02 -8.810464565017241956e-01 -4.437201737032085980e-01 -1.639193366706642174e-01 8.444367558469453172e+01 -3.985896908516791681e-01 5.097937705974819877e-01 7.623887261802634319e-01 5.425198970190615455e+01
-2.564994017442607799e-01 7.364374566291616020e-01 -6.259935537834298014e-01 1.888809309822810292e+02 -8.805939249794656476e-01 -4.450481757193429644e-01 -1.627466146441882144e-01 8.445939955291078149e+01 -3.984499920869561951e-01 5.095017112458566366e-01 7.626569412543546811e-01 5.433623210418474514e+01
-2.566271267464736994e-01 7.360834468650735429e-01 -6.263574674808961573e-01 1.889714700302878896e+02 -8.797622308679330372e-01 -4.462436287322413264e-01 -1.639665848706963469e-01 8.445848676005928723e+01 -4.002011181345287438e-01 5.089673693539833454e-01 7.620966355894499555e-01 5.440407648512708505e+01
-2.572994945060405048e-01 7.356283714389036943e-01 -6.266162057121428264e-01 1.890815063138589665e+02 -8.799310966227279485e-01 -4.463704729449142761e-01 -1.627103748359549629e-01 8.439737917310070259e+01 -3.993973401554639646e-01 5.095137878576790902e-01 7.621531766381746120e-01 5.443751248272823062e+01
-2.549295238169413391e-01 7.366671633170738254e-01 -6.263644533151956351e-01 1.890970415957626187e+02 -8.808776701013976140e-01 -4.441020366702259636e-01 -1.637922810821413333e-01 8.426847294777149955e+01 -3.988301244931246603e-01 5.099949720494640903e-01 7.621283751974237131e-01 5.444341581580611944e+01
-2.529744680752161745e-01 7.378715014942373029e-01 -6.257392154761447500e-01 1.891159572440652141e+02 -8.815961240393427323e-01 -4.422099545396318554e-01 -1.650412984221356072e-01 8.412247749825317555e+01 -3.984873807046704908e-01 5.098980323444055607e-01 7.623724837836387547e-01 5.448390679300543127e+01
-2.557735210078884158e-01 7.369965948543254486e-01 -6.256324201353032910e-01 1.892515500155743666e+02 -8.806403705568529583e-01 -4.446011073916948941e-01 -1.637143642188051140e-01 8.416739609049268722e+01 -3.988137957703020708e-01 5.090833669245224957e-01 7.627461450732319070e-01 5.459255274820882420e+01
-2.556287476215746146e-01 7.363160870106905120e-01 -6.264922692250007863e-01 1.893464712701858730e+02 -8.804512505538398814e-01 -4.449721495383684999e-01 -1.637234910859883541e-01 8.412910402012289524e+01 -3.993238520143833625e-01 5.097434709189215818e-01 7.620380929244452428e-01 5.459532242178926964e+01
-2.534082829966510797e-01 7.379090051853701704e-01 -6.255194179040539648e-01 1.893590326938461033e+02 -8.827074254488002092e-01 -4.409177105386452578e-01 -1.625397600309234081e-01 8.391845663414304113e+01 -3.957421422672091071e-01 5.109617134381956305e-01 7.630899581530760090e-01 5.460536514578171108e+01
-2.530675685073204839e-01 7.364788160784750959e-01 -6.273402260635292382e-01 1.894792334452593536e+02 -8.815251165367296027e-01 -4.426981034448624897e-01 -1.641092871266798536e-01 8.392018566293644710e+01 -3.985853417835354406e-01 5.114854276262124078e-01 7.612571067920042012e-01 5.461533848242621758e+01
-2.532302041159468775e-01 7.370875131966548865e-01 -6.265592243459251476e-01 1.895578752808015111e+02 -8.818403684628161043e-01 -4.421887533749067067e-01 -1.637884945230007883e-01 8.385196683611043511e+01 -3.977838964472556471e-01 5.110490233610835986e-01 7.619690725015823007e-01 5.468356904308141253e+01
-2.531098469208401536e-01 7.374748770842769474e-01 -6.261519073365824362e-01 1.895914150206031650e+02 -8.817569275034478071e-01 -4.421539344884104494e-01 -1.643308218688713518e-01 8.379212244866347703e+01 -3.980453820751963523e-01 5.105200327959225071e-01 7.621870964026229434e-01 5.473865484228768707e+01
-2.507111693324453050e-01 7.382026030913464432e-01 -6.262593922338550723e-01 1.896315152480178199e+02 -8.831225054342888292e-01 -4.393957799936680786e-01 -1.643958299934035472e-01 8.364670170225669210e+01 -3.965331637674484599e-01 5.118478927502930764e-01 7.620847621620985279e-01 5.473657025820551070e+01
-2.511614642458279700e-01 7.387194922119374452e-01 -6.254689686179712993e-01 1.896790260321814685e+02 -8.827230604339865172e-01 -4.399270334838731866e-01 -1.651187566212137248e-01 8.361337695918669510e+01 -3.971371519462114086e-01 5.106444134975103299e-01 7.625774488586949396e-01 5.482891044876612341e+01
-2.508652047451367384e-01 7.391767358804552934e-01 -6.250475199385215896e-01 1.897521574447711998e+02 -8.825171311949209230e-01 -4.399695685147793078e-01 -1.661032568266073428e-01 8.358638215695015106e+01 -3.977815508487886897e-01 5.099456166240032839e-01 7.627091882823345825e-01 5.492095278953759419e+01
-2.510882710061339562e-01 7.389937359932898797e-01 -6.251743263489232261e-01 1.898318889558867113e+02 -8.822850603659730950e-01 -4.403915210748396980e-01 -1.662178703401063773e-01 8.353789226530339818e+01 -3.981554375092239417e-01 5.098466105879971844e-01 7.625802785633586378e-01 5.496127111189149872e+01
-2.511138865448070412e-01 7.395332948404713669e-01 -6.245256774599088345e-01 1.899169675616284394e+02 -8.827607579088787570e-01 -4.396470746477900704e-01 -1.656619873410382915e-01 8.344690395628704493e+01 -3.970834424658167272e-01 5.097067348741203263e-01 7.632324574750863899e-01 5.503646847555731370e+01
-2.535066404525492256e-01 7.383857647742639863e-01 -6.249166709451647872e-01 1.900536726965317769e+02 -8.810476991080753439e-01 -4.429536616288458628e-01 -1.659729060598872097e-01 8.352395103446608005e+01 -3.993611587809062780e-01 5.085061612491270644e-01 7.628447737442057841e-01 5.514864356331414541e+01
-2.520691096393257169e-01 7.390698139232264596e-01 -6.246895021633750433e-01 1.900572964441894044e+02 -8.818738942841110040e-01 -4.412307950778853183e-01 -1.661740655310397496e-01 8.344243781467824306e+01 -3.984464814072458116e-01 5.090100152476618733e-01 7.629870286130429058e-01 5.513689870107316437e+01
-2.485891449619295202e-01 7.398058268601936938e-01 -6.252125842869784567e-01 1.900779117992998124e+02 -8.832324789367038687e-01 -4.381053855317984524e-01 -1.672245774979244093e-01 8.325270512042058613e+01 -3.976227171055771170e-01 5.106378459453819740e-01 7.623287775821128154e-01 5.510593092412629090e+01
-2.497097549640214798e-01 7.395181754690735021e-01 -6.251063160988707956e-01 1.901943325252127863e+02 -8.830559942953631891e-01 -4.387928561826441864e-01 -1.663518569241264899e-01 8.321900256281614361e+01 -3.973124075772567210e-01 5.104641980726662975e-01 7.626068143356664608e-01 5.518204328693193617e+01
-2.488673813839357152e-01 7.404979611700306386e-01 -6.242818241676839630e-01 1.902544211798786762e+02 -8.825567434445327208e-01 -4.388799774239842133e-01 -1.687541407400277582e-01 8.317095927805742406e+01 -3.989468900539074880e-01 5.089667326253766166e-01 7.627543798608854564e-01 5.530756420041115007e+01
-2.510187336186004980e-01 7.399184505215066210e-01 -6.241075884415818731e-01 1.903040033897521255e+02 -8.820043511740529585e-01 -4.404794497906079354e-01 -1.674699340843050499e-01 8.321813649879787533e+01 -3.988206613034890324e-01 5.084275178331874034e-01 7.631798865453881531e-01 5.533928892965924007e+01
-2.495770701669397518e-01 7.397296685538704564e-01 -6.249090361869220622e-01 1.904138720645081264e+02 -8.821522211657878421e-01 -4.398474983406690519e-01 -1.683497457548498166e-01 8.311788699458477936e+01 -3.993979778856595608e-01 5.092486579900201704e-01 7.623300201331505432e-01 5.537735112491784406e+01
-2.503329963892995114e-01 7.395264478658192253e-01 -6.248472003823968279e-01 1.905087142128597577e+02 -8.821327264965805881e-01 -4.401861949037637611e-01 -1.675648133107164872e-01 8.309622790180659990e+01 -3.989677227075699162e-01 5.092511627115936523e-01 7.625536109116693995e-01 5.542465772262620760e+01
-2.499833692361557169e-01 7.397837858471720818e-01 -6.246825316134307915e-01 1.905588726614155917e+02 -8.815028271112848035e-01 -4.407985644990279894e-01 -1.692613107901752845e-01 8.305264514967245759e+01 -4.005759364966297587e-01 5.083469049116177141e-01 7.623138089832997011e-01 5.550503321353345143e+01
-2.507373281374583041e-01 7.393303588039735752e-01 -6.249171247687782538e-01 1.906350169511791250e+02 -8.821082515091512866e-01 -4.404082098003776480e-01 -1.671096686607182191e-01 8.301604630539257812e+01 -3.987678834835585162e-01 5.093439204419887290e-01 7.625961879073539507e-01 5.548826313848167757e+01
-2.494303841191312099e-01 7.382148922633194887e-01 -6.267561378389833182e-01 1.907621652663159750e+02 -8.813454719832855000e-01 -4.412326139547195769e-01 -1.689495173039725073e-01 8.296025495351027246e+01 -4.012662987253509672e-01 5.102475411242481940e-01 7.606791730315194400e-01 5.550628121220960765e+01
-2.495025993677530973e-01 7.382405335586457173e-01 -6.266971896536480680e-01 1.908162059241098518e+02 -8.817199824434616140e-01 -4.407735428497572272e-01 -1.681920226514176664e-01 8.289498050811376118e+01 -4.003977091201151306e-01 5.106070882143325385e-01 7.608955749619290554e-01 5.552667961035776756e+01
-2.508182782682082390e-01 7.377076851043384842e-01 -6.267994596556142328e-01 1.909020603821866757e+02 -8.813119497726764617e-01 -4.418854824656275326e-01 -1.674110736301615276e-01 8.291243120554055679e+01 -4.004740172276540777e-01 5.104160966546000822e-01 7.609835542253371443e-01 5.557439408940700787e+01
-2.509542623256502125e-01 7.383006628105648339e-01 -6.260463956561601595e-01 1.909848975548337933e+02 -8.822470127626336200e-01 -4.405786706428871380e-01 -1.659236072593525124e-01 8.281340852426409072e+01 -3.983241979744617800e-01 5.106883259562794430e-01 7.619286495728945230e-01 5.563257295458725338e+01
-2.488724061809219901e-01 7.383274573968049426e-01 -6.268453486273051212e-01 1.910620169813898030e+02 -8.823702226518265190e-01 -4.397035986707995558e-01 -1.675814294404812665e-01 8.272163930682062016e+01 -3.993561263071903622e-01 5.114032762604460158e-01 7.609082555807877846e-01 5.565187555543787568e+01
-2.490470953219565686e-01 7.399944887356547651e-01 -6.248069309415134054e-01 1.910740543389185007e+02 -8.823266925908607172e-01 -4.393713483285395238e-01 -1.686784687197324939e-01 8.265385539073955101e+01 -3.993434009137610818e-01 5.092749502074669365e-01 7.623410478505097121e-01 5.578251821564662549e+01
-2.508967717480492521e-01 7.366013472963437447e-01 -6.280678825474347304e-01 1.912986804274761994e+02 -8.822086083924007838e-01 -4.410567242647644992e-01 -1.648542909941352608e-01 8.267863187872430331e+01 -3.984454557461419855e-01 5.127254832188921085e-01 7.604957578140739693e-01 5.568702064884374892e+01
-2.499444750527046732e-01 7.393340761068896150e-01 -6.252302642209506267e-01 1.912675840317751579e+02 -8.817800593473779092e-01 -4.405543377388443371e-01 -1.684511871042258802e-01 8.260787397732357817e+01 -3.999896077749551804e-01 5.092121359577559403e-01 7.620441681853994398e-01 5.588478251174331035e+01
-2.523197801981325039e-01 7.358467623072348918e-01 -6.283822649651452652e-01 1.914448495172422611e+02 -8.823755060397893146e-01 -4.415166822275482517e-01 -1.627159661981700256e-01 8.265188550991268812e+01 -3.971752697006599719e-01 5.134126622091998993e-01 7.606965514720505084e-01 5.574553883774034091e+01
-2.514360811805100848e-01 7.350225912036555398e-01 -6.296996804039618478e-01 1.915346714003212867e+02 -8.822920848443672748e-01 -4.415420879321525494e-01 -1.630989319569411122e-01 8.260785346481613090e+01 -3.979203112453141844e-01 5.145700875534633401e-01 7.595242266667030506e-01 5.572656676738483128e+01
-2.523254644837340521e-01 7.348849829856649585e-01 -6.295045049522891567e-01 1.916656943921604466e+02 -8.828539255629599403e-01 -4.411458950908753174e-01 -1.611187306384393447e-01 8.254150532993512002e+01 -3.961070639248173708e-01 5.151061648113224312e-01 7.601084349500610848e-01 5.578811663268189136e+01
-2.506336046215815738e-01 7.349818521519595471e-01 -6.300670386884775764e-01 1.917431641903164632e+02 -8.819554227528025869e-01 -4.417179537576239046e-01 -1.644380783307287652e-01 8.249364936896195388e+01 -3.991709264354280640e-01 5.144773331600260846e-01 7.589305931066618882e-01 5.585332725410236065e+01
-2.507944486757653912e-01 7.346777936691046840e-01 -6.303575842352620029e-01 1.918043219898044072e+02 -8.818464242365702255e-01 -4.419918080671001448e-01 -1.642867178525123095e-01 8.247429707289606426e+01 -3.993106917859752802e-01 5.146763848196964641e-01 7.587220771365057459e-01 5.588854068471182757e+01
-2.511774817254170955e-01 7.345064107159279265e-01 -6.304047947876689761e-01 1.919045194019695941e+02 -8.821673933661972056e-01 -4.417504025037906068e-01 -1.632092888570641498e-01 8.242994850278817864e+01 -3.983598407916733586e-01 5.151280564140767737e-01 7.589153594041225803e-01 5.592705726010685652e+01
-2.517318983490499651e-01 7.342033827404345070e-01 -6.305366318669256565e-01 1.919874955034357242e+02 -8.819465401200782262e-01 -4.422996896505937414e-01 -1.629149621895182587e-01 8.241478908368247858e+01 -3.984988729266459306e-01 5.150887081925713540e-01 7.588690736673230353e-01 5.596853919411123712e+01
-2.504290040908632164e-01 7.344567850765785222e-01 -6.307602910496468152e-01 1.920515035729191027e+02 -8.830330238404985321e-01 -4.403899684156389327e-01 -1.622015860772594298e-01 8.229858951719577931e+01 -3.969105600978188320e-01 5.163621854607960415e-01 7.588360170082770750e-01 5.597321346638207729e+01
-2.496536972722889214e-01 7.344114661644368658e-01 -6.311202974112610775e-01 1.921151286356275136e+02 -8.831822130183900610e-01 -4.399478311910705042e-01 -1.625886971416298232e-01 8.223479836162809420e+01 -3.970670095162975310e-01 5.168033515724097526e-01 7.584537466169632980e-01 5.599843780723902142e+01
-2.500923094912443911e-01 7.348930768105221834e-01 -6.303855981772579220e-01 1.921769525473330305e+02 -8.834954915099983985e-01 -4.395628159628313103e-01 -1.619266726155154101e-01 8.217026870811889694e+01 -3.960928593333156722e-01 5.164462183797939865e-01 7.592059999146267835e-01 5.606347797477097572e+01
-2.509238728310929645e-01 7.341998238339314531e-01 -6.308627653663430035e-01 1.922688629387313028e+02 -8.830232180403129183e-01 -4.406339962647221054e-01 -1.615910818625544421e-01 8.215855371277731933e+01 -3.966197252346073121e-01 5.165194091396807519e-01 7.588810799702543353e-01 5.610354196506332158e+01
-2.493253114595703757e-01 7.338541031787159108e-01 -6.318979698601279171e-01 1.923533357191499533e+02 -8.825975556318889081e-01 -4.407411992726864014e-01 -1.636115828915821468e-01 8.211451874201372902e+01 -3.985705004866806900e-01 5.169190947444647355e-01 7.575857744376935932e-01 5.614034407356152201e+01
-2.497951540791647496e-01 7.333659269898957778e-01 -6.322790508381701535e-01 1.924657707561583777e+02 -8.834308769996974675e-01 -4.399387543787094401e-01 -1.612568694947753012e-01 8.205777358681829980e+01 -3.964243516260217981e-01 5.182936518287297734e-01 7.577726729778051507e-01 5.610580950999779759e+01
-2.504776813135702884e-01 7.330071061354365147e-01 -6.324251050667821783e-01 1.925365106561761763e+02 -8.831997150323255275e-01 -4.405595522164114097e-01 -1.608276851717203859e-01 8.200725803547156545e+01 -3.965087571928223587e-01 5.182739269014290384e-01 7.577420023751986200e-01 5.615145567986345299e+01
-2.496607486925517261e-01 7.321576585103259927e-01 -6.337307580092288450e-01 1.926414294499303423e+02 -8.836725867052246386e-01 -4.398839980716340303e-01 -1.600775679044770805e-01 8.197035884930743066e+01 -3.959700368310361540e-01 5.200454127527633919e-01 7.568094202682970062e-01 5.609413654069732758e+01
-2.506044564086868931e-01 7.305642085416256259e-01 -6.351955160626172603e-01 1.927508874496005831e+02 -8.830434298237473945e-01 -4.414231965294226345e-01 -1.593105853697713292e-01 8.198676651669840965e+01 -3.967766468344868791e-01 5.209812844658574527e-01 7.557425446295095162e-01 5.610772319196027524e+01
-2.486238767309871811e-01 7.315347142568852101e-01 -6.348567789323451560e-01 1.927621239463229870e+02 -8.842337572466255624e-01 -4.389583133526071546e-01 -1.595188442916717630e-01 8.183830680543681524e+01 -3.953692330781077291e-01 5.217016014693957038e-01 7.559832065327224404e-01 5.610678834082867183e+01
-2.475887504703180308e-01 7.314601228904498154e-01 -6.353470699244906372e-01 1.928436200463089847e+02 -8.845497117867113790e-01 -4.382161898219054663e-01 -1.598073163407062458e-01 8.176971345697238291e+01 -3.953120514461875845e-01 5.224295738174293824e-01 7.555102397600882425e-01 5.612118632792405037e+01
-2.471977723550302652e-01 7.307409732612755171e-01 -6.363260888411493843e-01 1.929354364326632378e+02 -8.847342439454570773e-01 -4.380226257284343117e-01 -1.593157146681657699e-01 8.171861306839191741e+01 -3.951437446461364411e-01 5.235969913465238212e-01 7.547897798194522778e-01 5.611064141237390857e+01
-2.482108489209660096e-01 7.303738661027117107e-01 -6.363531961042639962e-01 1.930269129480354309e+02 -8.855246594390822068e-01 -4.373967471046682487e-01 -1.566210814276052798e-01 8.165118681642812248e+01 -3.927307627411317781e-01 5.246313956831341052e-01 7.553306869579281546e-01 5.612780669342929940e+01
-2.471122802511995786e-01 7.300089949957121460e-01 -6.371988607761338574e-01 1.931183797415669687e+02 -8.848666227159810438e-01 -4.380014142660062504e-01 -1.586373887335264798e-01 8.161761153304134098e+01 -3.949007229067404978e-01 5.246347570704104069e-01 7.541961221866664289e-01 5.615984714219274565e+01
-2.489433042756457048e-01 7.287171107355001620e-01 -6.379644220312195024e-01 1.932812001179022445e+02 -8.853643052784621048e-01 -4.382563576016076379e-01 -1.551174134665666005e-01 8.156078612622953017e+01 -3.926286772449374962e-01 5.262154858449876738e-01 7.542811042720175552e-01 5.615275603427523521e+01
-2.510946589255353967e-01 7.292461120895261661e-01 -6.365151846274992309e-01 1.933721941486932394e+02 -8.835676285936902019e-01 -4.412207569789237116e-01 -1.569474093837431306e-01 8.159784730511496775e+01 -3.952969996855424384e-01 5.229955560167369732e-01 7.551264334046003945e-01 5.635724494696631837e+01
-2.497110059328160325e-01 7.283648212228768237e-01 -6.380666898694744571e-01 1.934753944059798982e+02 -8.854058278053620334e-01 -4.385355856033053001e-01 -1.540878329001611480e-01 8.144802298260846385e+01 -3.920471063588188976e-01 5.264705379834022647e-01 7.544056196974834316e-01 5.626403687649423091e+01
-2.506912818839797108e-01 7.262615836828164584e-01 -6.400765526512387504e-01 1.936035156823586760e+02 -8.855296147953529706e-01 -4.391874444461623117e-01 -1.514981516759942859e-01 8.143830920358881542e+01 -3.911408729700343589e-01 5.288274772620802366e-01 7.532266038748653969e-01 5.618759085004452203e+01
-2.514468457478105101e-01 7.252588009249228973e-01 -6.409166524942383480e-01 1.937207248711325462e+02 -8.867098244509860061e-01 -4.380562990775418442e-01 -1.478254580936231022e-01 8.135551332951088455e+01 -3.879692912919513459e-01 5.311368472620129344e-01 7.532419787126778399e-01 5.611890864294545622e+01
-2.504869497592530081e-01 7.262963851428810846e-01 -6.401170587702605941e-01 1.937348052555771858e+02 -8.862189735940600999e-01 -4.381794977193993468e-01 -1.503817097265011116e-01 8.131842967852470849e+01 -3.897078634595357860e-01 5.296152270344562929e-01 7.534158827971740857e-01 5.622233029443582808e+01
-2.526326133212355440e-01 7.248690164208310138e-01 -6.408913103792095445e-01 1.938910810472749517e+02 -8.860946845593057342e-01 -4.393608598802849485e-01 -1.476422866288699676e-01 8.130617856176290559e+01 -3.886038763088033865e-01 5.305911267994913860e-01 7.532994646748518708e-01 5.622742618699140849e+01
-2.517777707046022773e-01 7.241651210946756789e-01 -6.420224541002866880e-01 1.939709095511877024e+02 -8.864800291329569815e-01 -4.387267975133870568e-01 -1.472139772306946537e-01 8.124629816626085699e+01 -3.882796828671989386e-01 5.320748768111323024e-01 7.524195726713691634e-01 5.620960604445666320e+01
-2.515572767565115164e-01 7.263030629002130700e-01 -6.396896101490290309e-01 1.939574902127478992e+02 -8.863431933956625874e-01 -4.383497442552168888e-01 -1.491484000335393523e-01 8.119262162698201735e+01 -3.887347167825723204e-01 5.294651664964888926e-01 7.540238440757816019e-01 5.636065731311349936e+01
-2.522453941050253334e-01 7.266771410743713133e-01 -6.389934223392119694e-01 1.940087565875128064e+02 -8.865699835610123536e-01 -4.381717801377940091e-01 -1.483211223646281329e-01 8.113489198364109711e+01 -3.877704545235837741e-01 5.290990679739049352e-01 7.547769543830271655e-01 5.643076086696208193e+01
-2.501788704327416735e-01 7.266683282329002846e-01 -6.398153433078945795e-01 1.941072788336772419e+02 -8.868505674269511196e-01 -4.371339500385296173e-01 -1.496996351973073902e-01 8.104275993314317361e+01 -3.884669919613403244e-01 5.299689146232200443e-01 7.538078970729836792e-01 5.644515501981391026e+01
-2.492582357719541619e-01 7.260731274162561810e-01 -6.408495498506884269e-01 1.941985898368698713e+02 -8.864442747698164649e-01 -4.375327328883291678e-01 -1.509359313718380280e-01 8.100854576716980660e+01 -3.899831786470630002e-01 5.304553904856157409e-01 7.526820039545822905e-01 5.646313362183504836e+01
-2.507905480191818803e-01 7.261119291651375596e-01 -6.402074408723477106e-01 1.942741819466276638e+02 -8.870517076412675062e-01 -4.371832723059474457e-01 -1.483578592005661556e-01 8.095158027285505398e+01 -3.876123953061223482e-01 5.306903548585992780e-01 7.537402591510582450e-01 5.651409304102578091e+01
-2.502867749978903156e-01 7.257119503088543810e-01 -6.408577809780220402e-01 1.943586904666913711e+02 -8.864546884953560246e-01 -4.379317792527204212e-01 -1.497125310892445937e-01 8.092867720124927189e+01 -3.893001611941060425e-01 5.306203180235991024e-01 7.529192935466441083e-01 5.655612034999550275e+01
-2.509708879071776977e-01 7.254776330715860810e-01 -6.408555354648440838e-01 1.944303035511693452e+02 -8.863771787120274803e-01 -4.383095211604475239e-01 -1.490646192716636176e-01 8.089726330581714819e+01 -3.890361300465415839e-01 5.306288416331593760e-01 7.530497473244791573e-01 5.658038419399871088e+01
-2.532380501146773710e-01 7.235475842715324291e-01 -6.421443632618335506e-01 1.946171197999688047e+02 -8.852892514663490697e-01 -4.409532958720956408e-01 -1.477265450001696290e-01 8.093227382529752845e+01 -3.900428581736463673e-01 5.310735204793830544e-01 7.522150521183201821e-01 5.664345614803989548e+01
-2.521507722530069717e-01 7.250677310229021177e-01 -6.408562814559226606e-01 1.946512408888167727e+02 -8.860727483529062809e-01 -4.391931198169451989e-01 -1.482716700242686925e-01 8.079770038261837328e+01 -3.889666729663860401e-01 5.304584705090106267e-01 7.532056414995187410e-01 5.672647747939842588e+01
-2.521625006221952514e-01 7.249258409062073749e-01 -6.410121671749996475e-01 1.947238892963262629e+02 -8.863361783281136219e-01 -4.388698791160627888e-01 -1.476529992630250809e-01 8.074609498054361723e+01 -3.883584069730895427e-01 5.309197249971794319e-01 7.531945255657687133e-01 5.675331682968905511e+01
-2.515766215771266801e-01 7.241509780054709022e-01 -6.421172513875943455e-01 1.947978175521569710e+02 -8.872000061571070351e-01 -4.376775497272533677e-01 -1.459949024438073062e-01 8.065050067473821116e+01 -3.867626566134175214e-01 5.329575250603629799e-01 7.525761914456663426e-01 5.671866191782765299e+01
-2.535034781226319645e-01 7.225363447018160468e-01 -6.431774383206136925e-01 1.949485886612138472e+02 -8.870033516711974819e-01 -4.389120021132486560e-01 -1.434618713282446167e-01 8.065626362087600398e+01 -3.859547132809630909e-01 5.341324601499877200e-01 7.521578785802428557e-01 5.671803331397029524e+01
-2.539091465753502419e-01 7.223853385678887795e-01 -6.431870395985403999e-01 1.950055594934221403e+02 -8.864414093874043443e-01 -4.398472575524834394e-01 -1.440694892988512721e-01 8.065553244697738933e+01 -3.869777422651718979e-01 5.335670648060244492e-01 7.520335194295756365e-01 5.678513793509204532e+01
-2.531122804440180118e-01 7.234791201662227333e-01 -6.422710768608043130e-01 1.950342229515821373e+02 -8.865647978454902489e-01 -4.391840210382389476e-01 -1.453280939318652987e-01 8.058829062325600034e+01 -3.872170356655478818e-01 5.326306021514274347e-01 7.525739890151623701e-01 5.686513500601022031e+01
-2.541754908984459327e-01 7.227699809552938781e-01 -6.426494958034416616e-01 1.951146469390483276e+02 -8.867919764443978892e-01 -4.393595389854092481e-01 -1.433986960065072591e-01 8.055843286433430706e+01 -3.859984589870431582e-01 5.334479825928788443e-01 7.526210464285566504e-01 5.686103520382883403e+01
-2.538149461537895224e-01 7.210707239657747625e-01 -6.446975912382666429e-01 1.952394790404743503e+02 -8.870961885793280377e-01 -4.392038354530212185e-01 -1.419871231182098792e-01 8.051908750781164770e+01 -3.855364124398357184e-01 5.358703219649598726e-01 7.511355887722211966e-01 5.680354480446227683e+01
-2.554264443550053887e-01 7.219162000749530517e-01 -6.431130006410228361e-01 1.952797390077007833e+02 -8.865621363698632518e-01 -4.402511378684530463e-01 -1.420792523939967411e-01 8.052600228210553723e+01 -3.857005443079695728e-01 5.338688375199223124e-01 7.524753513874476996e-01 5.693608639355542778e+01
-2.559450923708510572e-01 7.208710555466277814e-01 -6.440784354147925939e-01 1.953810359951830264e+02 -8.862742071356977114e-01 -4.410381644531928824e-01 -1.414332608043398498e-01 8.051382030039867743e+01 -3.860183149246505518e-01 5.346309556795686424e-01 7.517709769417042498e-01 5.693465991864417930e+01
-2.539081992845744207e-01 7.217908608101795132e-01 -6.438544708138362882e-01 1.954053620035846563e+02 -8.871449688241854759e-01 -4.390057734610304241e-01 -1.422945366407918355e-01 8.040289937290904732e+01 -3.853627260465133375e-01 5.350625048709568565e-01 7.518002961260505934e-01 5.697204428687593492e+01
-2.527826339108694143e-01 7.213455677699079915e-01 -6.447957132703288075e-01 1.954748459406283416e+02 -8.878327462043306140e-01 -4.378011743109577747e-01 -1.417150187496818425e-01 8.032193240483238128e+01 -3.845178211219340003e-01 5.366476531493035163e-01 7.511027503670753003e-01 5.694586594712720284e+01
-2.535659238697076656e-01 7.213395267725382087e-01 -6.444948482087907715e-01 1.955614354940171324e+02 -8.874529666735941902e-01 -4.385720458318274062e-01 -1.417102415392832437e-01 8.028198763773912106e+01 -3.848786226777710651e-01 5.360259767310313617e-01 7.513618289979906439e-01 5.703462272853031578e+01
-2.533952029674810813e-01 7.208493114922066569e-01 -6.451101775931616933e-01 1.956333145507813072e+02 -8.875346942371983294e-01 -4.385135136575264436e-01 -1.413791528656652696e-01 8.024580401463444446e+01 -3.848025956751744969e-01 5.367328650836857840e-01 7.508959940635627772e-01 5.703912330548223508e+01
-2.547446990109891729e-01 7.194154825564769151e-01 -6.461783823247513325e-01 1.957503216156270582e+02 -8.872566681614209028e-01 -4.396240714465635691e-01 -1.396648868106854513e-01 8.026976979395979583e+01 -3.845526532594660818e-01 5.377471889864037236e-01 7.502980858354404425e-01 5.704674091132539360e+01
-2.561431946675902793e-01 7.181645595450056874e-01 -6.470164829732001355e-01 1.959013360306720699e+02 -8.864352819397565142e-01 -4.414621180425750691e-01 -1.390815921168167268e-01 8.026934447080624579e+01 -3.855167373251981999e-01 5.379134351797620894e-01 7.496839210595636072e-01 5.711232259080023255e+01
-2.530765800800873766e-01 7.186317285376285779e-01 -6.477041634527193059e-01 1.959581596045495644e+02 -8.873292258863149096e-01 -4.391870807337505678e-01 -1.405757909618821910e-01 8.012915354850700567e+01 -3.854855243753777527e-01 5.391503935411582349e-01 7.488108997880934536e-01 5.710700683515545961e+01
-2.516296230388976873e-01 7.194723069074763222e-01 -6.473346371101552643e-01 1.959665887507169657e+02 -8.872343536590027169e-01 -4.386939072686342200e-01 -1.426984842690024180e-01 8.007614931467928443e+01 -3.866493689333968531e-01 5.384303625526825066e-01 7.487289297100738761e-01 5.716035622894543167e+01
-2.537424194524815491e-01 7.189009573033811051e-01 -6.471446501043514044e-01 1.960516347947090594e+02 -8.870713232625058176e-01 -4.396910486149607777e-01 -1.406280527248513212e-01 8.006755726949569407e+01 -3.856413515375498591e-01 5.383801587690233426e-01 7.492846939769509662e-01 5.721499941273410172e+01
-2.538206280717303365e-01 7.191008459857896051e-01 -6.468918472726292723e-01 1.960926227636057035e+02 -8.876758405607326763e-01 -4.388255923091619604e-01 -1.395123708468568591e-01 8.000999014970524570e+01 -3.841961619408371109e-01 5.388191466874908686e-01 7.497114353622295058e-01 5.722930818214574344e+01
-2.537682983702969075e-01 7.178227022616195940e-01 -6.483303315903630182e-01 1.961957201648743876e+02 -8.874615818400800604e-01 -4.393853786882471191e-01 -1.391130107246923986e-01 7.998995416657145086e+01 -3.847253455390569066e-01 5.400657896153131521e-01 7.485421507083228621e-01 5.721615460893132621e+01
-2.522142084074254775e-01 7.179207685752113655e-01 -6.488279919406941820e-01 1.962404606622088750e+02 -8.876603006739998136e-01 -4.386156365690163650e-01 -1.402694334646747698e-01 7.992677928830201495e+01 -3.852884421894330336e-01 5.405609062867330339e-01 7.478948608659546915e-01 5.724585901271834132e+01
-2.514329566923794168e-01 7.181946996337629230e-01 -6.488280524968823570e-01 1.962939364522046617e+02 -8.877252080237656440e-01 -4.382277109693337724e-01 -1.410688781331303765e-01 7.988567729608736556e+01 -3.856493528168949414e-01 5.405116527481597100e-01 7.477444282075011994e-01 5.728881307038584225e+01
-2.517959565150793555e-01 7.189884628056338878e-01 -6.478073684630697437e-01 1.963121524717422517e+02 -8.873937430955606276e-01 -4.386289554988578310e-01 -1.419048417526014572e-01 7.985771259016964052e+01 -3.861750134297997628e-01 5.391291401421113294e-01 7.484708606566601308e-01 5.737005736840490755e+01
-2.525474534322800224e-01 7.184567349087018773e-01 -6.481047012861408385e-01 1.963963550802024258e+02 -8.875541486002147540e-01 -4.387495559286789248e-01 -1.405220995962391806e-01 7.985707865930088190e+01 -3.853146987430126069e-01 5.397395179498297724e-01 7.484743387023143901e-01 5.739586482784157795e+01
-2.542707877737464539e-01 7.165247926705742287e-01 -6.495680010386204462e-01 1.965747612682362444e+02 -8.883656820935652565e-01 -4.385348024495208108e-01 -1.359913303082024294e-01 7.980222940086937911e+01 -3.822993347670817776e-01 5.424752976209613609e-01 7.480426258627888014e-01 5.735443323742252630e+01
-2.517282543894163727e-01 7.154437921917728982e-01 -6.517461669671040791e-01 1.966617302342887399e+02 -8.866222718684291237e-01 -4.404579005322686314e-01 -1.410595083132341887e-01 7.985567915757115998e+01 -3.879868979346112745e-01 5.423440034451945113e-01 7.452040988602492977e-01 5.739829791563949613e+01
-2.522375882130321045e-01 7.137397463546157894e-01 -6.534154678044601372e-01 1.967870853355659335e+02 -8.865544485114358331e-01 -4.410726172967258663e-01 -1.395569994504035072e-01 7.985436849088203815e+01 -3.878110479564199076e-01 5.440868687486077881e-01 7.440242404238444074e-01 5.738475626916986272e+01
-2.533745080405132022e-01 7.129692303670726039e-01 -6.538166679008823312e-01 1.969161021632889117e+02 -8.862145432965461422e-01 -4.420529921861273692e-01 -1.386107331666146802e-01 7.981324563950097684e+01 -3.878468021331653026e-01 5.443014134182241337e-01 7.438486602972415040e-01 5.743940722476965277e+01
-2.514520571875984434e-01 7.156492923285781016e-01 -6.516271582168210452e-01 1.968759686774215822e+02 -8.874229951292283980e-01 -4.392076905054143054e-01 -1.399179485154407598e-01 7.966463721525866504e+01 -3.863318400701577504e-01 5.430862684606427848e-01 7.455233157705400959e-01 5.752404649080391152e+01
-2.512575833699963734e-01 7.159299894793740293e-01 -6.513937956130170237e-01 1.969299144235368715e+02 -8.870642741822252209e-01 -4.395916910692556634e-01 -1.409826890523601939e-01 7.961757217049611768e+01 -3.872810352555772218e-01 5.424051947639658700e-01 7.455266624504000017e-01 5.760695004756328785e+01
-2.507592097459694358e-01 7.182540326054095425e-01 -6.490230838526807045e-01 1.969209097647408271e+02 -8.868752113032080109e-01 -4.391952414451252285e-01 -1.433872360701876625e-01 7.954124319203974380e+01 -3.880363105476940522e-01 5.396468146278869948e-01 7.471339486052741563e-01 5.776375998046563609e+01
-2.504238146644262031e-01 7.196116168709930649e-01 -6.476473067289264529e-01 1.969370222339654219e+02 -8.872666985088731861e-01 -4.382467721739549127e-01 -1.438665089458766311e-01 7.941613242282734575e+01 -3.873573527972348218e-01 5.386082876668578656e-01 7.482348519619317351e-01 5.784239742844212628e+01
-2.563408185011921692e-01 7.181540526648385603e-01 -6.469498755013458613e-01 1.970355922011723919e+02 -8.854055470094496227e-01 -4.429548492046504471e-01 -1.408829971677990900e-01 7.950219706840185552e+01 -3.877452799132901640e-01 5.366989455990697211e-01 7.494049904409572083e-01 5.794060670754824827e+01
-2.571233821939638009e-01 7.150783320788799413e-01 -6.500388798529084244e-01 1.972015550593404782e+02 -8.858474086589990248e-01 -4.432327663590376332e-01 -1.371826643488566477e-01 7.944267010631340042e+01 -3.862148817708519477e-01 5.405623866095400354e-01 7.474157954456976949e-01 5.782613415914073585e+01
-2.563990774593942756e-01 7.144252723991585396e-01 -6.510422745378060538e-01 1.972747694893789401e+02 -8.859421658397254040e-01 -4.430238460419739788e-01 -1.372455850852556392e-01 7.935713895767923987e+01 -3.864789669117690840e-01 5.415961613560106303e-01 7.465303785776208345e-01 5.779950577228711950e+01
-2.560301524707189191e-01 7.153784862445833337e-01 -6.501401252378052886e-01 1.972731992511793067e+02 -8.871176237026103806e-01 -4.410617385751658404e-01 -1.359664093858712619e-01 7.926648572684241856e+01 -3.840193780814381563e-01 5.419392624487184840e-01 7.475499669416650894e-01 5.782718772932224738e+01
-2.589553539245710301e-01 7.131279196346167470e-01 -6.514527572367809771e-01 1.973864955883110781e+02 -8.858705903828341111e-01 -4.441428480546831814e-01 -1.340538235808448608e-01 7.932254670652231709e+01 -3.849356073014935653e-01 5.423888833295524847e-01 7.467522195962671416e-01 5.784363519248617536e+01
-2.588341142440213627e-01 7.120988139481371215e-01 -6.526256051344978548e-01 1.974918015199094157e+02 -8.864061852145416198e-01 -4.435610446290638720e-01 -1.324298852260230863e-01 7.924188922565708992e+01 -3.837824593658716865e-01 5.442140009786868848e-01 7.460175232672842105e-01 5.782279681413788808e+01
-2.566998589011852960e-01 7.118190902889358629e-01 -6.537727167298617026e-01 1.975473754253884238e+02 -8.864616541619056989e-01 -4.429224469385966145e-01 -1.341843571302732963e-01 7.916248759986055461e+01 -3.850855984591607939e-01 5.450993383761886246e-01 7.446984578748578887e-01 5.780934768193434081e+01
-2.581694492704325050e-01 7.105652228527921110e-01 -6.545575601393386345e-01 1.976277918617395244e+02 -8.857054310384124829e-01 -4.446735870158071702e-01 -1.333839961897833326e-01 7.918179788051558887e+01 -3.858424871530637956e-01 5.453095131048585342e-01 7.441526120527159893e-01 5.783607965209248647e+01
-2.572953529213151125e-01 7.105583192080522359e-01 -6.549091359641612264e-01 1.976610535654970704e+02 -8.863654567293861586e-01 -4.434884331530308810e-01 -1.329446756225200199e-01 7.912045219580051025e+01 -3.849095718243483177e-01 5.462827881818153042e-01 7.439218620623397893e-01 5.782770887793015646e+01
-2.584010771653728611e-01 7.086110733448580667e-01 -6.565814725171759125e-01 1.977875296182190539e+02 -8.856816657920092428e-01 -4.451689694562155353e-01 -1.318809141353758652e-01 7.914641561218709853e+01 -3.857419736036855618e-01 5.474440020370475724e-01 7.426359770668228277e-01 5.783886204570391243e+01
-2.593046053981686860e-01 7.095815508555469719e-01 -6.551756591210764480e-01 1.978241040142489169e+02 -8.855143722222185154e-01 -4.454685778535549812e-01 -1.319925859017144487e-01 7.912255090596957530e+01 -3.855196729185039750e-01 5.459411770791502416e-01 7.438567153439172852e-01 5.794912493374046392e+01
-2.581076511501525506e-01 7.101846089783530047e-01 -6.549948561538594394e-01 1.978181119360359901e+02 -8.851875612259181292e-01 -4.454641796193203884e-01 -1.341813926257936496e-01 7.910358664151090125e+01 -3.870703061055738581e-01 5.451600552556558066e-01 7.436242951148029912e-01 5.797293126152253251e+01
-2.588859131096084010e-01 7.108723766837987679e-01 -6.539407832987109703e-01 1.978316045672465862e+02 -8.854520777927352704e-01 -4.451749783512499725e-01 -1.333936152238625050e-01 7.905887426643778326e+01 -3.859439103366344437e-01 5.444994974450311220e-01 7.446929537441431268e-01 5.804735411801101463e+01
-2.604140097970051304e-01 7.092505969878957206e-01 -6.550939888090558938e-01 1.979414808281570402e+02 -8.840411439220250411e-01 -4.479286473911352484e-01 -1.335334516118952819e-01 7.912311001234877494e+01 -3.881440445948944884e-01 5.443560576669119744e-01 7.436536042586321393e-01 5.807875787989525662e+01
-2.627841466349642996e-01 7.080233275663304626e-01 -6.554749880042982646e-01 1.980231840909472112e+02 -8.841573218189296979e-01 -4.486832304728278764e-01 -1.301890508700535576e-01 7.909651934558461051e+01 -3.862775201216239740e-01 5.453313912790722640e-01 7.439108489155941140e-01 5.808385380514791763e+01
-2.632092228018960700e-01 7.070452651817775713e-01 -6.563595798158594619e-01 1.981414430098186301e+02 -8.842507120731719628e-01 -4.488630882257973465e-01 -1.289286865925821368e-01 7.905666699644164908e+01 -3.857740053841240413e-01 5.464512064333189034e-01 7.433501838013225615e-01 5.812596511878400918e+01
-2.643284522497622024e-01 7.057779280347487028e-01 -6.572731438528599535e-01 1.982456275213356207e+02 -8.833365334398901592e-01 -4.507149912203973763e-01 -1.287344762664418552e-01 7.910215528409850094e+01 -3.871008111870125612e-01 5.465651955514312377e-01 7.425762243636558901e-01 5.815813129342140542e+01
-2.627087801860874539e-01 7.047041153583493145e-01 -6.590722317091991522e-01 1.983142510933607809e+02 -8.848193254848950584e-01 -4.483707359075213006e-01 -1.267219177182984380e-01 7.899092385990812204e+01 -3.848101584698530031e-01 5.498688870801421436e-01 7.413267491192075953e-01 5.808809162636443091e+01
-2.617450371903562445e-01 7.041563996703451567e-01 -6.600403777872353439e-01 1.984069279298314541e+02 -8.851265753423823712e-01 -4.477715504997594742e-01 -1.266948467211964635e-01 7.893342715258847875e+01 -3.847602904782213562e-01 5.510575318116417431e-01 7.404695236839773376e-01 5.810551407757837694e+01
-2.630284970478178330e-01 7.057476265999601539e-01 -6.578269508687597522e-01 1.983813288957020973e+02 -8.851871553681606164e-01 -4.477320833529001565e-01 -1.264107649992505245e-01 7.888661962506377279e+01 -3.837443285730619547e-01 5.490503338356104157e-01 7.424850309622509359e-01 5.819826793762630501e+01
-2.653239813504768563e-01 7.025773334571823181e-01 -6.602940825363550204e-01 1.985229008597365521e+02 -8.848587243080965337e-01 -4.494254153123278250e-01 -1.226451551721047806e-01 7.892014768871500507e+01 -3.829206483544336237e-01 5.517262786776941930e-01 7.409250235214650537e-01 5.812976241285570467e+01
-2.635195060427517610e-01 7.020401487563566745e-01 -6.615868041830468282e-01 1.985083832839287652e+02 -8.864328311289274565e-01 -4.467614458653992315e-01 -1.210001916734547711e-01 7.884424822572317737e+01 -3.805184697642665093e-01 5.545663531286503245e-01 7.400417921616657679e-01 5.802075509546717313e+01
-2.619186453728039599e-01 7.047063280731260537e-01 -6.593842691327780337e-01 1.984993956650520772e+02 -8.881760507998874843e-01 -4.432951127031110605e-01 -1.209658870882725501e-01 7.865566866126007994e+01 -3.775472500119578800e-01 5.539660948354410142e-01 7.420105388612614483e-01 5.810504302242320307e+01
-2.608580504796551569e-01 7.031927513739754110e-01 -6.614174414959529402e-01 1.985621238529399477e+02 -8.895958722353284331e-01 -4.411882018602653055e-01 -1.182038689771671702e-01 7.858227273217977427e+01 -3.749296755417196314e-01 5.575597949587151048e-01 7.406448632399852405e-01 5.801397253827776268e+01
-2.617379254899092622e-01 7.014679497848190781e-01 -6.628996709796450837e-01 1.986344146906064907e+02 -8.900863680059816208e-01 -4.409911698566357785e-01 -1.152087045252956632e-01 7.853172636481433244e+01 -3.731481151636164562e-01 5.598834731738016046e-01 7.397911736542154282e-01 5.797846920466451337e+01
-2.615777962834520132e-01 7.013915829976223870e-01 -6.630436665797982965e-01 1.987014792971920656e+02 -8.905978978256569034e-01 -4.401935565846468723e-01 -1.143023058817311532e-01 7.848225783786359955e+01 -3.720382250253517209e-01 5.606063503399237868e-01 7.398027298398786034e-01 5.799583692677478552e+01
-2.658667682521220765e-01 6.998047332869072878e-01 -6.630144770730218573e-01 1.987744005311791682e+02 -8.890271672957368310e-01 -4.439282303457279255e-01 -1.120643659341716836e-01 7.853986824881013717e+01 -3.727540172141542429e-01 5.596436916211515733e-01 7.401711836321104299e-01 5.805703763769400183e+01
-2.626614983179631491e-01 6.976803099750371606e-01 -6.665216593438649806e-01 1.988970276320680171e+02 -8.903375605069164811e-01 -4.414948308388246812e-01 -1.112714819403019528e-01 7.843383666292726275e+01 -3.718977892539236940e-01 5.642025340387388788e-01 7.371346789646447961e-01 5.794288033997648313e+01
-2.623432128971665556e-01 6.951645422800832863e-01 -6.692699737798746273e-01 1.990158215263471675e+02 -8.900104351630756527e-01 -4.423290681100884303e-01 -1.105731468562471675e-01 7.841318122867144780e+01 -3.729040948389068522e-01 5.666491459989884127e-01 7.347457256704476025e-01 5.790356829282498552e+01
-2.625569160489786835e-01 6.940200293609867233e-01 -6.703730787260366863e-01 1.991085627002982221e+02 -8.897262342993766948e-01 -4.430030493734236074e-01 -1.101613645762391236e-01 7.840766081646313523e+01 -3.734315115711321909e-01 5.675248867597115776e-01 7.338013416954727308e-01 5.793181209008891841e+01
-2.662015153854200289e-01 6.942138323793307642e-01 -6.687330619460272185e-01 1.991092667685252877e+02 -8.877315263392198119e-01 -4.468926502300083481e-01 -1.105427352377324479e-01 7.850019745948468142e+01 -3.755921862205680029e-01 5.642287781597130625e-01 7.352390057297366610e-01 5.804120260683036037e+01
-2.661456550880898497e-01 6.934022966225822371e-01 -6.695967034837163601e-01 1.992413457571745425e+02 -8.875489468780700664e-01 -4.472870520281906348e-01 -1.104135860460989382e-01 7.849228685220209911e+01 -3.760629696917260345e-01 5.649137528211356507e-01 7.344719836046714745e-01 5.808716715633396888e+01
-2.649902581861096618e-01 6.909908739095815822e-01 -6.725412814393862959e-01 1.993386565900842129e+02 -8.875983989969835619e-01 -4.473230913418901888e-01 -1.098687127908885286e-01 7.845103567090653485e+01 -3.767615229351992667e-01 5.678324260959459746e-01 7.318586548709671291e-01 5.803784470685968699e+01
-2.674575134947485555e-01 6.881158650138600175e-01 -6.745094771694715163e-01 1.994607562779741556e+02 -8.861558392185965305e-01 -4.505611987256843420e-01 -1.082701935975901586e-01 7.843463608357276939e+01 -3.784102365079355379e-01 5.687628350368032493e-01 7.302838697293720926e-01 5.805563799310707651e+01
-2.671133525805011733e-01 6.874471880742484275e-01 -6.753271951298968068e-01 1.995029892351138301e+02 -8.855945605081646521e-01 -4.514277381280962231e-01 -1.092486688564282271e-01 7.844133228436450622e+01 -3.799641184000871474e-01 5.688843123670749291e-01 7.293818669744160932e-01 5.806512918119828726e+01
-2.673856081040568711e-01 6.862756892625373473e-01 -6.764100937346020359e-01 1.995707855600569474e+02 -8.847529363245484335e-01 -4.529408970361150644e-01 -1.098033945614123597e-01 7.843555821191938549e+01 -3.817291949064328116e-01 5.690959691645591789e-01 7.282943083923818506e-01 5.808248897428908464e+01
-2.692809088909271509e-01 6.862454603065983871e-01 -6.756885083494178490e-01 1.995951544693380413e+02 -8.842840375467129199e-01 -4.541011018847251890e-01 -1.087838692415472597e-01 7.839466202967935260e+01 -3.814833325939154252e-01 5.682071431051034516e-01 7.291166638319115378e-01 5.811612638891357108e+01
-2.809630549023633961e-01 6.803615190083556197e-01 -6.768810569314037684e-01 1.996890906879826559e+02 -8.761511992257673409e-01 -4.696845917027039352e-01 -1.084226010217146652e-01 7.841300871910102899e+01 -3.916871683820918326e-01 5.625874045601332307e-01 7.280635785115966430e-01 5.816319705374478843e+01
-2.933301165755379802e-01 6.731686145187939507e-01 -6.788235846938648343e-01 1.998480898265680423e+02 -8.666479643550019096e-01 -4.869921485704211683e-01 -1.084433174985721393e-01 7.850002377737294523e+01 -4.035823938046760317e-01 5.564913868674089548e-01 7.262496731519231252e-01 5.821775237020227678e+01
-3.050329749677958002e-01 6.690338131072127714e-01 -6.777526400549973573e-01 1.998602710337279404e+02 -8.576516854027148584e-01 -5.023521477181196460e-01 -1.098904281949732165e-01 7.854713833218043817e+01 -4.139909065525211318e-01 5.477554897965104530e-01 7.270319475027260392e-01 5.831611684096610304e+01
-3.181150170393223231e-01 6.623614603696579284e-01 -6.782920696507115377e-01 1.999439073445930433e+02 -8.480618443982130827e-01 -5.186263720518735632e-01 -1.087096789076875958e-01 7.858828970151070337e+01 -4.237852569521178281e-01 5.406514422706054646e-01 7.267063189217097818e-01 5.834861949658672842e+01
-3.276276222976368668e-01 6.548271404359594650e-01 -6.810738265827440685e-01 2.000505376972568570e+02 -8.388357608238353746e-01 -5.333113814418237730e-01 -1.092407286121415133e-01 7.863245530196854816e+01 -4.347582172549413482e-01 5.355188013254795765e-01 7.240199624017467084e-01 5.834665102800363456e+01
-3.382767381461109224e-01 6.489272373229033608e-01 -6.815147020348804041e-01 2.001328105522897260e+02 -8.299686041653613344e-01 -5.470676186253560225e-01 -1.089455678372626413e-01 7.858671816246518915e+01 -4.435323714556009822e-01 5.287820546425968660e-01 7.236494829397202011e-01 5.838289519493080348e+01
-3.511531847893367697e-01 6.440974546474236284e-01 -6.795806866951238367e-01 2.001702915592855732e+02 -8.208251067486154184e-01 -5.609649863101453526e-01 -1.075380317152150045e-01 7.854368757291759096e+01 -4.504859431141331472e-01 5.200545673780480049e-01 7.256760034655971303e-01 5.848444275955552740e+01
-3.629874885722776945e-01 6.376824932039643068e-01 -6.794123350375431691e-01 2.002442233003698107e+02 -8.106989453138849777e-01 -5.755836221930379359e-01 -1.071014188986174342e-01 7.856365686728985054e+01 -4.593553125924914049e-01 5.119223883796434338e-01 7.258981781687677826e-01 5.855686732356669211e+01
-3.698398139753447111e-01 6.331344447384176233e-01 -6.799700632266525435e-01 2.002703415179935575e+02 -8.044222177465497614e-01 -5.844104865970596308e-01 -1.066268200365644847e-01 7.846971189843169725e+01 -4.648907480197950748e-01 5.075481829749399765e-01 7.254456798165058729e-01 5.854896655280496276e+01
-3.795705355659386715e-01 6.280268488802026594e-01 -6.793441584467989625e-01 2.003039738077961829e+02 -7.973513768285364067e-01 -5.944757024777982402e-01 -1.040645041941091198e-01 7.837372698220144684e+01 -4.692088984661564321e-01 5.021761804876168078e-01 7.264035334103522423e-01 5.852744224482074742e+01
-3.815386370236066860e-01 6.257937908042421338e-01 -6.803016976673110783e-01 2.004195244703206527e+02 -7.949613128066248535e-01 -5.976871752567742835e-01 -1.039545654329148971e-01 7.838246570584772144e+01 -4.716617215748344916e-01 5.011508474745253183e-01 7.255226036979334214e-01 5.857265065030954077e+01
-3.832640327129992475e-01 6.262810677162059525e-01 -6.788819525137034239e-01 2.004026261520470769e+02 -7.938351133812419080e-01 -5.990860779658500057e-01 -1.045068607818954443e-01 7.833095852597421072e+01 -4.721593946873873238e-01 4.988666108367494356e-01 7.267720485824253895e-01 5.862373571376624426e+01
-3.834974069352374837e-01 6.252814110304850681e-01 -6.796711674726795271e-01 2.004582575640721700e+02 -7.919093617382729766e-01 -6.013046169611899749e-01 -1.063593926855478933e-01 7.824150052820240830e+01 -4.751939621514888468e-01 4.974494091270820761e-01 7.257649644987600457e-01 5.870143081520487272e+01
-3.855387601192155067e-01 6.253732977703641005e-01 -6.784306175885319590e-01 2.004923802034625453e+02 -7.920013480545136098e-01 -6.015260544872060855e-01 -1.044043603154928557e-01 7.808240712960841279e+01 -4.733853917534535660e-01 4.970660360644987286e-01 7.272081040978268796e-01 5.870404712941089542e+01
-3.897298223618650415e-01 6.248641128371974496e-01 -6.765024065367182260e-01 2.005580597737173605e+02 -7.899090711014793431e-01 -6.044668352614557261e-01 -1.032642457997829666e-01 7.805431102937492938e+01 -4.734493900654925813e-01 4.941302313734530216e-01 7.291645832659665594e-01 5.882443502500672139e+01
-3.908082982338574318e-01 6.224274719306903680e-01 -6.781245580404285933e-01 2.006766298845795120e+02 -7.890978076163273069e-01 -6.058524684931450022e-01 -1.013283594847412816e-01 7.800246288587624122e+01 -4.739129920635881676e-01 4.955066383074328007e-01 7.279283256932680413e-01 5.880474542930517856e+01
-3.940558190239482617e-01 6.200257818685438460e-01 -6.784453119534882282e-01 2.007886367294982506e+02 -7.881605803040893088e-01 -6.076853165573310456e-01 -9.757794676737766015e-02 7.798258901667540499e+01 -4.727820968988633021e-01 4.962726930417560300e-01 7.281418151658347604e-01 5.878311378142819166e+01
-3.928232696266140689e-01 6.201963572895041743e-01 -6.790039449404446925e-01 2.007866089290448315e+02 -7.886920905271170845e-01 -6.069159036578868349e-01 -9.807075112946231354e-02 7.782023320592446680e+01 -4.729214154379378643e-01 4.970005676978254128e-01 7.275546512312436320e-01 5.875442594469119939e+01
-4.011438453824942574e-01 6.150194310160401745e-01 -6.788480793111608680e-01 2.008103893312555215e+02 -7.812008024241785531e-01 -6.166859281912504542e-01 -9.707611582009073592e-02 7.769363787513250941e+01 -4.783397554077701286e-01 4.913751778871237597e-01 7.278334376441029097e-01 5.873450924353861780e+01
-4.101379225426553532e-01 6.094279596625585826e-01 -6.785163568212090324e-01 2.008344695411320515e+02 -7.721607292516697862e-01 -6.279399015660167560e-01 -9.725887220604292893e-02 7.759735803193602521e+01 -4.853397703608522962e-01 4.840341330968228606e-01 7.281183044693235740e-01 5.877194039221119226e+01
-4.195155052013046504e-01 6.019706536240705397e-01 -6.794395286345237261e-01 2.009202245562613314e+02 -7.600084718895134817e-01 -6.422158986793760072e-01 -9.972894333947632250e-02 7.762289728840380576e+01 -4.963807646876145507e-01 4.745419598506028791e-01 7.269223237659494519e-01 5.889464557280825119e+01
-4.294692199119976017e-01 5.963106914638073297e-01 -6.782106961661225064e-01 2.009184567130035930e+02 -7.522453847097635427e-01 -6.517493141480441565e-01 -9.669391237515467807e-02 7.743920096786844454e+01 -4.996829698229071082e-01 4.686538069337645718e-01 7.284782350320766486e-01 5.884801870720087180e+01
-4.347718740558343953e-01 5.907416525996997958e-01 -6.797041396179323014e-01 2.009264765814249358e+02 -7.449242357413856652e-01 -6.600364682127046745e-01 -9.715834310244331196e-02 7.732420407427787268e+01 -5.060249999111611219e-01 4.640863718243352087e-01 7.270230663134660265e-01 5.877813199582073622e+01
-4.452350796575736958e-01 5.835255166129986737e-01 -6.791639679074907843e-01 2.009528516110681267e+02 -7.341038032463458318e-01 -6.721780714880900565e-01 -9.627173141583447724e-02 7.728033869579435589e+01 -5.126961379819088283e-01 4.557132998630665233e-01 7.276455582399650179e-01 5.881326941313381695e+01
-4.564405065193264388e-01 5.745506320089408536e-01 -6.793773879564343199e-01 2.011012511071627387e+02 -7.205101481373437089e-01 -6.866763006064660058e-01 -9.664773466833839755e-02 7.730829191273576839e+01 -5.220413685135342208e-01 4.453843614716902488e-01 7.273964394447989257e-01 5.896416545822060584e+01
-4.657990812194992003e-01 5.664152637582787753e-01 -6.798565767253486047e-01 2.011709003339879303e+02 -7.095367836062639322e-01 -6.981626551117765533e-01 -9.553250607490815227e-02 7.726741644637795048e+01 -5.287615423276810223e-01 4.378842952069805783e-01 7.270959877253744263e-01 5.896366125323203988e+01
-4.732627647046354635e-01 5.623568391707484126e-01 -6.780686845607974966e-01 2.011296934898569475e+02 -7.026669127815891036e-01 -7.052227948244325084e-01 -9.444585402233129923e-02 7.712877964960009081e+01 -5.313017647496720564e-01 4.317587232447097634e-01 7.289052336730628134e-01 5.894230752214742353e+01
-4.815609995230369922e-01 5.538805738403329570e-01 -6.792019682396965852e-01 2.012112591351519484e+02 -6.910508507624004704e-01 -7.166118065795870073e-01 -9.442584567428580211e-02 7.708018298125683998e+01 -5.390247910800920472e-01 4.238912933678219419e-01 7.278519396196030389e-01 5.897315886301578303e+01
-4.917940984545678962e-01 5.469499357606752987e-01 -6.774838245276797455e-01 2.012302186393633576e+02 -6.796023151511543237e-01 -7.275304608885995172e-01 -9.402192148862525967e-02 7.703845313117886917e+01 -5.443154030214927275e-01 4.141801495130049138e-01 7.295036297256750624e-01 5.903055742629306479e+01
-5.013378073133001323e-01 5.382896512048920279e-01 -6.774250175215024150e-01 2.013431723617001978e+02 -6.666460921999792788e-01 -7.394010460981217392e-01 -9.417579722784230611e-02 7.697789974871449203e+01 -5.515826236501553126e-01 4.043888530050236962e-01 7.295383916234240429e-01 5.915535155747661378e+01
-5.096079908163464456e-01 5.302348279439182965e-01 -6.776066137010539059e-01 2.013979997413791239e+02 -6.540158039860549666e-01 -7.504456198143290013e-01 -9.536613569795554524e-02 7.696674826098278288e+01 -5.590733617626582053e-01 3.945660894410088493e-01 7.292150418296579062e-01 5.925435020709665679e+01
-5.200984286059384676e-01 5.213531748237579810e-01 -6.765267856211031328e-01 2.015305914637419562e+02 -6.407000345612813286e-01 -7.619388116437504355e-01 -9.461877733347950903e-02 7.694329678383589055e+01 -5.648018150420613948e-01 3.842396575213154475e-01 7.303141757580058346e-01 5.937526822480666056e+01
-5.212664465310195006e-01 5.190696894801708483e-01 -6.773831627549383727e-01 2.015914720297061251e+02 -6.384099019358914218e-01 -7.639218096327380358e-01 -9.410773548252340803e-02 7.691104367571948330e+01 -5.663162445410953039e-01 3.833929136413479766e-01 7.295860366937323427e-01 5.939412316614171772e+01
-5.202847082252262112e-01 5.205358030306497241e-01 -6.770127769475465795e-01 2.015472177884674636e+02 -6.386477070673093337e-01 -7.634619170117733500e-01 -9.620294969686227216e-02 7.685491149641180186e+01 -5.669505522042112000e-01 3.823197340393842403e-01 7.296565577855067541e-01 5.944437369175669517e+01
-5.211536694163647621e-01 5.192838376453754456e-01 -6.773058015506363549e-01 2.015869485593032095e+02 -6.393482652339907979e-01 -7.632449354173054257e-01 -9.322534152321590439e-02 7.679293963035824788e+01 -5.653606358742579996e-01 3.844495604368991515e-01 7.297711195188048006e-01 5.935785665921825682e+01
-5.196504304576239353e-01 5.195702670962806247e-01 -6.782404939803479138e-01 2.016173387019310610e+02 -6.386842004055474087e-01 -7.635133088183132521e-01 -9.555061177008938866e-02 7.676422620759650783e+01 -5.674909006121007238e-01 3.835285710436857065e-01 7.286013401824452673e-01 5.942428486644720920e+01
-5.236242890795457239e-01 5.173397014384891746e-01 -6.768879059353003491e-01 2.016734374356952344e+02 -6.376884454220684839e-01 -7.648668349374982967e-01 -9.128072845831314286e-02 7.674827508843523560e+01 -5.649522550279153510e-01 3.838467899152336327e-01 7.304044026500962072e-01 5.937220669648203852e+01
-5.220526450660878393e-01 5.181214149348709608e-01 -6.775036790788588892e-01 2.016907774538510409e+02 -6.387916206335912950e-01 -7.638661671100421824e-01 -9.194424480588206383e-02 7.660487501296930191e+01 -5.651604207548615033e-01 3.847839369444899793e-01 7.297499713475066319e-01 5.938020809131194255e+01
-5.220454386207711295e-01 5.178111885935869907e-01 -6.777463633119276132e-01 2.017106002243618832e+02 -6.388426214886273602e-01 -7.638727587572791133e-01 -9.153421982014112168e-02 7.651253140489916404e+01 -5.651094274428491993e-01 3.851882415077598765e-01 7.295761465531714896e-01 5.938866846067481475e+01
-5.229747329344029971e-01 5.181025673357606554e-01 -6.768065886442625745e-01 2.017041090423646779e+02 -6.390877265546039965e-01 -7.637516745347825431e-01 -9.083092762151054322e-02 7.644486406640022835e+01 -5.639719022074222154e-01 3.850365039387951827e-01 7.305358198987452756e-01 5.939298125539194473e+01
-5.243644232825641627e-01 5.166749831466792564e-01 -6.768226602189995056e-01 2.017553740008985415e+02 -6.379685909390182541e-01 -7.648322403500302791e-01 -8.959755072789474251e-02 7.641781926067945108e+01 -5.639486045472832387e-01 3.848098308405502044e-01 7.306732275905825080e-01 5.938866188034867832e+01
-5.319607052723032137e-01 5.088561001471140210e-01 -6.768184966364794164e-01 2.017551711884974281e+02 -6.235315515672800180e-01 -7.761884596267185632e-01 -9.348732182709304506e-02 7.640258148674570293e+01 -5.729103003492730384e-01 3.722861056840186533e-01 7.301895940564568921e-01 5.953340097277654053e+01
-5.414325147486858114e-01 4.986677630015700080e-01 -6.768909026689048369e-01 2.018535651891181146e+02 -6.097635510674611625e-01 -7.872028018013166317e-01 -9.219631568429048629e-02 7.638062918707602478e+01 -5.788257455940556406e-01 3.628253174451415153e-01 7.302866185672018950e-01 5.956371473458207078e+01
-5.455295808759970111e-01 4.948127559129009145e-01 -6.764301981543547893e-01 2.018362033465958234e+02 -6.044079867007010609e-01 -7.914060884152052111e-01 -9.147343238203359261e-02 7.622094687931982548e+01 -5.805931983770262761e-01 3.589383509813702244e-01 7.308042133110002059e-01 5.951865274144409312e+01
-5.536011904344189105e-01 4.860391181117478254e-01 -6.762334638383028507e-01 2.018741429825641376e+02 -5.916895982301639823e-01 -8.009781318535644790e-01 -9.130964701827368191e-02 7.616494252056696723e+01 -5.860282768739252246e-01 3.495711772408145457e-01 7.310067378257529835e-01 5.953909526144209963e+01
-5.593072943021253352e-01 4.788055727354809665e-01 -6.766982887948539416e-01 2.018530174391430307e+02 -5.796440259425086339e-01 -8.094693787539486429e-01 -9.365963938034550795e-02 7.609275824314738657e+01 -5.926113007103356312e-01 3.398596009783216854e-01 7.302789178753965604e-01 5.960205598717237763e+01
-5.656721868935032926e-01 4.724271995296089877e-01 -6.758901672015453777e-01 2.018035727273505415e+02 -5.677607870591427908e-01 -8.175456048722722358e-01 -9.626459698151564048e-02 7.601109021272206689e+01 -5.980490495378323335e-01 3.292897282009293325e-01 7.306884488263472033e-01 5.966392069734433790e+01
-5.707615977739957103e-01 4.665822844117222257e-01 -6.756716439067232960e-01 2.017488077156902193e+02 -5.569815339638515272e-01 -8.246114627765757099e-01 -9.893182642987394249e-02 7.590335230907696484e+01 -6.033264202152514022e-01 3.198701413552296202e-01 7.305342725291095185e-01 5.971240873289141859e+01
-5.712188141975680367e-01 4.652109889997699810e-01 -6.762305834702986296e-01 2.018184792908431859e+02 -5.559499104482696907e-01 -8.253934585420013015e-01 -9.821066983090287472e-02 7.583137043013906009e+01 -6.038449829047893846e-01 3.198505499603364055e-01 7.301142803087643518e-01 5.972364704787819534e+01
-5.748207083904690595e-01 4.618112181139797934e-01 -6.755083656251509305e-01 2.019589526091357925e+02 -5.542899401823671024e-01 -8.270294427610411780e-01 -9.372813355119480327e-02 7.581532592554859207e+01 -6.019500107302170333e-01 3.205506194510390761e-01 7.313709626116196016e-01 5.969812848297576124e+01
-5.773615708886998821e-01 4.578828863259909454e-01 -6.760154427753209960e-01 2.021370433419918982e+02 -5.501901940716125150e-01 -8.299298369346963522e-01 -9.223457113789064465e-02 7.583295770511659839e+01 -6.032780178395157344e-01 3.186843707735428355e-01 7.310922684697850338e-01 5.980697784010297369e+01
-5.753672342282651897e-01 4.598982651858533610e-01 -6.763476409773008236e-01 2.020600962000370941e+02 -5.517055053229857897e-01 -8.287063688201756761e-01 -9.416363243412331774e-02 7.575637159974161250e+01 -6.037992888144421144e-01 3.189660482808825970e-01 7.305388962069381265e-01 5.979517513756779579e+01
-5.757299530607573601e-01 4.598117354336272444e-01 -6.760977659378669680e-01 2.020516112800569033e+02 -5.505869772970704012e-01 -8.293343799106869252e-01 -9.517597768887026133e-02 7.568305310133804653e+01 -6.044741529457929863e-01 3.174549641377073517e-01 7.306389971557726293e-01 5.984091844372741775e+01
-5.762800663151927960e-01 4.592926515467526949e-01 -6.759819120382668522e-01 2.020910275813482428e+02 -5.506878051952958097e-01 -8.293944964435862044e-01 -9.406226915335864913e-02 7.558187132873889880e+01 -6.038577865499010766e-01 3.180487847866176332e-01 7.308903776345738734e-01 5.981547185379560716e+01
-5.775227448079676140e-01 4.560129249756719183e-01 -6.771408210148043283e-01 2.021573690328442012e+02 -5.443847088871842654e-01 -8.332280871957282731e-01 -9.683100452832033023e-02 7.551648495348264589e+01 -6.083689406596023419e-01 3.127030012060648678e-01 7.294546353800441807e-01 5.998029557035424375e+01
-5.835282675179056522e-01 4.489026261153230002e-01 -6.767430777439239487e-01 2.020847982872139710e+02 -5.318743225908323380e-01 -8.409884890894463449e-01 -9.923742332202228900e-02 7.543519408078262245e+01 -6.136810783917777679e-01 3.020344243390438721e-01 7.295003362151981641e-01 6.000622079786845831e+01
-5.933333954900668061e-01 4.370019348467220066e-01 -6.760065019927319341e-01 2.021896939192636751e+02 -5.178474282545389995e-01 -8.501733973413869716e-01 -9.507489417908543405e-02 7.537481220676686178e+01 -6.162706571356355578e-01 2.936571187511475278e-01 7.307365967025234443e-01 5.993104539608936676e+01
-5.995964448501704958e-01 4.279503376074089704e-01 -6.762711082581757127e-01 2.021962873282259920e+02 -5.026832828351256444e-01 -8.589160979139114360e-01 -9.783994022096070831e-02 7.528421743246975950e+01 -6.227307768860775861e-01 2.812857004649271797e-01 7.301265193326548220e-01 6.003606896924431169e+01
-6.069684624102000825e-01 4.178716431335164350e-01 -6.759974670842291422e-01 2.022378310385764166e+02 -4.886078819038011112e-01 -8.670648588011617974e-01 -9.726699529441340530e-02 7.520794588359120780e+01 -6.267787674936663445e-01 2.712596919872494183e-01 7.304564026155860867e-01 6.003307368087342866e+01
-6.152587669022460126e-01 4.052120067117141455e-01 -6.762099373468225538e-01 2.024000368745909384e+02 -4.696859854504211174e-01 -8.773344426875349100e-01 -9.838369146164334389e-02 7.519048903719652799e+01 -6.331285215668259747e-01 2.570749021021281888e-01 7.301101080575356228e-01 6.023276070114389569e+01
-6.137391699229053366e-01 4.078089753769958969e-01 -6.760296375931366120e-01 2.022949036698330758e+02 -4.703465117332649159e-01 -8.765918594219026527e-01 -1.017883632622148676e-01 7.503994907093618849e+01 -6.341122851693480333e-01 2.554966762938722380e-01 7.298102891848619045e-01 6.026469029303309100e+01
-6.134767757590160464e-01 4.083618469603588763e-01 -6.759340556233622843e-01 2.022519932822386863e+02 -4.725805154363524330e-01 -8.755878124830029918e-01 -1.000681720685509257e-01 7.497939693190194532e+01 -6.327036447138846276e-01 2.580437648507595272e-01 7.301366402170297309e-01 6.014663591104675788e+01
-6.142768402364291447e-01 4.078593507842019905e-01 -6.755107057086795486e-01 2.022991060697200112e+02 -4.706892287539198305e-01 -8.764786119063596725e-01 -1.011775311308860531e-01 7.495287778049144833e+01 -6.333368878284202363e-01 2.558045989590307934e-01 7.303755155173402569e-01 6.023754231933975944e+01
-6.135672796811584284e-01 4.086164687222753056e-01 -6.756979908166080850e-01 2.022793634903341058e+02 -4.719538793733116799e-01 -8.758103179753418122e-01 -1.010733529295054917e-01 7.487295605524782616e+01 -6.330835087483677182e-01 2.568829858454402260e-01 7.302166819061219893e-01 6.020381596265671220e+01
-6.153726700758370693e-01 4.059802848471891767e-01 -6.756452362291401892e-01 2.023522425855464348e+02 -4.699457481227068412e-01 -8.771236055495230666e-01 -9.902108063031218876e-02 7.480536618659868964e+01 -6.328249921938330358e-01 2.565817392239763128e-01 7.305466038191367195e-01 6.018907196910273427e+01
-6.139003561788809460e-01 4.075018662754687493e-01 -6.760684740952308536e-01 2.022682962386034546e+02 -4.696975556045970834e-01 -8.769090400913528427e-01 -1.020526416371926454e-01 7.472115426247432879e+01 -6.344371985803719527e-01 2.548975566537915460e-01 7.297374025424605559e-01 6.021441637461428797e+01
-6.167339944590479739e-01 4.042612925401976587e-01 -6.754346655542021738e-01 2.023517320980417367e+02 -4.661760509859410040e-01 -8.789740024793069040e-01 -1.004220715413788739e-01 7.464655257591191173e+01 -6.342862678363306861e-01 2.529377597735008032e-01 7.305500804975806339e-01 6.022960367697240969e+01
-6.171395887829236315e-01 4.009689989469035765e-01 -6.770248074039546538e-01 2.024004197074031310e+02 -4.635116485482510540e-01 -8.805439839056712348e-01 -9.899113125735836682e-02 7.460233133712436882e+01 -6.358424959193325066e-01 2.527175385505465721e-01 7.292723538514446213e-01 6.018308482063482501e+01
-6.187963988150666506e-01 4.004212451596886879e-01 -6.758356628931841970e-01 2.024185345660108055e+02 -4.624760059634763776e-01 -8.811309473861279606e-01 -9.861134552623963823e-02 7.453770509975963421e+01 -6.349857956848922180e-01 2.515374325685729717e-01 7.304258752914185582e-01 6.019966983039021358e+01
-6.192436390367168642e-01 3.991103000537151169e-01 -6.762013634292660669e-01 2.024396414218660709e+02 -4.590415008157219812e-01 -8.826990409303854257e-01 -1.006146295000275026e-01 7.445650738167655902e+01 -6.370386299443813183e-01 2.480995194102796619e-01 7.298139574076217828e-01 6.029084649826005915e+01
-6.210059553390587794e-01 3.989828651169967100e-01 -6.746586372206728743e-01 2.024762127106940284e+02 -4.597255672834933971e-01 -8.825522053509495812e-01 -9.876237955844197058e-02 7.440763237477374048e+01 -6.348259653001704361e-01 2.488257988497334372e-01 7.314927994228643815e-01 6.025972175287641619e+01
-6.206437582519113150e-01 3.956164364154521884e-01 -6.769704281435650062e-01 2.025615090332017587e+02 -4.557732171804279586e-01 -8.845640838030881525e-01 -9.908156310134585976e-02 7.435987962705092968e+01 -6.380220214412241075e-01 2.470506362743111195e-01 7.293105533807340279e-01 6.031226205888290082e+01
-6.204729772331203375e-01 3.938390528886405728e-01 -6.781622851082520498e-01 2.026134691992926378e+02 -4.541559631726306834e-01 -8.854390512916305855e-01 -9.869167929728071831e-02 7.428551030860357685e+01 -6.393400078504454243e-01 2.467559256989703131e-01 7.282553587130248252e-01 6.032576374834808064e+01
-6.208876395069422571e-01 3.927945593677605873e-01 -6.783885120184334205e-01 2.026476176408134506e+02 -4.520940585594435679e-01 -8.864071124338306351e-01 -9.946553796149158744e-02 7.421511026313959292e+01 -6.403979242024038232e-01 2.449384926013167263e-01 7.279393062058450159e-01 6.038916810916229849e+01
-6.278650094577715723e-01 3.826089164411323185e-01 -6.777875382141042016e-01 2.026621041082603085e+02 -4.373345021513885267e-01 -8.937867480771073403e-01 -9.941721274380863060e-02 7.416028316092035766e+01 -6.438354317110780434e-01 2.339992863696237768e-01 7.285055050251278974e-01 6.040557591568293816e+01
-6.344974723353835611e-01 3.728665231383528345e-01 -6.770402598979812225e-01 2.027156472497146069e+02 -4.240076143532713338e-01 -9.002913528487732631e-01 -9.845315107285262934e-02 7.411385295268844686e+01 -6.462433756491878789e-01 2.246019499212831283e-01 7.293308326960407095e-01 6.039980227794573864e+01
-6.387368423731938361e-01 3.631534790878063745e-01 -6.783323645688332793e-01 2.027185581333127686e+02 -4.083371243446023424e-01 -9.072061362838872434e-01 -1.011821089464087081e-01 7.401683275660063543e+01 -6.521319184621339193e-01 2.123595463248221793e-01 7.277550302180071373e-01 6.049948225538702928e+01
-6.455965191723345153e-01 3.526256406448206593e-01 -6.773922733486077430e-01 2.027468795472408374e+02 -3.920356233302241811e-01 -9.142456337165039137e-01 -1.022887641453866514e-01 7.394146155585218594e+01 -6.553725692097951416e-01 1.995246320385975214e-01 7.284756116282922189e-01 6.057606228155769656e+01
-6.501286814643654210e-01 3.430290738876773382e-01 -6.779850676859838776e-01 2.027446351269894365e+02 -3.779681836338142364e-01 -9.200632864794908716e-01 -1.030708544308908681e-01 7.382756209557295790e+01 -6.591454692994264120e-01 1.892474658755592953e-01 7.278136072935967871e-01 6.058106961693311376e+01
-6.540851841646617704e-01 3.329893511288531949e-01 -6.791838218708289299e-01 2.027375954714943305e+02 -3.629458197068463621e-01 -9.259393573435596991e-01 -1.044348528007820326e-01 7.374917883227195148e+01 -6.636587254105877909e-01 1.781976390331278526e-01 7.265003080724832252e-01 6.060914184222733780e+01
-6.600870306377100150e-01 3.209850813995085428e-01 -6.791566016044033871e-01 2.027821619878264983e+02 -3.470156793587454436e-01 -9.321545910271551438e-01 -1.032857042682396032e-01 7.368828506928281286e+01 -6.662321144038912957e-01 1.675004356589818999e-01 7.266900121722958961e-01 6.058834810803502791e+01
-6.671145800969029427e-01 3.093753772680042924e-01 -6.776761859195087334e-01 2.028826217407493004e+02 -3.311845986588365931e-01 -9.380145575796499102e-01 -1.022029910513332918e-01 7.359431299114572766e+01 -6.672892166319773777e-01 1.562548101945459011e-01 7.282235478599605738e-01 6.060768898536911564e+01
-6.726367122427365786e-01 2.967924824031766273e-01 -6.778451709145995041e-01 2.029843076615671293e+02 -3.126085960496133853e-01 -9.442556955260141827e-01 -1.032329750737287777e-01 7.352158248126291085e+01 -6.706979342589122206e-01 1.424619382699938708e-01 7.279209277972329417e-01 6.075198647506731930e+01
-6.764451311817403223e-01 2.845465970225038443e-01 -6.793049525974549363e-01 2.030543199627332740e+02 -2.930188719091754157e-01 -9.501870966241139360e-01 -1.062281606454274357e-01 7.346729438773515142e+01 -6.756936622505734791e-01 1.271916488294309866e-01 7.261269580882248054e-01 6.094356076839824254e+01
-6.838333363114637020e-01 2.744553938313384345e-01 -6.760519247410049504e-01 2.030977022740296150e+02 -2.805179541893102479e-01 -9.542367893641583443e-01 -1.036427865383160452e-01 7.336793109639127408e+01 -6.735589399054670023e-01 1.187703103509787084e-01 7.295285928958203936e-01 6.085345643758585510e+01
-6.854963892605321352e-01 2.652318673970761598e-01 -6.780462792670080008e-01 2.030349001324968583e+02 -2.668719130517073213e-01 -9.580017664326432314e-01 -1.049380652387773005e-01 7.326354337290831609e+01 -6.774024522651919122e-01 1.090168428684105961e-01 7.274896876493225362e-01 6.085245161231202360e+01
-6.898088037386549409e-01 2.553693254781840838e-01 -6.774587233842843670e-01 2.030208746580014179e+02 -2.523451729606344673e-01 -9.618548414010932301e-01 -1.056275426048838145e-01 7.318913777785685681e+01 -6.785909872435047507e-01 9.809062991996909953e-02 7.279371541237535936e-01 6.085458105152865471e+01
-6.927001030956179140e-01 2.445878681161025581e-01 -6.784860661367634327e-01 2.030423249438431981e+02 -2.385119630659387480e-01 -9.654960807891546093e-01 -1.045435863896723161e-01 7.313602578352573858e+01 -6.806457306453576050e-01 8.940969047705410455e-02 7.271363672675468237e-01 6.081389727733534301e+01
-6.925149982263421045e-01 2.446123799114484909e-01 -6.786661630180386151e-01 2.030011633908559361e+02 -2.385220944584026392e-01 -9.654872252250807918e-01 -1.046022388974130607e-01 7.307379953776299431e+01 -6.808305131872003368e-01 8.943825535659687131e-02 7.269598412512355834e-01 6.076575485371148488e+01
-6.938205272906319276e-01 2.437619527939527964e-01 -6.776379463107332635e-01 2.030244088039406734e+02 -2.370132761822182355e-01 -9.658414096650469460e-01 -1.047620078540231758e-01 7.299504495301303564e+01 -6.800277809203981727e-01 8.792315819119328468e-02 7.278954151732002220e-01 6.078888516521891461e+01
-6.916852846035443925e-01 2.426936662170033343e-01 -6.801994203474917011e-01 2.030556271668089607e+02 -2.341776340369710052e-01 -9.663262254620517133e-01 -1.066511214245324940e-01 7.291581574464530036e+01 -6.831780900905417564e-01 8.551847965447982591e-02 7.252270588290441466e-01 6.088113243238488081e+01
-6.937310805633647437e-01 2.418129476342973094e-01 -6.784273625207046798e-01 2.030982751470339167e+02 -2.336343886676337800e-01 -9.665718059713339638e-01 -1.056121031568637014e-01 7.284317267580942712e+01 -6.812871349822247069e-01 8.523756365433937665e-02 7.270367235910333292e-01 6.086106933663916863e+01
-6.931167970041272053e-01 2.425605023846245101e-01 -6.787882647730878460e-01 2.030845645204257437e+02 -2.350121983161385097e-01 -9.662699278199262665e-01 -1.053171079810480831e-01 7.277564129650683356e+01 -6.814384582288828263e-01 8.652646574195858864e-02 7.267425943020328072e-01 6.082254789091637548e+01
-6.915064144930487267e-01 2.441319696384660065e-01 -6.798665016864782196e-01 2.030162389227197650e+02 -2.361092740193550532e-01 -9.658534547145356530e-01 -1.066748083572154476e-01 7.268417447489011352e+01 -6.826941404736239782e-01 8.675647189944184212e-02 7.255356815116269509e-01 6.080358912329458576e+01
-6.921057198953040057e-01 2.473035202719694736e-01 -6.781081339648529216e-01 2.028922301108893009e+02 -2.415343709773750402e-01 -9.646633483742705906e-01 -1.052889924916420028e-01 7.261559931881539853e+01 -6.801844015594353809e-01 9.091530764636315820e-02 7.273813213925691690e-01 6.062317854213986124e+01
-6.905347437528763788e-01 2.468519600939353686e-01 -6.798719566712045914e-01 2.029093089013337874e+02 -2.404066662934283560e-01 -9.648510239791252552e-01 -1.061467678646620255e-01 7.259887600809726393e+01 -6.821776912739307974e-01 9.014771946209403086e-02 7.256080113973062407e-01 6.066370968697756183e+01
-6.897469386397834246e-01 2.476187681067514856e-01 -6.803926118928267375e-01 2.028590679784543340e+02 -2.404677255985956941e-01 -9.647063736449283944e-01 -1.073167535582930515e-01 7.249328834133530108e+01 -6.829527315872501170e-01 8.959106166436338337e-02 7.249475898900319404e-01 6.065561931270945450e+01
-6.894706721044812081e-01 2.468778722916047108e-01 -6.809416336813047810e-01 2.028957177381450947e+02 -2.390415097145311141e-01 -9.650035518314625804e-01 -1.078299660857717363e-01 7.242529258957860350e+01 -6.837319276889093356e-01 8.842771695249780628e-02 7.243557067721473341e-01 6.070055037427847111e+01
-6.894998467478559157e-01 2.473970058041217723e-01 -6.807236464629674577e-01 2.028850654464233401e+02 -2.397170318603006334e-01 -9.648343473210543308e-01 -1.078444568146326721e-01 7.236049495065624626e+01 -6.834659508496171432e-01 8.882231560092818112e-02 7.245584105374236472e-01 6.068382322049564692e+01
-6.887800281261793334e-01 2.481796496883343639e-01 -6.811673321108963064e-01 2.028423231962254079e+02 -2.401515923911999029e-01 -9.646386569600813310e-01 -1.086253845573068866e-01 7.230841476849930416e+01 -6.840389502992293425e-01 8.876442406069817714e-02 7.240245793443074174e-01 6.066406587663914252e+01
-6.891364868901275198e-01 2.489148586923565776e-01 -6.805382396007575441e-01 2.028181787031179226e+02 -2.405758168919925333e-01 -9.644734762943314443e-01 -1.091521408469820070e-01 7.226452109853825334e+01 -6.835306714138615902e-01 8.850032003836523498e-02 7.245367586186518549e-01 6.066096092452465882e+01
-6.897284583082308185e-01 2.484570208032972904e-01 -6.801056995888962176e-01 2.028337009249143534e+02 -2.403674452143239049e-01 -9.645860262393814999e-01 -1.086153270255142550e-01 7.219648933639440713e+01 -6.830066947555427648e-01 8.856018742793118903e-02 7.250234121198009252e-01 6.063611343005045029e+01
-6.910365561755997810e-01 2.453085201850457864e-01 -6.799207365227146749e-01 2.029106125582605102e+02 -2.371379235274477248e-01 -9.655279300502124240e-01 -1.073378848219165294e-01 7.210883332330514861e+01 -6.828133590184495283e-01 8.706058934773905356e-02 7.253870487735263328e-01 6.063982126677674245e+01
-6.900508902838220493e-01 2.462370923750634155e-01 -6.805858235058818151e-01 2.028802912575033872e+02 -2.373909829013324813e-01 -9.653285206262693929e-01 -1.085650427284860775e-01 7.200951612682193570e+01 -6.837216466191810005e-01 8.664953320228108158e-02 7.245802704602042343e-01 6.065282672973290801e+01
-6.882826825718075803e-01 2.477842246101266688e-01 -6.818137039588708648e-01 2.028284182827581787e+02 -2.389113919912142503e-01 -9.648514040875202369e-01 -1.094674143622711426e-01 7.194371047661181251e+01 -6.849732079786602368e-01 8.754853548003591057e-02 7.232889867036025322e-01 6.063018016663387044e+01
-6.900008449369900987e-01 2.481450258335547998e-01 -6.799432918562432482e-01 2.028182299767706809e+02 -2.402176115457054784e-01 -9.646608551370947637e-01 -1.082817328520644246e-01 7.189394546468510327e+01 -6.827842507626523672e-01 8.861986639706538604e-02 7.252256105449184087e-01 6.056706657146027339e+01
-6.907983901517207315e-01 2.454060469018058133e-01 -6.801275294441627706e-01 2.029116944561319826e+02 -2.377269057624862014e-01 -9.654323311392509765e-01 -1.068940235355848450e-01 7.188692534150710856e+01 -6.828495459765538955e-01 8.784239372342288188e-02 7.252587203367868440e-01 6.058826326910620708e+01
-6.880612455893249102e-01 2.494306252715579320e-01 -6.814367802626344339e-01 2.027602145388453039e+02 -2.427510118190681909e-01 -9.640828512641628212e-01 -1.077784865322402863e-01 7.180638481711223164e+01 -6.838447693584304155e-01 9.126126820837698883e-02 7.238975841554617929e-01 6.045659737043494886e+01
-6.883660386759360428e-01 2.486497036814699357e-01 -6.814143538675396794e-01 2.027734939245536054e+02 -2.408186095828767637e-01 -9.644683031088592262e-01 -1.086613527289588405e-01 7.178031087102324648e+01 -6.842211587463291611e-01 8.929847231299327392e-02 7.237867011533136719e-01 6.051602065065540614e+01
-6.867196806696451716e-01 2.493403068285428292e-01 -6.828217128735938335e-01 2.027182248995455893e+02 -2.416744704726808968e-01 -9.642115680626579532e-01 -1.090389945657040532e-01 7.171636966377636213e+01 -6.855724108383662863e-01 9.014135235727528672e-02 7.224022467382502644e-01 6.047142132883729460e+01
-6.865879203142994935e-01 2.513179243065490898e-01 -6.822289414857251044e-01 2.026732914118159954e+02 -2.439254566651258560e-01 -9.635942706933986468e-01 -1.094826610818682433e-01 7.164068296003165415e+01 -6.849068544475190867e-01 9.124353351939570866e-02 7.228950257967610149e-01 6.042618044977717773e+01
-6.884803600173825533e-01 2.506585541043640508e-01 -6.805623286111609493e-01 2.026935629067649529e+02 -2.437063593159735642e-01 -9.637692820820007444e-01 -1.084250033161152232e-01 7.160062825352991922e+01 -6.830827214176112827e-01 9.120888207546236359e-02 7.246233059536897336e-01 6.041606884568734870e+01
-6.876555470935132863e-01 2.487682438715372313e-01 -6.820881243597433086e-01 2.027711643888470121e+02 -2.411071994433017784e-01 -9.643968611163229454e-01 -1.086554768320139169e-01 7.157789827921077119e+01 -6.848336782957810120e-01 8.973881607228721691e-02 7.231526657365061617e-01 6.048025059026387851e+01
-6.875266257416037252e-01 2.493354610410369876e-01 -6.820109726124785610e-01 2.027420115507777041e+02 -2.424231297419019437e-01 -9.641303206366074185e-01 -1.080914011163428140e-01 7.153609936553277748e+01 -6.844984770344682001e-01 9.101951821783423047e-02 7.233099489436648488e-01 6.042450462588774940e+01
-6.852290438795671790e-01 2.514925043396193938e-01 -6.835295733798806284e-01 2.026557822561118201e+02 -2.442963807137603083e-01 -9.634876079580563246e-01 -1.095942867188857139e-01 7.146118061187401338e+01 -6.861344152526184237e-01 9.188661258448027613e-02 7.216484009777179853e-01 6.038922047182871466e+01
-6.864845844034492828e-01 2.517714134197948650e-01 -6.821657208926745763e-01 2.026552549684323026e+02 -2.460283884391813447e-01 -9.632356573489266882e-01 -1.079217331847512062e-01 7.139549500412196892e+01 -6.842579538875985801e-01 9.374552680624326229e-02 7.231893450164880166e-01 6.030272360457745862e+01
-6.862708481194768062e-01 2.547526845470611812e-01 -6.812733612416086437e-01 2.025744298555478906e+02 -2.493597875503822947e-01 -9.622968323340874708e-01 -1.086485289021864170e-01 7.132406259059096953e+01 -6.832657018863175225e-01 9.531986254630546440e-02 7.239213385651450672e-01 6.025007543351507167e+01
-6.861719496365117354e-01 2.532479241082802313e-01 -6.819336804021896015e-01 2.026116242438438064e+02 -2.474246164406628257e-01 -9.628026925419730375e-01 -1.085911341368085703e-01 7.131854237475361913e+01 -6.840680629229958232e-01 9.421498908758740853e-02 7.233079711436933845e-01 6.028564665846815984e+01
-6.871871894753953658e-01 2.513042605620844916e-01 -6.816303508825373170e-01 2.026931749251050974e+02 -2.451551724146832645e-01 -9.634439104996495029e-01 -1.080498623759891669e-01 7.129767138611261146e+01 -6.838660015377530099e-01 9.285472494433023860e-02 7.236748524000808924e-01 6.033373220831335715e+01
-6.861891590211721681e-01 2.531801103699246047e-01 -6.819415442359338941e-01 2.026377191830378024e+02 -2.465741968925959648e-01 -9.629303073031176829e-01 -1.093909900489775516e-01 7.123205558120305625e+01 -6.843578036879455206e-01 9.308627713147078764e-02 7.231800201479673396e-01 6.032973508412005259e+01
-6.862905961793761556e-01 2.540866084680494796e-01 -6.815021738725128841e-01 2.025852141751682325e+02 -2.499345699429894319e-01 -9.623218839659246626e-01 -1.070948289493330041e-01 7.122813824059289800e+01 -6.830358177600714953e-01 9.683277873467283081e-02 7.239374866791692398e-01 6.017323908022879664e+01
-6.856187666370590073e-01 2.550412477947890388e-01 -6.818217279893293847e-01 2.025390389159609299e+02 -2.510765259766413737e-01 -9.619941898582993201e-01 -1.073673916157760616e-01 7.120196160623976311e+01 -6.832916543750399141e-01 9.757633218230483962e-02 7.235961404397273089e-01 6.014614827146679943e+01
-6.843138257302030514e-01 2.569082372345379839e-01 -6.824314951374504945e-01 2.024550667064299034e+02 -2.522843182018461028e-01 -9.614961988704180396e-01 -1.089847803464678577e-01 7.113251921787755805e+01 -6.841543763683189949e-01 9.758697248496089882e-02 7.227790617452168886e-01 6.012990481258033526e+01
-6.862878000774079723e-01 2.560367275248233154e-01 -6.807747422042706997e-01 2.025170549368511672e+02 -2.521466307808410967e-01 -9.616991417408231602e-01 -1.075027318761453549e-01 7.107349744705133787e+01 -6.822251329662241126e-01 9.787724420591130403e-02 7.245611865231771365e-01 6.012458372645104987e+01
-6.866459459859817205e-01 2.551474732521956668e-01 -6.807474654774976486e-01 2.025475413479392159e+02 -2.512489898211816008e-01 -9.619759300385000156e-01 -1.071272847616313445e-01 7.108070040093411990e+01 -6.821959322473658549e-01 9.747859723849096325e-02 7.246424174070709157e-01 6.013544951987910281e+01
-6.852655376792315955e-01 2.562638803414993838e-01 -6.817183923743822538e-01 2.024836659727339736e+02 -2.524854919017360810e-01 -9.615913685707557779e-01 -1.076713344830457636e-01 7.103817033679946746e+01 -6.831267958793102446e-01 9.834054871994186986e-02 7.236483380960174738e-01 6.008445144941017446e+01
-6.855487879616126712e-01 2.562967839075045995e-01 -6.814211751061413080e-01 2.024927639438757296e+02 -2.521106872720151881e-01 -9.616463842208298196e-01 -1.080575452165990352e-01 7.100514457454607964e+01 -6.829810104882835242e-01 9.771484162436687437e-02 7.238706714867845227e-01 6.010402387935977941e+01
-6.854812235152885069e-01 2.557973658355831015e-01 -6.816767561238690210e-01 2.025028006584912532e+02 -2.524502677707597398e-01 -9.616748065550073665e-01 -1.070066761462193650e-01 7.098951428290358479e+01 -6.829233884634906548e-01 9.873841232755894981e-02 7.237861365214018905e-01 6.006761457422140893e+01
-6.849828470374155209e-01 2.559038370886847491e-01 -6.821376147287327996e-01 2.025056370139866999e+02 -2.531747736708581109e-01 -9.615415308622943247e-01 -1.064914006091850496e-01 7.096622388690232697e+01 -6.831552043578581479e-01 9.975525344704438968e-02 7.234278513912005826e-01 6.003949895287011174e+01
-6.840416404958507002e-01 2.576253247700444615e-01 -6.824340452416444158e-01 2.024223768360765803e+02 -2.536621117701741146e-01 -9.611778479461334790e-01 -1.085940959257713501e-01 7.092920846541119317e+01 -6.839170762015240879e-01 9.882477753462962089e-02 7.228354558439906707e-01 6.005171638282376279e+01
-6.850182483135984768e-01 2.557302627510120163e-01 -6.821671585400956861e-01 2.025019242819273870e+02 -2.526459812624182732e-01 -9.616464587936357500e-01 -1.067993279080474561e-01 7.092752548722718586e+01 -6.833154525029558890e-01 9.918730262971782452e-02 7.233545958710163593e-01 6.004348585295706897e+01
-6.867534547400475642e-01 2.552718124610656170e-01 -6.805923847395388693e-01 2.025288193465903817e+02 -2.526631417450532768e-01 -9.617548429281377320e-01 -1.057778753227375801e-01 7.090550609307598506e+01 -6.815651320351775455e-01 9.931728886309790227e-02 7.249862391292367647e-01 6.004055775839538001e+01
-6.851878005924931792e-01 2.553910247137886613e-01 -6.821239641112628593e-01 2.025182294257544413e+02 -2.516096496431244334e-01 -9.618531024562604337e-01 -1.073833949069015192e-01 7.086729214080163786e+01 -6.835278064026997225e-01 9.805117944679905828e-02 7.233088580153053115e-01 6.007548670335498997e+01
-6.837449736760596863e-01 2.572603819719948559e-01 -6.828688796836093200e-01 2.024478606688309128e+02 -2.531569923737575500e-01 -9.613019809550815697e-01 -1.086740016016218280e-01 7.082058807518380661e+01 -6.844007219348893223e-01 9.856772940196686927e-02 7.224126622198305814e-01 6.005617694486615932e+01
-6.852606154502369762e-01 2.557836498739582964e-01 -6.819036686878280351e-01 2.025068778451959588e+02 -2.532887545404818308e-01 -9.615499313578967922e-01 -1.061439415555886778e-01 7.081526686983590935e+01 -6.828343106025754894e-01 9.998226824182862571e-02 7.236994198568384995e-01 6.000769471780159137e+01
-6.859004699057253962e-01 2.554653344430017348e-01 -6.813794891842805956e-01 2.025174303587497775e+02 -2.530163397008439730e-01 -9.616538581782974049e-01 -1.058517307141598196e-01 7.081071920937893083e+01 -6.822926624458840461e-01 9.979639246346097559e-02 7.242357370523674343e-01 6.001638215629478879e+01
-6.846523179182151253e-01 2.576095784283842782e-01 -6.818273305399001893e-01 2.024431221273677579e+02 -2.537855370573169900e-01 -9.611765439652348864e-01 -1.083169077825671817e-01 7.074691090791701242e+01 -6.832599100999160457e-01 9.887849327835719626e-02 7.234493339669728629e-01 6.003377164266216681e+01
-6.855880627625825507e-01 2.565833951620073439e-01 -6.812737845569774020e-01 2.024789730669072014e+02 -2.545147366695214020e-01 -9.612526818023989783e-01 -1.059034019554646600e-01 7.074255077906400402e+01 -6.820493068800039804e-01 1.007881096897532414e-01 7.243276191956734555e-01 5.996896429752669633e+01
-6.845322088699326013e-01 2.567568741514276165e-01 -6.822694208270212446e-01 2.024593142814377416e+02 -2.550486470537617900e-01 -9.611222818980678095e-01 -1.058023954128485961e-01 7.074210883638004077e+01 -6.829098349384761235e-01 1.015867452723981518e-01 7.234046519958688970e-01 5.993354288130569785e+01
-6.837312258111600816e-01 2.563240875997934709e-01 -6.832346397592136134e-01 2.024591486481713503e+02 -2.547708704409897273e-01 -9.612121833977538277e-01 -1.056548250789519638e-01 7.072566168024891908e+01 -6.838153364948095225e-01 1.018287808227953950e-01 7.225146953319591114e-01 5.991928342484931846e+01
-6.843225216943222833e-01 2.560469378174654032e-01 -6.827464038251849221e-01 2.024880347457093706e+02 -2.531253156131680337e-01 -9.615113151376983858e-01 -1.068810809166293313e-01 7.070397988883971152e+01 -6.838349661268114943e-01 9.967926813772269579e-02 7.227958097594855413e-01 6.000517421425241338e+01
-6.845676886545828399e-01 2.560280905334298418e-01 -6.825076530764531135e-01 2.024988571813411511e+02 -2.534736177888916031e-01 -9.614689576886072953e-01 -1.064357481591304139e-01 7.068383536741625051e+01 -6.834604631835941024e-01 1.001352098863770995e-01 7.230869484411112103e-01 5.999076970553897326e+01
-6.852881998617155190e-01 2.550349195357578536e-01 -6.821563405464162733e-01 2.025423178533788189e+02 -2.524195631297907472e-01 -9.617939700161119987e-01 -1.060034121621141884e-01 7.067333652508474984e+01 -6.831284266370815095e-01 9.954671796716847709e-02 7.234818613222522288e-01 6.001144886133000966e+01
-6.820419213959221238e-01 2.602657061711619035e-01 -6.834329371999756653e-01 2.023560240748753358e+02 -2.527124278686755932e-01 -9.608364821450188220e-01 -1.137087656247528777e-01 7.061660509867033397e+01 -6.862617913444393203e-01 9.515785185896089016e-02 7.211031389269564329e-01 6.016831343563759305e+01
-6.837045035287885320e-01 2.573197856432052344e-01 -6.828870183060939958e-01 2.024600349919602991e+02 -2.540491893757055308e-01 -9.611623306884895523e-01 -1.078238537755794313e-01 7.064715659295390537e+01 -6.841104890527549554e-01 9.976723902166259594e-02 7.225228970669336226e-01 6.001001204516877863e+01
-6.852613483584042431e-01 2.550340588334246705e-01 -6.821836360401583033e-01 2.025327014797416609e+02 -2.546050650206975741e-01 -9.614698952532847454e-01 -1.036913756656959590e-01 7.069111888641836572e+01 -6.823438614890795506e-01 1.026317171082477414e-01 7.237911199590558731e-01 5.990544447019740204e+01
-6.848136053592468464e-01 2.558643656539643652e-01 -6.823223228822031805e-01 2.025139401468964593e+02 -2.540742061780593697e-01 -9.614115601048975890e-01 -1.055182915501243490e-01 7.066722662630435536e+01 -6.829909396689387568e-01 1.011001408760764941e-01 7.233962523022756663e-01 5.996448754430998918e+01
-6.830921267936216346e-01 2.578463018652386030e-01 -6.833011275616237556e-01 2.024196909134791724e+02 -2.553279678900236549e-01 -9.608774907210950733e-01 -1.073409364533501054e-01 7.068085436771603725e+01 -6.842461363615560677e-01 1.011421397833332791e-01 7.222032210080009396e-01 5.995156996292241303e+01
-6.840623140133221813e-01 2.567732399505733287e-01 -6.827343947627247944e-01 2.024622197713853780e+02 -2.547067019453309600e-01 -9.611596492817668924e-01 -1.062855802857717441e-01 7.070117899798046324e+01 -6.835080442327442496e-01 1.011910659981214849e-01 7.228949589195463599e-01 5.995041088740013890e+01
-6.846151770537733938e-01 2.561765860156813845e-01 -6.824042908166545462e-01 2.024874604846910131e+02 -2.549283035972952360e-01 -9.612318113244691098e-01 -1.050950280597816311e-01 7.071394543153624568e+01 -6.828715980128594598e-01 1.020145169827863518e-01 7.233805491939443444e-01 5.992433587283770891e+01
-6.846564408898936360e-01 2.572870643013028258e-01 -6.819449570831953578e-01 2.024610229825915155e+02 -2.564712602523597229e-01 -9.608300298224168312e-01 -1.050149820550397572e-01 7.070570089916607515e+01 -6.822521898920884675e-01 1.030000987119489286e-01 7.238252061463309461e-01 5.989368665490840726e+01
-6.840725881457419000e-01 2.570593238793221769e-01 -6.826164356022289548e-01 2.024538770420587355e+02 -2.553885242936543287e-01 -9.610141262325930800e-01 -1.059648566295228328e-01 7.072927307245294060e+01 -6.832432918124377030e-01 1.018447504199974235e-01 7.230534219580131428e-01 5.993566697184836300e+01
-6.839399966154835475e-01 2.576270050691293334e-01 -6.825352791531902330e-01 2.024286567387355262e+02 -2.551890937796826297e-01 -9.609520947348531017e-01 -1.070027945457604213e-01 7.070735008233492636e+01 -6.834505157255474916e-01 1.009920684202906815e-01 7.229771743773620862e-01 5.995945561459171813e+01
-6.842553260484962596e-01 2.570809076875613663e-01 -6.824251282571636157e-01 2.024512114456609879e+02 -2.556139719406158028e-01 -9.609813553664039443e-01 -1.057181724534241168e-01 7.070827551397853483e+01 -6.829759484220574439e-01 1.020991750245288793e-01 7.232700825668803013e-01 5.992476434660299134e+01
-6.836083010439393259e-01 2.572423179033084262e-01 -6.830125040023439231e-01 2.024434352010295015e+02 -2.552401541019375664e-01 -9.609969881727282726e-01 -1.064765347715837251e-01 7.070677360837636627e+01 -6.837632298375203588e-01 1.015439737388602326e-01 7.226040872562816686e-01 5.994560300759165017e+01
-6.846114575268562596e-01 2.558443381248460824e-01 -6.825326562681183207e-01 2.025074127281710616e+02 -2.536980163643104413e-01 -9.614655828295890494e-01 -1.059303994468669130e-01 7.068384745050545348e+01 -6.833333510928382148e-01 1.006360158373636737e-01 7.231375551031864468e-01 5.997620422670096474e+01
-6.840808218130587370e-01 2.554762595276171555e-01 -6.832022468093533751e-01 2.025302938457977291e+02 -2.522584548892793932e-01 -9.617211407340378049e-01 -1.070426055460876325e-01 7.067454873353842970e+01 -6.843968886285533015e-01 9.911774958603286612e-02 7.223410347976614299e-01 6.003691214551632527e+01
-6.846748682650951601e-01 2.565886833335760953e-01 -6.821895428334541212e-01 2.024858208217615925e+02 -2.541292314134415697e-01 -9.612877120812841625e-01 -1.065094753660175420e-01 7.067199115131748499e+01 -6.831095508828644025e-01 1.004399431833402911e-01 7.233762225190559780e-01 5.998660518776689088e+01
-6.840734840734576938e-01 2.562178959655059263e-01 -6.829318107795318005e-01 2.024900887593060190e+02 -2.538785718426860294e-01 -9.613686092201307876e-01 -1.063770086309532154e-01 7.068712786097496803e+01 -6.838048984518311224e-01 1.006120618671585559e-01 7.226950074963296444e-01 5.998143197887864631e+01
-6.840933764100871617e-01 2.565470944057163249e-01 -6.827882839532550818e-01 2.024805931062556681e+02 -2.536792946232404589e-01 -9.613468480117939308e-01 -1.070469677162496774e-01 7.070438458751547728e+01 -6.838589531703900271e-01 9.997912867080373245e-02 7.227316971040672611e-01 6.000752877021344034e+01
-6.837317769067412510e-01 2.562562101257384595e-01 -6.832595495270766817e-01 2.024815237708478151e+02 -2.549293119083387293e-01 -9.611990502703531281e-01 -1.053918008637871606e-01 7.071672621633034339e+01 -6.837557335612559628e-01 1.021231635397405191e-01 7.225295539220137897e-01 5.992548954876193790e+01
-6.836233929921153862e-01 2.569745955942454030e-01 -6.830981728661860153e-01 2.024560265184046557e+02 -2.550505824752942186e-01 -9.610671889039377191e-01 -1.062970309618083142e-01 7.070629186454047499e+01 -6.838188772862012765e-01 1.015574499062306402e-01 7.225495328595699096e-01 5.994567258162908274e+01
-6.839826826442823027e-01 2.569914993932514991e-01 -6.827320551155775519e-01 2.024535354353699290e+02 -2.556277182459170128e-01 -9.609868269885035730e-01 -1.056351646893899238e-01 7.072889877725081931e+01 -6.832438506910381015e-01 1.022726140967212399e-01 7.229924985079068112e-01 5.992070536161757133e+01
-6.841229028597206607e-01 2.566000688896594717e-01 -6.827387922394706488e-01 2.024633031131671999e+02 -2.543260887905347545e-01 -9.612442646214396369e-01 -1.064316883869468461e-01 7.073967369617159306e+01 -6.835891268468933246e-01 1.008259310802988168e-01 7.228693085741659807e-01 5.997483969994525665e+01
-6.842964301056404519e-01 2.569329970952842213e-01 -6.824396169246853550e-01 2.024592046580355884e+02 -2.550545674342217795e-01 -9.610886141531995719e-01 -1.060935595407393600e-01 7.071911055816488556e+01 -6.831438818986954598e-01 1.014598972437735086e-01 7.232014421139274507e-01 5.994932682338586716e+01
-6.837378070319581891e-01 2.570056973798374167e-01 -6.829719487280812018e-01 2.024543537100780668e+02 -2.551879809147345468e-01 -9.610445746782032561e-01 -1.061716528940445103e-01 7.069790546865071690e+01 -6.836532056765260990e-01 1.016926594985884391e-01 7.226872749483788105e-01 5.994262693472787618e+01
-6.837339998689042631e-01 2.574557608467077929e-01 -6.828062306614606225e-01 2.024484263132166291e+02 -2.555852914079138061e-01 -9.609153127950647022e-01 -1.063857154504041502e-01 7.067569525346966941e+01 -6.835085780289817947e-01 1.017756986849287226e-01 7.228123760133011722e-01 5.994110594253858437e+01
-6.843051515857727640e-01 2.567100888652599777e-01 -6.825147542639370402e-01 2.024752571792130027e+02 -2.539931513996365742e-01 -9.612802171022420961e-01 -1.069009974226013265e-01 7.069171527114484377e+01 -6.835304957024618266e-01 1.002011700663023724e-01 7.230116091475230489e-01 5.999766828111205541e+01
-6.837829762500053921e-01 2.566776733363480556e-01 -6.830500811809661066e-01 2.024771328171045468e+02 -2.533728280106068986e-01 -9.613638920524076870e-01 -1.076182005227509786e-01 7.067596211291269981e+01 -6.842828738296704572e-01 9.947883728957945815e-02 7.223994113472965717e-01 6.002037904894812215e+01
-6.837443961610019105e-01 2.575479343815910704e-01 -6.827610579215853681e-01 2.024420557184475911e+02 -2.534787276057853811e-01 -9.612098130799084927e-01 -1.087392748285529870e-01 7.067975419945048543e+01 -6.842822044812936211e-01 9.871553441410919894e-02 7.225047459328954869e-01 6.005020254482045772e+01
-6.843436985460453759e-01 2.562716918223164053e-01 -6.826408442445026648e-01 2.024917168905010669e+02 -2.544119280968481500e-01 -9.612876993808641135e-01 -1.058325557713220705e-01 7.068362576518373430e+01 -6.833361347846049760e-01 1.012461307387769599e-01 7.230497547942760228e-01 5.995851936750041489e+01
-6.843138668354842302e-01 2.566643466412633079e-01 -6.825232192532950659e-01 2.024790098299894510e+02 -2.550194520021973887e-01 -9.611359323758135176e-01 -1.057487522223095888e-01 7.068620127890480376e+01 -6.831395251024252602e-01 1.016913598064747570e-01 7.231730474675774900e-01 5.994218444683074409e+01
-6.841379114167911446e-01 2.562367311178390117e-01 -6.828602022290621854e-01 2.024918522662014766e+02 -2.535950845972290701e-01 -9.614087666594024473e-01 -1.066898142212820838e-01 7.069471131974705713e+01 -6.838456340654632815e-01 1.001794440815665793e-01 7.227165611449017923e-01 5.999509717441319623e+01
-6.845338145645685213e-01 2.565273642666290876e-01 -6.823541368674316265e-01 2.024751981743902718e+02 -2.551570728605490612e-01 -9.611416731794422130e-01 -1.053639039095426028e-01 7.071527730173887960e+01 -6.828677213684345437e-01 1.019823291567664575e-01 7.233887472533998553e-01 5.993485561958630825e+01
-6.843452346447165269e-01 2.565025768187518818e-01 -6.825525825197705787e-01 2.024852927603688784e+02 -2.539701064307366973e-01 -9.613169777317973619e-01 -1.066248252714311756e-01 7.069621516049365084e+01 -6.834989282059104054e-01 1.003797609577908728e-01 7.230166794282332221e-01 5.998857547027792236e+01
-6.843108549187617573e-01 2.561621496273779885e-01 -6.827148796815799559e-01 2.024931383455241303e+02 -2.542998604461922940e-01 -9.613205255024586116e-01 -1.058037250040086835e-01 7.069078520732476534e+01 -6.834107365394551659e-01 1.012116611164820407e-01 7.229840695593796607e-01 5.995621965437248946e+01
-6.839483289834829005e-01 2.570386975695683196e-01 -6.827487028420063941e-01 2.024621749490653144e+02 -2.539623012191584150e-01 -9.612249355483974966e-01 -1.074698694492995515e-01 7.068825027230560920e+01 -6.838989931562787783e-01 9.988859410222981905e-02 7.227063275827245725e-01 6.000637334489130836e+01
-6.836086558087006715e-01 2.570648711183760593e-01 -6.830789542507620382e-01 2.024670537301857678e+02 -2.536643659869259881e-01 -9.612564235319931427e-01 -1.078910452583190238e-01 7.067977219863493588e+01 -6.843490301972179335e-01 9.951753742619681709e-02 7.223314091279382509e-01 6.001865673558906877e+01
-6.840902581364340929e-01 2.566699696136197639e-01 -6.827452273149700046e-01 2.024747386290638644e+02 -2.541211885002516713e-01 -9.612627672323914574e-01 -1.067535193234580293e-01 7.070460148252143995e+01 -6.836979890843953855e-01 1.004709860171974500e-01 7.228157723034868143e-01 5.998578803954277561e+01
-6.840952529557706718e-01 2.569434299901338092e-01 -6.826373551661860661e-01 2.024646763318338003e+02 -2.545920125083179220e-01 -9.611508178729311069e-01 -1.066396383581657281e-01 7.070051298503376813e+01 -6.835178066812487296e-01 1.008423476873734348e-01 7.229344568234066237e-01 5.997412561756159732e+01
-6.842505233178677315e-01 2.564926648052308633e-01 -6.826512537455245999e-01 2.024852951946237170e+02 -2.539307290545793072e-01 -9.613221354818604070e-01 -1.066720988562915723e-01 7.067974053582368299e+01 -6.836083719360340760e-01 1.003556910877908687e-01 7.229165436516562515e-01 5.999002806444607927e+01
-6.843993026020624981e-01 2.559738682377219465e-01 -6.826968385581025922e-01 2.025028901410665298e+02 -2.538132452671404415e-01 -9.614236459542668811e-01 -1.060349448387985366e-01 7.068816725121504874e+01 -6.835030586067430969e-01 1.007072578289271575e-01 7.229672309972320354e-01 5.997490200304339680e+01
-6.850416821981066828e-01 2.562120307619030202e-01 -6.819628207930767960e-01 2.024988754327679885e+02 -2.542448247163044961e-01 -9.613377006471792718e-01 -1.057799339164569447e-01 7.069528154132810016e+01 -6.826986617506760613e-01 1.009218539626381556e-01 7.236969784630719049e-01 5.997241807731887775e+01
-6.842249287279951186e-01 2.567214423574530335e-01 -6.825909081881176288e-01 2.024687149200110809e+02 -2.543714075740327041e-01 -9.612209971473406611e-01 -1.065334766722551008e-01 7.070737554020341520e+01 -6.834701412029464684e-01 1.007387496298295104e-01 7.229939629118924405e-01 5.997838597526731519e+01
-6.841880741425265811e-01 2.571346886916578978e-01 -6.824722932636791972e-01 2.024641739319364149e+02 -2.531591993264787899e-01 -9.613317985955498468e-01 -1.084047637579724083e-01 7.069526890296791066e+01 -6.839569423564010320e-01 9.860489278169611016e-02 7.228277638013035356e-01 6.005036772391894573e+01
-6.843492081433271146e-01 2.562315921208455083e-01 -6.826503735535628392e-01 2.024977146652144597e+02 -2.534093730408278344e-01 -9.614415711739272563e-01 -1.068353634040056371e-01 7.070945612837280692e+01 -6.837030429716227653e-01 9.987730682105942781e-02 7.228932650215489364e-01 6.000915787257662259e+01
-6.843363172673753159e-01 2.567912484232629522e-01 -6.824529724472955250e-01 2.024771455554363229e+02 -2.544632133089844706e-01 -9.611991303841036505e-01 -1.065115243591517463e-01 7.069989558727525036e+01 -6.833244309560381202e-01 1.007694719747304207e-01 7.231273992710696152e-01 5.997651083397042271e+01
-6.842819774746529138e-01 2.564088457246313513e-01 -6.826512133861197817e-01 2.024873934334468970e+02 -2.546417860169239433e-01 -9.612309313035249936e-01 -1.057953567954201812e-01 7.070228160083615876e+01 -6.833123269175600534e-01 1.014376682476552383e-01 7.230454089080354807e-01 5.995128994677662604e+01
-6.840037470465649694e-01 2.569461958980771010e-01 -6.827280032632073725e-01 2.024698004908505879e+02 -2.542892941963559306e-01 -9.611928417398751812e-01 -1.069825959917905661e-01 7.068455525854942323e+01 -6.837220406593443878e-01 1.004339255507348400e-01 7.227981721857708042e-01 5.998786345243402707e+01
-6.845041706587418062e-01 2.567754437799188438e-01 -6.822905626068804796e-01 2.024775948172683400e+02 -2.541637412934728002e-01 -9.612495285491127195e-01 -1.067714216249513876e-01 7.068950597289023108e+01 -6.832677608101325184e-01 1.003280386319510137e-01 7.232423187990131286e-01 5.999181993401411717e+01
-6.843189878593614051e-01 2.569550649055118430e-01 -6.824086880122083310e-01 2.024693358870930808e+02 -2.545409866945969601e-01 -9.611616793178661133e-01 -1.066635472099105308e-01 7.069848171983048246e+01 -6.833128192472904816e-01 1.007090901074176592e-01 7.231467833172292581e-01 5.997732196376882285e+01
-6.834810093549170684e-01 2.579596044131026722e-01 -6.828693523231367246e-01 2.024280515649053314e+02 -2.557712838503260477e-01 -9.608030666159508293e-01 -1.069510053199209942e-01 7.068362197555043736e+01 -6.836920068340280876e-01 1.015593898781465831e-01 7.226693089642303169e-01 5.994683636051949094e+01
-6.843247152228877361e-01 2.562106200098323572e-01 -6.826827977393967739e-01 2.024963702173102149e+02 -2.534806171163832000e-01 -9.614338774610600158e-01 -1.067355424237308031e-01 7.068178305512340387e+01 -6.837011488080229071e-01 1.000050871924412638e-01 7.228773904710409370e-01 6.000162833380454686e+01
-6.841333229746024980e-01 2.566210098307780685e-01 -6.827204799251014311e-01 2.024805373258359111e+02 -2.542406391641039987e-01 -9.612538320038588324e-01 -1.065493681601443199e-01 7.067474135521760559e+01 -6.836104839696046653e-01 1.006813178863377733e-01 7.228692678731841736e-01 5.997662454979422364e+01
-6.842153729441284860e-01 2.566340088212139547e-01 -6.826333634853196664e-01 2.024827220317762055e+02 -2.540103652668124767e-01 -9.612875402080902631e-01 -1.067941916852229167e-01 7.069611533104529144e+01 -6.836139683797779476e-01 1.003257223100472995e-01 7.229154111505848856e-01 5.999096456397990096e+01
-6.838200555267046621e-01 2.571798203036591013e-01 -6.828240415275608211e-01 2.024539824055219981e+02 -2.543930798941174687e-01 -9.611367212853798581e-01 -1.072397496210032580e-01 7.069127937991258648e+01 -6.838671600255707972e-01 1.003730194094406142e-01 7.226693326917867921e-01 5.998926036090458069e+01
-6.838561151812423411e-01 2.572475196647847073e-01 -6.827624238016730684e-01 2.024567941455084963e+02 -2.541379482617343588e-01 -9.611642644742761643e-01 -1.075972116318060640e-01 7.068959093699770335e+01 -6.839259586991380813e-01 9.993483038430502063e-02 7.226744167974434863e-01 6.000370433146960636e+01
-6.841315900202464828e-01 2.567798112574018465e-01 -6.826625052447089503e-01 2.024652806118052979e+02 -2.552136209176655846e-01 -9.610849091482349671e-01 -1.057440547057985070e-01 7.070266860074244164e+01 -6.832495702409649985e-01 1.018819215471612194e-01 7.230422524496025183e-01 5.993462850367163952e+01
-6.840920822009222135e-01 2.569060910236052875e-01 -6.826545857642631887e-01 2.024691702029468559e+02 -2.549392154719191117e-01 -9.611052028564677219e-01 -1.062204568658528664e-01 7.069167376621187771e+01 -6.833915564920078900e-01 1.013708510233546495e-01 7.229798967317360159e-01 5.995167867458543753e+01
-6.840381535770085897e-01 2.566552255139580296e-01 -6.828029728020647005e-01 2.024746000886617310e+02 -2.543331420538419430e-01 -9.612326741105436945e-01 -1.065194774457453586e-01 7.069163210260187213e+01 -6.836713079426238737e-01 1.007960388044776556e-01 7.227957534859681399e-01 5.997613237192277325e+01
-6.834346443263037418e-01 2.569735978844128743e-01 -6.832873897013748143e-01 2.024547318491164276e+02 -2.548773426837509515e-01 -9.610886819299464534e-01 -1.065180062366329755e-01 7.069774374660943295e+01 -6.840720920495501067e-01 1.013563784697226883e-01 7.223380492694914112e-01 5.994930536821327394e+01
-6.838048423746529991e-01 2.560211817010081270e-01 -6.832745363800667437e-01 2.024929243056374446e+02 -2.541271580781217510e-01 -9.613563305846426488e-01 -1.058933103268026310e-01 7.069781429018416929e+01 -6.839812315203634974e-01 1.012282577408630535e-01 7.224420494147861804e-01 5.995779351769943588e+01
-6.839567645219559733e-01 2.568264712317854248e-01 -6.828201138947844751e-01 2.024681391002966677e+02 -2.540502622885620343e-01 -9.612456025753357558e-01 -1.070764015116894702e-01 7.068704628198163675e+01 -6.838578861837965039e-01 1.002349998962868277e-01 7.226972646274655299e-01 5.999532123568608455e+01
-6.835234876230531498e-01 2.571790532257133277e-01 -6.831212018738284097e-01 2.024513595284793155e+02 -2.543919017458519116e-01 -9.611301772921945208e-01 -1.073011771808850684e-01 7.069599728601339450e+01 -6.841640170264342569e-01 1.004376268148575030e-01 7.223793192818108722e-01 5.998684507514735742e+01
-6.838834111378218061e-01 2.567810531823792597e-01 -6.829106608459453165e-01 2.024698914381477550e+02 -2.539993662147038145e-01 -9.612584979393741236e-01 -1.070813807431897219e-01 7.068812259151346211e+01 -6.839501457950180052e-01 1.002276951041341652e-01 7.226109653202659189e-01 5.999548031940703652e+01
-6.838686244011320525e-01 2.566951567691000968e-01 -6.829577593460589569e-01 2.024723154835891705e+02 -2.541379905337131651e-01 -9.612512655258900196e-01 -1.068170692930671822e-01 7.069666017580061634e+01 -6.839134348199256141e-01 1.005166703396044164e-01 7.226055719800744681e-01 5.998475948950486014e+01
-6.841774684606352075e-01 2.571384361318717060e-01 -6.824815135331161464e-01 2.024530284370966058e+02 -2.555137462751008171e-01 -9.609856002284455911e-01 -1.059216768090397442e-01 7.071105317151915415e+01 -6.830914412545812109e-01 1.019141835920330530e-01 7.231871003187961833e-01 5.993707633967983384e+01
-6.838343643167410502e-01 2.571946037590799872e-01 -6.828041432041319636e-01 2.024514242789326488e+02 -2.548554944170328129e-01 -9.610666422581226609e-01 -1.067688442578065139e-01 7.071080758628528429e+01 -6.836806558218307961e-01 1.010041827644172358e-01 7.227578542770209946e-01 5.996604338058187267e+01
-6.837170667636409682e-01 2.572954462326317304e-01 -6.828836108474667377e-01 2.024427211536634559e+02 -2.550647488526289197e-01 -9.610172209028005064e-01 -1.067139869979731037e-01 7.071585236386393092e+01 -6.837199328006087207e-01 1.012173625234779883e-01 7.226908737592596665e-01 5.996019521924029050e+01
-6.841757443723690546e-01 2.560387380762646492e-01 -6.828965627507797009e-01 2.024993217135148598e+02 -2.535213684296564463e-01 -9.614513397673727368e-01 -1.064811580002746616e-01 7.069847190208813004e+01 -6.838351165025602363e-01 1.002770455480166967e-01 7.227129773112497269e-01 5.999518204716752479e+01
-6.841726751140333462e-01 2.561349317756880239e-01 -6.828635642290273866e-01 2.024890554139679466e+02 -2.534244602701786198e-01 -9.614504466725621867e-01 -1.067196398508700461e-01 7.071319841946903750e+01 -6.838741065167447397e-01 1.000396687189357425e-01 7.227089809311417756e-01 6.000331687331193109e+01
-6.835297850161425881e-01 2.576236234911120637e-01 -6.829473637221946669e-01 2.024339053293822985e+02 -2.554565484241461681e-01 -9.609035090404216550e-01 -1.068007405453070824e-01 7.069307464418081111e+01 -6.837609120613782343e-01 1.014618890673432416e-01 7.226178106052176808e-01 5.995009423757470302e+01
-6.837443006036423299e-01 2.572309580306186283e-01 -6.828806379029109808e-01 2.024477242811819622e+02 -2.548931741016801644e-01 -9.610533088538943947e-01 -1.067989107498410334e-01 7.070739432214925557e+01 -6.837566827376585499e-01 1.010384667917722107e-01 7.226811378747621806e-01 5.996556306903636369e+01
-6.827946870748644592e-01 2.573059045990400140e-01 -6.838019353298206982e-01 2.024395043525004212e+02 -2.549563892815928101e-01 -9.610102732862968455e-01 -1.070350139098925069e-01 7.070422394291043133e+01 -6.846814258228651751e-01 1.012567335867974871e-01 7.217744932016515458e-01 5.995734681678852951e+01
-6.840932501342211758e-01 2.569580936920153325e-01 -6.826338427055627101e-01 2.024605116742897337e+02 -2.548361543034537990e-01 -9.611124032399025463e-01 -1.064024567303062524e-01 7.069012888145762474e+01 -6.834288255411997692e-01 1.011705808255733280e-01 7.229727200903173223e-01 5.995815465172668013e+01
-6.838867156378201084e-01 2.567422245656250102e-01 -6.829219503714970552e-01 2.024703421354975319e+02 -2.543947308677992902e-01 -9.612065324675915789e-01 -1.066082681987143982e-01 7.068337990593120423e+01 -6.837998837970179489e-01 1.008237673702148812e-01 7.226702476596511548e-01 5.997106666945389719e+01
-6.837464410025690942e-01 2.572988878720175454e-01 -6.828529026929180956e-01 2.024463096503696988e+02 -2.553401211973667650e-01 -9.609765179892080234e-01 -1.064215879427301420e-01 7.069648241686610390e+01 -6.835877609519022124e-01 1.015943609318997326e-01 7.227630032753502576e-01 5.994326603095286288e+01
-6.836151862187804795e-01 2.570767122054429255e-01 -6.830679623673637790e-01 2.024553273013757746e+02 -2.550529667968782777e-01 -9.610507438657827084e-01 -1.064398977974729404e-01 7.069478878138295386e+01 -6.838261923172971324e-01 1.014545797717671533e-01 7.225570613758895977e-01 5.994919476937032954e+01
-6.844514480784971155e-01 2.560657124927467887e-01 -6.826101128087908032e-01 2.024978934613741046e+02 -2.541489241673549060e-01 -9.613610357157367226e-01 -1.057983145052034391e-01 7.069061349783355297e+01 -6.833260858242017344e-01 1.010708162287602407e-01 7.230837783680587050e-01 5.996377808246224106e+01
-6.838426650039539645e-01 2.572657402263300863e-01 -6.827690300724607031e-01 2.024448484768649053e+02 -2.549092817594721394e-01 -9.610477617015042995e-01 -1.068103824606901064e-01 7.069851612831828902e+01 -6.836523002178522823e-01 1.010026664713725153e-01 7.227848876204540085e-01 5.996410590717399458e+01
-6.833640581742683739e-01 2.573983679843752093e-01 -6.831981002275812065e-01 2.024388949456736384e+02 -2.558413563336044971e-01 -9.608774375928961220e-01 -1.061119706455999623e-01 7.070368032836459804e+01 -6.837826879827958448e-01 1.022772217255202010e-01 7.224822527447517517e-01 5.992171874225933692e+01
-6.833281084772921954e-01 2.580462033261993748e-01 -6.829896434894013879e-01 2.024270988127045143e+02 -2.533238534285450760e-01 -9.611428151858136815e-01 -1.096882587189775410e-01 7.066819199480542579e+01 -6.847552273980526127e-01 9.806449798791654071e-02 7.221451604666606627e-01 6.007093501579503680e+01
-6.842759050424274125e-01 2.565377379089838206e-01 -6.826088739585126630e-01 2.024810553960812740e+02 -2.550888325263586109e-01 -9.611443095279446069e-01 -1.055049941111341899e-01 7.068533624770611823e+01 -6.831516473658733046e-01 1.019313753983169674e-01 7.231278043407686207e-01 5.993004891465035655e+01
-6.840755218980241192e-01 2.567844193095498162e-01 -6.827169562416061099e-01 2.024762662747667150e+02 -2.541563746166642379e-01 -9.612393533467211704e-01 -1.068805071998207984e-01 7.068500123980052763e+01 -6.836996545133394720e-01 1.004025277442475023e-01 7.228237093793381529e-01 5.998655953291644494e+01
-6.841940364274607944e-01 2.568359353898860831e-01 -6.825788033696189583e-01 2.024721071648521331e+02 -2.544449411439022035e-01 -9.611915716479499938e-01 -1.066233300887776680e-01 7.068195145646748756e+01 -6.834736955021567528e-01 1.007276768586795879e-01 7.229921456497840904e-01 5.997527567021911921e+01
-6.840834666276272014e-01 2.571818902352415170e-01 -6.825593644671189564e-01 2.024596494093292449e+02 -2.548046307745526207e-01 -9.610818948303008202e-01 -1.067529464007609258e-01 7.068282385231597686e+01 -6.834503718797532157e-01 1.008913611982117792e-01 7.229913709118519494e-01 5.997015324707209771e+01
-6.838334612438401461e-01 2.574883858296139194e-01 -6.826943155220565052e-01 2.024423789962408193e+02 -2.552679171696339844e-01 -9.609596667077413557e-01 -1.067464726575256262e-01 7.069556714869402470e+01 -6.835276788449361485e-01 1.012731461138976219e-01 7.228648989465782382e-01 5.995593435508622804e+01
-6.837653623808692682e-01 2.571518349943663906e-01 -6.828893489923452131e-01 2.024494143156152859e+02 -2.550363823605858449e-01 -9.610449622098935496e-01 -1.065317994000361534e-01 7.070497158195634313e+01 -6.836822162968582139e-01 1.013188746977315147e-01 7.227123305641058870e-01 5.995381652579178677e+01
-6.841371273629155425e-01 2.572367107915741746e-01 -6.824849196757025727e-01 2.024466261879343847e+02 -2.554277185525807292e-01 -9.609822173653617128e-01 -1.061595897815012096e-01 7.069520848206451547e+01 -6.831640151227535984e-01 1.016978491841642601e-01 7.231489998006449538e-01 5.994015054893500150e+01
-6.839297251389537813e-01 2.570686613259785536e-01 -6.827560577801016217e-01 2.024556797768119907e+02 -2.544784519279594259e-01 -9.611441411079997277e-01 -1.069703581283899252e-01 7.070450538358058168e+01 -6.837257115069649283e-01 1.005864969955515276e-01 7.227734832203368542e-01 5.998112261194720674e+01
-6.838196134710730067e-01 2.570482230236905141e-01 -6.828740347037917102e-01 2.024579542046248548e+02 -2.544977344330188740e-01 -9.611419668457703569e-01 -1.069440168326609569e-01 7.071583091572531998e+01 -6.838286623129604669e-01 1.006594784816955829e-01 7.226659186588642036e-01 5.998205486138687803e+01
-6.846220784631591449e-01 2.567260959601483927e-01 -6.821908247212392640e-01 2.024692406864206760e+02 -2.544091058330186783e-01 -9.612238486813902139e-01 -1.064176658049772184e-01 7.070051338300496013e+01 -6.830582819569849251e-01 1.006996741762187231e-01 7.233885256698335819e-01 5.997457245833344786e+01
-6.840788510394972821e-01 2.568436100201046957e-01 -6.826913545316958265e-01 2.024676555311619097e+02 -2.546531158746391243e-01 -9.611569944642344154e-01 -1.064378812632861687e-01 7.069597780219605454e+01 -6.835114601349555619e-01 1.010375770905070220e-01 7.229131980257802459e-01 5.996487136139860752e+01
-6.845216667486868634e-01 2.570155209738343993e-01 -6.821826073201722185e-01 2.024685864507017357e+02 -2.547332138473545893e-01 -9.611285467235806124e-01 -1.065030818146397440e-01 7.068620153260461336e+01 -6.830381230316486807e-01 1.008709009158063885e-01 7.233837044292855678e-01 5.997055585399728272e+01
-6.842740081246820871e-01 2.572541979861328043e-01 -6.823410873042120572e-01 2.024567913389704188e+02 -2.547361093149417277e-01 -9.610850810540985112e-01 -1.068877054965777784e-01 7.068837238837411974e+01 -6.832851501504103586e-01 1.006764351462080820e-01 7.231774740616458974e-01 5.997635031037113862e+01
-6.840617522320935340e-01 2.573554914491726908e-01 -6.825156922401949267e-01 2.024481270756524509e+02 -2.553970477073144174e-01 -9.609665392478539125e-01 -1.063750838701922607e-01 7.069578808800154945e+01 -6.832509547417737750e-01 1.015453665459801758e-01 7.230882874016817397e-01 5.994553271592461385e+01
-6.840840567618149404e-01 2.571344446942139816e-01 -6.825766481766696314e-01 2.024605399317039200e+02 -2.543846075009840169e-01 -9.611511729540822557e-01 -1.071302674110505421e-01 7.069863269838334929e+01 -6.836062278467546216e-01 1.003508848032298589e-01 7.229192383443255876e-01 5.998967851938689932e+01
-6.835690712557895843e-01 2.577292680801597236e-01 -6.828681784922787656e-01 2.024398361249016034e+02 -2.535970195629803081e-01 -9.611598180194571572e-01 -1.089052610922802422e-01 7.068032597103791659e+01 -6.844135274023088744e-01 9.872906664032388147e-02 7.223784983712205898e-01 6.004656631752929030e+01
-6.843732989909789843e-01 2.571797060958157521e-01 -6.822695848421458376e-01 2.024644276579839755e+02 -2.545235414379756200e-01 -9.611303292774511231e-01 -1.069871814606294519e-01 7.068686144813082706e+01 -6.832649226193858727e-01 1.004345006234828724e-01 7.232302237893797336e-01 5.998858425771502567e+01
-6.842583906516490622e-01 2.565150524195973225e-01 -6.826349556717610234e-01 2.024882928941370892e+02 -2.536528036132089103e-01 -9.613595249791855313e-01 -1.069958828691772862e-01 7.069242453251835911e+01 -6.837036712216593148e-01 9.993943973210515919e-02 7.228840836151106952e-01 6.000280972013308656e+01
-6.841909122600813298e-01 2.564446346075415772e-01 -6.827290421255871600e-01 2.024868447656481294e+02 -2.538605024320758630e-01 -9.613385808521122122e-01 -1.066910411898793765e-01 7.070519111785596067e+01 -6.836941135373708622e-01 1.003208968572899817e-01 7.228402844114996117e-01 5.999045908212101352e+01
-6.839642125228204694e-01 2.573769525823003668e-01 -6.826053473768622926e-01 2.024436463412035323e+02 -2.553203645362822072e-01 -9.609723228594764244e-01 -1.065068361708429029e-01 7.070864339793696729e+01 -6.833772511878768441e-01 1.014361817967884133e-01 7.229842554173573355e-01 5.994967472826314747e+01
-6.839127954056183345e-01 2.573965864051550034e-01 -6.826494602557346969e-01 2.024459661802002302e+02 -2.551714456594145752e-01 -9.609901451679672135e-01 -1.067027375943701284e-01 7.070971810461645646e+01 -6.834843243268691193e-01 1.012172821064770689e-01 7.229137155998777153e-01 5.995884137293364091e+01
-6.843501045173105979e-01 2.567476767206888222e-01 -6.824555406366591415e-01 2.024747024326856319e+02 -2.538597474831611467e-01 -9.612948892321724337e-01 -1.070857812405121706e-01 7.070648019442531051e+01 -6.835350488855210793e-01 9.996382563024415469e-02 7.230401582971961449e-01 6.000501876172389615e+01
-6.841189626775676658e-01 2.571022247011610085e-01 -6.825538007796038142e-01 2.024627563502084797e+02 -2.545229522188727223e-01 -9.611366975482795727e-01 -1.069313584491334290e-01 7.068983538529927557e+01 -6.835197961279239065e-01 1.005718384027127210e-01 7.229702577710510614e-01 5.998119447133660742e+01
-6.837800957217921027e-01 2.570723973204471768e-01 -6.829045052059733445e-01 2.024599177181190441e+02 -2.544338908182287584e-01 -9.611466605274294750e-01 -1.070536882132907264e-01 7.069285667797932149e+01 -6.838919329088440913e-01 1.005528691429983801e-01 7.226208858103371213e-01 5.998531490952756684e+01
-6.842772178574032527e-01 2.567241387793791074e-01 -6.825374756665879561e-01 2.024712232078310592e+02 -2.549824414031993114e-01 -9.611313235970413427e-01 -1.058798062742083851e-01 7.070891626188000600e+01 -6.831900494718846639e-01 1.015839326300472384e-01 7.231404157796865739e-01 5.994826097040100876e+01
-6.842111518884257393e-01 2.566464755607953951e-01 -6.826329073621750787e-01 2.024791762633057601e+02 -2.530133904676878376e-01 -9.614307265264905311e-01 -1.078665023758068470e-01 7.068906004519774910e+01 -6.839878097419274106e-01 9.891180249579258066e-02 7.227566197908353862e-01 6.004083025613481794e+01
-6.840197402417758088e-01 2.570115266560582534e-01 -6.826873882865392984e-01 2.024607452688482283e+02 -2.539289356863020930e-01 -9.612357264843580662e-01 -1.074521928641311852e-01 7.068203390534375785e+01 -6.838399597718721745e-01 9.985466086272998254e-02 7.227668753638294419e-01 6.000667443551482449e+01
-6.842070738144796493e-01 2.571175301353097464e-01 -6.824597100483995593e-01 2.024590460322748129e+02 -2.545762495267147041e-01 -9.611284872133261103e-01 -1.068782683427068614e-01 7.069411384604931925e+01 -6.834117450842789321e-01 1.006111662000885865e-01 7.230669263053861595e-01 5.998247856069512807e+01
-6.842071360797610247e-01 2.564469717771177271e-01 -6.827119052747486760e-01 2.024823434195734251e+02 -2.537209518185192803e-01 -9.613590428452363223e-01 -1.068385199635201593e-01 7.069165149709361629e+01 -6.837296787077739024e-01 1.001186366569034730e-01 7.228346872197868311e-01 5.999691031027140298e+01
-6.838264867816572501e-01 2.570141914203862288e-01 -6.828799611823304083e-01 2.024602257681656852e+02 -2.530762453428422876e-01 -9.613546145440912127e-01 -1.083961214156263647e-01 7.068047751010054469e+01 -6.843491433610664476e-01 9.869655770748432533e-02 7.224439351795181041e-01 6.004865318484785064e+01
-6.842934552134489756e-01 2.567514233277155555e-01 -6.825109330781686801e-01 2.024775200726870992e+02 -2.541582099576917275e-01 -9.612492572632951315e-01 -1.067870297454986128e-01 7.069219428993599763e+01 -6.834808493755637482e-01 1.003920914711727008e-01 7.230320577311227792e-01 5.998901147014147028e+01
-6.840735312774104404e-01 2.567686334437101481e-01 -6.827248879930359893e-01 2.024708350755862227e+02 -2.539853096253811282e-01 -9.612668727886610753e-01 -1.070395336948339743e-01 7.069351403174088944e+01 -6.837652128473289403e-01 1.001791802649524693e-01 7.227926850358192823e-01 5.999527349476331750e+01
-6.842940602289231400e-01 2.564866058888809475e-01 -6.826098886882735473e-01 2.024842146944688182e+02 -2.534107946538015632e-01 -9.614001224539618917e-01 -1.072043548482812664e-01 7.068632423605725990e+01 -6.837577116847343150e-01 9.962141107768586468e-02 7.228768679149628618e-01 6.001668930939335667e+01
-6.844120874346555361e-01 2.566217803967358324e-01 -6.824407347157311898e-01 2.024811554023416136e+02 -2.540338433906750848e-01 -9.612905227265438057e-01 -1.067114676512809779e-01 7.069681249838346559e+01 -6.834082974221921125e-01 1.003284243977643764e-01 7.231094704623655112e-01 5.999136739341681590e+01
-6.845776082169896526e-01 2.560387070648701413e-01 -6.824937207128398686e-01 2.024964314644120407e+02 -2.544969389171633511e-01 -9.613164976242543069e-01 -1.053655516629187355e-01 7.071200633164126259e+01 -6.830701328631634262e-01 1.015616654057385354e-01 7.232568158754628662e-01 5.994990404972052289e+01
-6.841534125475721151e-01 2.565121130979471920e-01 -6.827412715908850460e-01 2.024802620198575198e+02 -2.540414028781314837e-01 -9.613006099689118678e-01 -1.066025463913035376e-01 7.068658379613614784e+01 -6.836644452677230754e-01 1.005120545378766217e-01 7.228417898609290626e-01 5.998008703187350932e+01
-6.842900643980629471e-01 2.567241050231906518e-01 -6.825246088355618745e-01 2.024737774016941785e+02 -2.548092642014531117e-01 -9.611573426576522916e-01 -1.060603673970368505e-01 7.069550400252724387e+01 -6.832417922252773668e-01 1.013375377405735661e-01 7.231261002076116995e-01 5.995264037808112079e+01
-6.839345628396680254e-01 2.570443332000930670e-01 -6.827603712306623551e-01 2.024639026126542660e+02 -2.542351951079661609e-01 -9.611837961992015789e-01 -1.071922361577839072e-01 7.068002320319564546e+01 -6.838113623812686059e-01 1.002692410154344266e-01 7.227365356645961691e-01 5.999338508913743340e+01
-6.842048084469307678e-01 2.567066482246588288e-01 -6.826166397439783484e-01 2.024761412382197250e+02 -2.541060271317917563e-01 -9.612618896443185790e-01 -1.067975022775876082e-01 7.069499934446209011e+01 -6.835889898713964907e-01 1.003856377909483899e-01 7.229307135901118508e-01 5.998979250093474036e+01
-6.846871258027165119e-01 2.566598688387374261e-01 -6.821504610331197149e-01 2.024784899193278136e+02 -2.546159155958341302e-01 -9.612051160137047301e-01 -1.060917549783028796e-01 7.069252657045794308e+01 -6.829160089537444911e-01 1.010467054226078937e-01 7.234744556913714764e-01 5.996448646648372716e+01
-6.844869229996428661e-01 2.568600348014951629e-01 -6.822760253477004877e-01 2.024674319717785238e+02 -2.556228597927635016e-01 -9.610195465212174604e-01 -1.053488716385854451e-01 7.069214541734513091e+01 -6.827405113173310447e-01 1.022954237780395181e-01 7.234646090032468280e-01 5.992124791981099463e+01
-6.839001159383564232e-01 2.578633937287784228e-01 -6.824859717196972708e-01 2.024330700171677222e+02 -2.557115394577268441e-01 -9.608367474984369494e-01 -1.067911665110197333e-01 7.069010154470163343e+01 -6.832951338972507171e-01 1.014850473286676574e-01 7.230550083921942761e-01 5.994434992306810273e+01
-6.841418187003955875e-01 2.571479101126488143e-01 -6.825136806174745274e-01 2.024590576515970497e+02 -2.548096931485811512e-01 -9.610878075774547113e-01 -1.066876112933782123e-01 7.069957482865422094e+01 -6.833900732252706778e-01 1.009216451047947744e-01 7.230441406764188672e-01 5.996734995310092131e+01
-6.841774100553066340e-01 2.570422692416278188e-01 -6.825177971255602660e-01 2.024670678527365908e+02 -2.541980720115211700e-01 -9.611951511366279011e-01 -1.071784568701231455e-01 7.069448073473434135e+01 -6.835821909292534304e-01 1.001656291077427374e-01 7.229676583290649550e-01 5.999640127328607520e+01
-6.839568555935644500e-01 2.570251480876504235e-01 -6.827452621125139620e-01 2.024683251924934950e+02 -2.544090446434574826e-01 -9.611617919219610506e-01 -1.069768561557517816e-01 7.068675745741435890e+01 -6.837244018536762225e-01 1.005290157113186145e-01 7.227827192939425549e-01 5.998090415611913784e+01
-6.844279546421996319e-01 2.564614706704316238e-01 -6.824850833284592522e-01 2.024826483937398791e+02 -2.541614003389403575e-01 -9.612971513527841516e-01 -1.063473994922795318e-01 7.069775508242132389e+01 -6.833449769201815904e-01 1.006742313731818494e-01 7.231212496223407005e-01 5.997541459843410649e+01
-6.845100323799486741e-01 2.564323991299883865e-01 -6.824136870312907943e-01 2.024859636432746299e+02 -2.543120291176780290e-01 -9.612813432069413633e-01 -1.061299724314887366e-01 7.069664049555116492e+01 -6.832067091424464111e-01 1.008989785810422285e-01 7.232205671190850005e-01 5.996724997385511813e+01
-6.840627234971359272e-01 2.567749138205334680e-01 -6.827333549447680561e-01 2.024737806296855638e+02 -2.546777741801217743e-01 -9.611636798219012068e-01 -1.063184458590353404e-01 7.069067667132030408e+01 -6.835184135488523438e-01 1.011485255635460739e-01 7.228911080626050367e-01 5.996067274086932031e+01
-6.837433086385655834e-01 2.573574278411783212e-01 -6.828339785240332693e-01 2.024466382656742667e+02 -2.548067342382551725e-01 -9.610462378337802924e-01 -1.070684684319902769e-01 7.069054872646229626e+01 -6.837898917641459517e-01 1.007833472380709472e-01 7.226853401312829384e-01 5.997130189024601066e+01
-6.839777491088829819e-01 2.570020275398241516e-01 -6.827330346221466284e-01 2.024716730950481463e+02 -2.537335951524247735e-01 -9.612647432075371867e-01 -1.076538720026967988e-01 7.067274222516046223e+01 -6.839544585825662049e-01 9.959945434874181713e-02 7.226937437659617380e-01 6.001612637848478471e+01
-6.840675376166513999e-01 2.570819162434586080e-01 -6.826129886836922456e-01 2.024613380465762020e+02 -2.545419573853920370e-01 -9.611358958595774826e-01 -1.068933188773776438e-01 7.068941388011737104e+01 -6.835641856545033868e-01 1.006313968441202716e-01 7.229199997646328368e-01 5.997765932222247187e+01
-6.838637462508747600e-01 2.567283412477349702e-01 -6.829501704838402132e-01 2.024700374800272584e+02 -2.535862590500759794e-01 -9.613266986639787959e-01 -1.074476042394822972e-01 7.068563675446605998e+01 -6.841230779506767279e-01 9.970725768971494540e-02 7.225192571684779796e-01 6.001010518229485058e+01
-6.839523209235545131e-01 2.570912356019320888e-01 -6.827249221172139171e-01 2.024583207810181023e+02 -2.543915887100574591e-01 -9.611538921971209959e-01 -1.070892856820855610e-01 7.069271902475489355e+01 -6.837354329686716747e-01 1.004355121010402918e-01 7.227852832011349982e-01 5.998688485516899505e+01
-6.846161636313070620e-01 2.570186539161404826e-01 -6.820865927680197505e-01 2.024683828879047098e+02 -2.544513860821641660e-01 -9.611717672683743885e-01 -1.067863564649305652e-01 7.069122217885526993e+01 -6.830484613961271823e-01 1.004502132666972580e-01 7.234324806359321292e-01 5.998626536221146210e+01
-6.841459326846679456e-01 2.565854542438113506e-01 -6.827212077133117951e-01 2.024775569357906306e+02 -2.537345074892556895e-01 -9.613339654524586386e-01 -1.070318017069518540e-01 7.070340475265561508e+01 -6.837858893690413886e-01 1.000045575858840158e-01 7.227973062773827007e-01 6.000129440218171339e+01
-6.846119152363001614e-01 2.565506562374723631e-01 -6.822670197954812110e-01 2.024846113988400020e+02 -2.541777450740858035e-01 -9.612850637814365218e-01 -1.064175740175136442e-01 7.069498679686046216e+01 -6.831545940894625524e-01 1.005623534671012953e-01 7.233166759031756099e-01 5.998002682298562860e+01
-6.836878000056763049e-01 2.571491306252222109e-01 -6.829680202923785748e-01 2.024560531350587098e+02 -2.543749501611313746e-01 -9.611411533200362456e-01 -1.072430329912046898e-01 7.068889438244193002e+01 -6.840061234038189442e-01 1.004092028318274710e-01 7.225327778950630941e-01 5.998545522888488790e+01
-6.844468451594682978e-01 2.564880856923651420e-01 -6.824561363553830473e-01 2.024851984048209488e+02 -2.537527167690494245e-01 -9.613534503447680457e-01 -1.068133991713427211e-01 7.068429287285384532e+01 -6.834779256739590414e-01 1.000670045923027773e-01 7.230798847349760861e-01 5.999858552067521344e+01
-6.839447751311138468e-01 2.568749388821791602e-01 -6.828138914412383853e-01 2.024715117248262288e+02 -2.545907187376731384e-01 -9.611582356906320790e-01 -1.065758504385822120e-01 7.069798122866934875e+01 -6.836688602704422690e-01 1.009460833234690630e-01 7.227771286905568804e-01 5.996650924145592398e+01
-6.835935579800114237e-01 2.568390112078275944e-01 -6.831790173958908197e-01 2.024653199542966036e+02 -2.541364380605248829e-01 -9.612226449154519514e-01 -1.070779984481069758e-01 7.070419094702005225e+01 -6.841889492955425256e-01 1.004228520981614858e-01 7.223577593120547036e-01 5.998551045519120350e+01
-6.835408230770754212e-01 2.573487303103179635e-01 -6.830399506579256652e-01 2.024492548923129220e+02 -2.548581767557514532e-01 -9.610353348056575040e-01 -1.070438928464012146e-01 7.068575222659737278e+01 -6.839731375776745281e-01 1.009094458544140399e-01 7.224943119565070404e-01 5.996779741207181047e+01
-6.841092299704027990e-01 2.575032102394236300e-01 -6.824123813250267956e-01 2.024491133756311001e+02 -2.549691591432493021e-01 -9.610078902105181342e-01 -1.070259914175682447e-01 7.068894443921168147e+01 -6.833632191997803806e-01 1.007766424798929306e-01 7.230897447588320315e-01 5.997523549850001245e+01
-6.836229961725910353e-01 2.581099138161290218e-01 -6.826703974055413626e-01 2.024231565820557535e+02 -2.545655756289879612e-01 -9.609600568870031445e-01 -1.084072726915007723e-01 7.068053919864699708e+01 -6.839999757373470546e-01 9.967467811614874607e-02 7.226402920774281924e-01 6.001109123738680040e+01
-6.841711085642401269e-01 2.570219588835894187e-01 -6.825317625265668875e-01 2.024681478428952914e+02 -2.544243355475760970e-01 -9.611649786369791393e-01 -1.069118390214610775e-01 7.067985493058615987e+01 -6.835043172410498746e-01 1.005066987489831448e-01 7.229939500572790667e-01 5.998386247010146377e+01
-6.840874657048896523e-01 2.566266998573801250e-01 -6.827642903563213572e-01 2.024758806862702158e+02 -2.540119126990436071e-01 -9.612855196221798959e-01 -1.068086980151353171e-01 7.069661824355607393e+01 -6.837413893223331929e-01 1.003637717756015735e-01 7.227896138175620155e-01 5.998857371818188255e+01
-6.844764143701058678e-01 2.565140754963047276e-01 -6.824167108470600152e-01 2.024854180691292527e+02 -2.543173198034727744e-01 -9.612670805123333384e-01 -1.062464153337620010e-01 7.067999065307867568e+01 -6.832384203329187056e-01 1.008272234843953508e-01 7.232006166931869151e-01 5.997512379411369920e+01
-6.842421253104833401e-01 2.563541705759311284e-01 -6.827116911104706976e-01 2.024923508227207947e+02 -2.544915235194310510e-01 -9.612607804365791431e-01 -1.058856763269575563e-01 7.067758837364922897e+01 -6.834082077406966604e-01 1.012928981853355725e-01 7.229750828139680507e-01 5.995534626922322019e+01
-6.842786932265507716e-01 2.564304522574972767e-01 -6.826463895394005998e-01 2.024866026818540945e+02 -2.541582834386197920e-01 -9.612990165853951829e-01 -1.063379879040705495e-01 7.069237237289395637e+01 -6.834956012701896011e-01 1.007354151575672735e-01 7.229703584361772961e-01 5.997620661175084678e+01
-6.840000558113836782e-01 2.574235759144729574e-01 -6.825518487363656517e-01 2.024515467171849536e+02 -2.543557725799850955e-01 -9.611079861387694656e-01 -1.075852217338371525e-01 7.068927757714456561e+01 -6.837010052685777994e-01 1.000227051408106721e-01 7.228750886917121310e-01 6.000165695983309178e+01
-6.838289078585628733e-01 2.568779141611010064e-01 -6.829288118048671974e-01 2.024705500971734295e+02 -2.537788771417981981e-01 -9.612742745173961101e-01 -1.074618568037152971e-01 7.068228580058479338e+01 -6.840864757423682496e-01 9.982738285308369319e-02 7.225373259140943638e-01 6.000870114104107245e+01
-6.834416551803783602e-01 2.567949128617137422e-01 -6.833475519036050772e-01 2.024726313473018706e+02 -2.535197164935540926e-01 -9.613162271770092637e-01 -1.076980255863097258e-01 7.067274357316985345e+01 -6.845693955424340116e-01 9.963676075879993044e-02 7.221061269592998766e-01 6.001508492634400938e+01
-6.841266140942054985e-01 2.570909351281003286e-01 -6.825503841936920724e-01 2.024619468618983831e+02 -2.543321236067590529e-01 -9.611666848814082176e-01 -1.071157074184708458e-01 7.068702986540992583e+01 -6.835831674271054537e-01 1.003137824480869744e-01 7.229461931992475776e-01 5.998911060521156458e+01
-6.841297929662824018e-01 2.565059297309782438e-01 -6.827672622415036363e-01 2.024774637001014526e+02 -2.539033256686971662e-01 -9.613213145517764957e-01 -1.067447019894665339e-01 7.069844474465011785e+01 -6.837393710985840700e-01 1.003296476685280048e-01 7.227962605108176897e-01 5.998910542592835782e+01
-6.838417826645513120e-01 2.572087170177954074e-01 -6.827913972599750636e-01 2.024520418861609414e+02 -2.548890859692308219e-01 -9.610596434356795115e-01 -1.067516539125073771e-01 7.068871277808997888e+01 -6.836607127339844325e-01 1.010348338413307456e-01 7.227724345979965603e-01 5.996568342260472662e+01
-6.845276879792283609e-01 2.566879582623876055e-01 -6.822998874929553370e-01 2.024794485314864971e+02 -2.550721670101775973e-01 -9.611293577572492808e-01 -1.056813478049476868e-01 7.068647584857075117e+01 -6.829055820584166714e-01 1.016939021781789604e-01 7.233936108739350557e-01 5.994020384036014804e+01
-6.833390953642348720e-01 2.574312960414025797e-01 -6.832106619229776356e-01 2.024476005023450682e+02 -2.539816625374201609e-01 -9.611461258131495100e-01 -1.081269620820922012e-01 7.067631433440250532e+01 -6.845005448073198107e-01 9.963559932482936310e-02 7.221715526837543253e-01 6.001134669801485444e+01
-6.845286759489046524e-01 2.564921772704108482e-01 -6.823725190852314437e-01 2.024825007269388664e+02 -2.542401645365327534e-01 -9.612830718182401313e-01 -1.062863799935146875e-01 7.069811668949822092e+01 -6.832147762893285847e-01 1.007304265590748399e-01 7.232364417153975822e-01 5.997588549346784959e+01
-6.836289511264250773e-01 2.573493775541507156e-01 -6.829515027103131297e-01 2.024459498872488439e+02 -2.548728914081508923e-01 -9.610350998925913935e-01 -1.070109620538249873e-01 7.069308245212948805e+01 -6.838795701050240927e-01 1.009100324394330284e-01 7.225827972945660926e-01 5.997024838109630451e+01
-6.842677298732935398e-01 2.566317497491579780e-01 -6.825817305456799433e-01 2.024700511869428112e+02 -2.548329059870219626e-01 -9.611676598021343665e-01 -1.059099607057725351e-01 7.071243726974772414e+01 -6.832553431040692127e-01 1.014735175854973442e-01 7.230942271575444558e-01 5.994860998149719933e+01
-6.848443753230599729e-01 2.562790844057932782e-01 -6.821357727641149671e-01 2.024948827989705080e+02 -2.538100463084347336e-01 -9.613868027809251426e-01 -1.063761055481018958e-01 7.069932200747012985e+01 -6.830583005727096646e-01 1.002818345205102324e-01 7.234465506752539854e-01 5.999179411962447972e+01
-6.840538738592811807e-01 2.566662130348731918e-01 -6.827830934817061825e-01 2.024786180636149595e+02 -2.532180035065003110e-01 -9.613943816019288047e-01 -1.077101932243532678e-01 7.069678560401074208e+01 -6.840693973262458316e-01 9.921339683017924016e-02 7.226380570736116171e-01 6.002958545573029880e+01
-6.836609533541428974e-01 2.571248277857037801e-01 -6.830040437618775107e-01 2.024565139125444944e+02 -2.531244902106601913e-01 -9.613262956213508570e-01 -1.085345373718630824e-01 7.069597402151808296e+01 -6.844966715145500702e-01 9.868422509754590233e-02 7.223058427026594064e-01 6.004816387301033132e+01
-6.836460113782107939e-01 2.572283588967265722e-01 -6.829800161834611583e-01 2.024516621099644169e+02 -2.542199923837020759e-01 -9.611504454920685170e-01 -1.075268180633536241e-01 7.069110813238927449e+01 -6.841054937647368384e-01 1.001168942271779549e-01 7.224792598346403416e-01 5.999606825542758770e+01
-6.836238880209675184e-01 2.573954710842200067e-01 -6.829392002165547426e-01 2.024453763232777419e+02 -2.554331036882123707e-01 -9.609448004100076268e-01 -1.064848350948476297e-01 7.069786234239214195e+01 -6.836755877368313472e-01 1.016497025588487813e-01 7.226721446841545271e-01 5.994197172007353913e+01
-6.841113975459851559e-01 2.569763708830489213e-01 -6.826087756214807012e-01 2.024607382983718935e+02 -2.554451774981064682e-01 -9.610194383891563774e-01 -1.057799618602312253e-01 7.070581839917454658e+01 -6.831832528982544339e-01 1.020038423098304781e-01 7.230877257383028223e-01 5.993096579166155635e+01
-6.839512127518105888e-01 2.571858741222756151e-01 -6.826903871648473121e-01 2.024480099146931309e+02 -2.551867327059049173e-01 -9.610216528191484198e-01 -1.063819263955949473e-01 7.070757559276644599e+01 -6.834401729677683779e-01 1.014534817771855918e-01 7.229223478417812210e-01 5.994928310500520041e+01
-6.834750105333686765e-01 2.576157828044896014e-01 -6.830051379209688411e-01 2.024390274267824452e+02 -2.551069197520487997e-01 -9.609552204537148423e-01 -1.071705359572969890e-01 7.069183853232331671e+01 -6.839461743960802975e-01 1.009909537175613520e-01 7.225084482524644081e-01 5.996496496043806701e+01
-6.835340159661531523e-01 2.574983195689173887e-01 -6.829903838535109628e-01 2.024426816476757836e+02 -2.552389683854872637e-01 -9.609554634027377418e-01 -1.068534808695608268e-01 7.069371966519167927e+01 -6.838379325795658215e-01 1.012877720932446740e-01 7.225693525120562288e-01 5.995888605701023266e+01
-6.845875407372821186e-01 2.566424352172813061e-01 -6.822569600326731099e-01 2.024769125092187210e+02 -2.545787972595881521e-01 -9.612110274678615784e-01 -1.061272663364152546e-01 7.068923123759053340e+01 -6.830296736256358248e-01 1.010347520406837674e-01 7.233688159071658408e-01 5.996309135059968298e+01
-6.846534737072589305e-01 2.559491951552530509e-01 -6.824511927163458003e-01 2.025005349178312883e+02 -2.539932169362489889e-01 -9.614067388915255030e-01 -1.057569296279867038e-01 7.069801626931072747e+01 -6.831815766624275144e-01 1.009311246015894697e-01 7.232398228773759818e-01 5.996987266349616164e+01
-6.842062367131527267e-01 2.562352351584112342e-01 -6.827923036371593701e-01 2.024897277459551503e+02 -2.544006421827471054e-01 -9.612918653687279047e-01 -1.058218447812989682e-01 7.069795446392969041e+01 -6.834779725052088084e-01 1.012988343428746496e-01 7.229082979610511606e-01 5.995273403452888061e+01
-6.844229024635353209e-01 2.572698455407361751e-01 -6.821858377002825158e-01 2.024519475191484332e+02 -2.556046176769246614e-01 -9.609573259893815500e-01 -1.059589403947164971e-01 7.068534263482558799e+01 -6.828115186532983660e-01 1.018491247030807317e-01 7.234605627064911726e-01 5.993248697403835479e+01
-6.832829894371861279e-01 2.582059631467513161e-01 -6.829744043090054673e-01 2.024239753418336818e+02 -2.557222376101467298e-01 -9.607670708898696788e-01 -1.073907476711091213e-01 7.066437151825567753e+01 -6.839082493561853271e-01 1.012734717937459061e-01 7.225048030106092645e-01 5.995700351476211409e+01
-6.833413794013936116e-01 2.576202216804318046e-01 -6.831371608828831210e-01 2.024370154757635589e+02 -2.554113140725839393e-01 -9.609063797510430938e-01 -1.068830669351343715e-01 7.067363165813669923e+01 -6.839660955350908011e-01 1.014433375588051495e-01 7.224262103657461687e-01 5.994950699908236658e+01
-6.843794159074334527e-01 2.573362535029042331e-01 -6.822044178362454137e-01 2.024607304514049986e+02 -2.554623087911463974e-01 -9.609671900752696505e-01 -1.062123739775118203e-01 7.067499650871026518e+01 -6.829083568600538001e-01 1.015879531830957139e-01 7.234058777054350742e-01 5.994639101617624277e+01
-6.845203926699570118e-01 2.563909973168032042e-01 -6.824188512298463571e-01 2.024950751531589788e+02 -2.533863246440564709e-01 -9.614238722792824987e-01 -1.070490929194985869e-01 7.067310299182678079e+01 -6.835401981612676536e-01 9.963831746073202600e-02 7.230802190568135224e-01 6.001514875299261575e+01
-6.838865296403138228e-01 2.571745715736219462e-01 -6.827594410276965897e-01 2.024637869949495723e+02 -2.541470683159056665e-01 -9.611751212030137381e-01 -1.074786213477024327e-01 7.066300342201461149e+01 -6.838921568807169171e-01 1.000181289381899957e-01 7.226948814269715804e-01 5.999718653387336786e+01
-6.836049536515753644e-01 2.574532579954099676e-01 -6.829363713337988084e-01 2.024425398767084516e+02 -2.557197938926616398e-01 -9.608926593787394665e-01 -1.062670417558929381e-01 7.067030289219555073e+01 -6.835873421549891749e-01 1.019956719650540189e-01 7.227068759503225692e-01 5.992891979857187579e+01
-6.839806532089163227e-01 2.578547947656100181e-01 -6.824085073123650202e-01 2.024354974562895961e+02 -2.562266627767989524e-01 -9.607631702902366122e-01 -1.062168908230677333e-01 7.066340427205376784e+01 -6.830214955022789747e-01 1.022009561121620946e-01 7.232126943379730832e-01 5.992153308737074013e+01
-6.840316556501084833e-01 2.573334450906207826e-01 -6.825541678917241839e-01 2.024499129244467781e+02 -2.559265485698781206e-01 -9.608902630408975298e-01 -1.057899056162964618e-01 7.065054477274796341e+01 -6.830829347931928197e-01 1.023200881107301091e-01 7.231378179595719935e-01 5.991437509691471064e+01
-6.837158918930530405e-01 2.572462944624022141e-01 -6.829033043983975260e-01 2.024612346283892919e+02 -2.557525155412857520e-01 -9.609224976959449549e-01 -1.059179126309199304e-01 7.063226721930095664e+01 -6.834641394888189003e-01 1.022364778694466736e-01 7.227893694747167253e-01 5.991999812548570503e+01
-6.843437948708752661e-01 2.571392555093767740e-01 -6.823144243659315933e-01 2.024753244056489052e+02 -2.552295187058833958e-01 -9.610316378545151750e-01 -1.061889063124332039e-01 7.060759018987671709e+01 -6.830310850926861743e-01 1.014770630179602090e-01 7.233055664643792682e-01 5.994876175739502600e+01
-6.842562532557037169e-01 2.569881096665478926e-01 -6.824591499646558423e-01 2.024734117994100870e+02 -2.559541626358383115e-01 -9.609447148302612263e-01 -1.052270006660591256e-01 7.059658901959826949e+01 -6.828476012331398115e-01 1.026760270452764384e-01 7.233096065726933865e-01 5.989976578588999701e+01
-6.846027134164451855e-01 2.574085010563339493e-01 -6.819530690353788893e-01 2.024561803093394303e+02 -2.564650515389368390e-01 -9.608109999835114934e-01 -1.052040857087577219e-01 7.059723049205976508e+01 -6.823084362090002797e-01 1.028741264585828208e-01 7.237901021590528172e-01 5.988979192412102037e+01
-6.843429383127181964e-01 2.574407718773327747e-01 -6.822015770699441095e-01 2.024500985357673812e+02 -2.563133357399304812e-01 -9.608228228186068698e-01 -1.054655255178411355e-01 7.057686829305340837e+01 -6.826259713074103175e-01 1.026827742422642409e-01 7.235178167609466193e-01 5.988884965000682570e+01
-6.831859549345034033e-01 2.592079175886127795e-01 -6.826918825060146467e-01 2.023742169458572562e+02 -2.570335862388493653e-01 -9.604121771964895249e-01 -1.074345635161017554e-01 7.056793238884392849e+01 -6.835134867180217011e-01 1.020769579879526046e-01 7.227652510480140347e-01 5.990938668448057314e+01
-6.843042183643108789e-01 2.587621509522782248e-01 -6.817403361715953514e-01 2.024115335143308414e+02 -2.572139279136672063e-01 -9.604812669352063015e-01 -1.063801257461356453e-01 7.053956051502997582e+01 -6.823259719635713649e-01 1.025567408856735419e-01 7.238186118654841295e-01 5.989357647043564725e+01
-6.839174677615733611e-01 2.590935289490073345e-01 -6.820025223907514311e-01 2.023874919940229233e+02 -2.573123960834469703e-01 -9.604055929237784728e-01 -1.068242851720566239e-01 7.052450409286294075e+01 -6.826765179148853724e-01 1.024287085610057907e-01 7.235061378800677900e-01 5.989289471000681431e+01
-6.836617463009801998e-01 2.587317201746102691e-01 -6.823961559242410768e-01 2.023997684257910237e+02 -2.587726801227109852e-01 -9.602338748608534313e-01 -1.048217801404844191e-01 7.049946411216529896e+01 -6.823806244807975041e-01 1.049228409127302558e-01 7.234278684070711840e-01 5.980297654324237300e+01
-6.854869112213550775e-01 2.561658843596218427e-01 -6.815326362210836209e-01 2.024951174095511135e+02 -2.561434127611303957e-01 -9.610704750465923762e-01 -1.036054732762685671e-01 7.047585504354903208e+01 -6.815410821390652796e-01 1.035498994879823220e-01 7.244164352585746869e-01 5.985148951931898154e+01
-6.850616122411108400e-01 2.572803125803500568e-01 -6.815404816972847613e-01 2.024495425269969928e+02 -2.577704333229171030e-01 -9.606425705641581381e-01 -1.035386658422924183e-01 7.046060761729167154e+01 -6.813552605932715611e-01 1.047506199430042889e-01 7.244186058374199044e-01 5.980785331996468557e+01
-6.833811682387540554e-01 2.595772257493632051e-01 -6.823560967478050632e-01 2.023842577797714455e+02 -2.603270849194591618e-01 -9.598569826905856139e-01 -1.044240472183581986e-01 7.038499098143863364e+01 -6.820703686233353658e-01 1.062743461630761416e-01 7.235231686640297699e-01 5.975975179248332125e+01
-6.853341399380639132e-01 2.573163432856213628e-01 -6.812528283342911273e-01 2.024799288723580162e+02 -2.583630239950042151e-01 -9.605520250810668514e-01 -1.028997324817660652e-01 7.037976932980916445e+01 -6.808565667359842699e-01 1.054898411733489194e-01 7.247801245493076250e-01 5.978780855594813914e+01
-6.858845724472693028e-01 2.548921419789057508e-01 -6.816101152684220787e-01 2.025484174175394969e+02 -2.556842489015759279e-01 -9.613419294360854295e-01 -1.022118367496693825e-01 7.038321335082865460e+01 -6.813133773400191773e-01 1.041714484180260303e-01 7.245415041196929806e-01 5.982079559256900581e+01
-6.845762482008936889e-01 2.576877363977156388e-01 -6.818741752767955022e-01 2.024547856730266631e+02 -2.577341136656836063e-01 -9.605746998330275677e-01 -1.042562837130383696e-01 7.031655442183746629e+01 -6.818566469956518494e-01 1.043708606408441514e-01 7.240015444713749915e-01 5.981985741915317334e+01
-6.851457313839801611e-01 2.569681807679756180e-01 -6.815736796848220758e-01 2.024672898148858735e+02 -2.579812536966432091e-01 -9.606592861697893504e-01 -1.028562522983400840e-01 7.024591422544020247e+01 -6.811908686318538519e-01 1.053617101633632924e-01 7.244845826682800860e-01 5.975558280926541954e+01
-6.842386653727905443e-01 2.575251589247634088e-01 -6.822743153084677159e-01 2.024195374545852246e+02 -2.592804155042552350e-01 -9.603519319305331425e-01 -1.024589331060699049e-01 7.017841138028863668e+01 -6.816092098444707092e-01 1.067940043170434450e-01 7.238811544011403143e-01 5.968348658860917766e+01
-6.837138284206791816e-01 2.594290260343551924e-01 -6.820791605651096434e-01 2.023155134925592051e+02 -2.591489468011144992e-01 -9.600698766869684153e-01 -1.053928614762079802e-01 7.007495260757460187e+01 -6.821856229782418124e-01 1.047015392873279355e-01 7.236438098074579051e-01 5.969273918444352489e+01
-6.865998789532141711e-01 2.486631940884404257e-01 -6.831890090796002291e-01 2.023222999943524769e+02 -2.443523743502417911e-01 -9.639541414640870887e-01 -1.052821461769934408e-01 7.001809897650093717e+01 -6.847426694538838454e-01 9.465214767753091230e-02 7.226122387347173603e-01 5.967069977648873191e+01
-6.916109075444876186e-01 2.362108221627987337e-01 -6.825531481567318481e-01 2.023697295264067861e+02 -2.271656888136620311e-01 -9.681919420406308596e-01 -1.048814244440207100e-01 6.998509408841414370e+01 -6.856165855573400636e-01 8.251551890866976047e-02 7.232711018338335851e-01 5.970272490429665169e+01
-6.963287734603647028e-01 2.235658498493952318e-01 -6.820150658396796350e-01 2.024284495774255674e+02 -2.096961500200894835e-01 -9.721578810146866978e-01 -1.045781002303431406e-01 6.993354160334762071e+01 -6.864064130804264918e-01 7.019519329806875318e-02 7.238224028861706127e-01 5.973292348715678202e+01
-7.034555724877198379e-01 2.064343640899085064e-01 -6.800993389636321718e-01 2.025489788343558359e+02 -1.860259885140106983e-01 -9.770100385569726598e-01 -1.041427681420459550e-01 6.974171587902418423e+01 -6.859625274993960131e-01 5.325634123461609609e-02 7.256853126424308575e-01 5.979877883558318530e+01
-7.073139100956220560e-01 1.944926261509037912e-01 -6.796172827100319669e-01 2.025766830376380767e+02 -1.692209299203675243e-01 -9.800384651360136701e-01 -1.043498142343004531e-01 6.964931601148904861e+01 -6.863463480358358293e-01 4.119739344633008282e-02 7.261070618793756815e-01 5.982234391543811114e+01
-7.104662956769722815e-01 1.816932948937423631e-01 -6.798714505681912046e-01 2.026416317971734031e+02 -1.517801132682633503e-01 -9.829200841743315209e-01 -1.040716356314152491e-01 6.957764070560635616e+01 -6.871684218030641444e-01 2.925157632300335458e-02 7.259090200288914607e-01 5.985191023961947110e+01
-7.130440216483338034e-01 1.722228433912016687e-01 -6.796377825031657549e-01 2.025775588270358583e+02 -1.367113240761255455e-01 -9.849073883991876777e-01 -1.061482460808680084e-01 6.955147544590386133e+01 -6.876614261836441200e-01 1.722580886175052728e-02 7.258271381314802539e-01 5.988002911979383924e+01
-7.163198761583116081e-01 1.582922633575340188e-01 -6.795803075293531670e-01 2.026724778326324952e+02 -1.186782842502989987e-01 -9.873768994703913116e-01 -1.048919598426982930e-01 6.944089352600158804e+01 -6.876054827209758802e-01 5.515229223349946142e-03 7.260635525755768649e-01 5.989594997345237459e+01
-7.197905245425031406e-01 1.461221638612120455e-01 -6.786382792086999016e-01 2.027119386220282991e+02 -1.021874517196749155e-01 -9.892486324538349862e-01 -1.046177226824232531e-01 6.937809968754940826e+01 -6.866289576546181772e-01 -5.954529094261279409e-03 7.269836436216416953e-01 5.990794980136612224e+01
-7.227307099786128841e-01 1.321764712475496650e-01 -6.783728335527273723e-01 2.028006558458145889e+02 -8.464138027656810392e-02 -9.910808909884867290e-01 -1.029296082881163699e-01 6.930516474864201371e+01 -6.859272247102371489e-01 -1.697197590186139832e-02 7.274721949568234702e-01 5.989609393043056684e+01
-7.236040826884775345e-01 1.216895425463820485e-01 -6.794032578310315040e-01 2.027694509303123596e+02 -6.931375362203671953e-02 -9.921709088269974330e-01 -1.038869156161303930e-01 6.920105999236632499e+01 -6.867260990201190518e-01 -2.808100625443610276e-02 7.263736793223911636e-01 5.988557411964374211e+01
-7.265620330818709505e-01 1.075609452245169656e-01 -6.786296892609008369e-01 2.028428726018975965e+02 -5.115599107125802514e-02 -9.933979770580299018e-01 -1.026816622115742511e-01 6.913804072811024071e+01 -6.851938971279997181e-01 -3.988862293214605337e-02 7.272676406242211122e-01 5.988394738319046695e+01
-7.279250967233528158e-01 9.839129118655381978e-02 -6.785603933173092184e-01 2.027715894133168888e+02 -3.756068715239547356e-02 -9.938865719236924523e-01 -1.038204071000111001e-01 6.903119590292062924e+01 -6.846270870634161287e-01 -5.008628523273551958e-02 7.271706235063726265e-01 5.985380094343533131e+01
-7.296197869561906746e-01 8.636474118053649729e-02 -6.783775482449452277e-01 2.027720138694115519e+02 -1.988410096861815968e-02 -9.942530135214320275e-01 -1.051930018215193330e-01 6.893125194221005358e+01 -6.835638880241361459e-01 -6.326196791415295007e-02 7.271439571398190527e-01 5.988701036538125777e+01
-7.309981463696384463e-01 7.325427515523347255e-02 -6.784360848124416643e-01 2.028029926111904615e+02 -1.235626018603705467e-03 -9.943616257504528377e-01 -1.060350435623000631e-01 6.883008518664956910e+01 -6.823783285190813119e-01 -7.667312701591130764e-02 7.269670201330364900e-01 5.994040390271271690e+01
-7.326199642556801006e-01 6.119593073864210142e-02 -6.778812919936920700e-01 2.027900192261712675e+02 1.549084868391112021e-02 -9.941927996385937494e-01 -1.064927732469550525e-01 6.871675400545413481e+01 -6.804616238856222576e-01 -8.851968824960090854e-02 7.274175164313376740e-01 5.994578773603302579e+01
-7.354491741277044969e-01 4.927552358294776114e-02 -6.757857908024587079e-01 2.028056365823743761e+02 3.139063369747932541e-02 -9.938035530485622715e-01 -1.066261040464539789e-01 6.865112170237695466e+01 -6.768523771037144865e-01 -9.963142437846059241e-02 7.293452124236987633e-01 5.991706750340715359e+01
-7.360388847870078521e-01 3.770331820306299653e-02 -6.758884670402186545e-01 2.027871855450569001e+02 4.696256705207677018e-02 -9.931981122061608325e-01 -1.065458924876889063e-01 6.853388083876117776e+01 -6.753082832139535308e-01 -1.101633773383765974e-01 7.292617862715865540e-01 5.988125003276020664e+01
-7.369794599483094899e-01 2.335570403079002127e-02 -6.755115000527560642e-01 2.028624228685686717e+02 6.706762220894274540e-02 -9.919439685333593104e-01 -1.074667266716951425e-01 6.839233384364331414e+01 -6.725795192135550771e-01 -1.245057202682528924e-01 7.294759186943369222e-01 5.995595435641469351e+01
-7.371612265940932218e-01 1.156534969553867781e-02 -6.756179162016890949e-01 2.028590307999425306e+02 8.313757884906008977e-02 -9.907044756042853173e-01 -1.076697961396560488e-01 6.829340271957687492e+01 -6.705829322234566625e-01 -1.355392367695003597e-01 7.293474112564823919e-01 5.994844550222521207e+01
-7.366790633652084974e-01 -2.481696137702514571e-03 -6.762379749641678206e-01 2.029104040679346213e+02 1.021519086466659565e-01 -9.889266139144949896e-01 -1.076528673628967259e-01 6.821522754291396495e+01 -6.684825690765627826e-01 -1.483846133394239042e-01 7.287750416726055391e-01 6.000065883698665203e+01
-7.379253114567754235e-01 -1.234084317851015522e-02 -6.747695445861977559e-01 2.028577014974032693e+02 1.141541682161715671e-01 -9.877084890291516484e-01 -1.067743722932827793e-01 6.814288798327702068e+01 -6.651579215421666857e-01 -1.558192680299646526e-01 7.302638530834665298e-01 5.987054736586102877e+01
-7.381987424551703647e-01 -2.419105379668159972e-02 -6.741493970581093897e-01 2.028449164057258258e+02 1.306088243478316091e-01 -9.855721559235393059e-01 -1.076515697549516593e-01 6.800899676918447767e+01 -6.618186697578753996e-01 -1.675181136009894489e-01 7.307076911977063993e-01 5.986834262713716726e+01
-7.371509115363372722e-01 -3.715465917383217742e-02 -6.747059099510124280e-01 2.028607357911523081e+02 1.478030465501833646e-01 -9.831745318069482487e-01 -1.073410426475952112e-01 6.791183813621029230e+01 -6.593654472685324119e-01 -1.788501364491089651e-01 7.302395741402293305e-01 5.986394652446873010e+01
-7.362018041555933312e-01 -4.951268413300818211e-02 -6.749484407478801851e-01 2.028580778408440324e+02 1.641224192766611023e-01 -9.806107099011049932e-01 -1.070815909389998266e-01 6.784893452384936552e+01 -6.565597726397999212e-01 -1.896078314236951390e-01 7.300535153082805540e-01 5.984246273735350741e+01
-7.356707098568864289e-01 -6.179760100739157408e-02 -6.745143906310645532e-01 2.028621108143563276e+02 1.808652368646661013e-01 -9.775933473272351293e-01 -1.076987156628179954e-01 6.774301137185210564e+01 -6.527452586978731430e-01 -2.012269956324536369e-01 7.303638295234664568e-01 5.984432013725702149e+01
-7.342542735812993548e-01 -7.388806230044979440e-02 -6.748416228842760711e-01 2.028298731985800600e+02 1.964294280302404383e-01 -9.746613843765781215e-01 -1.070077829358466182e-01 6.762956339807034567e+01 -6.498354726631282441e-01 -2.111296759212629714e-01 7.301630765891078401e-01 5.976604085558951596e+01
-7.346240584875611823e-01 -8.586260202864008650e-02 -6.730193951619340975e-01 2.028410572078122982e+02 2.120178551509460663e-01 -9.713348454838208745e-01 -1.075037071273101663e-01 6.754236904616865900e+01 -6.444966421855560235e-01 -2.216669382695430346e-01 7.317703510595041649e-01 5.974296688109721032e+01
-7.317407368943582568e-01 -9.830560960777987023e-02 -6.744564486228485922e-01 2.028384610728097357e+02 2.288254853054824955e-01 -9.675429351681761325e-01 -1.072360288376141835e-01 6.748876586997278082e+01 -6.420236687568556810e-01 -2.328017949367959250e-01 7.304854091836423535e-01 5.975848038830771713e+01
-7.303161224965830645e-01 -1.085121235559425995e-01 -6.744356754079193772e-01 2.027458030821337331e+02 2.435731807443577424e-01 -9.637731105936726550e-01 -1.086899117612755011e-01 6.737612679727862997e+01 -6.382087956489105318e-01 -2.436524375785665275e-01 7.302896841790864624e-01 5.972566898268559044e+01
-7.296396192831922090e-01 -1.216308778445243238e-01 -6.729278977179119492e-01 2.027856255579513629e+02 2.595570186188005946e-01 -9.596729917483766137e-01 -1.079717694327537308e-01 6.728978363958299269e+01 -6.326580277353618387e-01 -2.534436396193254781e-01 7.317855843609599731e-01 5.967481087660990369e+01
-7.264391747341425454e-01 -1.318994176226923054e-01 -6.744543491166561378e-01 2.027122110240950121e+02 2.737302929557163256e-01 -9.557325822100770640e-01 -1.079210731063948159e-01 6.721913163291476678e+01 -6.303632699721291033e-01 -2.630166818527918116e-01 7.303864545137674913e-01 5.963443342655069301e+01
-7.264153454168287283e-01 -1.437720863634509849e-01 -6.720493531918989571e-01 2.026728934098175046e+02 2.891015522539590599e-01 -9.510697833404744284e-01 -1.090255002329924006e-01 6.714278734181885966e+01 -6.234910090990091192e-01 -2.734883076100388943e-01 7.324364185192433485e-01 5.958526144489051291e+01
-7.231418102893296673e-01 -1.570362119387377908e-01 -6.726109948189989973e-01 2.026940078553506339e+02 3.059780192856582648e-01 -9.458782682205402192e-01 -1.081284117248464544e-01 6.702267839601387323e+01 -6.192280467852672166e-01 -2.839963553428888621e-01 7.320537522794747787e-01 5.954425175831183026e+01
-7.203287273319363138e-01 -1.664735551625641796e-01 -6.733595473533362519e-01 2.025843296178473452e+02 3.189459077452933000e-01 -9.415517211004282849e-01 -1.084152407429515436e-01 6.698602200197855439e+01 -6.159545701696547138e-01 -2.928598844573253590e-01 7.313228121443757779e-01 5.948741435412073031e+01
-7.175343134702198977e-01 -1.786275449858394371e-01 -6.732285712632470887e-01 2.025703921199311708e+02 3.351732156259836781e-01 -9.358387513477632869e-01 -1.089254194520176272e-01 6.685067757782206854e+01 -6.105763052393688994e-01 -3.038059111475483465e-01 7.313675846194231944e-01 5.946881266352198026e+01
-7.150533212807033134e-01 -1.904131468438184371e-01 -6.726377786256660940e-01 2.025387767228520772e+02 3.509463395477854797e-01 -9.299326015821700597e-01 -1.098272428527116151e-01 6.674907835713324289e+01 -6.045952484790519943e-01 -3.145921010191649048e-01 7.317761922151477805e-01 5.945314707407190724e+01
-7.113442897620638750e-01 -2.009696775904052102e-01 -6.734986934746899356e-01 2.024760859278707414e+02 3.651767171852167149e-01 -9.244345261455551022e-01 -1.098488602392946045e-01 6.665842824710428260e+01 -6.005291555359607569e-01 -3.240864013797128962e-01 7.309806685487747480e-01 5.940282816854637815e+01
-7.077284260700325014e-01 -2.126070238194409101e-01 -6.737349095564769685e-01 2.024932916909178005e+02 3.805966237510107208e-01 -9.181685183441561371e-01 -1.100580842602140036e-01 6.657109327376839758e+01 -5.952030619223712682e-01 -3.343124666301519610e-01 7.307314758061933535e-01 5.942219441346278330e+01
-7.069704919156722944e-01 -2.198318402071934852e-01 -6.722102986355024123e-01 2.024098236889659859e+02 3.891791272036158045e-01 -9.145440118865322265e-01 -1.102218547817013922e-01 6.643260339969810957e+01 -5.905356301778447170e-01 -3.395338162151240180e-01 7.321095936653543301e-01 5.929449894391971299e+01
-7.054856899739179177e-01 -2.308222809676054865e-01 -6.700828425283966716e-01 2.023164977577697243e+02 4.022704229830537104e-01 -9.088328559436118503e-01 -1.104597064563030556e-01 6.629064876351499436e+01 -5.834967420946404193e-01 -3.474822507212266265e-01 7.340215510450978087e-01 5.913028594585135522e+01
-7.010205556737407750e-01 -2.402668164656691641e-01 -6.714477175687862953e-01 2.024018028852320015e+02 4.158320232821266504e-01 -9.026226877958933859e-01 -1.111575993318069666e-01 6.605675907058468965e+01 -5.793564610289358985e-01 -3.571332249757366295e-01 7.326676945808767716e-01 5.924780197394172632e+01
-7.010993250571408986e-01 -2.396528588272018867e-01 -6.715848745023749178e-01 2.023073934855649725e+02 4.158373689723682265e-01 -9.025092704754040795e-01 -1.120548940122318843e-01 6.600307508029094095e+01 -5.792572994538436326e-01 -3.578316978160309136e-01 7.324052546695284382e-01 5.920226655970222396e+01
-7.005167854315694775e-01 -2.435327820537887544e-01 -6.707965543991432078e-01 2.024003896417614214e+02 4.200558181217152742e-01 -9.005970986851559168e-01 -1.117048589004813741e-01 6.582666706987367888e+01 -5.769136356429074297e-01 -3.600231241254119863e-01 7.331807465449845518e-01 5.920868526056528935e+01
-7.007714940994305142e-01 -2.419707104954397781e-01 -6.710957370748116269e-01 2.022760578221334526e+02 4.191197465738833450e-01 -9.008933478403040596e-01 -1.128264767194913365e-01 6.574721334837656173e+01 -5.772849825601706897e-01 -3.603350539143009845e-01 7.327350802514380756e-01 5.915223762959204379e+01
-7.010866743106998200e-01 -2.408011241438570149e-01 -6.711872270201646451e-01 2.021902588791991207e+02 4.180963095201172264e-01 -9.013015394828542970e-01 -1.133622992510997379e-01 6.567653944770826513e+01 -5.776443118993050962e-01 -3.600976999883397367e-01 7.325685601999898378e-01 5.909391805222081473e+01
-7.015675203238007640e-01 -2.414413792035650097e-01 -6.704543793838571020e-01 2.021159128204142519e+02 4.182244049703586208e-01 -9.012791436126665889e-01 -1.130674682479771431e-01 6.558264048739471264e+01 -5.769673834055979444e-01 -3.597248472056082114e-01 7.332848510565315170e-01 5.897600079232826431e+01
-7.014541735147359347e-01 -2.427379869385607458e-01 -6.701047023829737048e-01 2.020533887901850107e+02 4.191623334859717609e-01 -9.009240687025221739e-01 -1.124222425460729008e-01 6.547146143467702473e+01 -5.764243060848089906e-01 -3.597417019605986255e-01 7.337035690421154221e-01 5.886668731111232944e+01
-6.979798480000254379e-01 -2.519271052019875778e-01 -6.703408576615397241e-01 2.019848259067044012e+02 4.315260926439352662e-01 -8.950001475165130227e-01 -1.129600252871715282e-01 6.541133862897022766e+01 -5.714974743192833273e-01 -3.681133923262875363e-01 7.334051862624868523e-01 5.883401156013968603e+01
-6.953222042732780661e-01 -2.615710129326178079e-01 -6.694084234889442486e-01 2.020250004153696182e+02 4.439419425657094576e-01 -8.887958394676105378e-01 -1.138310475048411874e-01 6.522004849908003621e+01 -5.651925193025238991e-01 -3.763277307593334564e-01 7.341218258477245628e-01 5.883095279555010393e+01
-6.966141804767087553e-01 -2.619957059444570358e-01 -6.678973975285642517e-01 2.019489640215080613e+02 4.431030600684095488e-01 -8.892799691963069186e-01 -1.133173179360811855e-01 6.517887503909039992e+01 -5.642591263920990752e-01 -3.748858312244956470e-01 7.355761359848103087e-01 5.867222367614390066e+01
-6.965129738677775517e-01 -2.591514914337592068e-01 -6.691114867654889276e-01 2.017718856995803662e+02 4.416581484291245974e-01 -8.897654464095625659e-01 -1.151326639218841486e-01 6.513178898621835344e+01 -5.655154791515631940e-01 -3.757099344750554071e-01 7.341895449927950956e-01 5.863746441087360495e+01
-6.978024002667921888e-01 -2.612001584890829564e-01 -6.669679807810734440e-01 2.018004483220720715e+02 4.416311365086992291e-01 -8.899875346259524811e-01 -1.135082705200574638e-01 6.508156384572650666e+01 -5.639448106401362404e-01 -3.737601709862860555e-01 7.363895607192997295e-01 5.851807663912638446e+01
-6.962600750881615674e-01 -2.620817730202187890e-01 -6.682327828599897712e-01 2.017948296853342072e+02 4.424301904202264102e-01 -8.897799794603911128e-01 -1.120139042984761579e-01 6.503776324152906341e+01 -5.652233491664598874e-01 -3.736371667835581833e-01 7.354711640540406714e-01 5.848587135103914392e+01
-6.974322363470615294e-01 -2.613700657939447280e-01 -6.672885166184158168e-01 2.017281315246694078e+02 4.408665584806764626e-01 -8.905628287750513294e-01 -1.119576956603846318e-01 6.497831470608986137e+01 -5.649999586879109748e-01 -3.722680978959223008e-01 7.363365466765934286e-01 5.838360525077003160e+01
-6.976141605056316308e-01 -2.625974988501665330e-01 -6.666161089110137494e-01 2.016987383689697424e+02 4.419537131385040118e-01 -8.900312895679565184e-01 -1.118982530385983498e-01 6.484682423004871055e+01 -5.639249936872036129e-01 -3.726752704267323191e-01 7.369543705734089567e-01 5.833079751214339836e+01
-6.975509383390114948e-01 -2.611974614333785194e-01 -6.672320245335372491e-01 2.016435986880359508e+02 4.411184832683242574e-01 -8.903544285271858261e-01 -1.126209364242780064e-01 6.478472530920642214e+01 -5.646566852003236381e-01 -3.728872185296606134e-01 7.362865950944617044e-01 5.831529075885501356e+01
-6.969348028368609338e-01 -2.615242578341453461e-01 -6.677476642857281819e-01 2.015969355638586649e+02 4.404499075573097278e-01 -8.909170612617618445e-01 -1.107730512600582362e-01 6.471301616038306292e+01 -5.659379467110360329e-01 -3.713109916458245952e-01 7.360994416215047575e-01 5.820217321977592917e+01
-6.975069314740931503e-01 -2.626252298389449846e-01 -6.667173833024276908e-01 2.015889754477780400e+02 4.403142944454394581e-01 -8.911258444023513192e-01 -1.096268741924689150e-01 6.464654569520520511e+01 -5.653383081417796552e-01 -3.700306988484034498e-01 7.372040960664505427e-01 5.811107106272138623e+01
-6.977119357627106222e-01 -2.629466957892345191e-01 -6.663760874069353246e-01 2.015564763129752066e+02 4.405192923690094964e-01 -8.910224107964614948e-01 -1.096440445677270559e-01 6.453655959541212894e+01 -5.649254886663894748e-01 -3.700514810563340085e-01 7.375100634045984593e-01 5.803884647506556149e+01
-6.982059132444529137e-01 -2.627108505319725174e-01 -6.659515836179443760e-01 2.015035372231049280e+02 4.392705749637356716e-01 -8.917467933256177925e-01 -1.087612916643976857e-01 6.444831579054947213e+01 -5.652874177633087083e-01 -3.684707120060516927e-01 7.380240305791159194e-01 5.794042751439927486e+01
-6.976269292481418471e-01 -2.649900136091642433e-01 -6.656552863721754143e-01 2.015348705926295736e+02 4.404977753575945454e-01 -8.913775124532712368e-01 -1.068074912991978098e-01 6.433076235057956183e+01 -5.650472347448645127e-01 -3.677314549777228048e-01 7.385764683004386599e-01 5.784639126995991631e+01
-6.984657923677095592e-01 -2.668103172813278134e-01 -6.640465281020491162e-01 2.015472208314011766e+02 4.414642351382038199e-01 -8.909519847302411755e-01 -1.063667711227778423e-01 6.420614703421408365e+01 -5.632538202142876038e-01 -3.674463436986166176e-01 7.400866966217736209e-01 5.775986614773222527e+01
-6.999593227275262564e-01 -2.668703470508134168e-01 -6.624478578664146911e-01 2.014826138119939003e+02 4.397242950315020660e-01 -8.919383317283477997e-01 -1.053022162763007641e-01 6.417238615055994444e+01 -5.627605981995112971e-01 -3.650016852819047974e-01 7.416699258130248218e-01 5.759251173854183747e+01
-6.994900573797901977e-01 -2.697735375427687265e-01 -6.617672536991227039e-01 2.013426426822270514e+02 4.427255146039753009e-01 -8.904944225573447891e-01 -1.049466631813846806e-01 6.388900479373752006e+01 -5.609882158704083688e-01 -3.663903953925677359e-01 7.423276229661767145e-01 5.740679986542858160e+01
-7.007320601193225418e-01 -2.705719459182448494e-01 -6.601252926550723599e-01 2.013350502176036798e+02 4.401014836747543235e-01 -8.921951996944224028e-01 -1.014810805495794110e-01 6.381433590432391867e+01 -5.615026838655453600e-01 -3.616331673453704321e-01 7.442688951498275252e-01 5.714772630425856903e+01
-7.008800953588667504e-01 -2.701174743450787119e-01 -6.601542562031862404e-01 2.012838289148598108e+02 4.403039620921942454e-01 -8.919796330708420484e-01 -1.024927078026637572e-01 6.372505412733258368e+01 -5.611590798478288677e-01 -3.625036334166077401e-01 7.441045644693330408e-01 5.716203828425282296e+01
-7.007283296295856445e-01 -2.698186698475482093e-01 -6.604375015519872161e-01 2.012045154588894604e+02 4.395781248096847227e-01 -8.924165625827098491e-01 -1.018025098750625634e-01 6.361645424892807910e+01 -5.619171471341060098e-01 -3.616497811830677311e-01 7.439479521625869118e-01 5.706917623767908054e+01
-7.007232855162173202e-01 -2.705945552722037739e-01 -6.601253394563764143e-01 2.011846921603942633e+02 4.399076781287137861e-01 -8.923242809119977803e-01 -1.011860287702316397e-01 6.347514566128289459e+01 -5.616654803873581958e-01 -3.612976118823987282e-01 7.443090243906180792e-01 5.699120076612246777e+01
-7.005831194484144486e-01 -2.717446162405028898e-01 -6.598016037326912553e-01 2.011764458110458520e+02 4.408550330516901039e-01 -8.919041961526472662e-01 -1.007657914090597795e-01 6.333461754528249799e+01 -5.610972576808077594e-01 -3.614716703001809583e-01 7.446530057640771139e-01 5.691941756591241131e+01
-7.039049619098423083e-01 -2.751891439974431530e-01 -6.548196237321065594e-01 2.012097504393576344e+02 4.424149003124946966e-01 -8.910942625071063272e-01 -1.010943683317777897e-01 6.319028292832879856e+01 -5.556859370005583498e-01 -3.608627860459848735e-01 7.489934506168536288e-01 5.677497008675447177e+01
-7.038956712430541884e-01 -2.778185576110639432e-01 -6.537183897154781320e-01 2.012599383329484226e+02 4.419732747641334503e-01 -8.917782622767675971e-01 -9.690797348462290572e-02 6.306068006172135654e+01 -5.560490161843267831e-01 -3.571391605208487086e-01 7.505072362228799587e-01 5.655133994829959931e+01
-7.020335596221616292e-01 -2.787609703495932401e-01 -6.553176348718154909e-01 2.012231748793573729e+02 4.436619927148228726e-01 -8.910085231409865525e-01 -9.626966246139478933e-02 6.291545397876583934e+01 -5.570573735124142445e-01 -3.583240615697912967e-01 7.491935327507699416e-01 5.653375832685218683e+01
-7.034114225663450348e-01 -2.778407835912805046e-01 -6.542299821749040234e-01 2.011449184394575127e+02 4.425972701457816516e-01 -8.914265735238096067e-01 -9.729501773011423049e-02 6.281825032766457895e+01 -5.561654673410547645e-01 -3.579988309882931596e-01 7.500112065484900725e-01 5.646358888598853554e+01
-7.035426939104887367e-01 -2.791582630677916788e-01 -6.535276138053732753e-01 2.010497610682330674e+02 4.423584825794583120e-01 -8.917614827982596193e-01 -9.529129387015289332e-02 6.262017702520117268e+01 -5.561894018544139007e-01 -3.561349771623427141e-01 7.508803015836857941e-01 5.624343072719815950e+01
-7.053290775003611124e-01 -2.810260081055953596e-01 -6.507958782911302809e-01 2.009482082180324198e+02 4.423172215960031184e-01 -8.918931684582223074e-01 -9.424463664923321549e-02 6.241165985709999120e+01 -5.539552038857313843e-01 -3.543317073390237493e-01 7.533808288389944874e-01 5.601304573938435993e+01
-7.060885869344506460e-01 -2.801395848335799244e-01 -6.503543037531012150e-01 2.008677824185422480e+02 4.412512076601311506e-01 -8.923754138601021069e-01 -9.467572274077556971e-02 6.230785097011706597e+01 -5.538377733049519858e-01 -3.538190692250516300e-01 7.537080251087492355e-01 5.593016711083945580e+01
-7.042551206536773467e-01 -2.825202688455190625e-01 -6.513117707553970348e-01 2.008971962204497856e+02 4.425431338449759000e-01 -8.920600797157705042e-01 -9.156630856467773416e-02 6.216055217145813572e+01 -5.551398920269943194e-01 -3.527195938262427943e-01 7.532652842201792431e-01 5.581659175202523215e+01
-7.038338409645878979e-01 -2.844489224963563934e-01 -6.509275956692092135e-01 2.008958998076763010e+02 4.437825005041965976e-01 -8.915793013078394669e-01 -9.024102019407942432e-02 6.201595077946647905e+01 -5.546846099895673676e-01 -3.523849599090280726e-01 7.537571382551772059e-01 5.572306757546861178e+01
-7.033970613825750728e-01 -2.844428160659507876e-01 -6.514022247634949636e-01 2.008329405137519643e+02 4.428836785950187593e-01 -8.921855692550717531e-01 -8.865075999194105272e-02 6.187123633451339799e+01 -5.559555928961441573e-01 -3.508520976158990279e-01 7.535357883511708543e-01 5.558332779582117666e+01
-7.030933507997205734e-01 -2.837271328802891124e-01 -6.520419113283695278e-01 2.007845837992441318e+02 4.421383995564322489e-01 -8.925839945036349032e-01 -8.835976682638554958e-02 6.175661234984561787e+01 -5.569321104936393318e-01 -3.504179316522876286e-01 7.530165320081848579e-01 5.551624562033276078e+01
-7.033037178051551042e-01 -2.852116027663870734e-01 -6.511668159303541925e-01 2.007191657638128675e+02 4.436853980888010862e-01 -8.917917529332164417e-01 -8.860438433330181107e-02 6.154195599218123647e+01 -5.554341977626416904e-01 -3.512290008637242167e-01 7.537446788588565427e-01 5.544766986803359288e+01
-7.026053391950202176e-01 -2.900242084892599714e-01 -6.497935793964337847e-01 2.007648541578418531e+02 4.487868484462966268e-01 -8.892601463895439817e-01 -8.835585269176102208e-02 6.126067699033194458e+01 -5.522101972947366377e-01 -3.536981064883238934e-01 7.549579772876650052e-01 5.536811477990832486e+01
-7.030722869964962651e-01 -2.902630771431901624e-01 -6.491815657463497757e-01 2.006945017092014893e+02 4.472297932337227500e-01 -8.902451560325983504e-01 -8.630801935286960824e-02 6.115813439146990760e+01 -5.528787130118479887e-01 -3.510141139724443082e-01 7.557209938135254212e-01 5.521218214194612273e+01
-7.050302800229100164e-01 -2.875794197978420175e-01 -6.482517887052478001e-01 2.005357208325262661e+02 4.453822187284703360e-01 -8.908887831095209098e-01 -8.917317629277052293e-02 6.097469838129041619e+01 -5.518758768883830212e-01 -3.515896094004671291e-01 7.561863282751846160e-01 5.516755436278266700e+01
-7.041768715588281324e-01 -2.862229540636830327e-01 -6.497779267785883661e-01 2.003835018467891018e+02 4.445169972693344684e-01 -8.913273531026255636e-01 -8.910773675569408359e-02 6.082968234616996739e+01 -5.536601599359269876e-01 -3.515849402038238036e-01 7.548830751325646959e-01 5.507873510908236625e+01
-7.043745215238370605e-01 -2.876924164876254464e-01 -6.489141753140991176e-01 2.003771437899168006e+02 4.456360610795170318e-01 -8.907999239353485699e-01 -8.879187227619023126e-02 6.068674338147246772e+01 -5.525079497107708848e-01 -3.517222896153853196e-01 7.556628854814237961e-01 5.501692609242925869e+01
-7.026444122135899750e-01 -2.910861638763706516e-01 -6.492762703077623598e-01 2.004208664118342540e+02 4.490182982135899614e-01 -8.892522222207821514e-01 -8.725281167259649195e-02 6.041745160178692942e+01 -5.519722799691948456e-01 -3.528446265357327860e-01 7.555311189292391871e-01 5.495794869049782960e+01
-7.025947425069476449e-01 -2.910775550079862106e-01 -6.493338777333030887e-01 2.003494782958076144e+02 4.487949746262858697e-01 -8.893979764817394607e-01 -8.691553474712193639e-02 6.026933440786459073e+01 -5.522170755706372614e-01 -3.524841789368134415e-01 7.555204861864789345e-01 5.486504362978017468e+01
-7.019505001103860664e-01 -2.905878736279624563e-01 -6.502493237944648730e-01 2.002975760227960222e+02 4.482779372769593040e-01 -8.897168974489653159e-01 -8.631763055426477926e-02 6.010418276456741182e+01 -5.534549542153308632e-01 -3.520831295222299206e-01 7.548013537086024627e-01 5.477889059074210110e+01
-7.023803924329583559e-01 -2.921495873994696679e-01 -6.490842802811069845e-01 2.002918547409310861e+02 4.509894057697778069e-01 -8.881540483841185996e-01 -8.826631419926250777e-02 5.986663470551359723e+01 -5.506998639995708267e-01 -3.547266622643691636e-01 7.555783578621309005e-01 5.480140522901761102e+01
-7.001232355521183059e-01 -2.942528314734568773e-01 -6.505710769853563225e-01 2.002982650923563881e+02 4.511988733735686208e-01 -8.884894518750636738e-01 -8.370227340503469393e-02 5.967044043497974570e+01 -5.533959086462922894e-01 -3.521388434646228749e-01 7.548186558485040498e-01 5.464931444041371122e+01
-7.012845068724673503e-01 -2.940397943760699184e-01 -6.494156140284265133e-01 2.001221152806378427e+02 4.518095568638806347e-01 -8.879748208074784710e-01 -8.584195907823655158e-02 5.924474532030920670e+01 -5.514237615002671733e-01 -3.536118167358159869e-01 7.555729735225393817e-01 5.449467047033493827e+01
-7.037965861171453508e-01 -2.928418193410404768e-01 -6.472356867593763718e-01 2.000185280729490103e+02 4.499721376601696354e-01 -8.887784029690795062e-01 -8.716665500792489252e-02 5.901011801939482382e+01 -5.497230581842001973e-01 -3.525856197588930208e-01 7.572898652694672883e-01 5.436930034638958631e+01
-7.020184061776790774e-01 -2.951468291489502960e-01 -6.481192071147653389e-01 2.000439560764282021e+02 4.540666825810566465e-01 -8.866034828542084245e-01 -8.807787441021758257e-02 5.880608493770018441e+01 -5.486288409823035783e-01 -3.561216273046449166e-01 7.564283055308718140e-01 5.444395854912711030e+01
-7.003371506607412034e-01 -2.983796325565650776e-01 -6.484577629112046049e-01 2.001514661569707130e+02 4.548014642358342297e-01 -8.866995307015823613e-01 -8.318395507870041117e-02 5.866101011972646262e+01 -5.501667961021784459e-01 -3.531763541476173329e-01 7.566921166086382211e-01 5.428078863277561794e+01
-6.986660535814495088e-01 -3.019264152920394517e-01 -6.486186748173559113e-01 2.002475595767764389e+02 4.573282807961351892e-01 -8.856607733605639243e-01 -8.034823031293286677e-02 5.838090174413856914e+01 -5.501968640014003320e-01 -3.527682444314789167e-01 7.568606057681672716e-01 5.422179046549609893e+01
-6.948998031403290643e-01 -2.919925007630040925e-01 -6.571564829579774614e-01 2.000813155274616690e+02 4.426064264560715111e-01 -8.939136777288776425e-01 -7.083705265620315883e-02 5.812651207527645170e+01 -5.667572803725751118e-01 -3.400863364903074504e-01 7.504181959929301371e-01 5.382915960411705214e+01
-7.019844411999744960e-01 -2.836113013343172784e-01 -6.532859053038070352e-01 2.000354018500139830e+02 4.281163181040060217e-01 -9.010982603471051622e-01 -6.883562575069870904e-02 5.786363131450934105e+01 -5.691522313812263922e-01 -3.280038947251630033e-01 7.539755848559653861e-01 5.356223667509523523e+01
-7.068408980191114299e-01 -2.767009574999400034e-01 -6.510088517110599327e-01 1.999608658691561800e+02 4.202056853392059366e-01 -9.045867628005819228e-01 -7.176329545507259544e-02 5.761941180276136976e+01 -5.690370171580620973e-01 -3.242828528994097237e-01 7.556702352344408791e-01 5.349690636534931087e+01
-7.067442914011046184e-01 -2.777396325599121862e-01 -6.506713479764075769e-01 1.999421539655793367e+02 4.212374883041130058e-01 -9.041185271574205817e-01 -7.161471425579055139e-02 5.742151357544491930e+01 -5.683937763726768511e-01 -3.247004548136347424e-01 7.559749530405264206e-01 5.344752134816302913e+01
-7.048364625735463740e-01 -2.792721322400708028e-01 -6.520833053996197837e-01 1.999848168633591854e+02 4.229466577252333770e-01 -9.034277330400000139e-01 -7.024568238162787193e-02 5.719877126410801083e+01 -5.694924808510326564e-01 -3.253081728581233567e-01 7.548860224734893487e-01 5.343764945286558543e+01
-7.066240022789056496e-01 -2.795783027870687443e-01 -6.500142244705443551e-01 1.998822010765505013e+02 4.207850647952414702e-01 -9.045809547747174495e-01 -6.836099402528397762e-02 5.701651336825769789e+01 -5.688782371022867990e-01 -3.218217967595772278e-01 7.568409889017849723e-01 5.317582993227558319e+01
-7.033028453725458373e-01 -2.784970787495419375e-01 -6.540676454456774147e-01 1.997583018766612781e+02 4.191472793503981387e-01 -9.055806609481258374e-01 -6.510932905440716678e-02 5.687886414952801317e+01 -5.741782527264859270e-01 -3.199422504839384285e-01 7.536287484240715706e-01 5.302582110235231738e+01
-7.069266265817812922e-01 -2.786531630538888749e-01 -6.500824250429830808e-01 1.997240278904060915e+02 4.193014352439562442e-01 -9.053032572904817776e-01 -6.791405408015560585e-02 5.668688154962777759e+01 -5.695972709134597967e-01 -3.205907469957715028e-01 7.568226489136222757e-01 5.300062998314166407e+01
-7.059635829310462185e-01 -2.804230227029480549e-01 -6.503678558426001510e-01 1.997220575520995851e+02 4.210628709853139195e-01 -9.045508331484972686e-01 -6.703617626299943066e-02 5.644741015484181901e+01 -5.694922986773079954e-01 -3.211708557582723111e-01 7.566556701424597131e-01 5.292373450923570743e+01
-7.066211807678706158e-01 -2.810522697745120313e-01 -6.493813429294186257e-01 1.997095612683716013e+02 4.211188902302297477e-01 -9.045458429487496232e-01 -6.675101718622405977e-02 5.626369279479980889e+01 -5.686346693453363521e-01 -3.206344330522390984e-01 7.575276715472439859e-01 5.284220275073850814e+01
-7.061331100885990253e-01 -2.839236562478923975e-01 -6.486627692872714013e-01 1.997410631550974927e+02 4.237563471810037452e-01 -9.033767080103483060e-01 -6.588688525192065715e-02 5.604549818527927130e+01 -5.672799917681002890e-01 -3.213998768624776181e-01 7.582186558588284164e-01 5.278463538128123389e+01
-7.029762286932987880e-01 -2.844128901507358420e-01 -6.518694116218771706e-01 1.996909876246232898e+02 4.216665949754855869e-01 -9.047654438553844880e-01 -5.997311303366617552e-02 5.577159205917917717e+01 -5.727317911325743305e-01 -3.170312279906737363e-01 7.559560145304743406e-01 5.251926656845492403e+01
-7.048593713963098306e-01 -2.833933674502042699e-01 -6.502779912007119467e-01 1.995551511725699925e+02 4.219490096223129649e-01 -9.044127085080757578e-01 -6.321934804975820610e-02 5.558301748419864197e+01 -5.702037353731987945e-01 -3.189449042927646194e-01 7.570613239309814668e-01 5.249642011337949299e+01
-7.052422792262207363e-01 -2.864977354317140290e-01 -6.485000965183471688e-01 1.996421382651273859e+02 4.249125432393253132e-01 -9.030292698211148661e-01 -6.314640484012562505e-02 5.528557629619843539e+01 -5.675232666505352075e-01 -3.200893397769505877e-01 7.585909018512293489e-01 5.247264830903912269e+01
-7.036114875679686520e-01 -2.900588529874690846e-01 -6.486884740505144409e-01 1.996425027882433767e+02 4.286962499336882115e-01 -9.013208010315258978e-01 -6.197046813347639738e-02 5.505065363107315335e+01 -5.667013321452348817e-01 -3.216934494693407531e-01 7.585268121255391849e-01 5.240735601646303365e+01
-7.010195120195181762e-01 -2.938606538596294504e-01 -6.497827020482366267e-01 1.995927389143972732e+02 4.311724185984444624e-01 -9.004055029841069313e-01 -5.796788452155895999e-02 5.463370432104478169e+01 -5.680334402197498855e-01 -3.208049973256776877e-01 7.579064351771844787e-01 5.219074659451812437e+01
-7.011112893300530668e-01 -2.947735888169221719e-01 -6.492699679716771310e-01 1.995336364808437111e+02 4.323339321767801779e-01 -8.998252151522305731e-01 -5.832626565112261630e-02 5.434480459554836074e+01 -5.670364459737256002e-01 -3.215946416099531024e-01 7.583182415221541017e-01 5.210655904804175265e+01
-7.023939240315686394e-01 -2.949588680043770950e-01 -6.477978401238400075e-01 1.994695405748807957e+02 4.316662515608556960e-01 -9.001549543872746639e-01 -5.818337696837630468e-02 5.411202225178204372e+01 -5.659567322215857121e-01 -3.205001158777022185e-01 7.595871595646175312e-01 5.195384604276370766e+01
-7.027453211676157885e-01 -2.979510923171381775e-01 -6.460450140385335382e-01 1.994777300962705056e+02 4.319467587878653148e-01 -9.002404730535171762e-01 -5.467255480620375474e-02 5.390309924762271976e+01 -5.653061216276386025e-01 -3.174779319313452142e-01 7.613387889677720732e-01 5.172943526547932436e+01
-7.008682655150004770e-01 -2.994797748803126325e-01 -6.473758868166406000e-01 1.993775841440902354e+02 4.305233885905577207e-01 -9.012386006208572553e-01 -4.917922963469881226e-02 5.358824770163056428e+01 -5.687119536905289596e-01 -3.131786218575527414e-01 7.605825823281162634e-01 5.137748572086398724e+01
-7.014796650477936879e-01 -3.018408165733126869e-01 -6.456147465592705359e-01 1.993956620029293276e+02 4.307557641546375105e-01 -9.012611427104366690e-01 -4.666716498601608532e-02 5.328034757744453032e+01 -5.677814290481766335e-01 -3.108383407667618670e-01 7.622360361052059607e-01 5.116380511450626756e+01
-7.008907895551921285e-01 -3.023831631461961766e-01 -6.460004053887278275e-01 1.993212527827517704e+02 4.339706211310686568e-01 -8.995507710817398639e-01 -4.977861228843219465e-02 5.299015983168131783e+01 -5.660579485457424287e-01 -3.152345680472693479e-01 7.617122593185942092e-01 5.124553832485225513e+01
-6.987220435367789140e-01 -3.042110463416202726e-01 -6.474898803529860469e-01 1.993354173969898397e+02 4.364849582320393107e-01 -8.983798168311978305e-01 -4.893450671579765987e-02 5.269086609096392237e+01 -5.668054226213459224e-01 -3.168112119134676163e-01 7.605013273446387112e-01 5.122984131662265384e+01
-7.015132966900283762e-01 -3.030804625732610447e-01 -6.449971533064826623e-01 1.992298530241424430e+02 4.350454536395301774e-01 -8.989776609824029485e-01 -5.074069690281191036e-02 5.243160314875586892e+01 -5.644595183311762465e-01 -3.161983527170654229e-01 7.624985599359193067e-01 5.113003613457421181e+01
-7.019355256314403491e-01 -3.028931643327662515e-01 -6.446256656828038833e-01 1.992008569780459482e+02 4.349624686010207242e-01 -8.989906568008687593e-01 -5.121962410296884705e-02 5.217040718359763929e+01 -5.639983765623978185e-01 -3.163408446363308313e-01 7.627806376998256255e-01 5.107636794015278525e+01
-7.008187159788628051e-01 -3.038152655593940876e-01 -6.454063927068069972e-01 1.991416199565050249e+02 4.366108260956641507e-01 -8.981873197813259324e-01 -5.128864513808348291e-02 5.193725578079649807e+01 -5.641135646922523783e-01 -3.177354607171087864e-01 7.621155182340054735e-01 5.105074432109501004e+01
-7.022138388786702823e-01 -3.016589180164248596e-01 -6.449012495478988471e-01 1.990223802260465504e+02 4.336953644800390917e-01 -8.995897028195567469e-01 -5.144606311029251144e-02 5.167431945175665930e+01 -5.646273596946994600e-01 -3.158168199481814487e-01 7.625324130304301784e-01 5.090095343258136040e+01
-7.052062261113341002e-01 -2.981533543545719089e-01 -6.432641416563867898e-01 1.989005530164882032e+02 4.284148495194696205e-01 -9.021110902618136862e-01 -5.153928150307185430e-02 5.151614395383992218e+01 -5.649291064948070984e-01 -3.119297326542626037e-01 7.639076819362529136e-01 5.075462845358737951e+01
-7.048689109472501269e-01 -2.985199569155108090e-01 -6.434637936226096366e-01 1.989045957132258877e+02 4.285451033608453919e-01 -9.020832418883844017e-01 -5.094034834574598380e-02 5.125043226971806121e+01 -5.652511943954484641e-01 -3.116595258087022646e-01 7.637796980852620266e-01 5.071402720626037564e+01
-7.052852425900260069e-01 -3.000323337206162178e-01 -6.423031412867985512e-01 1.989032277764326864e+02 4.303714051597020696e-01 -9.011749353952518415e-01 -5.161578669580968448e-02 5.098959118015290670e+01 -5.633410869141286526e-01 -3.128327580953192966e-01 7.647107199829773494e-01 5.069047934460141391e+01
-7.028699057718008625e-01 -3.041357316762276497e-01 -6.430204913360897390e-01 1.989943198865409784e+02 4.348270352057095334e-01 -8.991230626605222209e-01 -5.003166643413359260e-02 5.071852797944012536e+01 -5.629381360456522376e-01 -3.147684464963561024e-01 7.642129808343466335e-01 5.068608685299727767e+01
-7.029019698889686918e-01 -3.037383952205380266e-01 -6.431732332700567101e-01 1.989611037043901263e+02 4.344554899885667565e-01 -8.992983981074207378e-01 -5.010806701739736746e-02 5.047262067099613603e+01 -5.631849145218653652e-01 -3.146512012217304033e-01 7.640794288715808680e-01 5.063178990479786989e+01
-7.030428016961887128e-01 -3.067367236127147012e-01 -6.415944212432890259e-01 1.990196519988151920e+02 4.372926119959641977e-01 -8.979346671220853615e-01 -4.988491830300453844e-02 5.012540109305059133e+01 -5.608083366685280291e-01 -3.156357330336465594e-01 7.654202071773331673e-01 5.057966739752042429e+01
-6.997004527693020393e-01 -3.094887405726444718e-01 -6.439223523478520006e-01 1.990589557187770993e+02 4.396481972024625651e-01 -8.969590337177859585e-01 -4.662568528911381627e-02 4.991358544646681850e+01 -5.631418463327489965e-01 -3.157233144555740001e-01 7.636688088550751541e-01 5.054594922368175958e+01
-7.019074624532288809e-01 -3.133837950080388679e-01 -6.396221628264835424e-01 1.991606092863086417e+02 4.421238787422067662e-01 -8.957582653526823258e-01 -4.629909176538896109e-02 4.964732548976549253e+01 -5.584374539717187336e-01 -3.152899095732576429e-01 7.672938699891140857e-01 5.040430573495358857e+01
-7.038290040752235299e-01 -3.100220958214370270e-01 -6.391486784191624526e-01 1.990446677730112697e+02 4.364723958022409533e-01 -8.986030449083086680e-01 -4.477069782979828383e-02 4.945283666717556770e+01 -5.604610430039986824e-01 -3.104816706087476508e-01 7.677789730715935956e-01 5.025972013484770429e+01
-7.046320832919275023e-01 -3.088298118941856796e-01 -6.388409618058946693e-01 1.989407193797052855e+02 4.347519959890615571e-01 -8.994393625479806254e-01 -4.471616131568062480e-02 4.924948494767995300e+01 -5.607890237684808321e-01 -3.092458251693703808e-01 7.680382089688699843e-01 5.015046946925939153e+01
-7.027981837780308272e-01 -3.100644482008704794e-01 -6.402614706822443713e-01 1.989108584153605079e+02 4.366916890375667770e-01 -8.985242799956125737e-01 -4.420958022739793214e-02 4.903401469828531134e+01 -5.615826578552954862e-01 -3.106672757473103452e-01 7.668837996567189341e-01 5.011701062716650767e+01
-7.029710916165909929e-01 -3.127138243040309962e-01 -6.387814246207589308e-01 1.989354139411813662e+02 4.371464699579113433e-01 -8.984441881782985195e-01 -4.124323619668043839e-02 4.879236282947407943e+01 -5.610121283490362432e-01 -3.082338476186317067e-01 7.682820361218258842e-01 4.992947478541585582e+01
-7.003579194770839234e-01 -3.133154666006669475e-01 -6.413518558595873165e-01 1.988969952364637379e+02 4.370253991771020918e-01 -8.986364289256314475e-01 -3.822785740639345065e-02 4.854437493313807295e+01 -5.643647624540578667e-01 -3.070602334992197369e-01 7.662939565881878856e-01 4.980667094326008026e+01
-7.003204235326085936e-01 -3.162558575847837505e-01 -6.399480736172441508e-01 1.989581701362669719e+02 4.396650801392734675e-01 -8.973714482241894608e-01 -3.767095987824259362e-02 4.831001153705433637e+01 -5.623574678878505706e-01 -3.077445636487099456e-01 7.674942096559623783e-01 4.973922188030092428e+01
-6.994628103460553969e-01 -3.191261696566765060e-01 -6.394609173225962451e-01 1.990093074736390406e+02 4.417218629078971670e-01 -8.964375658347942810e-01 -3.579785453579462096e-02 4.813540422010897402e+01 -5.618127559712178254e-01 -3.075031355944962685e-01 7.679897452619909304e-01 4.968558948791806529e+01
-7.002702498535313680e-01 -3.205517885899919484e-01 -6.378621543890421464e-01 1.990156898927367592e+02 4.424080330578916143e-01 -8.961165984049264122e-01 -3.535780464100826692e-02 4.793741436949360235e+01 -5.602648565240555545e-01 -3.069553597755564356e-01 7.693384805462015752e-01 4.962561000667690791e+01
-6.993209974553495911e-01 -3.227365018983031630e-01 -6.378019229043624394e-01 1.990457211175519205e+02 4.435098251261273550e-01 -8.956591036269516692e-01 -3.307272451369186461e-02 4.775631009596628473e+01 -5.605793231422718792e-01 -3.059998699879024620e-01 7.694900272470976965e-01 4.951525332502952637e+01
-7.009557085853506120e-01 -3.230061231351276652e-01 -6.358680201258929410e-01 1.989817855675321425e+02 4.423462052058103611e-01 -8.962609089351027958e-01 -3.234529107677797111e-02 4.752000380534362023e+01 -5.594559226084100390e-01 -3.039464221405430155e-01 7.711197333270206622e-01 4.938018294437447508e+01
-6.981152885458667967e-01 -3.285860324737779892e-01 -6.361338406040530913e-01 1.990986951459622105e+02 4.484485039862675104e-01 -8.932801984206391044e-01 -3.073152098518283637e-02 4.730055643080906691e+01 -5.581478148044656251e-01 -3.067274137939506318e-01 7.709664781663820854e-01 4.939172029101951011e+01
-6.975912548223073273e-01 -3.281831959861292169e-01 -6.369161884171020693e-01 1.990442926422162486e+02 4.481218175010475147e-01 -8.934540258992496042e-01 -3.044240929988978328e-02 4.716608358215335528e+01 -5.590646455241087276e-01 -3.066523984526356439e-01 7.703317653117056629e-01 4.933927439794052106e+01
-6.994262270235673817e-01 -3.300807499319906024e-01 -6.339161233758862091e-01 1.990450597647299844e+02 4.478133164360324492e-01 -8.936644445905019829e-01 -2.875924368461929559e-02 4.700431910215822739e+01 -5.570154275907795993e-01 -3.039910508536133871e-01 7.728669060237841615e-01 4.918207369376898441e+01
-6.987028452362671338e-01 -3.321868139807272469e-01 -6.336136477981506587e-01 1.990401096950968736e+02 4.489862103872881427e-01 -8.931348154310079224e-01 -2.686232207166436292e-02 4.686964158712257955e+01 -5.569790991956584669e-01 -3.032525714356824054e-01 7.731831354710468895e-01 4.907607000301545952e+01
-6.965128087946708124e-01 -3.334772281666772420e-01 -6.353446666804001275e-01 1.990509959828115427e+02 4.510020089711543889e-01 -8.921394812356435722e-01 -2.615977684499692923e-02 4.666547944747463816e+01 -5.580923714663565960e-01 -3.047623407097194703e-01 7.717854757613615835e-01 4.908016669635097173e+01
-6.954224666409691835e-01 -3.368683478372850870e-01 -6.347498004067176902e-01 1.991112284117624256e+02 4.540493429768320266e-01 -8.906318211296770926e-01 -2.478211721266224132e-02 4.644340565095182427e+01 -5.569800598165944860e-01 -3.054417709099606082e-01 7.723202299241487268e-01 4.903619645576415564e+01
-6.943241224917868770e-01 -3.410320798743848858e-01 -6.337279648418249201e-01 1.991906099896665125e+02 4.543773274000070250e-01 -8.906161317952812073e-01 -1.855128380563672574e-02 4.622478254283100796e+01 -5.580817657573456936e-01 -3.008322228129187703e-01 7.733335091967770136e-01 4.879008773359485218e+01
-6.949861551100504631e-01 -3.430874192490792618e-01 -6.318902333145813843e-01 1.991938292133032746e+02 4.576476591408648043e-01 -8.888922402017156443e-01 -2.071727279501731078e-02 4.595934250042290614e+01 -5.545744893954610566e-01 -3.035813038745681647e-01 7.747809546249706525e-01 4.881687758707440850e+01
-6.949289440114678751e-01 -3.428239053173016693e-01 -6.320961419895718691e-01 1.990884673229975874e+02 4.576493871526023938e-01 -8.888836222981926216e-01 -2.104624548209493851e-02 4.567978372036068890e+01 -5.546447522639645911e-01 -3.039040571513301203e-01 7.746041071624953922e-01 4.875692248794048567e+01
-6.956586165470461935e-01 -3.428415146088154564e-01 -6.312834427454784292e-01 1.989869806536198951e+02 4.578382797258840342e-01 -8.887669714787154174e-01 -2.184902803778493441e-02 4.545861834949771207e+01 -5.535731196883509897e-01 -3.042251900636864792e-01 7.752443710787073616e-01 4.865043963355836354e+01
-6.953940624542582771e-01 -3.445011750104218784e-01 -6.306711015416848198e-01 1.989249965209221500e+02 4.589325532677139829e-01 -8.882266388307631377e-01 -2.084105617722947779e-02 4.521373053334751546e+01 -5.529991043885515989e-01 -3.039282456236080954e-01 7.757703346078757001e-01 4.853287636642206593e+01
-6.957876054741216620e-01 -3.433700637768493102e-01 -6.308538716457807727e-01 1.987446879175093386e+02 4.585855752236649430e-01 -8.883716033582835792e-01 -2.225229299227163282e-02 4.500232121435708166e+01 -5.527918941748053427e-01 -3.047833552681576963e-01 7.755825088835583969e-01 4.843533043751983058e+01
-6.965932963980510095e-01 -3.419183563079324362e-01 -6.307532140488698591e-01 1.985009036499324964e+02 4.603123617242576016e-01 -8.873354701489659657e-01 -2.735494579322889086e-02 4.437850680111405666e+01 -5.503365416335117555e-01 -3.093987734868967054e-01 7.755011862709625392e-01 4.839894365505404750e+01
-6.966424086917741842e-01 -3.434568202144364646e-01 -6.298624985346493732e-01 1.983792943367834880e+02 4.616641384081580091e-01 -8.866396238967841903e-01 -2.713670289519246048e-02 4.392250402342087767e+01 -5.491407631199637374e-01 -3.096895057704684984e-01 7.762324602177280708e-01 4.822813505726239924e+01
-6.946083704569676609e-01 -3.430865126468030102e-01 -6.323059833110638017e-01 1.981826598734325557e+02 4.606223758354911491e-01 -8.872555939293809146e-01 -2.458735286055308000e-02 4.369085934700129314e+01 -5.525814316196153708e-01 -3.083328653920578422e-01 7.743284868505997398e-01 4.801232806509980833e+01
-6.953209931181956183e-01 -3.464212244188835665e-01 -6.296991756396448370e-01 1.982256762966159158e+02 4.646037773666004123e-01 -8.851346971073448255e-01 -2.607485442674592480e-02 4.339586481855936029e+01 -5.483357061014839662e-01 -3.106910092822307012e-01 7.764013460610277306e-01 4.801834945332294069e+01
-6.939637061842574006e-01 -3.497262643134578797e-01 -6.293694579087576457e-01 1.982614786948662413e+02 4.686533367940010075e-01 -8.829967604642177115e-01 -2.609158717951104434e-02 4.309121636276371703e+01 -5.466062791542543042e-01 -3.130627110644939037e-01 7.766680851754439452e-01 4.802688616557813361e+01
-6.944692176740039358e-01 -3.494186375294283109e-01 -6.289826082256454454e-01 1.981548063163779716e+02 4.686468205782454155e-01 -8.829753250208691728e-01 -2.692086488568307123e-02 4.282541806888747971e+01 -5.459694710010437602e-01 -3.134664115202286938e-01 7.769531167216405798e-01 4.793153780134191777e+01
-6.952560116550259295e-01 -3.493950696129181632e-01 -6.281259138005131915e-01 1.980179299242460615e+02 4.692115683267504278e-01 -8.826291434471402741e-01 -2.839540959588060520e-02 4.253593960895608461e+01 -5.444810211622593821e-01 -3.144660243459549420e-01 7.775934266222627178e-01 4.782060669308655321e+01
-6.942431482677799970e-01 -3.486387391289245130e-01 -6.296645778998815057e-01 1.978456682044750323e+02 4.697710430477839427e-01 -8.822975291348977844e-01 -2.943190779158402770e-02 4.230114182865670358e+01 -5.452903980422167951e-01 -3.162310858550261283e-01 7.763093984629529931e-01 4.776868621974696083e+01
-6.928506810833572338e-01 -3.499703675864953012e-01 -6.304590990172970200e-01 1.978004442357003825e+02 4.717932768940315547e-01 -8.812217879616093263e-01 -2.931321032122749526e-02 4.204280758560406639e+01 -5.453155394814274137e-01 -3.177560420088314519e-01 7.756687825141357351e-01 4.773679708186381276e+01
-6.932648368173699449e-01 -3.517145091838257964e-01 -6.290316129274947654e-01 1.977856797196736522e+02 4.726194843795327727e-01 -8.808092488847214518e-01 -2.838820290114821288e-02 4.178754356818360804e+01 -5.440723196574234199e-01 -3.169731394120213208e-01 7.768612101745572263e-01 4.760296132526900692e+01
-6.906171820630273572e-01 -3.546394116171812660e-01 -6.303005597071473787e-01 1.977018280123015757e+02 4.753183320378682186e-01 -8.794298839289467207e-01 -2.599158482006569404e-02 4.145459531959736665e+01 -5.450875077160204363e-01 -3.175436457883219488e-01 7.759160018657935698e-01 4.741679556742685975e+01
-6.905442537945856163e-01 -3.561362502998322022e-01 -6.295360234122071574e-01 1.976505076833129806e+02 4.749005599881976902e-01 -8.797323467422775156e-01 -2.324771425801533398e-02 4.122708813265600725e+01 -5.455438494513304981e-01 -3.150205855459311532e-01 7.766234216195921913e-01 4.721601911242192529e+01
-6.908699408234937334e-01 -3.563291520210237762e-01 -6.290693604734860500e-01 1.975477405061263596e+02 4.751099599097170501e-01 -8.796115159404622741e-01 -2.353947789372690114e-02 4.100369524496740326e+01 -5.449488516008906824e-01 -3.151398363344443121e-01 7.769926850968225107e-01 4.711326025509275439e+01
-6.886089938994075510e-01 -3.570823475164844329e-01 -6.311179371662338777e-01 1.974331695790774575e+02 4.765645603067278357e-01 -8.788455424925267767e-01 -2.273174653808154866e-02 4.075184310302986290e+01 -5.465380804486552613e-01 -3.164217273404800190e-01 7.753537367462455254e-01 4.702457212145819199e+01
-6.914963845720425439e-01 -3.549452032206159013e-01 -6.291634547829919599e-01 1.972418072832953726e+02 4.742691504195136187e-01 -8.800310057522091611e-01 -2.478309656012223083e-02 4.048180253231515024e+01 -5.448867066502421919e-01 -3.155302388447600026e-01 7.768778187658736956e-01 4.686428942192500813e+01
-6.915918938455165588e-01 -3.555979367215827969e-01 -6.286897166063118991e-01 1.971672089662575900e+02 4.768849200470177685e-01 -8.785295732404598823e-01 -2.768685561208975021e-02 4.017327858709551691e+01 -5.424771197008413370e-01 -3.189606501455758414e-01 7.771632249790197955e-01 4.688764738351139982e+01
-6.896517878662189460e-01 -3.587181446132777785e-01 -6.290482526946056252e-01 1.971965425581021236e+02 4.799998425337537178e-01 -8.768772543495906291e-01 -2.619984679146336592e-02 3.984285177218102802e+01 -5.421997442460669836e-01 -3.200118334210972360e-01 7.769246191297889403e-01 4.681886012407324671e+01
-6.890869424072714189e-01 -3.611834754202051245e-01 -6.282560647436521428e-01 1.971548264000035431e+02 4.812010144855776161e-01 -8.762811165803083835e-01 -2.402058248292071596e-02 3.953347546829177617e+01 -5.418530884491190580e-01 -3.188697254493595978e-01 7.776357301011838086e-01 4.664335166523100895e+01
-6.900914742589130402e-01 -3.641159428874697901e-01 -6.254545045727379904e-01 1.970605242134121795e+02 4.796568787057298722e-01 -8.772607034329003017e-01 -1.851855617185546587e-02 3.907274769249571023e+01 -5.419437571053264957e-01 -3.127830531655803048e-01 7.800408487938184088e-01 4.611794068300336136e+01
-6.894870724940505013e-01 -3.649001094864888772e-01 -6.256640368123558282e-01 1.970129533545347442e+02 4.798746006201922709e-01 -8.771676132887673560e-01 -1.724371992637058204e-02 3.886307796317468188e+01 -5.425199946022225550e-01 -3.121296017586870919e-01 7.799020240791583181e-01 4.599813404294418717e+01
-6.883457209806578270e-01 -3.732101426423742319e-01 -6.220083261793832863e-01 1.971132670306500643e+02 4.811657818797495101e-01 -8.766054342472726635e-01 -6.511758303320402952e-03 3.837641922162481478e+01 -5.428256246306623067e-01 -3.037714635659679585e-01 7.829835497424714186e-01 4.540752966937207447e+01
-6.850428496357081620e-01 -3.825640528154282682e-01 -6.199685795719185322e-01 1.973065656721673520e+02 4.890571518177916355e-01 -8.722490886418770017e-01 -2.151655010491027031e-03 3.792875853515982953e+01 -5.399438826571310024e-01 -3.046740436217841852e-01 7.846236873331657868e-01 4.526661222673990892e+01
-6.849626079471275997e-01 -3.814888493561770511e-01 -6.207193274992891530e-01 1.971345468339555680e+02 4.867880172569609143e-01 -8.735200794239226241e-01 -3.116059388225123072e-04 3.772060868962766733e+01 -5.420919220660888049e-01 -3.023721691229607766e-01 7.840327922801246796e-01 4.504236645447468135e+01
-6.845849403833330626e-01 -3.798762666962423040e-01 -6.221233650983331032e-01 1.969102999364295385e+02 4.874351117027327929e-01 -8.731532921237632472e-01 -3.215638782404273144e-03 3.746746002184399060e+01 -5.419875194870200641e-01 -3.054461498437325839e-01 7.829126249243572033e-01 4.502810297848427012e+01
-6.856828285225851083e-01 -3.812236932428740288e-01 -6.200867313364566424e-01 1.968283108463339488e+02 4.891084079771235715e-01 -8.722107575007149727e-01 -4.621660536371419159e-03 3.720566922510931818e+01 -5.390844311565226032e-01 -3.064586272407629486e-01 7.845196529560974907e-01 4.493699831835178315e+01
-6.852814189338223283e-01 -3.822134456170229178e-01 -6.199211714836090348e-01 1.967786348290257479e+02 4.907444992090435609e-01 -8.712874592585924116e-01 -5.291487009489892479e-03 3.691454956629949180e+01 -5.381070649602290867e-01 -3.078490625749404352e-01 7.846462523402619738e-01 4.488963299309146748e+01
-6.838682387213554925e-01 -3.867001314521953947e-01 -6.186980203645441323e-01 1.968005550064193017e+02 4.946457012632471395e-01 -8.690874692672263535e-01 -3.549786539805366292e-03 3.658003891031578547e+01 -5.363299938376945297e-01 -3.084639024222162185e-01 7.856208746033394030e-01 4.474352980119559930e+01
-6.841324902976237965e-01 -3.871594983721586281e-01 -6.181183208248972605e-01 1.967182019186143691e+02 4.945514218416380836e-01 -8.691432645391310441e-01 -2.979406094584607922e-03 3.635896831263094242e+01 -5.360798698641706661e-01 -3.077296029414148260e-01 7.860794263940082960e-01 4.460674253987116344e+01
-6.819928324964192878e-01 -3.890049294971128502e-01 -6.193229700652626013e-01 1.966230233614973315e+02 4.960610213230725041e-01 -8.682872203888654106e-01 -8.752332769395854140e-04 3.609091208967453213e+01 -5.374097501417537392e-01 -3.078188878810479423e-01 7.851358434794917240e-01 4.447694896505463902e+01
-6.817377054552991034e-01 -3.901662089135088385e-01 -6.188731941057099561e-01 1.965230073376755513e+02 4.969312177963000066e-01 -8.677898743617775690e-01 -3.142207129737117910e-04 3.585437081401483539e+01 -5.369292930545230824e-01 -3.077516261163056877e-01 7.854908471030962458e-01 4.433689965361939755e+01
-6.820646132736709610e-01 -3.888475511385001693e-01 -6.193427526769242908e-01 1.963263464232185243e+02 4.958711986301417851e-01 -8.683956394469298790e-01 -8.762183889020058736e-04 3.565322394679147777e+01 -5.374938303729120959e-01 -3.077118706893675615e-01 7.851202372553551800e-01 4.421739815106829496e+01
-6.822594727361734890e-01 -3.897039002641381478e-01 -6.185894292506768366e-01 1.962033173423584174e+02 4.970089355593916292e-01 -8.677441317339069649e-01 -1.496601312791862037e-03 3.537699798720377231e+01 -5.361941158161658283e-01 -3.084655442027320893e-01 7.857129744403057447e-01 4.409452035926940283e+01
-6.832287693402860906e-01 -3.891901558381233861e-01 -6.178425943106022888e-01 1.960617423696752155e+02 4.962239112247956441e-01 -8.681926116179043973e-01 -1.849070266085689473e-03 3.510683414256762802e+01 -5.356867355782897189e-01 -3.078516066724031885e-01 7.862996309262109129e-01 4.392341168657040384e+01
-6.833924959600852223e-01 -3.881964065639168515e-01 -6.182865406883018000e-01 1.958640688687798104e+02 4.957264321932131068e-01 -8.684746943351977500e-01 -2.647588406931272731e-03 3.483388928077517477e+01 -5.359384301302088094e-01 -3.083103229381835009e-01 7.859483086560594689e-01 4.380014752114665555e+01
-6.843375057091307667e-01 -3.885539856890962152e-01 -6.170153794557498017e-01 1.957607978353062208e+02 4.945432427034457956e-01 -8.691522376080802470e-01 -1.170024456120077883e-03 3.465495654540693948e+01 -5.358256800267844344e-01 -3.059414781718634568e-01 7.869502224142574942e-01 4.362074257079670758e+01
-6.833155071657643909e-01 -3.906712212969836728e-01 -6.168110849499367498e-01 1.957145261417504116e+02 4.982555047878340360e-01 -8.670256396517861397e-01 -2.827036439872726570e-03 3.431540037250511688e+01 -5.336865836944147956e-01 -3.092612763291500144e-01 7.871061512577890440e-01 4.361692521930219613e+01
-6.825706676922271843e-01 -3.924375680119044918e-01 -6.165144270972814367e-01 1.956656538328703334e+02 5.006321669631565996e-01 -8.656540255650595483e-01 -3.246756039766679480e-03 3.396953859240601048e+01 -5.324140465915240261e-01 -3.108630940396583942e-01 7.873369162919575670e-01 4.353433824601803082e+01
-6.862843344219407005e-01 -3.912242423377250700e-01 -6.131536549139273706e-01 1.955548273488599875e+02 4.982423088266257349e-01 -8.670263649197236244e-01 -4.459173601052413005e-03 3.378201521812595587e+01 -5.298758477437406356e-01 -3.085593536766693679e-01 7.899510815465019542e-01 4.332849375462711095e+01
-6.840512613562241828e-01 -3.936022926190824167e-01 -6.141262957095725561e-01 1.955112866280346680e+02 4.961444931937177838e-01 -8.682315379376905895e-01 3.826016714761987236e-03 3.361896756515873363e+01 -5.347097471624282505e-01 -3.020781881820581161e-01 7.891984886669114463e-01 4.296987858359782564e+01
-6.838769106255930819e-01 -3.943036213342445140e-01 -6.138705281375670397e-01 1.954033294784137240e+02 4.938664060916274079e-01 -8.694980655358930388e-01 8.311856800971489934e-03 3.342549372117731110e+01 -5.370366319417462231e-01 -2.974857445862587602e-01 7.893629632308730715e-01 4.268048403031861682e+01
-6.814264577239859122e-01 -3.982538893502780009e-01 -6.140454562417326789e-01 1.954248696036903823e+02 4.956142174144894663e-01 -8.684417105298019024e-01 1.324926068486059760e-02 3.314617824578413519e+01 -5.385392559603842111e-01 -2.953012614762232091e-01 7.891594482486965489e-01 4.249086612427880993e+01
-6.825524105890530269e-01 -3.980771016814964036e-01 -6.129084988119614108e-01 1.952907848005847313e+02 4.951313441588600095e-01 -8.687233463818073709e-01 1.283352962495923344e-02 3.293477544439038951e+01 -5.375566563912245188e-01 -2.947106522812735774e-01 7.900496646423142977e-01 4.235549553615419427e+01
-6.875458118482371539e-01 -3.910043818594471365e-01 -6.118793426621460529e-01 1.947808172209713007e+02 4.893285276198837130e-01 -8.720678754840889280e-01 7.430518556879039949e-03 3.255574058925083136e+01 -5.365056837232062836e-01 -2.943011959122474597e-01 7.909162139046814755e-01 4.209725241154348652e+01
-6.872092596717660484e-01 -3.897175762738617766e-01 -6.130771926638690639e-01 1.946026852824682010e+02 4.898558006034287593e-01 -8.717886386586282121e-01 5.085678018750067197e-03 3.223350894037666592e+01 -5.364557092962641827e-01 -2.968244940178678126e-01 7.900066402977121705e-01 4.206882942307195350e+01
-6.858996753530814949e-01 -3.908327070832622319e-01 -6.138333897927894522e-01 1.945216725317868338e+02 4.917107637026598699e-01 -8.707444043358822938e-01 4.970631418332094320e-03 3.192818890725508396e+01 -5.364346746897377116e-01 -2.984191304050711757e-01 7.894199531293825123e-01 4.202302032886306193e+01
-6.872801022932504278e-01 -3.918507309737356836e-01 -6.116363835050439013e-01 1.944500065569957314e+02 4.923562551310913804e-01 -8.703827963480068597e-01 4.371024446570392907e-03 3.162381280314188459e+01 -5.340705749477944186e-01 -2.981388811557021956e-01 7.911269357809519454e-01 4.189198228013316339e+01
-6.879246449625477933e-01 -3.908888982043759452e-01 -6.115272292496238826e-01 1.943121590355339094e+02 4.911886848981475429e-01 -8.710429800912367071e-01 4.219320064466819398e-03 3.140627968501282297e+01 -5.343157855437001835e-01 -2.974726812571990564e-01 7.912121366766763364e-01 4.176204684014674484e+01
-6.895337006198429819e-01 -3.897739541440439215e-01 -6.104257042265028854e-01 1.941180808353573184e+02 4.908011924352024824e-01 -8.712694700619214583e-01 1.923549376138700140e-03 3.110525769958252695e+01 -5.325950292799290775e-01 -2.982713114078118788e-01 7.920711834029663390e-01 4.165671653022353382e+01
-6.874978040007615476e-01 -3.916815230849151619e-01 -6.115000850106337982e-01 1.940657063939190152e+02 4.946333296107299771e-01 -8.691015696978552363e-01 5.751407896839033640e-04 3.073328120890760573e+01 -5.316809557736050795e-01 -3.020729150761552462e-01 7.912441565313830250e-01 4.167370277491831132e+01
-6.873823027938474883e-01 -3.922643290188275178e-01 -6.112563013869363182e-01 1.939739920727385822e+02 4.951629982047690004e-01 -8.687998064358140038e-01 7.081990941436855369e-04 3.039023139666642237e+01 -5.313371575701175686e-01 -3.021846993421442029e-01 7.914323928604427572e-01 4.155220448756329432e+01
-6.872507297175838303e-01 -3.913896964560503733e-01 -6.119644924427309896e-01 1.938104369466142032e+02 4.946060871984111484e-01 -8.691171716633006028e-01 4.005324740245785886e-04 3.015366561157291159e+01 -5.320256131136229527e-01 -3.024060968764118451e-01 7.908851367695867163e-01 4.144438155533800483e+01
-6.880956200509573684e-01 -3.912433134999059314e-01 -6.111080815275662381e-01 1.937366830277705674e+02 4.935062244664432107e-01 -8.697415077423769070e-01 1.147223994379026335e-03 2.987588264481374267e+01 -5.319549079382244194e-01 -3.007962422498510202e-01 7.915463325471252531e-01 4.131640589406235620e+01
-6.890650012727546070e-01 -3.897720463522174050e-01 -6.109559525067116414e-01 1.935694053448335978e+02 4.930653986984789849e-01 -8.699915865917491331e-01 -1.073250148312582253e-03 2.960819054070207557e+01 -5.311082155524318171e-01 -3.019807794247437727e-01 7.916638631583077235e-01 4.125384980456464490e+01
-6.934972581152218929e-01 -3.863641456190468060e-01 -6.080989228462203577e-01 1.933640028144676251e+02 4.873364536467615360e-01 -8.732137458389062079e-01 -9.669668990965329947e-04 2.946260102293976502e+01 -5.306267369193407024e-01 -2.970193614195043019e-01 7.938606710300508684e-01 4.100667232801781381e+01
-6.933025159572341334e-01 -3.859543317172945964e-01 -6.085810342066422240e-01 1.931966355117405669e+02 4.882644046960186723e-01 -8.726913000754072947e-01 -2.786732771291405841e-03 2.922388461332758780e+01 -5.300278223586118997e-01 -2.990805052178303614e-01 7.934868360120633790e-01 4.094878721673078559e+01
-6.955409007779724817e-01 -3.858768527680466187e-01 -6.060708785635504636e-01 1.931084598338304090e+02 4.859319566912981836e-01 -8.739958120741877501e-01 -1.205795566286915754e-03 2.906654021153203615e+01 -5.292381210864662844e-01 -2.953478880483295099e-01 7.954097285137128326e-01 4.071193219318695355e+01
-6.965454037851135372e-01 -3.838901768884944166e-01 -6.061788783472694675e-01 1.929023855644321941e+02 4.830485482358000682e-01 -8.755933972379770225e-01 -5.502368072322350034e-04 2.885055404418735847e+01 -5.305549929207331594e-01 -2.931970920759252586e-01 7.953281490586776581e-01 4.051600997301813578e+01
-6.962991207506499247e-01 -3.860130719330421845e-01 -6.051127520873177401e-01 1.928374939500708081e+02 4.852264544900901089e-01 -8.743883444576434627e-01 -5.576195819690377142e-04 2.855924925990512619e+01 -5.288882890600322684e-01 -2.940049852867084867e-01 7.961395897213716655e-01 4.040258917458300658e+01
-6.959229670773592336e-01 -3.877644254318373673e-01 -6.044253256306871824e-01 1.927953729471398958e+02 4.882502491566750868e-01 -8.727006726727286612e-01 -2.286944470786894668e-03 2.816293766412562505e+01 -5.265955925496242918e-01 -2.967023530174386359e-01 7.966585188280015384e-01 4.036854044253389873e+01
-7.012610235754102028e-01 -3.846528164537031946e-01 -6.002292791993758536e-01 1.926167867455362739e+02 4.815082404006797434e-01 -8.764411062678163500e-01 -8.953604235656109633e-04 2.803654467477308643e+01 -5.257212105671690283e-01 -2.896432254313582311e-01 7.998274881007214621e-01 3.996844830902872303e+01
-7.033552637377769035e-01 -3.832125854519647934e-01 -5.986981604478027741e-01 1.923469789228404068e+02 4.765853805375231955e-01 -8.791236989946122904e-01 2.810146603796859210e-03 2.768929990681988684e+01 -5.274066249396822670e-01 -2.833542592184758457e-01 8.009697970288780500e-01 3.949519434329466350e+01
-7.061896294009206709e-01 -3.811865612168919837e-01 -5.966515003536244643e-01 1.921636479175304544e+02 4.739848441087862740e-01 -8.805316411653556496e-01 1.548050972978110007e-03 2.751963871003240314e+01 -5.259606210371267077e-01 -2.817105508394849855e-01 8.024989661450997458e-01 3.932443275832940799e+01
-7.074238948649271830e-01 -3.796536149211594546e-01 -5.961665586490348945e-01 1.920123275703893171e+02 4.716071307911500199e-01 -8.818066461668419009e-01 1.937256546247823064e-03 2.729440668443615792e+01 -5.264391200899457557e-01 -2.797859386268058968e-01 8.028584441765814761e-01 3.916932784159752146e+01
-7.074366108971832379e-01 -3.833690810256240034e-01 -5.937689696134991202e-01 1.920238344398424033e+02 4.755117364137544933e-01 -8.797081891240881024e-01 1.445863338724401315e-03 2.688309313416303681e+01 -5.228977243162222788e-01 -2.813212571093530734e-01 8.046342772982825187e-01 3.906819568087297512e+01
-7.092561969959838564e-01 -3.814171567057053069e-01 -5.928546192729970965e-01 1.918322589434154679e+02 4.738058240833369350e-01 -8.806293010395567222e-01 -2.742540656168468427e-04 2.667273624048587521e+01 -5.219805437825291161e-01 -2.810924878418454842e-01 8.053094592710166033e-01 3.892119361376588671e+01
-7.095577159909862708e-01 -3.797709050017330501e-01 -5.935502568374646515e-01 1.916585023363069524e+02 4.708287547881427892e-01 -8.822231316833517578e-01 1.621600279685248003e-03 2.643931412903240741e+01 -5.242596030043726874e-01 -2.783099093402618962e-01 8.047952926183855604e-01 3.871257363956520692e+01
-7.117513431787179101e-01 -3.793322515329937139e-01 -5.911996857494098423e-01 1.915331821044129299e+02 4.687695192113905951e-01 -8.833172370371440429e-01 2.407615290677317388e-03 2.625329154616154170e+01 -5.231301590824343206e-01 -2.754227690296787712e-01 8.065216270865965820e-01 3.847168572340031290e+01
-7.139583550739998508e-01 -3.790915590951165481e-01 -5.886875716735179287e-01 1.914506544427873678e+02 4.666685886746697043e-01 -8.844250955460550845e-01 3.560718009674251894e-03 2.596070058527501345e+01 -5.219998999659113403e-01 -2.721797938701295827e-01 8.083528092636237394e-01 3.824342032717908069e+01
-7.203838052016280358e-01 -3.821122951840198456e-01 -5.788241244734222413e-01 1.914951932985501912e+02 4.681107029754201787e-01 -8.836695013818001154e-01 7.629465901711762754e-04 2.562687065665799580e+01 -5.117807567338590324e-01 -2.704041534385926426e-01 8.154520530601886419e-01 3.802481929587937515e+01
-7.196228746544921506e-01 -3.861031917325823404e-01 -5.771197827209852971e-01 1.915128218920797281e+02 4.710316450080825890e-01 -8.821118408037100789e-01 2.808863625887975113e-03 2.530370694523904618e+01 -5.101687051113426019e-01 -2.698203581047989852e-01 8.166546801906016118e-01 3.789065572487345435e+01
-7.242400208544814699e-01 -3.872409740163767489e-01 -5.705443192562242860e-01 1.913147346853890554e+02 4.683376186516778339e-01 -8.835344399627760303e-01 5.173814389771103084e-03 2.479999520224939857e+01 -5.060990685116661947e-01 -2.634602843741576383e-01 8.212505168394792499e-01 3.738995823030148813e+01
-7.260121536839687639e-01 -3.856585618063315679e-01 -5.693626492918526516e-01 1.911572452506105435e+02 4.666346326202455708e-01 -8.844408754355270741e-01 4.056784219897469068e-03 2.455677060061592343e+01 -5.051321335477814145e-01 -2.627390560314744605e-01 8.220764660864317008e-01 3.723746875664260614e+01
-7.252515594343047489e-01 -3.846717058415728419e-01 -5.709972454075802339e-01 1.909843588493277480e+02 4.670304972459242698e-01 -8.842376786177990056e-01 2.498470498395521933e-03 2.423269316051700883e+01 -5.058583696849690003e-01 -2.648611078235932337e-01 8.209481733837552531e-01 3.720905477588131305e+01
-7.277710651368365369e-01 -3.839290774024461395e-01 -5.682849111796838271e-01 1.908487738197073043e+02 4.652496803973950601e-01 -8.851767608063960679e-01 2.199322263380071307e-03 2.395717879442333853e+01 -5.038769806606732127e-01 -2.627937701948106497e-01 8.228289146032002899e-01 3.701552488266792551e+01
-7.279940618772631211e-01 -3.853666475062920149e-01 -5.670248608846050198e-01 1.907780289803932874e+02 4.676281273408641193e-01 -8.839252253811209492e-01 3.611850106766401058e-04 2.361970205312526971e+01 -5.013467666108170073e-01 -2.648938333081700680e-01 8.237005989339709622e-01 3.697029017907370019e+01
-7.262940516018596693e-01 -3.842709192705988097e-01 -5.699410594181509859e-01 1.906483222860191802e+02 4.667884666980325892e-01 -8.843678543185498064e-01 1.423237753831102514e-03 2.331632573148162635e+01 -5.045844606856765280e-01 -2.650082241194282595e-01 8.216843452224289468e-01 3.686256101692001153e+01
-7.289657005115630639e-01 -3.870873055873190749e-01 -5.645993493893135540e-01 1.907027491363838863e+02 4.659643091055810649e-01 -8.847894312543995721e-01 4.992492391134362162e-03 2.301117948216857556e+01 -5.014840676606238112e-01 -2.594437900464501290e-01 8.253500164711262688e-01 3.657913812930630115e+01
-7.307554473619863877e-01 -3.876782806425088657e-01 -5.618736751876277635e-01 1.906405719258705176e+02 4.668929946320728996e-01 -8.843089862401789514e-01 2.923767836651519625e-03 2.269113129290063924e+01 -4.980034213881255334e-01 -2.601983235398253047e-01 8.272178822491602634e-01 3.648527341214249020e+01
-7.333721380577984394e-01 -3.898951457003246301e-01 -5.569085045856790872e-01 1.906519174556524092e+02 4.665351507282576304e-01 -8.844892315206729361e-01 4.873649447032030180e-03 2.240242031876746509e+01 -4.944797875095569561e-01 -2.562431944136142059e-01 8.305595493769307724e-01 3.622641814484943978e+01
-7.336947922612071515e-01 -3.869854842512848170e-01 -5.585106863682948175e-01 1.904332022624201954e+02 4.636573583587218494e-01 -8.860015308517179555e-01 4.810547601371367721e-03 2.210782906519774471e+01 -4.967029352123831787e-01 -2.554281157335892560e-01 8.294833764724831582e-01 3.614868809501078317e+01
-7.344161009840579624e-01 -3.877070053798281624e-01 -5.570603814621717387e-01 1.903512362356392771e+02 4.651689289913900627e-01 -8.852174020454774972e-01 2.831716239155485093e-03 2.170474075164990779e+01 -4.942174198835746490e-01 -2.570475230288398194e-01 8.304671653884700966e-01 3.611284969995890748e+01
-7.339481027207792607e-01 -3.875902999308665220e-01 -5.577579599719481029e-01 1.902478216703414375e+02 4.644869582960286514e-01 -8.855701150002197597e-01 4.175762373607866396e-03 2.136737233871405550e+01 -4.955522657454727864e-01 -2.560065054212460334e-01 8.299931452105673291e-01 3.598053989181705958e+01
-7.345705792158621072e-01 -3.887979478445517389e-01 -5.560955132909620735e-01 1.902593624838447681e+02 4.666432477781318755e-01 -8.844434722435525753e-01 1.955430603664293221e-03 2.094149093276148577e+01 -4.925953140799760877e-01 -2.580618146057916951e-01 8.311160908012886761e-01 3.601826761794364273e+01
-7.384387882740510722e-01 -3.861134101975071675e-01 -5.528332392666015505e-01 1.900490813969923067e+02 4.626096179506918316e-01 -8.865611758197720071e-01 1.273934291627615289e-03 2.071874697661872489e+01 -4.906123697501592051e-01 -2.548052511129156317e-01 8.332909375802770580e-01 3.577959278059923065e+01
-7.394148582195843034e-01 -3.851155679229125162e-01 -5.522242902911146389e-01 1.899531400032506099e+02 4.585449996696401853e-01 -8.886525443871318153e-01 5.756616388767191173e-03 2.057042218579478288e+01 -4.929524832294512882e-01 -2.489631593181815816e-01 8.336757130804683946e-01 3.547182939323854356e+01
-7.408014760479042504e-01 -3.851603373513973194e-01 -5.503314343344430926e-01 1.899031497543511193e+02 4.575537361885075871e-01 -8.891590668020232791e-01 6.382195836385232135e-03 2.031344300365068989e+01 -4.917903532860168903e-01 -2.470782638256837083e-01 8.349219005150725348e-01 3.532938101687691557e+01
-7.400962554619094913e-01 -3.874298295767739653e-01 -5.496868743251666078e-01 1.898714215549761377e+02 4.592640607133371411e-01 -8.882662831799061909e-01 7.715743830013291338e-03 1.998772562704648692e+01 -4.912576260867162481e-01 -2.467410329067016850e-01 8.353351468074224906e-01 3.522428903712199144e+01
-7.408131142599880814e-01 -3.852892793375328750e-01 -5.502255001069853435e-01 1.896955435360654860e+02 4.577880240855335403e-01 -8.890398713914613449e-01 6.183209532013553278e-03 1.973482809237154356e+01 -4.915547321959992111e-01 -2.473060417859183624e-01 8.349932137160762657e-01 3.517747000463975837e+01
-7.398904937070611698e-01 -3.848227284192194397e-01 -5.517911969340482115e-01 1.895460449627294395e+02 4.602995780121849623e-01 -8.877615734632440248e-01 1.920198914307835736e-03 1.933846365962577352e+01 -4.905979573986486986e-01 -2.525685181768577703e-01 8.339800883847408031e-01 3.526955306395947076e+01
-7.455763624500566511e-01 -3.749582038763873970e-01 -5.509285190490107453e-01 1.894558451695787085e+02 4.454532202794345142e-01 -8.952817145155227418e-01 6.486925067298185410e-03 1.910429574016326981e+01 -4.956685548816106568e-01 -2.405763849589993009e-01 8.345272234634620867e-01 3.498363572536800348e+01
-7.448875988461813868e-01 -3.776277960219078800e-01 -5.500361013213641570e-01 1.894633839886562328e+02 4.464464873481666096e-01 -8.947578041135377802e-01 9.695664618918298228e-03 1.879632929574526301e+01 -4.958104466624850826e-01 -2.383395050123994219e-01 8.350845953140264566e-01 3.481338001198755450e+01
-7.459834297339831277e-01 -3.787199651063966610e-01 -5.477955007045361979e-01 1.894325506900788127e+02 4.469350358494940667e-01 -8.945128285149763769e-01 9.791493877243109822e-03 1.851175867315188839e+01 -4.937183370025213791e-01 -2.375247095608083447e-01 8.365549689383946497e-01 3.466293170435103832e+01
-7.469517941089298674e-01 -3.800184503848546558e-01 -5.455721718018116118e-01 1.894923774420951474e+02 4.431861422667561778e-01 -8.962584694505730809e-01 1.751568556544862154e-02 1.829352353484867422e+01 -4.956299633599266508e-01 -2.287066533907810562e-01 8.378807827576826295e-01 3.419573785831154566e+01
-7.576585229590655501e-01 -3.681778917091619863e-01 -5.388864468921856776e-01 1.892850508131016056e+02 4.243880392877442120e-01 -9.052182967813262593e-01 2.178594229817391870e-02 1.729754073028195549e+01 -4.958309739185238763e-01 -2.121906577324078613e-01 8.420966512664067594e-01 3.356882977346732133e+01
-7.623945725736565038e-01 -3.576420770105567248e-01 -5.393020122916343251e-01 1.891373521300198206e+02 4.101847125004038919e-01 -9.116675604567272551e-01 2.471357606336967161e-02 1.691965565374337999e+01 -5.005027645689803517e-01 -2.023719446031340685e-01 8.417497126202977409e-01 3.336024025849916796e+01
-7.665789446543265218e-01 -3.465345725533601762e-01 -5.406204876231743839e-01 1.889222304364882916e+02 3.982676926830629460e-01 -9.169795668679951994e-01 2.305035599493594767e-02 1.658948352562769557e+01 -5.037256858425707140e-01 -1.976417566503694823e-01 8.409507532849874734e-01 3.330456935708392052e+01
-7.674336312348177813e-01 -3.469276593463540004e-01 -5.391538007194263127e-01 1.888869416222032385e+02 3.983930271858186489e-01 -9.169279225043878156e-01 2.293863163983163311e-02 1.634596198821069990e+01 -5.023232201874230363e-01 -1.971912374124379363e-01 8.418948855696234412e-01 3.320609585378853978e+01
-7.682737445676104393e-01 -3.503625723366399769e-01 -5.357252293048311298e-01 1.889645578290309800e+02 3.986091675610036744e-01 -9.166970619476886295e-01 2.787881189717814068e-02 1.610065451859629704e+01 -5.008654359649753474e-01 -1.921264284842854608e-01 8.439320177203184503e-01 3.292120894591781166e+01
-7.676597970164926732e-01 -3.525526879316335793e-01 -5.351682336207725932e-01 1.889868376399693091e+02 3.984586712836167277e-01 -9.166180565393857727e-01 3.228042293487401460e-02 1.586145821072330442e+01 -5.019254160963482203e-01 -1.884620403639412911e-01 8.441285068153827620e-01 3.270610547554606740e+01
-7.686149072968859741e-01 -3.556338542835334460e-01 -5.317477653629008039e-01 1.890343869034276167e+02 3.978403876973276576e-01 -9.166669321747082932e-01 3.801001676202866997e-02 1.561535934782804524e+01 -5.009532415284285722e-01 -1.823356716192642835e-01 8.460493795620394053e-01 3.239091342304045185e+01
-7.682081096460289249e-01 -3.575340966201228099e-01 -5.310608910738091604e-01 1.890175419115670934e+02 3.992606845655454206e-01 -9.160015571100983411e-01 3.914145030690779903e-02 1.524636023948822583e+01 -5.004470062197668989e-01 -1.819629553670439048e-01 8.464291327924410302e-01 3.231221162338940189e+01
-7.691692860697474377e-01 -3.560303786831471307e-01 -5.306797328160274274e-01 1.889133642515506892e+02 3.984999026105288111e-01 -9.164124686935604114e-01 3.722922027619784968e-02 1.492223516068164813e+01 -4.995762574285876889e-01 -1.828402490637918987e-01 8.467543955220641072e-01 3.233473304533181647e+01
-7.686081492253864500e-01 -3.529904302683631867e-01 -5.335159501676425275e-01 1.887012867021331033e+02 3.968011998612436253e-01 -9.172287799538809683e-01 3.521609025705677021e-02 1.468680639226102613e+01 -5.017871269104101639e-01 -1.846323952162014226e-01 8.450565412466342075e-01 3.235644948369678531e+01
-7.683588433360633019e-01 -3.516349199468108422e-01 -5.347687078927368942e-01 1.885454757676185409e+02 3.963775401776356011e-01 -9.174667236972784412e-01 3.375879960705245597e-02 1.442475930994208078e+01 -5.025032671635024650e-01 -1.860314327800068335e-01 8.443238552284446641e-01 3.233867797982510695e+01
-7.701005499611883742e-01 -3.509777530648319210e-01 -5.326910547428382880e-01 1.884851658509162746e+02 3.946465659297744288e-01 -9.181873370399034062e-01 3.443983303397078755e-02 1.412509367607873401e+01 -5.011977962334950298e-01 -1.837025610957381816e-01 8.456087381866123076e-01 3.221413334149396235e+01
-7.700376265341410953e-01 -3.486452629832839656e-01 -5.343112710031325818e-01 1.883178891676779756e+02 3.932934083389040825e-01 -9.188297957003859207e-01 3.274296092833701988e-02 1.380125786765825779e+01 -5.023567941999333986e-01 -1.849277889677571340e-01 8.446533988498846623e-01 3.219989117946660429e+01
-7.723496482617226988e-01 -3.478151000898034306e-01 -5.315079274851063351e-01 1.883154386645984744e+02 3.902455563590118137e-01 -9.200455471982869060e-01 3.499423984958023592e-02 1.351555097039591580e+01 -5.011830270191105496e-01 -1.803908180316409759e-01 8.463301520079720142e-01 3.203959735938249764e+01
-7.734071733246377089e-01 -3.471164944564277821e-01 -5.304257568465865491e-01 1.882824656796541092e+02 3.891617571326513314e-01 -9.205058986800878085e-01 3.495736375344554725e-02 1.328550831933640275e+01 -5.003943155506672680e-01 -1.793851436754006490e-01 8.470103300392122225e-01 3.198520149300168569e+01
-7.771550408874086102e-01 -3.397500692582986481e-01 -5.297168421546287753e-01 1.883007311352623958e+02 3.763470574061799079e-01 -9.255494896708040820e-01 4.148535346147864955e-02 1.274961758167522952e+01 -5.043738046379888651e-01 -1.671168232378043572e-01 8.471593903073402210e-01 3.165761215420690178e+01
-7.848198237199581762e-01 -3.329121647961185149e-01 -5.227115216129600839e-01 1.883613063354410144e+02 3.634464878966345847e-01 -9.304340205496697269e-01 4.689545648971266134e-02 1.247170385606371390e+01 -5.019606505810743080e-01 -1.531731828178128640e-01 8.512188210640584396e-01 3.130274164912300350e+01
-7.849313019942469882e-01 -3.325760008846257998e-01 -5.227581226391481151e-01 1.882881025568077860e+02 3.628054961990386795e-01 -9.306624955634557050e-01 4.732326361707508977e-02 1.223789718183082620e+01 -5.022499607539919753e-01 -1.525140091506063111e-01 8.511665253846759649e-01 3.124137731208724134e+01
-7.855509156671052207e-01 -3.322069694044080812e-01 -5.220615752703041679e-01 1.882115284899203118e+02 3.614340986286308510e-01 -9.311272031078425826e-01 4.865720893224341481e-02 1.202015989888485592e+01 -5.022699983505702903e-01 -1.504681398559359895e-01 8.515187535487475090e-01 3.112984708036739079e+01
-7.858171969237854881e-01 -3.305053784653949056e-01 -5.227404019437286165e-01 1.880817587971130536e+02 3.585959094529222457e-01 -9.321375757242273963e-01 5.028432804156986180e-02 1.176715482286608783e+01 -5.038852118711923955e-01 -1.479382801319749086e-01 8.510076136728254026e-01 3.099320786355788471e+01
-7.868931941388714879e-01 -3.295115417628712851e-01 -5.217482581312368195e-01 1.879711659481307606e+02 3.576380937370145507e-01 -9.325439393808414579e-01 4.956606734668064090e-02 1.150862035203870803e+01 -5.028857672733227924e-01 -1.475938513933313656e-01 8.516583587946545686e-01 3.093595516528871769e+01
-7.898730086048162402e-01 -3.185203891419422506e-01 -5.240662095369647000e-01 1.878607692679831871e+02 3.448809857440170434e-01 -9.373198716994606272e-01 4.988550680850980384e-02 1.109249979117510065e+01 -5.071072233263999030e-01 -1.413372555916252715e-01 8.502152928711741442e-01 3.091222720797848567e+01
-7.955771122037944565e-01 -3.077976515886826636e-01 -5.218406502122686641e-01 1.877700519233953571e+02 3.308414465026596751e-01 -9.422854288937445588e-01 5.140143743670832349e-02 1.074601863424136816e+01 -5.075440826307594522e-01 -1.317527084010949867e-01 8.514929406727204109e-01 3.066405506718722762e+01
-7.973070397393569042e-01 -3.091335912846800982e-01 -5.183993702942752968e-01 1.877280286209001190e+02 3.285273880220533904e-01 -9.427777660114611269e-01 5.691958567880659597e-02 1.056506432764909853e+01 -5.063311561631103075e-01 -1.249260047142955188e-01 8.532422010453140082e-01 3.037282703201873701e+01
-7.972549046671222328e-01 -3.121667578410390331e-01 -5.166590096797232246e-01 1.878257454900112293e+02 3.290002248917756611e-01 -9.423140304315293925e-01 6.166944197127165184e-02 1.029049885002864784e+01 -5.061061835281004395e-01 -1.208146652973102059e-01 8.539674160316186313e-01 3.017061598763818964e+01
-7.992993790087503658e-01 -3.131784790104510385e-01 -5.128740030464858934e-01 1.877904798868106866e+02 3.292727040780163428e-01 -9.421860162659685400e-01 6.216910086220855947e-02 1.001488824433901037e+01 -5.026927382262224020e-01 -1.191836861217375199e-01 8.562098223549282627e-01 3.006796779772767181e+01
-7.990728871048606852e-01 -3.123045274185678455e-01 -5.137590906716565931e-01 1.877104178914676709e+02 3.294864384418155767e-01 -9.422327472152423056e-01 6.030038936976174491e-02 9.740761624661331552e+00 -5.029127240156389123e-01 -1.210922467752671566e-01 8.558127480904264006e-01 3.014084412851311967e+01
-7.982739658689548268e-01 -3.102939202019178722e-01 -5.162134815186226744e-01 1.875748496735199353e+02 3.284080523348353320e-01 -9.427036625482791976e-01 5.880438571825276350e-02 9.502785813467962583e+00 -5.048829830539861563e-01 -1.225866538567180059e-01 8.544388133264555485e-01 3.018267646122290770e+01
-7.997477872721068248e-01 -3.075840491686592792e-01 -5.155536145255716907e-01 1.874079804090962398e+02 3.252018410761319811e-01 -9.438254329051953828e-01 5.862861726167116483e-02 9.260558727517707922e+00 -5.046258409099400044e-01 -1.207708776913255927e-01 8.548492006123669107e-01 3.008471999884967119e+01
-7.981652980911133621e-01 -3.087029257799385751e-01 -5.173341865158628261e-01 1.874071267534111485e+02 3.256955787340398145e-01 -9.435352438317863299e-01 6.052795751047379547e-02 8.995614000188036030e+00 -5.068081953917306093e-01 -1.201821420269940655e-01 8.536402672212579645e-01 3.005549636815290526e+01
-8.003122983088681863e-01 -3.061580219424717697e-01 -5.155264210259746793e-01 1.872448404956043930e+02 3.238940279233600839e-01 -9.443147345871425458e-01 5.798569407359742411e-02 8.751324632906362311e+00 -5.045719808423365649e-01 -1.205692649139412237e-01 8.549094504723601107e-01 3.003516164336213379e+01
-8.009316382740658824e-01 -3.060841307417106472e-01 -5.146076327841556664e-01 1.872313508100994568e+02 3.229486149252613347e-01 -9.445641805453881545e-01 5.918362060971561756e-02 8.520554460576626354e+00 -5.041951040316400290e-01 -1.187897880236802733e-01 8.553807826528562197e-01 2.995687749778800679e+01
-7.996958333161354737e-01 -3.064614753926424018e-01 -5.163021772925004971e-01 1.872062358462281395e+02 3.219293880138432429e-01 -9.447231653479029045e-01 6.212575945669495531e-02 8.296832089129756227e+00 -5.068017791107723991e-01 -1.165311329868700119e-01 8.541501341889212728e-01 2.984150684736212256e+01
-8.021325272847559251e-01 -3.076182952351844135e-01 -5.118148035260113859e-01 1.872036913250301495e+02 3.211124711956964695e-01 -9.448338731687238035e-01 6.461991144826459421e-02 8.059814569894754754e+00 -5.034582301585343034e-01 -1.125163834718637679e-01 8.566620535170498263e-01 2.964913915094526686e+01
-8.044283465667403377e-01 -3.075596662900252354e-01 -5.082342834869253423e-01 1.871573236803813529e+02 3.195531989478946344e-01 -9.452505361572365317e-01 6.623576780428992727e-02 7.881981513432909203e+00 -5.007801796018562790e-01 -1.091259619248546447e-01 8.586680011226153209e-01 2.949326799515474562e+01
-8.047029352469674546e-01 -3.071574341679951803e-01 -5.080428098499663037e-01 1.870980681317771825e+02 3.186920782716617384e-01 -9.454977669950253016e-01 6.685306166743840151e-02 7.679340410905038716e+00 -5.008877571390664141e-01 -1.081123639680262039e-01 8.587334694219392883e-01 2.944338321097498223e+01
-8.045012835686502495e-01 -3.040233931469376594e-01 -5.102425512987108780e-01 1.869028426512285819e+02 3.156655372983169783e-01 -9.465525518015001083e-01 6.628374793442355639e-02 7.315923994867085334e+00 -5.031231989270220639e-01 -1.077406288151869923e-01 8.574724506384728828e-01 2.941507484934976802e+01
-8.048737871454749726e-01 -3.027217132409416034e-01 -5.104289873220081430e-01 1.867665064735558360e+02 3.147666597832076696e-01 -9.469234593622362084e-01 6.525267809353811621e-02 6.935317377745361611e+00 -5.030905849397541152e-01 -1.081458572573431448e-01 8.574405733944775454e-01 2.939016026451270491e+01
-8.055985653229422727e-01 -3.032923428526492771e-01 -5.089446986820551633e-01 1.867714810776373611e+02 3.153143640781154167e-01 -9.467525816909738712e-01 6.508763989798106719e-02 6.728154651351836435e+00 -5.015852902105788491e-01 -1.080430646937904499e-01 8.583349537423853315e-01 2.939897457600870112e+01
-8.057926536032775644e-01 -3.014699851372547590e-01 -5.097195772778717604e-01 1.866493137646036473e+02 3.131041674670063113e-01 -9.474643949676366805e-01 6.539878120732828259e-02 6.511813677590507332e+00 -5.026569204873059249e-01 -1.068974664337492275e-01 8.578513577282860236e-01 2.932979851172246200e+01
-8.063159766852490140e-01 -3.015603401677759421e-01 -5.088378002664585287e-01 1.866037856287959471e+02 3.123024123901176341e-01 -9.476361280025380474e-01 6.673059358098279437e-02 6.293462864530609657e+00 -5.023163833257143773e-01 -1.051053288004593078e-01 8.582721718081749440e-01 2.922822674732858772e+01
-8.073684471276023622e-01 -3.021118777398746902e-01 -5.068378477494067669e-01 1.865973868812256455e+02 3.123267507535637533e-01 -9.475872208932671903e-01 6.730868861815353377e-02 6.068420911761187142e+00 -5.006078218990240858e-01 -1.039561067386676751e-01 8.594096441891105886e-01 2.916462952776196005e+01
-8.085051363917290512e-01 -3.027849094219388082e-01 -5.046194041597489299e-01 1.865679906858481161e+02 3.120037703155329467e-01 -9.475947235202339947e-01 6.868687840849434234e-02 5.902095370101299032e+00 -4.989720350250941849e-01 -1.019094626762375860e-01 8.606052345181016694e-01 2.907189699072846878e+01
-8.114362077623777925e-01 -3.005560358267085341e-01 -5.012358228023477968e-01 1.864007719499098528e+02 3.077464592187297843e-01 -9.488344806528890008e-01 7.074775729659729673e-02 5.511900591032203423e+00 -4.968534970899842751e-01 -9.684625781256520072e-02 8.624137085976516515e-01 2.882527594223496692e+01
-8.116163296261047488e-01 -3.014984485214272647e-01 -5.003774765348878439e-01 1.863615424459422059e+02 3.085988950746926252e-01 -9.485398387136541043e-01 7.098518388899059672e-02 5.250569265184065415e+00 -4.960298936988866703e-01 -9.680320197311269304e-02 8.628925104813599534e-01 2.878980255255232024e+01
