1688633645.2466 0.0000 0.0000 0.0000 0.0000 0.0000 0.0000 1.0000
1688633645.3121 0.0110 -0.0106 0.3186 -0.0001 0.0005 -0.0000 1.0000
1688633645.3788 0.0185 -0.0108 0.6589 -0.0001 0.0007 -0.0001 1.0000
1688633645.4467 0.0032 -0.0083 1.0137 -0.0001 0.0010 -0.0000 1.0000
1688633645.5137 0.0036 -0.0059 1.3763 -0.0001 0.0012 0.0000 1.0000
1688633645.5802 0.0143 -0.0019 1.7306 -0.0000 0.0013 0.0002 1.0000
1688633645.6450 0.0151 -0.0055 2.0784 -0.0001 0.0019 0.0001 1.0000
1688633645.7096 0.0230 -0.0051 2.4445 -0.0001 0.0021 0.0001 1.0000
1688633645.7764 0.0177 -0.0016 2.8021 -0.0000 0.0023 0.0001 1.0000
1688633645.8431 0.0247 -0.0091 3.1710 -0.0001 0.0028 0.0000 1.0000
1688633645.9109 0.0292 -0.0042 3.5548 -0.0000 0.0031 -0.0001 1.0000
1688633645.9777 0.0270 -0.0041 3.9360 -0.0000 0.0036 0.0000 1.0000
1688633646.0450 0.0232 -0.0017 4.3206 -0.0000 0.0048 -0.0000 1.0000
1688633646.1097 0.0384 -0.0045 4.7059 -0.0000 0.0052 0.0000 1.0000
1688633646.1764 0.0403 -0.0014 5.0932 -0.0000 0.0048 0.0000 1.0000
1688633646.2453 0.0504 -0.0018 5.4770 -0.0000 0.0039 -0.0000 1.0000
1688633646.3090 0.0555 0.0028 5.8523 0.0000 0.0038 0.0000 1.0000
1688633646.3780 0.0546 -0.0047 6.2458 -0.0001 0.0039 0.0000 1.0000
1688633646.4437 0.0498 -0.0049 6.6641 -0.0001 0.0044 0.0000 1.0000
1688633646.5116 0.0850 -0.0025 7.0658 -0.0001 0.0048 -0.0000 1.0000
1688633646.5764 0.0862 0.0027 7.4795 -0.0000 0.0053 -0.0000 1.0000
1688633646.6443 0.0899 0.0012 7.8861 -0.0000 0.0055 -0.0002 1.0000
1688633646.7132 0.0918 -0.0081 8.2954 -0.0001 0.0057 -0.0000 1.0000
1688633646.7794 0.0911 -0.0167 8.7104 -0.0002 0.0055 -0.0001 1.0000
1688633646.8439 0.0968 -0.0083 9.1263 -0.0001 0.0055 -0.0000 1.0000
1688633646.9129 0.1031 -0.0054 9.5434 -0.0001 0.0059 -0.0001 1.0000
1688633646.9796 0.1158 -0.0059 9.9700 -0.0001 0.0061 -0.0001 1.0000
1688633647.0463 0.1203 0.0027 10.3993 -0.0000 0.0063 -0.0001 1.0000
1688633647.1120 0.1256 -0.0036 10.8269 -0.0001 0.0064 -0.0001 1.0000
1688633647.1779 0.1391 -0.0014 11.2494 -0.0001 0.0065 -0.0001 1.0000
1688633647.2436 0.1475 -0.0110 11.6748 -0.0001 0.0064 -0.0001 1.0000
1688633647.3112 0.1599 -0.0094 12.0988 -0.0001 0.0064 -0.0000 1.0000
1688633647.3780 0.1645 -0.0129 12.5248 -0.0002 0.0064 -0.0001 1.0000
1688633647.4437 0.1620 -0.0041 12.9489 -0.0001 0.0067 -0.0001 1.0000
1688633647.5093 0.1701 0.0003 13.3858 -0.0001 0.0068 -0.0001 1.0000
1688633647.5794 0.1722 -0.0001 13.8308 -0.0000 0.0070 -0.0000 1.0000
1688633647.6421 0.1835 -0.0072 14.2679 -0.0001 0.0069 -0.0000 1.0000
1688633647.7112 0.2045 -0.0041 14.7031 -0.0001 0.0066 -0.0001 1.0000
1688633647.7790 0.2045 -0.0098 15.1460 -0.0001 0.0067 -0.0001 1.0000
1688633647.8448 0.2100 -0.0034 15.5969 -0.0001 0.0069 -0.0002 1.0000
1688633647.9127 0.2217 -0.0010 16.0410 -0.0001 0.0070 -0.0001 1.0000
1688633647.9784 0.2330 0.0003 16.5042 -0.0000 0.0072 -0.0000 1.0000
1688633648.0452 0.2377 -0.0025 16.9614 -0.0001 0.0074 -0.0001 1.0000
1688633648.1110 0.2388 -0.0013 17.4254 -0.0001 0.0079 -0.0001 1.0000
1688633648.1778 0.2596 -0.0031 17.8808 -0.0001 0.0080 -0.0002 1.0000
1688633648.2425 0.2558 -0.0017 18.3489 -0.0001 0.0085 -0.0001 1.0000
1688633648.3105 0.2664 -0.0056 18.8122 -0.0001 0.0086 -0.0001 1.0000
1688633648.3763 0.2747 -0.0123 19.2781 -0.0002 0.0087 -0.0001 1.0000
1688633648.4431 0.2782 -0.0100 19.7480 -0.0002 0.0087 -0.0001 1.0000
1688633648.5128 0.2960 -0.0159 20.2134 -0.0002 0.0086 -0.0001 1.0000
1688633648.5743 0.2966 -0.0102 20.6877 -0.0002 0.0086 -0.0001 1.0000
1688633648.6506 0.3131 -0.0038 21.1705 -0.0001 0.0087 -0.0002 1.0000
1688633648.7078 0.3237 -0.0144 21.6468 -0.0002 0.0087 -0.0001 1.0000
1688633648.7788 0.3431 -0.0057 22.1206 -0.0001 0.0086 -0.0001 1.0000
1688633648.8456 0.3568 -0.0191 22.5984 -0.0002 0.0084 -0.0001 1.0000
1688633648.9115 0.3698 -0.0121 23.0645 -0.0002 0.0079 -0.0002 1.0000
1688633648.9760 0.3777 -0.0108 23.5351 -0.0002 0.0075 -0.0001 1.0000
1688633649.0417 0.3893 -0.0025 24.0278 -0.0001 0.0070 -0.0002 1.0000
1688633649.1075 0.3881 -0.0040 24.5188 -0.0001 0.0065 -0.0002 1.0000
1688633649.1777 0.4145 -0.0102 25.0060 -0.0002 0.0060 -0.0001 1.0000
1688633649.2415 0.4303 -0.0090 25.5045 -0.0002 0.0056 -0.0001 1.0000
1688633649.3136 0.4412 -0.0040 26.0106 -0.0001 0.0052 -0.0002 1.0000
1688633649.3772 0.4419 -0.0020 26.4974 -0.0001 0.0048 -0.0002 1.0000
1688633649.4420 0.4507 0.0033 26.9996 -0.0001 0.0045 -0.0002 1.0000
1688633649.5078 0.4650 0.0031 27.5011 -0.0001 0.0041 -0.0002 1.0000
1688633649.5755 0.4673 0.0101 28.0051 -0.0000 0.0037 -0.0002 1.0000
1688633649.6421 0.4739 0.0037 28.5184 -0.0001 0.0031 -0.0001 1.0000
1688633649.7090 0.4793 0.0046 29.0387 -0.0001 0.0024 -0.0002 1.0000
1688633649.7777 0.4887 -0.0113 29.5504 -0.0002 0.0019 -0.0001 1.0000
1688633649.8411 0.4887 -0.0140 30.0691 -0.0002 0.0009 -0.0001 1.0000
1688633649.9090 0.4836 -0.0142 30.5948 -0.0002 0.0003 -0.0001 1.0000
1688633649.9735 0.4836 0.0006 31.1193 -0.0001 0.0000 -0.0002 1.0000
1688633650.0423 0.4879 -0.0099 31.6406 -0.0002 -0.0006 -0.0001 1.0000
1688633650.1071 0.4824 -0.0083 32.1704 -0.0002 -0.0011 -0.0002 1.0000
1688633650.1761 0.4904 -0.0082 32.6882 -0.0002 -0.0017 -0.0002 1.0000
1688633650.2396 0.4732 -0.0075 33.2243 -0.0002 -0.0021 -0.0002 1.0000
1688633650.3085 0.4727 -0.0029 33.7531 -0.0001 -0.0025 -0.0002 1.0000
1688633650.3710 0.4800 -0.0016 34.2653 -0.0001 -0.0033 -0.0002 1.0000
1688633650.4420 0.4780 -0.0083 34.7949 -0.0002 -0.0038 -0.0001 1.0000
1688633650.5078 0.4765 -0.0041 35.3249 -0.0001 -0.0044 -0.0001 1.0000
1688633650.5758 0.4799 -0.0048 35.8617 -0.0001 -0.0048 -0.0002 1.0000
1688633650.6437 0.4760 -0.0026 36.4102 -0.0001 -0.0054 -0.0002 1.0000
1688633650.7097 0.4669 -0.0021 36.9622 -0.0001 -0.0058 -0.0002 1.0000
1688633650.7767 0.4644 0.0026 37.5108 -0.0001 -0.0062 -0.0002 1.0000
1688633650.8436 0.4544 -0.0015 38.0339 -0.0001 -0.0064 -0.0002 1.0000
1688633650.9072 0.4505 -0.0068 38.5660 -0.0002 -0.0069 -0.0001 1.0000
1688633650.9763 0.4480 -0.0041 39.0910 -0.0002 -0.0071 -0.0001 1.0000
1688633651.0420 0.4446 0.0027 39.6143 -0.0001 -0.0073 -0.0002 1.0000
1688633651.1110 0.4384 -0.0054 40.1293 -0.0002 -0.0075 -0.0001 1.0000
1688633651.1735 0.4326 0.0013 40.6538 -0.0001 -0.0077 -0.0001 1.0000
1688633651.2438 0.4248 0.0030 41.1749 -0.0001 -0.0077 -0.0002 1.0000
1688633651.3076 0.4210 0.0090 41.6983 -0.0000 -0.0077 -0.0002 1.0000
1688633651.3755 0.4185 -0.0046 42.2192 -0.0002 -0.0078 -0.0001 1.0000
1688633651.4433 0.4203 -0.0024 42.7379 -0.0001 -0.0080 -0.0001 1.0000
1688633651.5101 0.4035 0.0079 43.2464 -0.0001 -0.0080 -0.0002 1.0000
1688633651.5764 0.3964 0.0042 43.7571 -0.0001 -0.0083 -0.0001 1.0000
1688633651.6442 0.3917 0.0019 44.2672 -0.0001 -0.0083 -0.0002 1.0000
1688633651.7089 0.3868 0.0051 44.7685 -0.0001 -0.0085 -0.0001 1.0000
1688633651.7777 0.3792 0.0006 45.2657 -0.0001 -0.0086 -0.0001 1.0000
1688633651.8435 0.3558 0.0058 45.7609 -0.0001 -0.0087 -0.0002 1.0000
1688633651.9104 0.3481 -0.0040 46.2538 -0.0002 -0.0089 -0.0001 1.0000
1688633651.9772 0.3440 -0.0026 46.7482 -0.0001 -0.0090 -0.0001 1.0000
1688633652.0460 0.3463 -0.0056 47.2347 -0.0002 -0.0093 -0.0001 1.0000
1688633652.1085 0.3359 -0.0001 47.7267 -0.0001 -0.0094 -0.0001 1.0000
1688633652.1775 0.3243 -0.0037 48.2042 -0.0002 -0.0097 -0.0002 1.0000
1688633652.2420 0.3255 -0.0006 48.6851 -0.0001 -0.0098 -0.0001 1.0000
1688633652.3098 0.3181 -0.0004 49.1488 -0.0001 -0.0097 -0.0002 1.0000
1688633652.3765 0.3035 0.0084 49.6124 -0.0001 -0.0095 -0.0003 1.0000
1688633652.4447 0.3037 0.0047 50.0820 -0.0001 -0.0095 -0.0002 1.0000
1688633652.5089 0.2895 -0.0094 50.5408 -0.0002 -0.0095 -0.0002 1.0000
1688633652.5767 0.2791 -0.0024 50.9961 -0.0001 -0.0093 -0.0002 1.0000
1688633652.6414 0.2729 0.0033 51.4479 -0.0001 -0.0093 -0.0002 1.0000
1688633652.7093 0.2630 0.0023 51.8932 -0.0001 -0.0095 -0.0002 1.0000
1688633652.7761 0.2554 0.0009 52.3277 -0.0001 -0.0095 -0.0002 1.0000
1688633652.8429 0.2392 0.0001 52.7620 -0.0001 -0.0094 -0.0001 1.0000
1688633652.9096 0.2344 0.0044 53.1952 -0.0001 -0.0092 -0.0001 1.0000
1688633652.9763 0.2369 0.0012 53.6302 -0.0001 -0.0093 -0.0001 1.0000
1688633653.0441 0.2249 0.0051 54.0596 -0.0001 -0.0090 -0.0001 1.0000
1688633653.1108 0.2141 -0.0042 54.4901 -0.0002 -0.0082 -0.0001 1.0000
1688633653.1775 0.2121 0.0071 54.9316 -0.0001 -0.0077 -0.0001 1.0000
1688633653.2452 0.2064 0.0023 55.3690 -0.0001 -0.0073 -0.0002 1.0000
1688633653.3131 0.1932 0.0053 55.8012 -0.0001 -0.0065 -0.0001 1.0000
1688633653.3791 0.1927 0.0060 56.2417 -0.0001 -0.0056 -0.0001 1.0000
1688633653.4430 0.1907 0.0088 56.6897 -0.0001 -0.0047 -0.0002 1.0000
1688633653.5119 0.1856 0.0066 57.1374 -0.0001 -0.0040 -0.0001 1.0000
1688633653.5788 0.1727 0.0118 57.5764 -0.0000 -0.0030 -0.0001 1.0000
1688633653.6435 0.1751 0.0056 58.0304 -0.0001 -0.0025 -0.0000 1.0000
1688633653.7112 0.1787 0.0088 58.4840 -0.0001 -0.0017 -0.0001 1.0000
1688633653.7769 0.1833 0.0090 58.9403 -0.0001 -0.0011 -0.0001 1.0000
1688633653.8436 0.1850 0.0012 59.4015 -0.0002 -0.0007 -0.0001 1.0000
1688633653.9084 0.1893 0.0014 59.8667 -0.0001 -0.0000 -0.0002 1.0000
1688633653.9740 0.1915 0.0031 60.3468 -0.0001 0.0008 -0.0002 1.0000
1688633654.0398 0.1816 -0.0046 60.8075 -0.0002 0.0016 -0.0002 1.0000
1688633654.1066 0.1870 -0.0029 61.2693 -0.0002 0.0023 -0.0003 1.0000
1688633654.1733 0.1928 0.0052 61.7318 -0.0001 0.0027 -0.0002 1.0000
1688633654.2393 0.1940 0.0020 62.2079 -0.0002 0.0031 -0.0003 1.0000
1688633654.3071 0.2040 -0.0006 62.6838 -0.0002 0.0034 -0.0002 1.0000
1688633654.3707 0.2110 0.0040 63.1624 -0.0002 0.0036 -0.0003 1.0000
1688633654.4417 0.2014 0.0057 63.6468 -0.0001 0.0041 -0.0003 1.0000
1688633654.5061 0.2087 0.0003 64.1336 -0.0002 0.0046 -0.0003 1.0000
1688633654.5772 0.1950 -0.0056 64.6242 -0.0002 0.0052 -0.0002 1.0000
1688633654.6407 0.2029 -0.0064 65.1069 -0.0002 0.0056 -0.0003 1.0000
1688633654.7095 0.2107 -0.0083 65.6000 -0.0003 0.0062 -0.0003 1.0000
1688633654.7744 0.2182 0.0045 66.0900 -0.0002 0.0067 -0.0003 1.0000
1688633654.8423 0.2240 0.0060 66.5909 -0.0001 0.0072 -0.0002 1.0000
1688633654.9089 0.2390 -0.0120 67.0829 -0.0003 0.0072 -0.0003 1.0000
1688633654.9768 0.2511 0.0009 67.5865 -0.0002 0.0073 -0.0003 1.0000
1688633655.0394 0.2467 -0.0083 68.1004 -0.0003 0.0076 -0.0003 1.0000
1688633655.1093 0.2738 -0.0076 68.6100 -0.0003 0.0074 -0.0003 1.0000
1688633655.1734 0.2710 -0.0048 69.1184 -0.0003 0.0074 -0.0004 1.0000
1688633655.2431 0.2835 -0.0131 69.6399 -0.0003 0.0075 -0.0004 1.0000
1688633655.3065 0.2930 -0.0113 70.1571 -0.0003 0.0076 -0.0004 1.0000
1688633655.3764 0.3009 -0.0125 70.6827 -0.0003 0.0076 -0.0004 1.0000
1688633655.4412 0.3136 -0.0289 71.2318 -0.0005 0.0076 -0.0004 1.0000
1688633655.5079 0.3207 -0.0280 71.7750 -0.0005 0.0076 -0.0005 1.0000
1688633655.5737 0.3260 -0.0111 72.3116 -0.0003 0.0076 -0.0005 1.0000
1688633655.6417 0.3360 -0.0216 72.8624 -0.0004 0.0076 -0.0006 1.0000
1688633655.7073 0.3428 -0.0204 73.4158 -0.0004 0.0075 -0.0005 1.0000
1688633655.7761 0.3549 -0.0190 73.9627 -0.0004 0.0076 -0.0004 1.0000
1688633655.8419 0.3667 -0.0102 74.5188 -0.0003 0.0075 -0.0004 1.0000
1688633655.9108 0.3755 -0.0079 75.0814 -0.0003 0.0075 -0.0004 1.0000
1688633655.9764 0.3784 0.0019 75.6378 -0.0002 0.0074 -0.0003 1.0000
1688633656.0454 0.3867 -0.0121 76.1944 -0.0004 0.0074 -0.0004 1.0000
1688633656.1089 0.3957 -0.0105 76.7556 -0.0004 0.0075 -0.0004 1.0000
1688633656.1767 0.4122 -0.0167 77.3189 -0.0004 0.0074 -0.0004 1.0000
1688633656.2392 0.4340 -0.0154 77.8913 -0.0004 0.0073 -0.0005 1.0000
1688633656.3091 0.4433 -0.0213 78.4639 -0.0005 0.0073 -0.0004 1.0000
1688633656.3726 0.4458 -0.0122 79.0385 -0.0004 0.0072 -0.0004 1.0000
1688633656.4435 0.4619 -0.0032 79.6110 -0.0003 0.0071 -0.0004 1.0000
1688633656.5060 0.4639 -0.0103 80.1878 -0.0004 0.0070 -0.0002 1.0000
1688633656.5749 0.4805 -0.0156 80.7715 -0.0004 0.0068 -0.0003 1.0000
1688633656.6407 0.4830 -0.0155 81.3458 -0.0004 0.0068 -0.0004 1.0000
1688633656.7085 0.4927 -0.0211 81.9331 -0.0005 0.0068 -0.0004 1.0000
1688633656.7721 0.4962 -0.0204 82.5180 -0.0005 0.0067 -0.0005 1.0000
1688633656.8432 0.5081 -0.0119 83.1108 -0.0005 0.0066 -0.0005 1.0000
1688633656.9055 0.5130 -0.0182 83.7123 -0.0005 0.0066 -0.0005 1.0000
1688633656.9753 0.5218 -0.0194 84.3156 -0.0005 0.0065 -0.0005 1.0000
1688633657.0388 0.5226 -0.0169 84.9084 -0.0005 0.0064 -0.0005 1.0000
1688633657.1108 0.5354 -0.0084 85.5063 -0.0004 0.0064 -0.0004 1.0000
1688633657.1689 0.5382 -0.0166 86.1078 -0.0005 0.0063 -0.0004 1.0000
1688633657.2411 0.5496 -0.0194 86.7113 -0.0006 0.0063 -0.0005 1.0000
1688633657.3066 0.5644 -0.0213 87.3067 -0.0006 0.0063 -0.0005 1.0000
1688633657.3765 0.5569 -0.0225 87.9150 -0.0006 0.0065 -0.0005 1.0000
1688633657.4401 0.5525 -0.0284 88.5196 -0.0007 0.0068 -0.0004 1.0000
1688633657.5121 0.5778 -0.0162 89.1204 -0.0005 0.0068 -0.0004 1.0000
1688633657.5748 0.6090 0.0016 89.7199 -0.0003 0.0068 -0.0003 1.0000
1688633657.6468 0.6155 -0.0118 90.3245 -0.0005 0.0073 -0.0003 1.0000
1688633657.7084 0.6188 -0.0133 90.9334 -0.0005 0.0084 -0.0004 1.0000
1688633657.7784 0.6195 -0.0077 91.5398 -0.0004 0.0092 -0.0003 1.0000
1688633657.8399 0.6359 -0.0181 92.1370 -0.0005 0.0101 -0.0004 0.9999
1688633657.9107 0.6484 -0.0070 92.7349 -0.0004 0.0111 -0.0003 0.9999
1688633657.9722 0.6601 -0.0047 93.3420 -0.0004 0.0124 -0.0003 0.9999
1688633658.0432 0.6725 -0.0011 93.9602 -0.0003 0.0137 -0.0002 0.9999
1688633658.1068 0.6939 0.0029 94.5661 -0.0003 0.0150 -0.0002 0.9999
1688633658.1745 0.7130 0.0120 95.1876 -0.0002 0.0165 -0.0001 0.9999
1688633658.2392 0.7328 0.0054 95.7956 -0.0003 0.0180 -0.0001 0.9998
1688633658.3101 0.7650 0.0079 96.4027 -0.0003 0.0194 -0.0000 0.9998
1688633658.3729 0.7829 0.0050 97.0003 -0.0003 0.0213 -0.0001 0.9998
1688633658.4439 0.8179 -0.0064 97.6135 -0.0005 0.0227 -0.0004 0.9997
1688633658.5032 0.8535 -0.0011 98.2219 -0.0004 0.0246 -0.0002 0.9997
1688633658.5764 0.8691 0.0049 98.8518 -0.0004 0.0265 -0.0003 0.9996
1688633658.6368 0.9016 0.0029 99.4586 -0.0004 0.0287 -0.0001 0.9996
1688633658.7089 0.9335 -0.0034 100.0904 -0.0005 0.0309 -0.0003 0.9995
1688633658.7715 0.9687 0.0009 100.7071 -0.0004 0.0333 -0.0003 0.9994
1688633658.8415 1.0004 0.0047 101.3342 -0.0004 0.0356 -0.0004 0.9994
1688633658.9050 1.0579 0.0055 101.9603 -0.0004 0.0380 -0.0004 0.9993
1688633658.9770 1.1121 0.0004 102.5808 -0.0004 0.0406 -0.0002 0.9992
1688633659.0396 1.1555 0.0023 103.2046 -0.0004 0.0444 -0.0004 0.9990
1688633659.1096 1.2165 0.0019 103.8276 -0.0004 0.0474 -0.0004 0.9989
1688633659.1741 1.2791 0.0130 104.4639 -0.0003 0.0512 -0.0002 0.9987
1688633659.2435 1.3380 0.0213 105.0892 -0.0001 0.0547 0.0002 0.9985
1688633659.3092 1.4148 0.0077 105.7237 -0.0004 0.0589 -0.0000 0.9983
1688633659.3769 1.4912 -0.0036 106.3462 -0.0005 0.0633 -0.0004 0.9980
1688633659.4393 1.5754 -0.0023 106.9828 -0.0005 0.0678 -0.0002 0.9977
1688633659.5124 1.6735 -0.0057 107.6127 -0.0006 0.0718 -0.0004 0.9974
1688633659.5716 1.7591 -0.0003 108.2319 -0.0006 0.0768 -0.0005 0.9970
1688633659.6426 1.8474 0.0032 108.8625 -0.0005 0.0815 -0.0004 0.9967
1688633659.7031 1.9560 0.0003 109.4955 -0.0006 0.0867 -0.0006 0.9962
1688633659.7772 2.0969 0.0155 110.1260 -0.0004 0.0909 -0.0004 0.9959
1688633659.8375 2.2026 -0.0080 110.7618 -0.0008 0.0973 -0.0009 0.9953
1688633659.9086 2.3108 -0.0065 111.3815 -0.0008 0.1021 -0.0008 0.9948
1688633659.9701 2.4324 -0.0013 112.0218 -0.0007 0.1074 -0.0007 0.9942
1688633660.0433 2.5728 -0.0010 112.6571 -0.0006 0.1117 -0.0005 0.9937
1688633660.1025 2.7244 -0.0123 113.2794 -0.0009 0.1165 -0.0009 0.9932
1688633660.1736 2.8618 0.0010 113.9011 -0.0007 0.1208 -0.0007 0.9927
1688633660.2382 3.0187 0.0060 114.5300 -0.0005 0.1254 -0.0004 0.9921
1688633660.3075 3.1846 0.0088 115.1590 -0.0005 0.1300 -0.0003 0.9915
1688633660.3712 3.3709 0.0127 115.7781 -0.0005 0.1339 -0.0003 0.9910
1688633660.4411 3.5341 0.0095 116.3955 -0.0005 0.1373 -0.0002 0.9905
1688633660.5035 3.7042 0.0031 117.0347 -0.0006 0.1411 -0.0004 0.9900
1688633660.5744 3.8919 0.0037 117.6579 -0.0006 0.1437 -0.0005 0.9896
1688633660.6367 4.0740 -0.0022 118.2945 -0.0007 0.1469 -0.0005 0.9892
1688633660.7076 4.2688 -0.0114 118.9101 -0.0009 0.1487 -0.0006 0.9889
1688633660.7712 4.4494 0.0005 119.5365 -0.0007 0.1505 -0.0004 0.9886
1688633660.8402 4.6487 0.0065 120.1553 -0.0006 0.1514 -0.0004 0.9885
1688633660.9038 4.8527 0.0067 120.7869 -0.0006 0.1526 -0.0003 0.9883
1688633660.9738 5.0472 0.0017 121.4074 -0.0007 0.1536 -0.0004 0.9881
1688633661.0374 5.2572 0.0151 122.0387 -0.0005 0.1544 -0.0003 0.9880
1688633661.1072 5.4512 0.0150 122.6633 -0.0005 0.1553 -0.0003 0.9879
1688633661.1676 5.6528 0.0144 123.2905 -0.0006 0.1562 -0.0002 0.9877
1688633661.2406 5.8430 0.0089 123.9155 -0.0007 0.1570 -0.0003 0.9876
1688633661.3031 6.0801 0.0046 124.5363 -0.0008 0.1573 -0.0003 0.9876
1688633661.3730 6.2823 0.0038 125.1587 -0.0008 0.1577 -0.0002 0.9875
1688633661.4356 6.5019 -0.0022 125.7973 -0.0009 0.1577 -0.0004 0.9875
1688633661.5066 6.7029 0.0119 126.4210 -0.0007 0.1577 -0.0001 0.9875
1688633661.5702 6.9085 -0.0012 127.0644 -0.0009 0.1579 -0.0003 0.9875
1688633661.6393 7.1144 0.0011 127.6838 -0.0009 0.1577 -0.0002 0.9875
1688633661.7050 7.3162 0.0035 128.3319 -0.0009 0.1577 -0.0002 0.9875
1688633661.7750 7.5147 0.0077 128.9332 -0.0008 0.1569 -0.0002 0.9876
1688633661.8365 7.7257 0.0073 129.5570 -0.0008 0.1564 -0.0002 0.9877
1688633661.9074 7.9237 0.0037 130.1802 -0.0009 0.1563 -0.0002 0.9877
1688633661.9680 8.1297 0.0006 130.8078 -0.0010 0.1562 -0.0003 0.9877
1688633662.0400 8.3361 0.0108 131.4031 -0.0008 0.1563 -0.0001 0.9877
1688633662.1014 8.5419 0.0007 132.0291 -0.0010 0.1558 -0.0002 0.9878
1688633662.1757 8.7364 0.0106 132.6587 -0.0009 0.1553 -0.0002 0.9879
1688633662.2361 8.9362 0.0101 133.2790 -0.0010 0.1543 -0.0001 0.9880
1688633662.3092 9.1369 -0.0010 133.8896 -0.0011 0.1535 -0.0001 0.9881
1688633662.3696 9.3483 0.0108 134.4902 -0.0009 0.1526 -0.0002 0.9883
1688633662.4405 9.5513 0.0143 135.1015 -0.0009 0.1523 -0.0001 0.9883
1688633662.5041 9.7447 0.0108 135.7035 -0.0010 0.1521 -0.0001 0.9884
1688633662.5749 9.9219 0.0162 136.3163 -0.0008 0.1516 -0.0001 0.9884
1688633662.6364 10.1176 0.0097 136.9297 -0.0010 0.1510 -0.0001 0.9885
1688633662.7096 10.3239 0.0086 137.5291 -0.0011 0.1503 -0.0002 0.9886
1688633662.7688 10.4995 0.0064 138.1455 -0.0011 0.1504 -0.0002 0.9886
1688633662.8450 10.6746 0.0194 138.7298 -0.0009 0.1504 -0.0002 0.9886
1688633662.9044 10.8726 0.0133 139.3083 -0.0011 0.1499 -0.0002 0.9887
1688633662.9796 11.0598 0.0136 139.8839 -0.0010 0.1496 -0.0002 0.9887
1688633663.0408 11.2343 -0.0007 140.4636 -0.0013 0.1497 -0.0003 0.9887
1688633663.1149 11.4309 0.0139 141.0314 -0.0011 0.1494 -0.0003 0.9888
1688633663.1733 11.6060 0.0077 141.6000 -0.0012 0.1497 -0.0002 0.9887
1688633663.2452 11.7817 0.0117 142.1655 -0.0012 0.1503 -0.0002 0.9886
1688633663.3056 11.9627 0.0043 142.7288 -0.0013 0.1509 -0.0003 0.9886
1688633663.3756 12.1473 0.0062 143.2945 -0.0013 0.1514 -0.0002 0.9885
1688633663.4369 12.3268 0.0174 143.8292 -0.0011 0.1522 -0.0002 0.9883
1688633663.5081 12.5135 0.0221 144.3723 -0.0011 0.1530 -0.0002 0.9882
1688633663.5696 12.6949 0.0190 144.9050 -0.0011 0.1541 -0.0002 0.9881
1688633663.6395 12.8661 0.0295 145.4674 -0.0009 0.1553 -0.0002 0.9879
1688633663.7020 13.0465 0.0334 146.0012 -0.0009 0.1565 -0.0001 0.9877
1688633663.7729 13.2103 0.0301 146.5345 -0.0010 0.1577 -0.0001 0.9875
1688633663.8354 13.3999 0.0236 147.0516 -0.0011 0.1590 -0.0001 0.9873
1688633663.9073 13.5791 0.0441 147.5959 -0.0008 0.1604 -0.0002 0.9870
1688633663.9686 13.7689 0.0456 148.1110 -0.0008 0.1617 -0.0002 0.9868
1688633664.0373 13.9495 0.0554 148.6401 -0.0006 0.1634 -0.0002 0.9866
1688633664.1020 14.1321 0.0480 149.1506 -0.0007 0.1653 -0.0001 0.9862
1688633664.1731 14.2975 0.0410 149.6251 -0.0008 0.1674 -0.0001 0.9859
1688633664.2350 14.4905 0.0703 150.1022 -0.0002 0.1697 -0.0002 0.9855
1688633664.3059 14.6826 0.0573 150.5707 -0.0005 0.1716 -0.0002 0.9852
1688633664.3674 14.8736 0.0711 151.0299 -0.0002 0.1741 -0.0001 0.9847
1688633664.4385 15.0495 0.0651 151.5029 -0.0004 0.1767 -0.0001 0.9843
1688633664.5001 15.2344 0.0483 151.9715 -0.0008 0.1801 -0.0001 0.9836
1688633664.5711 15.4126 0.0505 152.4282 -0.0007 0.1833 -0.0000 0.9831
1688633664.6324 15.6034 0.0469 152.8886 -0.0008 0.1871 -0.0001 0.9823
1688633664.7054 15.7798 0.0440 153.3605 -0.0009 0.1917 -0.0000 0.9814
1688633664.7678 15.9903 0.0537 153.8222 -0.0008 0.1960 -0.0002 0.9806
1688633664.8386 16.1790 0.0425 154.2853 -0.0010 0.2004 -0.0000 0.9797
1688633664.9011 16.4081 0.0468 154.7200 -0.0009 0.2047 -0.0000 0.9788
1688633664.9728 16.6228 0.0421 155.1590 -0.0010 0.2090 0.0000 0.9779
1688633665.0320 16.8503 0.0398 155.6173 -0.0011 0.2151 0.0000 0.9766
1688633665.1039 17.0692 0.0419 156.0836 -0.0010 0.2199 0.0000 0.9755
1688633665.1644 17.3060 0.0382 156.5244 -0.0011 0.2253 0.0001 0.9743
1688633665.2374 17.5395 0.0485 156.9473 -0.0009 0.2302 0.0001 0.9731
1688633665.2989 17.7624 0.0499 157.3840 -0.0009 0.2367 0.0001 0.9716
1688633665.3699 18.0097 0.0599 157.8084 -0.0007 0.2417 -0.0000 0.9704
1688633665.4303 18.2810 0.0485 158.2148 -0.0010 0.2474 0.0001 0.9689
1688633665.5014 18.5264 0.0520 158.6534 -0.0008 0.2533 0.0002 0.9674
1688633665.5628 18.7623 0.0427 159.0915 -0.0010 0.2618 0.0003 0.9651
1688633665.6349 19.0099 0.0491 159.5283 -0.0010 0.2681 0.0002 0.9634
1688633665.6974 19.2700 0.0518 159.9407 -0.0010 0.2755 0.0001 0.9613
1688633665.7695 19.5487 0.0542 160.3152 -0.0010 0.2813 0.0001 0.9596
1688633665.8301 19.8122 0.0534 160.7141 -0.0010 0.2888 0.0001 0.9574
1688633665.9015 20.0882 0.0714 161.1105 -0.0007 0.2954 -0.0001 0.9554
1688633665.9652 20.3784 0.0691 161.5173 -0.0008 0.3049 -0.0001 0.9524
1688633666.0373 20.6671 0.0429 161.9153 -0.0013 0.3124 0.0001 0.9499
1688633666.0998 20.9863 0.0498 162.3064 -0.0012 0.3211 0.0001 0.9471
1688633666.1699 21.2843 0.0501 162.6678 -0.0013 0.3285 -0.0000 0.9445
1688633666.2314 21.5936 0.0587 163.0477 -0.0013 0.3375 -0.0002 0.9413
1688633666.3024 21.9109 0.0629 163.4171 -0.0011 0.3468 -0.0001 0.9379
1688633666.3659 22.2213 0.0455 163.8007 -0.0014 0.3563 0.0001 0.9344
1688633666.4360 22.5528 0.0411 164.1283 -0.0015 0.3638 0.0002 0.9315
1688633666.4996 22.8794 0.0353 164.4558 -0.0019 0.3731 0.0001 0.9278
1688633666.5686 23.2107 0.0429 164.7833 -0.0016 0.3813 0.0001 0.9244
1688633666.6323 23.5657 0.0225 165.1325 -0.0021 0.3914 0.0002 0.9202
1688633666.7043 23.9224 0.0285 165.4537 -0.0021 0.4017 0.0002 0.9158
1688633666.7672 24.2742 0.0331 165.7778 -0.0020 0.4122 0.0002 0.9111
1688633666.8371 24.6216 0.0396 166.1056 -0.0019 0.4219 0.0001 0.9066
1688633666.8997 25.0132 0.0440 166.4056 -0.0020 0.4323 0.0001 0.9017
1688633666.9697 25.3989 0.0345 166.7172 -0.0021 0.4416 0.0001 0.8972
1688633667.0332 25.7806 0.0250 167.0095 -0.0025 0.4527 0.0000 0.8917
1688633667.1033 26.1919 0.0254 167.2850 -0.0025 0.4635 0.0000 0.8861
1688633667.1689 26.6033 0.0209 167.5718 -0.0027 0.4746 -0.0001 0.8802
1688633667.2394 27.0352 0.0230 167.8439 -0.0028 0.4835 -0.0002 0.8754
1688633667.3041 27.4343 0.0220 168.0893 -0.0029 0.4940 -0.0001 0.8694
1688633667.3730 27.8736 0.0182 168.3472 -0.0030 0.5048 -0.0002 0.8632
1688633667.4354 28.3181 0.0249 168.6100 -0.0030 0.5156 -0.0002 0.8568
1688633667.5053 28.7620 0.0242 168.8419 -0.0030 0.5247 -0.0002 0.8513
1688633667.5698 29.2120 0.0210 169.0519 -0.0031 0.5351 -0.0002 0.8448
1688633667.6386 29.6665 0.0318 169.2625 -0.0030 0.5441 -0.0003 0.8390
1688633667.7063 30.1207 0.0181 169.4387 -0.0033 0.5544 -0.0004 0.8323
1688633667.7720 30.5808 0.0291 169.6430 -0.0031 0.5647 -0.0004 0.8253
1688633667.8395 31.0548 0.0413 169.8218 -0.0029 0.5749 -0.0004 0.8182
1688633667.9073 31.5322 0.0381 169.9943 -0.0030 0.5836 -0.0003 0.8120
1688633667.9749 32.0068 0.0460 170.1371 -0.0029 0.5936 -0.0004 0.8047
1688633668.0396 32.5066 0.0478 170.3101 -0.0029 0.6034 -0.0004 0.7974
1688633668.1095 32.9911 0.0643 170.4311 -0.0026 0.6112 -0.0004 0.7914
1688633668.1753 33.4995 0.0673 170.5634 -0.0025 0.6199 -0.0004 0.7846
1688633668.2421 33.9977 0.0547 170.6821 -0.0028 0.6283 -0.0004 0.7780
1688633668.3079 34.5028 0.0356 170.7703 -0.0033 0.6361 -0.0006 0.7716
1688633668.3769 35.0105 0.0474 170.8612 -0.0030 0.6425 -0.0005 0.7662
1688633668.4427 35.5304 0.0579 170.9551 -0.0028 0.6494 -0.0004 0.7604
1688633668.5103 36.0418 0.0725 171.0302 -0.0024 0.6558 -0.0003 0.7549
1688633668.5770 36.5662 0.0712 171.0897 -0.0025 0.6614 -0.0003 0.7500
1688633668.6438 37.0830 0.0760 171.1683 -0.0025 0.6657 -0.0004 0.7462
1688633668.7084 37.6020 0.0668 171.2230 -0.0026 0.6699 -0.0004 0.7424
1688633668.7761 38.1090 0.0847 171.2867 -0.0024 0.6730 -0.0003 0.7396
1688633668.8408 38.6438 0.0775 171.3259 -0.0027 0.6759 -0.0006 0.7370
1688633668.9087 39.1743 0.0622 171.3622 -0.0028 0.6782 -0.0004 0.7349
1688633668.9745 39.7234 0.0628 171.4056 -0.0029 0.6796 -0.0005 0.7336
1688633669.0423 40.2763 0.0656 171.4487 -0.0028 0.6808 -0.0005 0.7324
1688633669.1091 40.8169 0.0726 171.4806 -0.0027 0.6816 -0.0004 0.7317
1688633669.1757 41.3584 0.0764 171.5287 -0.0028 0.6822 -0.0005 0.7312
1688633669.2415 41.9039 0.0940 171.5673 -0.0026 0.6825 -0.0005 0.7309
1688633669.3103 42.4586 0.0892 171.6007 -0.0027 0.6824 -0.0006 0.7310
1688633669.3745 43.0180 0.0885 171.6341 -0.0027 0.6820 -0.0005 0.7314
1688633669.4432 43.5766 0.0959 171.6826 -0.0026 0.6815 -0.0005 0.7318
1688633669.5099 44.1369 0.1000 171.7157 -0.0026 0.6809 -0.0005 0.7324
1688633669.5755 44.7073 0.0933 171.7595 -0.0027 0.6806 -0.0005 0.7327
1688633669.6443 45.2813 0.0907 171.8043 -0.0028 0.6803 -0.0005 0.7330
1688633669.7089 45.8612 0.0880 171.8486 -0.0028 0.6799 -0.0005 0.7333
1688633669.7778 46.4479 0.0931 171.8871 -0.0028 0.6795 -0.0005 0.7336
1688633669.8444 47.0272 0.1063 171.9406 -0.0026 0.6793 -0.0005 0.7339
1688633669.9113 47.6186 0.0971 171.9815 -0.0028 0.6790 -0.0005 0.7342
1688633669.9780 48.2081 0.0962 172.0249 -0.0028 0.6790 -0.0005 0.7342
1688633670.0430 48.8110 0.0995 172.0672 -0.0028 0.6790 -0.0005 0.7341
1688633670.1076 49.4134 0.0956 172.1145 -0.0029 0.6796 -0.0005 0.7336
1688633670.1767 50.0121 0.0950 172.1559 -0.0029 0.6798 -0.0005 0.7334
1688633670.2435 50.6135 0.0982 172.1958 -0.0029 0.6799 -0.0005 0.7333
1688633670.3101 51.2213 0.1043 172.2445 -0.0028 0.6799 -0.0005 0.7333
1688633670.3790 51.8314 0.1103 172.2899 -0.0028 0.6802 -0.0005 0.7330
1688633670.4437 52.4408 0.1170 172.3328 -0.0027 0.6806 -0.0005 0.7326
1688633670.5144 53.0564 0.1089 172.3776 -0.0029 0.6809 -0.0005 0.7323
1688633670.5778 53.6746 0.1082 172.4182 -0.0029 0.6812 -0.0005 0.7321
1688633670.6425 54.3098 0.1255 172.4632 -0.0027 0.6815 -0.0006 0.7318
1688633670.7113 54.9330 0.1185 172.5073 -0.0029 0.6817 -0.0005 0.7316
1688633670.7771 55.5629 0.1200 172.5601 -0.0028 0.6821 -0.0005 0.7313
1688633670.8420 56.1801 0.1146 172.6063 -0.0029 0.6822 -0.0004 0.7311
1688633670.9104 56.8152 0.1117 172.6491 -0.0030 0.6824 -0.0004 0.7310
1688633670.9761 57.4443 0.1160 172.6876 -0.0030 0.6824 -0.0005 0.7309
1688633671.0440 58.0888 0.1123 172.7375 -0.0030 0.6826 -0.0004 0.7308
1688633671.1091 58.7294 0.1189 172.7756 -0.0030 0.6827 -0.0004 0.7307
1688633671.1768 59.3809 0.1175 172.8248 -0.0030 0.6827 -0.0004 0.7307
1688633671.2425 60.0290 0.1223 172.8695 -0.0030 0.6827 -0.0004 0.7307
1688633671.3082 60.6862 0.1314 172.9157 -0.0029 0.6828 -0.0005 0.7306
1688633671.3764 61.3377 0.1358 172.9647 -0.0029 0.6831 -0.0005 0.7303
1688633671.4437 62.0037 0.1433 172.9937 -0.0029 0.6833 -0.0005 0.7301
1688633671.5097 62.6744 0.1363 173.0516 -0.0030 0.6835 -0.0005 0.7299
1688633671.5769 63.3404 0.1368 173.0902 -0.0030 0.6834 -0.0005 0.7300
1688633671.6437 64.0069 0.1386 173.1361 -0.0030 0.6835 -0.0005 0.7300
1688633671.7104 64.6774 0.1441 173.1777 -0.0030 0.6835 -0.0005 0.7299
1688633671.7770 65.3496 0.1404 173.2152 -0.0030 0.6836 -0.0005 0.7299
1688633671.8447 66.0229 0.1446 173.2706 -0.0031 0.6837 -0.0006 0.7297
1688633671.9094 66.7048 0.1481 173.3081 -0.0030 0.6837 -0.0005 0.7298
1688633671.9771 67.3874 0.1576 173.3541 -0.0030 0.6836 -0.0006 0.7298
1688633672.0428 68.0760 0.1575 173.3988 -0.0030 0.6836 -0.0006 0.7299
1688633672.1095 68.7590 0.1548 173.4422 -0.0030 0.6834 -0.0005 0.7300
1688633672.1771 69.4430 0.1647 173.4991 -0.0029 0.6834 -0.0006 0.7301
1688633672.2410 70.1335 0.1637 173.5313 -0.0030 0.6831 -0.0005 0.7303
1688633672.3097 70.8318 0.1687 173.5692 -0.0029 0.6828 -0.0005 0.7306
1688633672.3741 71.5303 0.1671 173.6272 -0.0030 0.6828 -0.0005 0.7306
1688633672.4422 72.2249 0.1740 173.6736 -0.0030 0.6827 -0.0005 0.7307
1688633672.5090 72.9286 0.1773 173.7218 -0.0030 0.6825 -0.0006 0.7308
1688633672.5757 73.6269 0.1780 173.7738 -0.0030 0.6823 -0.0006 0.7311
1688633672.6415 74.3335 0.1864 173.8196 -0.0029 0.6821 -0.0005 0.7312
1688633672.7072 75.0440 0.1851 173.8742 -0.0029 0.6822 -0.0005 0.7312
1688633672.7737 75.7443 0.1862 173.9219 -0.0030 0.6821 -0.0005 0.7312
1688633672.8403 76.4504 0.1920 173.9644 -0.0029 0.6820 -0.0005 0.7314
1688633672.9068 77.1551 0.1918 174.0087 -0.0030 0.6820 -0.0005 0.7314
1688633672.9747 77.8731 0.1937 174.0665 -0.0029 0.6821 -0.0005 0.7313
1688633673.0405 78.5978 0.1930 174.1062 -0.0030 0.6821 -0.0005 0.7313
1688633673.1106 79.3117 0.2013 174.1623 -0.0030 0.6821 -0.0006 0.7313
1688633673.1763 80.0229 0.2060 174.2055 -0.0030 0.6820 -0.0006 0.7313
1688633673.2443 80.7529 0.2045 174.2585 -0.0030 0.6821 -0.0006 0.7313
1688633673.3071 81.4752 0.2084 174.3074 -0.0030 0.6821 -0.0006 0.7313
1688633673.3780 82.1963 0.2101 174.3557 -0.0030 0.6822 -0.0005 0.7311
1688633673.4437 82.9241 0.2089 174.4085 -0.0030 0.6822 -0.0006 0.7312
1688633673.5116 83.6550 0.2173 174.4476 -0.0029 0.6820 -0.0006 0.7313
1688633673.5778 84.3818 0.2197 174.5052 -0.0030 0.6821 -0.0006 0.7312
1688633673.6447 85.1074 0.2180 174.5586 -0.0030 0.6822 -0.0005 0.7312
1688633673.7094 85.8368 0.2193 174.6041 -0.0030 0.6822 -0.0005 0.7312
1688633673.7772 86.5549 0.2274 174.6591 -0.0029 0.6822 -0.0005 0.7312
1688633673.8431 87.2888 0.2351 174.7127 -0.0029 0.6822 -0.0006 0.7312
1688633673.9121 88.0310 0.2323 174.7691 -0.0029 0.6823 -0.0005 0.7311
1688633673.9736 88.7629 0.2259 174.8177 -0.0031 0.6823 -0.0005 0.7310
1688633674.0424 89.4985 0.2334 174.8616 -0.0030 0.6824 -0.0006 0.7310
1688633674.1058 90.2289 0.2360 174.9090 -0.0030 0.6823 -0.0005 0.7311
1688633674.1756 90.9576 0.2394 174.9638 -0.0030 0.6823 -0.0005 0.7310
1688633674.2392 91.6929 0.2432 175.0069 -0.0030 0.6824 -0.0006 0.7310
1688633674.3071 92.4241 0.2471 175.0715 -0.0029 0.6826 -0.0005 0.7308
1688633674.3737 93.1527 0.2523 175.1114 -0.0029 0.6825 -0.0005 0.7309
1688633674.4414 93.8803 0.2506 175.1634 -0.0029 0.6825 -0.0005 0.7309
1688633674.5070 94.6258 0.2607 175.2130 -0.0029 0.6826 -0.0005 0.7308
1688633674.5770 95.3461 0.2637 175.2665 -0.0029 0.6827 -0.0005 0.7307
1688633674.6396 96.0732 0.2556 175.3154 -0.0030 0.6828 -0.0004 0.7306
1688633674.7095 96.8046 0.2652 175.3578 -0.0029 0.6828 -0.0005 0.7306
1688633674.7735 97.5378 0.2634 175.4056 -0.0030 0.6828 -0.0005 0.7306
1688633674.8418 98.2650 0.2665 175.4654 -0.0029 0.6828 -0.0005 0.7306
1688633674.9063 98.9950 0.2692 175.5163 -0.0029 0.6829 -0.0004 0.7305
1688633674.9752 99.7327 0.2765 175.5652 -0.0029 0.6830 -0.0005 0.7304
1688633675.0419 100.4731 0.2736 175.6142 -0.0030 0.6830 -0.0004 0.7304
1688633675.1076 101.2064 0.2825 175.6676 -0.0029 0.6832 -0.0005 0.7302
1688633675.1734 101.9396 0.2837 175.7113 -0.0029 0.6832 -0.0005 0.7302
1688633675.2434 102.6730 0.2892 175.7562 -0.0029 0.6832 -0.0005 0.7302
1688633675.3057 103.4107 0.2877 175.8040 -0.0029 0.6832 -0.0005 0.7303
1688633675.3714 104.1377 0.2867 175.8408 -0.0030 0.6831 -0.0004 0.7303
1688633675.4392 104.8734 0.2862 175.8877 -0.0030 0.6832 -0.0004 0.7303
1688633675.5060 105.5996 0.2969 175.9422 -0.0029 0.6831 -0.0005 0.7303
1688633675.5716 106.3270 0.2906 175.9984 -0.0030 0.6833 -0.0004 0.7302
1688633675.6382 107.0497 0.3003 176.0429 -0.0029 0.6832 -0.0005 0.7302
1688633675.7018 107.7733 0.3053 176.0814 -0.0029 0.6831 -0.0005 0.7303
1688633675.7697 108.4955 0.2960 176.1389 -0.0030 0.6832 -0.0004 0.7302
1688633675.8343 109.2252 0.3019 176.1795 -0.0030 0.6833 -0.0004 0.7301
1688633675.9020 109.9447 0.3042 176.2305 -0.0030 0.6834 -0.0004 0.7300
1688633675.9696 110.6742 0.3112 176.2872 -0.0030 0.6835 -0.0004 0.7300
1688633676.0363 111.3956 0.3184 176.3217 -0.0029 0.6834 -0.0005 0.7300
1688633676.1021 112.1132 0.3223 176.3638 -0.0028 0.6834 -0.0005 0.7300
1688633676.1700 112.8316 0.3378 176.4041 -0.0027 0.6834 -0.0006 0.7300
1688633676.2356 113.5432 0.3296 176.4541 -0.0028 0.6836 -0.0005 0.7299
1688633676.3032 114.2581 0.3322 176.5119 -0.0029 0.6840 -0.0005 0.7295
1688633676.3687 114.9752 0.3338 176.5685 -0.0029 0.6842 -0.0005 0.7293
1688633676.4362 115.6850 0.3371 176.6179 -0.0028 0.6843 -0.0005 0.7292
1688633676.5030 116.4099 0.3402 176.6515 -0.0029 0.6843 -0.0005 0.7292
1688633676.5675 117.1114 0.3447 176.7047 -0.0028 0.6845 -0.0006 0.7290
1688633676.6353 117.8288 0.3491 176.7394 -0.0028 0.6845 -0.0006 0.7291
1688633676.7031 118.5350 0.3363 176.7849 -0.0029 0.6845 -0.0004 0.7290
1688633676.7687 119.2491 0.3534 176.8254 -0.0028 0.6845 -0.0005 0.7290
1688633676.8375 119.9710 0.3485 176.8628 -0.0029 0.6845 -0.0005 0.7290
1688633676.9042 120.6902 0.3644 176.9187 -0.0028 0.6847 -0.0006 0.7288
1688633676.9734 121.4078 0.3613 176.9685 -0.0028 0.6849 -0.0005 0.7287
1688633677.0369 122.1188 0.3635 177.0139 -0.0028 0.6849 -0.0005 0.7286
1688633677.1067 122.8305 0.3732 177.0641 -0.0027 0.6851 -0.0006 0.7285
1688633677.1693 123.5307 0.3692 177.1035 -0.0028 0.6851 -0.0006 0.7284
1688633677.2380 124.2351 0.3735 177.1477 -0.0028 0.6852 -0.0006 0.7284
1688633677.3027 124.9408 0.3726 177.1920 -0.0029 0.6852 -0.0006 0.7283
1688633677.3725 125.6569 0.3772 177.2288 -0.0028 0.6852 -0.0005 0.7284
1688633677.4371 126.3627 0.3802 177.2778 -0.0028 0.6853 -0.0006 0.7283
1688633677.5049 127.0731 0.3820 177.3254 -0.0028 0.6853 -0.0006 0.7282
1688633677.5688 127.7746 0.3805 177.3634 -0.0029 0.6854 -0.0006 0.7282
1688633677.6388 128.4806 0.3853 177.4131 -0.0029 0.6854 -0.0006 0.7281
1688633677.7034 129.1859 0.3853 177.4419 -0.0029 0.6853 -0.0006 0.7283
1688633677.7743 129.8812 0.4013 177.4894 -0.0027 0.6854 -0.0006 0.7282
1688633677.8365 130.5887 0.4019 177.5414 -0.0027 0.6855 -0.0006 0.7281
1688633677.9042 131.2954 0.4010 177.5967 -0.0027 0.6857 -0.0006 0.7279
1688633677.9687 131.9931 0.4042 177.6342 -0.0027 0.6857 -0.0006 0.7279
1688633678.0407 132.6907 0.3988 177.6834 -0.0029 0.6856 -0.0006 0.7279
1688633678.1021 133.3910 0.4096 177.7156 -0.0027 0.6855 -0.0006 0.7281
1688633678.1721 134.0839 0.4102 177.7677 -0.0027 0.6856 -0.0006 0.7279
1688633678.2369 134.7636 0.4189 177.8116 -0.0026 0.6855 -0.0006 0.7280
1688633678.3068 135.4631 0.4325 177.8618 -0.0024 0.6855 -0.0007 0.7280
1688633678.3693 136.1505 0.4161 177.8885 -0.0028 0.6852 -0.0006 0.7283
1688633678.4382 136.8267 0.4221 177.9473 -0.0028 0.6854 -0.0006 0.7282
1688633678.5027 137.5087 0.4235 178.0010 -0.0027 0.6854 -0.0006 0.7282
1688633678.5716 138.1959 0.4291 178.0501 -0.0027 0.6853 -0.0007 0.7282
1688633678.6329 138.8768 0.4132 178.0784 -0.0030 0.6851 -0.0006 0.7285
1688633678.7037 139.5699 0.4044 178.1116 -0.0032 0.6848 -0.0005 0.7287
1688633678.7670 140.2386 0.4253 178.1530 -0.0030 0.6846 -0.0007 0.7289
1688633678.8379 140.9098 0.4343 178.1995 -0.0029 0.6846 -0.0008 0.7289
1688633678.9015 141.5875 0.4310 178.2455 -0.0030 0.6845 -0.0008 0.7290
1688633678.9734 142.2638 0.4320 178.2868 -0.0030 0.6844 -0.0006 0.7291
1688633679.0391 142.9428 0.4315 178.3292 -0.0030 0.6843 -0.0006 0.7292
1688633679.1057 143.5670 0.4281 178.3734 -0.0030 0.6843 -0.0005 0.7292
1688633679.1683 144.2305 0.4258 178.4150 -0.0032 0.6842 -0.0006 0.7293
1688633679.2394 144.8728 0.4360 178.4566 -0.0031 0.6840 -0.0006 0.7295
1688633679.3019 145.5084 0.4465 178.4988 -0.0030 0.6835 -0.0007 0.7299
1688633679.3707 146.1543 0.4377 178.5488 -0.0031 0.6834 -0.0006 0.7300
1688633679.4354 146.8055 0.4431 178.5869 -0.0032 0.6831 -0.0007 0.7303
1688633679.5053 147.4306 0.4367 178.6337 -0.0032 0.6831 -0.0006 0.7304
1688633679.5680 148.0733 0.4433 178.6840 -0.0033 0.6831 -0.0007 0.7303
1688633679.6380 148.7215 0.4632 178.7116 -0.0029 0.6828 -0.0008 0.7306
1688633679.6995 149.3659 0.4662 178.7596 -0.0029 0.6826 -0.0008 0.7308
1688633679.7715 150.0178 0.4647 178.8028 -0.0030 0.6822 -0.0008 0.7311
1688633679.8329 150.6447 0.4557 178.8487 -0.0031 0.6820 -0.0006 0.7313
1688633679.9041 151.2572 0.4644 178.8913 -0.0031 0.6818 -0.0008 0.7316
1688633679.9665 151.8910 0.4659 178.9455 -0.0032 0.6815 -0.0008 0.7318
1688633680.0385 152.5235 0.4534 178.9907 -0.0033 0.6816 -0.0006 0.7317
1688633680.1009 153.1573 0.4714 179.0179 -0.0031 0.6810 -0.0007 0.7322
1688633680.1696 153.7890 0.4624 179.0703 -0.0032 0.6807 -0.0007 0.7325
1688633680.2346 154.4091 0.4616 179.1046 -0.0032 0.6805 -0.0006 0.7328
1688633680.3033 155.0182 0.4679 179.1518 -0.0031 0.6804 -0.0006 0.7329
1688633680.3680 155.6484 0.4727 179.1908 -0.0031 0.6800 -0.0006 0.7332
1688633680.4379 156.2713 0.4870 179.2499 -0.0030 0.6801 -0.0008 0.7331
1688633680.4992 156.8736 0.4831 179.2945 -0.0030 0.6800 -0.0007 0.7332
1688633680.5702 157.4777 0.4856 179.3495 -0.0029 0.6800 -0.0005 0.7332
1688633680.6339 158.0657 0.4824 179.4036 -0.0030 0.6802 -0.0005 0.7331
1688633680.7047 158.6571 0.4760 179.4349 -0.0032 0.6803 -0.0005 0.7330
1688633680.7670 159.2566 0.4656 179.4679 -0.0033 0.6802 -0.0002 0.7330
1688633680.8359 159.8393 0.4745 179.5079 -0.0033 0.6803 -0.0004 0.7330
1688633680.9005 160.4120 0.4858 179.5453 -0.0032 0.6802 -0.0005 0.7330
1688633680.9694 160.9972 0.4804 179.5941 -0.0033 0.6804 -0.0004 0.7328
1688633681.0339 161.5774 0.4803 179.6486 -0.0033 0.6806 -0.0003 0.7327
1688633681.1017 162.1596 0.4943 179.6965 -0.0031 0.6808 -0.0004 0.7325
1688633681.1662 162.7230 0.4973 179.7289 -0.0032 0.6809 -0.0005 0.7323
1688633681.2370 163.3065 0.4994 179.7725 -0.0031 0.6809 -0.0004 0.7324
1688633681.2987 163.8626 0.4942 179.8204 -0.0032 0.6810 -0.0003 0.7323
1688633681.3677 164.4433 0.5121 179.8649 -0.0030 0.6810 -0.0006 0.7323
1688633681.4317 165.0120 0.4994 179.9020 -0.0032 0.6810 -0.0005 0.7323
1688633681.5026 165.5715 0.4829 179.9470 -0.0035 0.6811 -0.0002 0.7322
1688633681.5650 166.1236 0.4974 179.9860 -0.0033 0.6811 -0.0004 0.7322
1688633681.6359 166.6954 0.5104 180.0124 -0.0032 0.6809 -0.0005 0.7324
1688633681.6984 167.2394 0.5052 180.0554 -0.0033 0.6811 -0.0004 0.7322
1688633681.7692 167.7513 0.4963 180.1006 -0.0035 0.6812 -0.0003 0.7320
1688633681.8327 168.2963 0.5128 180.1325 -0.0033 0.6811 -0.0004 0.7322
1688633681.9002 168.8338 0.5111 180.1763 -0.0033 0.6811 -0.0004 0.7322
1688633681.9637 169.3594 0.5192 180.2186 -0.0032 0.6811 -0.0004 0.7322
1688633682.0345 169.8537 0.5077 180.2671 -0.0034 0.6813 -0.0002 0.7320
1688633682.0982 170.3884 0.5139 180.3086 -0.0034 0.6814 -0.0003 0.7319
1688633682.1681 170.9541 0.5095 180.3430 -0.0035 0.6813 -0.0003 0.7320
1688633682.2316 171.4659 0.5088 180.3785 -0.0034 0.6812 -0.0002 0.7321
1688633682.3037 171.9704 0.5174 180.4230 -0.0033 0.6813 -0.0001 0.7320
1688633682.3653 172.4739 0.5143 180.4568 -0.0035 0.6813 -0.0001 0.7320
1688633682.4373 172.9780 0.5108 180.4906 -0.0036 0.6813 -0.0001 0.7320
1688633682.4988 173.4625 0.5056 180.5382 -0.0037 0.6817 0.0000 0.7317
1688633682.5687 173.9600 0.5132 180.5810 -0.0037 0.6818 -0.0000 0.7316
1688633682.6332 174.4420 0.5019 180.6203 -0.0039 0.6820 -0.0000 0.7314
1688633682.7032 174.9293 0.5190 180.6449 -0.0036 0.6819 0.0001 0.7314
1688633682.7656 175.4020 0.5182 180.6853 -0.0037 0.6820 -0.0000 0.7314
1688633682.8356 175.8792 0.5170 180.7206 -0.0038 0.6820 -0.0000 0.7314
1688633682.8982 176.3450 0.5328 180.7430 -0.0036 0.6820 -0.0002 0.7314
1688633682.9674 176.7983 0.5345 180.7741 -0.0034 0.6820 -0.0001 0.7313
1688633683.0330 177.2789 0.5310 180.8208 -0.0036 0.6822 -0.0002 0.7312
1688633683.1018 177.7757 0.5450 180.8571 -0.0033 0.6822 -0.0000 0.7312
1688633683.1654 178.2564 0.5491 180.8938 -0.0033 0.6824 -0.0001 0.7310
1688633683.2342 178.7280 0.5512 180.9096 -0.0033 0.6821 -0.0000 0.7312
1688633683.2987 179.1860 0.5504 180.9434 -0.0033 0.6821 0.0001 0.7312
1688633683.3674 179.6427 0.5620 180.9755 -0.0032 0.6822 -0.0001 0.7312
1688633683.4331 180.1173 0.5667 180.9969 -0.0031 0.6822 -0.0001 0.7312
1688633683.5009 180.5881 0.5686 181.0284 -0.0031 0.6825 -0.0001 0.7309
1688633683.5652 181.0657 0.5837 181.0455 -0.0028 0.6826 -0.0001 0.7307
1688633683.6341 181.5012 0.5890 181.0782 -0.0028 0.6831 -0.0000 0.7304
1688633683.6977 181.9702 0.5960 181.1110 -0.0026 0.6833 -0.0001 0.7302
1688633683.7648 182.4226 0.5922 181.1411 -0.0027 0.6836 -0.0000 0.7298
1688633683.8284 182.8896 0.6032 181.1689 -0.0026 0.6842 0.0000 0.7293
1688633683.8970 183.3370 0.5939 181.1917 -0.0028 0.6846 -0.0000 0.7289
1688633683.9625 183.7955 0.6001 181.2197 -0.0027 0.6853 -0.0000 0.7282
1688633684.0302 184.2433 0.5897 181.2548 -0.0028 0.6864 0.0001 0.7272
1688633684.0949 184.6868 0.5934 181.2635 -0.0029 0.6872 0.0000 0.7264
1688633684.1648 185.1072 0.5940 181.2898 -0.0029 0.6881 0.0001 0.7256
1688633684.2273 185.5196 0.6001 181.3485 -0.0028 0.6894 0.0001 0.7243
1688633684.2981 185.9472 0.6095 181.3486 -0.0026 0.6902 0.0000 0.7236
1688633684.3605 186.3804 0.6141 181.3556 -0.0025 0.6912 0.0001 0.7227
1688633684.4324 186.7868 0.6014 181.3754 -0.0028 0.6925 0.0002 0.7214
1688633684.4950 187.2086 0.5967 181.3921 -0.0029 0.6938 0.0003 0.7202
1688633684.5649 187.6433 0.6072 181.4026 -0.0027 0.6949 0.0001 0.7191
1688633684.6287 188.0658 0.6086 181.4105 -0.0028 0.6966 -0.0001 0.7175
1688633684.6985 188.4699 0.6188 181.4272 -0.0026 0.6983 -0.0001 0.7158
1688633684.7647 188.8495 0.6173 181.4436 -0.0028 0.7004 -0.0001 0.7137
1688633684.8315 189.2920 0.6261 181.4474 -0.0026 0.7026 -0.0002 0.7116
1688633684.8966 189.6749 0.6216 181.4525 -0.0028 0.7049 -0.0001 0.7093
1688633684.9654 190.0851 0.6323 181.4646 -0.0025 0.7071 0.0000 0.7071
1688633685.0300 190.4769 0.6199 181.4600 -0.0027 0.7097 0.0001 0.7045
1688633685.0987 190.8662 0.6147 181.4451 -0.0029 0.7125 -0.0000 0.7017
1688633685.1622 191.2417 0.6421 181.4789 -0.0024 0.7154 0.0001 0.6987
1688633685.2330 191.5934 0.6269 181.4760 -0.0026 0.7186 0.0001 0.6954
1688633685.2973 191.9759 0.6323 181.4516 -0.0026 0.7220 -0.0000 0.6919
1688633685.3658 192.3389 0.6215 181.4299 -0.0027 0.7253 0.0000 0.6884
1688633685.4305 192.6876 0.6303 181.4049 -0.0027 0.7293 0.0000 0.6842
1688633685.4994 193.0431 0.6517 181.3938 -0.0024 0.7336 -0.0001 0.6796
1688633685.5634 193.4090 0.6537 181.3752 -0.0024 0.7374 -0.0001 0.6754
1688633685.6325 193.7140 0.6466 181.3393 -0.0025 0.7423 -0.0001 0.6701
1688633685.6972 194.0457 0.6571 181.2929 -0.0024 0.7476 -0.0002 0.6642
1688633685.7672 194.4573 0.6567 181.2466 -0.0024 0.7525 -0.0003 0.6585
1688633685.8301 194.8055 0.6485 181.2233 -0.0024 0.7588 -0.0002 0.6513
1688633685.8989 195.1923 0.6520 181.1574 -0.0024 0.7651 -0.0003 0.6439
1688633685.9615 195.5972 0.6418 181.0744 -0.0026 0.7706 -0.0003 0.6373
1688633686.0323 196.0054 0.6574 181.0021 -0.0025 0.7775 -0.0004 0.6288
1688633686.0949 196.4005 0.6525 180.9384 -0.0024 0.7846 -0.0003 0.6200
1688633686.1658 196.7665 0.6702 180.8563 -0.0023 0.7907 -0.0005 0.6122
1688633686.2284 197.0959 0.6473 180.7759 -0.0025 0.7978 -0.0004 0.6030
1688633686.2981 197.4069 0.6518 180.6836 -0.0025 0.8039 -0.0006 0.5948
1688633686.3639 197.7163 0.6535 180.5987 -0.0025 0.8114 -0.0006 0.5845
1688633686.4318 198.0449 0.6587 180.4942 -0.0025 0.8191 -0.0007 0.5736
1688633686.4965 198.3285 0.6589 180.3859 -0.0025 0.8268 -0.0008 0.5625
1688633686.5654 198.6542 0.6615 180.2791 -0.0025 0.8333 -0.0009 0.5528
1688633686.6289 198.9500 0.6737 180.1220 -0.0023 0.8407 -0.0010 0.5415
1688633686.6979 199.2737 0.6605 179.9906 -0.0025 0.8486 -0.0009 0.5290
1688633686.7638 199.5498 0.6517 179.8378 -0.0025 0.8552 -0.0008 0.5184
1688633686.8305 199.8402 0.6531 179.6958 -0.0024 0.8628 -0.0009 0.5055
1688633686.8973 200.1097 0.6642 179.5858 -0.0024 0.8707 -0.0011 0.4918
1688633686.9651 200.3614 0.6420 179.4476 -0.0025 0.8776 -0.0010 0.4794
1688633687.0315 200.5969 0.6526 179.2970 -0.0024 0.8854 -0.0011 0.4649
1688633687.0977 200.8674 0.6838 179.1513 -0.0022 0.8929 -0.0014 0.4502
1688633687.1629 201.1237 0.6830 178.9607 -0.0021 0.8989 -0.0015 0.4381
1688633687.2318 201.3576 0.6757 178.8004 -0.0022 0.9059 -0.0015 0.4234
1688633687.2985 201.5817 0.6680 178.6249 -0.0022 0.9127 -0.0014 0.4087
1688633687.3673 201.8040 0.6616 178.4529 -0.0023 0.9184 -0.0014 0.3956
1688633687.4322 202.0273 0.6737 178.2420 -0.0021 0.9249 -0.0015 0.3802
1688633687.5009 202.2626 0.6759 177.9918 -0.0021 0.9311 -0.0016 0.3649
1688633687.5655 202.4817 0.6711 177.7859 -0.0021 0.9373 -0.0016 0.3486
1688633687.6364 202.6995 0.6675 177.5812 -0.0021 0.9424 -0.0015 0.3346
1688633687.7010 202.9020 0.6567 177.3228 -0.0022 0.9479 -0.0014 0.3187
1688633687.7699 203.0864 0.6500 177.0710 -0.0022 0.9531 -0.0014 0.3028
1688633687.8345 203.2468 0.6479 176.8410 -0.0022 0.9581 -0.0013 0.2865
1688633687.9053 203.4251 0.6259 176.5716 -0.0023 0.9621 -0.0010 0.2727
1688633687.9710 203.5915 0.6360 176.2827 -0.0022 0.9665 -0.0011 0.2568
1688633688.0400 203.7495 0.6399 176.0135 -0.0021 0.9706 -0.0012 0.2407
1688633688.1034 203.8921 0.6384 175.7294 -0.0021 0.9742 -0.0011 0.2255
1688633688.1732 204.0283 0.6421 175.4074 -0.0020 0.9770 -0.0012 0.2130
1688633688.2368 204.1630 0.6345 175.0798 -0.0020 0.9800 -0.0010 0.1988
1688633688.3066 204.2848 0.6389 174.7278 -0.0019 0.9823 -0.0010 0.1873
1688633688.3731 204.3956 0.6240 174.3655 -0.0019 0.9846 -0.0007 0.1747
1688633688.4439 204.4991 0.6354 173.9813 -0.0018 0.9867 -0.0009 0.1628
1688633688.5064 204.6250 0.6330 173.6076 -0.0017 0.9885 -0.0008 0.1511
1688633688.5742 204.7110 0.6340 173.2221 -0.0017 0.9898 -0.0008 0.1421
1688633688.6377 204.7874 0.6532 172.8126 -0.0015 0.9912 -0.0011 0.1327
1688633688.7088 204.8696 0.6424 172.3778 -0.0017 0.9922 -0.0010 0.1243
1688633688.7713 204.9456 0.6530 171.9658 -0.0014 0.9932 -0.0011 0.1164
1688633688.8422 205.0171 0.6536 171.5489 -0.0014 0.9939 -0.0011 0.1103
1688633688.9078 205.0928 0.6374 171.1254 -0.0015 0.9946 -0.0009 0.1035
1688633688.9777 205.1632 0.6477 170.6714 -0.0014 0.9952 -0.0010 0.0975
1688633689.0435 205.2553 0.6393 170.2474 -0.0013 0.9957 -0.0009 0.0929
1688633689.1112 205.3248 0.6341 169.7776 -0.0013 0.9961 -0.0009 0.0884
1688633689.1749 205.4037 0.6305 169.3228 -0.0013 0.9964 -0.0009 0.0846
1688633689.2415 205.4889 0.6195 168.8615 -0.0015 0.9966 -0.0008 0.0819
1688633689.3059 205.5581 0.6150 168.4046 -0.0015 0.9968 -0.0007 0.0793
1688633689.3747 205.6215 0.6296 167.9289 -0.0016 0.9970 -0.0009 0.0775
1688633689.4382 205.6841 0.6288 167.4532 -0.0016 0.9971 -0.0009 0.0759
1688633689.5050 205.7696 0.6395 166.9691 -0.0015 0.9973 -0.0010 0.0739
1688633689.5677 205.8564 0.6344 166.4959 -0.0015 0.9974 -0.0010 0.0724
1688633689.6386 205.9091 0.6200 166.0015 -0.0016 0.9975 -0.0009 0.0708
1688633689.7032 205.9826 0.6281 165.5079 -0.0017 0.9976 -0.0010 0.0692
1688633689.7719 206.0434 0.6311 164.9874 -0.0014 0.9977 -0.0010 0.0680
1688633689.8362 206.1065 0.6346 164.4856 -0.0015 0.9978 -0.0011 0.0665
1688633689.9040 206.1805 0.6308 163.9900 -0.0014 0.9979 -0.0010 0.0653
1688633689.9728 206.2495 0.6299 163.4804 -0.0014 0.9980 -0.0010 0.0638
1688633690.0385 206.3105 0.6254 162.9645 -0.0014 0.9980 -0.0010 0.0625
1688633690.1053 206.3727 0.6342 162.4586 -0.0014 0.9981 -0.0011 0.0613
1688633690.1719 206.4391 0.6416 161.9221 -0.0014 0.9982 -0.0012 0.0602
1688633690.2409 206.5087 0.6308 161.3922 -0.0014 0.9983 -0.0011 0.0588
1688633690.3084 206.5700 0.6244 160.8476 -0.0013 0.9983 -0.0010 0.0578
1688633690.3751 206.6151 0.6238 160.3003 -0.0014 0.9984 -0.0010 0.0573
1688633690.4430 206.6768 0.6256 159.7649 -0.0013 0.9984 -0.0010 0.0569
1688633690.5075 206.7462 0.6210 159.2262 -0.0014 0.9984 -0.0010 0.0567
1688633690.5764 206.8050 0.6225 158.6816 -0.0013 0.9984 -0.0010 0.0565
1688633690.6411 206.8721 0.6100 158.1366 -0.0013 0.9984 -0.0009 0.0564
1688633690.7089 206.9312 0.6217 157.5758 -0.0013 0.9984 -0.0010 0.0564
1688633690.7734 207.0021 0.6154 157.0207 -0.0013 0.9984 -0.0010 0.0563
1688633690.8390 207.0574 0.6207 156.4552 -0.0013 0.9984 -0.0011 0.0564
1688633690.9046 207.1201 0.6112 155.8865 -0.0012 0.9984 -0.0010 0.0564
1688633690.9725 207.1815 0.6231 155.3210 -0.0013 0.9984 -0.0011 0.0564
1688633691.0392 207.2531 0.6215 154.7591 -0.0013 0.9984 -0.0011 0.0563
1688633691.1050 207.3195 0.6175 154.2074 -0.0013 0.9984 -0.0011 0.0562
1688633691.1749 207.3772 0.6146 153.6512 -0.0013 0.9984 -0.0011 0.0561
1688633691.2405 207.4440 0.6051 153.0853 -0.0013 0.9984 -0.0010 0.0559
1688633691.3082 207.5090 0.6095 152.5213 -0.0013 0.9984 -0.0010 0.0558
1688633691.3728 207.5714 0.6077 151.9447 -0.0013 0.9984 -0.0010 0.0559
1688633691.4404 207.6302 0.6034 151.3765 -0.0012 0.9984 -0.0010 0.0559
1688633691.5060 207.6959 0.6099 150.8045 -0.0012 0.9984 -0.0011 0.0559
1688633691.5695 207.7628 0.6104 150.2312 -0.0012 0.9984 -0.0011 0.0558
1688633691.6384 207.8235 0.6102 149.6619 -0.0012 0.9984 -0.0011 0.0557
1688633691.7040 207.8953 0.6103 149.0732 -0.0012 0.9985 -0.0011 0.0556
1688633691.7709 207.9587 0.6009 148.5129 -0.0012 0.9985 -0.0010 0.0556
1688633691.8366 208.0224 0.5993 147.9283 -0.0012 0.9985 -0.0010 0.0555
1688633691.9034 208.0885 0.6006 147.3545 -0.0012 0.9985 -0.0010 0.0553
1688633691.9757 208.1536 0.6091 146.7758 -0.0013 0.9985 -0.0011 0.0553
1688633692.0382 208.2140 0.6028 146.2009 -0.0012 0.9985 -0.0011 0.0553
1688633692.1082 208.2695 0.6051 145.6223 -0.0012 0.9985 -0.0011 0.0553
1688633692.1738 208.3350 0.5876 145.0378 -0.0012 0.9985 -0.0010 0.0554
1688633692.2427 208.3993 0.5875 144.4479 -0.0012 0.9985 -0.0010 0.0552
1688633692.3041 208.4634 0.5931 143.8601 -0.0012 0.9985 -0.0010 0.0551
1688633692.3740 208.5278 0.6015 143.2757 -0.0012 0.9985 -0.0011 0.0549
1688633692.4398 208.5882 0.5982 142.7061 -0.0012 0.9985 -0.0011 0.0547
1688633692.5071 208.6515 0.5897 142.1077 -0.0012 0.9985 -0.0010 0.0545
1688633692.5708 208.7089 0.5847 141.5214 -0.0011 0.9985 -0.0010 0.0545
1688633692.6412 208.7815 0.5921 140.9270 -0.0012 0.9985 -0.0011 0.0543
1688633692.7068 208.8494 0.5802 140.3375 -0.0011 0.9985 -0.0010 0.0542
1688633692.7736 208.9258 0.5846 139.7509 -0.0011 0.9985 -0.0010 0.0539
1688633692.8394 208.9970 0.5855 139.1633 -0.0011 0.9986 -0.0010 0.0538
1688633692.9071 209.0395 0.5843 138.5755 -0.0011 0.9986 -0.0010 0.0536
1688633692.9738 209.0960 0.5802 137.9777 -0.0011 0.9986 -0.0010 0.0534
1688633693.0405 209.1744 0.5931 137.3886 -0.0012 0.9986 -0.0012 0.0532
1688633693.1072 209.2303 0.5918 136.8059 -0.0012 0.9986 -0.0011 0.0532
1688633693.1730 209.2786 0.5883 136.2130 -0.0012 0.9986 -0.0011 0.0532
1688633693.2387 209.3516 0.5837 135.6272 -0.0012 0.9986 -0.0011 0.0529
1688633693.3055 209.4075 0.5740 135.0402 -0.0011 0.9986 -0.0010 0.0529
1688633693.3713 209.4638 0.5906 134.4505 -0.0013 0.9986 -0.0012 0.0527
1688633693.4379 209.5388 0.5863 133.8563 -0.0012 0.9986 -0.0012 0.0524
1688633693.5039 209.6020 0.5922 133.2634 -0.0013 0.9986 -0.0012 0.0524
1688633693.5713 209.6636 0.5786 132.6593 -0.0012 0.9986 -0.0011 0.0524
1688633693.6384 209.7303 0.5800 132.0650 -0.0012 0.9986 -0.0011 0.0525
1688633693.7039 209.7912 0.5683 131.4748 -0.0011 0.9986 -0.0010 0.0529
1688633693.7706 209.8588 0.5745 130.8838 -0.0010 0.9986 -0.0011 0.0535
1688633693.8375 209.9176 0.5721 130.2964 -0.0011 0.9985 -0.0011 0.0543
1688633693.9033 209.9841 0.5610 129.7030 -0.0010 0.9985 -0.0010 0.0551
1688633693.9701 210.0535 0.5592 129.0959 -0.0010 0.9984 -0.0010 0.0559
1688633694.0384 210.1179 0.5665 128.5070 -0.0011 0.9984 -0.0011 0.0568
1688633694.1050 210.1792 0.5699 127.9108 -0.0012 0.9983 -0.0011 0.0582
1688633694.1707 210.2502 0.5614 127.3163 -0.0011 0.9982 -0.0010 0.0592
1688633694.2385 210.3202 0.5569 126.7261 -0.0011 0.9982 -0.0010 0.0606
1688633694.3053 210.3992 0.5587 126.1286 -0.0011 0.9981 -0.0010 0.0620
1688633694.3731 210.4712 0.5648 125.5306 -0.0012 0.9980 -0.0011 0.0635
1688633694.4378 210.5396 0.5581 124.9283 -0.0011 0.9979 -0.0010 0.0648
1688633694.5066 210.6157 0.5580 124.3325 -0.0012 0.9978 -0.0011 0.0661
1688633694.5722 210.6933 0.5481 123.7428 -0.0010 0.9977 -0.0009 0.0676
1688633694.6380 210.7634 0.5559 123.1464 -0.0011 0.9976 -0.0010 0.0689
1688633694.7047 210.8617 0.5599 122.5519 -0.0012 0.9975 -0.0011 0.0703
1688633694.7718 210.9426 0.5622 121.9613 -0.0013 0.9974 -0.0011 0.0719
1688633694.8398 211.0280 0.5473 121.3784 -0.0011 0.9973 -0.0010 0.0733
1688633694.9088 211.1102 0.5449 120.7914 -0.0011 0.9972 -0.0010 0.0746
1688633694.9745 211.1850 0.5492 120.2132 -0.0012 0.9971 -0.0010 0.0763
1688633695.0423 211.2800 0.5520 119.6148 -0.0013 0.9970 -0.0011 0.0774
1688633695.1089 211.3812 0.5433 119.0171 -0.0011 0.9969 -0.0010 0.0788
1688633695.1747 211.4660 0.5333 118.4179 -0.0010 0.9968 -0.0009 0.0804
1688633695.2406 211.5666 0.5318 117.8381 -0.0010 0.9966 -0.0009 0.0818
1688633695.3094 211.6679 0.5233 117.2581 -0.0010 0.9966 -0.0008 0.0829
1688633695.3732 211.7686 0.5244 116.6844 -0.0010 0.9964 -0.0008 0.0843
1688633695.4420 211.8640 0.5311 116.1034 -0.0011 0.9963 -0.0009 0.0857
1688633695.5077 211.9783 0.5314 115.5219 -0.0011 0.9962 -0.0009 0.0868
1688633695.5747 212.0924 0.5386 114.9357 -0.0012 0.9961 -0.0010 0.0881
1688633695.6394 212.1701 0.5313 114.3464 -0.0011 0.9960 -0.0009 0.0895
1688633695.7087 212.2802 0.5336 113.7716 -0.0011 0.9959 -0.0009 0.0905
1688633695.7723 212.3949 0.5259 113.1949 -0.0010 0.9958 -0.0009 0.0914
1688633695.8402 212.4956 0.5334 112.6266 -0.0011 0.9957 -0.0009 0.0922
1688633695.9060 212.6001 0.5311 112.0686 -0.0011 0.9957 -0.0009 0.0931
1688633695.9783 212.7090 0.5372 111.4955 -0.0012 0.9956 -0.0010 0.0940
1688633696.0430 212.8165 0.5227 110.9404 -0.0011 0.9955 -0.0009 0.0951
1688633696.1119 212.9350 0.5289 110.3651 -0.0012 0.9954 -0.0009 0.0958
1688633696.1757 213.0486 0.5243 109.8129 -0.0011 0.9953 -0.0009 0.0965
1688633696.2414 213.1587 0.5222 109.2584 -0.0011 0.9953 -0.0009 0.0971
1688633696.3078 213.2573 0.5249 108.7132 -0.0011 0.9952 -0.0009 0.0977
1688633696.3744 213.3564 0.5178 108.1694 -0.0011 0.9951 -0.0008 0.0984
1688633696.4412 213.4692 0.5167 107.6209 -0.0011 0.9951 -0.0008 0.0991
1688633696.5069 213.5765 0.5163 107.0682 -0.0011 0.9950 -0.0009 0.0997
1688633696.5736 213.6830 0.5267 106.5305 -0.0011 0.9949 -0.0010 0.1005
1688633696.6402 213.7945 0.5349 105.9909 -0.0012 0.9949 -0.0011 0.1010
1688633696.7048 213.9080 0.5333 105.4540 -0.0013 0.9948 -0.0011 0.1017
1688633696.7747 214.0243 0.5289 104.9211 -0.0012 0.9947 -0.0010 0.1027
1688633696.8414 214.1302 0.5194 104.3910 -0.0011 0.9946 -0.0009 0.1039
1688633696.9069 214.2436 0.5160 103.8623 -0.0010 0.9945 -0.0009 0.1048
1688633696.9735 214.3442 0.5155 103.3774 -0.0011 0.9944 -0.0009 0.1059
1688633697.0414 214.4552 0.5059 102.8878 -0.0010 0.9943 -0.0008 0.1070
1688633697.1069 214.5510 0.5051 102.4120 -0.0010 0.9940 -0.0008 0.1089
1688633697.1736 214.6737 0.5026 101.9063 -0.0010 0.9938 -0.0008 0.1110
1688633697.2381 214.7721 0.4961 101.4244 -0.0010 0.9935 -0.0007 0.1135
1688633697.3073 214.8967 0.5056 100.9360 -0.0010 0.9933 -0.0008 0.1157
1688633697.3710 215.0040 0.5007 100.4587 -0.0010 0.9929 -0.0008 0.1186
1688633697.4419 215.1190 0.5002 99.9808 -0.0010 0.9927 -0.0008 0.1209
1688633697.5034 215.2283 0.5002 99.4981 -0.0011 0.9923 -0.0008 0.1236
1688633697.5723 215.3412 0.4989 99.0327 -0.0010 0.9920 -0.0007 0.1264
1688633697.6383 215.4696 0.4950 98.5472 -0.0010 0.9917 -0.0007 0.1288
1688633697.7041 215.5942 0.4945 98.0739 -0.0010 0.9913 -0.0007 0.1316
1688633697.7717 215.7157 0.4963 97.5954 -0.0011 0.9909 -0.0007 0.1346
1688633697.8384 215.8556 0.4857 97.1396 -0.0010 0.9906 -0.0006 0.1369
1688633697.9062 215.9860 0.4965 96.6696 -0.0011 0.9902 -0.0007 0.1399
1688633697.9731 216.1261 0.4850 96.2106 -0.0009 0.9898 -0.0006 0.1428
1688633698.0389 216.2592 0.4905 95.7529 -0.0010 0.9894 -0.0007 0.1453
1688633698.1086 216.3830 0.4766 95.2819 -0.0009 0.9891 -0.0005 0.1474
1688633698.1712 216.5370 0.4784 94.8300 -0.0010 0.9887 -0.0006 0.1497
1688633698.2422 216.6873 0.4748 94.3701 -0.0010 0.9884 -0.0005 0.1520
1688633698.3048 216.8326 0.4797 93.9155 -0.0009 0.9880 -0.0006 0.1548
1688633698.3759 216.9793 0.4705 93.4533 -0.0009 0.9876 -0.0005 0.1573
1688633698.4373 217.1273 0.4774 92.9975 -0.0009 0.9871 -0.0005 0.1600
1688633698.5091 217.2799 0.4774 92.5433 -0.0009 0.9868 -0.0005 0.1622
1688633698.5716 217.4236 0.4826 92.0905 -0.0009 0.9863 -0.0006 0.1647
1688633698.6435 217.5751 0.4864 91.6267 -0.0010 0.9860 -0.0007 0.1665
1688633698.7051 217.7301 0.4808 91.1688 -0.0011 0.9857 -0.0006 0.1687
1688633698.7783 217.8919 0.4783 90.7149 -0.0010 0.9854 -0.0006 0.1702
1688633698.8387 218.0411 0.4790 90.2647 -0.0010 0.9851 -0.0006 0.1719
1688633698.9108 218.2141 0.4671 89.8229 -0.0011 0.9849 -0.0005 0.1731
1688633698.9734 218.3685 0.4595 89.3799 -0.0011 0.9847 -0.0004 0.1742
1688633699.0466 218.5199 0.4750 88.9437 -0.0011 0.9845 -0.0006 0.1753
1688633699.1090 218.6822 0.4640 88.4973 -0.0011 0.9844 -0.0005 0.1762
1688633699.1791 218.8502 0.4696 88.0529 -0.0010 0.9843 -0.0005 0.1767
1688633699.2416 219.0244 0.4734 87.6131 -0.0009 0.9842 -0.0005 0.1771
1688633699.3136 219.1769 0.4826 87.1612 -0.0010 0.9841 -0.0006 0.1774
1688633699.3741 219.3404 0.4753 86.7138 -0.0011 0.9841 -0.0006 0.1775
1688633699.4453 219.5047 0.4685 86.2698 -0.0010 0.9841 -0.0005 0.1774
1688633699.5084 219.6796 0.4646 85.8252 -0.0011 0.9842 -0.0005 0.1770
1688633699.5773 219.8397 0.4608 85.3814 -0.0011 0.9843 -0.0004 0.1768
1688633699.6420 219.9936 0.4693 84.9426 -0.0010 0.9844 -0.0005 0.1762
1688633699.7111 220.1445 0.4692 84.5028 -0.0011 0.9845 -0.0005 0.1755
1688633699.7749 220.3115 0.4724 84.0586 -0.0011 0.9847 -0.0006 0.1742
1688633699.8471 220.4793 0.4700 83.6062 -0.0011 0.9850 -0.0006 0.1724
1688633699.9064 220.6348 0.4658 83.1620 -0.0011 0.9853 -0.0005 0.1706
1688633699.9774 220.8141 0.4698 82.7014 -0.0011 0.9857 -0.0006 0.1686
1688633700.0398 220.9659 0.4705 82.2455 -0.0011 0.9861 -0.0006 0.1660
1688633700.1088 221.1275 0.4652 81.7900 -0.0011 0.9865 -0.0005 0.1638
1688633700.1723 221.2790 0.4706 81.3252 -0.0011 0.9869 -0.0006 0.1611
1688633700.2442 221.4255 0.4631 80.8649 -0.0011 0.9874 -0.0005 0.1584
1688633700.3055 221.5931 0.4598 80.4054 -0.0011 0.9879 -0.0005 0.1552
1688633700.3766 221.7292 0.4587 79.9338 -0.0011 0.9883 -0.0005 0.1528
1688633700.4401 221.8917 0.4604 79.4778 -0.0011 0.9887 -0.0005 0.1498
1688633700.5122 222.0283 0.4633 79.0209 -0.0011 0.9891 -0.0006 0.1474
1688633700.5743 222.1720 0.4642 78.5522 -0.0011 0.9896 -0.0006 0.1437
1688633700.6475 222.3052 0.4619 78.0804 -0.0011 0.9900 -0.0006 0.1411
1688633700.7079 222.4334 0.4572 77.6159 -0.0011 0.9904 -0.0005 0.1380
1688633700.7798 222.5718 0.4595 77.1443 -0.0011 0.9908 -0.0005 0.1352
1688633700.8402 222.6967 0.4631 76.6657 -0.0011 0.9913 -0.0006 0.1320
1688633700.9112 222.8267 0.4637 76.1920 -0.0012 0.9916 -0.0006 0.1290
1688633700.9746 222.9547 0.4619 75.7088 -0.0011 0.9920 -0.0006 0.1259
1688633701.0457 223.0806 0.4608 75.2244 -0.0011 0.9924 -0.0006 0.1230
1688633701.1070 223.2097 0.4583 74.7384 -0.0011 0.9928 -0.0006 0.1199
1688633701.1779 223.3349 0.4667 74.2489 -0.0011 0.9931 -0.0006 0.1171
1688633701.2404 223.4439 0.4572 73.7558 -0.0011 0.9935 -0.0006 0.1137
1688633701.3144 223.5604 0.4517 73.2772 -0.0011 0.9938 -0.0005 0.1109
1688633701.3726 223.6641 0.4586 72.7786 -0.0011 0.9943 -0.0006 0.1067
1688633701.4445 223.7785 0.4629 72.2775 -0.0011 0.9946 -0.0006 0.1033
1688633701.5059 223.8896 0.4511 71.7817 -0.0011 0.9950 -0.0006 0.0995
1688633701.5801 223.9773 0.4540 71.2737 -0.0011 0.9953 -0.0006 0.0968
1688633701.6405 224.0924 0.4533 70.7740 -0.0011 0.9956 -0.0006 0.0935
1688633701.7104 224.1937 0.4530 70.2688 -0.0011 0.9959 -0.0006 0.0907
1688633701.7730 224.2780 0.4645 69.7522 -0.0010 0.9962 -0.0007 0.0876
1688633701.8450 224.3651 0.4514 69.2373 -0.0010 0.9964 -0.0006 0.0845
1688633701.9044 224.4506 0.4532 68.7246 -0.0011 0.9967 -0.0006 0.0814
1688633701.9796 224.5287 0.4489 68.2166 -0.0010 0.9969 -0.0006 0.0789
1688633702.0411 224.6238 0.4426 67.6977 -0.0010 0.9971 -0.0005 0.0762
1688633702.1142 224.7016 0.4372 67.1567 -0.0011 0.9973 -0.0005 0.0736
1688633702.1735 224.7848 0.4401 66.6215 -0.0010 0.9975 -0.0005 0.0713
1688633702.2489 224.8597 0.4397 66.0917 -0.0010 0.9976 -0.0005 0.0695
1688633702.3073 224.9322 0.4445 65.5504 -0.0010 0.9977 -0.0006 0.0676
1688633702.3804 224.9989 0.4470 65.0023 -0.0011 0.9978 -0.0006 0.0661
1688633702.4398 225.0794 0.4496 64.4604 -0.0010 0.9979 -0.0006 0.0644
1688633702.5132 225.1452 0.4396 63.9225 -0.0010 0.9980 -0.0005 0.0632
1688633702.5726 225.2138 0.4420 63.3664 -0.0010 0.9981 -0.0006 0.0616
1688633702.6446 225.2847 0.4501 62.8180 -0.0010 0.9982 -0.0007 0.0604
1688633702.7072 225.3368 0.4588 62.2692 -0.0010 0.9982 -0.0007 0.0595
1688633702.7772 225.3988 0.4458 61.7144 -0.0010 0.9983 -0.0006 0.0585
1688633702.8397 225.4753 0.4523 61.1608 -0.0010 0.9983 -0.0007 0.0575
1688633702.9118 225.5467 0.4448 60.5957 -0.0010 0.9984 -0.0006 0.0568
1688633702.9731 225.6007 0.4409 60.0243 -0.0010 0.9984 -0.0006 0.0560
1688633703.0440 225.6664 0.4387 59.4588 -0.0010 0.9985 -0.0006 0.0554
1688633703.1087 225.7361 0.4411 58.8984 -0.0010 0.9985 -0.0006 0.0546
1688633703.1786 225.8005 0.4410 58.3315 -0.0010 0.9986 -0.0006 0.0538
1688633703.2421 225.8550 0.4436 57.7662 -0.0010 0.9986 -0.0007 0.0530
1688633703.3143 225.9187 0.4369 57.1845 -0.0010 0.9986 -0.0006 0.0525
1688633703.3759 225.9792 0.4358 56.6162 -0.0010 0.9986 -0.0006 0.0521
1688633703.4513 226.0380 0.4366 56.0338 -0.0010 0.9987 -0.0006 0.0516
1688633703.5106 226.0953 0.4369 55.4550 -0.0010 0.9987 -0.0006 0.0508
1688633703.5832 226.1577 0.4306 54.8704 -0.0010 0.9987 -0.0006 0.0503
1688633703.6437 226.2040 0.4255 54.2862 -0.0011 0.9988 -0.0005 0.0497
1688633703.7158 226.2589 0.4354 53.6967 -0.0010 0.9988 -0.0006 0.0492
1688633703.7774 226.3265 0.4260 53.1104 -0.0011 0.9988 -0.0006 0.0485
1688633703.8505 226.3863 0.4300 52.5153 -0.0010 0.9988 -0.0006 0.0481
1688633703.9087 226.4499 0.4262 51.9288 -0.0010 0.9989 -0.0006 0.0474
1688633703.9820 226.5028 0.4234 51.3428 -0.0011 0.9989 -0.0005 0.0470
1688633704.0416 226.5575 0.4270 50.7497 -0.0010 0.9989 -0.0006 0.0466
1688633704.1190 226.6098 0.4258 50.1545 -0.0010 0.9989 -0.0006 0.0464
1688633704.1762 226.6729 0.4237 49.5568 -0.0010 0.9989 -0.0006 0.0462
1688633704.2514 226.7211 0.4199 48.9474 -0.0011 0.9989 -0.0005 0.0462
1688633704.3108 226.7667 0.4228 48.3424 -0.0010 0.9989 -0.0006 0.0462
1688633704.3818 226.8347 0.4206 47.7372 -0.0010 0.9989 -0.0006 0.0461
1688633704.4445 226.8900 0.4256 47.1310 -0.0010 0.9989 -0.0006 0.0460
1688633704.5155 226.9491 0.4175 46.5307 -0.0010 0.9989 -0.0005 0.0460
1688633704.5771 227.0047 0.4202 45.9264 -0.0010 0.9989 -0.0006 0.0460
1688633704.6471 227.0654 0.4089 45.3112 -0.0011 0.9989 -0.0005 0.0459
1688633704.7096 227.1105 0.4031 44.6999 -0.0010 0.9989 -0.0004 0.0461
1688633704.7829 227.1793 0.4105 44.0910 -0.0010 0.9989 -0.0005 0.0459
1688633704.8454 227.2320 0.4191 43.4755 -0.0011 0.9989 -0.0006 0.0460
1688633704.9154 227.2921 0.4181 42.8547 -0.0010 0.9989 -0.0006 0.0460
1688633704.9767 227.3377 0.4146 42.2335 -0.0010 0.9989 -0.0005 0.0460
1688633705.0487 227.4092 0.4105 41.6151 -0.0011 0.9989 -0.0005 0.0459
1688633705.1122 227.4562 0.4161 40.9980 -0.0011 0.9989 -0.0006 0.0460
1688633705.1811 227.5164 0.4183 40.3737 -0.0011 0.9989 -0.0006 0.0461
1688633705.2460 227.5771 0.4147 39.7509 -0.0011 0.9989 -0.0006 0.0460
1688633705.3164 227.6301 0.4159 39.1200 -0.0011 0.9989 -0.0006 0.0461
1688633705.3799 227.6889 0.4148 38.4998 -0.0011 0.9989 -0.0006 0.0460
1688633705.4488 227.7520 0.4154 37.8638 -0.0011 0.9990 -0.0006 0.0458
1688633705.5145 227.8059 0.4195 37.2335 -0.0011 0.9989 -0.0006 0.0458
1688633705.5823 227.8632 0.4106 36.5993 -0.0010 0.9989 -0.0006 0.0458
1688633705.6457 227.9253 0.4129 35.9726 -0.0011 0.9989 -0.0006 0.0459
1688633705.7168 227.9764 0.4125 35.3359 -0.0011 0.9989 -0.0006 0.0459
1688633705.7793 228.0379 0.4042 34.7182 -0.0011 0.9989 -0.0005 0.0460
1688633705.8482 228.1085 0.4031 34.0906 -0.0010 0.9989 -0.0005 0.0459
1688633705.9127 228.1609 0.4047 33.4759 -0.0011 0.9989 -0.0005 0.0459
1688633705.9774 228.2199 0.3991 32.8585 -0.0010 0.9989 -0.0005 0.0459
1688633706.0432 228.2805 0.4001 32.2422 -0.0010 0.9989 -0.0005 0.0459
1688633706.1104 228.3373 0.3964 31.6214 -0.0010 0.9989 -0.0005 0.0459
1688633706.1761 228.3875 0.4064 31.0183 -0.0011 0.9989 -0.0006 0.0459
1688633706.2462 228.4429 0.4095 30.4080 -0.0010 0.9989 -0.0006 0.0459
1688633706.3108 228.4898 0.4028 29.8143 -0.0010 0.9989 -0.0006 0.0460
1688633706.3817 228.5507 0.3988 29.2192 -0.0010 0.9989 -0.0005 0.0460
1688633706.4443 228.6024 0.3983 28.6242 -0.0010 0.9989 -0.0005 0.0460
1688633706.5145 228.6624 0.4029 28.0366 -0.0010 0.9989 -0.0006 0.0459
1688633706.5771 228.7104 0.4089 27.4452 -0.0010 0.9989 -0.0006 0.0460
1688633706.6461 228.7638 0.4001 26.8563 -0.0011 0.9989 -0.0005 0.0459
1688633706.7077 228.8287 0.4051 26.2810 -0.0010 0.9990 -0.0006 0.0458
1688633706.7799 228.8676 0.4045 25.7048 -0.0010 0.9989 -0.0006 0.0459
1688633706.8395 228.9235 0.4017 25.1314 -0.0010 0.9990 -0.0006 0.0458
1688633706.9117 228.9812 0.4005 24.5642 -0.0010 0.9990 -0.0006 0.0457
1688633706.9741 229.0398 0.4039 23.9976 -0.0010 0.9990 -0.0006 0.0457
1688633707.0474 229.0881 0.4019 23.4146 -0.0010 0.9990 -0.0006 0.0456
1688633707.1081 229.1352 0.3952 22.8488 -0.0010 0.9990 -0.0005 0.0455
1688633707.1801 229.1867 0.4053 22.2777 -0.0010 0.9990 -0.0006 0.0454
1688633707.2407 229.2406 0.4026 21.7283 -0.0009 0.9990 -0.0006 0.0453
1688633707.3118 229.2885 0.4019 21.1770 -0.0010 0.9990 -0.0006 0.0453
1688633707.3735 229.3360 0.4023 20.6233 -0.0010 0.9990 -0.0006 0.0453
1688633707.4476 229.3833 0.4020 20.0647 -0.0009 0.9990 -0.0006 0.0452
1688633707.5080 229.4373 0.4038 19.5105 -0.0010 0.9990 -0.0006 0.0451
1688633707.5791 229.4908 0.3941 18.9546 -0.0010 0.9990 -0.0006 0.0448
1688633707.6406 229.5401 0.3947 18.4069 -0.0009 0.9990 -0.0006 0.0446
1688633707.7127 229.5926 0.3928 17.8547 -0.0009 0.9990 -0.0006 0.0444
1688633707.7741 229.6346 0.3915 17.3058 -0.0010 0.9990 -0.0006 0.0443
1688633707.8461 229.6848 0.3916 16.7612 -0.0010 0.9990 -0.0006 0.0442
1688633707.9077 229.7298 0.3810 16.2169 -0.0010 0.9990 -0.0005 0.0442
1688633707.9830 229.7777 0.3851 15.6747 -0.0010 0.9990 -0.0005 0.0441
1688633708.0422 229.8226 0.3842 15.1260 -0.0010 0.9990 -0.0005 0.0438
1688633708.1135 229.8727 0.3841 14.5585 -0.0010 0.9990 -0.0005 0.0436
1688633708.1738 229.9171 0.3858 14.0479 -0.0010 0.9991 -0.0005 0.0434
1688633708.2423 229.9538 0.3831 13.5380 -0.0010 0.9991 -0.0005 0.0434
1688633708.3059 229.9990 0.3771 13.0318 -0.0010 0.9991 -0.0005 0.0433
1688633708.3747 230.0364 0.3758 12.5338 -0.0010 0.9991 -0.0005 0.0433
1688633708.4372 230.0839 0.3768 12.0329 -0.0010 0.9991 -0.0005 0.0430
1688633708.5084 230.1266 0.3737 11.5434 -0.0010 0.9991 -0.0004 0.0427
1688633708.5718 230.1592 0.3802 11.0381 -0.0009 0.9991 -0.0005 0.0424
1688633708.6440 230.2040 0.3752 10.5595 -0.0010 0.9991 -0.0005 0.0421
1688633708.7033 230.2538 0.3705 10.0703 -0.0011 0.9991 -0.0004 0.0417
1688633708.7786 230.2811 0.3724 9.5845 -0.0010 0.9991 -0.0005 0.0417
1688633708.8391 230.3249 0.3805 9.1112 -0.0009 0.9991 -0.0005 0.0415
1688633708.9133 230.3661 0.3724 8.6353 -0.0010 0.9991 -0.0005 0.0414
1688633708.9714 230.3993 0.3772 8.1540 -0.0010 0.9992 -0.0005 0.0411
1688633709.0435 230.4436 0.3722 7.6846 -0.0010 0.9992 -0.0005 0.0408
1688633709.1049 230.4887 0.3734 7.2006 -0.0010 0.9992 -0.0005 0.0404
1688633709.1762 230.5150 0.3766 6.7211 -0.0010 0.9992 -0.0005 0.0401
1688633709.2376 230.5526 0.3740 6.2389 -0.0010 0.9992 -0.0005 0.0395
1688633709.3086 230.5862 0.3785 5.7568 -0.0009 0.9992 -0.0005 0.0388
1688633709.3711 230.6328 0.3776 5.2726 -0.0009 0.9993 -0.0005 0.0376
1688633709.4413 230.6718 0.3741 4.7885 -0.0009 0.9993 -0.0005 0.0364
1688633709.5033 230.7051 0.3773 4.3070 -0.0010 0.9994 -0.0005 0.0348
1688633709.5755 230.7349 0.3726 3.8353 -0.0010 0.9995 -0.0005 0.0331
1688633709.6383 230.7685 0.3749 3.3589 -0.0010 0.9995 -0.0005 0.0309
1688633709.7090 230.7881 0.3672 2.8972 -0.0009 0.9996 -0.0005 0.0286
1688633709.7696 230.8124 0.3739 2.4411 -0.0009 0.9997 -0.0005 0.0258
1688633709.8428 230.8465 0.3816 1.9764 -0.0009 0.9997 -0.0006 0.0231
1688633709.9034 230.8751 0.3679 1.5198 -0.0010 0.9998 -0.0005 0.0196
1688633709.9743 230.8817 0.3633 1.0716 -0.0009 0.9999 -0.0005 0.0163
1688633710.0378 230.9031 0.3655 0.6012 -0.0010 0.9999 -0.0005 0.0116
1688633710.1077 230.9183 0.3697 0.1369 -0.0009 1.0000 -0.0005 0.0064
1688633710.1702 230.9142 0.3611 -0.3308 -0.0010 1.0000 -0.0005 0.0007
1688633710.2412 230.9104 0.3707 -0.7890 -0.0009 1.0000 -0.0005 -0.0049
1688633710.3026 230.9074 0.3713 -1.2499 -0.0009 0.9999 -0.0006 -0.0118
1688633710.3713 230.9162 0.3654 -1.7026 -0.0009 0.9998 -0.0005 -0.0182
1688633710.4348 230.8943 0.3641 -2.1591 -0.0010 0.9997 -0.0005 -0.0259
1688633710.5068 230.8842 0.3663 -2.6137 -0.0009 0.9995 -0.0005 -0.0331
1688633710.5686 230.8655 0.3680 -3.0812 -0.0008 0.9991 -0.0006 -0.0431
1688633710.6427 230.8231 0.3589 -3.5441 -0.0008 0.9987 -0.0005 -0.0507
1688633710.7018 230.7763 0.3513 -3.9974 -0.0009 0.9982 -0.0004 -0.0597
1688633710.7754 230.7211 0.3514 -4.4411 -0.0009 0.9977 -0.0004 -0.0676
1688633710.8358 230.6667 0.3546 -4.8845 -0.0009 0.9970 -0.0005 -0.0769
1688633710.9038 230.6158 0.3510 -5.3335 -0.0009 0.9962 -0.0005 -0.0868
1688633710.9686 230.5258 0.3557 -5.7826 -0.0008 0.9955 -0.0005 -0.0949
1688633711.0387 230.4383 0.3548 -6.2465 -0.0008 0.9945 -0.0005 -0.1044
1688633711.1022 230.3472 0.3436 -6.6962 -0.0008 0.9935 -0.0004 -0.1140
1688633711.1722 230.2633 0.3411 -7.1478 -0.0008 0.9925 -0.0004 -0.1225
1688633711.2356 230.1568 0.3423 -7.6052 -0.0008 0.9912 -0.0004 -0.1323
1688633711.3032 230.0294 0.3392 -8.0701 -0.0007 0.9899 -0.0004 -0.1418
1688633711.3679 229.9092 0.3321 -8.5220 -0.0008 0.9887 -0.0003 -0.1501
1688633711.4366 229.7746 0.3278 -8.9720 -0.0008 0.9872 -0.0003 -0.1597
1688633711.5012 229.6338 0.3335 -9.4349 -0.0007 0.9855 -0.0004 -0.1695
1688633711.5678 229.4780 0.3239 -9.8854 -0.0008 0.9841 -0.0003 -0.1776
1688633711.6346 229.3119 0.3220 -10.3423 -0.0007 0.9824 -0.0003 -0.1870
1688633711.7003 229.1546 0.3197 -10.7925 -0.0007 0.9805 -0.0003 -0.1965
1688633711.7680 228.9826 0.3157 -11.2148 -0.0007 0.9789 -0.0003 -0.2044
1688633711.8327 228.8071 0.3232 -11.6475 -0.0007 0.9769 -0.0003 -0.2136
1688633711.9016 228.6077 0.3119 -12.0727 -0.0007 0.9753 -0.0002 -0.2211
1688633711.9663 228.4219 0.3104 -12.5044 -0.0007 0.9733 -0.0002 -0.2297
1688633712.0351 228.2348 0.3166 -12.9035 -0.0007 0.9713 -0.0003 -0.2379
1688633712.0996 228.0135 0.3171 -13.3145 -0.0006 0.9693 -0.0003 -0.2459
1688633712.1673 227.8085 0.3154 -13.7189 -0.0007 0.9675 -0.0003 -0.2530
1688633712.2329 227.5787 0.3191 -14.1174 -0.0006 0.9654 -0.0003 -0.2607
1688633712.3007 227.3573 0.3194 -14.5186 -0.0007 0.9635 -0.0003 -0.2676
1688633712.3667 227.1272 0.3261 -14.9233 -0.0006 0.9613 -0.0004 -0.2754
1688633712.4335 226.8740 0.3245 -15.3231 -0.0007 0.9591 -0.0004 -0.2831
1688633712.5000 226.6157 0.3302 -15.7235 -0.0006 0.9570 -0.0004 -0.2900
1688633712.5678 226.3578 0.3233 -16.1150 -0.0006 0.9547 -0.0004 -0.2976
1688633712.6328 226.0939 0.3326 -16.5084 -0.0006 0.9524 -0.0005 -0.3050
1688633712.7004 225.8139 0.3258 -16.9028 -0.0006 0.9504 -0.0004 -0.3110
1688633712.7660 225.5223 0.3287 -17.2951 -0.0005 0.9481 -0.0005 -0.3179
1688633712.8349 225.2252 0.3302 -17.6837 -0.0005 0.9458 -0.0005 -0.3248
1688633712.8994 224.9178 0.3215 -18.0686 -0.0006 0.9434 -0.0004 -0.3316
1688633712.9672 224.6272 0.3256 -18.4397 -0.0005 0.9414 -0.0004 -0.3374
1688633713.0341 224.3289 0.3354 -18.8075 -0.0005 0.9390 -0.0006 -0.3438
1688633713.0997 224.0297 0.3385 -19.1658 -0.0005 0.9366 -0.0006 -0.3503
1688633713.1643 223.6992 0.3325 -19.5284 -0.0005 0.9348 -0.0006 -0.3553
1688633713.2333 223.3763 0.3294 -19.8921 -0.0005 0.9325 -0.0005 -0.3612
1688633713.2968 223.0449 0.3261 -20.2457 -0.0005 0.9306 -0.0005 -0.3660
1688633713.3667 222.6966 0.3292 -20.6110 -0.0005 0.9284 -0.0005 -0.3716
1688633713.4302 222.3626 0.3226 -20.9741 -0.0005 0.9260 -0.0005 -0.3776
1688633713.5002 222.0307 0.3114 -21.3232 -0.0005 0.9239 -0.0004 -0.3826
1688633713.5659 221.6835 0.3104 -21.6765 -0.0005 0.9215 -0.0004 -0.3883
1688633713.6346 221.3401 0.3203 -22.0186 -0.0005 0.9191 -0.0005 -0.3940
1688633713.7006 220.9778 0.3078 -22.3658 -0.0004 0.9166 -0.0003 -0.3999
1688633713.7689 220.5960 0.3047 -22.6960 -0.0005 0.9145 -0.0003 -0.4046
1688633713.8374 220.2195 0.3155 -23.0338 -0.0005 0.9120 -0.0005 -0.4101
1688633713.9031 219.8565 0.3080 -23.3627 -0.0004 0.9095 -0.0004 -0.4158
1688633713.9710 219.4602 0.2949 -23.6980 -0.0004 0.9070 -0.0003 -0.4212
1688633714.0368 219.0733 0.3043 -24.0136 -0.0005 0.9048 -0.0004 -0.4259
1688633714.1004 218.7000 0.3182 -24.3428 -0.0004 0.9020 -0.0005 -0.4316
1688633714.1693 218.3011 0.3260 -24.6557 -0.0005 0.8996 -0.0007 -0.4367
1688633714.2329 217.8847 0.3047 -24.9643 -0.0005 0.8968 -0.0004 -0.4424
1688633714.3005 217.4974 0.3151 -25.2761 -0.0003 0.8943 -0.0006 -0.4475
1688633714.3673 217.0905 0.3071 -25.5840 -0.0004 0.8914 -0.0004 -0.4532
1688633714.4341 216.7018 0.2959 -25.8729 -0.0004 0.8884 -0.0003 -0.4591
1688633714.4988 216.2699 0.3043 -26.1671 -0.0003 0.8853 -0.0004 -0.4650
1688633714.5665 215.8614 0.3054 -26.4611 -0.0004 0.8825 -0.0005 -0.4702
1688633714.6313 215.4307 0.3095 -26.7418 -0.0002 0.8791 -0.0005 -0.4766
1688633714.6991 215.0059 0.2977 -27.0174 -0.0003 0.8761 -0.0004 -0.4821
1688633714.7681 214.5716 0.2906 -27.2863 -0.0003 0.8723 -0.0003 -0.4890
1688633714.8338 214.1516 0.2910 -27.5573 -0.0002 0.8682 -0.0003 -0.4961
1688633714.9058 213.7015 0.3001 -27.8103 -0.0002 0.8641 -0.0004 -0.5034
1688633714.9684 213.2945 0.2887 -28.0831 -0.0003 0.8597 -0.0003 -0.5109
1688633715.0404 212.8121 0.2970 -28.3217 -0.0002 0.8562 -0.0004 -0.5166
1688633715.1028 212.3450 0.2804 -28.5665 -0.0002 0.8519 -0.0002 -0.5237
1688633715.1706 211.8794 0.2873 -28.8085 -0.0002 0.8473 -0.0003 -0.5310
1688633715.2363 211.4131 0.2954 -29.0374 -0.0002 0.8433 -0.0004 -0.5374
1688633715.3028 210.9478 0.2869 -29.2521 -0.0002 0.8387 -0.0003 -0.5446
1688633715.3684 210.4767 0.3046 -29.4651 -0.0002 0.8341 -0.0005 -0.5517
1688633715.4352 209.9896 0.3002 -29.6766 -0.0002 0.8299 -0.0005 -0.5580
1688633715.5029 209.5040 0.2916 -29.8861 -0.0002 0.8247 -0.0004 -0.5656
1688633715.5705 209.0253 0.3026 -30.0716 -0.0002 0.8196 -0.0005 -0.5730
1688633715.6359 208.4930 0.2903 -30.2744 -0.0001 0.8152 -0.0004 -0.5792
1688633715.7047 207.9598 0.2846 -30.4476 -0.0002 0.8103 -0.0003 -0.5860
1688633715.7693 207.4393 0.2812 -30.6186 -0.0001 0.8051 -0.0002 -0.5932
1688633715.8391 206.9141 0.2767 -30.7887 -0.0001 0.8007 -0.0002 -0.5991
1688633715.9037 206.3839 0.2807 -30.9416 -0.0001 0.7956 -0.0002 -0.6058
1688633715.9704 205.8355 0.2766 -31.0926 -0.0001 0.7907 -0.0002 -0.6122
1688633716.0402 205.3005 0.2928 -31.2286 -0.0001 0.7866 -0.0004 -0.6175
1688633716.1037 204.7558 0.2920 -31.3626 -0.0001 0.7821 -0.0004 -0.6232
1688633716.1736 204.2097 0.2909 -31.4896 -0.0001 0.7776 -0.0004 -0.6287
1688633716.2383 203.6504 0.2837 -31.6048 -0.0000 0.7735 -0.0003 -0.6338
1688633716.3062 203.1110 0.2936 -31.7254 0.0000 0.7701 -0.0005 -0.6379
1688633716.3718 202.5561 0.2764 -31.8358 0.0000 0.7664 -0.0003 -0.6424
1688633716.4385 201.9875 0.2760 -31.9225 -0.0000 0.7636 -0.0002 -0.6457
1688633716.5052 201.4208 0.2719 -32.0151 0.0000 0.7606 -0.0002 -0.6493
1688633716.5709 200.8589 0.2752 -32.1084 -0.0000 0.7579 -0.0002 -0.6524
1688633716.6364 200.3022 0.2743 -32.1994 -0.0000 0.7561 -0.0002 -0.6544
1688633716.7041 199.7362 0.2732 -32.2876 0.0000 0.7544 -0.0002 -0.6564
1688633716.7731 199.1535 0.2708 -32.3508 -0.0000 0.7533 -0.0002 -0.6576
1688633716.8396 198.5776 0.2711 -32.4263 -0.0000 0.7524 -0.0002 -0.6587
1688633716.9051 198.0007 0.2867 -32.5051 -0.0000 0.7520 -0.0004 -0.6592
1688633716.9709 197.4187 0.2758 -32.5704 -0.0000 0.7516 -0.0002 -0.6596
1688633717.0366 196.8357 0.2720 -32.6528 0.0000 0.7513 -0.0002 -0.6600
1688633717.1034 196.2472 0.2703 -32.7410 0.0000 0.7509 -0.0002 -0.6605
1688633717.1711 195.6521 0.2779 -32.8109 0.0000 0.7506 -0.0003 -0.6608
1688633717.2357 195.0698 0.2675 -32.8803 0.0000 0.7504 -0.0002 -0.6610
1688633717.3014 194.4789 0.2651 -32.9474 0.0001 0.7502 -0.0002 -0.6612
1688633717.3681 193.8684 0.2657 -33.0106 0.0001 0.7503 -0.0002 -0.6611
1688633717.4369 193.2733 0.2645 -33.0939 0.0002 0.7503 -0.0002 -0.6611
1688633717.5024 192.6689 0.2557 -33.1768 0.0002 0.7502 -0.0000 -0.6612
1688633717.5690 192.0531 0.2609 -33.2527 0.0001 0.7502 -0.0001 -0.6612
1688633717.6367 191.4361 0.2705 -33.3362 0.0000 0.7501 -0.0002 -0.6613
1688633717.7033 190.8194 0.2631 -33.4089 0.0001 0.7501 -0.0001 -0.6613
1688633717.7690 190.2032 0.2544 -33.4994 0.0001 0.7501 -0.0000 -0.6613
1688633717.8359 189.5888 0.2539 -33.5610 0.0001 0.7502 0.0000 -0.6612
1688633717.9004 188.9647 0.2577 -33.6368 0.0001 0.7503 -0.0000 -0.6611
1688633717.9693 188.3242 0.2548 -33.7133 0.0001 0.7503 0.0000 -0.6610
1688633718.0359 187.6946 0.2624 -33.8003 0.0000 0.7503 -0.0001 -0.6611
1688633718.1037 187.0737 0.2612 -33.8828 0.0000 0.7503 -0.0001 -0.6611
1688633718.1683 186.4371 0.2649 -33.9601 0.0000 0.7503 -0.0001 -0.6611
1688633718.2381 185.8042 0.2641 -34.0358 0.0000 0.7503 -0.0001 -0.6611
1688633718.3039 185.1650 0.2683 -34.1325 0.0000 0.7502 -0.0002 -0.6612
1688633718.3705 184.5409 0.2700 -34.2068 0.0001 0.7502 -0.0002 -0.6612
1688633718.4361 183.9036 0.2582 -34.2861 0.0001 0.7503 -0.0000 -0.6611
1688633718.5037 183.2633 0.2507 -34.3666 0.0002 0.7503 -0.0000 -0.6612
1688633718.5703 182.6242 0.2538 -34.4550 0.0002 0.7502 -0.0000 -0.6612
1688633718.6358 182.0061 0.2497 -34.5221 0.0002 0.7503 -0.0000 -0.6611
1688633718.7025 181.3482 0.2549 -34.6221 0.0002 0.7501 -0.0000 -0.6614
1688633718.7670 180.6813 0.2504 -34.7002 0.0002 0.7501 -0.0000 -0.6613
1688633718.8349 180.0099 0.2516 -34.7749 0.0002 0.7502 -0.0000 -0.6612
1688633718.9005 179.3089 0.2558 -34.8554 0.0001 0.7503 -0.0000 -0.6611
1688633718.9693 178.6326 0.2618 -34.9442 0.0000 0.7503 -0.0001 -0.6611
1688633719.0349 177.9440 0.2619 -35.0309 0.0001 0.7502 -0.0001 -0.6612
1688633719.1018 177.2572 0.2546 -35.1217 0.0001 0.7502 -0.0000 -0.6612
1688633719.1673 176.5811 0.2611 -35.2038 0.0001 0.7501 -0.0001 -0.6613
1688633719.2360 175.8991 0.2686 -35.2893 -0.0000 0.7500 -0.0001 -0.6614
1688633719.3026 175.2472 0.2631 -35.3710 0.0000 0.7500 -0.0001 -0.6614
1688633719.3675 174.5700 0.2689 -35.4538 -0.0002 0.7500 0.0000 -0.6614
1688633719.4357 173.9034 0.2483 -35.5425 0.0000 0.7499 0.0001 -0.6615
1688633719.5015 173.2405 0.2567 -35.6374 -0.0001 0.7498 0.0001 -0.6616
1688633719.5682 172.5618 0.2605 -35.7107 -0.0001 0.7499 0.0001 -0.6616
1688633719.6349 171.8938 0.2692 -35.7936 -0.0002 0.7499 -0.0000 -0.6616
1688633719.7017 171.2139 0.2779 -35.8945 -0.0002 0.7497 -0.0001 -0.6618
1688633719.7686 170.5336 0.2601 -35.9707 -0.0000 0.7497 -0.0000 -0.6618
1688633719.8373 169.8658 0.2779 -36.0572 -0.0002 0.7497 -0.0001 -0.6618
1688633719.9020 169.2326 0.2728 -36.1362 -0.0002 0.7497 -0.0000 -0.6618
1688633719.9708 168.6005 0.2726 -36.2312 -0.0002 0.7495 -0.0001 -0.6620
1688633720.0365 167.9553 0.2787 -36.3070 -0.0002 0.7496 -0.0001 -0.6619
1688633720.1001 167.3052 0.2850 -36.3835 -0.0003 0.7496 -0.0001 -0.6619
1688633720.1679 166.6762 0.2769 -36.4896 -0.0002 0.7493 -0.0001 -0.6622
1688633720.2315 166.0517 0.2803 -36.5513 -0.0003 0.7494 -0.0001 -0.6622
1688633720.3018 165.4350 0.2863 -36.6349 -0.0003 0.7493 -0.0001 -0.6622
1688633720.3664 164.8092 0.2739 -36.7136 -0.0001 0.7493 -0.0001 -0.6622
1688633720.4342 164.1902 0.2853 -36.7940 -0.0004 0.7492 -0.0000 -0.6623
1688633720.5009 163.5771 0.2796 -36.8544 -0.0003 0.7494 0.0000 -0.6622
1688633720.5698 162.9468 0.2703 -36.9481 -0.0002 0.7492 0.0000 -0.6624
1688633720.6333 162.3355 0.2731 -37.0086 -0.0003 0.7492 0.0000 -0.6623
1688633720.7021 161.7446 0.2826 -37.0889 -0.0003 0.7491 -0.0000 -0.6624
1688633720.7679 161.1406 0.2917 -37.1551 -0.0004 0.7492 -0.0001 -0.6623
1688633720.8366 160.5305 0.2819 -37.2453 -0.0003 0.7491 -0.0000 -0.6625
1688633720.9025 159.9355 0.2999 -37.3214 -0.0006 0.7490 -0.0002 -0.6625
1688633720.9691 159.3435 0.2707 -37.3636 -0.0002 0.7493 0.0000 -0.6623
1688633721.0359 158.7794 0.2752 -37.4364 -0.0003 0.7493 0.0001 -0.6623
1688633721.1037 158.1764 0.2619 -37.5046 -0.0002 0.7492 0.0001 -0.6623
1688633721.1682 157.6161 0.2604 -37.5678 -0.0002 0.7492 0.0002 -0.6623
1688633721.2359 157.0572 0.2652 -37.6222 -0.0003 0.7493 0.0002 -0.6622
1688633721.3016 156.4838 0.2749 -37.7133 -0.0002 0.7491 -0.0001 -0.6625
1688633721.3697 155.8923 0.2748 -37.7978 -0.0003 0.7489 0.0000 -0.6626
1688633721.4325 155.3379 0.2715 -37.8413 -0.0002 0.7489 -0.0000 -0.6627
1688633721.5003 154.7650 0.2676 -37.9253 -0.0002 0.7485 -0.0000 -0.6632
1688633721.5670 154.2174 0.2587 -37.9753 -0.0002 0.7481 0.0002 -0.6636
1688633721.6336 153.6601 0.2493 -38.0458 -0.0002 0.7475 0.0002 -0.6642
1688633721.6993 153.1035 0.2575 -38.1128 -0.0001 0.7467 0.0001 -0.6652
1688633721.7661 152.5524 0.2694 -38.1681 -0.0004 0.7458 0.0001 -0.6661
1688633721.8318 152.0134 0.2821 -38.1936 -0.0003 0.7452 -0.0001 -0.6668
1688633721.8987 151.4742 0.2685 -38.2606 -0.0001 0.7438 -0.0001 -0.6684
1688633721.9636 150.9558 0.2733 -38.3095 -0.0003 0.7423 -0.0000 -0.6700
1688633722.0326 150.4377 0.2603 -38.3579 -0.0002 0.7409 0.0001 -0.6716
1688633722.0994 149.8961 0.2446 -38.4171 0.0001 0.7391 0.0001 -0.6736
1688633722.1671 149.3353 0.2576 -38.4615 -0.0002 0.7371 0.0001 -0.6758
1688633722.2327 148.7911 0.2539 -38.5127 -0.0001 0.7353 0.0001 -0.6777
1688633722.3026 148.2828 0.2637 -38.5781 -0.0002 0.7328 -0.0000 -0.6805
1688633722.3643 147.7673 0.2701 -38.6256 -0.0003 0.7300 -0.0001 -0.6834
1688633722.4341 147.2395 0.2670 -38.6365 -0.0003 0.7277 -0.0000 -0.6859
1688633722.4999 146.7208 0.2610 -38.6741 -0.0001 0.7245 -0.0000 -0.6893
1688633722.5684 146.2209 0.2719 -38.7050 -0.0003 0.7211 -0.0001 -0.6929
1688633722.6331 145.7150 0.2541 -38.7294 -0.0001 0.7180 0.0001 -0.6961
1688633722.7020 145.2061 0.2542 -38.7431 0.0000 0.7139 0.0001 -0.7002
1688633722.7656 144.7038 0.2464 -38.7443 0.0001 0.7097 0.0001 -0.7045
1688633722.8323 144.2063 0.2439 -38.7321 -0.0001 -0.7059 -0.0001 0.7084
1688633722.8990 143.6993 0.2438 -38.7305 -0.0002 -0.7006 -0.0001 0.7135
1688633722.9647 143.1850 0.2501 -38.7273 -0.0001 -0.6950 -0.0001 0.7190
1688633723.0326 142.6769 0.2567 -38.7096 0.0000 -0.6899 -0.0000 0.7239
1688633723.1004 142.1821 0.2441 -38.6896 -0.0000 -0.6838 -0.0002 0.7297
1688633723.1671 141.7055 0.2435 -38.6468 -0.0002 -0.6777 -0.0001 0.7353
1688633723.2348 141.1905 0.2338 -38.5997 -0.0002 -0.6722 -0.0001 0.7403
1688633723.2995 140.7382 0.2283 -38.5421 -0.0003 -0.6657 -0.0002 0.7462
1688633723.3684 140.2617 0.2587 -38.5098 -0.0001 -0.6587 0.0001 0.7524
1688633723.4341 139.7973 0.2288 -38.4443 -0.0002 -0.6514 -0.0002 0.7588
1688633723.5031 139.3126 0.2487 -38.3811 -0.0001 -0.6448 0.0000 0.7643
1688633723.5698 138.8365 0.2455 -38.2959 -0.0002 -0.6372 -0.0000 0.7707
1688633723.6371 138.3435 0.2465 -38.2006 -0.0002 -0.6296 0.0000 0.7769
1688633723.7037 137.8722 0.2485 -38.0917 -0.0002 -0.6232 0.0000 0.7821
1688633723.7715 137.3879 0.2362 -37.9786 -0.0003 -0.6152 -0.0001 0.7884
1688633723.8361 136.9081 0.2456 -37.8736 -0.0002 -0.6072 -0.0000 0.7946
1688633723.9027 136.4509 0.2549 -37.7413 -0.0002 -0.6006 0.0001 0.7995
1688633723.9693 135.9823 0.2366 -37.6006 -0.0003 -0.5929 -0.0001 0.8053
1688633724.0379 135.5167 0.2505 -37.4357 -0.0002 -0.5853 0.0001 0.8108
1688633724.1002 135.0671 0.2419 -37.2819 -0.0003 -0.5787 -0.0000 0.8156
1688633724.1702 134.6170 0.2261 -37.1292 -0.0004 -0.5714 -0.0002 0.8207
1688633724.2356 134.1632 0.2360 -36.9666 -0.0004 -0.5643 -0.0000 0.8256
1688633724.3032 133.7145 0.2332 -36.7982 -0.0004 -0.5584 -0.0001 0.8296
1688633724.3711 133.2607 0.2334 -36.6195 -0.0004 -0.5524 -0.0002 0.8336
1688633724.4380 132.8143 0.2286 -36.4034 -0.0004 -0.5471 -0.0002 0.8371
1688633724.5038 132.3762 0.2397 -36.2164 -0.0004 -0.5420 -0.0001 0.8404
1688633724.5716 131.9510 0.2351 -36.0238 -0.0004 -0.5382 -0.0002 0.8428
1688633724.6350 131.5109 0.2418 -35.8165 -0.0004 -0.5344 -0.0000 0.8452
1688633724.7029 131.0727 0.2487 -35.5901 -0.0004 -0.5321 0.0001 0.8467
1688633724.7675 130.6449 0.2394 -35.3895 -0.0005 -0.5298 0.0000 0.8481
1688633724.8364 130.2288 0.2273 -35.1887 -0.0006 -0.5281 -0.0001 0.8492
1688633724.8999 129.7938 0.2358 -34.9644 -0.0005 -0.5271 -0.0001 0.8498
1688633724.9688 129.3623 0.2265 -34.7526 -0.0006 -0.5266 -0.0001 0.8501
1688633725.0355 128.9367 0.2216 -34.5360 -0.0006 -0.5266 -0.0004 0.8501
1688633725.1023 128.5090 0.2170 -34.3216 -0.0007 -0.5269 -0.0004 0.8499
1688633725.1672 128.0907 0.2228 -34.0832 -0.0006 -0.5285 -0.0003 0.8489
1688633725.2369 127.6365 0.2153 -33.8715 -0.0007 -0.5303 -0.0003 0.8478
1688633725.3004 127.1866 0.2241 -33.6530 -0.0006 -0.5324 -0.0003 0.8465
1688633725.3690 126.7515 0.2196 -33.4442 -0.0008 -0.5353 -0.0002 0.8447
1688633725.4356 126.3009 0.2229 -33.2252 -0.0007 -0.5387 -0.0002 0.8425
1688633725.5023 125.8559 0.2366 -33.0147 -0.0006 -0.5421 -0.0001 0.8403
1688633725.5689 125.3897 0.2292 -32.8218 -0.0007 -0.5460 -0.0001 0.8378
1688633725.6356 124.9335 0.2268 -32.6187 -0.0007 -0.5505 -0.0002 0.8348
1688633725.7011 124.4727 0.2205 -32.4124 -0.0008 -0.5547 -0.0002 0.8320
1688633725.7678 124.0226 0.2086 -32.2226 -0.0008 -0.5599 -0.0005 0.8285
1688633725.8351 123.5774 0.2148 -32.0323 -0.0008 -0.5658 -0.0004 0.8246
1688633725.9008 123.1198 0.2305 -31.8495 -0.0007 -0.5710 -0.0001 0.8209
1688633725.9673 122.6381 0.2272 -31.6832 -0.0008 -0.5773 -0.0001 0.8165
1688633726.0331 122.1604 0.2174 -31.5149 -0.0008 -0.5839 -0.0003 0.8118
1688633726.1009 121.6774 0.2279 -31.3275 -0.0008 -0.5901 -0.0001 0.8073
1688633726.1667 121.1947 0.2283 -31.1679 -0.0009 -0.5973 -0.0000 0.8020
1688633726.2325 120.7054 0.2150 -31.0298 -0.0010 -0.6049 -0.0001 0.7963
1688633726.3002 120.2128 0.2100 -30.8868 -0.0010 -0.6117 -0.0003 0.7911
1688633726.3647 119.7270 0.2111 -30.7548 -0.0010 -0.6200 -0.0002 0.7846
1688633726.4304 119.2410 0.2043 -30.6241 -0.0011 -0.6273 -0.0002 0.7788
1688633726.4971 118.7312 0.1974 -30.5063 -0.0011 -0.6361 -0.0004 0.7716
1688633726.5649 118.2374 0.2103 -30.3995 -0.0010 -0.6452 -0.0003 0.7640
1688633726.6307 117.7402 0.2128 -30.3047 -0.0010 -0.6533 -0.0003 0.7571
1688633726.6973 117.2202 0.2088 -30.2290 -0.0011 -0.6627 -0.0003 0.7489
1688633726.7631 116.7038 0.2072 -30.1380 -0.0011 -0.6724 -0.0003 0.7402
1688633726.8309 116.1843 0.2298 -30.0992 -0.0010 -0.6805 -0.0001 0.7328
1688633726.8977 115.6698 0.2191 -30.0514 -0.0011 -0.6902 -0.0001 0.7236
1688633726.9654 115.1199 0.2194 -30.0339 -0.0011 -0.7028 -0.0002 0.7114
1688633727.0331 114.5899 0.2290 -30.0183 0.0010 0.7133 0.0002 -0.7008
1688633727.0997 114.0890 0.2369 -30.0011 0.0009 0.7224 -0.0000 -0.6915
1688633727.1663 113.5526 0.2311 -30.0211 0.0010 0.7323 0.0002 -0.6810
1688633727.2331 113.0300 0.2074 -30.0612 0.0012 0.7420 0.0004 -0.6704
1688633727.2988 112.4985 0.2234 -30.1077 0.0011 0.7504 0.0002 -0.6610
1688633727.3653 111.9664 0.2215 -30.1721 0.0011 0.7598 0.0003 -0.6501
1688633727.4319 111.4511 0.2104 -30.2487 0.0012 0.7678 0.0004 -0.6407
1688633727.4977 110.9232 0.1978 -30.3316 0.0014 0.7771 0.0006 -0.6294
1688633727.5654 110.4092 0.2186 -30.4315 0.0012 0.7862 0.0004 -0.6180
1688633727.6311 109.8916 0.2290 -30.5548 0.0010 0.7948 0.0003 -0.6069
1688633727.6976 109.3908 0.2154 -30.6801 0.0012 0.8024 0.0006 -0.5968
1688633727.7642 108.8713 0.2135 -30.8284 0.0013 0.8114 0.0005 -0.5845
1688633727.8328 108.3751 0.2105 -30.9817 0.0013 0.8189 0.0005 -0.5739
1688633727.8995 107.8488 0.2177 -31.1962 0.0013 0.8271 0.0005 -0.5620
1688633727.9652 107.3166 0.2146 -31.3904 0.0013 0.8356 0.0005 -0.5494
1688633728.0319 106.8195 0.2246 -31.6060 0.0012 0.8436 0.0005 -0.5370
1688633728.0986 106.2971 0.2349 -31.8501 0.0011 0.8503 0.0003 -0.5263
1688633728.1653 105.8273 0.2276 -32.0822 0.0012 0.8580 0.0004 -0.5137
1688633728.2318 105.3228 0.2220 -32.3528 0.0013 0.8653 0.0005 -0.5013
1688633728.2996 104.8586 0.2219 -32.6351 0.0013 0.8711 0.0004 -0.4911
1688633728.3673 104.4097 0.2188 -32.9007 0.0014 0.8775 0.0005 -0.4795
1688633728.4351 103.9595 0.2435 -33.1831 0.0010 0.8832 0.0003 -0.4690
1688633728.4997 103.5020 0.2386 -33.5106 0.0012 0.8875 0.0003 -0.4608
1688633728.5675 103.0517 0.2265 -33.8310 0.0013 0.8922 0.0004 -0.4517
1688633728.6342 102.6361 0.2204 -34.1387 0.0014 0.8964 0.0005 -0.4433
1688633728.7009 102.2140 0.2433 -34.4491 0.0011 0.8996 0.0004 -0.4368
1688633728.7660 101.8184 0.2426 -34.7859 0.0011 0.9026 0.0003 -0.4305
1688633728.8305 101.4337 0.2386 -35.1186 0.0012 0.9050 0.0004 -0.4254
1688633728.8992 101.0556 0.2428 -35.4776 0.0012 0.9065 0.0003 -0.4221
1688633728.9659 100.6711 0.2389 -35.8288 0.0012 0.9080 0.0003 -0.4190
1688633729.0326 100.2549 0.2401 -36.1719 0.0011 0.9093 0.0004 -0.4161
1688633729.0994 99.8750 0.2485 -36.5189 0.0010 0.9099 0.0004 -0.4148
1688633729.1660 99.4777 0.2496 -36.8507 0.0011 0.9107 0.0003 -0.4130
1688633729.2329 99.0986 0.2529 -37.1771 0.0010 0.9111 0.0003 -0.4123
1688633729.2985 98.7281 0.2496 -37.5059 0.0011 0.9112 0.0003 -0.4121
1688633729.3664 98.3469 0.2477 -37.8393 0.0011 0.9111 0.0003 -0.4122
1688633729.4341 97.9575 0.2534 -38.1871 0.0010 0.9108 0.0003 -0.4129
1688633729.5008 97.5679 0.2555 -38.5228 0.0011 0.9104 0.0003 -0.4138
1688633729.5696 97.1788 0.2567 -38.8488 0.0010 0.9097 0.0003 -0.4152
1688633729.6341 96.8015 0.2568 -39.1860 0.0011 0.9089 0.0003 -0.4171
1688633729.7018 96.4195 0.2648 -39.5141 0.0010 0.9080 0.0002 -0.4190
1688633729.7677 96.0523 0.2517 -39.8412 0.0011 0.9070 0.0004 -0.4211
1688633729.8355 95.6626 0.2539 -40.1695 0.0011 0.9059 0.0004 -0.4236
1688633729.9002 95.2623 0.2611 -40.5029 0.0010 0.9045 0.0003 -0.4264
1688633729.9678 94.8630 0.2627 -40.8386 0.0010 0.9031 0.0003 -0.4293
1688633730.0355 94.4691 0.2635 -41.1541 0.0010 0.9014 0.0003 -0.4330
1688633730.1010 94.0664 0.2663 -41.4712 0.0009 0.8995 0.0003 -0.4370
1688633730.1676 93.6625 0.2698 -41.8097 0.0009 0.8975 0.0003 -0.4410
1688633730.2342 93.2514 0.2693 -42.1219 0.0009 0.8951 0.0003 -0.4459
1688633730.3029 92.8423 0.2685 -42.4318 0.0009 0.8923 0.0003 -0.4515
1688633730.3674 92.4395 0.2616 -42.7314 0.0011 0.8896 0.0004 -0.4567
1688633730.4352 92.0103 0.2642 -43.0383 0.0010 0.8863 0.0004 -0.4631
1688633730.4998 91.5724 0.2674 -43.3396 0.0010 0.8828 0.0004 -0.4697
1688633730.5673 91.1336 0.2704 -43.6406 0.0010 0.8795 0.0003 -0.4759
1688633730.6340 90.6927 0.2715 -43.9290 0.0010 0.8752 0.0004 -0.4837
1688633730.6998 90.2595 0.2664 -44.2019 0.0010 0.8709 0.0005 -0.4914
1688633730.7665 89.8242 0.2654 -44.4686 0.0010 0.8671 0.0005 -0.4981
1688633730.8344 89.3663 0.2647 -44.7307 0.0010 0.8625 0.0005 -0.5060
1688633730.9002 88.9096 0.2608 -44.9967 0.0010 0.8575 0.0006 -0.5144
1688633730.9680 88.4133 0.2680 -45.2513 0.0011 0.8531 0.0005 -0.5217
1688633731.0327 87.9587 0.2703 -45.4784 0.0010 0.8478 0.0005 -0.5304
1688633731.0993 87.4566 0.2744 -45.7286 0.0010 0.8431 0.0005 -0.5378
1688633731.1649 86.9558 0.2621 -45.9518 0.0010 0.8377 0.0007 -0.5462
1688633731.2328 86.4533 0.2632 -46.1853 0.0010 0.8319 0.0007 -0.5549
1688633731.2995 85.9511 0.2596 -46.3972 0.0009 0.8269 0.0008 -0.5624
1688633731.3663 85.4602 0.2735 -46.5937 0.0010 0.8211 0.0006 -0.5707
1688633731.4341 84.9697 0.2688 -46.7742 0.0009 0.8156 0.0007 -0.5787
1688633731.4997 84.4827 0.2729 -46.9601 0.0009 0.8099 0.0007 -0.5865
1688633731.5654 83.9692 0.2781 -47.1271 0.0009 0.8053 0.0006 -0.5928
1688633731.6342 83.4439 0.2613 -47.2702 0.0010 0.8003 0.0009 -0.5997
1688633731.6989 82.9475 0.2584 -47.4313 0.0009 0.7952 0.0010 -0.6064
1688633731.7667 82.4152 0.2762 -47.5633 0.0009 0.7911 0.0008 -0.6117
1688633731.8345 81.8805 0.2761 -47.6993 0.0009 0.7865 0.0008 -0.6176
1688633731.9000 81.3510 0.2790 -47.8252 0.0009 0.7822 0.0008 -0.6230
1688633731.9668 80.7999 0.2826 -47.9539 0.0010 0.7788 0.0007 -0.6272
1688633732.0345 80.2723 0.2799 -48.0653 0.0009 0.7753 0.0008 -0.6316
1688633732.1011 79.7329 0.2644 -48.1711 0.0010 0.7720 0.0010 -0.6356
1688633732.1688 79.2039 0.2834 -48.2685 0.0010 0.7695 0.0008 -0.6386
1688633732.2354 78.6754 0.2642 -48.3642 0.0010 0.7671 0.0011 -0.6415
1688633732.3010 78.1299 0.2746 -48.4558 0.0010 0.7652 0.0009 -0.6438
1688633732.3675 77.5777 0.2684 -48.5519 0.0011 0.7636 0.0010 -0.6457
1688633732.4365 77.0403 0.2722 -48.6340 0.0012 0.7621 0.0010 -0.6474
1688633732.5020 76.4762 0.2765 -48.7184 0.0011 0.7609 0.0010 -0.6489
1688633732.5721 75.9483 0.2737 -48.8162 0.0012 0.7598 0.0010 -0.6502
1688633732.6359 75.4110 0.2788 -48.9056 0.0012 0.7587 0.0009 -0.6514
1688633732.7035 74.8593 0.2819 -48.9957 0.0012 0.7578 0.0010 -0.6525
1688633732.7695 74.2802 0.2698 -49.0752 0.0013 0.7572 0.0011 -0.6532
1688633732.8369 73.7248 0.2770 -49.1595 0.0013 0.7565 0.0010 -0.6539
1688633732.9036 73.1381 0.2852 -49.2316 0.0012 0.7559 0.0010 -0.6546
1688633732.9693 72.5614 0.2906 -49.3070 0.0012 0.7552 0.0009 -0.6555
1688633733.0371 71.9992 0.2830 -49.3897 0.0012 0.7544 0.0010 -0.6564
1688633733.1039 71.4184 0.2734 -49.4763 0.0014 0.7535 0.0011 -0.6574
1688633733.1696 70.8405 0.2777 -49.5417 0.0013 0.7528 0.0011 -0.6583
1688633733.2373 70.2697 0.2671 -49.6239 0.0015 0.7521 0.0012 -0.6591
1688633733.3020 69.6953 0.2740 -49.7091 0.0014 0.7512 0.0011 -0.6600
1688633733.3698 69.1066 0.2851 -49.7738 0.0012 0.7508 0.0011 -0.6606
1688633733.4345 68.5205 0.2858 -49.8477 0.0013 0.7503 0.0011 -0.6611
1688633733.5022 67.9384 0.2781 -49.9133 0.0013 0.7499 0.0012 -0.6616
1688633733.5689 67.3421 0.2912 -49.9854 0.0013 0.7496 0.0011 -0.6619
1688633733.6356 66.7836 0.2854 -50.0516 0.0012 0.7494 0.0012 -0.6621
1688633733.7034 66.1802 0.2921 -50.1360 0.0012 0.7490 0.0012 -0.6625
1688633733.7680 65.5855 0.2884 -50.1989 0.0012 0.7491 0.0012 -0.6625
1688633733.8347 65.0039 0.2839 -50.2805 0.0013 0.7489 0.0013 -0.6627
1688633733.9025 64.4114 0.3126 -50.3361 0.0009 0.7489 0.0010 -0.6626
1688633733.9680 63.8222 0.3232 -50.4103 0.0008 0.7489 0.0010 -0.6627
1688633734.0337 63.2012 0.3278 -50.4879 0.0008 0.7488 0.0010 -0.6628
1688633734.1004 62.6063 0.3312 -50.5638 0.0008 0.7486 0.0010 -0.6630
1688633734.1672 61.9963 0.3360 -50.6278 0.0008 0.7487 0.0009 -0.6630
1688633734.2327 61.3962 0.3096 -50.7070 0.0011 0.7483 0.0011 -0.6633
1688633734.3012 60.8011 0.3221 -50.7952 0.0010 0.7481 0.0010 -0.6635
1688633734.3657 60.1911 0.3231 -50.8672 0.0010 0.7480 0.0010 -0.6637
1688633734.4343 59.5755 0.3255 -50.9585 0.0011 0.7478 0.0010 -0.6640
1688633734.5009 58.9534 0.3094 -51.0194 0.0013 0.7478 0.0011 -0.6639
1688633734.5674 58.3845 0.3178 -51.0865 0.0013 0.7476 0.0011 -0.6641
1688633734.6328 57.7930 0.3180 -51.1516 0.0015 0.7476 0.0010 -0.6642
1688633734.7010 57.2262 0.3187 -51.2316 0.0014 0.7474 0.0011 -0.6643
1688633734.7654 56.6483 0.3119 -51.2933 0.0015 0.7474 0.0011 -0.6644
1688633734.8330 56.0666 0.3059 -51.3677 0.0017 0.7472 0.0010 -0.6646
1688633734.9017 55.4930 0.3254 -51.4264 0.0014 0.7469 0.0010 -0.6649
1688633734.9661 54.9252 0.3261 -51.4906 0.0015 0.7467 0.0010 -0.6652
1688633735.0360 54.3637 0.3313 -51.5508 0.0013 0.7466 0.0011 -0.6652
1688633735.1017 53.8050 0.3170 -51.6251 0.0016 0.7465 0.0011 -0.6654
1688633735.1684 53.2421 0.3216 -51.7036 0.0016 0.7462 0.0010 -0.6657
1688633735.2341 52.6788 0.3194 -51.7727 0.0016 0.7462 0.0011 -0.6658
1688633735.3022 52.1334 0.3205 -51.8132 0.0016 0.7462 0.0011 -0.6658
1688633735.3684 51.5705 0.3206 -51.8972 0.0016 0.7460 0.0011 -0.6660
1688633735.4346 51.0426 0.3256 -51.9467 0.0016 0.7458 0.0010 -0.6662
1688633735.5014 50.4925 0.3285 -52.0086 0.0016 0.7456 0.0010 -0.6664
1688633735.5696 49.9634 0.3393 -52.0712 0.0015 0.7453 0.0010 -0.6667
1688633735.6355 49.4282 0.3372 -52.1408 0.0015 0.7451 0.0010 -0.6669
1688633735.7031 48.9104 0.3404 -52.1755 0.0016 0.7451 0.0010 -0.6670
1688633735.7686 48.3858 0.3396 -52.2301 0.0016 0.7450 0.0010 -0.6671
1688633735.8372 47.8619 0.3368 -52.2878 0.0016 0.7449 0.0010 -0.6672
1688633735.9016 47.3624 0.3462 -52.3596 0.0015 0.7447 0.0010 -0.6674
1688633735.9714 46.8478 0.3531 -52.4077 0.0015 0.7446 0.0010 -0.6675
1688633736.0340 46.3429 0.3458 -52.4737 0.0016 0.7445 0.0010 -0.6677
1688633736.1017 45.8220 0.3440 -52.5279 0.0016 0.7444 0.0010 -0.6678
1688633736.1674 45.3291 0.3596 -52.5626 0.0015 0.7444 0.0010 -0.6678
1688633736.2342 44.8436 0.3538 -52.6286 0.0016 0.7443 0.0010 -0.6679
1688633736.3008 44.3558 0.3468 -52.6846 0.0017 0.7440 0.0010 -0.6681
1688633736.3676 43.8660 0.3748 -52.7382 0.0014 0.7439 0.0010 -0.6683
1688633736.4343 43.3772 0.3688 -52.7698 0.0014 0.7438 0.0011 -0.6684
1688633736.5011 42.8997 0.3667 -52.8284 0.0015 0.7438 0.0010 -0.6684
1688633736.5667 42.4592 0.3665 -52.8848 0.0016 0.7436 0.0010 -0.6686
1688633736.6336 41.9930 0.3808 -52.9342 0.0014 0.7436 0.0010 -0.6687
1688633736.7034 41.5668 0.3793 -52.9960 0.0015 0.7434 0.0009 -0.6688
1688633736.7712 41.1327 0.3704 -53.0445 0.0016 0.7432 0.0010 -0.6691
1688633736.8367 40.6947 0.3695 -53.0784 0.0015 0.7429 0.0010 -0.6694
1688633736.9023 40.2429 0.3731 -53.1191 0.0015 0.7427 0.0010 -0.6696
1688633736.9689 39.8040 0.3734 -53.1611 0.0015 0.7424 0.0010 -0.6699
1688633737.0355 39.3825 0.3789 -53.2113 0.0015 0.7419 0.0011 -0.6705
1688633737.1022 38.9842 0.3943 -53.2387 0.0014 0.7412 0.0010 -0.6713
1688633737.1689 38.5809 0.3928 -53.2684 0.0014 0.7402 0.0010 -0.6724
1688633737.2345 38.1630 0.3900 -53.3136 0.0015 0.7390 0.0010 -0.6736
1688633737.3032 37.7626 0.3962 -53.3538 0.0014 0.7375 0.0010 -0.6754
1688633737.3689 37.3988 0.3954 -53.3939 0.0014 0.7356 0.0010 -0.6774
1688633737.4356 37.0172 0.3927 -53.4312 0.0015 0.7339 0.0010 -0.6793
1688633737.5033 36.6634 0.3935 -53.4575 0.0014 0.7316 0.0011 -0.6817
1688633737.5669 36.2850 0.3879 -53.4832 0.0015 0.7290 0.0011 -0.6845
1688633737.6358 35.9373 0.3880 -53.5052 0.0015 0.7265 0.0011 -0.6871
1688633737.7008 35.5597 0.3965 -53.5339 0.0015 0.7232 0.0010 -0.6906
1688633737.7705 35.1998 0.4014 -53.5594 0.0014 0.7196 0.0010 -0.6944
1688633737.8328 34.8437 0.3946 -53.5759 0.0016 0.7156 0.0011 -0.6985
1688633737.9025 34.5173 0.3980 -53.5713 0.0015 0.7121 0.0011 -0.7020
1688633737.9670 34.1576 0.3990 -53.5916 0.0016 0.7075 0.0011 -0.7067
1688633738.0355 33.8176 0.3966 -53.5918 -0.0015 -0.7033 -0.0011 0.7109
1688633738.1000 33.4726 0.3961 -53.5849 -0.0016 -0.6982 -0.0011 0.7159
1688633738.1686 33.1450 0.3981 -53.5634 -0.0015 -0.6931 -0.0011 0.7208
1688633738.2340 32.8123 0.4055 -53.5564 -0.0015 -0.6885 -0.0011 0.7252
1688633738.3017 32.5047 0.4018 -53.5445 -0.0015 -0.6828 -0.0012 0.7306
1688633738.3671 32.1594 0.4080 -53.5188 -0.0014 -0.6769 -0.0012 0.7361
1688633738.4358 31.8485 0.4088 -53.5038 -0.0014 -0.6716 -0.0012 0.7409
1688633738.4991 31.5328 0.4181 -53.4847 -0.0014 -0.6652 -0.0011 0.7467
1688633738.5678 31.2212 0.4166 -53.4463 -0.0014 -0.6588 -0.0012 0.7524
1688633738.6301 30.9080 0.4209 -53.4108 -0.0014 -0.6532 -0.0011 0.7572
1688633738.7011 30.6183 0.4251 -53.3502 -0.0015 -0.6468 -0.0011 0.7627
1688633738.7626 30.2920 0.4249 -53.2961 -0.0014 -0.6400 -0.0012 0.7684
1688633738.8337 30.0019 0.4370 -53.2540 -0.0013 -0.6338 -0.0011 0.7735
1688633738.8961 29.6782 0.4478 -53.1709 -0.0012 -0.6266 -0.0010 0.7793
1688633738.9652 29.3955 0.4432 -53.1300 -0.0013 -0.6199 -0.0011 0.7847
1688633739.0298 29.0949 0.4340 -53.0697 -0.0015 -0.6121 -0.0011 0.7907
1688633739.0996 28.7784 0.4271 -52.9898 -0.0016 -0.6044 -0.0012 0.7967
1688633739.1612 28.4770 0.4372 -52.8913 -0.0013 -0.5966 -0.0012 0.8025
1688633739.2330 28.1881 0.4291 -52.8103 -0.0015 -0.5897 -0.0012 0.8076
1688633739.2943 27.9094 0.4234 -52.7335 -0.0015 -0.5813 -0.0014 0.8137
1688633739.3665 27.6061 0.4284 -52.6230 -0.0015 -0.5742 -0.0013 0.8187
1688633739.4292 27.3308 0.4227 -52.5320 -0.0016 -0.5657 -0.0013 0.8246
1688633739.4993 27.0213 0.4167 -52.4179 -0.0015 -0.5572 -0.0015 0.8304
1688633739.5630 26.7474 0.4232 -52.3139 -0.0017 -0.5487 -0.0014 0.8360
1688633739.6340 26.4825 0.4338 -52.2142 -0.0015 -0.5414 -0.0013 0.8408
1688633739.6962 26.2140 0.4408 -52.1029 -0.0015 -0.5326 -0.0013 0.8464
1688633739.7661 25.9336 0.4394 -51.9702 -0.0016 -0.5247 -0.0013 0.8513
1688633739.8296 25.6666 0.4360 -51.8230 -0.0016 -0.5154 -0.0014 0.8569
1688633739.8995 25.4084 0.4188 -51.7011 -0.0018 -0.5054 -0.0016 0.8629
1688633739.9631 25.1603 0.4170 -51.5356 -0.0018 -0.4954 -0.0016 0.8686
1688633740.0337 24.8863 0.4188 -51.3759 -0.0018 -0.4867 -0.0017 0.8736
1688633740.0962 24.6189 0.4293 -51.2127 -0.0018 -0.4763 -0.0016 0.8793
1688633740.1685 24.3518 0.4323 -51.0497 -0.0017 -0.4670 -0.0016 0.8842
1688633740.2310 24.0978 0.4247 -50.8775 -0.0018 -0.4542 -0.0017 0.8909
1688633740.2998 23.8466 0.4378 -50.6974 -0.0017 -0.4444 -0.0016 0.8958
1688633740.3656 23.5959 0.4344 -50.5144 -0.0017 -0.4328 -0.0017 0.9015
1688633740.4357 23.3536 0.4243 -50.3317 -0.0019 -0.4228 -0.0018 0.9062
1688633740.4990 23.1035 0.4230 -50.1297 -0.0019 -0.4111 -0.0019 0.9116
1688633740.5699 22.8615 0.4297 -49.9158 -0.0018 -0.3996 -0.0019 0.9167
1688633740.6345 22.6212 0.4257 -49.6873 -0.0018 -0.3879 -0.0020 0.9217
1688633740.7023 22.3939 0.4222 -49.4605 -0.0019 -0.3782 -0.0021 0.9257
1688633740.7679 22.1803 0.4400 -49.1969 -0.0018 -0.3674 -0.0018 0.9300
1688633740.8338 21.9726 0.4203 -48.9534 -0.0019 -0.3561 -0.0021 0.9344
1688633740.8984 21.7522 0.4364 -48.7032 -0.0018 -0.3464 -0.0020 0.9381
1688633740.9684 21.5292 0.4303 -48.4272 -0.0019 -0.3352 -0.0021 0.9421
1688633741.0286 21.3214 0.4246 -48.1713 -0.0020 -0.3237 -0.0022 0.9462
1688633741.0995 21.1147 0.4290 -47.9002 -0.0019 -0.3135 -0.0022 0.9496
1688633741.1652 20.9116 0.4321 -47.6092 -0.0019 -0.3014 -0.0021 0.9535
1688633741.2341 20.7171 0.4145 -47.3463 -0.0021 -0.2908 -0.0024 0.9568
1688633741.2993 20.5321 0.4153 -47.0527 -0.0022 -0.2790 -0.0023 0.9603
1688633741.3681 20.3484 0.4112 -46.7723 -0.0023 -0.2676 -0.0023 0.9635
1688633741.4326 20.1714 0.4126 -46.4576 -0.0022 -0.2571 -0.0024 0.9664
1688633741.5023 20.0034 0.3862 -46.1719 -0.0025 -0.2481 -0.0030 0.9687
1688633741.5679 19.8371 0.4071 -45.8654 -0.0023 -0.2378 -0.0026 0.9713
1688633741.6367 19.6739 0.4333 -45.5481 -0.0022 -0.2278 -0.0021 0.9737
1688633741.6980 19.5204 0.4343 -45.2307 -0.0022 -0.2181 -0.0022 0.9759
1688633741.7691 19.3500 0.4555 -44.9080 -0.0020 -0.2101 -0.0018 0.9777
1688633741.8337 19.1922 0.4442 -44.5977 -0.0021 -0.2010 -0.0021 0.9796
1688633741.9046 19.0503 0.4498 -44.2789 -0.0022 -0.1941 -0.0018 0.9810
1688633741.9692 18.9162 0.4366 -43.9398 -0.0023 -0.1866 -0.0020 0.9824
1688633742.0402 18.7821 0.4378 -43.5813 -0.0022 -0.1801 -0.0023 0.9836
1688633742.1017 18.6507 0.4384 -43.2395 -0.0023 -0.1736 -0.0022 0.9848
1688633742.1726 18.5237 0.4387 -42.8836 -0.0023 -0.1681 -0.0022 0.9858
1688633742.2366 18.4063 0.4185 -42.5271 -0.0026 -0.1618 -0.0025 0.9868
1688633742.3076 18.2759 0.4401 -42.1725 -0.0024 -0.1565 -0.0021 0.9877
1688633742.3716 18.1802 0.4425 -41.7962 -0.0023 -0.1502 -0.0023 0.9887
1688633742.4404 18.0587 0.4393 -41.4182 -0.0024 -0.1455 -0.0023 0.9894
1688633742.5028 17.9451 0.4296 -41.0148 -0.0025 -0.1401 -0.0026 0.9901
1688633742.5726 17.8537 0.4161 -40.6236 -0.0027 -0.1360 -0.0027 0.9907
1688633742.6373 17.7511 0.4183 -40.2341 -0.0028 -0.1311 -0.0026 0.9914
1688633742.7041 17.6413 0.4134 -39.8350 -0.0028 -0.1261 -0.0027 0.9920
1688633742.7697 17.5382 0.4241 -39.4263 -0.0027 -0.1218 -0.0026 0.9925
1688633742.8397 17.4436 0.4347 -39.0060 -0.0026 -0.1169 -0.0026 0.9931
1688633742.9054 17.3430 0.4339 -38.5967 -0.0027 -0.1122 -0.0027 0.9937
1688633742.9753 17.2423 0.4506 -38.1628 -0.0025 -0.1073 -0.0025 0.9942
1688633743.0389 17.1550 0.4413 -37.7273 -0.0026 -0.1031 -0.0026 0.9947
1688633743.1080 17.0594 0.4344 -37.2759 -0.0027 -0.0990 -0.0027 0.9951
1688633743.1704 16.9854 0.4330 -36.8474 -0.0028 -0.0956 -0.0027 0.9954
1688633743.2380 16.8982 0.4397 -36.4145 -0.0027 -0.0928 -0.0027 0.9957
1688633743.3029 16.8066 0.4362 -35.9690 -0.0028 -0.0896 -0.0027 0.9960
1688633743.3699 16.7225 0.4529 -35.5313 -0.0026 -0.0871 -0.0026 0.9962
1688633743.4356 16.6517 0.4628 -35.0724 -0.0025 -0.0846 -0.0025 0.9964
1688633743.5043 16.5718 0.4695 -34.6284 -0.0025 -0.0825 -0.0024 0.9966
1688633743.5690 16.5058 0.4721 -34.1697 -0.0025 -0.0812 -0.0025 0.9967
1688633743.6379 16.4311 0.4729 -33.7240 -0.0025 -0.0801 -0.0025 0.9968
1688633743.7047 16.3688 0.4617 -33.2587 -0.0026 -0.0793 -0.0026 0.9968
1688633743.7714 16.3055 0.4530 -32.7926 -0.0028 -0.0787 -0.0028 0.9969
1688633743.8405 16.2268 0.4583 -32.3284 -0.0027 -0.0782 -0.0027 0.9969
1688633743.9051 16.1589 0.4625 -31.8472 -0.0027 -0.0781 -0.0027 0.9969
1688633743.9729 16.0905 0.4565 -31.3644 -0.0028 -0.0782 -0.0028 0.9969
1688633744.0387 16.0138 0.4592 -30.8713 -0.0028 -0.0787 -0.0028 0.9969
1688633744.1064 15.9249 0.4744 -30.3742 -0.0027 -0.0792 -0.0027 0.9968
1688633744.1735 15.8495 0.4821 -29.8784 -0.0027 -0.0800 -0.0026 0.9968
1688633744.2380 15.7750 0.4843 -29.3776 -0.0027 -0.0804 -0.0026 0.9968
1688633744.3058 15.7026 0.4890 -28.8786 -0.0027 -0.0805 -0.0026 0.9967
1688633744.3716 15.6108 0.4819 -28.3804 -0.0028 -0.0805 -0.0027 0.9967
1688633744.4383 15.5137 0.4995 -27.8790 -0.0026 -0.0805 -0.0026 0.9967
1688633744.5071 15.4454 0.4945 -27.3747 -0.0027 -0.0811 -0.0026 0.9967
1688633744.5729 15.3715 0.4974 -26.8613 -0.0027 -0.0816 -0.0027 0.9967
1688633744.6389 15.2807 0.4934 -26.3512 -0.0028 -0.0817 -0.0027 0.9966
1688633744.7069 15.2055 0.5013 -25.8354 -0.0027 -0.0820 -0.0027 0.9966
1688633744.7704 15.1143 0.5124 -25.3325 -0.0026 -0.0821 -0.0027 0.9966
1688633744.8391 15.0337 0.5014 -24.8118 -0.0028 -0.0823 -0.0027 0.9966
1688633744.9039 14.9393 0.5121 -24.2837 -0.0027 -0.0825 -0.0027 0.9966
1688633744.9718 14.8495 0.5121 -23.7283 -0.0027 -0.0827 -0.0027 0.9966
1688633745.0375 14.7616 0.5209 -23.1880 -0.0027 -0.0827 -0.0026 0.9966
1688633745.1021 14.6789 0.5286 -22.6459 -0.0026 -0.0828 -0.0026 0.9966
1688633745.1721 14.5928 0.5255 -22.1112 -0.0027 -0.0827 -0.0026 0.9966
1688633745.2357 14.5095 0.5246 -21.5741 -0.0027 -0.0828 -0.0026 0.9966
1688633745.3036 14.4185 0.5279 -21.0392 -0.0027 -0.0828 -0.0027 0.9966
1688633745.3693 14.3249 0.5392 -20.5013 -0.0027 -0.0827 -0.0026 0.9966
1688633745.4362 14.2289 0.5389 -19.9572 -0.0027 -0.0825 -0.0026 0.9966
1688633745.5040 14.1412 0.5353 -19.4226 -0.0027 -0.0821 -0.0027 0.9966
1688633745.5708 14.0585 0.5361 -18.8847 -0.0028 -0.0817 -0.0027 0.9966
1688633745.6362 13.9604 0.5275 -18.3568 -0.0029 -0.0812 -0.0027 0.9967
1688633745.7062 13.8755 0.5480 -17.8206 -0.0027 -0.0811 -0.0027 0.9967
1688633745.7713 13.8003 0.5519 -17.2771 -0.0027 -0.0810 -0.0027 0.9967
1688633745.8414 13.6909 0.5550 -16.7425 -0.0027 -0.0806 -0.0027 0.9967
1688633745.9051 13.6002 0.5556 -16.1988 -0.0027 -0.0802 -0.0026 0.9968
1688633745.9740 13.5093 0.5580 -15.6461 -0.0027 -0.0801 -0.0026 0.9968
1688633746.0398 13.4343 0.5615 -15.1043 -0.0027 -0.0803 -0.0027 0.9968
1688633746.1097 13.3510 0.5696 -14.5741 -0.0027 -0.0806 -0.0027 0.9967
1688633746.1723 13.2560 0.5686 -14.0325 -0.0027 -0.0803 -0.0027 0.9968
1688633746.2411 13.1631 0.5765 -13.5024 -0.0027 -0.0798 -0.0026 0.9968
1688633746.3056 13.0842 0.5750 -12.9668 -0.0027 -0.0795 -0.0027 0.9968
1688633746.3712 12.9999 0.5681 -12.4472 -0.0028 -0.0795 -0.0026 0.9968
1688633746.4380 12.9140 0.5699 -11.9231 -0.0028 -0.0794 -0.0026 0.9968
1688633746.5056 12.8349 0.5744 -11.4019 -0.0028 -0.0794 -0.0026 0.9968
1688633746.5701 12.7592 0.5810 -10.9083 -0.0028 -0.0794 -0.0026 0.9968
1688633746.6379 12.6823 0.5732 -10.3918 -0.0029 -0.0790 -0.0027 0.9969
1688633746.7047 12.6062 0.5783 -9.8907 -0.0029 -0.0781 -0.0027 0.9969
1688633746.7747 12.5310 0.5939 -9.3744 -0.0027 -0.0770 -0.0028 0.9970
1688633746.8393 12.4565 0.5899 -8.8784 -0.0028 -0.0762 -0.0028 0.9971
1688633746.9095 12.3797 0.5867 -8.3762 -0.0029 -0.0758 -0.0028 0.9971
1688633746.9714 12.3048 0.5937 -7.8801 -0.0028 -0.0750 -0.0028 0.9972
1688633747.0424 12.2249 0.6011 -7.3717 -0.0028 -0.0746 -0.0028 0.9972
1688633747.1059 12.1534 0.5988 -6.8741 -0.0028 -0.0736 -0.0028 0.9973
1688633747.1749 12.0801 0.6097 -6.3755 -0.0028 -0.0727 -0.0028 0.9973
1688633747.2386 11.9962 0.6156 -5.8776 -0.0027 -0.0716 -0.0028 0.9974
1688633747.3106 11.9253 0.6095 -5.3706 -0.0028 -0.0708 -0.0029 0.9975
1688633747.3721 11.8652 0.6100 -4.8838 -0.0028 -0.0699 -0.0028 0.9975
1688633747.4420 11.8031 0.6205 -4.3813 -0.0028 -0.0691 -0.0029 0.9976
1688633747.5045 11.7420 0.6199 -3.8914 -0.0028 -0.0681 -0.0029 0.9977
1688633747.5733 11.6684 0.6202 -3.3987 -0.0028 -0.0666 -0.0029 0.9978
1688633747.6358 11.6083 0.6238 -2.9229 -0.0028 -0.0655 -0.0029 0.9978
1688633747.7052 11.5382 0.6247 -2.4237 -0.0028 -0.0644 -0.0029 0.9979
1688633747.7710 11.4787 0.6256 -1.9396 -0.0028 -0.0633 -0.0029 0.9980
1688633747.8388 11.4190 0.6316 -1.4416 -0.0028 -0.0620 -0.0029 0.9981
1688633747.9055 11.3693 0.6373 -0.9759 -0.0028 -0.0608 -0.0029 0.9981
1688633747.9730 11.3111 0.6335 -0.5002 -0.0028 -0.0598 -0.0028 0.9982
1688633748.0386 11.2648 0.6346 -0.0257 -0.0029 -0.0592 -0.0028 0.9982
1688633748.1053 11.2132 0.6358 0.4363 -0.0029 -0.0579 -0.0029 0.9983
1688633748.1708 11.1529 0.6367 0.8990 -0.0029 -0.0560 -0.0028 0.9984
1688633748.2386 11.1062 0.6481 1.3640 -0.0028 -0.0541 -0.0028 0.9985
1688633748.3043 11.0520 0.6446 1.8201 -0.0028 -0.0515 -0.0028 0.9987
1688633748.3721 11.0046 0.6484 2.2930 -0.0028 -0.0486 -0.0028 0.9988
1688633748.4368 10.9544 0.6552 2.7448 -0.0028 -0.0460 -0.0029 0.9989
1688633748.5047 10.9225 0.6566 3.1896 -0.0028 -0.0429 -0.0029 0.9991
1688633748.5695 10.8881 0.6548 3.6360 -0.0028 -0.0396 -0.0029 0.9992
1688633748.6394 10.8548 0.6623 4.0857 -0.0028 -0.0364 -0.0029 0.9993
1688633748.7039 10.8152 0.6672 4.5230 -0.0027 -0.0325 -0.0029 0.9995
1688633748.7726 10.7925 0.6742 4.9705 -0.0027 -0.0288 -0.0030 0.9996
1688633748.8363 10.7658 0.6727 5.4099 -0.0027 -0.0255 -0.0029 0.9997
1688633748.9052 10.7437 0.6725 5.8514 -0.0027 -0.0216 -0.0029 0.9998
1688633748.9697 10.7224 0.6808 6.2848 -0.0027 -0.0172 -0.0030 0.9998
1688633749.0407 10.7130 0.6833 6.7193 -0.0027 -0.0133 -0.0030 0.9999
1688633749.1054 10.7032 0.6821 7.1454 -0.0027 -0.0089 -0.0030 1.0000
1688633749.1726 10.6976 0.6795 7.5702 -0.0027 -0.0049 -0.0030 1.0000
1688633749.2384 10.6976 0.6818 7.9990 -0.0027 -0.0014 -0.0030 1.0000
1688633749.3074 10.6923 0.6852 8.4326 -0.0027 0.0027 -0.0030 1.0000
1688633749.3708 10.7008 0.6839 8.8526 -0.0027 0.0061 -0.0030 1.0000
1688633749.4397 10.7057 0.6953 9.2831 -0.0026 0.0088 -0.0030 1.0000
1688633749.5054 10.7074 0.6948 9.6997 -0.0026 0.0118 -0.0030 0.9999
1688633749.5722 10.7145 0.6979 10.1228 -0.0026 0.0148 -0.0030 0.9999
1688633749.6400 10.7305 0.7038 10.5401 -0.0026 0.0168 -0.0030 0.9999
1688633749.7069 10.7491 0.6990 10.9488 -0.0027 0.0189 -0.0030 0.9998
1688633749.7726 10.7779 0.6996 11.3611 -0.0027 0.0203 -0.0030 0.9998
1688633749.8406 10.7933 0.6989 11.7632 -0.0027 0.0213 -0.0030 0.9998
1688633749.9053 10.8089 0.7048 12.1472 -0.0026 0.0221 -0.0030 0.9997
1688633749.9698 10.8266 0.7076 12.5287 -0.0026 0.0226 -0.0030 0.9997
1688633750.0378 10.8510 0.7012 12.9080 -0.0027 0.0224 -0.0029 0.9997
1688633750.1044 10.8732 0.7070 13.2919 -0.0027 0.0221 -0.0029 0.9997
1688633750.1700 10.8876 0.7032 13.6636 -0.0027 0.0214 -0.0029 0.9998
1688633750.2378 10.9001 0.7100 14.0424 -0.0027 0.0206 -0.0030 0.9998
1688633750.3034 10.9151 0.7111 14.4031 -0.0027 0.0195 -0.0030 0.9998
1688633750.3723 10.9302 0.7098 14.7763 -0.0027 0.0179 -0.0030 0.9998
1688633750.4371 10.9471 0.7168 15.1398 -0.0027 0.0162 -0.0030 0.9999
1688633750.5060 10.9678 0.7180 15.4921 -0.0027 0.0141 -0.0030 0.9999
