1688632251.3096 0.0000 0.0000 0.0000 0.0000 0.0000 0.0000 1.0000
1688632251.3732 0.0074 -0.0018 0.2775 -0.0000 -0.0011 -0.0002 1.0000
1688632251.4430 0.0082 -0.0063 0.5813 -0.0001 -0.0020 -0.0001 1.0000
1688632251.5055 0.0108 -0.0077 0.8812 -0.0001 -0.0032 -0.0002 1.0000
1688632251.5764 0.0108 -0.0053 1.1798 -0.0001 -0.0042 -0.0001 1.0000
1688632251.6421 -0.0013 0.0040 1.4854 0.0000 -0.0052 -0.0001 1.0000
1688632251.7082 0.0063 -0.0033 1.7995 -0.0000 -0.0065 -0.0001 1.0000
1688632251.7750 -0.0045 0.0080 2.1098 0.0001 -0.0075 -0.0001 1.0000
1688632251.8439 -0.0153 0.0005 2.4150 0.0000 -0.0085 -0.0000 1.0000
1688632251.9075 -0.0174 -0.0030 2.7279 -0.0000 -0.0098 0.0000 1.0000
1688632251.9775 -0.0217 0.0089 3.0409 0.0001 -0.0109 0.0001 0.9999
1688632252.0390 -0.0364 -0.0005 3.3478 -0.0000 -0.0122 -0.0000 0.9999
1688632252.1089 -0.0447 0.0014 3.6616 -0.0000 -0.0134 -0.0001 0.9999
1688632252.1735 -0.0488 0.0001 3.9718 0.0000 -0.0149 -0.0001 0.9999
1688632252.2412 -0.0558 -0.0026 4.2800 -0.0000 -0.0165 0.0001 0.9999
1688632252.3060 -0.0663 -0.0018 4.5890 -0.0000 -0.0180 -0.0001 0.9998
1688632252.3748 -0.0745 -0.0024 4.9012 -0.0000 -0.0195 -0.0000 0.9998
1688632252.4385 -0.0813 0.0069 5.2152 0.0001 -0.0211 -0.0000 0.9998
1688632252.5094 -0.0832 0.0018 5.5159 0.0000 -0.0229 0.0000 0.9997
1688632252.5730 -0.0967 0.0030 5.8240 0.0000 -0.0248 -0.0001 0.9997
1688632252.6430 -0.1294 0.0013 6.1500 0.0000 -0.0263 0.0000 0.9997
1688632252.7077 -0.1348 -0.0062 6.4541 -0.0001 -0.0285 -0.0001 0.9996
1688632252.7756 -0.1652 0.0055 6.7728 0.0001 -0.0302 -0.0001 0.9995
1688632252.8393 -0.1797 -0.0045 7.0787 -0.0000 -0.0325 0.0000 0.9995
1688632252.9093 -0.1953 0.0059 7.3954 0.0001 -0.0350 -0.0000 0.9994
1688632252.9708 -0.2200 0.0105 7.7118 0.0001 -0.0374 -0.0000 0.9993
1688632253.0416 -0.2433 0.0109 8.0135 0.0001 -0.0397 -0.0000 0.9992
1688632253.1041 -0.2581 0.0014 8.3218 0.0000 -0.0427 -0.0000 0.9991
1688632253.1750 -0.2975 -0.0055 8.6176 -0.0001 -0.0452 -0.0001 0.9990
1688632253.2387 -0.3282 0.0020 8.9259 -0.0000 -0.0482 -0.0001 0.9988
1688632253.3110 -0.3575 0.0022 9.2286 0.0000 -0.0519 -0.0001 0.9987
1688632253.3703 -0.3811 0.0028 9.5430 0.0000 -0.0559 -0.0001 0.9984
1688632253.4423 -0.4250 -0.0067 9.8595 -0.0001 -0.0595 -0.0001 0.9982
1688632253.5034 -0.4533 -0.0040 10.1673 -0.0001 -0.0643 -0.0001 0.9979
1688632253.5753 -0.4919 0.0057 10.4779 0.0001 -0.0687 -0.0001 0.9976
1688632253.6369 -0.5348 0.0050 10.7916 0.0001 -0.0743 -0.0000 0.9972
1688632253.7111 -0.5811 0.0057 11.1122 0.0001 -0.0795 0.0000 0.9968
1688632253.7715 -0.6320 -0.0051 11.4293 -0.0000 -0.0870 0.0000 0.9962
1688632253.8444 -0.6875 0.0000 11.7365 0.0000 -0.0930 -0.0000 0.9957
1688632253.9037 -0.7202 -0.0069 12.0354 -0.0001 -0.1005 -0.0001 0.9949
1688632253.9787 -0.7953 -0.0006 12.3352 -0.0000 -0.1070 -0.0001 0.9943
1688632254.0401 -0.8412 -0.0052 12.6498 -0.0000 -0.1167 0.0001 0.9932
1688632254.1101 -0.9254 -0.0005 12.9536 -0.0000 -0.1239 -0.0000 0.9923
1688632254.1721 -0.9920 -0.0006 13.2605 -0.0001 -0.1329 -0.0000 0.9911
1688632254.2410 -1.0654 0.0007 13.5525 -0.0000 -0.1406 -0.0000 0.9901
1688632254.3024 -1.1432 -0.0055 13.8577 -0.0001 -0.1498 0.0001 0.9887
1688632254.3732 -1.2603 -0.0108 14.1602 -0.0001 -0.1576 0.0001 0.9875
1688632254.4361 -1.3570 0.0001 14.4772 -0.0000 -0.1673 0.0001 0.9859
1688632254.5059 -1.4349 -0.0108 14.7699 -0.0002 -0.1765 0.0001 0.9843
1688632254.5673 -1.5362 -0.0074 15.0770 -0.0001 -0.1868 0.0002 0.9824
1688632254.6407 -1.6383 -0.0128 15.3772 -0.0002 -0.1960 0.0002 0.9806
1688632254.6999 -1.7681 -0.0147 15.6819 -0.0002 -0.2086 0.0001 0.9780
1688632254.7697 -1.9220 -0.0219 15.9964 -0.0003 -0.2183 0.0000 0.9759
1688632254.8333 -2.0416 -0.0145 16.2863 -0.0002 -0.2303 0.0001 0.9731
1688632254.9044 -2.1773 -0.0095 16.5762 -0.0002 -0.2409 0.0000 0.9705
1688632254.9669 -2.3330 -0.0227 16.8714 -0.0004 -0.2534 0.0000 0.9674
1688632255.0390 -2.4758 -0.0176 17.1478 -0.0003 -0.2643 0.0000 0.9644
1688632255.1003 -2.6174 -0.0157 17.4215 -0.0003 -0.2789 -0.0000 0.9603
1688632255.1689 -2.7863 -0.0232 17.6862 -0.0004 -0.2898 -0.0000 0.9571
1688632255.2333 -2.9511 -0.0212 17.9486 -0.0004 -0.3027 -0.0001 0.9531
1688632255.3041 -3.1108 -0.0198 18.1997 -0.0004 -0.3137 -0.0001 0.9495
1688632255.3642 -3.2877 -0.0195 18.4599 -0.0004 -0.3266 -0.0001 0.9452
1688632255.4361 -3.4881 -0.0287 18.7232 -0.0006 -0.3374 -0.0001 0.9414
1688632255.4983 -3.6801 -0.0281 18.9729 -0.0006 -0.3502 -0.0002 0.9367
1688632255.5701 -3.9013 -0.0321 19.2299 -0.0007 -0.3627 -0.0002 0.9319
1688632255.6306 -4.0969 -0.0374 19.4713 -0.0008 -0.3756 -0.0002 0.9268
1688632255.7017 -4.3057 -0.0337 19.7109 -0.0008 -0.3866 -0.0002 0.9222
1688632255.7629 -4.5184 -0.0306 19.9351 -0.0008 -0.3995 -0.0002 0.9167
1688632255.8370 -4.7464 -0.0305 20.1622 -0.0008 -0.4104 -0.0003 0.9119
1688632255.8973 -4.9810 -0.0363 20.3851 -0.0009 -0.4249 -0.0002 0.9052
1688632255.9703 -5.2246 -0.0534 20.5959 -0.0012 -0.4358 -0.0003 0.9000
1688632256.0297 -5.4670 -0.0516 20.8045 -0.0012 -0.4484 -0.0004 0.8939
1688632256.1038 -5.7329 -0.0371 21.0164 -0.0010 -0.4590 -0.0003 0.8884
1688632256.1651 -5.9849 -0.0420 21.2188 -0.0011 -0.4717 -0.0004 0.8818
1688632256.2369 -6.2675 -0.0475 21.4200 -0.0012 -0.4822 -0.0004 0.8761
1688632256.2990 -6.5506 -0.0498 21.6063 -0.0013 -0.4958 -0.0003 0.8684
1688632256.3710 -6.8327 -0.0524 21.7872 -0.0013 -0.5059 -0.0003 0.8626
1688632256.4340 -7.1280 -0.0478 21.9450 -0.0013 -0.5172 -0.0004 0.8559
1688632256.5048 -7.4249 -0.0450 22.1074 -0.0013 -0.5270 -0.0003 0.8499
1688632256.5693 -7.7317 -0.0535 22.2623 -0.0015 -0.5380 -0.0004 0.8429
1688632256.6403 -8.0638 -0.0542 22.4104 -0.0015 -0.5486 -0.0003 0.8361
1688632256.7059 -8.3638 -0.0578 22.5430 -0.0016 -0.5590 -0.0004 0.8291
1688632256.7747 -8.6864 -0.0529 22.6677 -0.0016 -0.5680 -0.0004 0.8231
1688632256.8394 -9.0187 -0.0545 22.7844 -0.0016 -0.5779 -0.0004 0.8161
1688632256.9062 -9.3490 -0.0468 22.8875 -0.0015 -0.5872 -0.0004 0.8095
1688632256.9730 -9.6940 -0.0398 22.9783 -0.0014 -0.5959 -0.0004 0.8030
1688632257.0408 -10.0174 -0.0445 23.0730 -0.0015 -0.6032 -0.0004 0.7976
1688632257.1066 -10.3451 -0.0392 23.1444 -0.0014 -0.6111 -0.0004 0.7915
1688632257.1734 -10.6717 -0.0554 23.2238 -0.0017 -0.6188 -0.0005 0.7856
1688632257.2391 -10.9994 -0.0834 23.2901 -0.0022 -0.6249 -0.0004 0.7807
1688632257.3060 -11.3377 -0.0547 23.3524 -0.0018 -0.6313 -0.0004 0.7756
1688632257.3747 -11.6519 -0.0604 23.4174 -0.0019 -0.6373 -0.0005 0.7706
1688632257.4395 -11.9984 -0.0620 23.4633 -0.0019 -0.6417 -0.0005 0.7669
1688632257.5074 -12.3412 -0.0628 23.5245 -0.0020 -0.6467 -0.0005 0.7627
1688632257.5740 -12.6734 -0.0624 23.5872 -0.0020 -0.6512 -0.0005 0.7589
1688632257.6416 -13.0136 -0.0545 23.6399 -0.0018 -0.6545 -0.0005 0.7560
1688632257.7084 -13.3537 -0.0438 23.6824 -0.0017 -0.6582 -0.0005 0.7529
1688632257.7781 -13.7089 -0.0575 23.7199 -0.0020 -0.6617 -0.0004 0.7498
1688632257.8413 -14.0515 -0.0538 23.7577 -0.0019 -0.6651 -0.0005 0.7468
1688632257.9124 -14.4093 -0.0608 23.7983 -0.0020 -0.6677 -0.0005 0.7445
1688632257.9739 -14.7475 -0.0558 23.8237 -0.0019 -0.6702 -0.0006 0.7422
1688632258.0471 -15.1004 -0.0548 23.8704 -0.0019 -0.6723 -0.0006 0.7403
1688632258.1075 -15.4524 -0.0542 23.9037 -0.0019 -0.6746 -0.0005 0.7382
1688632258.1798 -15.8023 -0.0452 23.9178 -0.0018 -0.6760 -0.0006 0.7369
1688632258.2436 -16.1554 -0.0601 23.9264 -0.0020 -0.6774 -0.0005 0.7356
1688632258.3093 -16.5103 -0.0569 23.9592 -0.0020 -0.6787 -0.0005 0.7344
1688632258.3770 -16.8750 -0.0451 23.9866 -0.0018 -0.6800 -0.0006 0.7332
1688632258.4438 -17.2445 -0.0308 24.0168 -0.0016 -0.6813 -0.0006 0.7320
1688632258.5083 -17.6068 -0.0504 24.0381 -0.0018 -0.6823 -0.0006 0.7311
1688632258.5783 -17.9760 -0.0617 24.0693 -0.0021 -0.6834 -0.0006 0.7301
1688632258.6410 -18.3360 -0.0601 24.0975 -0.0021 -0.6844 -0.0006 0.7291
1688632258.7120 -18.7074 -0.0401 24.1181 -0.0018 -0.6852 -0.0006 0.7284
1688632258.7740 -19.0865 -0.0363 24.1360 -0.0017 -0.6859 -0.0006 0.7277
1688632258.8462 -19.4583 -0.0438 24.1566 -0.0018 -0.6866 -0.0006 0.7271
1688632258.9090 -19.8249 -0.0395 24.1760 -0.0018 -0.6874 -0.0006 0.7263
1688632258.9800 -20.1968 -0.0421 24.1847 -0.0018 -0.6881 -0.0007 0.7257
1688632259.0415 -20.5790 -0.0421 24.2081 -0.0018 -0.6889 -0.0007 0.7249
1688632259.1136 -20.9621 -0.0387 24.2266 -0.0018 -0.6896 -0.0007 0.7242
1688632259.1763 -21.3383 -0.0498 24.2476 -0.0019 -0.6904 -0.0007 0.7235
1688632259.2463 -21.7204 -0.0486 24.2635 -0.0019 -0.6911 -0.0007 0.7228
1688632259.3097 -22.1025 -0.0447 24.2783 -0.0018 -0.6919 -0.0008 0.7220
1688632259.3795 -22.4883 -0.0454 24.2954 -0.0019 -0.6926 -0.0007 0.7213
1688632259.4441 -22.8783 -0.0497 24.3050 -0.0019 -0.6933 -0.0008 0.7207
1688632259.5131 -23.2595 -0.0394 24.3169 -0.0018 -0.6938 -0.0007 0.7202
1688632259.5756 -23.6460 -0.0415 24.3284 -0.0019 -0.6943 -0.0008 0.7196
1688632259.6488 -24.0371 -0.0354 24.3446 -0.0018 -0.6949 -0.0008 0.7191
1688632259.7100 -24.4261 -0.0384 24.3527 -0.0019 -0.6953 -0.0008 0.7187
1688632259.7789 -24.8166 -0.0346 24.3658 -0.0019 -0.6956 -0.0007 0.7184
1688632259.8436 -25.2101 -0.0263 24.3882 -0.0018 -0.6958 -0.0007 0.7182
1688632259.9103 -25.5933 -0.0288 24.3984 -0.0018 -0.6960 -0.0007 0.7181
1688632259.9750 -25.9801 -0.0353 24.4135 -0.0019 -0.6962 -0.0008 0.7178
1688632260.0461 -26.3694 -0.0280 24.4259 -0.0018 -0.6965 -0.0007 0.7176
1688632260.1087 -26.7574 -0.0307 24.4348 -0.0019 -0.6967 -0.0007 0.7174
1688632260.1797 -27.1459 -0.0321 24.4462 -0.0019 -0.6968 -0.0007 0.7172
1688632260.2421 -27.5372 -0.0300 24.4662 -0.0019 -0.6971 -0.0008 0.7169
1688632260.3110 -27.9409 -0.0223 24.4710 -0.0019 -0.6972 -0.0007 0.7168
1688632260.3736 -28.3340 -0.0291 24.4795 -0.0019 -0.6973 -0.0007 0.7167
1688632260.4447 -28.7381 -0.0270 24.4887 -0.0019 -0.6974 -0.0007 0.7167
1688632260.5073 -29.1436 -0.0173 24.5072 -0.0019 -0.6974 -0.0007 0.7166
1688632260.5783 -29.5458 -0.0205 24.5223 -0.0019 -0.6975 -0.0008 0.7166
1688632260.6419 -29.9479 -0.0183 24.5301 -0.0019 -0.6976 -0.0007 0.7165
1688632260.7096 -30.3612 -0.0093 24.5377 -0.0018 -0.6976 -0.0007 0.7165
1688632260.7753 -30.7649 -0.0069 24.5523 -0.0018 -0.6974 -0.0007 0.7167
1688632260.8420 -31.1734 -0.0068 24.5675 -0.0019 -0.6968 -0.0007 0.7172
1688632260.9096 -31.5787 -0.0065 24.5825 -0.0018 -0.6964 -0.0007 0.7177
1688632260.9752 -32.0018 -0.0082 24.5927 -0.0019 -0.6958 -0.0007 0.7183
1688632261.0452 -32.4134 -0.0106 24.6022 -0.0019 -0.6950 -0.0007 0.7190
1688632261.1129 -32.8294 -0.0122 24.6131 -0.0019 -0.6940 -0.0008 0.7199
1688632261.1786 -33.2448 -0.0131 24.6262 -0.0020 -0.6932 -0.0008 0.7207
1688632261.2469 -33.6689 -0.0055 24.6406 -0.0019 -0.6924 -0.0007 0.7215
1688632261.3117 -34.0967 -0.0058 24.6559 -0.0019 -0.6916 -0.0008 0.7223
1688632261.3796 -34.5180 -0.0037 24.6819 -0.0019 -0.6910 -0.0008 0.7229
1688632261.4450 -34.9514 -0.0107 24.7036 -0.0019 -0.6902 -0.0009 0.7237
1688632261.5128 -35.3850 -0.0047 24.7187 -0.0019 -0.6893 -0.0009 0.7244
1688632261.5794 -35.8224 -0.0028 24.7348 -0.0019 -0.6886 -0.0008 0.7251
1688632261.6472 -36.2631 0.0092 24.7616 -0.0019 -0.6878 -0.0008 0.7259
1688632261.7098 -36.7040 0.0176 24.7852 -0.0018 -0.6870 -0.0007 0.7266
1688632261.7796 -37.1430 0.0084 24.8079 -0.0019 -0.6864 -0.0008 0.7272
1688632261.8464 -37.5934 0.0036 24.8335 -0.0019 -0.6859 -0.0008 0.7277
1688632261.9110 -38.0371 0.0116 24.8618 -0.0019 -0.6855 -0.0008 0.7280
1688632261.9787 -38.4862 0.0174 24.8928 -0.0018 -0.6853 -0.0008 0.7282
1688632262.0477 -38.9353 0.0145 24.9136 -0.0019 -0.6850 -0.0008 0.7285
1688632262.1134 -39.3905 0.0248 24.9355 -0.0019 -0.6847 -0.0007 0.7288
1688632262.1811 -39.8498 0.0171 24.9581 -0.0019 -0.6846 -0.0008 0.7290
1688632262.2488 -40.3045 0.0221 24.9889 -0.0019 -0.6842 -0.0008 0.7292
1688632262.3124 -40.7717 0.0338 25.0208 -0.0018 -0.6841 -0.0007 0.7294
1688632262.3821 -41.2343 0.0312 25.0449 -0.0019 -0.6839 -0.0007 0.7296
1688632262.4468 -41.6986 0.0312 25.0778 -0.0018 -0.6839 -0.0008 0.7296
1688632262.5148 -42.1686 0.0348 25.1073 -0.0019 -0.6839 -0.0007 0.7296
1688632262.5804 -42.6372 0.0323 25.1369 -0.0019 -0.6839 -0.0008 0.7296
1688632262.6483 -43.1127 0.0350 25.1635 -0.0019 -0.6838 -0.0008 0.7296
1688632262.7151 -43.5847 0.0346 25.2022 -0.0019 -0.6840 -0.0008 0.7295
1688632262.7786 -44.0665 0.0357 25.2276 -0.0019 -0.6840 -0.0008 0.7294
1688632262.8454 -44.5493 0.0408 25.2660 -0.0018 -0.6842 -0.0008 0.7293
1688632262.9143 -45.0300 0.0422 25.2911 -0.0018 -0.6842 -0.0008 0.7293
1688632262.9801 -45.5089 0.0388 25.3250 -0.0019 -0.6843 -0.0008 0.7292
1688632263.0473 -46.0016 0.0442 25.3563 -0.0019 -0.6842 -0.0008 0.7292
1688632263.1121 -46.4925 0.0513 25.3869 -0.0018 -0.6842 -0.0008 0.7293
1688632263.1788 -46.9870 0.0496 25.4125 -0.0018 -0.6841 -0.0008 0.7294
1688632263.2444 -47.4820 0.0584 25.4476 -0.0018 -0.6841 -0.0008 0.7294
1688632263.3102 -47.9755 0.0670 25.4834 -0.0018 -0.6841 -0.0007 0.7294
1688632263.3748 -48.4743 0.0662 25.5094 -0.0018 -0.6839 -0.0007 0.7296
1688632263.4427 -48.9688 0.0597 25.5437 -0.0018 -0.6838 -0.0008 0.7297
1688632263.5095 -49.4792 0.0661 25.5777 -0.0018 -0.6837 -0.0008 0.7297
1688632263.5763 -49.9853 0.0649 25.6123 -0.0018 -0.6837 -0.0008 0.7298
1688632263.6443 -50.4912 0.0643 25.6430 -0.0019 -0.6835 -0.0008 0.7299
1688632263.7114 -50.9982 0.0718 25.6739 -0.0018 -0.6834 -0.0008 0.7300
1688632263.7762 -51.5209 0.0736 25.7084 -0.0017 -0.6834 -0.0008 0.7301
1688632263.8453 -52.0361 0.0807 25.7415 -0.0017 -0.6834 -0.0008 0.7301
1688632263.9111 -52.5634 0.0784 25.7735 -0.0018 -0.6834 -0.0008 0.7301
1688632263.9793 -53.0832 0.0763 25.8064 -0.0018 -0.6833 -0.0008 0.7301
1688632264.0440 -53.6095 0.0808 25.8439 -0.0017 -0.6834 -0.0008 0.7300
1688632264.1118 -54.1303 0.0886 25.8784 -0.0017 -0.6835 -0.0007 0.7300
1688632264.1785 -54.6645 0.0834 25.9228 -0.0018 -0.6839 -0.0008 0.7296
1688632264.2464 -55.2144 0.0841 25.9581 -0.0018 -0.6844 -0.0008 0.7291
1688632264.3114 -55.7551 0.0843 25.9851 -0.0018 -0.6848 -0.0008 0.7287
1688632264.3781 -56.3000 0.0920 26.0179 -0.0018 -0.6852 -0.0008 0.7284
1688632264.4460 -56.8466 0.0891 26.0424 -0.0018 -0.6857 -0.0008 0.7279
1688632264.5096 -57.3904 0.0847 26.0708 -0.0018 -0.6860 -0.0008 0.7276
1688632264.5783 -57.9266 0.0898 26.1024 -0.0018 -0.6861 -0.0009 0.7275
1688632264.6429 -58.4788 0.0980 26.1378 -0.0018 -0.6864 -0.0008 0.7272
1688632264.7096 -59.0351 0.0975 26.1830 -0.0018 -0.6868 -0.0008 0.7268
1688632264.7732 -59.5892 0.1023 26.2040 -0.0018 -0.6871 -0.0008 0.7266
1688632264.8398 -60.1540 0.1016 26.2359 -0.0018 -0.6877 -0.0008 0.7260
1688632264.9086 -60.7130 0.1028 26.2674 -0.0018 -0.6883 -0.0008 0.7255
1688632264.9738 -61.2675 0.1043 26.2847 -0.0018 -0.6887 -0.0008 0.7250
1688632265.0417 -61.8306 0.1041 26.3250 -0.0018 -0.6894 -0.0009 0.7244
1688632265.1074 -62.3926 0.1062 26.3554 -0.0018 -0.6899 -0.0008 0.7239
1688632265.1730 -62.9569 0.1115 26.3757 -0.0018 -0.6904 -0.0008 0.7235
1688632265.2388 -63.5116 0.1138 26.3996 -0.0018 -0.6909 -0.0008 0.7229
1688632265.3078 -64.0740 0.1159 26.4260 -0.0018 -0.6912 -0.0008 0.7226
1688632265.3744 -64.6422 0.1192 26.4523 -0.0018 -0.6915 -0.0008 0.7224
1688632265.4392 -65.2165 0.1216 26.4723 -0.0017 -0.6918 -0.0008 0.7221
1688632265.5070 -65.7898 0.1302 26.5049 -0.0017 -0.6920 -0.0008 0.7219
1688632265.5728 -66.3741 0.1258 26.5260 -0.0018 -0.6921 -0.0008 0.7218
1688632265.6405 -66.9673 0.1222 26.5470 -0.0017 -0.6922 -0.0009 0.7217
1688632265.7058 -67.5512 0.1321 26.5664 -0.0017 -0.6922 -0.0009 0.7217
1688632265.7726 -68.1384 0.1339 26.5923 -0.0017 -0.6922 -0.0009 0.7217
1688632265.8405 -68.7170 0.1445 26.6203 -0.0017 -0.6922 -0.0008 0.7217
1688632265.9071 -69.3033 0.1394 26.6466 -0.0017 -0.6923 -0.0008 0.7216
1688632265.9728 -69.8843 0.1354 26.6721 -0.0018 -0.6926 -0.0009 0.7213
1688632266.0397 -70.4717 0.1351 26.6952 -0.0018 -0.6929 -0.0009 0.7210
1688632266.1053 -71.0596 0.1390 26.7234 -0.0018 -0.6935 -0.0009 0.7204
1688632266.1731 -71.6475 0.1432 26.7410 -0.0018 -0.6939 -0.0008 0.7201
1688632266.2399 -72.2505 0.1407 26.7633 -0.0018 -0.6942 -0.0009 0.7198
1688632266.3078 -72.8440 0.1425 26.7869 -0.0018 -0.6945 -0.0009 0.7195
1688632266.3745 -73.4335 0.1445 26.7990 -0.0018 -0.6947 -0.0009 0.7193
1688632266.4435 -74.0390 0.1451 26.8238 -0.0018 -0.6950 -0.0009 0.7190
1688632266.5093 -74.6405 0.1535 26.8465 -0.0018 -0.6953 -0.0008 0.7188
1688632266.5761 -75.2434 0.1531 26.8606 -0.0018 -0.6953 -0.0009 0.7187
1688632266.6431 -75.8484 0.1530 26.8813 -0.0019 -0.6955 -0.0009 0.7186
1688632266.7119 -76.4636 0.1526 26.9012 -0.0019 -0.6956 -0.0009 0.7184
1688632266.7755 -77.0738 0.1562 26.9227 -0.0019 -0.6956 -0.0009 0.7184
1688632266.8434 -77.6848 0.1568 26.9366 -0.0018 -0.6956 -0.0009 0.7184
1688632266.9102 -78.3069 0.1608 26.9521 -0.0019 -0.6956 -0.0009 0.7184
1688632266.9760 -78.9311 0.1636 26.9772 -0.0018 -0.6958 -0.0009 0.7183
1688632267.0418 -79.5481 0.1737 26.9993 -0.0018 -0.6958 -0.0009 0.7182
1688632267.1095 -80.1650 0.1637 27.0205 -0.0019 -0.6959 -0.0009 0.7181
1688632267.1752 -80.7816 0.1731 27.0463 -0.0019 -0.6961 -0.0009 0.7179
1688632267.2421 -81.4024 0.1745 27.0574 -0.0019 -0.6961 -0.0009 0.7179
1688632267.3067 -82.0320 0.1826 27.0821 -0.0018 -0.6961 -0.0008 0.7179
1688632267.3729 -82.6599 0.1831 27.0919 -0.0018 -0.6961 -0.0009 0.7180
1688632267.4397 -83.2866 0.1955 27.1127 -0.0017 -0.6960 -0.0008 0.7180
1688632267.5085 -83.9184 0.1883 27.1244 -0.0018 -0.6959 -0.0009 0.7181
1688632267.5731 -84.5474 0.1888 27.1411 -0.0019 -0.6958 -0.0008 0.7182
1688632267.6392 -85.1916 0.2015 27.1701 -0.0018 -0.6956 -0.0007 0.7184
1688632267.7068 -85.8301 0.1884 27.1950 -0.0020 -0.6954 -0.0008 0.7187
1688632267.7754 -86.4813 0.1923 27.2139 -0.0019 -0.6949 -0.0008 0.7191
1688632267.8412 -87.1280 0.1936 27.2337 -0.0020 -0.6943 -0.0008 0.7197
1688632267.9119 -87.7732 0.1980 27.2524 -0.0019 -0.6939 -0.0009 0.7201
1688632267.9743 -88.4214 0.1957 27.2734 -0.0019 -0.6934 -0.0009 0.7206
1688632268.0440 -89.0778 0.1966 27.3056 -0.0020 -0.6931 -0.0009 0.7208
1688632268.1079 -89.7133 0.1997 27.3231 -0.0020 -0.6927 -0.0009 0.7212
1688632268.1756 -90.3722 0.1961 27.3642 -0.0020 -0.6926 -0.0009 0.7213
1688632268.2393 -91.0188 0.2052 27.3878 -0.0019 -0.6924 -0.0010 0.7215
1688632268.3093 -91.6724 0.2087 27.4091 -0.0019 -0.6923 -0.0009 0.7216
1688632268.3749 -92.3170 0.2126 27.4383 -0.0019 -0.6923 -0.0009 0.7216
1688632268.4429 -92.9724 0.2126 27.4704 -0.0020 -0.6923 -0.0009 0.7216
1688632268.5085 -93.6271 0.2138 27.5031 -0.0020 -0.6924 -0.0009 0.7215
1688632268.5762 -94.2805 0.2149 27.5207 -0.0020 -0.6924 -0.0009 0.7215
1688632268.6398 -94.9287 0.2172 27.5530 -0.0020 -0.6925 -0.0009 0.7214
1688632268.7110 -95.5860 0.2260 27.5771 -0.0019 -0.6926 -0.0009 0.7214
1688632268.7733 -96.2399 0.2293 27.6087 -0.0019 -0.6928 -0.0009 0.7211
1688632268.8421 -96.8989 0.2237 27.6341 -0.0019 -0.6930 -0.0010 0.7210
1688632268.9058 -97.5440 0.2238 27.6638 -0.0020 -0.6933 -0.0010 0.7207
1688632268.9725 -98.1967 0.2288 27.6798 -0.0020 -0.6934 -0.0009 0.7205
1688632269.0393 -98.8524 0.2302 27.7083 -0.0020 -0.6937 -0.0009 0.7203
1688632269.1018 -99.5159 0.2371 27.7351 -0.0020 -0.6938 -0.0009 0.7201
1688632269.1727 -100.1642 0.2364 27.7582 -0.0020 -0.6939 -0.0009 0.7201
1688632269.2385 -100.8222 0.2424 27.7806 -0.0020 -0.6940 -0.0009 0.7200
1688632269.3051 -101.4669 0.2429 27.8086 -0.0020 -0.6943 -0.0010 0.7197
1688632269.3728 -102.1210 0.2405 27.8275 -0.0020 -0.6945 -0.0009 0.7195
1688632269.4387 -102.7695 0.2452 27.8532 -0.0020 -0.6948 -0.0009 0.7192
1688632269.5046 -103.4315 0.2525 27.8793 -0.0020 -0.6949 -0.0009 0.7191
1688632269.5704 -104.0751 0.2578 27.9023 -0.0020 -0.6949 -0.0009 0.7191
1688632269.6373 -104.7437 0.2598 27.9281 -0.0019 -0.6950 -0.0009 0.7190
1688632269.7053 -105.3835 0.2533 27.9421 -0.0020 -0.6949 -0.0010 0.7191
1688632269.7710 -106.0386 0.2615 27.9691 -0.0020 -0.6949 -0.0009 0.7191
1688632269.8399 -106.6845 0.2672 27.9919 -0.0020 -0.6949 -0.0009 0.7191
1688632269.9043 -107.3442 0.2720 28.0093 -0.0020 -0.6950 -0.0008 0.7190
1688632269.9700 -107.9769 0.2726 28.0315 -0.0020 -0.6950 -0.0009 0.7190
1688632270.0356 -108.6423 0.2744 28.0567 -0.0020 -0.6951 -0.0009 0.7189
1688632270.1025 -109.3003 0.2730 28.0691 -0.0020 -0.6950 -0.0010 0.7190
1688632270.1712 -109.9590 0.2720 28.0940 -0.0020 -0.6950 -0.0010 0.7191
1688632270.2369 -110.6231 0.2774 28.1173 -0.0021 -0.6950 -0.0009 0.7190
1688632270.3047 -111.2933 0.2737 28.1327 -0.0021 -0.6950 -0.0010 0.7190
1688632270.3703 -111.9613 0.2840 28.1682 -0.0020 -0.6950 -0.0009 0.7190
1688632270.4393 -112.6385 0.2901 28.1876 -0.0021 -0.6948 -0.0009 0.7192
1688632270.5039 -113.2998 0.2874 28.2153 -0.0021 -0.6948 -0.0009 0.7192
1688632270.5704 -113.9586 0.2916 28.2300 -0.0021 -0.6945 -0.0009 0.7195
1688632270.6362 -114.6143 0.2978 28.2598 -0.0021 -0.6942 -0.0008 0.7197
1688632270.7038 -115.2784 0.2991 28.2849 -0.0020 -0.6941 -0.0009 0.7198
1688632270.7682 -115.9440 0.3059 28.3005 -0.0020 -0.6939 -0.0009 0.7201
1688632270.8362 -116.6033 0.3007 28.3234 -0.0021 -0.6937 -0.0009 0.7203
1688632270.9021 -117.2585 0.3046 28.3457 -0.0021 -0.6934 -0.0009 0.7205
1688632270.9697 -117.9270 0.3103 28.3760 -0.0020 -0.6931 -0.0009 0.7208
1688632271.0343 -118.5786 0.3171 28.4075 -0.0020 -0.6929 -0.0009 0.7211
1688632271.1042 -119.2448 0.3105 28.4308 -0.0021 -0.6926 -0.0010 0.7213
1688632271.1687 -119.9058 0.3115 28.4533 -0.0021 -0.6923 -0.0009 0.7216
1688632271.2368 -120.5685 0.3212 28.4858 -0.0020 -0.6922 -0.0009 0.7217
1688632271.3026 -121.2211 0.3162 28.5120 -0.0021 -0.6921 -0.0010 0.7218
1688632271.3704 -121.8861 0.3276 28.5451 -0.0020 -0.6920 -0.0010 0.7219
1688632271.4352 -122.5390 0.3277 28.5698 -0.0020 -0.6918 -0.0010 0.7221
1688632271.5020 -123.1985 0.3231 28.5995 -0.0021 -0.6917 -0.0010 0.7222
1688632271.5675 -123.8543 0.3272 28.6327 -0.0020 -0.6917 -0.0010 0.7222
1688632271.6343 -124.5176 0.3286 28.6671 -0.0021 -0.6916 -0.0010 0.7223
1688632271.7013 -125.1790 0.3322 28.6876 -0.0020 -0.6915 -0.0010 0.7224
1688632271.7667 -125.8224 0.3366 28.7150 -0.0020 -0.6915 -0.0010 0.7224
1688632271.8346 -126.4705 0.3387 28.7281 -0.0021 -0.6913 -0.0009 0.7226
1688632271.9002 -127.1319 0.3376 28.7697 -0.0021 -0.6913 -0.0010 0.7226
1688632271.9669 -127.7837 0.3448 28.7916 -0.0021 -0.6912 -0.0010 0.7227
1688632272.0369 -128.4366 0.3450 28.8173 -0.0021 -0.6912 -0.0010 0.7227
1688632272.1014 -129.0762 0.3506 28.8466 -0.0021 -0.6912 -0.0010 0.7227
1688632272.1691 -129.7326 0.3549 28.8620 -0.0021 -0.6910 -0.0009 0.7228
1688632272.2347 -130.3858 0.3555 28.8967 -0.0021 -0.6910 -0.0009 0.7229
1688632272.3014 -131.0555 0.3554 28.9201 -0.0021 -0.6909 -0.0010 0.7229
1688632272.3661 -131.7000 0.3561 28.9581 -0.0022 -0.6910 -0.0010 0.7228
1688632272.4339 -132.3504 0.3621 28.9778 -0.0021 -0.6910 -0.0010 0.7229
1688632272.4984 -132.9984 0.3625 29.0083 -0.0021 -0.6911 -0.0010 0.7228
1688632272.5671 -133.6533 0.3710 29.0195 -0.0021 -0.6910 -0.0009 0.7229
1688632272.6316 -134.2915 0.3702 29.0517 -0.0022 -0.6911 -0.0009 0.7227
1688632272.7009 -134.9550 0.3745 29.0910 -0.0021 -0.6913 -0.0009 0.7225
1688632272.7655 -135.5870 0.3716 29.1006 -0.0022 -0.6912 -0.0010 0.7226
1688632272.8345 -136.2282 0.3754 29.1187 -0.0021 -0.6912 -0.0010 0.7226
1688632272.8990 -136.8789 0.3785 29.1589 -0.0020 -0.6916 -0.0011 0.7223
1688632272.9678 -137.5318 0.3884 29.1955 -0.0019 -0.6918 -0.0010 0.7221
1688632273.0346 -138.1852 0.3869 29.2253 -0.0020 -0.6922 -0.0010 0.7217
1688632273.1003 -138.8440 0.3959 29.2432 -0.0019 -0.6923 -0.0010 0.7216
1688632273.1689 -139.5036 0.3936 29.2723 -0.0020 -0.6926 -0.0011 0.7213
1688632273.2336 -140.1588 0.3907 29.2931 -0.0020 -0.6926 -0.0011 0.7213
1688632273.3004 -140.8065 0.4009 29.3220 -0.0020 -0.6928 -0.0010 0.7212
1688632273.3670 -141.4574 0.4080 29.3434 -0.0019 -0.6929 -0.0010 0.7210
1688632273.4359 -142.0869 0.4107 29.3720 -0.0019 -0.6930 -0.0010 0.7209
1688632273.5006 -142.7338 0.4106 29.3919 -0.0020 -0.6931 -0.0010 0.7209
1688632273.5683 -143.3764 0.4092 29.4189 -0.0020 -0.6932 -0.0011 0.7208
1688632273.6351 -144.0086 0.4135 29.4356 -0.0020 -0.6932 -0.0011 0.7208
1688632273.7049 -144.6560 0.4145 29.4674 -0.0020 -0.6933 -0.0011 0.7207
1688632273.7683 -145.3033 0.4126 29.4989 -0.0020 -0.6933 -0.0011 0.7206
1688632273.8362 -145.9509 0.4136 29.5122 -0.0021 -0.6931 -0.0011 0.7208
1688632273.9007 -146.5934 0.4265 29.5426 -0.0019 -0.6931 -0.0011 0.7209
1688632273.9695 -147.2353 0.4265 29.5594 -0.0019 -0.6927 -0.0011 0.7212
1688632274.0330 -147.8636 0.4400 29.5869 -0.0019 -0.6924 -0.0010 0.7215
1688632274.1018 -148.5026 0.4362 29.6082 -0.0020 -0.6923 -0.0010 0.7216
1688632274.1673 -149.1337 0.4342 29.6338 -0.0021 -0.6922 -0.0010 0.7217
1688632274.2381 -149.7677 0.4306 29.6490 -0.0021 -0.6922 -0.0011 0.7217
1688632274.3017 -150.4030 0.4276 29.6795 -0.0022 -0.6923 -0.0010 0.7216
1688632274.3705 -151.0353 0.4416 29.7070 -0.0021 -0.6926 -0.0010 0.7213
1688632274.4361 -151.6554 0.4450 29.7263 -0.0021 -0.6926 -0.0010 0.7214
1688632274.5049 -152.2797 0.4527 29.7632 -0.0020 -0.6927 -0.0010 0.7213
1688632274.5673 -152.9068 0.4468 29.7970 -0.0021 -0.6928 -0.0011 0.7211
1688632274.6405 -153.5451 0.4409 29.8084 -0.0022 -0.6926 -0.0012 0.7213
1688632274.7002 -154.1733 0.4660 29.8312 -0.0020 -0.6927 -0.0009 0.7212
1688632274.7732 -154.8019 0.4693 29.8470 -0.0020 -0.6928 -0.0008 0.7212
1688632274.8347 -155.4369 0.4689 29.8869 -0.0020 -0.6930 -0.0009 0.7209
1688632274.9109 -156.0644 0.4695 29.9071 -0.0021 -0.6931 -0.0009 0.7209
1688632274.9690 -156.6898 0.4724 29.9451 -0.0020 -0.6933 -0.0009 0.7206
1688632275.0398 -157.3198 0.4701 29.9552 -0.0021 -0.6933 -0.0009 0.7207
1688632275.1024 -157.9564 0.4693 29.9837 -0.0020 -0.6936 -0.0011 0.7203
1688632275.1753 -158.5880 0.4855 29.9989 -0.0020 -0.6936 -0.0009 0.7203
1688632275.2357 -159.2131 0.4833 30.0445 -0.0020 -0.6939 -0.0010 0.7201
1688632275.3076 -159.8328 0.4714 30.0456 -0.0021 -0.6937 -0.0011 0.7203
1688632275.3668 -160.4585 0.4826 30.0824 -0.0021 -0.6941 -0.0010 0.7199
1688632275.4420 -161.0794 0.4839 30.1086 -0.0022 -0.6945 -0.0010 0.7195
1688632275.5046 -161.7018 0.4889 30.1131 -0.0020 -0.6947 -0.0010 0.7193
1688632275.5734 -162.3022 0.4865 30.1229 -0.0019 -0.6951 -0.0011 0.7189
1688632275.6368 -162.9255 0.4909 30.1610 -0.0021 -0.6960 -0.0010 0.7180
1688632275.7089 -163.5225 0.4883 30.1713 -0.0021 -0.6966 -0.0011 0.7174
1688632275.7725 -164.1570 0.5011 30.1783 -0.0020 -0.6971 -0.0010 0.7170
1688632275.8435 -164.7621 0.4937 30.2049 -0.0021 -0.6979 -0.0011 0.7162
1688632275.9028 -165.3771 0.4976 30.2176 -0.0022 -0.6986 -0.0010 0.7155
1688632275.9769 -165.9867 0.4981 30.2311 -0.0022 -0.6994 -0.0011 0.7147
1688632276.0363 -166.5954 0.4928 30.2495 -0.0024 -0.7004 -0.0011 0.7137
1688632276.1083 -167.2055 0.5059 30.2605 -0.0023 -0.7013 -0.0009 0.7128
1688632276.1716 -167.8217 0.5212 30.2679 -0.0021 -0.7025 -0.0008 0.7117
1688632276.2415 -168.4353 0.5028 30.2552 -0.0026 -0.7035 -0.0010 0.7107
1688632276.3040 -169.0390 0.5118 30.2716 -0.0024 -0.7051 -0.0010 0.7091
1688632276.3738 -169.6243 0.5152 30.2926 -0.0023 -0.7067 -0.0010 0.7075
1688632276.4364 -170.2255 0.5194 30.2869 0.0024 0.7082 0.0010 -0.7060
1688632276.5065 -170.8216 0.5188 30.2680 0.0023 0.7100 0.0010 -0.7042
1688632276.5680 -171.4200 0.5089 30.2543 0.0025 0.7118 0.0012 -0.7023
1688632276.6389 -172.0101 0.5019 30.2211 0.0026 0.7133 0.0013 -0.7009
1688632276.7024 -172.6080 0.5054 30.2153 0.0026 0.7153 0.0013 -0.6988
1688632276.7719 -173.2074 0.5077 30.2032 0.0028 0.7172 0.0013 -0.6969
1688632276.8364 -173.8074 0.5103 30.1819 0.0027 0.7191 0.0013 -0.6949
1688632276.9064 -174.3887 0.5091 30.1601 0.0026 0.7213 0.0014 -0.6926
1688632276.9656 -174.9797 0.5001 30.1313 0.0029 0.7235 0.0015 -0.6903
1688632277.0409 -175.5598 0.5080 30.0895 0.0027 0.7254 0.0015 -0.6883
1688632277.1003 -176.1500 0.5152 30.0408 0.0027 0.7279 0.0015 -0.6857
1688632277.1701 -176.7453 0.5078 30.0182 0.0027 0.7304 0.0016 -0.6830
1688632277.2338 -177.3322 0.5138 29.9607 0.0026 0.7333 0.0016 -0.6799
1688632277.3027 -177.9116 0.5154 29.9134 0.0026 0.7360 0.0017 -0.6770
1688632277.3671 -178.4947 0.5280 29.8485 0.0025 0.7393 0.0016 -0.6733
1688632277.4359 -179.0666 0.5313 29.7954 0.0025 0.7430 0.0016 -0.6693
1688632277.4984 -179.6357 0.5389 29.7411 0.0024 0.7470 0.0015 -0.6648
1688632277.5691 -180.1998 0.5417 29.6756 0.0024 0.7506 0.0015 -0.6608
1688632277.6327 -180.7756 0.5406 29.6012 0.0024 0.7549 0.0016 -0.6559
1688632277.7016 -181.3369 0.5557 29.5131 0.0023 0.7587 0.0014 -0.6515
1688632277.7663 -181.9106 0.5466 29.4022 0.0024 0.7631 0.0016 -0.6463
1688632277.8362 -182.4957 0.5354 29.2992 0.0027 0.7678 0.0017 -0.6407
1688632277.8986 -183.0440 0.5492 29.1859 0.0026 0.7727 0.0016 -0.6348
1688632277.9691 -183.6001 0.5546 29.0774 0.0025 0.7770 0.0016 -0.6295
1688632278.0326 -184.1578 0.5619 28.9339 0.0024 0.7818 0.0016 -0.6235
1688632278.1025 -184.7091 0.5593 28.8002 0.0024 0.7862 0.0017 -0.6179
1688632278.1662 -185.2564 0.5709 28.6584 0.0024 0.7913 0.0016 -0.6114
1688632278.2362 -185.7891 0.5568 28.4872 0.0025 0.7963 0.0019 -0.6049
1688632278.3030 -186.3206 0.5597 28.3342 0.0026 0.8015 0.0019 -0.5980
1688632278.3707 -186.8589 0.5493 28.1312 0.0026 0.8057 0.0021 -0.5923
1688632278.4323 -187.3937 0.5634 27.9522 0.0025 0.8111 0.0019 -0.5849
1688632278.5042 -187.9242 0.5520 27.7540 0.0027 0.8157 0.0021 -0.5784
1688632278.5665 -188.4315 0.5730 27.5556 0.0026 0.8219 0.0018 -0.5696
1688632278.6365 -188.9592 0.5732 27.3637 0.0026 0.8268 0.0019 -0.5624
1688632278.7002 -189.4548 0.5747 27.1588 0.0026 0.8323 0.0019 -0.5543
1688632278.7711 -189.9723 0.5787 26.9467 0.0025 0.8370 0.0019 -0.5471
1688632278.8327 -190.4686 0.5845 26.7049 0.0025 0.8419 0.0019 -0.5396
1688632278.9036 -190.9833 0.5748 26.4631 0.0027 0.8463 0.0021 -0.5327
1688632278.9671 -191.4730 0.5863 26.2049 0.0028 0.8520 0.0019 -0.5235
1688632279.0373 -191.9627 0.5841 25.9760 0.0028 0.8566 0.0019 -0.5160
1688632279.0986 -192.4561 0.5882 25.7107 0.0029 0.8617 0.0019 -0.5074
1688632279.1695 -192.9510 0.5903 25.4132 0.0028 0.8660 0.0019 -0.5000
1688632279.2341 -193.4186 0.5774 25.1423 0.0031 0.8712 0.0021 -0.4909
1688632279.3018 -193.8992 0.5681 24.8394 0.0032 0.8762 0.0022 -0.4820
1688632279.3674 -194.3635 0.5928 24.5485 0.0030 0.8804 0.0019 -0.4742
1688632279.4362 -194.8319 0.6023 24.2446 0.0029 0.8851 0.0019 -0.4654
1688632279.4985 -195.2787 0.5960 23.9459 0.0030 0.8898 0.0019 -0.4563
1688632279.5684 -195.7239 0.6014 23.6163 0.0030 0.8937 0.0018 -0.4487
1688632279.6328 -196.1595 0.6166 23.2794 0.0028 0.8982 0.0017 -0.4395
1688632279.7027 -196.6088 0.6165 22.9325 0.0029 0.9027 0.0017 -0.4302
1688632279.7675 -197.0231 0.6097 22.5618 0.0031 0.9071 0.0018 -0.4209
1688632279.8363 -197.4389 0.6088 22.2042 0.0032 0.9109 0.0018 -0.4126
1688632279.9030 -197.8579 0.6138 21.8361 0.0031 0.9153 0.0018 -0.4027
1688632279.9711 -198.2668 0.6233 21.4514 0.0030 0.9190 0.0017 -0.3943
1688632280.0377 -198.6701 0.6280 21.0533 0.0030 0.9232 0.0016 -0.3843
1688632280.1032 -199.0755 0.6356 20.6387 0.0030 0.9273 0.0015 -0.3744
1688632280.1721 -199.4609 0.6405 20.2376 0.0029 0.9313 0.0015 -0.3641
1688632280.2356 -199.8471 0.6447 19.8090 0.0029 0.9347 0.0015 -0.3554
1688632280.3045 -200.2065 0.6454 19.3824 0.0028 0.9385 0.0015 -0.3454
1688632280.3701 -200.5859 0.6495 18.9340 0.0029 0.9422 0.0014 -0.3350
1688632280.4358 -200.9331 0.6602 18.4909 0.0028 0.9452 0.0013 -0.3265
1688632280.5024 -201.2828 0.6594 18.0301 0.0028 0.9486 0.0013 -0.3165
1688632280.5692 -201.6256 0.6539 17.5648 0.0029 0.9518 0.0014 -0.3067
1688632280.6360 -201.9509 0.6534 17.0892 0.0030 0.9544 0.0014 -0.2986
1688632280.7027 -202.2666 0.6548 16.6000 0.0030 0.9571 0.0014 -0.2897
1688632280.7693 -202.5858 0.6521 16.1045 0.0030 0.9597 0.0014 -0.2811
1688632280.8371 -202.8969 0.6640 15.6279 0.0030 0.9617 0.0013 -0.2741
1688632280.9017 -203.1954 0.6618 15.1217 0.0030 0.9638 0.0013 -0.2667
1688632280.9693 -203.4926 0.6701 14.6357 0.0029 0.9654 0.0013 -0.2608
1688632281.0360 -203.7801 0.6829 14.1372 0.0028 0.9671 0.0012 -0.2545
1688632281.1036 -204.0432 0.6736 13.6393 0.0029 0.9684 0.0012 -0.2492
1688632281.1704 -204.3180 0.6757 13.1237 0.0029 0.9696 0.0012 -0.2445
1688632281.2372 -204.5928 0.6801 12.6006 0.0029 0.9705 0.0012 -0.2410
1688632281.3029 -204.8598 0.6806 12.0698 0.0029 0.9714 0.0012 -0.2373
1688632281.3721 -205.1271 0.6770 11.5490 0.0030 0.9722 0.0013 -0.2341
1688632281.4369 -205.3963 0.6844 11.0092 0.0029 0.9729 0.0012 -0.2311
1688632281.5037 -205.6517 0.6821 10.4786 0.0029 0.9734 0.0013 -0.2290
1688632281.5703 -205.9072 0.6891 9.9468 0.0029 0.9740 0.0012 -0.2265
1688632281.6375 -206.1635 0.6964 9.4050 0.0029 0.9745 0.0011 -0.2246
1688632281.7055 -206.4175 0.7009 8.8514 0.0028 0.9750 0.0011 -0.2224
1688632281.7700 -206.6884 0.6984 8.2892 0.0029 0.9755 0.0012 -0.2202
1688632281.8358 -206.9338 0.6981 7.7540 0.0028 0.9758 0.0012 -0.2185
1688632281.9057 -207.1801 0.7026 7.1977 0.0028 0.9763 0.0012 -0.2166
1688632281.9712 -207.4333 0.7102 6.6353 0.0029 0.9767 0.0011 -0.2144
1688632282.0390 -207.6843 0.7097 6.0703 0.0028 0.9771 0.0011 -0.2127
1688632282.1047 -207.9462 0.7172 5.5105 0.0028 0.9775 0.0011 -0.2108
1688632282.1748 -208.1994 0.7171 4.9361 0.0028 0.9779 0.0011 -0.2089
1688632282.2384 -208.4318 0.7131 4.3846 0.0028 0.9783 0.0012 -0.2074
1688632282.3064 -208.6603 0.7138 3.8186 0.0029 0.9785 0.0012 -0.2061
1688632282.3717 -208.8938 0.7122 3.2472 0.0028 0.9789 0.0012 -0.2045
1688632282.4400 -209.1356 0.7122 2.6736 0.0028 0.9792 0.0013 -0.2030
1688632282.5059 -209.3699 0.7187 2.0985 0.0028 0.9795 0.0012 -0.2016
1688632282.5716 -209.5984 0.7114 1.5140 0.0029 0.9798 0.0013 -0.2002
1688632282.6415 -209.8418 0.7126 0.9261 0.0029 0.9801 0.0013 -0.1986
1688632282.7040 -210.0939 0.7115 0.3330 0.0029 0.9803 0.0013 -0.1974
1688632282.7729 -210.3328 0.7148 -0.2654 0.0028 0.9806 0.0013 -0.1962
1688632282.8375 -210.5831 0.7221 -0.8635 0.0028 0.9808 0.0013 -0.1950
1688632282.9065 -210.8280 0.7234 -1.4665 0.0028 0.9809 0.0013 -0.1943
1688632282.9714 -211.0673 0.7330 -2.0731 0.0028 0.9811 0.0012 -0.1936
1688632283.0403 -211.3146 0.7344 -2.6749 0.0028 0.9812 0.0012 -0.1931
1688632283.1062 -211.5615 0.7331 -3.2960 0.0028 0.9812 0.0013 -0.1930
1688632283.1721 -211.7999 0.7344 -3.8997 0.0028 0.9812 0.0013 -0.1930
1688632283.2389 -212.0483 0.7434 -4.5211 0.0028 0.9812 0.0012 -0.1931
1688632283.3057 -212.2882 0.7308 -5.1389 0.0028 0.9811 0.0013 -0.1933
1688632283.3692 -212.5504 0.7434 -5.7569 0.0028 0.9811 0.0012 -0.1934
1688632283.4370 -212.7941 0.7461 -6.3634 0.0028 0.9811 0.0012 -0.1936
1688632283.5035 -213.0517 0.7470 -6.9870 0.0028 0.9810 0.0013 -0.1940
1688632283.5703 -213.2803 0.7563 -7.5850 0.0028 0.9809 0.0012 -0.1947
1688632283.6371 -213.5176 0.7534 -8.2026 0.0028 0.9808 0.0013 -0.1952
1688632283.7037 -213.7766 0.7598 -8.8305 0.0027 0.9807 0.0012 -0.1954
1688632283.7706 -214.0333 0.7628 -9.4598 0.0028 0.9807 0.0012 -0.1956
1688632283.8384 -214.2837 0.7638 -10.0701 0.0028 0.9805 0.0012 -0.1966
1688632283.9029 -214.5454 0.7671 -10.6859 0.0027 0.9803 0.0012 -0.1974
1688632283.9685 -214.7899 0.7590 -11.2855 0.0027 0.9802 0.0013 -0.1978
1688632284.0363 -215.0341 0.7628 -11.9004 0.0028 0.9802 0.0013 -0.1980
1688632284.1033 -215.2987 0.7703 -12.5134 0.0028 0.9802 0.0013 -0.1980
1688632284.1731 -215.5602 0.7705 -13.1204 0.0028 0.9802 0.0013 -0.1982
1688632284.2398 -215.8191 0.7832 -13.7053 0.0028 0.9801 0.0012 -0.1984
1688632284.3063 -216.0685 0.7728 -14.3080 0.0027 0.9801 0.0013 -0.1986
1688632284.3732 -216.3266 0.7663 -14.9085 0.0028 0.9800 0.0014 -0.1989
1688632284.4399 -216.5782 0.7695 -15.5008 0.0027 0.9800 0.0014 -0.1990
1688632284.5075 -216.8212 0.7880 -16.1046 0.0027 0.9800 0.0012 -0.1991
1688632284.5733 -217.0747 0.7868 -16.7013 0.0027 0.9800 0.0013 -0.1987
1688632284.6402 -217.3120 0.7880 -17.2893 0.0028 0.9802 0.0013 -0.1980
1688632284.7026 -217.5666 0.7926 -17.8913 0.0028 0.9804 0.0013 -0.1971
1688632284.7725 -217.8244 0.7906 -18.4978 0.0028 0.9807 0.0013 -0.1956
1688632284.8371 -218.0654 0.7905 -19.1037 0.0028 0.9810 0.0013 -0.1941
1688632284.9049 -218.3182 0.8017 -19.7127 0.0027 0.9813 0.0012 -0.1926
1688632284.9723 -218.5550 0.8034 -20.3121 0.0028 0.9817 0.0012 -0.1903
1688632285.0422 -218.7865 0.8002 -20.9056 0.0028 0.9821 0.0013 -0.1881
1688632285.1049 -219.0299 0.8102 -21.5089 0.0027 0.9827 0.0012 -0.1854
1688632285.1758 -219.2558 0.8057 -22.1030 0.0027 0.9831 0.0012 -0.1829
1688632285.2385 -219.4867 0.8087 -22.7231 0.0028 0.9837 0.0012 -0.1799
1688632285.3084 -219.7272 0.8168 -23.3194 0.0027 0.9842 0.0012 -0.1770
1688632285.3720 -219.9380 0.8180 -23.9349 0.0028 0.9848 0.0012 -0.1739
1688632285.4420 -220.1671 0.8168 -24.5389 0.0028 0.9853 0.0012 -0.1706
1688632285.5066 -220.3925 0.8163 -25.1625 0.0028 0.9860 0.0012 -0.1668
1688632285.5753 -220.6015 0.8182 -25.7794 0.0028 0.9866 0.0012 -0.1634
1688632285.6390 -220.8087 0.8247 -26.3936 0.0028 0.9873 0.0011 -0.1590
1688632285.7089 -221.0044 0.8394 -26.9965 0.0027 0.9879 0.0010 -0.1553
1688632285.7735 -221.2047 0.8409 -27.6131 0.0027 0.9886 0.0010 -0.1508
1688632285.8414 -221.3961 0.8355 -28.2238 0.0027 0.9893 0.0011 -0.1462
1688632285.9039 -221.5809 0.8411 -28.8498 0.0028 0.9899 0.0010 -0.1417
1688632285.9737 -221.7742 0.8369 -29.4692 0.0027 0.9905 0.0011 -0.1377
1688632286.0363 -221.9363 0.8381 -30.0944 0.0027 0.9911 0.0010 -0.1334
1688632286.1072 -222.1025 0.8329 -30.7076 0.0027 0.9915 0.0011 -0.1298
1688632286.1697 -222.2633 0.8321 -31.3426 0.0028 0.9920 0.0012 -0.1258
1688632286.2388 -222.4204 0.8334 -31.9720 0.0027 0.9925 0.0011 -0.1219
1688632286.3024 -222.5782 0.8371 -32.6009 0.0028 0.9930 0.0011 -0.1185
1688632286.3731 -222.7368 0.8432 -33.2322 0.0027 0.9934 0.0010 -0.1143
1688632286.4399 -222.8750 0.8321 -33.8592 0.0028 0.9939 0.0012 -0.1106
1688632286.5077 -223.0187 0.8450 -34.4865 0.0027 0.9942 0.0011 -0.1072
1688632286.5722 -223.1476 0.8467 -35.1192 0.0026 0.9945 0.0010 -0.1047
1688632286.6403 -223.2809 0.8433 -35.7501 0.0028 0.9948 0.0011 -0.1019
1688632286.7057 -223.4040 0.8498 -36.3831 0.0027 0.9951 0.0010 -0.0993
1688632286.7729 -223.5319 0.8355 -37.0202 0.0028 0.9952 0.0012 -0.0973
1688632286.8377 -223.6588 0.8316 -37.6517 0.0028 0.9955 0.0013 -0.0951
1688632286.9075 -223.7656 0.8428 -38.2955 0.0028 0.9956 0.0012 -0.0933
1688632286.9708 -223.8872 0.8482 -38.9391 0.0028 0.9958 0.0011 -0.0912
1688632287.0377 -224.0078 0.8433 -39.5721 0.0028 0.9960 0.0012 -0.0889
1688632287.1044 -224.1223 0.8498 -40.2054 0.0027 0.9962 0.0011 -0.0871
1688632287.1712 -224.2221 0.8493 -40.8397 0.0028 0.9963 0.0011 -0.0854
1688632287.2371 -224.3354 0.8542 -41.4777 0.0028 0.9965 0.0011 -0.0837
1688632287.3052 -224.4479 0.8575 -42.1079 0.0027 0.9966 0.0011 -0.0824
1688632287.3706 -224.5472 0.8649 -42.7378 0.0028 0.9967 0.0010 -0.0810
1688632287.4397 -224.6485 0.8707 -43.3681 0.0027 0.9968 0.0010 -0.0795
1688632287.5051 -224.7487 0.8637 -44.0066 0.0027 0.9970 0.0011 -0.0779
1688632287.5708 -224.8444 0.8693 -44.6411 0.0027 0.9971 0.0010 -0.0766
1688632287.6406 -224.9432 0.8753 -45.2764 0.0028 0.9972 0.0010 -0.0751
1688632287.7064 -225.0385 0.8669 -45.9026 0.0028 0.9973 0.0011 -0.0735
1688632287.7721 -225.1372 0.8762 -46.5366 0.0027 0.9974 0.0010 -0.0722
1688632287.8388 -225.2176 0.8714 -47.1714 0.0027 0.9975 0.0010 -0.0708
1688632287.9077 -225.3120 0.8785 -47.8009 0.0027 0.9976 0.0010 -0.0694
1688632287.9734 -225.4030 0.8815 -48.4310 0.0027 0.9977 0.0010 -0.0682
1688632288.0400 -225.4886 0.8805 -49.0638 0.0027 0.9978 0.0010 -0.0669
1688632288.1058 -225.5719 0.8744 -49.6912 0.0027 0.9978 0.0011 -0.0657
1688632288.1705 -225.6515 0.8795 -50.3272 0.0027 0.9979 0.0010 -0.0648
1688632288.2382 -225.7335 0.8808 -50.9627 0.0026 0.9980 0.0010 -0.0637
1688632288.3039 -225.8063 0.8901 -51.6003 0.0026 0.9980 0.0009 -0.0630
1688632288.3696 -225.8829 0.8878 -52.2271 0.0026 0.9980 0.0010 -0.0625
1688632288.4396 -225.9661 0.8754 -52.8616 0.0027 0.9981 0.0011 -0.0618
1688632288.5044 -226.0503 0.8807 -53.4878 0.0027 0.9981 0.0011 -0.0611
1688632288.5701 -226.1255 0.8881 -54.1270 0.0026 0.9981 0.0010 -0.0609
1688632288.6370 -226.2017 0.8937 -54.7598 0.0027 0.9982 0.0010 -0.0604
1688632288.7060 -226.2746 0.8945 -55.3970 0.0028 0.9982 0.0010 -0.0602
1688632288.7730 -226.3637 0.8900 -56.0251 0.0026 0.9982 0.0010 -0.0599
1688632288.8389 -226.4271 0.8940 -56.6582 0.0026 0.9982 0.0010 -0.0601
1688632288.9058 -226.4957 0.9019 -57.2876 0.0027 0.9982 0.0010 -0.0601
1688632288.9703 -226.5653 0.9010 -57.9189 0.0026 0.9982 0.0010 -0.0603
1688632289.0383 -226.6517 0.9030 -58.5509 0.0026 0.9982 0.0010 -0.0602
1688632289.1062 -226.7262 0.9093 -59.1787 0.0026 0.9982 0.0009 -0.0603
1688632289.1720 -226.8101 0.9032 -59.8092 0.0026 0.9982 0.0010 -0.0602
1688632289.2399 -226.8800 0.9109 -60.4421 0.0027 0.9982 0.0009 -0.0603
1688632289.3046 -226.9498 0.9179 -61.0770 0.0027 0.9982 0.0009 -0.0605
1688632289.3755 -227.0240 0.9125 -61.7133 0.0027 0.9982 0.0010 -0.0607
1688632289.4402 -227.0960 0.9209 -62.3396 0.0026 0.9981 0.0009 -0.0608
1688632289.5103 -227.1761 0.9193 -62.9807 0.0027 0.9981 0.0009 -0.0609
1688632289.5717 -227.2494 0.9170 -63.5996 0.0027 0.9981 0.0009 -0.0608
1688632289.6438 -227.3237 0.9226 -64.2386 0.0027 0.9982 0.0009 -0.0606
1688632289.7033 -227.3987 0.9206 -64.8758 0.0027 0.9982 0.0009 -0.0600
1688632289.7733 -227.4848 0.9177 -65.5090 0.0026 0.9982 0.0010 -0.0593
1688632289.8379 -227.5473 0.9294 -66.1434 0.0026 0.9983 0.0009 -0.0589
1688632289.9079 -227.6270 0.9310 -66.7869 0.0026 0.9983 0.0009 -0.0583
1688632289.9693 -227.7047 0.9219 -67.3999 0.0025 0.9983 0.0010 -0.0576
1688632290.0414 -227.7792 0.9316 -68.0276 0.0025 0.9984 0.0009 -0.0572
1688632290.1039 -227.8367 0.9312 -68.6510 0.0025 0.9984 0.0009 -0.0569
1688632290.1714 -227.9112 0.9241 -69.2795 0.0025 0.9984 0.0010 -0.0566
1688632290.2362 -227.9817 0.9280 -69.9038 0.0025 0.9984 0.0010 -0.0561
1688632290.3060 -228.0435 0.9318 -70.5452 0.0025 0.9984 0.0009 -0.0558
1688632290.3716 -228.1117 0.9333 -71.1747 0.0025 0.9984 0.0009 -0.0556
1688632290.4372 -228.1783 0.9325 -71.7933 0.0025 0.9985 0.0010 -0.0556
1688632290.5051 -228.2403 0.9345 -72.4253 0.0025 0.9984 0.0009 -0.0557
1688632290.5729 -228.3097 0.9390 -73.0624 0.0025 0.9984 0.0009 -0.0557
1688632290.6398 -228.3836 0.9417 -73.6838 0.0025 0.9984 0.0009 -0.0557
1688632290.7042 -228.4532 0.9388 -74.3127 0.0026 0.9984 0.0010 -0.0558
1688632290.7720 -228.5163 0.9486 -74.9354 0.0026 0.9984 0.0008 -0.0559
1688632290.8356 -228.5703 0.9530 -75.5614 0.0026 0.9984 0.0008 -0.0562
1688632290.9056 -228.6446 0.9503 -76.1898 0.0026 0.9984 0.0009 -0.0561
1688632290.9691 -228.7043 0.9388 -76.8152 0.0024 0.9984 0.0010 -0.0564
1688632291.0378 -228.7733 0.9429 -77.4431 0.0025 0.9984 0.0010 -0.0565
1688632291.1047 -228.8244 0.9491 -78.0572 0.0025 0.9984 0.0009 -0.0568
1688632291.1716 -228.8953 0.9445 -78.6770 0.0025 0.9984 0.0010 -0.0571
1688632291.2372 -228.9529 0.9577 -79.3007 0.0026 0.9983 0.0008 -0.0575
1688632291.3041 -229.0339 0.9676 -79.9198 0.0027 0.9983 0.0007 -0.0578
1688632291.3686 -229.0977 0.9678 -80.5465 0.0027 0.9983 0.0007 -0.0582
1688632291.4365 -229.1777 0.9725 -81.1716 0.0027 0.9983 0.0007 -0.0585
1688632291.5022 -229.2506 0.9734 -81.7935 0.0027 0.9983 0.0007 -0.0588
1688632291.5689 -229.3187 0.9650 -82.4218 0.0026 0.9982 0.0008 -0.0591
1688632291.6366 -229.3926 0.9660 -83.0464 0.0026 0.9982 0.0008 -0.0595
1688632291.7024 -229.4662 0.9705 -83.6677 0.0026 0.9982 0.0007 -0.0598
1688632291.7713 -229.5339 0.9770 -84.2929 0.0027 0.9982 0.0007 -0.0604
1688632291.8359 -229.6136 0.9709 -84.9188 0.0026 0.9981 0.0008 -0.0609
1688632291.9048 -229.6904 0.9683 -85.5550 0.0026 0.9981 0.0008 -0.0611
1688632291.9704 -229.7573 0.9623 -86.1662 0.0025 0.9981 0.0009 -0.0613
1688632292.0351 -229.8299 0.9610 -86.7866 0.0025 0.9981 0.0009 -0.0615
1688632292.1050 -229.9095 0.9633 -87.4053 0.0025 0.9981 0.0009 -0.0616
1688632292.1695 -229.9808 0.9736 -88.0313 0.0026 0.9981 0.0008 -0.0619
1688632292.2395 -230.0637 0.9670 -88.6580 0.0026 0.9981 0.0009 -0.0622
1688632292.3029 -230.1383 0.9655 -89.2848 0.0025 0.9980 0.0009 -0.0627
1688632292.3717 -230.2132 0.9700 -89.9033 0.0026 0.9980 0.0009 -0.0629
1688632292.4361 -230.2977 0.9690 -90.5259 0.0026 0.9980 0.0009 -0.0631
1688632292.5043 -230.3733 0.9741 -91.1492 0.0026 0.9980 0.0009 -0.0634
1688632292.5697 -230.4509 0.9726 -91.7730 0.0026 0.9980 0.0009 -0.0637
1688632292.6376 -230.5388 0.9801 -92.3930 0.0025 0.9979 0.0008 -0.0641
1688632292.7041 -230.6136 0.9766 -93.0117 0.0025 0.9979 0.0009 -0.0645
1688632292.7708 -230.6924 0.9866 -93.6353 0.0026 0.9979 0.0008 -0.0648
1688632292.8346 -230.7705 0.9883 -94.2452 0.0027 0.9979 0.0008 -0.0651
1688632292.9036 -230.8519 0.9849 -94.8689 0.0026 0.9979 0.0008 -0.0653
1688632292.9704 -230.9342 0.9920 -95.4935 0.0027 0.9979 0.0008 -0.0653
1688632293.0395 -231.0075 0.9960 -96.1105 0.0026 0.9979 0.0007 -0.0652
1688632293.1062 -231.0911 0.9938 -96.7358 0.0026 0.9979 0.0008 -0.0648
1688632293.1730 -231.1744 0.9920 -97.3483 0.0025 0.9979 0.0008 -0.0641
1688632293.2387 -231.2618 0.9953 -97.9733 0.0024 0.9980 0.0008 -0.0634
1688632293.3043 -231.3424 0.9933 -98.5927 0.0025 0.9980 0.0008 -0.0630
1688632293.3719 -231.4282 0.9972 -99.2235 0.0025 0.9980 0.0008 -0.0626
1688632293.4372 -231.4972 1.0038 -99.8397 0.0026 0.9980 0.0007 -0.0625
1688632293.5069 -231.5839 0.9887 -100.4522 0.0023 0.9981 0.0009 -0.0622
1688632293.5716 -231.6543 1.0017 -101.0638 0.0024 0.9981 0.0008 -0.0622
1688632293.6406 -231.7393 0.9895 -101.6910 0.0023 0.9981 0.0009 -0.0621
1688632293.7051 -231.8140 0.9971 -102.3152 0.0024 0.9981 0.0008 -0.0621
1688632293.7706 -231.8775 1.0051 -102.9371 0.0025 0.9981 0.0008 -0.0622
1688632293.8395 -231.9504 1.0141 -103.5602 0.0027 0.9981 0.0007 -0.0623
1688632293.9064 -232.0310 1.0053 -104.1775 0.0027 0.9981 0.0008 -0.0623
1688632293.9709 -232.0991 1.0070 -104.7885 0.0025 0.9981 0.0008 -0.0623
1688632294.0412 -232.1743 1.0046 -105.4017 0.0027 0.9980 0.0008 -0.0624
1688632294.1058 -232.2514 1.0036 -106.0222 0.0025 0.9980 0.0009 -0.0624
1688632294.1744 -232.3318 1.0122 -106.6471 0.0026 0.9981 0.0008 -0.0623
1688632294.2359 -232.4096 1.0063 -107.2637 0.0026 0.9981 0.0009 -0.0623
1688632294.3076 -232.4811 1.0047 -107.8844 0.0026 0.9980 0.0009 -0.0624
1688632294.3710 -232.5586 1.0106 -108.4970 0.0026 0.9980 0.0008 -0.0625
1688632294.4378 -232.6334 1.0045 -109.1166 0.0025 0.9980 0.0009 -0.0625
1688632294.5014 -232.7150 0.9999 -109.7294 0.0024 0.9980 0.0009 -0.0625
1688632294.5724 -232.7804 1.0052 -110.3331 0.0025 0.9980 0.0009 -0.0626
1688632294.6360 -232.8598 1.0044 -110.9473 0.0024 0.9980 0.0009 -0.0626
1688632294.7069 -232.9440 1.0013 -111.5702 0.0025 0.9980 0.0010 -0.0624
1688632294.7683 -233.0178 1.0065 -112.1851 0.0025 0.9980 0.0009 -0.0625
1688632294.8381 -233.0909 1.0037 -112.7962 0.0024 0.9980 0.0010 -0.0625
1688632294.9038 -233.1738 1.0016 -113.4160 0.0023 0.9980 0.0010 -0.0625
1688632294.9726 -233.2440 1.0106 -114.0229 0.0024 0.9980 0.0009 -0.0624
1688632295.0364 -233.3171 1.0088 -114.6421 0.0024 0.9980 0.0010 -0.0625
1688632295.1052 -233.3983 1.0132 -115.2556 0.0024 0.9980 0.0009 -0.0624
1688632295.1718 -233.4737 1.0165 -115.8675 0.0024 0.9981 0.0009 -0.0624
1688632295.2395 -233.5557 1.0153 -116.4922 0.0023 0.9981 0.0009 -0.0623
1688632295.3050 -233.6364 1.0207 -117.1142 0.0024 0.9981 0.0009 -0.0622
1688632295.3758 -233.7061 1.0152 -117.7200 0.0023 0.9981 0.0010 -0.0621
1688632295.4396 -233.7823 1.0137 -118.3341 0.0023 0.9981 0.0010 -0.0620
1688632295.5096 -233.8525 1.0142 -118.9459 0.0023 0.9981 0.0010 -0.0621
1688632295.5751 -233.9359 1.0209 -119.5631 0.0022 0.9981 0.0010 -0.0619
1688632295.6440 -234.0163 1.0208 -120.1724 0.0023 0.9981 0.0010 -0.0617
1688632295.7074 -234.0881 1.0241 -120.7754 0.0023 0.9981 0.0009 -0.0617
1688632295.7761 -234.1594 1.0266 -121.3943 0.0023 0.9981 0.0009 -0.0616
1688632295.8385 -234.2387 1.0267 -122.0110 0.0023 0.9981 0.0009 -0.0613
1688632295.9114 -234.3212 1.0228 -122.6352 0.0022 0.9981 0.0010 -0.0612
1688632295.9728 -234.3943 1.0279 -123.2441 0.0023 0.9981 0.0010 -0.0611
1688632296.0427 -234.4674 1.0329 -123.8545 0.0024 0.9981 0.0009 -0.0611
1688632296.1073 -234.5404 1.0348 -124.4575 0.0024 0.9981 0.0009 -0.0608
1688632296.1760 -234.6141 1.0377 -125.0647 0.0024 0.9981 0.0009 -0.0608
1688632296.2396 -234.6926 1.0384 -125.6689 0.0024 0.9982 0.0009 -0.0607
1688632296.3115 -234.7665 1.0431 -126.2743 0.0025 0.9982 0.0009 -0.0607
1688632296.3732 -234.8431 1.0471 -126.8799 0.0025 0.9982 0.0009 -0.0606
1688632296.4447 -234.9176 1.0487 -127.4780 0.0025 0.9982 0.0008 -0.0606
1688632296.5040 -234.9920 1.0533 -128.0714 0.0024 0.9982 0.0008 -0.0606
1688632296.5772 -235.0593 1.0505 -128.6784 0.0025 0.9982 0.0008 -0.0607
1688632296.6387 -235.1382 1.0500 -129.2732 0.0024 0.9982 0.0009 -0.0606
1688632296.7117 -235.2145 1.0529 -129.8760 0.0025 0.9982 0.0009 -0.0606
1688632296.7711 -235.2844 1.0600 -130.4751 0.0025 0.9982 0.0008 -0.0606
1688632296.8420 -235.3573 1.0624 -131.0775 0.0024 0.9982 0.0008 -0.0607
1688632296.9045 -235.4346 1.0578 -131.6616 0.0025 0.9981 0.0008 -0.0608
1688632296.9754 -235.5081 1.0608 -132.2527 0.0025 0.9981 0.0008 -0.0611
1688632297.0369 -235.5682 1.0655 -132.8341 0.0025 0.9981 0.0008 -0.0612
1688632297.1101 -235.6467 1.0685 -133.4254 0.0025 0.9982 0.0008 -0.0607
1688632297.1717 -235.7234 1.0633 -134.0134 0.0025 0.9982 0.0008 -0.0603
1688632297.2438 -235.7959 1.0667 -134.5943 0.0025 0.9982 0.0008 -0.0602
1688632297.3064 -235.8583 1.0684 -135.1944 0.0025 0.9982 0.0008 -0.0602
1688632297.3795 -235.9328 1.0703 -135.7781 0.0025 0.9982 0.0008 -0.0603
1688632297.4397 -235.9984 1.0607 -136.3571 0.0025 0.9982 0.0009 -0.0607
1688632297.5128 -236.0764 1.0581 -136.9481 0.0025 0.9981 0.0009 -0.0609
1688632297.5722 -236.1455 1.0615 -137.5317 0.0025 0.9981 0.0009 -0.0610
1688632297.6442 -236.2206 1.0642 -138.1325 0.0024 0.9981 0.0009 -0.0610
1688632297.7057 -236.2993 1.0682 -138.7220 0.0025 0.9981 0.0009 -0.0609
1688632297.7775 -236.3650 1.0618 -139.3114 0.0024 0.9981 0.0009 -0.0610
1688632297.8380 -236.4231 1.0691 -139.8881 0.0025 0.9981 0.0009 -0.0611
1688632297.9099 -236.4997 1.0658 -140.4676 0.0024 0.9981 0.0009 -0.0611
1688632297.9733 -236.5772 1.0642 -141.0406 0.0025 0.9981 0.0009 -0.0611
1688632298.0440 -236.6484 1.0766 -141.6203 0.0024 0.9981 0.0009 -0.0611
1688632298.1043 -236.7217 1.0762 -142.1930 0.0025 0.9981 0.0009 -0.0611
1688632298.1777 -236.7940 1.0753 -142.7814 0.0024 0.9981 0.0009 -0.0611
1688632298.2383 -236.8674 1.0724 -143.3488 0.0025 0.9981 0.0009 -0.0610
1688632298.3123 -236.9344 1.0738 -143.9213 0.0025 0.9981 0.0009 -0.0610
1688632298.3725 -237.0063 1.0784 -144.4797 0.0025 0.9981 0.0009 -0.0610
1688632298.4486 -237.0738 1.0868 -145.0474 0.0024 0.9981 0.0009 -0.0609
1688632298.5067 -237.1478 1.0837 -145.6119 0.0024 0.9981 0.0009 -0.0608
1688632298.5818 -237.2197 1.0731 -146.1590 0.0024 0.9981 0.0010 -0.0608
1688632298.6399 -237.2737 1.0771 -146.7254 0.0024 0.9981 0.0009 -0.0609
1688632298.7131 -237.3371 1.0852 -147.2906 0.0024 0.9981 0.0009 -0.0609
1688632298.7735 -237.4109 1.0839 -147.8477 0.0024 0.9982 0.0009 -0.0607
1688632298.8465 -237.4804 1.0847 -148.4030 0.0024 0.9982 0.0009 -0.0605
1688632298.9049 -237.5489 1.0855 -148.9568 0.0024 0.9982 0.0009 -0.0600
1688632298.9780 -237.6153 1.0909 -149.5053 0.0024 0.9982 0.0009 -0.0598
1688632299.0405 -237.6747 1.0911 -150.0515 0.0024 0.9982 0.0009 -0.0595
1688632299.1107 -237.7318 1.0869 -150.5922 0.0024 0.9982 0.0009 -0.0593
1688632299.1710 -237.7898 1.0913 -151.1339 0.0024 0.9982 0.0009 -0.0592
1688632299.2473 -237.8617 1.0941 -151.6649 0.0024 0.9983 0.0009 -0.0589
1688632299.3055 -237.9202 1.0978 -152.1751 0.0023 0.9983 0.0009 -0.0586
1688632299.3786 -237.9816 1.0977 -152.7131 0.0024 0.9983 0.0009 -0.0584
1688632299.4391 -238.0477 1.1069 -153.2221 0.0023 0.9983 0.0008 -0.0581
1688632299.5110 -238.1008 1.1067 -153.7256 0.0023 0.9983 0.0008 -0.0581
1688632299.5711 -238.1520 1.1053 -154.2201 0.0024 0.9983 0.0008 -0.0583
1688632299.6410 -238.2188 1.1068 -154.7284 0.0023 0.9983 0.0008 -0.0583
1688632299.7036 -238.2838 1.1055 -155.2182 0.0023 0.9983 0.0009 -0.0583
1688632299.7754 -238.3321 1.1109 -155.7060 0.0023 0.9983 0.0008 -0.0584
1688632299.8358 -238.3959 1.1141 -156.1785 0.0023 0.9983 0.0008 -0.0584
1688632299.9057 -238.4320 1.1148 -156.6565 0.0024 0.9983 0.0008 -0.0587
1688632299.9692 -238.4839 1.1169 -157.1327 0.0024 0.9983 0.0008 -0.0588
1688632300.0424 -238.5382 1.1194 -157.6035 0.0023 0.9983 0.0008 -0.0589
1688632300.1040 -238.6045 1.1213 -158.0591 0.0023 0.9983 0.0008 -0.0589
1688632300.1749 -238.6494 1.1268 -158.5199 0.0023 0.9982 0.0008 -0.0591
1688632300.2355 -238.6913 1.1303 -158.9751 0.0023 0.9982 0.0007 -0.0593
1688632300.3043 -238.7510 1.1264 -159.4417 0.0023 0.9982 0.0008 -0.0594
1688632300.3671 -238.8120 1.1296 -159.9005 0.0023 0.9982 0.0008 -0.0594
1688632300.4370 -238.8657 1.1258 -160.3519 0.0023 0.9982 0.0008 -0.0595
1688632300.5005 -238.9126 1.1261 -160.7983 0.0023 0.9982 0.0008 -0.0596
1688632300.5736 -238.9628 1.1288 -161.2476 0.0023 0.9982 0.0008 -0.0597
1688632300.6371 -239.0126 1.1313 -161.6926 0.0023 0.9982 0.0008 -0.0599
1688632300.7027 -239.0758 1.1324 -162.1364 0.0023 0.9982 0.0008 -0.0599
1688632300.7683 -239.1211 1.1292 -162.5767 0.0024 0.9982 0.0008 -0.0600
1688632300.8381 -239.1785 1.1280 -163.0040 0.0024 0.9982 0.0008 -0.0600
1688632300.9019 -239.2257 1.1288 -163.4423 0.0024 0.9982 0.0008 -0.0601
1688632300.9718 -239.2767 1.1372 -163.8763 0.0024 0.9982 0.0008 -0.0600
1688632301.0354 -239.3229 1.1320 -164.2941 0.0024 0.9982 0.0008 -0.0599
1688632301.1044 -239.3768 1.1291 -164.7118 0.0024 0.9982 0.0009 -0.0595
1688632301.1680 -239.4265 1.1249 -165.1323 0.0024 0.9983 0.0009 -0.0589
1688632301.2370 -239.4827 1.1211 -165.5538 0.0024 0.9983 0.0009 -0.0582
1688632301.3017 -239.5283 1.1267 -165.9736 0.0024 0.9983 0.0009 -0.0576
1688632301.3738 -239.5629 1.1271 -166.3817 0.0024 0.9984 0.0009 -0.0567
1688632301.4363 -239.6062 1.1198 -166.7924 0.0024 0.9984 0.0010 -0.0557
1688632301.5084 -239.6476 1.1247 -167.1923 0.0024 0.9985 0.0009 -0.0547
1688632301.5709 -239.7011 1.1371 -167.6029 0.0023 0.9986 0.0008 -0.0534
1688632301.6409 -239.7344 1.1220 -168.0023 0.0025 0.9987 0.0010 -0.0518
1688632301.7043 -239.7704 1.1279 -168.4008 0.0024 0.9987 0.0009 -0.0500
1688632301.7744 -239.7973 1.1304 -168.8147 0.0024 0.9988 0.0009 -0.0485
1688632301.8350 -239.8479 1.1346 -169.2031 0.0024 0.9989 0.0009 -0.0463
1688632301.9092 -239.8742 1.1300 -169.5928 0.0025 0.9990 0.0009 -0.0444
1688632301.9692 -239.9069 1.1463 -169.9816 0.0023 0.9991 0.0008 -0.0419
1688632302.0404 -239.9526 1.1484 -170.3743 0.0023 0.9992 0.0008 -0.0394
1688632302.1039 -239.9708 1.1290 -170.7594 0.0025 0.9993 0.0009 -0.0363
1688632302.1727 -239.9854 1.1333 -171.1370 0.0024 0.9995 0.0009 -0.0329
1688632302.2372 -239.9930 1.1394 -171.5254 0.0024 0.9996 0.0008 -0.0294
1688632302.3082 -240.0128 1.1370 -171.9091 0.0024 0.9997 0.0008 -0.0259
1688632302.3706 -240.0390 1.1414 -172.2966 0.0024 0.9998 0.0008 -0.0213
1688632302.4417 -240.0541 1.1277 -172.6808 0.0025 0.9999 0.0009 -0.0167
1688632302.5041 -240.0577 1.1348 -173.0672 0.0025 0.9999 0.0009 -0.0114
1688632302.5772 -240.0583 1.1239 -173.4530 0.0026 1.0000 0.0009 -0.0068
1688632302.6368 -240.0609 1.1364 -173.8461 0.0024 1.0000 0.0008 -0.0011
1688632302.7101 -240.0627 1.1386 -174.2280 0.0024 1.0000 0.0008 0.0040
1688632302.7715 -240.0538 1.1355 -174.6144 0.0025 0.9999 0.0008 0.0104
1688632302.8435 -240.0563 1.1224 -175.0053 0.0025 0.9999 0.0009 0.0167
1688632302.9050 -240.0379 1.1464 -175.4033 0.0024 0.9997 0.0007 0.0232
1688632302.9750 -240.0198 1.1377 -175.7948 0.0025 0.9996 0.0008 0.0293
1688632303.0355 -239.9885 1.1445 -176.1908 0.0024 0.9993 0.0007 0.0368
1688632303.1095 -239.9728 1.1302 -176.5663 0.0025 0.9990 0.0008 0.0437
1688632303.1698 -239.9313 1.1444 -176.9692 0.0024 0.9987 0.0007 0.0518
1688632303.2417 -239.8760 1.1442 -177.3675 0.0024 0.9982 0.0007 0.0603
1688632303.3043 -239.8365 1.1484 -177.7548 0.0024 0.9976 0.0006 0.0692
1688632303.3720 -239.7808 1.1518 -178.1482 0.0024 0.9970 0.0006 0.0768
1688632303.4368 -239.7160 1.1444 -178.5494 0.0025 0.9963 0.0006 0.0859
1688632303.5055 -239.6472 1.1400 -178.9319 0.0025 0.9956 0.0006 0.0937
1688632303.5702 -239.5736 1.1433 -179.3254 0.0024 0.9947 0.0006 0.1031
1688632303.6381 -239.4940 1.1458 -179.7177 0.0024 0.9936 0.0005 0.1128
1688632303.7037 -239.4058 1.1402 -180.1094 0.0025 0.9926 0.0006 0.1211
1688632303.7693 -239.3047 1.1420 -180.5041 0.0025 0.9914 0.0005 0.1309
1688632303.8370 -239.2021 1.1376 -180.8962 0.0025 0.9900 0.0005 0.1408
1688632303.9027 -239.0911 1.1469 -181.2876 0.0024 0.9887 0.0004 0.1497
1688632303.9705 -238.9740 1.1371 -181.6721 0.0025 0.9871 0.0005 0.1600
1688632304.0395 -238.8530 1.1352 -182.0631 0.0025 0.9854 0.0005 0.1705
1688632304.1021 -238.7100 1.1385 -182.4411 0.0025 0.9838 0.0004 0.1795
1688632304.1711 -238.5681 1.1383 -182.8234 0.0024 0.9818 0.0004 0.1900
1688632304.2358 -238.4192 1.1418 -183.1961 0.0024 0.9797 0.0004 0.2005
1688632304.3056 -238.2649 1.1401 -183.5626 0.0024 0.9778 0.0004 0.2096
1688632304.3682 -238.1088 1.1388 -183.9321 0.0024 0.9753 0.0003 0.2207
1688632304.4370 -237.9377 1.1366 -184.2884 0.0024 0.9731 0.0003 0.2305
1688632304.5027 -237.7619 1.1344 -184.6388 0.0024 0.9703 0.0003 0.2421
1688632304.5693 -237.5847 1.1328 -184.9816 0.0024 0.9673 0.0003 0.2538
1688632304.6350 -237.3986 1.1243 -185.3263 0.0025 0.9640 0.0004 0.2659
1688632304.7018 -237.2054 1.1289 -185.6685 0.0024 0.9610 0.0003 0.2766
1688632304.7675 -237.0006 1.1265 -186.0032 0.0024 0.9573 0.0003 0.2892
1688632304.8333 -236.7915 1.1244 -186.3419 0.0025 0.9539 0.0003 0.3002
1688632304.9001 -236.5646 1.1225 -186.6732 0.0025 0.9497 0.0002 0.3132
1688632304.9670 -236.3326 1.1162 -187.0093 0.0025 0.9451 0.0003 0.3267
1688632305.0317 -236.1120 1.1308 -187.3157 0.0024 0.9409 0.0001 0.3388
1688632305.0994 -235.8626 1.1280 -187.6315 0.0024 0.9355 0.0001 0.3532
1688632305.1649 -235.5699 1.1251 -187.9811 0.0024 0.9299 0.0001 0.3679
1688632305.2325 -235.2988 1.1242 -188.2859 0.0024 0.9248 0.0001 0.3804
1688632305.2962 -235.0375 1.1198 -188.5785 0.0024 0.9186 0.0001 0.3952
1688632305.3636 -234.7577 1.1163 -188.8598 0.0024 0.9130 0.0001 0.4079
1688632305.4303 -234.4657 1.1208 -189.1326 0.0024 0.9062 -0.0000 0.4229
1688632305.4980 -234.1640 1.1165 -189.3954 0.0024 0.8987 -0.0000 0.4385
1688632305.5616 -233.8641 1.1219 -189.6477 0.0023 0.8919 -0.0001 0.4523
1688632305.6306 -233.5541 1.1114 -189.8978 0.0023 0.8837 -0.0001 0.4681
1688632305.6983 -233.1904 1.1149 -190.1605 0.0023 0.8754 -0.0001 0.4834
1688632305.7650 -232.8296 1.1232 -190.4087 0.0023 0.8669 -0.0003 0.4985
1688632305.8296 -232.4545 1.1165 -190.6384 0.0023 0.8594 -0.0002 0.5113
1688632305.8976 -232.0575 1.1156 -190.8468 0.0023 0.8505 -0.0003 0.5260
1688632305.9653 -231.6851 1.1188 -191.0496 0.0023 0.8424 -0.0004 0.5388
1688632306.0321 -231.3393 1.1086 -191.2152 0.0022 0.8329 -0.0003 0.5535
1688632306.0977 -230.9457 1.1023 -191.3826 0.0022 0.8236 -0.0003 0.5672
1688632306.1654 -230.5244 1.0987 -191.5525 0.0021 0.8144 -0.0003 0.5803
1688632306.2354 -230.0933 1.0959 -191.7015 0.0021 0.8068 -0.0003 0.5909
1688632306.3014 -229.7083 1.1059 -191.8215 0.0021 0.7981 -0.0004 0.6026
1688632306.3693 -229.2878 1.1053 -191.9417 0.0021 0.7898 -0.0005 0.6134
1688632306.4381 -228.8506 1.1006 -192.0544 0.0021 0.7821 -0.0004 0.6232
1688632306.5038 -228.4048 1.0954 -192.1496 0.0021 0.7751 -0.0004 0.6318
1688632306.5718 -227.9598 1.0961 -192.2409 0.0021 0.7696 -0.0005 0.6385
1688632306.6362 -227.5150 1.0975 -192.3231 0.0021 0.7640 -0.0005 0.6452
1688632306.7041 -227.0819 1.0899 -192.3964 0.0021 0.7598 -0.0005 0.6502
1688632306.7709 -226.6475 1.0941 -192.4694 0.0021 0.7556 -0.0006 0.6550
1688632306.8367 -226.1940 1.0919 -192.5242 0.0021 0.7522 -0.0006 0.6589
1688632306.9034 -225.7578 1.1003 -192.5797 0.0021 0.7497 -0.0007 0.6618
1688632306.9720 -225.3151 1.0908 -192.6366 0.0021 0.7473 -0.0006 0.6645
1688632307.0376 -224.8521 1.0855 -192.6898 0.0021 0.7455 -0.0006 0.6666
1688632307.1063 -224.4117 1.0810 -192.7427 0.0021 0.7440 -0.0005 0.6682
1688632307.1709 -223.9489 1.0865 -192.7879 0.0021 0.7431 -0.0006 0.6692
1688632307.2398 -223.4867 1.0918 -192.8297 0.0021 0.7425 -0.0007 0.6699
1688632307.3055 -223.0181 1.0830 -192.8697 0.0021 0.7424 -0.0006 0.6699
1688632307.3721 -222.5467 1.0821 -192.9225 0.0021 0.7426 -0.0006 0.6697
1688632307.4377 -222.0755 1.0770 -192.9704 0.0021 0.7431 -0.0006 0.6692
1688632307.5034 -221.6036 1.0784 -193.0143 0.0021 0.7434 -0.0006 0.6688
1688632307.5680 -221.1329 1.0726 -193.0732 0.0020 0.7437 -0.0006 0.6685
1688632307.6348 -220.6508 1.0765 -193.1212 0.0021 0.7444 -0.0006 0.6677
1688632307.7015 -220.1636 1.0730 -193.1751 0.0020 0.7449 -0.0006 0.6672
1688632307.7682 -219.6593 1.0659 -193.2246 0.0021 0.7456 -0.0005 0.6663
1688632307.8350 -219.1554 1.0737 -193.2855 0.0021 0.7466 -0.0007 0.6653
1688632307.9022 -218.6510 1.0695 -193.3371 0.0021 0.7473 -0.0006 0.6645
1688632307.9690 -218.1405 1.0673 -193.3950 0.0021 0.7478 -0.0006 0.6639
1688632308.0371 -217.6406 1.0642 -193.4466 0.0021 0.7483 -0.0006 0.6633
1688632308.1019 -217.1354 1.0570 -193.5025 0.0021 0.7487 -0.0005 0.6629
1688632308.1685 -216.6342 1.0603 -193.5704 0.0021 0.7490 -0.0006 0.6626
1688632308.2353 -216.1109 1.0571 -193.6321 0.0022 0.7493 -0.0005 0.6622
1688632308.3010 -215.5661 1.0609 -193.6892 0.0023 0.7496 -0.0005 0.6619
1688632308.3697 -215.0255 1.0580 -193.7644 0.0021 0.7498 -0.0006 0.6617
1688632308.4364 -214.4843 1.0531 -193.8371 0.0020 0.7500 -0.0006 0.6615
1688632308.5030 -213.9438 1.0603 -193.8968 0.0020 0.7501 -0.0008 0.6613
1688632308.5685 -213.3987 1.0441 -193.9556 0.0021 0.7503 -0.0005 0.6611
1688632308.6363 -212.8545 1.0451 -194.0285 0.0021 0.7505 -0.0006 0.6609
1688632308.7011 -212.3031 1.0479 -194.1094 0.0021 0.7506 -0.0006 0.6608
1688632308.7677 -211.7460 1.0369 -194.1749 0.0021 0.7508 -0.0005 0.6605
1688632308.8335 -211.1872 1.0356 -194.2501 0.0021 0.7510 -0.0005 0.6603
1688632308.9014 -210.6300 1.0346 -194.3221 0.0021 0.7510 -0.0005 0.6603
1688632308.9659 -210.0604 1.0327 -194.4016 0.0021 0.7511 -0.0005 0.6602
1688632309.0348 -209.4892 1.0267 -194.4816 0.0021 0.7513 -0.0004 0.6600
1688632309.0984 -208.9194 1.0247 -194.5498 0.0021 0.7516 -0.0005 0.6597
1688632309.1684 -208.3332 1.0206 -194.6219 0.0021 0.7517 -0.0004 0.6595
1688632309.2329 -207.7503 1.0155 -194.6922 0.0021 0.7520 -0.0004 0.6592
1688632309.3008 -207.1688 1.0205 -194.7693 0.0021 0.7521 -0.0005 0.6591
1688632309.3656 -206.5848 1.0145 -194.8429 0.0021 0.7522 -0.0004 0.6589
1688632309.4357 -206.0034 1.0166 -194.9106 0.0021 0.7524 -0.0005 0.6587
1688632309.4991 -205.4150 1.0046 -195.0032 0.0020 0.7525 -0.0004 0.6585
1688632309.5656 -204.8137 1.0057 -195.0835 0.0021 0.7527 -0.0004 0.6584
1688632309.6332 -204.2201 0.9987 -195.1624 0.0020 0.7528 -0.0004 0.6583
1688632309.7019 -203.6116 1.0083 -195.2444 0.0021 0.7529 -0.0005 0.6581
1688632309.7673 -203.0017 1.0003 -195.3097 0.0021 0.7532 -0.0004 0.6577
1688632309.8329 -202.3876 0.9900 -195.3950 0.0021 0.7534 -0.0003 0.6575
1688632309.9018 -201.7727 1.0017 -195.4755 0.0020 0.7537 -0.0005 0.6572
1688632309.9674 -201.1688 1.0031 -195.5571 0.0021 0.7539 -0.0004 0.6569
1688632310.0341 -200.5534 0.9926 -195.6335 0.0020 0.7541 -0.0004 0.6567
1688632310.1006 -199.9339 0.9902 -195.7363 0.0020 0.7541 -0.0005 0.6568
1688632310.1685 -199.3231 0.9834 -195.8117 0.0020 0.7544 -0.0004 0.6564
1688632310.2354 -198.7001 0.9846 -195.9005 0.0021 0.7547 -0.0004 0.6561
1688632310.3012 -198.0885 0.9830 -195.9871 0.0020 0.7550 -0.0004 0.6557
1688632310.3668 -197.4772 0.9842 -196.0747 0.0020 0.7551 -0.0005 0.6556
1688632310.4337 -196.8782 0.9817 -196.1595 0.0021 0.7553 -0.0004 0.6554
1688632310.5037 -196.2632 0.9829 -196.2521 0.0021 0.7553 -0.0004 0.6554
1688632310.5673 -195.6563 0.9870 -196.3478 0.0021 0.7555 -0.0005 0.6551
1688632310.6340 -195.0622 0.9652 -196.4259 0.0021 0.7558 -0.0002 0.6548
1688632310.7010 -194.4635 0.9643 -196.4989 0.0019 0.7560 -0.0004 0.6545
1688632310.7675 -193.8664 0.9594 -196.5863 0.0019 0.7562 -0.0003 0.6543
1688632310.8343 -193.2802 0.9546 -196.6567 0.0020 0.7565 -0.0002 0.6540
1688632310.9011 -192.6813 0.9568 -196.7605 0.0019 0.7566 -0.0004 0.6539
1688632310.9678 -192.0851 0.9676 -196.8663 0.0021 0.7566 -0.0004 0.6538
1688632311.0355 -191.4993 0.9675 -196.9566 0.0022 0.7568 -0.0004 0.6536
1688632311.1010 -190.9107 0.9616 -197.0198 0.0021 0.7573 -0.0004 0.6531
1688632311.1687 -190.3357 0.9545 -197.1400 0.0019 0.7572 -0.0004 0.6531
1688632311.2335 -189.7523 0.9528 -197.2076 0.0019 0.7578 -0.0004 0.6525
1688632311.3024 -189.1737 0.9410 -197.3104 0.0018 0.7578 -0.0004 0.6525
1688632311.3679 -188.6016 0.9431 -197.3881 0.0018 0.7581 -0.0004 0.6521
1688632311.4327 -188.0266 0.9531 -197.4891 0.0019 0.7584 -0.0005 0.6518
1688632311.5006 -187.4604 0.9373 -197.5568 0.0018 0.7588 -0.0004 0.6513
1688632311.5652 -186.8781 0.9254 -197.6333 0.0017 0.7594 -0.0003 0.6506
1688632311.6341 -186.3234 0.9303 -197.7397 0.0017 0.7597 -0.0004 0.6503
1688632311.6986 -185.7553 0.9471 -197.8234 0.0020 0.7602 -0.0005 0.6497
1688632311.7651 -185.2011 0.9390 -197.9217 0.0019 0.7609 -0.0004 0.6489
1688632311.8318 -184.6467 0.9343 -198.0185 0.0019 0.7617 -0.0005 0.6479
1688632311.8996 -184.0887 0.9356 -198.0925 0.0020 0.7627 -0.0004 0.6468
1688632311.9684 -183.5292 0.9336 -198.1856 0.0020 0.7637 -0.0004 0.6456
1688632312.0331 -182.9786 0.9187 -198.2726 0.0017 0.7649 -0.0004 0.6442
1688632312.1011 -182.4389 0.9331 -198.3834 0.0019 0.7659 -0.0005 0.6430
1688632312.1679 -181.8993 0.9238 -198.4679 0.0018 0.7674 -0.0004 0.6412
1688632312.2357 -181.3556 0.9172 -198.5574 0.0018 0.7692 -0.0003 0.6390
1688632312.3005 -180.8221 0.9045 -198.6593 0.0015 0.7711 -0.0003 0.6367
1688632312.3671 -180.3016 0.9103 -198.7540 0.0017 0.7730 -0.0003 0.6344
1688632312.4348 -179.7971 0.9282 -198.8585 0.0021 0.7753 -0.0004 0.6316
1688632312.5007 -179.2845 0.9299 -198.9592 0.0021 0.7778 -0.0004 0.6285
1688632312.5684 -178.7936 0.9348 -199.0669 0.0023 0.7802 -0.0004 0.6256
1688632312.6340 -178.3018 0.9319 -199.1845 0.0023 0.7831 -0.0004 0.6219
1688632312.7019 -177.8136 0.9242 -199.3113 0.0022 0.7857 -0.0003 0.6186
1688632312.7676 -177.3338 0.9126 -199.4243 0.0020 0.7892 -0.0003 0.6142
1688632312.8332 -176.8407 0.9178 -199.5460 0.0021 0.7929 -0.0003 0.6093
1688632312.8998 -176.3676 0.9128 -199.6718 0.0021 0.7962 -0.0003 0.6051
1688632312.9687 -175.8876 0.9084 -199.8080 0.0020 0.8002 -0.0003 0.5997
1688632313.0332 -175.4122 0.9134 -199.9627 0.0022 0.8042 -0.0002 0.5943
1688632313.0998 -174.9275 0.8983 -200.1126 0.0019 0.8078 -0.0002 0.5894
1688632313.1665 -174.4466 0.9093 -200.2705 0.0021 0.8121 -0.0002 0.5836
1688632313.2332 -173.9791 0.9072 -200.4269 0.0021 0.8165 -0.0002 0.5774
1688632313.2988 -173.5187 0.8997 -200.5812 0.0020 0.8204 -0.0001 0.5718
1688632313.3641 -173.0648 0.9035 -200.7521 0.0021 0.8248 -0.0001 0.5655
1688632313.4329 -172.6044 0.9061 -200.9406 0.0022 0.8292 -0.0001 0.5590
1688632313.4994 -172.1460 0.8989 -201.1281 0.0020 0.8330 -0.0001 0.5533
1688632313.5664 -171.6988 0.8952 -201.3185 0.0020 0.8376 -0.0000 0.5463
1688632313.6332 -171.2351 0.8972 -201.5406 0.0020 0.8421 -0.0001 0.5393
1688632313.6999 -170.7825 0.8847 -201.7441 0.0019 0.8468 0.0000 0.5319
1688632313.7667 -170.3339 0.8894 -201.9542 0.0020 0.8508 0.0000 0.5255
1688632313.8346 -169.8969 0.8857 -202.1878 0.0020 0.8553 0.0001 0.5182
1688632313.8983 -169.4553 0.8859 -202.4155 0.0021 0.8595 0.0002 0.5111
1688632313.9680 -169.0318 0.8860 -202.6511 0.0021 0.8630 0.0001 0.5052
1688632314.0307 -168.5891 0.8924 -202.8973 0.0022 0.8670 0.0001 0.4983
1688632314.0992 -168.1804 0.8855 -203.1407 0.0021 0.8703 0.0002 0.4926
1688632314.1647 -167.7537 0.8880 -203.3946 0.0023 0.8741 0.0003 0.4858
1688632314.2336 -167.3346 0.8823 -203.6608 0.0022 0.8776 0.0003 0.4794
1688632314.2941 -166.9115 0.8795 -203.9216 0.0022 0.8803 0.0004 0.4743
1688632314.3666 -166.5020 0.8734 -204.1963 0.0023 0.8831 0.0005 0.4692
1688632314.4285 -166.0968 0.8730 -204.4739 0.0022 0.8856 0.0005 0.4645
1688632314.4985 -165.6804 0.8753 -204.7462 0.0022 0.8874 0.0004 0.4609
1688632314.5643 -165.2793 0.8685 -205.0420 0.0022 0.8890 0.0005 0.4580
1688632314.6319 -164.8853 0.8682 -205.3188 0.0023 0.8902 0.0006 0.4556
1688632314.6966 -164.4769 0.8719 -205.6074 0.0023 0.8910 0.0006 0.4541
1688632314.7653 -164.0790 0.8766 -205.8984 0.0023 0.8915 0.0005 0.4531
1688632314.8293 -163.6788 0.8730 -206.1915 0.0022 0.8918 0.0005 0.4524
1688632314.8976 -163.2719 0.8745 -206.4830 0.0023 0.8920 0.0005 0.4520
1688632314.9628 -162.8722 0.8735 -206.7943 0.0022 0.8920 0.0005 0.4520
1688632315.0317 -162.4582 0.8750 -207.0905 0.0022 0.8918 0.0004 0.4524
1688632315.0968 -162.0479 0.8591 -207.4060 0.0022 0.8914 0.0007 0.4532
1688632315.1663 -161.6320 0.8695 -207.6954 0.0023 0.8908 0.0006 0.4544
1688632315.2289 -161.2333 0.8761 -207.9981 0.0024 0.8899 0.0005 0.4562
1688632315.2994 -160.8203 0.8632 -208.2930 0.0024 0.8889 0.0007 0.4580
1688632315.3622 -160.3918 0.8621 -208.5953 0.0023 0.8876 0.0006 0.4606
1688632315.4303 -159.9792 0.8629 -208.8808 0.0025 0.8862 0.0008 0.4633
1688632315.4948 -159.5496 0.8599 -209.1758 0.0024 0.8843 0.0007 0.4669
1688632315.5626 -159.1211 0.8573 -209.4737 0.0024 0.8822 0.0007 0.4708
1688632315.6282 -158.6941 0.8610 -209.7545 0.0024 0.8799 0.0007 0.4751
1688632315.6973 -158.2704 0.8587 -210.0368 0.0024 0.8776 0.0006 0.4793
1688632315.7608 -157.8660 0.8544 -210.3005 0.0024 0.8747 0.0007 0.4847
1688632315.8307 -157.4303 0.8461 -210.5859 0.0024 0.8718 0.0008 0.4898
1688632315.8942 -156.9551 0.8454 -210.8820 0.0025 0.8682 0.0008 0.4963
1688632315.9649 -156.4605 0.8522 -211.1725 0.0026 0.8644 0.0008 0.5029
1688632316.0274 -156.0128 0.8570 -211.4214 0.0025 0.8602 0.0006 0.5099
1688632316.0966 -155.5078 0.8521 -211.7048 0.0024 0.8564 0.0006 0.5163
1688632316.1612 -155.0061 0.8461 -211.9557 0.0025 0.8516 0.0007 0.5241
1688632316.2299 -154.5323 0.8658 -212.1930 0.0024 0.8472 0.0003 0.5312
1688632316.2934 -154.0173 0.8616 -212.4410 0.0025 0.8417 0.0003 0.5399
1688632316.3631 -153.5307 0.8459 -212.6585 0.0026 0.8357 0.0007 0.5493
1688632316.4265 -153.0094 0.8473 -212.8827 0.0025 0.8292 0.0005 0.5589
1688632316.4973 -152.5211 0.8471 -213.0885 0.0025 0.8233 0.0005 0.5676
1688632316.5651 -152.0005 0.8451 -213.3094 0.0025 0.8161 0.0005 0.5779
1688632316.6308 -151.4615 0.8421 -213.4927 0.0025 0.8088 0.0005 0.5881
1688632316.6997 -150.9632 0.8444 -213.6595 0.0025 0.8021 0.0004 0.5972
1688632316.7652 -150.4590 0.8459 -213.8028 0.0024 0.7939 0.0003 0.6080
1688632316.8349 -149.9256 0.8498 -213.9640 0.0024 0.7851 0.0001 0.6193
1688632316.8983 -149.4075 0.8399 -214.0908 0.0023 0.7763 0.0002 0.6304
1688632316.9670 -148.8751 0.8415 -214.1821 0.0023 0.7684 0.0001 0.6399
1688632317.0316 -148.3659 0.8484 -214.2863 0.0023 0.7587 -0.0000 0.6514
1688632317.1005 -147.8194 0.8551 -214.3669 0.0023 0.7488 -0.0002 0.6628
1688632317.1661 -147.2772 0.8428 -214.4608 0.0022 0.7398 -0.0001 0.6728
1688632317.2335 -146.7570 0.8475 -214.5073 0.0022 0.7295 -0.0002 0.6840
1688632317.2983 -146.2039 0.8546 -214.5407 0.0023 0.7187 -0.0004 0.6953
1688632317.3650 -145.6744 0.8514 -214.5388 0.0021 0.7095 -0.0004 0.7047
1688632317.4288 -145.1206 0.8529 -214.5714 0.0020 0.6982 -0.0005 0.7159
1688632317.4966 -144.5905 0.8545 -214.5455 0.0020 0.6886 -0.0006 0.7252
1688632317.5631 -144.0295 0.8353 -214.5228 0.0020 0.6770 -0.0004 0.7359
1688632317.6321 -143.4440 0.8426 -214.4783 0.0019 0.6657 -0.0006 0.7462
1688632317.6977 -142.8968 0.8368 -214.4026 0.0020 0.6543 -0.0005 0.7562
1688632317.7644 -142.4123 0.8252 -214.3262 0.0019 0.6446 -0.0004 0.7645
1688632317.8312 -141.8672 0.8337 -214.2426 0.0019 0.6331 -0.0006 0.7741
1688632317.9001 -141.3179 0.8180 -214.1397 0.0018 0.6217 -0.0004 0.7833
1688632317.9655 -140.7673 0.8187 -214.0001 0.0018 0.6123 -0.0005 0.7906
1688632318.0344 -140.2173 0.8190 -213.8734 0.0018 0.6014 -0.0005 0.7989
1688632318.1000 -139.6919 0.8107 -213.7392 0.0018 0.5909 -0.0004 0.8068
1688632318.1676 -139.1552 0.8128 -213.5689 0.0018 0.5827 -0.0005 0.8127
1688632318.2332 -138.6635 0.8076 -213.4090 0.0018 0.5739 -0.0005 0.8189
1688632318.3031 -138.1812 0.8051 -213.2505 0.0017 0.5657 -0.0005 0.8246
1688632318.3685 -137.7063 0.8061 -213.0830 0.0017 0.5588 -0.0006 0.8293
1688632318.4340 -137.2366 0.7983 -212.8959 0.0017 0.5538 -0.0005 0.8327
1688632318.5018 -136.7595 0.7951 -212.6869 0.0016 0.5490 -0.0005 0.8358
1688632318.5664 -136.2897 0.8064 -212.4908 0.0017 0.5453 -0.0007 0.8382
1688632318.6319 -135.8096 0.7956 -212.2871 0.0016 0.5428 -0.0006 0.8399
1688632318.6987 -135.3375 0.7939 -212.0867 0.0016 0.5403 -0.0006 0.8415
1688632318.7652 -134.8671 0.7830 -211.8634 0.0016 0.5390 -0.0005 0.8423
1688632318.8309 -134.4065 0.7926 -211.6504 0.0017 0.5381 -0.0006 0.8429
1688632318.8996 -133.9374 0.7878 -211.4385 0.0016 0.5379 -0.0005 0.8430
1688632318.9643 -133.4581 0.7910 -211.2063 0.0017 0.5384 -0.0006 0.8427
1688632319.0316 -132.9851 0.7779 -210.9777 0.0017 0.5394 -0.0005 0.8420
1688632319.0973 -132.5123 0.7839 -210.7625 0.0017 0.5407 -0.0006 0.8412
1688632319.1640 -132.0416 0.7824 -210.5515 0.0017 0.5422 -0.0006 0.8403
1688632319.2318 -131.5808 0.7841 -210.3492 0.0017 0.5442 -0.0006 0.8390
1688632319.2985 -131.1088 0.7620 -210.1354 0.0015 0.5469 -0.0004 0.8372
1688632319.3654 -130.6449 0.7729 -209.9235 0.0017 0.5496 -0.0005 0.8355
1688632319.4310 -130.1750 0.7600 -209.7271 0.0015 0.5528 -0.0003 0.8333
1688632319.4998 -129.7029 0.7522 -209.5356 0.0015 0.5562 -0.0003 0.8310
1688632319.5656 -129.2201 0.7493 -209.3214 0.0016 0.5601 -0.0002 0.8284
1688632319.6323 -128.7418 0.7521 -209.1268 0.0015 0.5633 -0.0003 0.8262
1688632319.6980 -128.2526 0.7364 -208.9429 0.0014 0.5672 -0.0001 0.8236
1688632319.7657 -127.7796 0.7361 -208.7555 0.0014 0.5710 -0.0001 0.8210
1688632319.8336 -127.2986 0.7414 -208.5768 0.0015 0.5758 -0.0001 0.8176
1688632319.9010 -126.7987 0.7445 -208.3980 0.0016 0.5808 -0.0001 0.8140
1688632319.9634 -126.3019 0.7442 -208.2283 0.0015 0.5862 -0.0002 0.8102
1688632320.0332 -125.8360 0.7380 -208.0620 0.0015 0.5910 -0.0001 0.8067
1688632320.0968 -125.3611 0.7404 -207.9182 0.0015 0.5966 -0.0002 0.8025
1688632320.1656 -124.8828 0.7498 -207.7701 0.0016 0.6015 -0.0003 0.7989
1688632320.2313 -124.3776 0.7429 -207.6128 0.0016 0.6075 -0.0003 0.7943
1688632320.2990 -123.8728 0.7359 -207.4695 0.0015 0.6134 -0.0002 0.7898
1688632320.3656 -123.3654 0.7393 -207.3467 0.0015 0.6185 -0.0003 0.7858
1688632320.4343 -122.8554 0.7262 -207.2291 0.0014 0.6244 -0.0002 0.7811
1688632320.4989 -122.3509 0.7308 -207.1059 0.0015 0.6307 -0.0002 0.7761
1688632320.5666 -121.8324 0.7225 -206.9953 0.0014 0.6360 -0.0000 0.7717
1688632320.6322 -121.3052 0.7253 -206.9043 0.0014 0.6420 -0.0001 0.7667
1688632320.7010 -120.7461 0.7243 -206.8005 0.0015 0.6481 -0.0001 0.7615
1688632320.7666 -120.2023 0.7224 -206.7147 0.0015 0.6540 -0.0000 0.7565
1688632320.8334 -119.6714 0.7320 -206.6512 0.0016 0.6590 -0.0001 0.7522
1688632320.9002 -119.1230 0.7257 -206.5734 0.0016 0.6650 -0.0000 0.7469
1688632320.9668 -118.5687 0.7273 -206.5101 0.0016 0.6710 -0.0000 0.7415
1688632321.0319 -118.0124 0.7090 -206.4472 0.0014 0.6761 0.0000 0.7368
1688632321.1017 -117.4613 0.7183 -206.3899 0.0015 0.6820 0.0000 0.7314
1688632321.1663 -116.9040 0.7192 -206.3669 0.0015 0.6876 -0.0000 0.7261
1688632321.2352 -116.3634 0.7131 -206.3357 0.0014 0.6924 0.0000 0.7215
1688632321.2998 -115.8084 0.7053 -206.3158 0.0014 0.6975 0.0001 0.7166
1688632321.3697 -115.2503 0.7093 -206.2916 0.0015 0.7025 0.0001 0.7117
1688632321.4334 -114.7002 0.6978 -206.2895 0.0013 0.7070 0.0002 0.7072
1688632321.5023 -114.1434 0.7051 -206.2789 0.0014 0.7109 0.0001 0.7033
1688632321.5681 -113.5914 0.7109 -206.2827 0.0016 0.7149 0.0001 0.6993
1688632321.6337 -113.0331 0.6896 -206.2903 0.0012 0.7180 0.0002 0.6960
1688632321.7015 -112.4780 0.6891 -206.3091 0.0012 0.7214 0.0002 0.6925
1688632321.7683 -111.9180 0.6948 -206.3233 0.0014 0.7245 0.0003 0.6893
1688632321.8321 -111.3735 0.6949 -206.3581 0.0014 0.7266 0.0002 0.6870
1688632321.8998 -110.8166 0.6920 -206.3872 0.0014 0.7289 0.0004 0.6846
1688632321.9664 -110.2493 0.6843 -206.4399 0.0012 0.7308 0.0002 0.6826
1688632322.0343 -109.7000 0.7001 -206.4827 0.0015 0.7322 0.0002 0.6810
1688632322.1010 -109.1447 0.6867 -206.5240 0.0012 0.7337 0.0002 0.6794
1688632322.1688 -108.5824 0.6632 -206.5799 0.0010 0.7349 0.0005 0.6782
1688632322.2345 -108.0106 0.6783 -206.6178 0.0011 0.7361 0.0003 0.6769
1688632322.3055 -107.4357 0.6867 -206.6706 0.0012 0.7371 0.0002 0.6757
1688632322.3668 -106.8663 0.6677 -206.7154 0.0010 0.7383 0.0004 0.6744
1688632322.4366 -106.2955 0.6673 -206.7466 0.0011 0.7396 0.0005 0.6731
1688632322.5011 -105.6980 0.6713 -206.8178 0.0012 0.7406 0.0005 0.6720
1688632322.5687 -105.1090 0.6761 -206.8872 0.0012 0.7415 0.0004 0.6709
1688632322.6351 -104.5262 0.6828 -206.9427 0.0013 0.7425 0.0004 0.6698
1688632322.6996 -103.9403 0.6827 -207.0081 0.0013 0.7432 0.0004 0.6691
1688632322.7674 -103.3471 0.6877 -207.0726 0.0014 0.7441 0.0003 0.6681
1688632322.8332 -102.7540 0.6835 -207.1377 0.0013 0.7445 0.0002 0.6676
1688632322.8990 -102.1622 0.6731 -207.2068 0.0011 0.7450 0.0003 0.6671
1688632322.9678 -101.5544 0.6856 -207.2831 0.0013 0.7453 0.0003 0.6667
1688632323.0313 -100.9656 0.6709 -207.3328 0.0011 0.7458 0.0003 0.6662
1688632323.0993 -100.3767 0.6760 -207.4030 0.0012 0.7460 0.0003 0.6659
1688632323.1660 -99.7849 0.6654 -207.4710 0.0010 0.7461 0.0003 0.6658
1688632323.2336 -99.1778 0.6709 -207.5369 0.0011 0.7461 0.0003 0.6658
1688632323.2982 -98.5712 0.6758 -207.6016 0.0013 0.7461 0.0003 0.6658
1688632323.3659 -97.9562 0.6854 -207.6785 0.0015 0.7460 0.0004 0.6659
1688632323.4327 -97.3384 0.6728 -207.7499 0.0013 0.7460 0.0004 0.6659
1688632323.5005 -96.7155 0.6716 -207.8077 0.0013 0.7461 0.0004 0.6658
1688632323.5639 -96.0993 0.6772 -207.8868 0.0014 0.7460 0.0004 0.6659
1688632323.6338 -95.4897 0.6805 -207.9506 0.0014 0.7460 0.0003 0.6659
1688632323.6963 -94.8666 0.6811 -208.0205 0.0015 0.7457 0.0004 0.6662
1688632323.7676 -94.2476 0.6651 -208.1016 0.0011 0.7456 0.0003 0.6664
1688632323.8290 -93.6230 0.6679 -208.1719 0.0012 0.7455 0.0003 0.6665
1688632323.8989 -93.0053 0.6760 -208.2376 0.0014 0.7455 0.0003 0.6665
1688632323.9635 -92.3803 0.6745 -208.3083 0.0014 0.7455 0.0003 0.6665
1688632324.0300 -91.7348 0.6539 -208.3841 0.0011 0.7454 0.0003 0.6666
1688632324.0957 -91.0852 0.6716 -208.4468 0.0014 0.7452 0.0003 0.6668
1688632324.1624 -90.4411 0.6690 -208.5155 0.0014 0.7452 0.0004 0.6669
1688632324.2283 -89.7980 0.6706 -208.5838 0.0014 0.7451 0.0003 0.6670
1688632324.2949 -89.1421 0.6765 -208.6535 0.0015 0.7450 0.0003 0.6670
1688632324.3627 -88.5046 0.6610 -208.7189 0.0013 0.7450 0.0004 0.6670
1688632324.4274 -87.8472 0.6668 -208.8014 0.0014 0.7448 0.0003 0.6673
1688632324.4942 -87.1808 0.6750 -208.8601 0.0015 0.7449 0.0002 0.6672
1688632324.5599 -86.4922 0.6711 -208.9433 0.0014 0.7448 0.0002 0.6672
1688632324.6265 -85.8363 0.6565 -209.0067 0.0013 0.7449 0.0004 0.6672
1688632324.6963 -85.1754 0.6646 -209.0795 0.0013 0.7449 0.0003 0.6672
1688632324.7608 -84.5180 0.6558 -209.1583 0.0013 0.7449 0.0003 0.6672
1688632324.8286 -83.8653 0.6518 -209.2369 0.0012 0.7449 0.0004 0.6672
1688632324.8963 -83.2124 0.6479 -209.3082 0.0012 0.7451 0.0004 0.6669
1688632324.9609 -82.5761 0.6579 -209.3654 0.0013 0.7454 0.0003 0.6666
1688632325.0286 -81.9578 0.6547 -209.4453 0.0013 0.7455 0.0003 0.6665
1688632325.0941 -81.3206 0.6596 -209.5091 0.0013 0.7457 0.0003 0.6663
1688632325.1649 -80.6929 0.6515 -209.5661 0.0013 0.7460 0.0004 0.6659
1688632325.2274 -80.0602 0.6454 -209.6521 0.0012 0.7462 0.0004 0.6657
1688632325.2940 -79.4183 0.6475 -209.7318 0.0012 0.7464 0.0004 0.6655
1688632325.3618 -78.7848 0.6520 -209.7915 0.0013 0.7469 0.0004 0.6649
1688632325.4295 -78.1532 0.6402 -209.8724 0.0011 0.7472 0.0003 0.6646
1688632325.4984 -77.5378 0.6385 -209.9359 0.0011 0.7477 0.0003 0.6641
1688632325.5631 -76.9194 0.6457 -210.0026 0.0013 0.7481 0.0004 0.6636
1688632325.6329 -76.2859 0.6456 -210.0894 0.0013 0.7483 0.0005 0.6633
1688632325.6986 -75.6596 0.6490 -210.1560 0.0014 0.7486 0.0004 0.6630
1688632325.7639 -75.0406 0.6472 -210.2299 0.0013 0.7489 0.0004 0.6627
1688632325.8285 -74.4285 0.6390 -210.2930 0.0013 0.7493 0.0004 0.6622
1688632325.8995 -73.8157 0.6486 -210.3858 0.0014 0.7495 0.0004 0.6620
1688632325.9630 -73.2065 0.6525 -210.4687 0.0014 0.7497 0.0004 0.6617
1688632326.0318 -72.5876 0.6549 -210.5283 0.0015 0.7500 0.0005 0.6614
1688632326.0978 -71.9875 0.6373 -210.6207 0.0012 0.7501 0.0004 0.6613
1688632326.1684 -71.3803 0.6348 -210.7057 0.0012 0.7501 0.0004 0.6613
1688632326.2299 -70.7689 0.6425 -210.7798 0.0013 0.7502 0.0004 0.6612
1688632326.2987 -70.1822 0.6286 -210.8448 0.0011 0.7504 0.0004 0.6609
1688632326.3621 -69.5889 0.6314 -210.9136 0.0012 0.7507 0.0004 0.6606
1688632326.4331 -69.0087 0.6336 -210.9826 0.0013 0.7510 0.0004 0.6603
1688632326.4955 -68.4331 0.6300 -211.0568 0.0012 0.7512 0.0005 0.6600
1688632326.5674 -67.8468 0.6375 -211.1441 0.0013 0.7512 0.0004 0.6601
1688632326.6310 -67.2695 0.6316 -211.2190 0.0013 0.7513 0.0005 0.6600
1688632326.7008 -66.6796 0.6450 -211.3076 0.0014 0.7511 0.0004 0.6601
1688632326.7644 -66.1076 0.6403 -211.3697 0.0014 0.7512 0.0004 0.6601
1688632326.8355 -65.5404 0.6473 -211.4546 0.0013 0.7511 0.0003 0.6602
1688632326.8980 -64.9476 0.6356 -211.5129 0.0012 0.7512 0.0004 0.6601
1688632326.9668 -64.3951 0.6273 -211.5984 0.0011 0.7511 0.0004 0.6602
1688632327.0303 -63.8206 0.6215 -211.6645 0.0012 0.7511 0.0005 0.6602
1688632327.1012 -63.2513 0.6262 -211.7655 0.0014 0.7509 0.0006 0.6604
1688632327.1636 -62.7141 0.6119 -211.8429 0.0012 0.7507 0.0006 0.6606
1688632327.2335 -62.1496 0.6311 -211.9039 0.0013 0.7505 0.0004 0.6609
1688632327.2980 -61.5857 0.6308 -211.9723 0.0014 0.7503 0.0004 0.6611
1688632327.3679 -61.0332 0.6241 -212.0281 0.0012 0.7501 0.0004 0.6613
1688632327.4302 -60.4894 0.6467 -212.1082 0.0015 0.7497 0.0003 0.6618
1688632327.5020 -59.9521 0.6418 -212.1876 0.0016 0.7493 0.0005 0.6623
1688632327.5645 -59.4173 0.6372 -212.2632 0.0015 0.7490 0.0004 0.6626
1688632327.6355 -58.8974 0.6345 -212.3440 0.0015 0.7487 0.0004 0.6629
1688632327.6969 -58.3582 0.6328 -212.4255 0.0015 0.7483 0.0005 0.6633
1688632327.7668 -57.8220 0.6406 -212.4818 0.0015 0.7483 0.0004 0.6634
1688632327.8301 -57.2601 0.6414 -212.5615 0.0015 0.7478 0.0003 0.6639
1688632327.9033 -56.6965 0.6463 -212.6181 0.0015 0.7477 0.0003 0.6640
1688632327.9637 -56.1966 0.6373 -212.6904 0.0015 0.7471 0.0004 0.6647
1688632328.0366 -55.6738 0.6398 -212.7597 0.0016 0.7466 0.0003 0.6653
1688632328.0984 -55.1795 0.6544 -212.8191 0.0016 0.7460 0.0002 0.6660
1688632328.1674 -54.6779 0.6494 -212.8815 0.0017 0.7452 0.0003 0.6668
1688632328.2299 -54.1818 0.6412 -212.9369 0.0016 0.7445 0.0003 0.6676
1688632328.3028 -53.6674 0.6226 -213.0113 0.0015 0.7436 0.0005 0.6686
1688632328.3641 -53.1918 0.6385 -213.0733 0.0016 0.7426 0.0004 0.6698
1688632328.4351 -52.6923 0.6310 -213.1237 0.0015 0.7418 0.0004 0.6706
1688632328.4986 -52.2095 0.6366 -213.1895 0.0015 0.7407 0.0004 0.6718
1688632328.5674 -51.7094 0.6369 -213.2648 0.0015 0.7398 0.0003 0.6728
1688632328.6308 -51.2448 0.6180 -213.3231 0.0015 0.7389 0.0006 0.6738
1688632328.6996 -50.7383 0.6164 -213.3641 0.0014 0.7383 0.0005 0.6745
1688632328.7642 -50.2495 0.6227 -213.4032 0.0014 0.7376 0.0004 0.6753
1688632328.8330 -49.7585 0.6161 -213.4562 0.0014 0.7367 0.0005 0.6762
1688632328.8965 -49.3009 0.6170 -213.5068 0.0014 0.7356 0.0005 0.6774
1688632328.9643 -48.8403 0.6151 -213.5708 0.0014 0.7342 0.0005 0.6789
1688632329.0291 -48.3568 0.6163 -213.6449 0.0014 0.7328 0.0005 0.6804
1688632329.0979 -47.8835 0.6126 -213.6980 0.0014 0.7313 0.0005 0.6820
1688632329.1637 -47.3873 0.6047 -213.7148 0.0013 0.7302 0.0006 0.6833
1688632329.2303 -46.8963 0.6372 -213.7676 0.0016 0.7288 0.0002 0.6848
1688632329.2981 -46.4289 0.6238 -213.7997 0.0015 0.7272 0.0003 0.6864
1688632329.3627 -45.9564 0.6201 -213.8457 0.0014 0.7252 0.0004 0.6885
1688632329.4284 -45.4750 0.6291 -213.8702 0.0015 0.7234 0.0002 0.6904
1688632329.4963 -44.9940 0.6296 -213.8953 0.0015 0.7209 0.0002 0.6930
1688632329.5608 -44.5125 0.6400 -213.9277 0.0016 0.7182 0.0000 0.6958
1688632329.6285 -44.0267 0.6260 -213.9498 0.0014 0.7157 0.0002 0.6984
1688632329.6953 -43.5552 0.6148 -213.9585 0.0014 0.7125 0.0003 0.7016
1688632329.7617 -43.0963 0.6265 -213.9680 0.0014 0.7092 0.0001 0.7050
1688632329.8305 -42.6223 0.6281 -213.9842 0.0015 0.7063 0.0001 0.7079
1688632329.8965 -42.1677 0.6109 -213.9894 0.0013 0.7030 0.0003 0.7112
1688632329.9631 -41.7172 0.6338 -214.0053 0.0014 0.6994 -0.0000 0.7147
1688632330.0307 -41.2449 0.6237 -214.0025 0.0013 0.6965 0.0001 0.7175
1688632330.0974 -40.7955 0.6152 -213.9895 0.0013 0.6933 0.0002 0.7207
1688632330.1609 -40.3432 0.6160 -213.9718 0.0013 0.6900 0.0001 0.7238
1688632330.2276 -39.8856 0.6129 -213.9439 0.0013 0.6872 0.0002 0.7264
1688632330.2955 -39.4376 0.6067 -213.9218 0.0013 0.6837 0.0002 0.7297
1688632330.3610 -38.9818 0.6129 -213.8996 0.0013 0.6802 0.0001 0.7330
1688632330.4279 -38.5530 0.6110 -213.8686 0.0013 0.6771 0.0001 0.7359
1688632330.4943 -38.1192 0.6071 -213.8315 0.0013 0.6731 0.0002 0.7396
1688632330.5600 -37.6865 0.6019 -213.7916 0.0012 0.6686 0.0002 0.7436
1688632330.6278 -37.2490 0.6081 -213.7543 0.0012 0.6644 0.0001 0.7474
1688632330.6966 -36.8175 0.6058 -213.6996 0.0012 0.6594 0.0001 0.7518
1688632330.7622 -36.3690 0.6076 -213.6350 0.0012 0.6538 0.0001 0.7567
1688632330.8324 -35.9668 0.6017 -213.5944 0.0012 0.6482 0.0001 0.7615
1688632330.8984 -35.5427 0.6087 -213.5457 0.0012 0.6415 0.0000 0.7671
1688632330.9640 -35.1083 0.6131 -213.4584 0.0013 0.6345 -0.0000 0.7729
1688632331.0308 -34.6683 0.6139 -213.3741 0.0013 0.6269 -0.0000 0.7791
1688632331.0980 -34.2298 0.6039 -213.2706 0.0012 0.6203 0.0000 0.7843
1688632331.1636 -33.7933 0.5945 -213.1763 0.0011 0.6121 0.0001 0.7908
1688632331.2314 -33.3509 0.6061 -213.0694 0.0012 0.6035 -0.0000 0.7974
1688632331.2982 -32.9271 0.5983 -212.9773 0.0011 0.5955 -0.0000 0.8034
1688632331.3660 -32.5187 0.5941 -212.8703 0.0011 0.5857 -0.0000 0.8105
1688632331.4318 -32.0815 0.6047 -212.7223 0.0011 0.5761 -0.0001 0.8174
1688632331.4996 -31.6821 0.6092 -212.5741 0.0011 0.5675 -0.0002 0.8234
1688632331.5642 -31.2818 0.5996 -212.4201 0.0011 0.5571 -0.0001 0.8304
1688632331.6343 -30.8792 0.5983 -212.2545 0.0011 0.5464 -0.0001 0.8375
1688632331.6990 -30.4696 0.6067 -212.0712 0.0011 0.5354 -0.0002 0.8446
1688632331.7676 -30.0781 0.5963 -211.8936 0.0011 0.5257 -0.0001 0.8507
1688632331.8333 -29.6961 0.5996 -211.6908 0.0011 0.5144 -0.0002 0.8575
1688632331.9001 -29.2849 0.5922 -211.4849 0.0010 0.5027 -0.0001 0.8645
1688632331.9656 -28.8983 0.6080 -211.2831 0.0011 0.4924 -0.0003 0.8704
1688632332.0334 -28.5007 0.5948 -211.0537 0.0010 0.4801 -0.0003 0.8772
1688632332.0990 -28.1298 0.6060 -210.7988 0.0011 0.4680 -0.0003 0.8837
1688632332.1688 -27.7446 0.6139 -210.5494 0.0011 0.4573 -0.0004 0.8893
1688632332.2333 -27.3714 0.5963 -210.2982 0.0010 0.4448 -0.0003 0.8956
1688632332.3030 -27.0108 0.6074 -210.0081 0.0011 0.4324 -0.0004 0.9017
1688632332.3655 -26.6523 0.5920 -209.7312 0.0010 0.4195 -0.0003 0.9078
1688632332.4386 -26.3118 0.5922 -209.4402 0.0010 0.4084 -0.0004 0.9128
1688632332.5004 -25.9652 0.5932 -209.1388 0.0010 0.3954 -0.0004 0.9185
1688632332.5733 -25.6208 0.5849 -208.8157 0.0009 0.3840 -0.0004 0.9233
1688632332.6369 -25.2868 0.5988 -208.4895 0.0010 0.3685 -0.0005 0.9296
1688632332.7057 -24.9786 0.5889 -208.1351 0.0010 0.3570 -0.0004 0.9341
1688632332.7681 -24.6672 0.5913 -207.7885 0.0010 0.3430 -0.0005 0.9393
1688632332.8361 -24.3608 0.5866 -207.4474 0.0009 0.3308 -0.0005 0.9437
1688632332.9016 -24.0774 0.5727 -207.0534 0.0008 0.3171 -0.0005 0.9484
1688632332.9665 -23.7999 0.5890 -206.6739 0.0009 0.3054 -0.0006 0.9522
1688632333.0338 -23.5206 0.5803 -206.2987 0.0008 0.2917 -0.0005 0.9565
1688632333.1015 -23.2585 0.5689 -205.8973 0.0007 0.2782 -0.0005 0.9605
1688632333.1671 -23.0074 0.5788 -205.4716 0.0008 0.2667 -0.0006 0.9638
1688632333.2361 -22.7636 0.5771 -205.0563 0.0008 0.2532 -0.0006 0.9674
1688632333.3018 -22.5245 0.5696 -204.6466 0.0007 0.2400 -0.0006 0.9708
1688632333.3684 -22.3107 0.5661 -204.2143 0.0007 0.2275 -0.0006 0.9738
1688632333.4362 -22.1015 0.5677 -203.7732 0.0007 0.2172 -0.0006 0.9761
1688632333.5030 -21.9067 0.5640 -203.3264 0.0006 0.2058 -0.0006 0.9786
1688632333.5686 -21.7135 0.5648 -202.8746 0.0006 0.1945 -0.0006 0.9809
1688632333.6342 -21.5393 0.5607 -202.4352 0.0006 0.1849 -0.0006 0.9828
1688632333.7000 -21.3575 0.5678 -201.9594 0.0006 0.1740 -0.0007 0.9847
1688632333.7688 -21.1939 0.5689 -201.5241 0.0006 0.1649 -0.0007 0.9863
1688632333.8343 -21.0335 0.5610 -201.0345 0.0005 0.1547 -0.0007 0.9880
1688632333.9021 -20.8900 0.5507 -200.5683 0.0004 0.1451 -0.0006 0.9894
1688632333.9668 -20.7546 0.5606 -200.0738 0.0005 0.1359 -0.0007 0.9907
1688632334.0358 -20.6271 0.5555 -199.5999 0.0004 0.1284 -0.0007 0.9917
1688632334.0994 -20.5083 0.5539 -199.1065 0.0004 0.1201 -0.0007 0.9928
1688632334.1703 -20.3987 0.5532 -198.6219 0.0004 0.1133 -0.0007 0.9936
1688632334.2339 -20.2871 0.5547 -198.1152 0.0004 0.1056 -0.0007 0.9944
1688632334.3050 -20.1915 0.5499 -197.6133 0.0004 0.0986 -0.0006 0.9951
1688632334.3667 -20.0958 0.5554 -197.1150 0.0004 0.0922 -0.0007 0.9957
1688632334.4399 -20.0050 0.5590 -196.6281 0.0005 0.0872 -0.0007 0.9962
1688632334.5003 -19.9284 0.5530 -196.1192 0.0004 0.0821 -0.0007 0.9966
1688632334.5723 -19.8501 0.5561 -195.6165 0.0005 0.0783 -0.0007 0.9969
1688632334.6322 -19.7718 0.5550 -195.0964 0.0004 0.0741 -0.0007 0.9973
1688632334.7073 -19.7017 0.5497 -194.5821 0.0004 0.0715 -0.0007 0.9974
1688632334.7677 -19.6349 0.5614 -194.0600 0.0005 0.0693 -0.0008 0.9976
1688632334.8397 -19.5632 0.5683 -193.5293 0.0006 0.0680 -0.0008 0.9977
1688632334.9001 -19.4952 0.5664 -193.0019 0.0006 0.0671 -0.0008 0.9977
1688632334.9720 -19.4329 0.5695 -192.4660 0.0006 0.0667 -0.0009 0.9978
1688632335.0323 -19.3534 0.5665 -191.9237 0.0006 0.0663 -0.0009 0.9978
1688632335.1055 -19.2843 0.5638 -191.3927 0.0006 0.0663 -0.0008 0.9978
1688632335.1668 -19.2208 0.5637 -190.8423 0.0006 0.0665 -0.0008 0.9978
1688632335.2378 -19.1445 0.5741 -190.3078 0.0006 0.0665 -0.0009 0.9978
1688632335.3003 -19.0859 0.5665 -189.7600 0.0006 0.0668 -0.0009 0.9978
1688632335.3713 -19.0158 0.5596 -189.2096 0.0006 0.0671 -0.0008 0.9977
1688632335.4327 -18.9414 0.5637 -188.6674 0.0006 0.0673 -0.0009 0.9977
1688632335.5057 -18.8760 0.5634 -188.1193 0.0006 0.0676 -0.0009 0.9977
1688632335.5670 -18.8046 0.5652 -187.5616 0.0006 0.0677 -0.0009 0.9977
1688632335.6391 -18.7240 0.5607 -187.0005 0.0006 0.0679 -0.0009 0.9977
1688632335.7005 -18.6546 0.5590 -186.4422 0.0006 0.0681 -0.0009 0.9977
1688632335.7746 -18.5747 0.5622 -185.8708 0.0006 0.0682 -0.0009 0.9977
1688632335.8352 -18.4893 0.5565 -185.3145 0.0006 0.0682 -0.0009 0.9977
1688632335.9061 -18.4108 0.5533 -184.7464 0.0006 0.0682 -0.0009 0.9977
1688632335.9693 -18.3233 0.5566 -184.1815 0.0006 0.0682 -0.0009 0.9977
1688632336.0382 -18.2483 0.5637 -183.6052 0.0006 0.0684 -0.0009 0.9977
1688632336.1019 -18.1721 0.5602 -183.0355 0.0006 0.0685 -0.0009 0.9977
1688632336.1684 -18.0839 0.5554 -182.4691 0.0006 0.0686 -0.0009 0.9976
1688632336.2319 -18.0136 0.5510 -181.9023 0.0006 0.0686 -0.0009 0.9976
1688632336.3050 -17.9330 0.5476 -181.3200 0.0005 0.0685 -0.0009 0.9977
1688632336.3653 -17.8585 0.5515 -180.7355 0.0006 0.0685 -0.0009 0.9977
1688632336.4374 -17.7772 0.5476 -180.1617 0.0005 0.0687 -0.0009 0.9976
1688632336.4987 -17.6911 0.5438 -179.5858 0.0005 0.0689 -0.0008 0.9976
1688632336.5716 -17.6110 0.5381 -179.0035 0.0005 0.0690 -0.0008 0.9976
1688632336.6352 -17.5209 0.5434 -178.4175 0.0005 0.0692 -0.0009 0.9976
1688632336.7029 -17.4516 0.5381 -177.8370 0.0005 0.0694 -0.0009 0.9976
1688632336.7655 -17.3809 0.5376 -177.2537 0.0005 0.0698 -0.0008 0.9976
1688632336.8387 -17.2964 0.5413 -176.6715 0.0005 0.0699 -0.0009 0.9976
1688632336.9012 -17.2167 0.5404 -176.0823 0.0005 0.0699 -0.0009 0.9976
1688632336.9731 -17.1335 0.5383 -175.4985 0.0005 0.0699 -0.0009 0.9976
1688632337.0335 -17.0461 0.5413 -174.9071 0.0005 0.0699 -0.0009 0.9976
1688632337.1034 -16.9654 0.5438 -174.3107 0.0006 0.0699 -0.0008 0.9976
1688632337.1659 -16.8866 0.5343 -173.7228 0.0005 0.0700 -0.0008 0.9975
1688632337.2378 -16.8018 0.5363 -173.1336 0.0005 0.0701 -0.0009 0.9975
1688632337.2993 -16.7248 0.5361 -172.5452 0.0005 0.0701 -0.0009 0.9975
1688632337.3702 -16.6352 0.5374 -171.9519 0.0005 0.0699 -0.0009 0.9976
1688632337.4337 -16.5494 0.5355 -171.3501 0.0005 0.0695 -0.0008 0.9976
1688632337.5045 -16.4758 0.5346 -170.7469 0.0005 0.0694 -0.0009 0.9976
1688632337.5659 -16.3879 0.5225 -170.1430 0.0004 0.0692 -0.0009 0.9976
1688632337.6386 -16.3120 0.5309 -169.5389 0.0005 0.0691 -0.0008 0.9976
1688632337.7016 -16.2223 0.5339 -168.9264 0.0006 0.0690 -0.0009 0.9976
1688632337.7684 -16.1257 0.5335 -168.3099 0.0005 0.0687 -0.0009 0.9976
1688632337.8320 -16.0468 0.5284 -167.7002 0.0005 0.0686 -0.0009 0.9976
1688632337.9029 -15.9707 0.5335 -167.0947 0.0006 0.0688 -0.0009 0.9976
1688632337.9653 -15.8800 0.5259 -166.4763 0.0005 0.0686 -0.0009 0.9976
1688632338.0384 -15.8056 0.5289 -165.8563 0.0005 0.0687 -0.0009 0.9976
1688632338.0998 -15.7147 0.5291 -165.2418 0.0005 0.0685 -0.0008 0.9977
1688632338.1718 -15.6317 0.5257 -164.6369 0.0005 0.0684 -0.0009 0.9977
1688632338.2355 -15.5416 0.5370 -164.0230 0.0006 0.0683 -0.0009 0.9977
1688632338.3042 -15.4544 0.5326 -163.3993 0.0006 0.0683 -0.0009 0.9977
1688632338.3678 -15.3748 0.5348 -162.7683 0.0006 0.0683 -0.0009 0.9977
1688632338.4355 -15.2896 0.5346 -162.1337 0.0006 0.0682 -0.0010 0.9977
1688632338.5010 -15.2100 0.5303 -161.5020 0.0006 0.0681 -0.0009 0.9977
1688632338.5711 -15.1203 0.5202 -160.8725 0.0005 0.0679 -0.0009 0.9977
1688632338.6357 -15.0291 0.5262 -160.2451 0.0006 0.0678 -0.0009 0.9977
1688632338.7064 -14.9491 0.5236 -159.6176 0.0005 0.0679 -0.0009 0.9977
1688632338.7688 -14.8637 0.5166 -158.9868 0.0005 0.0676 -0.0009 0.9977
1688632338.8378 -14.7737 0.5254 -158.3438 0.0006 0.0674 -0.0009 0.9977
1688632338.9026 -14.6741 0.5323 -157.7122 0.0007 0.0670 -0.0010 0.9977
1688632338.9703 -14.5912 0.5237 -157.0653 0.0006 0.0670 -0.0009 0.9978
1688632339.0350 -14.5171 0.5206 -156.4226 0.0006 0.0670 -0.0009 0.9977
1688632339.1029 -14.4281 0.5223 -155.7899 0.0006 0.0670 -0.0009 0.9978
1688632339.1707 -14.3514 0.5157 -155.1538 0.0005 0.0669 -0.0009 0.9978
1688632339.2363 -14.2573 0.5073 -154.5238 0.0004 0.0664 -0.0009 0.9978
1688632339.3031 -14.1773 0.5236 -153.8889 0.0006 0.0660 -0.0009 0.9978
1688632339.3687 -14.0925 0.5227 -153.2493 0.0006 0.0654 -0.0010 0.9979
1688632339.4385 -14.0135 0.5175 -152.6103 0.0006 0.0648 -0.0009 0.9979
1688632339.5032 -13.9216 0.5147 -151.9665 0.0005 0.0643 -0.0009 0.9979
1688632339.5710 -13.8495 0.5073 -151.3309 0.0005 0.0637 -0.0010 0.9980
1688632339.6366 -13.7632 0.5097 -150.6926 0.0005 0.0629 -0.0009 0.9980
1688632339.7022 -13.6860 0.5173 -150.0564 0.0006 0.0623 -0.0009 0.9981
1688632339.7720 -13.5953 0.5116 -149.4211 0.0005 0.0613 -0.0009 0.9981
1688632339.8356 -13.5250 0.5112 -148.7893 0.0005 0.0606 -0.0009 0.9982
1688632339.9058 -13.4395 0.5187 -148.1579 0.0006 0.0597 -0.0009 0.9982
1688632339.9715 -13.3664 0.5174 -147.5249 0.0006 0.0589 -0.0009 0.9983
1688632340.0360 -13.2945 0.5221 -146.8887 0.0007 0.0580 -0.0010 0.9983
1688632340.1015 -13.2178 0.5157 -146.2551 0.0006 0.0573 -0.0009 0.9984
1688632340.1693 -13.1463 0.5155 -145.6196 0.0006 0.0564 -0.0010 0.9984
1688632340.2362 -13.0768 0.5131 -144.9822 0.0006 0.0555 -0.0010 0.9985
1688632340.3041 -13.0098 0.5177 -144.3411 0.0007 0.0549 -0.0010 0.9985
1688632340.3687 -12.9367 0.5241 -143.7015 0.0007 0.0541 -0.0011 0.9985
1688632340.4368 -12.8596 0.5130 -143.0691 0.0007 0.0531 -0.0011 0.9986
1688632340.5023 -12.7966 0.5203 -142.4403 0.0007 0.0525 -0.0011 0.9986
1688632340.5681 -12.7214 0.5175 -141.8002 0.0007 0.0513 -0.0011 0.9987
1688632340.6348 -12.6621 0.5151 -141.1714 0.0007 0.0506 -0.0011 0.9987
1688632340.7024 -12.5898 0.5046 -140.5403 0.0006 0.0494 -0.0010 0.9988
1688632340.7672 -12.5310 0.5157 -139.9019 0.0007 0.0484 -0.0011 0.9988
1688632340.8351 -12.4690 0.5156 -139.2636 0.0007 0.0473 -0.0011 0.9989
1688632340.9005 -12.4095 0.5196 -138.6252 0.0008 0.0462 -0.0011 0.9989
1688632340.9693 -12.3397 0.5145 -137.9829 0.0007 0.0450 -0.0011 0.9990
1688632341.0338 -12.2955 0.5132 -137.3428 0.0007 0.0440 -0.0011 0.9990
1688632341.1039 -12.2332 0.5090 -136.7067 0.0007 0.0430 -0.0011 0.9991
1688632341.1688 -12.1838 0.5093 -136.0684 0.0007 0.0419 -0.0011 0.9991
1688632341.2386 -12.1368 0.5169 -135.4391 0.0008 0.0407 -0.0012 0.9992
1688632341.3022 -12.0915 0.5058 -134.7869 0.0007 0.0395 -0.0011 0.9992
1688632341.3720 -12.0316 0.5070 -134.1539 0.0007 0.0383 -0.0011 0.9993
1688632341.4346 -11.9893 0.5096 -133.5223 0.0007 0.0371 -0.0011 0.9993
1688632341.5056 -11.9362 0.5082 -132.8958 0.0007 0.0359 -0.0011 0.9994
1688632341.5692 -11.8886 0.5111 -132.2664 0.0008 0.0347 -0.0012 0.9994
1688632341.6382 -11.8309 0.4969 -131.6297 0.0006 0.0335 -0.0011 0.9994
1688632341.7030 -11.7874 0.4922 -130.9955 0.0006 0.0326 -0.0011 0.9995
1688632341.7708 -11.7533 0.4980 -130.3522 0.0007 0.0314 -0.0012 0.9995
1688632341.8375 -11.7189 0.4923 -129.7325 0.0006 0.0303 -0.0011 0.9995
1688632341.9041 -11.6862 0.5038 -129.0940 0.0007 0.0290 -0.0011 0.9996
1688632341.9698 -11.6374 0.4957 -128.4517 0.0007 0.0272 -0.0011 0.9996
1688632342.0387 -11.6140 0.4997 -127.8177 0.0007 0.0256 -0.0011 0.9997
1688632342.1023 -11.5799 0.4978 -127.1869 0.0007 0.0234 -0.0011 0.9997
1688632342.1741 -11.5463 0.4877 -126.5489 0.0006 0.0218 -0.0011 0.9998
1688632342.2379 -11.5215 0.4796 -125.9240 0.0006 0.0194 -0.0011 0.9998
1688632342.3066 -11.5065 0.4772 -125.2851 0.0005 0.0172 -0.0011 0.9999
1688632342.3702 -11.4839 0.4738 -124.6567 0.0005 0.0154 -0.0011 0.9999
1688632342.4402 -11.4732 0.4812 -124.0160 0.0006 0.0134 -0.0012 0.9999
1688632342.5027 -11.4472 0.4813 -123.3888 0.0006 0.0114 -0.0010 0.9999
1688632342.5706 -11.4280 0.4877 -122.7709 0.0006 0.0099 -0.0011 0.9999
1688632342.6352 -11.4216 0.4930 -122.1401 0.0007 0.0084 -0.0012 1.0000
1688632342.7041 -11.4020 0.4929 -121.5122 0.0007 0.0069 -0.0012 1.0000
1688632342.7687 -11.3902 0.4896 -120.8832 0.0007 0.0054 -0.0013 1.0000
1688632342.8376 -11.3952 0.4883 -120.2556 0.0007 0.0043 -0.0012 1.0000
1688632342.9038 -11.3907 0.4857 -119.6346 0.0007 0.0032 -0.0011 1.0000
1688632342.9726 -11.3818 0.4962 -119.0113 0.0008 0.0026 -0.0013 1.0000
1688632343.0374 -11.3815 0.4881 -118.3905 0.0007 0.0019 -0.0013 1.0000
1688632343.1061 -11.3815 0.4843 -117.7768 0.0007 0.0010 -0.0012 1.0000
1688632343.1685 -11.3663 0.4845 -117.1611 0.0007 0.0004 -0.0013 1.0000
1688632343.2376 -11.3721 0.4812 -116.5464 0.0006 -0.0002 -0.0013 1.0000
1688632343.3021 -11.3787 0.4835 -115.9298 0.0007 -0.0009 -0.0012 1.0000
1688632343.3711 -11.3684 0.4885 -115.3186 0.0007 -0.0014 -0.0013 1.0000
1688632343.4337 -11.3797 0.4740 -114.7016 0.0006 -0.0016 -0.0013 1.0000
1688632343.5028 -11.3909 0.4768 -114.0900 0.0006 -0.0017 -0.0013 1.0000
1688632343.5684 -11.3714 0.4748 -113.4796 0.0006 -0.0020 -0.0014 1.0000
1688632343.6364 -11.3854 0.4729 -112.8689 0.0006 -0.0020 -0.0013 1.0000
1688632343.6989 -11.3900 0.4731 -112.2624 0.0006 -0.0020 -0.0014 1.0000
1688632343.7710 -11.4033 0.4700 -111.6678 0.0006 -0.0020 -0.0013 1.0000
1688632343.8345 -11.4035 0.4764 -111.0612 0.0007 -0.0019 -0.0013 1.0000
1688632343.9045 -11.3968 0.4743 -110.4533 0.0006 -0.0018 -0.0013 1.0000
1688632343.9700 -11.3958 0.4738 -109.8463 0.0007 -0.0016 -0.0014 1.0000
1688632344.0381 -11.4113 0.4749 -109.2367 0.0007 -0.0010 -0.0013 1.0000
1688632344.1038 -11.4090 0.4663 -108.6313 0.0006 -0.0002 -0.0014 1.0000
1688632344.1727 -11.4203 0.4750 -108.0292 0.0007 0.0006 -0.0013 1.0000
1688632344.2352 -11.4188 0.4656 -107.4243 0.0006 0.0013 -0.0014 1.0000
1688632344.3051 -11.4064 0.4803 -106.8205 0.0008 0.0019 -0.0013 1.0000
1688632344.3664 -11.4101 0.4803 -106.2145 0.0008 0.0027 -0.0013 1.0000
1688632344.4373 -11.4082 0.4743 -105.6154 0.0007 0.0034 -0.0012 1.0000
1688632344.5020 -11.4126 0.4741 -105.0227 0.0007 0.0044 -0.0012 1.0000
1688632344.5707 -11.4004 0.4658 -104.4255 0.0006 0.0051 -0.0013 1.0000
1688632344.6342 -11.3986 0.4612 -103.8250 0.0006 0.0061 -0.0013 1.0000
1688632344.7051 -11.3878 0.4698 -103.2319 0.0007 0.0068 -0.0013 1.0000
1688632344.7708 -11.3776 0.4576 -102.6424 0.0006 0.0075 -0.0013 1.0000
1688632344.8386 -11.3590 0.4568 -102.0473 0.0006 0.0082 -0.0013 1.0000
1688632344.9023 -11.3557 0.4615 -101.4613 0.0006 0.0090 -0.0013 1.0000
1688632344.9727 -11.3461 0.4497 -100.8719 0.0005 0.0100 -0.0014 0.9999
1688632345.0352 -11.3322 0.4556 -100.2830 0.0006 0.0110 -0.0013 0.9999
1688632345.1071 -11.3228 0.4460 -99.6953 0.0005 0.0118 -0.0012 0.9999
1688632345.1717 -11.3123 0.4475 -99.1099 0.0005 0.0130 -0.0013 0.9999
1688632345.2418 -11.3000 0.4454 -98.5255 0.0005 0.0138 -0.0013 0.9999
1688632345.3021 -11.2754 0.4454 -97.9443 0.0005 0.0146 -0.0013 0.9999
1688632345.3755 -11.2669 0.4463 -97.3576 0.0006 0.0153 -0.0013 0.9999
1688632345.4362 -11.2551 0.4490 -96.7794 0.0006 0.0164 -0.0013 0.9999
1688632345.5071 -11.2403 0.4489 -96.1946 0.0006 0.0173 -0.0012 0.9998
1688632345.5716 -11.2153 0.4467 -95.6119 0.0006 0.0182 -0.0012 0.9998
1688632345.6384 -11.1907 0.4439 -95.0307 0.0006 0.0191 -0.0012 0.9998
1688632345.7034 -11.1627 0.4477 -94.4358 0.0006 0.0202 -0.0013 0.9998
1688632345.7723 -11.1398 0.4372 -93.8602 0.0005 0.0213 -0.0013 0.9998
1688632345.8349 -11.1136 0.4399 -93.2788 0.0006 0.0230 -0.0013 0.9997
1688632345.9059 -11.0797 0.4437 -92.6936 0.0006 0.0246 -0.0013 0.9997
1688632345.9694 -11.0649 0.4459 -92.1135 0.0006 0.0266 -0.0012 0.9996
1688632346.0404 -11.0336 0.4334 -91.5372 0.0005 0.0285 -0.0013 0.9996
1688632346.1040 -11.0024 0.4354 -90.9575 0.0005 0.0309 -0.0013 0.9995
1688632346.1750 -10.9606 0.4297 -90.3762 0.0005 0.0331 -0.0013 0.9995
1688632346.2386 -10.9297 0.4254 -89.7911 0.0005 0.0363 -0.0013 0.9993
1688632346.3064 -10.8887 0.4315 -89.2094 0.0005 0.0388 -0.0013 0.9992
1688632346.3698 -10.8374 0.4274 -88.6336 0.0005 0.0418 -0.0013 0.9991
1688632346.4388 -10.7855 0.4239 -88.0588 0.0005 0.0444 -0.0013 0.9990
1688632346.5034 -10.7300 0.4303 -87.4818 0.0005 0.0475 -0.0013 0.9989
1688632346.5722 -10.6730 0.4236 -86.9005 0.0005 0.0503 -0.0013 0.9987
1688632346.6347 -10.6169 0.4250 -86.3319 0.0005 0.0536 -0.0013 0.9986
1688632346.7046 -10.5642 0.4320 -85.7611 0.0006 0.0569 -0.0012 0.9984
1688632346.7692 -10.4995 0.4333 -85.1959 0.0006 0.0604 -0.0012 0.9982
1688632346.8390 -10.4342 0.4272 -84.6263 0.0006 0.0633 -0.0012 0.9980
1688632346.9046 -10.3650 0.4298 -84.0703 0.0006 0.0669 -0.0012 0.9978
1688632346.9703 -10.2866 0.4297 -83.5060 0.0006 0.0702 -0.0012 0.9975
1688632347.0361 -10.2043 0.4210 -82.9429 0.0005 0.0731 -0.0012 0.9973
1688632347.1048 -10.1146 0.4171 -82.3741 0.0005 0.0762 -0.0013 0.9971
1688632347.1738 -10.0183 0.4192 -81.8120 0.0005 0.0796 -0.0013 0.9968
1688632347.2406 -9.9291 0.4277 -81.2546 0.0006 0.0825 -0.0012 0.9966
1688632347.3053 -9.8462 0.4282 -80.6876 0.0006 0.0860 -0.0011 0.9963
1688632347.3742 -9.7518 0.4229 -80.1370 0.0006 0.0894 -0.0012 0.9960
1688632347.4412 -9.6518 0.4179 -79.5894 0.0005 0.0922 -0.0011 0.9957
1688632347.5090 -9.5488 0.4151 -79.0309 0.0005 0.0955 -0.0012 0.9954
1688632347.5747 -9.4390 0.4117 -78.4733 0.0005 0.0986 -0.0012 0.9951
1688632347.6423 -9.3235 0.4093 -77.9066 0.0005 0.1015 -0.0013 0.9948
1688632347.7060 -9.2097 0.4162 -77.3538 0.0006 0.1040 -0.0012 0.9946
1688632347.7749 -9.0911 0.4184 -76.7977 0.0006 0.1068 -0.0011 0.9943
1688632347.8406 -8.9762 0.4165 -76.2486 0.0006 0.1095 -0.0012 0.9940
1688632347.9084 -8.8452 0.4161 -75.6854 0.0006 0.1115 -0.0011 0.9938
1688632347.9751 -8.7301 0.4091 -75.1345 0.0005 0.1137 -0.0012 0.9935
1688632348.0388 -8.6117 0.3995 -74.5857 0.0005 0.1156 -0.0012 0.9933
1688632348.1063 -8.4835 0.3962 -74.0368 0.0004 0.1169 -0.0012 0.9931
1688632348.1711 -8.3414 0.3926 -73.4898 0.0004 0.1179 -0.0012 0.9930
1688632348.2370 -8.2073 0.3923 -72.9348 0.0004 0.1187 -0.0012 0.9929
1688632348.3015 -8.0791 0.3880 -72.3803 0.0004 0.1194 -0.0012 0.9928
1688632348.3674 -7.9472 0.3979 -71.8267 0.0005 0.1199 -0.0012 0.9928
1688632348.4354 -7.8147 0.3958 -71.2757 0.0005 0.1201 -0.0012 0.9928
1688632348.5010 -7.6781 0.3956 -70.7298 0.0005 0.1201 -0.0012 0.9928
1688632348.5667 -7.5482 0.3922 -70.1913 0.0004 0.1200 -0.0012 0.9928
1688632348.6355 -7.4038 0.3879 -69.6310 0.0004 0.1197 -0.0013 0.9928
1688632348.6982 -7.2722 0.3888 -69.0829 0.0004 0.1191 -0.0012 0.9929
1688632348.7682 -7.1392 0.3944 -68.5290 0.0005 0.1185 -0.0012 0.9930
1688632348.8310 -7.0060 0.3924 -67.9686 0.0005 0.1175 -0.0013 0.9931
1688632348.9000 -6.8729 0.3893 -67.4071 0.0004 0.1166 -0.0012 0.9932
1688632348.9630 -6.7479 0.3902 -66.8474 0.0004 0.1156 -0.0012 0.9933
1688632349.0330 -6.6124 0.3849 -66.2887 0.0004 0.1145 -0.0012 0.9934
1688632349.0973 -6.4760 0.3804 -65.7320 0.0004 0.1129 -0.0013 0.9936
1688632349.1655 -6.3480 0.3802 -65.1808 0.0004 0.1118 -0.0012 0.9937
1688632349.2292 -6.2347 0.3794 -64.6181 0.0004 0.1103 -0.0012 0.9939
1688632349.2992 -6.0952 0.3789 -64.0422 0.0004 0.1085 -0.0013 0.9941
1688632349.3628 -5.9642 0.3792 -63.4792 0.0004 0.1066 -0.0012 0.9943
1688632349.4317 -5.8403 0.3734 -62.9178 0.0003 0.1046 -0.0012 0.9945
1688632349.4975 -5.7199 0.3830 -62.3355 0.0004 0.1029 -0.0012 0.9947
1688632349.5632 -5.5983 0.3873 -61.7648 0.0005 0.1012 -0.0012 0.9949
1688632349.6299 -5.4859 0.3856 -61.1919 0.0005 0.0996 -0.0013 0.9950
1688632349.6989 -5.3741 0.3836 -60.6184 0.0005 0.0981 -0.0012 0.9952
1688632349.7635 -5.2611 0.3726 -60.0463 0.0003 0.0962 -0.0013 0.9954
1688632349.8315 -5.1428 0.3665 -59.4790 0.0003 0.0944 -0.0013 0.9955
1688632349.8983 -5.0371 0.3699 -58.9045 0.0003 0.0928 -0.0014 0.9957
1688632349.9660 -4.9205 0.3752 -58.3236 0.0004 0.0911 -0.0012 0.9958
1688632350.0316 -4.8181 0.3691 -57.7480 0.0003 0.0897 -0.0013 0.9960
1688632350.0973 -4.7185 0.3702 -57.1675 0.0003 0.0885 -0.0014 0.9961
1688632350.1651 -4.6237 0.3726 -56.5885 0.0003 0.0871 -0.0013 0.9962
1688632350.2319 -4.5189 0.3748 -56.0045 0.0004 0.0857 -0.0013 0.9963
1688632350.2999 -4.4197 0.3709 -55.4249 0.0003 0.0847 -0.0014 0.9964
1688632350.3658 -4.3130 0.3697 -54.8478 0.0003 0.0832 -0.0014 0.9965
1688632350.4337 -4.2063 0.3780 -54.2738 0.0004 0.0815 -0.0014 0.9967
1688632350.4995 -4.1284 0.3726 -53.6990 0.0003 0.0801 -0.0014 0.9968
1688632350.5683 -4.0404 0.3666 -53.1290 0.0003 0.0789 -0.0015 0.9969
1688632350.6330 -3.9455 0.3650 -52.5581 0.0003 0.0775 -0.0014 0.9970
1688632350.7044 -3.8555 0.3598 -51.9915 0.0002 0.0764 -0.0014 0.9971
1688632350.7660 -3.7795 0.3664 -51.4266 0.0003 0.0752 -0.0014 0.9972
1688632350.8370 -3.6843 0.3650 -50.8755 0.0003 0.0741 -0.0014 0.9973
1688632350.8996 -3.6002 0.3620 -50.3079 0.0002 0.0730 -0.0013 0.9973
1688632350.9706 -3.5174 0.3607 -49.7542 0.0002 0.0722 -0.0014 0.9974
1688632351.0310 -3.4404 0.3571 -49.2006 0.0002 0.0714 -0.0014 0.9974
1688632351.1052 -3.3558 0.3525 -48.6406 0.0002 0.0710 -0.0013 0.9975
1688632351.1655 -3.2698 0.3526 -48.0866 0.0002 0.0704 -0.0014 0.9975
1688632351.2386 -3.1908 0.3491 -47.5344 0.0001 0.0703 -0.0014 0.9975
1688632351.2978 -3.1138 0.3476 -46.9844 0.0001 0.0703 -0.0014 0.9975
1688632351.3709 -3.0443 0.3433 -46.4427 0.0001 0.0703 -0.0014 0.9975
1688632351.4302 -2.9673 0.3500 -45.8889 0.0001 0.0706 -0.0014 0.9975
1688632351.5022 -2.8933 0.3416 -45.3439 0.0001 0.0707 -0.0014 0.9975
1688632351.5645 -2.8043 0.3418 -44.8067 0.0001 0.0706 -0.0013 0.9975
1688632351.6366 -2.7321 0.3357 -44.2707 0.0000 0.0708 -0.0013 0.9975
1688632351.6970 -2.6537 0.3380 -43.7438 0.0000 0.0710 -0.0013 0.9975
1688632351.7691 -2.5869 0.3543 -43.2025 0.0002 0.0713 -0.0013 0.9975
1688632351.8306 -2.4990 0.3379 -42.6753 0.0000 0.0716 -0.0013 0.9974
1688632351.9016 -2.4186 0.3386 -42.1448 0.0001 0.0718 -0.0012 0.9974
1688632351.9629 -2.3558 0.3475 -41.6068 0.0002 0.0721 -0.0013 0.9974
1688632352.0339 -2.2662 0.3483 -41.0859 0.0002 0.0722 -0.0013 0.9974
1688632352.0968 -2.1944 0.3420 -40.5557 0.0001 0.0723 -0.0013 0.9974
1688632352.1655 -2.1105 0.3514 -40.0232 0.0002 0.0726 -0.0013 0.9974
1688632352.2291 -2.0543 0.3492 -39.4908 0.0002 0.0729 -0.0013 0.9973
1688632352.3004 -1.9763 0.3394 -38.9684 0.0001 0.0731 -0.0012 0.9973
1688632352.3629 -1.9060 0.3468 -38.4232 0.0002 0.0734 -0.0013 0.9973
1688632352.4338 -1.8132 0.3478 -37.8988 0.0002 0.0736 -0.0013 0.9973
1688632352.4973 -1.7370 0.3440 -37.3662 0.0001 0.0737 -0.0013 0.9973
1688632352.5671 -1.6558 0.3301 -36.8252 0.0000 0.0739 -0.0012 0.9973
1688632352.6319 -1.5757 0.3585 -36.2845 0.0003 0.0741 -0.0013 0.9973
1688632352.7007 -1.4894 0.3511 -35.7527 0.0002 0.0742 -0.0013 0.9972
1688632352.7664 -1.4199 0.3307 -35.2194 0.0000 0.0743 -0.0013 0.9972
1688632352.8361 -1.3366 0.3332 -34.6854 0.0001 0.0743 -0.0012 0.9972
1688632352.9008 -1.2586 0.3382 -34.1528 0.0001 0.0745 -0.0012 0.9972
1688632352.9686 -1.1805 0.3385 -33.6195 0.0001 0.0747 -0.0012 0.9972
1688632353.0332 -1.0935 0.3417 -33.0839 0.0001 0.0747 -0.0012 0.9972
1688632353.1031 -1.0132 0.3418 -32.5512 0.0001 0.0751 -0.0013 0.9972
1688632353.1665 -0.9301 0.3433 -32.0064 0.0002 0.0753 -0.0013 0.9972
1688632353.2330 -0.8557 0.3370 -31.4605 0.0001 0.0755 -0.0013 0.9971
1688632353.3007 -0.7709 0.3376 -30.9171 0.0001 0.0758 -0.0012 0.9971
1688632353.3673 -0.6897 0.3402 -30.3852 0.0001 0.0759 -0.0012 0.9971
1688632353.4350 -0.6128 0.3427 -29.8443 0.0002 0.0763 -0.0012 0.9971
1688632353.4996 -0.5267 0.3383 -29.3048 0.0001 0.0765 -0.0013 0.9971
1688632353.5673 -0.4519 0.3404 -28.7590 0.0002 0.0767 -0.0012 0.9971
1688632353.6331 -0.3703 0.3391 -28.2169 0.0001 0.0768 -0.0012 0.9970
1688632353.7009 -0.2858 0.3388 -27.6796 0.0002 0.0768 -0.0013 0.9970
1688632353.7656 -0.1971 0.3344 -27.1302 0.0001 0.0768 -0.0013 0.9970
1688632353.8344 -0.1006 0.3479 -26.5848 0.0002 0.0768 -0.0012 0.9970
1688632353.9000 -0.0213 0.3359 -26.0466 0.0001 0.0768 -0.0013 0.9970
1688632353.9656 0.0647 0.3507 -25.5036 0.0003 0.0769 -0.0012 0.9970
1688632354.0324 0.1431 0.3511 -24.9649 0.0003 0.0769 -0.0012 0.9970
1688632354.0981 0.2334 0.3429 -24.4224 0.0002 0.0769 -0.0013 0.9970
1688632354.1665 0.3135 0.3533 -23.8783 0.0003 0.0769 -0.0012 0.9970
1688632354.2342 0.3913 0.3462 -23.3340 0.0002 0.0769 -0.0012 0.9970
1688632354.2987 0.4695 0.3396 -22.7940 0.0002 0.0770 -0.0012 0.9970
1688632354.3675 0.5630 0.3408 -22.2566 0.0002 0.0768 -0.0012 0.9970
1688632354.4331 0.6406 0.3327 -21.7155 0.0001 0.0767 -0.0012 0.9971
1688632354.5019 0.7258 0.3320 -21.1735 0.0001 0.0765 -0.0012 0.9971
1688632354.5664 0.8110 0.3308 -20.6350 0.0001 0.0763 -0.0013 0.9971
1688632354.6352 0.8988 0.3319 -20.1002 0.0001 0.0761 -0.0012 0.9971
1688632354.7010 0.9781 0.3309 -19.5697 0.0001 0.0759 -0.0013 0.9971
1688632354.7686 1.0716 0.3224 -19.0575 0.0000 0.0754 -0.0012 0.9972
1688632354.8331 1.1531 0.3259 -18.5297 0.0000 0.0751 -0.0012 0.9972
1688632354.9002 1.2171 0.3233 -18.0209 0.0000 0.0749 -0.0012 0.9972
1688632354.9651 1.2926 0.3214 -17.5026 0.0000 0.0748 -0.0012 0.9972
1688632355.0344 1.3611 0.3273 -16.9860 0.0001 0.0747 -0.0013 0.9972
1688632355.1001 1.4508 0.3268 -16.4665 0.0001 0.0743 -0.0012 0.9972
1688632355.1678 1.5148 0.3165 -15.9755 -0.0001 0.0740 -0.0013 0.9973
1688632355.2335 1.5923 0.3243 -15.4715 0.0000 0.0736 -0.0013 0.9973
1688632355.3023 1.6593 0.3260 -14.9715 0.0001 0.0732 -0.0013 0.9973
1688632355.3690 1.7328 0.3216 -14.4774 0.0000 0.0725 -0.0013 0.9974
1688632355.4357 1.8012 0.3270 -13.9992 0.0001 0.0720 -0.0013 0.9974
1688632355.5002 1.8749 0.3253 -13.5146 0.0000 0.0714 -0.0013 0.9974
1688632355.5711 1.9442 0.3193 -13.0353 -0.0000 0.0707 -0.0013 0.9975
1688632355.6326 2.0206 0.3130 -12.5410 -0.0001 0.0695 -0.0014 0.9976
1688632355.7025 2.0971 0.3174 -12.0674 -0.0001 0.0685 -0.0014 0.9977
1688632355.7659 2.1499 0.3172 -11.5839 -0.0001 0.0672 -0.0014 0.9977
1688632355.8369 2.2273 0.3059 -11.1181 -0.0003 0.0657 -0.0014 0.9978
1688632355.8993 2.2950 0.3133 -10.6612 -0.0002 0.0637 -0.0013 0.9980
1688632355.9703 2.3568 0.3183 -10.1946 -0.0001 0.0614 -0.0014 0.9981
1688632356.0308 2.3851 0.2992 -9.7375 -0.0004 0.0590 -0.0014 0.9983
1688632356.1039 2.4254 0.3180 -9.2899 -0.0001 0.0566 -0.0014 0.9984
1688632356.1643 2.4620 0.3139 -8.8497 -0.0002 0.0533 -0.0015 0.9986
1688632356.2364 2.4999 0.3139 -8.4303 -0.0002 0.0499 -0.0015 0.9988
1688632356.2989 2.5589 0.3222 -8.0035 -0.0001 0.0452 -0.0014 0.9990
1688632356.3685 2.5958 0.3151 -7.5913 -0.0002 0.0404 -0.0015 0.9992
1688632356.4312 2.6269 0.3177 -7.1749 -0.0002 0.0352 -0.0015 0.9994
1688632356.5023 2.6595 0.3163 -6.7705 -0.0002 0.0302 -0.0015 0.9995
1688632356.5646 2.6835 0.3204 -6.3536 -0.0002 0.0241 -0.0015 0.9997
1688632356.6369 2.7063 0.3184 -5.9780 -0.0002 0.0186 -0.0015 0.9998
1688632356.6982 2.7230 0.3035 -5.5888 -0.0004 0.0116 -0.0015 0.9999
1688632356.7714 2.7458 0.3115 -5.2107 -0.0003 0.0041 -0.0014 1.0000
1688632356.8327 2.7509 0.3086 -4.8481 -0.0004 -0.0036 -0.0015 1.0000
1688632356.9016 2.7496 0.3132 -4.4792 -0.0003 -0.0113 -0.0015 0.9999
1688632356.9661 2.7204 0.3032 -4.1067 -0.0005 -0.0192 -0.0015 0.9998
1688632357.0363 2.7085 0.2988 -3.7533 -0.0006 -0.0264 -0.0016 0.9996
1688632357.0988 2.6981 0.2962 -3.4001 -0.0006 -0.0351 -0.0016 0.9994
1688632357.1677 2.6682 0.3024 -3.0410 -0.0006 -0.0439 -0.0015 0.9990
1688632357.2292 2.6458 0.3051 -2.6940 -0.0006 -0.0532 -0.0015 0.9986
1688632357.3014 2.6128 0.3085 -2.3651 -0.0005 -0.0614 -0.0014 0.9981
1688632357.3640 2.5774 0.3052 -2.0326 -0.0006 -0.0713 -0.0015 0.9975
1688632357.4345 2.5382 0.3204 -1.7055 -0.0004 -0.0798 -0.0014 0.9968
1688632357.4948 2.4822 0.3001 -1.3844 -0.0007 -0.0896 -0.0015 0.9960
