1.000000000000000000e+00 0.000000000000000000e+00 0.000000000000000000e+00 0.000000000000000000e+00 0.000000000000000000e+00 1.000000000000000000e+00 0.000000000000000000e+00 0.000000000000000000e+00 0.000000000000000000e+00 0.000000000000000000e+00 1.000000000000000000e+00 0.000000000000000000e+00
9.999975840093778823e-01 4.419830104235080988e-04 -2.153282709198173130e-03 7.394180639130337393e-03 -4.417766190859477690e-04 9.999998977775171882e-01 9.632431646919378148e-05 -1.779301731371124530e-03 2.153325062795638251e-03 -9.537281379534271245e-05 9.999976770449020558e-01 2.775194381825220047e-01
9.999921826107273093e-01 1.135608172131140640e-04 -3.952444986911695865e-03 8.168690887447285082e-03 -1.129184576390331333e-04 9.999999803817674060e-01 1.627448518291566221e-04 -6.274540233110001246e-03 3.952463390810082022e-03 -1.622972755974725722e-04 9.999921758157603868e-01 5.812924980139478892e-01
9.999798195548117441e-01 3.467906663333642772e-04 -6.343517900971302678e-03 1.081504885305605186e-02 -3.458913155821590098e-04 9.999999299734909641e-01 1.428713091929616338e-04 -7.714631934026999413e-03 6.343567003193403483e-03 -1.406742582341515392e-04 9.999798694815956734e-01 8.811797761039737997e-01
9.999652663809939224e-01 1.866088895441441007e-04 -8.332539151430649188e-03 1.075729614532953266e-02 -1.853505915322272866e-04 9.999999713036710203e-01 1.517821315653090127e-04 -5.328271825390604698e-03 8.332567236212388984e-03 -1.502324185618961964e-04 9.999652722737296662e-01 1.179848119957928265e+00
9.999456223976120883e-01 1.313988596293514982e-04 -1.042760673365639504e-02 -1.255507713811396600e-03 -1.323922182820044531e-04 9.999999867642040963e-01 -9.457215309371870722e-05 4.027140014266898660e-03 1.042759416896565233e-02 9.594754447362195834e-05 9.999456265587224335e-01 1.485411397132055944e+00
9.999166321296053539e-01 1.841141195053760601e-04 -1.291103762593851824e-02 6.257089551014168721e-03 -1.833118362711058246e-04 9.999999811935014193e-01 6.332272531635050662e-05 -3.343796843897139243e-03 1.291104904173492364e-02 -6.095070022021716765e-05 9.999166470749719648e-01 1.799519953867752653e+00
9.998887915772962653e-01 1.627194144211654059e-04 -1.491234389646268685e-02 -4.458807427787713634e-03 -1.642755681331378064e-04 9.999999811890228907e-01 -1.031285193488284073e-04 8.034401818851127572e-03 1.491232683493464925e-02 1.055667843546439908e-04 9.998887994992353700e-01 2.109849754532448163e+00
9.998549812496790867e-01 4.723278948076191743e-05 -1.702980444008651839e-02 -1.529265159817193125e-02 -4.730675686715220111e-05 9.999999988732714007e-01 -3.940566263241335070e-06 4.631872751992456572e-04 1.702980423477461203e-02 4.745619625388604604e-06 9.998549823575438866e-01 2.415006525034493201e+00
9.998082183598990813e-01 -2.605318801524204655e-05 -1.958381528802951091e-02 -1.740188282589460664e-02 2.695407385470057016e-05 9.999999985907752631e-01 4.573759333961682495e-05 -3.045706158888354317e-03 1.958381406882139450e-02 -4.625668531258224169e-05 9.998082176531841725e-01 2.727949515447575912e+00
9.997613747945420792e-01 -1.192991258885468716e-04 -2.184443262357163226e-02 -2.165567796572993517e-02 1.163438531928304528e-04 9.999999839080018216e-01 -1.365580605013337633e-04 8.917558649161565557e-03 2.184444856330831561e-02 1.339840088438522150e-04 9.997613725861038692e-01 3.040913278362119776e+00
9.997000968164669876e-01 3.394186498380254673e-05 -2.448908477457387503e-02 -3.643684833269074386e-02 -3.376282387316780761e-05 9.999999994002016779e-01 7.724529943948693202e-06 -4.737163073464632779e-04 2.448908502207031504e-02 -6.895392676768193859e-06 9.997000973628218379e-01 3.347758366156576404e+00
9.996432403535302491e-01 1.251501842036292713e-04 -2.670910617983263818e-02 -4.474507976490929573e-02 -1.248980137346711924e-04 9.999999921385311907e-01 1.110962135238507966e-05 1.405756882395243004e-03 2.670910736023099363e-02 -7.769743577309462973e-06 9.996432481258755720e-01 3.661630649963327766e+00
9.995575179754188078e-01 1.753966884116179930e-04 -2.974453722655565416e-02 -4.875371335922885907e-02 -1.759036369540795813e-04 9.999999844248895764e-01 -1.442675250266319922e-05 9.466405801580564730e-05 2.974453423287658563e-02 1.965254120167484231e-05 9.995575332601154273e-01 3.971767412133608399e+00
9.994561974221464196e-01 -1.358274515746140862e-04 -3.297409567170545702e-02 -5.575436849553775526e-02 1.360233105319590423e-04 9.999999907419971912e-01 3.696549835179082386e-06 -2.574733732736738528e-03 3.297409486433824227e-02 -8.179785296912466284e-06 9.994562066448777760e-01 4.280005983607225062e+00
9.993485578208750608e-01 1.776223297975253364e-04 -3.608917333003264227e-02 -6.626416552458365417e-02 -1.755089955347390106e-04 9.999999826932041147e-01 6.172668824659130829e-05 -1.843829489859635448e-03 3.608918366948285494e-02 -5.535250231745666056e-05 9.993485716996701740e-01 4.589011189642982380e+00
9.992410159243124701e-01 2.140105418583394131e-05 -3.895371146043588584e-02 -7.452627770877179314e-02 -1.893761443559175301e-05 9.999999977976204990e-01 6.360916477531823425e-05 -2.381547575013273025e-03 3.895371273594820660e-02 -6.282319606371294506e-05 9.992410141288893266e-01 4.901200024338171701e+00
9.991079675595208043e-01 2.850626388268767491e-05 -4.222876207605838483e-02 -8.130371096035281242e-02 -3.509471125195895381e-05 9.999999873287563901e-01 -1.552766831702289199e-04 6.920348291281870796e-03 4.222875711460934156e-02 1.566201775431780231e-04 9.991079558999994559e-01 5.215248328531256305e+00
9.989514564290497001e-01 -8.089066261782856319e-06 -4.578195750344796200e-02 -8.320385346608302757e-02 5.619379023821327793e-06 9.999999985222529642e-01 -5.407325341144822016e-05 1.831915432952042205e-03 4.578195787319594423e-02 5.375928907755892622e-05 9.989514549983076197e-01 5.515890606144099984e+00
9.987681477318833823e-01 2.827546825186584762e-04 -4.961962440418367370e-02 -9.670591489280408459e-02 -2.866970457608483268e-04 9.999999562862662561e-01 -7.233442895765385074e-05 3.011217798885326008e-03 4.961960178222613038e-02 8.647112335572180216e-05 9.987681851369306640e-01 5.823985388207986169e+00
9.986194541389888935e-01 -6.434808089095617959e-05 -5.252791328876722787e-02 -1.294063617825117196e-01 5.969578266190900013e-05 9.999999941558637140e-01 -9.013703995118390276e-05 1.346494154388083210e-03 5.252791878193248387e-02 8.687690673838566896e-05 9.986194521442298688e-01 6.150029360432521131e+00
9.983774367355706669e-01 1.830001831242598453e-04 -5.694260556248388616e-02 -1.348448221815303216e-01 -1.720557843337222701e-04 9.999999657735875180e-01 1.971030972559642005e-04 -6.153506518300215673e-03 5.694263968344566440e-02 -1.869859803489924959e-04 9.983774340509327105e-01 6.454146864480174273e+00
9.981756649955652039e-01 1.410103831620161468e-04 -6.037650144495843030e-02 -1.652355021250229150e-01 -1.482936766384089294e-04 9.999999822590275311e-01 -1.161504635908629408e-04 5.487445565662791430e-03 6.037648399539920219e-02 1.248920196161898942e-04 9.981756681979062629e-01 6.772769022678636119e+00
9.978884179576645863e-01 -6.673963891796191189e-05 -6.495152693947858769e-02 -1.796801802629756362e-01 6.714700080239225028e-05 9.999999977372808768e-01 4.088828190287915510e-06 -4.532216190499583491e-03 6.495152651962460277e-02 -8.441494525628877841e-06 9.978884201810900301e-01 7.078714935361736238e+00
9.975486545499177016e-01 3.510195474831270519e-05 -6.997628579384415626e-02 -1.952508388532674111e-01 -4.612436016968931446e-05 9.999999867837859879e-01 -1.559005171693654600e-04 5.896782021388012607e-03 6.997627939660969187e-02 1.587459625552292469e-04 9.975486429851563308e-01 7.395397227145053876e+00
9.972034065182343587e-01 8.527709374219773729e-05 -7.473525778537333519e-02 -2.200426171124714447e-01 -1.039121572919342014e-04 9.999999644759891559e-01 -2.454593328632672863e-04 1.047879534590780148e-02 7.473523419841869575e-02 2.525387847551902607e-04 9.972033799548964961e-01 7.711779085714271176e+00
9.968506976224844607e-01 7.000607549471106201e-05 -7.930120899907819321e-02 -2.433010928514527660e-01 -9.184135248136575424e-05 9.999999588724619581e-01 -2.716988044451993235e-04 1.090497475984466592e-02 7.930118671704769473e-02 2.781262730422746758e-04 9.968506630539221147e-01 8.013460940948984756e+00
9.963570064113921321e-01 6.931237600455537537e-05 -8.528019096322177195e-02 -2.580695402034537955e-01 -7.129384205159446401e-05 9.999999972547910509e-01 -2.018925155265406232e-05 1.377519643467235017e-03 8.528018932974483490e-02 2.619565470335069566e-05 9.963570086177295781e-01 8.321753536632943593e+00
9.959218937962395213e-01 1.489193175236216689e-04 -9.021950609678980326e-02 -2.975242312144458778e-01 -1.381809212481403359e-04 9.999999826065735231e-01 1.252712483852721625e-04 -5.463726754701995689e-03 9.021952318287226880e-02 -1.122937644630727500e-04 9.959218970515537617e-01 8.617644506416910488e+00
9.953454502869423237e-01 1.983826217172442413e-04 -9.637113280137081517e-02 -3.282144827328319914e-01 -1.971605545770782598e-04 9.999999803173644786e-01 2.220329652673467570e-05 2.020488737222252834e-03 9.637113530928111127e-02 -3.099364190917698616e-06 9.953454698091482866e-01 8.925908191135137670e+00
9.946110130027249197e-01 1.142793818528566209e-04 -1.036769972265605688e-01 -3.575191614897209047e-01 -1.158019349330908506e-04 9.999999932574032968e-01 -8.666326699227520577e-06 2.167752147273140084e-03 1.036769955371259211e-01 2.062562086421964816e-05 9.946110195302375612e-01 9.228586184568671413e+00
9.937464278995360445e-01 1.745241445341541337e-04 -1.116602282741494118e-01 -3.811050064814300864e-01 -1.761281009164554815e-04 9.999999844793185932e-01 -4.500521992507128461e-06 2.822825166952881801e-03 1.116602257556568306e-01 2.413888160756110185e-05 9.937464432145204363e-01 9.543025287784372424e+00
9.929092726602656294e-01 2.427570001651385397e-04 -1.188743762730268827e-01 -4.250354833562576817e-01 -2.182135653884855202e-04 9.999999521053735130e-01 2.194814127476379831e-04 -6.659806223462999726e-03 1.188744238602323922e-01 -1.919851284138352149e-04 9.929092780781174632e-01 9.859514417836493294e+00
9.917380436292758672e-01 1.762265050826748248e-04 -1.282794674240402832e-01 -4.533421207487419169e-01 -1.591641191645010709e-04 9.999999770715967129e-01 1.432605642581519830e-04 -3.966779750115848047e-03 1.282794897291054670e-01 -1.216594632871671424e-04 9.917380489392424447e-01 1.016734923767623933e+01
9.905727268202059177e-01 2.359644217942965855e-04 -1.369876534610811603e-01 -4.919176716683967832e-01 -2.525176408094144376e-04 9.999999627654850842e-01 -1.034595064622936258e-04 5.685904053648051584e-03 1.369876239476497393e-01 1.370759645038367540e-04 9.905727495218901169e-01 1.047788116457393315e+01
9.889509818786431650e-01 6.309644853648527728e-05 -1.482428799642861450e-01 -5.347820331596614407e-01 -7.899864928288059850e-05 9.999999917403258332e-01 -1.013832419046563962e-04 4.960715322523557430e-03 1.482428723429257689e-01 1.119740439106327480e-04 9.889509786947644487e-01 1.079157239827763881e+01
9.873669458708258517e-01 -7.712164991462300962e-05 -1.584503337136551337e-01 -5.811391527347190555e-01 5.070761954936949033e-05 9.999999841374205278e-01 -1.707451200028771074e-04 5.700142007319409024e-03 1.584503443683694668e-01 1.605534484201657922e-04 9.873669341192945481e-01 1.111221692638163638e+01
9.848751489387985725e-01 -5.658775766245787770e-05 -1.732655124385836798e-01 -6.320051922810684397e-01 7.329757404973927552e-05 9.999999932599370478e-01 9.004216510522722241e-05 -5.149761024801810874e-03 1.732655061754789783e-01 -1.013802324970156668e-04 9.848751464484234441e-01 1.142933009005100686e+01
9.827121434003978084e-01 -5.967447437062856465e-09 -1.851400637717185715e-01 -6.874558953575055087e-01 -2.335647492048019609e-06 9.999999999200235301e-01 -1.242970621103560795e-05 9.849761006295448817e-06 1.851400637569859120e-01 1.264724515811006465e-05 9.827121433217900215e-01 1.173650208265020112e+01
9.798030879335534182e-01 1.462467051785373308e-04 -1.999647156069656040e-01 -7.201999351063945731e-01 -1.015932664345378449e-04 9.999999675624617890e-01 2.335677278217324158e-04 -6.946285108431699343e-03 1.999647432791131219e-01 -2.085353123311921406e-04 9.798030710088339035e-01 1.203535262273732798e+01
9.770847405326857915e-01 2.546981624593419114e-04 -2.128505225434509096e-01 -7.953456069162436748e-01 -2.515315814151462132e-04 9.999999674857531495e-01 4.195659991112151463e-05 -5.562686396212261630e-04 2.128505263090453570e-01 1.254347500260255722e-05 9.770847728281428779e-01 1.233522385862771209e+01
9.727502533327849754e-01 -1.630010726894947704e-04 -2.318553818043758707e-01 -8.411780245239902642e-01 1.689180272175921373e-04 9.999999857172910955e-01 5.667254289131826731e-06 -5.241182048923173284e-03 2.318553775690844199e-01 -4.467737673963107490e-05 9.727502669730958562e-01 1.264977378905551397e+01
9.692993588396582316e-01 3.740403992583166647e-05 -2.458836138378586167e-01 -9.253679720076719573e-01 -3.341532984686666221e-05 9.999999992337476051e-01 2.039412884379481657e-05 -5.137370274217682026e-04 2.458836144122725220e-01 -1.155173395205206309e-05 9.692993593467986724e-01 1.295355766029323696e+01
9.646850298519246136e-01 4.564888392909969552e-05 -2.634061333677913397e-01 -9.920294382456276150e-01 -1.608626810391910577e-05 9.999999933282215370e-01 1.143887623771994730e-04 -5.978391585530666921e-04 2.634061368321232721e-01 -1.061119049670024186e-04 9.646850241500799505e-01 1.326046631744750393e+01
9.604657984799390702e-01 2.067613211798489058e-05 -2.783980056013162785e-01 -1.065378639755969470e+00 -1.779334275711930835e-05 9.999999997587295519e-01 1.288168335260357748e-05 7.380612692727155956e-04 2.783980058004905112e-01 -7.418785150461492921e-06 9.604657986161047045e-01 1.355247041884402392e+01
9.551054376307532845e-01 -1.720355021492694740e-04 -2.962660517372067703e-01 -1.143241830812780080e+00 2.313473876108989907e-04 9.999999596034281346e-01 1.651409346509000588e-04 -5.512371081282555624e-03 2.962660113589703492e-01 -2.262673817676977435e-04 9.551054388477318025e-01 1.385771813415930609e+01
9.503453849712982793e-01 -2.395207380470394556e-04 -3.111970306631652861e-01 -1.260301050059921213e+00 3.237240981896441386e-04 9.999999236371516220e-01 2.189255559951398431e-04 -1.080343694867005357e-02 3.111969544620628580e-01 -3.087968699029848942e-04 9.503453899388526471e-01 1.416024174900714883e+01
9.440120752111322844e-01 -1.933726183215964838e-04 -3.299108432025263382e-01 -1.356969341065639378e+00 1.995031192869829240e-04 9.999999799825955993e-01 -1.527461405227665704e-05 1.108705686005684310e-04 3.299108395522596937e-01 -5.139882219596392525e-05 9.440120948929013878e-01 1.447724877998997606e+01
9.377292843367175390e-01 -7.261147539506633021e-05 -3.473669299529263954e-01 -1.434917089284556413e+00 1.881421558355064207e-04 9.999999376418750030e-01 2.988624688369566156e-04 -1.078484295642937948e-02 3.473668865909311787e-01 -3.456064520848888227e-04 9.377292395229570587e-01 1.476988096179025156e+01
9.301911165431180351e-01 -2.950592448900214238e-04 -3.670754685950962659e-01 -1.536151673064744871e+00 3.513295460225758374e-04 9.999999345444459120e-01 8.647921157484721102e-05 -7.384660849271751371e-03 3.670754190514771698e-01 -2.094066521101151275e-04 9.301911593199735373e-01 1.507699279159035655e+01
9.231383710985487934e-01 -2.800188013166568968e-04 -3.844677741956911143e-01 -1.638267053397741480e+00 4.147158487038974327e-04 9.999998782437961031e-01 2.674381384336836751e-04 -1.275992681300272893e-02 3.844676524966474940e-01 -4.063272867581633314e-04 9.231383748289598845e-01 1.537719522136809402e+01
9.129722239396911299e-01 -1.511211095072887269e-04 -4.080216850573319953e-01 -1.768113888056286775e+00 3.316440402608797789e-04 9.999998759265317227e-01 3.716976616447263551e-04 -1.470213604723211859e-02 4.080215782613034192e-01 -4.746676009314345105e-04 9.129721607824762275e-01 1.568194735402333784e+01
9.047253710018752226e-01 1.141981694461259605e-04 -4.259952934297481231e-01 -1.921970288849230046e+00 1.668833512033569724e-04 9.999997923222984086e-01 6.224992427174262264e-04 -2.190416924337138666e-02 4.259952760482987322e-01 -6.342823804803236895e-04 9.047251640528164440e-01 1.599638416529174734e+01
8.939362785711338910e-01 -7.116955084801010510e-05 -4.481940704530652519e-01 -2.041649326321983704e+00 2.875502878343018810e-04 9.999998726545473726e-01 4.147357242719889063e-04 -1.454886933930563467e-02 4.481939838610332627e-01 -4.996256439106118571e-04 8.939361851972387196e-01 1.628632037051252013e+01
8.839317523894736350e-01 3.465405801237745790e-05 -4.676159277834434636e-01 -2.177316457965866370e+00 1.317163271036495703e-04 9.999999391316424235e-01 3.230905766067988186e-04 -9.525389585606204579e-03 4.676159105168295471e-01 -3.471826720633737267e-04 8.839316940214942964e-01 1.657623782892580522e+01
8.716055064579244505e-01 1.252174065115980149e-04 -4.902079410136336302e-01 -2.333026757323170663e+00 2.545109790177375398e-04 9.999997170041313721e-01 7.079659728151862239e-04 -2.269356006685618876e-02 4.902078909364745440e-01 -7.418303432802068496e-04 8.716052279279623560e-01 1.687143631320000026e+01
8.602388167476042735e-01 1.265258627596426984e-04 -5.098913238641031853e-01 -2.475752197494552220e+00 2.190192796742222964e-04 9.999997852690748479e-01 6.176506773949923907e-04 -1.763915999777816365e-02 5.098912925234524440e-01 -6.430031183504760764e-04 8.602386043161240892e-01 1.714778007511026203e+01
8.444135825436233089e-01 2.122448106334106537e-04 -5.356917551801445576e-01 -2.617427474724573155e+00 1.196044880959263495e-04 9.999998218869006195e-01 5.847400563517526255e-04 -1.571133859650867756e-02 5.356917838744681415e-01 -5.578335839962730901e-04 8.444134067570709945e-01 1.742152633507473070e+01
8.320539826987616294e-01 3.062506527276856938e-04 -5.546945791024703309e-01 -2.786315326647109458e+00 1.799153334544828585e-04 9.999996459867032117e-01 8.219835405603123125e-04 -2.319735711401454265e-02 5.546946344662094797e-01 -7.837327388006518243e-04 8.320536330413998982e-01 1.768624033682050367e+01
8.167865817707063991e-01 4.008683910672213285e-04 -5.769397881441860054e-01 -2.951143445649202057e+00 1.131417118549006616e-04 9.999996280908268753e-01 8.549954158109851401e-04 -2.122739046903143051e-02 5.769399163156230248e-01 -7.636247383777151638e-04 8.167862326453481092e-01 1.794862030148674492e+01
8.032387210674709621e-01 5.357197071943666910e-04 -5.956570069950399837e-01 -3.110786113033952915e+00 2.276241855294665198e-05 9.999995672250860945e-01 9.300707031216056070e-04 -1.982100324405454070e-02 5.956572474668349049e-01 -7.606273961849385279e-04 8.032383612516262872e-01 1.819974180261890595e+01
7.867273398739457191e-01 4.425721710949488815e-04 -6.173004915150630545e-01 -3.287730030034390794e+00 1.312111481223170390e-04 9.999996005122739895e-01 8.841713222636516387e-04 -1.952259728954823872e-02 6.173006362207151820e-01 -7.765984585854738284e-04 7.867269675156269848e-01 1.845986361981757184e+01
7.723083174147429286e-01 5.863126684213485103e-04 -6.352476045523223203e-01 -3.488095941116063248e+00 1.743739750797795526e-04 9.999993407257312672e-01 1.134963356034023128e-03 -2.866082100311788394e-02 6.352478511933161709e-01 -9.873122897917224750e-04 7.723077060140710604e-01 1.872317732032767168e+01
7.546590516916075186e-01 7.613114863055398668e-04 -6.561167092101407583e-01 -3.680098349904833643e+00 8.524906428471239672e-05 9.999992046045000915e-01 1.258381088581712100e-03 -2.813818536778218971e-02 6.561171453578398260e-01 -1.005582014497456711e-03 7.546583865381020217e-01 1.897290250837324876e+01
7.368730385371409231e-01 7.974784423174552427e-04 -6.760306865114743546e-01 -3.901271562614799571e+00 2.098187089954265663e-04 9.999989862635834115e-01 1.408349358276885302e-03 -3.208073622800635544e-02 6.760311243228011024e-01 -1.179618556840450385e-03 7.368721242162101781e-01 1.922988477864647905e+01
7.179183042045269580e-01 8.580837344334408655e-04 -6.961268362736786619e-01 -4.096850611196778402e+00 2.827587197895685845e-04 9.999987983342194520e-01 1.524262977123313221e-03 -3.736985946821652638e-02 6.961273077071482573e-01 -1.291132224734020629e-03 7.179171988760093548e-01 1.947125138472332395e+01
7.010540288403090958e-01 9.832304417790316275e-04 -7.131074827153823792e-01 -4.305667917320744387e+00 1.923674347482559328e-04 9.999987523239044496e-01 1.567911159642266595e-03 -3.371820521319411623e-02 7.131081346062048132e-01 -1.236369092480636396e-03 7.010529650104377897e-01 1.971087030723733946e+01
6.807809988233906040e-01 1.035196498278307667e-03 -7.324862865673572587e-01 -4.518395143448102225e+00 1.650246792791151590e-04 9.999987592052846930e-01 1.566638039300118253e-03 -3.055173982171611666e-02 7.324869994804562578e-01 -1.187415723706581033e-03 6.807799832809549034e-01 1.993514256212589686e+01
6.631195459916294777e-01 1.174991580973104924e-03 -7.485125831398158347e-01 -4.746428844039980000e+00 1.545298376929711255e-04 9.999985317033203147e-01 1.706666848794139921e-03 -3.050607013422493990e-02 7.485134894204541478e-01 -1.247391673915077426e-03 6.631183907641435837e-01 2.016222278182541672e+01
6.389219137410325766e-01 1.115108801217534447e-03 -7.692707876124361688e-01 -4.981012271541253256e+00 3.502383858299293155e-04 9.999984240716021100e-01 1.740456085407046920e-03 -3.627653080201218710e-02 7.692715160946553832e-01 -1.381443691789994641e-03 6.389205162919381342e-01 2.038510840552110892e+01
6.201613797861764699e-01 1.558747000250178868e-03 -7.844727103790768430e-01 -5.224640844676899043e+00 4.879563408290724319e-04 9.999970659843632204e-01 2.372745514074829469e-03 -5.344466832743294260e-02 7.844741072338304866e-01 -1.854273565126946140e-03 6.201587996225083055e-01 2.059586314486085357e+01
5.979462505570172226e-01 1.762964752709806054e-03 -8.015342621498382503e-01 -5.466989944767004950e+00 3.982869146868213764e-04 9.999968041640124872e-01 2.496603551892115792e-03 -5.163807805863773748e-02 8.015361020018614280e-01 -1.812075341268659396e-03 5.979436374530791021e-01 2.080450313027354881e+01
5.786153282039735446e-01 1.460322811657071423e-03 -8.155992701227078312e-01 -5.732852993222921079e+00 3.345312444881233223e-04 9.999978880248602264e-01 2.027815244448107242e-03 -3.708781933399028785e-02 8.156005088621846033e-01 -1.446168422041116961e-03 5.786136176591774039e-01 2.101641672156157270e+01
5.550042584434553561e-01 1.699515414501520747e-03 -8.318457698137236012e-01 -5.984944052984279672e+00 4.122491969964438459e-04 9.999972282023371628e-01 2.318110921082640243e-03 -4.197759201325598766e-02 8.318474037708059043e-01 -1.629489183375742566e-03 5.550020194600839840e-01 2.121884826115127964e+01
5.349845684427266823e-01 1.911621800961206931e-03 -8.448596671816211989e-01 -6.267525276921110056e+00 4.219687134508814854e-04 9.999967109131452370e-01 2.529842939080023407e-03 -4.753454787463474995e-02 8.448617244677111282e-01 -1.709931279798774465e-03 5.349820021874232001e-01 2.141996145434900711e+01
5.083533037767486995e-01 1.826027851965908010e-03 -8.611466682055667343e-01 -6.550553172366663013e+00 6.747388639370853133e-04 9.999966002656270891e-01 2.518766494382425163e-03 -4.982099249181732442e-02 8.611483398734099959e-01 -1.861472393449715599e-03 5.083503434185898673e-01 2.160632494334456410e+01
4.881802639274229749e-01 1.940319188955271813e-03 -8.727406631257631497e-01 -6.832679427911100056e+00 7.854941487107549442e-04 9.999961467264053550e-01 2.662617374653918935e-03 -5.238876661620660985e-02 8.727424665447959251e-01 -1.985369936923523856e-03 4.881768587259330827e-01 2.178715026129619758e+01
4.650506422990151600e-01 2.008854327007840099e-03 -8.852817995427028075e-01 -7.128013318645064267e+00 7.119606096493113741e-04 9.999962533923837382e-01 2.643163499618585242e-03 -4.779360195138514233e-02 8.852837924696034255e-01 -1.859490652912798147e-03 4.650474697115853928e-01 2.194498594411854597e+01
4.445716358471213381e-01 1.960458119441297123e-03 -8.957411552475282868e-01 -7.424850327284758578e+00 7.825484135491066239e-04 9.999963732663329496e-01 2.577027776607005664e-03 -4.495651802895908600e-02 8.957429587879521815e-01 -1.846634274259243997e-03 4.445684893508110580e-01 2.210742430113330315e+01
4.211098693047382602e-01 2.263263164257517911e-03 -9.070068112280060824e-01 -7.731720539158138727e+00 9.568213888221489090e-04 9.999952217987079228e-01 2.939536116951147957e-03 -5.346845105833257505e-02 9.070091303107021830e-01 -2.105711186816185479e-03 4.211056916184126031e-01 2.226228580433955528e+01
3.980281811843744411e-01 2.199577684872833228e-03 -9.173705515445039760e-01 -8.063752197029833368e+00 1.112707579785967823e-03 9.999952323826913902e-01 2.880467623308350517e-03 -5.423458031583770073e-02 9.173725136850902073e-01 -2.167272455241904539e-03 3.980238360515663265e-01 2.241036319660171827e+01
3.749622145187683220e-01 2.467735503408100776e-03 -9.270368104690700495e-01 -8.363750961588864996e+00 1.170951310423471153e-03 9.999943985368904276e-01 3.135565000334726484e-03 -5.784713596474110736e-02 9.270393554516496160e-01 -2.261233364322604283e-03 3.749572245836347850e-01 2.254302878857416559e+01
3.548558236360035423e-01 2.370933298110681087e-03 -9.349180301539325999e-01 -8.686378160549171668e+00 1.212565212680408958e-03 9.999947762048309041e-01 2.996205709753646529e-03 -5.292194508171564615e-02 9.349202501375284413e-01 -2.196870124989879630e-03 3.548510950306273948e-01 2.266765275672227986e+01
3.320929807450204718e-01 2.529136902606226277e-03 -9.432432642783173948e-01 -9.018701113451012219e+00 1.268544439800056755e-03 9.999943034138856213e-01 3.127928193198559886e-03 -5.448010997596243465e-02 9.432458019704578200e-01 -2.235308995514811298e-03 3.320878806262024252e-01 2.278436514702340787e+01
3.104473596001763314e-01 2.419121573516177463e-03 -9.505874945359270578e-01 -9.348972542880455094e+00 1.175406627766578237e-03 9.999950204758483174e-01 2.928727158195679973e-03 -4.679653702308649021e-02 9.505898460095910663e-01 -2.026542454600730857e-03 3.104429702685204129e-01 2.288750727344008951e+01
2.897656787262755662e-01 2.329085504449809451e-03 -9.570947846441405504e-01 -9.693986329064530949e+00 1.108080600411029057e-03 9.999955524941475105e-01 2.768961774329675371e-03 -3.981265851428995861e-02 9.570969771082155075e-01 -1.862888251524494635e-03 2.897618091772594662e-01 2.297829442309570425e+01
2.723098027768026119e-01 2.467347636303791284e-03 -9.622064661533411556e-01 -1.001743868057310927e+01 1.098418396128435486e-03 9.999952636086585356e-01 2.875106480894387348e-03 -4.453430179961258284e-02 9.622090026541458840e-01 -1.839824962071220536e-03 2.723058028309771617e-01 2.307302846450736311e+01
2.530048220967348049e-01 2.445600350153793144e-03 -9.674619264005829278e-01 -1.034507888117159169e+01 1.067144311681796597e-03 9.999954912095352366e-01 2.806913539518916378e-03 -3.915996694073839435e-02 9.674644289062092062e-01 -1.742584152233995088e-03 2.530010715425031753e-01 2.314436221453190257e+01
2.342466855666530678e-01 2.837016370701354526e-03 -9.721730512821008530e-01 -1.067170265073607816e+01 1.387421546153674379e-03 9.999937481173898357e-01 3.252504817437865473e-03 -5.541917644263844034e-02 9.721762007797204452e-01 -2.110702311213140218e-03 2.342412849462336411e-01 2.322383594543914853e+01
2.190934209063206684e-01 3.401939632267148017e-03 -9.756979551696849384e-01 -1.099943677168577771e+01 2.175491063176792673e-03 9.999897326792110963e-01 3.975144625541058088e-03 -8.343934424238744207e-02 9.757014605678318020e-01 -2.993550216438686188e-03 2.190837705146180259e-01 2.329008692781057732e+01
2.030085305017357289e-01 2.939082706159883585e-03 -9.791725579980129490e-01 -1.133773609152724404e+01 1.547734985270621862e-03 9.999932828494340065e-01 3.322464812041164579e-03 -5.466132648032800967e-02 9.791757457473816428e-01 -2.189988323766654029e-03 2.030026179417412369e-01 2.335240715582875026e+01
1.877187202922618869e-01 3.163579203467741918e-03 -9.822177323885266098e-01 -1.165186251579777199e+01 1.571120235674106167e-03 9.999925666992961482e-01 3.521097465108889712e-03 -6.044120986577209559e-02 9.822215705394790053e-01 -2.204158065368115767e-03 1.877123545592624954e-01 2.341739204385217121e+01
1.764058146401970006e-01 3.245090627202890272e-03 -9.843121750481143017e-01 -1.199839463124553518e+01 1.669324859557993817e-03 9.999921411949016514e-01 3.595956472086274999e-03 -6.200777236579733953e-02 9.843161087352181315e-01 -2.277484414242485124e-03 1.763990111908261271e-01 2.346330978578152937e+01
1.635625068445416552e-01 3.303941907362375682e-03 -9.865274402278946253e-01 -1.234120294395801842e+01 1.742442165397286224e-03 9.999918646639329722e-01 3.637925404750589134e-03 -6.275599573119332308e-02 9.865314339898297868e-01 -2.313995208088985393e-03 1.635554192808891250e-01 2.352450481747779421e+01
1.519926166898852848e-01 3.313492118362380574e-03 -9.883760748023718845e-01 -1.267338125653780700e+01 1.840208023557834364e-03 9.999916986416507170e-01 3.635420500592003064e-03 -6.241377164050206788e-02 9.883799158755667280e-01 -2.371374657796954805e-03 1.519852574299255243e-01 2.358723882915093384e+01
1.431388675208591366e-01 3.159552634283102103e-03 -9.896975708932487237e-01 -1.301356641109596346e+01 1.668149174490287517e-03 9.999927135270618717e-01 3.433681859917671851e-03 -5.450783704566516258e-02 9.897012083872473998e-01 -2.142456518736148702e-03 1.431325539382559686e-01 2.363990294799228309e+01
1.336448561792793477e-01 3.011948368862224154e-03 -9.910247123981538175e-01 -1.335372525621465201e+01 1.374382808337584749e-03 9.999938566546793250e-01 3.224550324729935722e-03 -4.378789452207719479e-02 9.910283363702151460e-01 -1.792991891749102801e-03 1.336398955827197144e-01 2.368242656982367933e+01
1.243869784311847360e-01 3.228767185866148436e-03 -9.922285294523737198e-01 -1.370886827554782883e+01 1.937788922268863893e-03 9.999920081130023730e-01 3.496953562418859875e-03 -5.746526833888609964e-02 9.922318905230033126e-01 -2.357704940075384687e-03 1.243797276752238723e-01 2.371987207037414791e+01
1.153616579126822694e-01 3.270732736397701651e-03 -9.933181716806579464e-01 -1.405154616481675589e+01 1.776755404458702295e-03 9.999922998401783447e-01 3.499057099213090296e-03 -5.377626174515430513e-02 9.933219674525831655e-01 -2.168540457977009232e-03 1.153549583174131588e-01 2.375770661018415808e+01
1.084274031749670186e-01 3.335964804463250645e-03 -9.940987725470527003e-01 -1.440929890294904503e+01 1.995125042667852261e-03 9.999916252869713862e-01 3.573350246675841089e-03 -6.084056781411466969e-02 9.941023678257674412e-01 -2.370800443875687672e-03 1.084198394596581627e-01 2.379831051783125062e+01
1.016905767701948848e-01 3.377253277617837772e-03 -9.948103441141150638e-01 -1.474754213016281668e+01 1.649842785660772006e-03 9.999922897348867412e-01 3.563494010218146157e-03 -5.583408039799489520e-02 9.948147086844504328e-01 -2.003654430553601130e-03 1.016842207719330649e-01 2.382365114493360281e+01
9.599258502577745489e-02 3.388596717114958790e-03 -9.953762811280757461e-01 -1.510037994374216375e+01 1.704566444127640721e-03 9.999921793983070906e-01 3.568696605412364446e-03 -5.483227808457208363e-02 9.953805895602478859e-01 -2.039253420417729262e-03 9.598605821774786051e-02 2.387043425885782710e+01
8.975515801890732170e-02 3.343518164670908604e-03 -9.959582483695204047e-01 -1.545236893970137615e+01 1.899079984329526873e-03 9.999919726048116519e-01 3.528203671957119009e-03 -5.422835739536987359e-02 9.959620500321355596e-01 -2.208078852805852449e-03 8.974808791035993050e-02 2.390365073321945388e+01
8.601758639486101199e-02 3.205153814512716037e-03 -9.962884631570457783e-01 -1.580229798071064629e+01 1.545516731724975567e-03 9.999931927100533802e-01 3.350509153262222137e-03 -4.520391121970272763e-02 9.962924200297996746e-01 -1.827983199991282254e-03 8.601204722936184321e-02 2.391777195070326201e+01
8.220773501053035837e-02 3.492900524092036000e-03 -9.966090948563369745e-01 -1.615539844568216310e+01 1.916223511778118466e-03 9.999914558844374968e-01 3.662819347990924155e-03 -6.012490236218091810e-02 9.966133735766801172e-01 -2.210837861966703528e-03 8.220033944003379833e-02 2.392637499180082017e+01
7.866794628000650658e-02 3.448223194007067182e-03 -9.968949112042304606e-01 -1.651028113134793074e+01 2.000193725977172845e-03 9.999914590443282902e-01 3.616775283881195485e-03 -5.689999404879703820e-02 9.968988682174058091e-01 -2.278507230588493540e-03 7.866037726616603720e-02 2.395918802426816896e+01
7.528540827533714008e-02 3.295638905824987107e-03 -9.971565805153262962e-01 -1.687504862007724782e+01 1.513794545422154220e-03 9.999930083651760171e-01 3.419305022844330248e-03 -4.513459432368211594e-02 9.971608775553172377e-01 -1.766913967178654604e-03 7.527989298705550780e-02 2.398664740936336415e+01
7.157604171019626982e-02 2.974016296774427415e-03 -9.974307121199783577e-01 -1.724449697997897601e+01 1.326967345408758096e-03 9.999943859552785641e-01 3.076884071530195611e-03 -3.083000465222169792e-02 9.974342632027259903e-01 -1.543789166932298552e-03 7.157169345658653814e-02 2.401683624648908832e+01
6.893305279741923641e-02 3.423576044711944440e-03 -9.976154135532863121e-01 -1.760675471332979214e+01 1.590122847817441488e-03 9.999924642342974401e-01 3.541607537000299264e-03 -5.044772597828822008e-02 9.976200207199920067e-01 -1.830464881761705281e-03 6.892708942759429025e-02 2.403814936874118402e+01
6.598909178021916677e-02 3.681822529127663952e-03 -9.978135516963507756e-01 -1.797600100076799379e+01 1.926544382788674542e-03 9.999908584115747567e-01 3.817266040374510741e-03 -6.173229263074338918e-02 9.978184845916432399e-01 -2.174230012178809263e-03 6.598139534058966582e-02 2.406928978949240872e+01
6.328391943899613903e-02 3.678493342568442924e-03 -9.979887846199314572e-01 -1.833596298619449172e+01 1.991103533626447861e-03 9.999907515385458856e-01 3.812131174630529074e-03 -6.013703446482616954e-02 9.979935776582721241e-01 -2.228345597722513911e-03 6.327600989901371875e-02 2.409748020897610488e+01
6.108878073713774892e-02 3.378391942949594395e-03 -9.981266188895724367e-01 -1.870739238094629187e+01 1.562713377568689718e-03 9.999927225132115849e-01 3.480351636637872646e-03 -4.014734411926858954e-02 9.981311130282181088e-01 -1.772396257864849566e-03 6.108305670605906901e-02 2.411812489912947655e+01
5.912219625695658287e-02 3.265864372802108027e-03 -9.982454107280697153e-01 -1.908653133759790066e+01 1.450609410876560479e-03 9.999933114515164867e-01 3.357496771006892190e-03 -3.629586915729770408e-02 9.982496990443278095e-01 -1.646566770194043006e-03 5.911706332168664701e-02 2.413602214073630847e+01
5.726011234490024915e-02 3.411227682188135591e-03 -9.983534659928567923e-01 -1.945827929351213115e+01 1.572209588173484069e-03 9.999926145204763861e-01 3.507001783984925632e-03 -4.378062376065113004e-02 9.983580558553433182e-01 -1.770432207764942355e-03 5.725432628664361978e-02 2.415662193008039793e+01
5.501291132629892999e-02 3.377957530852666521e-03 -9.984799291875245952e-01 -1.982491855609888276e+01 1.532513193981871469e-03 9.999928138556393176e-01 3.467512132794076801e-03 -3.949504645592702423e-02 9.984844670753345586e-01 -1.720941602890231799e-03 5.500733923109168977e-02 2.417598107903945603e+01
5.316148684408583680e-02 3.458051329570627913e-03 -9.985799408147192358e-01 -2.019675037967974873e+01 1.553385881530885623e-03 9.999925076839428773e-01 3.545640743567526638e-03 -4.207060352004479697e-02 9.985847201458818434e-01 -1.739671515384552235e-03 5.315571685331133001e-02 2.418465298876116165e+01
5.084711140260689266e-02 3.481373098078969271e-03 -9.987003811471002468e-01 -2.057904839441654232e+01 1.544608385586693482e-03 9.999924541689346746e-01 3.564518217958588270e-03 -4.210390539515753566e-02 9.987052545405707971e-01 -1.723846438333600985e-03 5.084135036081349757e-02 2.420810438101544904e+01
4.894463584268859968e-02 3.439982697103735262e-03 -9.987955692439121069e-01 -2.096211466144418267e+01 1.502083200669544977e-03 9.999926846928772761e-01 3.517713289913471705e-03 -3.869578892693115862e-02 9.988003636204210167e-01 -1.672447241438257490e-03 4.893911065742551081e-02 2.422655135795890402e+01
4.679411908842945333e-02 3.673894664592335622e-03 -9.988977990348819613e-01 -2.133832782286350493e+01 1.606437450707112529e-03 9.999916664922618992e-01 3.753172624027679722e-03 -4.979961930514938823e-02 9.989032634732228910e-01 -1.780293240526726207e-03 4.678782724729679821e-02 2.424761919067303850e+01
4.474480436426087060e-02 3.664168152494909694e-03 -9.989917298727525319e-01 -2.172040483148141377e+01 1.639463675477220890e-03 9.999916575042233635e-01 3.741267273639172896e-03 -4.861985755442187196e-02 9.989971044208593165e-01 -1.805212925461926760e-03 4.473842381033255045e-02 2.426349913536597569e+01
4.252278755720151349e-02 3.619797455170352049e-03 -9.990889397870188482e-01 -2.210245587717101401e+01 1.451736342904456044e-03 9.999921571105448992e-01 3.684858069174765799e-03 -4.474738599613782564e-02 9.990944424827696846e-01 -1.607104160536655842e-03 4.251719906415973860e-02 2.427832020996645213e+01
4.058395980162998740e-02 3.682159390880214433e-03 -9.991693469622857648e-01 -2.248829890949779653e+01 1.594551564006122663e-03 9.999916975796272478e-01 3.749956949751933818e-03 -4.535930686176310733e-02 9.991748593775415799e-01 -1.745415147012265369e-03 4.057775146351971784e-02 2.429544884554990247e+01
3.878205651063393322e-02 3.780791420919052577e-03 -9.992405404651262257e-01 -2.287829537002463809e+01 1.582887234659302025e-03 9.999913549283212522e-01 3.845066530329417382e-03 -4.970565360687428241e-02 9.992464393535803735e-01 -1.730804683322692984e-03 3.877573667049849515e-02 2.430503716624990318e+01
3.729922235824822963e-02 3.626900266927391391e-03 -9.992975600920497303e-01 -2.325951738742049102e+01 1.484248763095181957e-03 9.999921095175240415e-01 3.684821339146318684e-03 -3.935910904368340735e-02 9.993030396316620045e-01 -1.620647138009894978e-03 3.729354482715285801e-02 2.431692040530938925e+01
3.578427547100737627e-02 3.684052284231918977e-03 -9.993527472258143529e-01 -2.364598282817451746e+01 1.488299735621653654e-03 9.999918997684715816e-01 3.739700701932317274e-03 -4.147998729058873651e-02 9.993584294900965670e-01 -1.621158909586019499e-03 3.577850263605042436e-02 2.432844079188748054e+01
3.434396950019436012e-02 3.631345676681398647e-03 -9.994034746225102239e-01 -2.403714355187604568e+01 1.314800432406669798e-03 9.999923693222161347e-01 3.678667851730949706e-03 -3.543996695211046322e-02 9.994092070112186033e-01 -1.440356177083598277e-03 3.433893293756340448e-02 2.434456088667046814e+01
3.302681148631114727e-02 3.684816798347052141e-03 -9.994476733917643241e-01 -2.442613569164102216e+01 1.524786367813697014e-03 9.999918541116389337e-01 3.737209774566515111e-03 -3.841094985665424039e-02 9.994533029359504717e-01 -1.647372310440286571e-03 3.302092389516986248e-02 2.435271919367785287e+01
3.215199714999317226e-02 3.654956391886101698e-03 -9.994763080598960681e-01 -2.481662380640257481e+01 1.587587112945340910e-03 9.999918654427150111e-01 3.707912560687384382e-03 -3.456249253364119395e-02 9.994817300213274525e-01 -1.705972500453722777e-03 3.214593304606438995e-02 2.436576275657682800e+01
3.161366213633731714e-02 3.509565457837635506e-03 -9.994940016411437700e-01 -2.521007856524378354e+01 1.583909677535225071e-03 9.999924037511854769e-01 3.561414053371474066e-03 -2.627586199542737005e-02 9.994989082517613532e-01 -1.695697562448704714e-03 3.160786315640118360e-02 2.438818889948048607e+01
3.129364813433177517e-02 3.581281844932809010e-03 -9.995038179050603766e-01 -2.559329905744213107e+01 1.539138573965342059e-03 9.999922226130067981e-01 3.631220999724450466e-03 -2.881664969821053079e-02 9.995090488029085840e-01 -1.652009033226683413e-03 3.128789266248810375e-02 2.439840021465727204e+01
3.052620124354032960e-02 3.728965737347131153e-03 -9.995270110668191821e-01 -2.598006258041281669e+01 1.570439921386112886e-03 9.999916276833898943e-01 3.778661347346006991e-03 -3.525572936304830624e-02 9.995327332089193328e-01 -1.685045297403343955e-03 3.052008955185925299e-02 2.441348781340556329e+01
2.985424365454780737e-02 3.639691813897635506e-03 -9.995476360730963794e-01 -2.636942859210399703e+01 1.511953503897008446e-03 9.999920619407779432e-01 3.686468775599893808e-03 -2.803003082633233334e-02 9.995531192149906818e-01 -1.621326287724331964e-03 2.984850362500246490e-02 2.442594299135791402e+01
2.920519133621657382e-02 3.695713461237653315e-03 -9.995666053350458213e-01 -2.675744776931832192e+01 1.594291527109959698e-03 9.999917208128410451e-01 3.743867024824033569e-03 -3.073269955906546627e-02 9.995721659958032301e-01 -1.702940922465066582e-03 2.919905749631368508e-02 2.443479935291369642e+01
2.886331876558256848e-02 3.747418979257570622e-03 -9.995763430978297226e-01 -2.714588840664083946e+01 1.668653993258231065e-03 9.999913985542395745e-01 3.797158330488698171e-03 -3.210899976561579217e-02 9.995819748393259818e-01 -1.777545647772936152e-03 2.885681735366762979e-02 2.444619167716328434e+01
2.798207495459004157e-02 3.740773162887171821e-03 -9.996014256179207580e-01 -2.753721558564295080e+01 1.561223446341743551e-03 9.999916145958671621e-01 3.785937044006735825e-03 -3.000793828389758389e-02 9.996072058876858124e-01 -1.666539556810085320e-03 2.797600013081369408e-02 2.446624315942264971e+01
2.774504935078148105e-02 3.606139100800146401e-03 -9.996085273732456811e-01 -2.794089836576483776e+01 1.624720079636949449e-03 9.999920093008257682e-01 3.652618124029689568e-03 -2.226447884981670733e-02 9.996137116512487930e-01 -1.725426116310396166e-03 2.773896868183145514e-02 2.447102405323147423e+01
2.744211380056482685e-02 3.775342394687583505e-03 -9.996162649636908260e-01 -2.833399545625077209e+01 1.626807088266873490e-03 9.999913750895341735e-01 3.821419270407719164e-03 -2.905031257330374997e-02 9.996220705290848052e-01 -1.731050647887989605e-03 2.743573536102195121e-02 2.447953780215929598e+01
2.727337302345156367e-02 3.752000416105983997e-03 -9.996209709769007246e-01 -2.873809434006458119e+01 1.650160138493356665e-03 9.999914244768760563e-01 3.798413382658972701e-03 -2.699588936853108273e-02 9.996266503527412306e-01 -1.753130224990635160e-03 2.726694773848425957e-02 2.448868050381014427e+01
2.716600377901534635e-02 3.618675209298902011e-03 -9.996243861713297596e-01 -2.914356786478688477e+01 1.627467763151735228e-03 9.999919623356963161e-01 3.664234256064415052e-03 -1.729698273489831128e-02 9.996296111997474698e-01 -1.726399065401623342e-03 2.715989615054803519e-02 2.450721673092537500e+01
2.694066504073100443e-02 3.729636475982474938e-03 -9.996300767678614196e-01 -2.954583761674439302e+01 1.436324373477790902e-03 9.999918631484716602e-01 3.769696160507794453e-03 -2.052588586082660857e-02 9.996360025226471713e-01 -1.537351165288725150e-03 2.693508886076478870e-02 2.452228269652165693e+01
2.663455232862044220e-02 3.688536162925166485e-03 -9.996384322960121249e-01 -2.994789070648181095e+01 1.609576949545922292e-03 9.999917379763800795e-01 3.732725682696596842e-03 -1.827921395831451357e-02 9.996439415533400208e-01 -1.708414456028050938e-03 2.662839529053462329e-02 2.453011570511287331e+01
2.669814553243265998e-02 3.576303306273279168e-03 -9.996371437075509681e-01 -3.036120214649988469e+01 1.509070989942329442e-03 9.999923168022626374e-01 3.617877995532053307e-03 -9.326824257384146166e-03 9.996424019267472483e-01 -1.605114047281177170e-03 2.669254350973049306e-02 2.453767334176484738e+01
2.736014722126201004e-02 3.568049425338131256e-03 -9.996192732072194387e-01 -3.076490330195975531e+01 1.502772719138653233e-03 9.999923529063473593e-01 3.610512841940354857e-03 -6.860917242797977267e-03 9.996245115132910142e-01 -1.600984736200763503e-03 2.735457602831692370e-02 2.455227767039382414e+01
2.883341678545481290e-02 3.585580165372621083e-03 -9.995777997191386266e-01 -3.117343871664119348e+01 1.585698063844712905e-03 9.999921441071167871e-01 3.632806862687383911e-03 -6.785388167144514211e-03 9.995829728632470434e-01 -1.689774816049722378e-03 2.882750462569505512e-02 2.456750670746118459e+01
3.015483815164832215e-02 3.611237004920834787e-03 -9.995387159601886173e-01 -3.157873917646501027e+01 1.458352221632030436e-03 9.999922502170405236e-01 3.656872250634090118e-03 -6.539374748085855123e-03 9.995441755844741705e-01 -1.567951897886893896e-03 3.014933800268859709e-02 2.458247236725205553e+01
3.178564383058324339e-02 3.666232370104537033e-03 -9.994879847134151563e-01 -3.200178558211947433e+01 1.675748669777092203e-03 9.999916715937877676e-01 3.721371985943070903e-03 -8.159111695560416697e-03 9.994933039859102974e-01 -1.793176865347988636e-03 3.177923542281235747e-02 2.459271758866342239e+01
3.390943718664862772e-02 3.729152550524300093e-03 -9.994179523557398248e-01 -3.241340884562927727e+01 1.634891128027268553e-03 9.999914937417673233e-01 3.786763143969885774e-03 -1.058009115513126701e-02 9.994235724659912279e-01 -1.762346550468741474e-03 3.390305198579945944e-02 2.460218219279102314e+01
3.660305628968352210e-02 3.785626452496854057e-03 -9.993227132926664202e-01 -3.282941491263569134e+01 1.610264945261440008e-03 9.999913032434010196e-01 3.847139764881739830e-03 -1.216235326507161471e-02 9.993285862603255021e-01 -1.749991407586975458e-03 3.659664210023982900e-02 2.461309267033327330e+01
3.892047314209268194e-02 3.826888764621224487e-03 -9.992349832210535299e-01 -3.324476162945116187e+01 1.638573462433549725e-03 9.999910774096065769e-01 3.893607348248328062e-03 -1.305836081415188976e-02 9.992409678588064503e-01 -1.788860966464606017e-03 3.891385523227952614e-02 2.462615595583551809e+01
4.122289844948123783e-02 3.701829734591288203e-03 -9.991431174261475867e-01 -3.366894411730896763e+01 1.550033905818898328e-03 9.999916962635874151e-01 3.768925412373767304e-03 -5.480120001079384628e-03 9.991487727252210682e-01 -1.704071738314075169e-03 4.121681818379618889e-02 2.464060933075360538e+01
4.334943226143539441e-02 3.768536411411076495e-03 -9.990528638945626039e-01 -3.409672852463620529e+01 1.435332070279813103e-03 9.999916187277920754e-01 3.834357314888928343e-03 -5.761965075062540353e-03 9.990589404757157510e-01 -1.600189828140676169e-03 4.334365983687427093e-02 2.465587313474092213e+01
4.511441282798700492e-02 3.750350237279105169e-03 -9.989747867830719441e-01 -3.451802975677652796e+01 1.511299233895017306e-03 9.999915525091668256e-01 3.822418727974968670e-03 -3.674046278684050051e-03 9.989806833617013160e-01 -1.682196006440987018e-03 4.510836382295779767e-02 2.468188179718615416e+01
4.737025223323110268e-02 3.910129516195194263e-03 -9.988697463085601802e-01 -3.495141524621556073e+01 1.437539567354120112e-03 9.999910357799242089e-01 3.982692529768142899e-03 -1.066982795176940266e-02 9.988763650639417291e-01 -1.624575932654049974e-03 4.736420662997198328e-02 2.470362359822806653e+01
4.959963235207609511e-02 3.841907995320227587e-03 -9.987617915266356894e-01 -3.538495021259578976e+01 1.370434575286846391e-03 9.999913984982548021e-01 3.914695209017146627e-03 -4.704323251444691295e-03 9.987682405741654668e-01 -1.562905134721219273e-03 4.959394063720001800e-02 2.471868901515335537e+01
5.158289015540085121e-02 3.847945279573006857e-03 -9.986613033257782934e-01 -3.582238267704110513e+01 1.462762744920271130e-03 9.999912130797843357e-01 3.928624234176036553e-03 -2.830509242390342323e-03 9.986676452996605668e-01 -1.663454341631819813e-03 5.157680826966115628e-02 2.473484137016913920e+01
5.374963432394608276e-02 3.665722202998863977e-03 -9.985477150796415735e-01 -3.626312239697347906e+01 1.481435877108590532e-03 9.999918685172177746e-01 3.750766213121954976e-03 9.166378118870534275e-03 9.985533446730747720e-01 -1.680886722513705474e-03 5.374376672733305327e-02 2.476164434376025270e+01
5.601484136952905590e-02 3.529429705324885463e-03 -9.984236979721095029e-01 -3.670396201198456509e+01 1.472069339329981543e-03 9.999923730962174684e-01 3.617562888949506401e-03 1.756025306948958212e-02 9.984288510245520332e-01 -1.672386124814002764e-03 5.600921858446905599e-02 2.478524012864975745e+01
5.766355803179135098e-02 3.741321469230901239e-03 -9.983290622779538159e-01 -3.714304831734004608e+01 1.487450401644354464e-03 9.999915459752684033e-01 3.833467007189836524e-03 8.449482429442906062e-03 9.983349646117866127e-01 -1.706016311890623657e-03 5.765750551252357692e-02 2.480787953421081937e+01
5.921692585449978008e-02 3.850949172685215298e-03 -9.982377101085756488e-01 -3.759342219986109512e+01 1.411308289471281804e-03 9.999912366122543084e-01 3.941434714214459012e-03 3.564966850734831681e-03 9.982441404292116127e-01 -1.642220802371053071e-03 5.921097203712766266e-02 2.483353989732563605e+01
6.004744916557702705e-02 3.729529807431672395e-03 -9.981885565644013081e-01 -3.803712606722097433e+01 1.511649988585977078e-03 9.999915336848241854e-01 3.827201717330196672e-03 1.164333676402817819e-02 9.981943792483602973e-01 -1.738725420705023979e-03 6.004130304125598894e-02 2.486182467385195594e+01
6.068976448502760856e-02 3.699976778583398927e-03 -9.981498197458085198e-01 -3.848619357434720456e+01 1.361622174537300894e-03 9.999918924455015734e-01 3.789594743275680883e-03 1.735309572820919327e-02 9.981557486042977878e-01 -1.589092540539403233e-03 6.068423446902759810e-02 2.489281497470265592e+01
6.149721226939985907e-02 3.753856691199924413e-03 -9.981001960940765194e-01 -3.893531203089085579e+01 1.420086082521846435e-03 9.999915862902496455e-01 3.848467776710962421e-03 1.454823967709659854e-02 9.981062449652393642e-01 -1.654058237211863134e-03 6.149136405006250250e-02 2.491355454765213295e+01
6.230879589875171209e-02 3.600647408996919020e-03 -9.980504242230869849e-01 -3.939049840369744260e+01 1.655599026859212774e-03 9.999917436606757803e-01 3.711010959759872968e-03 2.480363170973941961e-02 9.980555460221189890e-01 -1.883599935569875818e-03 6.230232022784354395e-02 2.493553984246221233e+01
6.276093203856902836e-02 3.773146552972011722e-03 -9.980214570713098476e-01 -3.984982969950301879e+01 1.386970995441559433e-03 9.999915581239268159e-01 3.867814930801600527e-03 1.712899869542097026e-02 9.980276257304244725e-01 -1.626974483796032314e-03 6.275516897372801495e-02 2.495805341197178961e+01
6.360597400762357800e-02 3.709216185271831286e-03 -9.979681967807556564e-01 -4.030450808842066124e+01 1.456596982280871982e-03 9.999916827013430876e-01 3.809573908939710082e-03 2.205638078596619187e-02 9.979740269144148357e-01 -1.695949122875273088e-03 6.360004214463932382e-02 2.498891558542716851e+01
6.411027248088652097e-02 3.519853386587068651e-03 -9.979366130143555447e-01 -4.077170746377719013e+01 1.445784030159138729e-03 9.999924026772311070e-01 3.619985684596623791e-03 3.377823700454869044e-02 9.979417731866747632e-01 -1.674879086823653513e-03 6.410469646663885523e-02 2.502075682539705426e+01
6.454346552507062018e-02 3.603901648142756979e-03 -9.979083890572945093e-01 -4.123432035643154592e+01 1.478749333045726970e-03 9.999920354333831085e-01 3.707070300030580919e-03 3.116368587422532407e-02 9.979138010662164104e-01 -1.714923528868247298e-03 6.453762219718117699e-02 2.504490774587150170e+01
6.464232385515500390e-02 3.624486838651170759e-03 -9.979019155517049322e-01 -4.169857637423702101e+01 1.433107800461090727e-03 9.999920355824678531e-01 3.724912571418755557e-03 3.122427930243438718e-02 9.979074687407835098e-01 -1.670888024046002533e-03 6.463661473633641741e-02 2.507782955998983354e+01
6.468104455206757919e-02 3.612158458695924855e-03 -9.978994512409171680e-01 -4.216857655785251779e+01 1.451951657250371034e-03 9.999920495657240727e-01 3.713844601967656277e-03 3.482091865279379056e-02 9.979049325021092098e-01 -1.689117110157811437e-03 6.467528563021363031e-02 2.510731447883711098e+01
6.467759765778635650e-02 3.696433853378183927e-03 -9.978993660374704255e-01 -4.263719416836287479e+01 1.421826981961918411e-03 9.999917830770599370e-01 3.796338551238367248e-03 3.234133969099291933e-02 9.979051992896175172e-01 -1.664378301304506730e-03 6.467181051756065724e-02 2.513694419990608608e+01
6.473700264940718263e-02 3.690918670578987801e-03 -9.978955344159720076e-01 -4.311267029776460902e+01 1.382683042077105691e-03 9.999918681798721787e-01 3.788371910756174049e-03 3.503339666634513322e-02 9.979014022815962948e-01 -1.625021075624997514e-03 6.473137284909047384e-02 2.516353836786172948e+01
6.421758925106813010e-02 3.750301208430971422e-03 -9.979288734532272276e-01 -4.358468512564135722e+01 1.474704882263745860e-03 9.999914899699342552e-01 3.852951235237411440e-03 3.455124118434708957e-02 9.979348307761841674e-01 -1.719077821662305964e-03 6.421151216995091282e-02 2.520220450299066783e+01
6.418300471181115352e-02 3.754507404932308848e-03 -9.979310825805105534e-01 -4.406654098933971397e+01 1.398495789745814134e-03 9.999916023261551379e-01 3.852205432589314235e-03 3.573893361762130877e-02 9.979371654145814396e-01 -1.642848536876071299e-03 6.417721506107287865e-02 2.522759014621285445e+01
6.370782926616136432e-02 3.698862806895877181e-03 -9.979617381964749345e-01 -4.454928637474325370e+01 1.358655556296144628e-03 9.999918831105539807e-01 3.793121153811391567e-03 4.076544365473953879e-02 9.979676680861324645e-01 -1.597537775424480487e-03 6.370228667624977525e-02 2.526602282383196396e+01
6.364765835905983327e-02 3.688842707346322910e-03 -9.979656146505696546e-01 -4.502999779400190761e+01 1.341408697688888530e-03 9.999919489543591666e-01 3.781884340912091205e-03 4.216981445573076553e-02 9.979715307603290730e-01 -1.579387837970563620e-03 6.364219768316548009e-02 2.529106022931689424e+01
6.338361485771470960e-02 3.784039146500915024e-03 -9.979820631731349811e-01 -4.550890756958204264e+01 1.350767875274152966e-03 9.999915703750985596e-01 3.877448244846388309e-03 3.876039928197777540e-02 9.979883229746310258e-01 -1.593808797216157182e-03 6.337796919909877147e-02 2.532502334304626146e+01
6.360697881249199881e-02 3.721899699529375265e-03 -9.979680855162524900e-01 -4.600164850003412909e+01 1.400166911397084752e-03 9.999917285409820611e-01 3.818688549628640547e-03 4.415871281274497823e-02 9.979740436398973902e-01 -1.640217133637887886e-03 6.360124140916667557e-02 2.535625889000236555e+01
6.378181682115313667e-02 3.620395450215631913e-03 -9.979572999781992637e-01 -4.649245751951026762e+01 1.431178347574263172e-03 9.999920594330100609e-01 3.719247163688762809e-03 5.131739579028200826e-02 9.979628407769153275e-01 -1.665475220839463064e-03 6.377612892578587989e-02 2.538693221337322470e+01
6.406816450490926407e-02 3.688632601467465959e-03 -9.979387076802381795e-01 -4.698703034246680232e+01 1.346774483162290143e-03 9.999919387121242176e-01 3.782685455954889336e-03 4.960904087988089045e-02 9.979446159459270937e-01 -1.586348101326142583e-03 6.406268027672601395e-02 2.541248813456904188e+01
6.401540318875487134e-02 3.586268765767259593e-03 -9.979424666938077060e-01 -4.748198635038185955e+01 1.386004975379853199e-03 9.999922589013572338e-01 3.682543627592825726e-03 5.840657776183112715e-02 9.979479481139235109e-01 -1.618892739060996460e-03 6.400993705285162871e-02 2.544758715718780095e+01
6.411182531532089168e-02 3.454132235233768177e-03 -9.979367428976848586e-01 -4.797548501187694114e+01 1.407910714632470885e-03 9.999927015848254497e-01 3.551698819152636181e-03 6.702771189763886972e-02 9.979417275783983854e-01 -1.632711727117226253e-03 6.410649429081838324e-02 2.548341043122116645e+01
6.455952441650880669e-02 3.501721341075186497e-03 -9.979077140471276364e-01 -4.847425155673441566e+01 1.357079860074570992e-03 9.999926105342119564e-01 3.596833499793212693e-03 6.619711763393115733e-02 9.979129351508416734e-01 -1.586450321098427894e-03 6.455429524060418700e-02 2.550942193488910448e+01
6.488263934911964181e-02 3.663344827342972579e-03 -9.978861773848599626e-01 -4.896876906215998559e+01 1.346480933300516674e-03 9.999920298358592197e-01 3.758623930936217869e-03 5.970807533623351260e-02 9.978919932037677576e-01 -1.587504152412756026e-03 6.487718959987198719e-02 2.554374421099427650e+01
6.504172682498998714e-02 3.555017147810693532e-03 -9.978762125758398049e-01 -4.947923497066410903e+01 1.334392396462589971e-03 9.999924501268722121e-01 3.649532324465090249e-03 6.607377666308633657e-02 9.978816528870324554e-01 -1.568930315158917257e-03 6.503649198035310608e-02 2.557771184260860764e+01
6.519841243286206289e-02 3.623290646568196050e-03 -9.978657418616622143e-01 -4.998525406996756715e+01 1.292177814162376445e-03 9.999922628601414232e-01 3.715440263345622628e-03 6.485718507515011999e-02 9.978714833548113505e-01 -1.531660779805591203e-03 6.519322604783872599e-02 2.561231502346887723e+01
6.558782323411060933e-02 3.655617450710009139e-03 -9.978401043776832235e-01 -5.049119729959669911e+01 1.408180187200627591e-03 9.999919544877622357e-01 3.756060210601001349e-03 6.425600269308184842e-02 9.978458069621638504e-01 -1.651490478128435314e-03 6.558214777841009369e-02 2.564301852004868110e+01
6.581487777458072674e-02 3.583444342377090953e-03 -9.978254159872670392e-01 -5.099816957831178144e+01 1.279871609602097884e-03 9.999924257533268079e-01 3.675644792440948411e-03 7.182709026019623577e-02 9.978310296799655088e-01 -1.519000534018781837e-03 6.580979292778332823e-02 2.567389516002276650e+01
6.602982651378197509e-02 3.562807525355293423e-03 -9.978112889785810680e-01 -5.152092626516132157e+01 1.139764343394426317e-03 9.999927037108776728e-01 3.646020056223801906e-03 7.361425900877514861e-02 9.978169987266209962e-01 -1.378015800392446127e-03 6.602528398009732680e-02 2.570840818762150093e+01
6.602972189767464251e-02 3.466514884363514244e-03 -9.978116350798243994e-01 -5.203612872171339632e+01 1.271690278937801259e-03 9.999928608183060730e-01 3.558246232975741281e-03 8.066962810280917107e-02 9.978168462347939416e-01 -1.503857365748882289e-03 6.602484216621251623e-02 2.574145671394812851e+01
6.604619469181793878e-02 3.547864111195531481e-03 -9.978102589305138936e-01 -5.256340609555559951e+01 1.274436023748938681e-03 9.999925631515946822e-01 3.639979989690295646e-03 7.836342487872309526e-02 9.978157525212517642e-01 -1.512052165920710171e-03 6.604118199044961557e-02 2.577347410558460794e+01
6.609100999233297191e-02 3.624101047375379026e-03 -9.978070175589024426e-01 -5.308317204351109098e+01 1.286321160449586118e-03 9.999922637256916103e-01 3.717239115112982734e-03 7.633512541016812536e-02 9.978127699002783402e-01 -1.529176368231931638e-03 6.608583693628555800e-02 2.580635841538022746e+01
6.587433707120882165e-02 3.587154591408237003e-03 -9.978214790419008828e-01 -5.360949220492027933e+01 1.156303812088362070e-03 9.999925922433499093e-01 3.671296762655036888e-03 8.076885229242386499e-02 9.978272569322423902e-01 -1.395629020431373834e-03 6.586970124962177042e-02 2.584385152913424477e+01
6.568157903658344843e-02 3.445676848577521566e-03 -9.978346844474372812e-01 -5.413025930591711443e+01 1.298737799392449916e-03 9.999928957070634006e-01 3.538617742931763829e-03 8.863922024587687909e-02 9.978397884707694843e-01 -1.528347623199354096e-03 6.567663738463769274e-02 2.587835027185961678e+01
6.465912147977237456e-02 3.602566712475168027e-03 -9.979009066648585335e-01 -5.466453568030944155e+01 1.300362042789501979e-03 9.999923302995558094e-01 3.694374185390137538e-03 8.338392887741197246e-02 9.979065622932952184e-01 -1.536507450737087952e-03 6.465394092267007231e-02 2.592281140192402233e+01
6.327771707551221869e-02 3.607942338423944517e-03 -9.979894354519962540e-01 -5.521437701193446657e+01 1.360986370777041024e-03 9.999922233638613989e-01 3.701476448605664320e-03 8.409898244077498863e-02 9.979950291648802541e-01 -1.592470999306181334e-03 6.327231462738169832e-02 2.595813108350048637e+01
6.203396030085150947e-02 3.643741905886409976e-03 -9.980673879625143741e-01 -5.575508587117518999e+01 1.398686267335707721e-03 9.999920365967910341e-01 3.737702466460896683e-03 8.431673607606653131e-02 9.980730591725830436e-01 -1.627847635839619429e-03 6.202836984764747985e-02 2.598508796197728898e+01
6.101621270810742015e-02 3.528503002314097806e-03 -9.981305382831056061e-01 -5.630004401975276096e+01 1.269510160729678868e-03 9.999926683747168976e-01 3.612691623339239072e-03 9.199434962853308972e-02 9.981359677572545497e-01 -1.487569620623451936e-03 6.101128588968607325e-02 2.601791244831994021e+01
5.962534926064921859e-02 3.606373438692670255e-03 -9.982143115564748870e-01 -5.684661799635956214e+01 1.298576144973011964e-03 9.999923474284622138e-01 3.690363736724577501e-03 8.911095124134030265e-02 9.982199814798048410e-01 -1.516296519258934555e-03 5.962020982288118720e-02 2.604242118511198001e+01
5.881782138110902558e-02 3.715899006839039689e-03 -9.982618173518166271e-01 -5.739038385351622651e+01 1.244117329620667012e-03 9.999920226007333879e-01 3.795643155571510989e-03 8.470470435306591550e-02 9.982679580453591717e-01 -1.465206287616851490e-03 5.881272915351443142e-02 2.607084074877123214e+01
5.849787607395151579e-02 3.699185083161750289e-03 -9.982806792303244858e-01 -5.792658562918240506e+01 1.202899906492125182e-03 9.999921473392801019e-01 3.776015305917775240e-03 8.977274331014356568e-02 9.982868082503406626e-01 -1.421720611117975250e-03 5.849296696058725598e-02 2.610239472293418572e+01
5.772625104236617233e-02 3.573374962264004844e-03 -9.983260544190825092e-01 -5.847882339012507913e+01 1.253195172274004007e-03 9.999925468887216340e-01 3.651803508968759840e-03 9.804101335116539861e-02 9.983316630471329445e-01 -1.461902317869473314e-03 5.772134266594197705e-02 2.613782845666549193e+01
5.657037708838164036e-02 3.643336500191947380e-03 -9.983919663815533641e-01 -5.903507683719787025e+01 1.304950678175303275e-03 9.999922177229906284e-01 3.723116595334875854e-03 9.752683814757708014e-02 9.983977611852933309e-01 -1.513470383356487880e-03 5.656518246759978386e-02 2.618304058956932678e+01
5.577204274500568992e-02 3.576268520544674274e-03 -9.984371234842575049e-01 -5.958924539506477913e+01 1.300121080869456099e-03 9.999924772625520264e-01 3.654463500894672250e-03 1.023073340670947462e-01 9.984426818466969333e-01 -1.501906046746504138e-03 5.576697360447679941e-02 2.620403389705594677e+01
5.417372994770375261e-02 3.633060425773712750e-03 -9.985249159913318628e-01 -6.015401076439815853e+01 1.239983001964937168e-03 9.999923651843628525e-01 3.705673371847515492e-03 1.015798103687356874e-01 9.985307553729672048e-01 -1.438904071388583377e-03 5.416881140809015616e-02 2.623594563097100618e+01
5.261383229699201358e-02 3.649816302525210783e-03 -9.986082632804428316e-01 -6.071296639825966679e+01 1.282396022955665247e-03 9.999922494187672983e-01 3.722440440665232206e-03 1.027960421094780558e-01 9.986141097097841479e-01 -1.476463122402206550e-03 5.260874399929993395e-02 2.626735207604776434e+01
5.135882132213320794e-02 3.686958891922352544e-03 -9.986734590478164586e-01 -6.126752580184655272e+01 1.224400762578216340e-03 9.999922011489541518e-01 3.754794806949545913e-03 1.042923264121039945e-01 9.986795143163665900e-01 -1.415618380416167098e-03 5.135390646705695339e-02 2.628474127374463620e+01
4.955909599594654491e-02 3.705894003573708979e-03 -9.987643177215028700e-01 -6.183064637782911888e+01 1.171867453040998427e-03 9.999922121652136120e-01 3.768598624818715170e-03 1.040645938034081147e-01 9.987705055370514895e-01 -1.357187738214111084e-03 4.955436722132755545e-02 2.632503260544637769e+01
4.804497085088743624e-02 3.706603227771242560e-03 -9.988382961563145868e-01 -6.239261939066661000e+01 1.339003807325034583e-03 9.999919770886603887e-01 3.775291659746495346e-03 1.061539029165234488e-01 9.988442760734735915e-01 -1.518832059201474577e-03 4.803962223451174740e-02 2.635543839581645642e+01
4.682183378428872444e-02 3.673880619144168254e-03 -9.988965003854369806e-01 -6.295687839730217661e+01 1.242040096866450652e-03 9.999922493061307316e-01 3.736129556514652863e-03 1.114553928684903217e-01 9.989024843384236574e-01 -1.415601943189984720e-03 4.681690777554858851e-02 2.637566285408810174e+01
4.528484898137996595e-02 3.645260330231014402e-03 -9.989674641998401716e-01 -6.351157258662856009e+01 1.250537334518979056e-03 9.999923519830802299e-01 3.705689102219906876e-03 1.138143960068499771e-01 9.989733322812522909e-01 -1.417057681317626010e-03 4.527994410795166402e-02 2.639958034306517476e+01
4.441358366836833937e-02 3.629685554873540027e-03 -9.990066360983324012e-01 -6.407400416754650507e+01 1.251919222186542377e-03 9.999924122377056301e-01 3.688924677413480888e-03 1.159482470919802333e-01 9.990124455100618528e-01 -1.414513975630030812e-03 4.440870259553619803e-02 2.642601640834485721e+01
4.371048239458563689e-02 3.623449325918445818e-03 -9.990376691315574487e-01 -6.464218482846946756e+01 1.263782736800054748e-03 9.999924220776615913e-01 3.682205921190260817e-03 1.191557103767204445e-01 9.990434407882506918e-01 -1.423517556752853467e-03 4.370557190723900476e-02 2.645228578935187613e+01
4.293060374369761512e-02 3.615262800394560688e-03 -9.990715155268345971e-01 -6.521653994038584301e+01 1.225067184153084965e-03 9.999925105855506091e-01 3.671237284851680376e-03 1.215826491777050600e-01 9.990773055537776060e-01 -1.381538161419070682e-03 4.292585327879472334e-02 2.647233052313761448e+01
4.240450969393727565e-02 3.537812222264114653e-03 -9.990942605391631703e-01 -6.578982783560310565e+01 1.223486280808367202e-03 9.999927969692957719e-01 3.592922326679986143e-03 1.301581693497185221e-01 9.990997751170490604e-01 -1.374734230635312566e-03 4.239987578823389835e-02 2.650489755754101395e+01
4.213079734872315907e-02 3.630672162242584537e-03 -9.991055070083499912e-01 -6.637414033707287331e+01 1.294597516150790056e-03 9.999923595143237476e-01 3.688486172776391653e-03 1.258244538102556431e-01 9.991112650411028140e-01 -1.448838371214396063e-03 4.212577518980631375e-02 2.652599161110748938e+01
4.172880094334086021e-02 3.730864684731042234e-03 -9.991220084757096442e-01 -6.696729800069834937e+01 1.082890998383298975e-03 9.999922719313648622e-01 3.779341825357624557e-03 1.221680348883516509e-01 9.991283874052009351e-01 -1.239647631992179914e-03 4.172443834051975387e-02 2.654698938412957432e+01
4.181656150210821821e-02 3.603375269435373993e-03 -9.991188071850156671e-01 -6.755119080151389710e+01 1.136178513756301014e-03 9.999926783723784851e-01 3.654079914527396701e-03 1.321159771348640877e-01 9.991246590303564101e-01 -1.287978378892893358e-03 4.181216125925835136e-02 2.656641201025244925e+01
4.182988152075384214e-02 3.597180730195778144e-03 -9.991182719291816783e-01 -6.813836437471503871e+01 1.069406172264580597e-03 9.999927847752666521e-01 3.645101897876144512e-03 1.338923611811726755e-01 9.991241751566212193e-01 -1.220937427342622941e-03 4.182573286148250080e-02 2.659230613187997960e+01
4.173462965079732800e-02 3.456958518469990457e-03 -9.991227502793200710e-01 -6.871703485280339407e+01 1.124420011163208269e-03 9.999932185069901891e-01 3.506938788940845188e-03 1.444818906888951371e-01 9.991280980772934139e-01 -1.269794405586950614e-03 4.173045955436216481e-02 2.662034400004658607e+01
4.154176551223409675e-02 3.622967896362496321e-03 -9.991301996345364200e-01 -6.930325764586305581e+01 1.188479944686837101e-03 9.999925390452758522e-01 3.675509380143341699e-03 1.394232174189380946e-01 9.991360614218404157e-01 -1.340133353204534276e-03 4.153714974631739221e-02 2.664661720272512113e+01
4.064624481425016533e-02 3.725276071859622874e-03 -9.991666553186653310e-01 -6.988434586674142679e+01 1.130428622571059104e-03 9.999922382136131604e-01 3.774340161900047348e-03 1.354444635634201588e-01 9.991729604596140124e-01 -1.282899340123657209e-03 4.064171816808193061e-02 2.667205405905185955e+01
3.964320342668048447e-02 3.781819520519846475e-03 -9.992067425028642313e-01 -7.047171134491517819e+01 1.191810558103856277e-03 9.999919473578391393e-01 3.832076078360262088e-03 1.351096253021480953e-01 9.992131884686393795e-01 -1.342780916964427147e-03 3.963837698171579493e-02 2.669518154304589075e+01
3.798458236004054189e-02 3.735484916500305189e-03 -9.992713433574348381e-01 -7.105963248812906841e+01 1.272452204781496102e-03 9.999920214288517961e-01 3.786547771425904409e-03 1.389519711634089050e-01 9.992775151920113563e-01 -1.415355459714091315e-03 3.797952607132970559e-02 2.672344246680799174e+01
3.695893342262013270e-02 3.684303077408955431e-03 -9.993099935210777440e-01 -7.164753101971933802e+01 1.376813929799919085e-03 9.999920668157339376e-01 3.737738487293311603e-03 1.432214353690738073e-01 9.993158367721716173e-01 -1.514006747171126000e-03 3.695356762079249346e-02 2.674101624150453915e+01
3.613262962687346924e-02 3.775611598884328311e-03 -9.993398710315234412e-01 -7.225048974537527613e+01 1.299163073214427457e-03 9.999918405582838288e-01 3.825047995138316625e-03 1.407287944263807822e-01 9.993461588716677779e-01 -1.436514500548371261e-03 3.612742966961990376e-02 2.676331902609157964e+01
3.529307758111766002e-02 3.799920745080690755e-03 -9.993697810506302348e-01 -7.284400951782801314e+01 1.146178184270813319e-03 9.999919596873788619e-01 3.842764130882460501e-03 1.425498371845592416e-01 9.993763480043057479e-01 -1.281078813656902869e-03 3.528843842748052850e-02 2.678688383880433932e+01
3.471480563325968216e-02 3.798139172452469261e-03 -9.993900421800649969e-01 -7.343353561637184157e+01 1.205701587579317228e-03 9.999918914446707108e-01 3.842307716933911210e-03 1.445109418351777364e-01 9.993965321900648568e-01 -1.338351126044000534e-03 3.470994472390742658e-02 2.679898594051812211e+01
3.396405883519360014e-02 3.830642008690664929e-03 -9.994157137494091847e-01 -7.403895446654611590e+01 1.218397974282278305e-03 9.999917527900560321e-01 3.874255831478608247e-03 1.450572446225283918e-01 9.994223122453370634e-01 -1.349271534101089071e-03 3.395911148000618773e-02 2.682379901269821687e+01
3.321013955413776308e-02 3.714808042886979557e-03 -9.994414874478642075e-01 -7.464048177890110480e+01 1.331942319557471652e-03 9.999920399473020138e-01 3.761113092001646709e-03 1.534923255282125698e-01 9.994475036541200508e-01 -1.456105503717547781e-03 3.320492728963542195e-02 2.684648086668356015e+01
3.298101046861035002e-02 3.761004561927816861e-03 -9.994489020420980196e-01 -7.524340665672575312e+01 1.190313333830533447e-03 9.999920626968484827e-01 3.802327901360161300e-03 1.530872126439429548e-01 9.994552696857610385e-01 -1.315061970902845498e-03 3.297627191445340333e-02 2.686064160149025426e+01
3.264199029210002045e-02 3.812190711030756865e-03 -9.994598379483554673e-01 -7.584838792395468943e+01 1.342383145105097804e-03 9.999916566518306515e-01 3.858060940300047856e-03 1.529898847052256761e-01 9.994662067710253783e-01 -1.467592828430949042e-03 3.263660052805361644e-02 2.688126105788207099e+01
3.229103307743730333e-02 3.861933071548736673e-03 -9.994710474324621785e-01 -7.646361043246706402e+01 1.337187585107017188e-03 9.999914730333765434e-01 3.907146004426550502e-03 1.525805422183529325e-01 9.994776141125694124e-01 -1.462646057167910118e-03 3.228559360391825006e-02 2.690121699071161743e+01
3.226141803783089124e-02 3.852964999646740774e-03 -9.994720384117308232e-01 -7.707383040200734570e+01 1.309093295335999468e-03 9.999915489272166447e-01 3.897223228175841943e-03 1.561767741791160180e-01 9.994786076654831319e-01 -1.434132092111527245e-03 3.225610150359070616e-02 2.692267738681044520e+01
3.222183233236519673e-02 3.854154823314330167e-03 -9.994733108051175874e-01 -7.768475415608342871e+01 1.212100966424282207e-03 9.999916789609031298e-01 3.895230442637096207e-03 1.568051792843832282e-01 9.994800069698205336e-01 -1.336974028160737519e-03 3.221689258845239490e-02 2.693662765370746470e+01
3.228170504036409483e-02 3.874192986425187453e-03 -9.994713013130448465e-01 -7.830688420608130684e+01 1.280327876339336542e-03 9.999915066963874777e-01 3.917562458714831178e-03 1.608084835392063761e-01 9.994779898928322082e-01 -1.406116564441680034e-03 3.227647062476324269e-02 2.695210835008779782e+01
3.184349515139506259e-02 3.861429232606653546e-03 -9.994854081880459873e-01 -7.893112584547986899e+01 1.264569288324749168e-03 9.999915810621402557e-01 3.903673828063728563e-03 1.635972604192328095e-01 9.994920673427369895e-01 -1.388225169939904255e-03 3.183834401817153825e-02 2.697716349963540239e+01
3.162568954328270898e-02 3.685895542940994044e-03 -9.994929864361025151e-01 -7.954806265464321768e+01 1.218085704930243996e-03 9.999923155253964691e-01 3.726279293256090294e-03 1.736658805974216901e-01 9.994990405338705086e-01 -1.335314271035935004e-03 3.162095677980381048e-02 2.699926537742175015e+01
3.141280109249633412e-02 3.941903447412767499e-03 -9.994987230230637509e-01 -8.016499924695655466e+01 1.268599877302267970e-03 9.999912602915349558e-01 3.983716217159811827e-03 1.636632747772416296e-01 9.995056911203034078e-01 -1.393103642529425852e-03 3.140752585554296150e-02 2.702049713250042373e+01
3.090529749258097425e-02 3.806364116492876992e-03 -9.995150695107642980e-01 -8.078159294400930435e+01 1.345971990726953661e-03 9.999916836766092887e-01 3.849797010275691177e-03 1.730805873043446408e-01 9.995214109494080512e-01 -1.464298409759612471e-03 3.089991721464524499e-02 2.704634392280394906e+01
3.090136875642857106e-02 3.836139706114747965e-03 -9.995150771454798244e-01 -8.140241950754177935e+01 1.383294889163396747e-03 9.999915131606597063e-01 3.880734711836395651e-03 1.745252753564431603e-01 9.995214814621188326e-01 -1.502544112233428902e-03 3.089579998902691749e-02 2.705742358380725321e+01
3.082321163626100535e-02 3.733307764039438433e-03 -9.995178797988386599e-01 -8.203201375462016642e+01 1.308497642080891756e-03 9.999920169482271470e-01 3.775430271799793368e-03 1.826485815914130340e-01 9.995239954390027215e-01 -1.424237675220104728e-03 3.081808054856038925e-02 2.708208102489112790e+01
3.100099653722609983e-02 3.766414420045289396e-03 -9.995122572215484613e-01 -8.265990367732881339e+01 1.292756790862747626e-03 9.999919127135253882e-01 3.808318188464371486e-03 1.830753331967956421e-01 9.995185175841305725e-01 -1.410187917046948824e-03 3.099587676546744497e-02 2.709194334291268902e+01
3.113919370938900144e-02 3.566641330151856110e-03 -9.995086941516573287e-01 -8.328655108576597854e+01 1.199041954141190401e-03 9.999927804992937430e-01 3.605724293891040665e-03 1.954506432750832967e-01 9.995143385232256872e-01 -1.310732205066835691e-03 3.113469234736776503e-02 2.711271944455129912e+01
3.145036546210411288e-02 3.775032538463046934e-03 -9.994981859121274681e-01 -8.391837758953927562e+01 1.212691979234889255e-03 9.999919873295213257e-01 3.815056345331285098e-03 1.883434596636431868e-01 9.995045792243593130e-01 -1.332068349634647460e-03 3.144553550900852645e-02 2.712436955698196428e+01
3.166134096233863549e-02 3.811106961839695433e-03 -9.994913881330805827e-01 -8.454736588494176885e+01 1.454475164566298951e-03 9.999914959348814580e-01 3.859087963978471893e-03 1.888146556083031835e-01 9.994975957902362262e-01 -1.575919301068641216e-03 3.165552855180786551e-02 2.714111932759938028e+01
3.218657522770451695e-02 3.587894808301482063e-03 -9.994754381103897467e-01 -8.519159061996008120e+01 1.461124905805911024e-03 9.999923193573463376e-01 3.636803586222704145e-03 2.015416935768077622e-01 9.994808099654143296e-01 -1.577414707580706557e-03 3.218108565165811452e-02 2.717011436642655298e+01
3.297139045487318398e-02 3.931444780162560507e-03 -9.994485635356192832e-01 -8.583012165503281210e+01 1.566679800572098706e-03 9.999908315587057173e-01 3.985261965132000719e-03 1.884443181632485809e-01 9.994550679874881771e-01 -1.697215504519376545e-03 3.296492884349133679e-02 2.719495231406455815e+01
3.427358821246706544e-02 3.884578009546854269e-03 -9.994049385533022578e-01 -8.648133405311351396e+01 1.453542153616491431e-03 9.999911947477122531e-01 3.936704491149687832e-03 1.922942243683970487e-01 9.994114309763771908e-01 -1.587602195363558254e-03 3.426764002699023148e-02 2.721394272039425388e+01
3.586701569803663059e-02 3.913180906189774738e-03 -9.993489101410540920e-01 -8.712796514685634008e+01 1.519352017448624866e-03 9.999909644000545272e-01 3.970225144242414857e-03 1.935515581345468861e-01 9.993554166333237232e-01 -1.660762910331177499e-03 3.586074611872702711e-02 2.723369424966695362e+01
3.702894044547710983e-02 3.952304463014802080e-03 -9.993063778736317460e-01 -8.777316834755926322e+01 1.425704322961061400e-03 9.999909522481158497e-01 4.007840951175136411e-03 1.980421087873664165e-01 9.993131766051468468e-01 -1.573121526793005943e-03 3.702297059925285794e-02 2.725240060430460787e+01
3.850193016313108174e-02 3.988285901920992152e-03 -9.992505666494655436e-01 -8.842140400554185931e+01 1.379208246056811468e-03 9.999908703350610661e-01 4.044382665028617256e-03 1.956522901813508852e-01 9.992575739809668178e-01 -1.533891160321794152e-03 3.849607797660559161e-02 2.727340598652461168e+01
3.922679274349660794e-02 4.033031531594431091e-03 -9.992221942029329007e-01 -8.907784402435959237e+01 1.571158667892866029e-03 9.999903696542663534e-01 4.097811509086063050e-03 1.966201905473932698e-01 9.992290979507647553e-01 -1.730680614341700624e-03 3.922007844347163985e-02 2.730556626355384253e+01
4.019798789574080544e-02 3.992437153811380021e-03 -9.991837579818373394e-01 -8.971331220985142352e+01 1.454124760073483100e-03 9.999907246020456331e-01 4.054162189399736389e-03 1.997363084845809877e-01 9.991906761426049277e-01 -1.615907004961520538e-03 4.019180954168777298e-02 2.732309838378084521e+01
4.064201994235494553e-02 4.113360420730308165e-03 -9.991653048825578365e-01 -9.037218251344229714e+01 1.374097230697678747e-03 9.999903503790592563e-01 4.172649705750391784e-03 1.960790150413013744e-01 9.991728269282577068e-01 -1.542535191001894032e-03 4.063597560510534556e-02 2.736424174067366977e+01
4.107156615162443902e-02 4.001375767366787892e-03 -9.991481949369781512e-01 -9.101876969025445874e+01 1.235427017293302520e-03 9.999910131365563615e-01 4.055535255479327666e-03 2.051733193669086908e-01 9.991554434490853565e-01 -1.400941858830642836e-03 4.106625363933869011e-02 2.738780201617094434e+01
4.133204313766181137e-02 4.009976263659781673e-03 -9.991374191273351135e-01 -9.167236204180997561e+01 1.357376084948602821e-03 9.999907980927096318e-01 4.069552809540905383e-03 2.086640350826219903e-01 9.991445439676039930e-01 -1.524408170575652227e-03 4.132621975815120585e-02 2.740907077710410888e+01
4.146390375540087714e-02 3.955911164104956509e-03 -9.991321711626672819e-01 -9.231700588676217478e+01 1.432598658061356046e-03 9.999908985575157727e-01 4.018763891680631091e-03 2.126276145674288465e-01 9.991389754916222277e-01 -1.597989046853892691e-03 4.145785914104060943e-02 2.743825307634592647e+01
4.133351340712854149e-02 4.028377213850823854e-03 -9.991372842840197110e-01 -9.297243799356003535e+01 1.377562941201934243e-03 9.999906919466891031e-01 4.088806711610007416e-03 2.126116975583028368e-01 9.991444555167016128e-01 -1.545379243036297404e-03 4.132757932941921730e-02 2.747044770700603422e+01
4.123103880848377756e-02 4.059757785970116023e-03 -9.991413912982950452e-01 -9.362713201066240742e+01 1.482440635926309674e-03 9.999903958728711961e-01 4.124382593715503198e-03 2.137638840915743188e-01 9.991485394117004537e-01 -1.651220378279060971e-03 4.122462447043140354e-02 2.750310127083418266e+01
4.125926668475499159e-02 4.116035511180652154e-03 -9.991399957785229713e-01 -9.428045392569207195e+01 1.476844720802124962e-03 9.999901710266876353e-01 4.180523853126682371e-03 2.148886028526079128e-01 9.991473824428040995e-01 -1.648059976645902501e-03 4.125278240320850998e-02 2.752066388292012533e+01
4.098703098183509308e-02 4.094958323211405661e-03 -9.991512871470592527e-01 -9.492870942829934222e+01 1.426462933230387801e-03 9.999903425910973143e-01 4.156913282694775502e-03 2.172157240405785117e-01 9.991586603211696227e-01 -1.595631809311324470e-03 4.098079384705599626e-02 2.755299995600066509e+01
4.073267430950022749e-02 3.988894951196280368e-03 -9.991621179571735789e-01 -9.558599584050692499e+01 1.321302071240359208e-03 9.999909417017535107e-01 4.046069114183249021e-03 2.259947494790587041e-01 9.991692065933742706e-01 -1.485002191423471715e-03 4.072703480562689382e-02 2.757713909818650677e+01
3.992802531818206990e-02 3.953657055009647189e-03 -9.991947364703650525e-01 -9.623991962219224661e+01 1.322731597356168170e-03 9.999910864452862258e-01 4.009664711337670648e-03 2.293178807811301623e-01 9.992016829325860439e-01 -1.481764443953033404e-03 3.992243979043197388e-02 2.760870346682747112e+01
3.960691588192188917e-02 4.127254137700370543e-03 -9.992068144221223358e-01 -9.689891173684571868e+01 1.255778894274358921e-03 9.999904741437053435e-01 4.180268079454666809e-03 2.236991397783428814e-01 9.992145491503271471e-01 -1.420350354753262051e-03 3.960135567349554186e-02 2.763406753710929564e+01
3.880654424533669378e-02 4.164539957756663129e-03 -9.992380640921738610e-01 -9.754402187287465154e+01 1.403746310621809728e-03 9.999901012536238643e-01 4.222190315755472781e-03 2.237517544495944699e-01 9.992457563682872745e-01 -1.566525361202865830e-03 3.880031415159634900e-02 2.766378485876971638e+01
3.827986379103975878e-02 4.133840728964640124e-03 -9.992585067883918981e-01 -9.819670892387112815e+01 1.420614153960383236e-03 9.999902074281226128e-01 4.191288976669486216e-03 2.288097624235080618e-01 9.992660475987187318e-01 -1.580002749344701363e-03 3.827361634007231395e-02 2.767977442319224579e+01
3.754808490646588393e-02 4.158783720470527953e-03 -9.992861681409500596e-01 -9.885239329404888053e+01 1.455922067337892759e-03 9.999900510003528753e-01 4.216419244522212270e-03 2.301976078068871667e-01 9.992937614189286721e-01 -1.613201251576510146e-03 3.754165647559049024e-02 2.770834137118914597e+01
3.715043854283517355e-02 4.067917110820630337e-03 -9.993014044653669714e-01 -9.951593012670512906e+01 1.452882328731343970e-03 9.999904378015490591e-01 4.124734949670826045e-03 2.371353676164539015e-01 9.993086280269045663e-01 -1.605103063877376347e-03 3.714417309808426548e-02 2.773513052678501367e+01
3.699075993621248060e-02 4.137981706726578945e-03 -9.993070402967932919e-01 -1.001641600429158387e+02 1.460051082287957018e-03 9.999901356676911268e-01 4.194856153654689945e-03 2.364212372924921757e-01 9.993145410380953608e-01 -1.614210242670093042e-03 3.698435338239469683e-02 2.775820449113917121e+01
3.667552280435470990e-02 4.072023612807978109e-03 -9.993189303974603366e-01 -1.008221649249593668e+02 1.468908930944646781e-03 9.999903981515553264e-01 4.128669428095176237e-03 2.424386494979731133e-01 9.993261471279433206e-01 -1.619329611484627987e-03 3.666918921969120060e-02 2.778057106674238597e+01
3.591185672812990948e-02 4.104487494853266416e-03 -9.993465323543894163e-01 -1.014669031482509780e+02 1.318811706178688037e-03 9.999905002865249193e-01 4.154524327672808742e-03 2.428680920066109694e-01 9.993540910418198253e-01 -1.467146587826963656e-03 3.590610252962456173e-02 2.780864776046557552e+01
3.528767167832647100e-02 4.182410744575346812e-03 -9.993684444027067793e-01 -1.021210042930343889e+02 1.449973085628319773e-03 9.999899759995227733e-01 4.236210396663432805e-03 2.404792173936775579e-01 9.993761443048224669e-01 -1.598543348647938440e-03 3.528125357167610776e-02 2.782752204747864866e+01
3.453432458953153983e-02 4.142224823858395473e-03 -9.993949281433510690e-01 -1.027695123809240982e+02 1.418268776562770341e-03 9.999902006461397486e-01 4.193700677271621456e-03 2.451539887972739307e-01 9.994025059698533608e-01 -1.562237242461145086e-03 3.452811138733136165e-02 2.785316742672861778e+01
3.431293751743946796e-02 4.089081651009933080e-03 -9.994027725247597305e-01 -1.034315031719134055e+02 1.512167771587218622e-03 9.999902727313533246e-01 4.143403347996982289e-03 2.524852908984803190e-01 9.994099937801080857e-01 -1.653437003636224790e-03 3.430642036879016921e-02 2.787928369671282525e+01
3.411763693393088381e-02 4.032669333869472010e-03 -9.994096879799037048e-01 -1.040750771806873729e+02 1.407911960830810069e-03 9.999906730910361752e-01 4.083076639863764991e-03 2.578178125774606144e-01 9.994168322746797006e-01 -1.546385779849380982e-03 3.411164107844788518e-02 2.790228731880255353e+01
3.406474680619442363e-02 4.042124265610578041e-03 -9.994114539349904236e-01 -1.047436766235320249e+02 1.309822687248873244e-03 9.999907817196109772e-01 4.089112413398160971e-03 2.597650790415413358e-01 9.994187697804949311e-01 -1.448346375284908063e-03 3.405913832173923517e-02 2.792805149984281599e+01
3.419776207538471891e-02 4.195774167521434429e-03 -9.994062780211913077e-01 -1.053835128218282478e+02 1.450275248592694391e-03 9.999899261848325116e-01 4.247850109936133177e-03 2.533264582543427457e-01 9.994140332068280896e-01 -1.594681155693775500e-03 3.419133254602657601e-02 2.794212409581572487e+01
3.410640425262301267e-02 4.116282585790347406e-03 -9.994097304942708426e-01 -1.060385778155921201e+02 1.458086945174336731e-03 9.999902490266443511e-01 4.168433049732048375e-03 2.615023958830111628e-01 9.994171437249901313e-01 -1.599396543608054512e-03 3.410006978408286482e-02 2.796909684872500179e+01
3.410771230200082549e-02 4.061454145533917315e-03 -9.994099101728716184e-01 -1.066845080713966354e+02 1.562973199617060131e-03 9.999903030331093179e-01 4.117153692486475412e-03 2.671653793761730178e-01 9.994169405589946598e-01 -1.702477598678340176e-03 3.410103361666294575e-02 2.799185177523041901e+01
3.385824322343200521e-02 4.030094276428942794e-03 -9.994185197933574960e-01 -1.073441925798887553e+02 1.616417298399853422e-03 9.999903411083775895e-01 4.087161003449750647e-03 2.720025400842719376e-01 9.994253381623562360e-01 -1.753861475083287602e-03 3.385140187622759367e-02 2.800925231969702622e+01
3.384137648478990901e-02 4.059568102959693232e-03 -9.994189717753172442e-01 -1.079769224954992239e+02 1.480418958360627457e-03 9.999904497884521959e-01 4.112017947038251568e-03 2.726277214606921406e-01 9.994261201296084085e-01 -1.618715140619399325e-03 3.383504343090304456e-02 2.803145448435771314e+01
3.361173128519168163e-02 4.074418158267902046e-03 -9.994266609595142681e-01 -1.086423364177741462e+02 1.484849281329057814e-03 9.999903829313293580e-01 4.126653300795620274e-03 2.744031695648246338e-01 9.994338631158262709e-01 -1.622701921120326980e-03 3.360535814198961635e-02 2.805674666306505927e+01
3.395008960694778644e-02 4.146961653712100300e-03 -9.994149259065140400e-01 -1.093002920562812932e+02 1.393303417501621415e-03 9.999902232466201246e-01 4.196679254074812439e-03 2.729836392976896509e-01 9.994225583411989744e-01 -1.534965868495135298e-03 3.394397970945017828e-02 2.806910843899586183e+01
3.408531862926122979e-02 4.205851045230430546e-03 -9.994100769308500443e-01 -1.099590294709094849e+02 1.382577312350299556e-03 9.999899897841642016e-01 4.255444917100838567e-03 2.719935061141904309e-01 9.994179703877239529e-01 -1.526809894007513701e-03 3.407916251363063420e-02 2.809403976440114548e+01
3.403445823329698250e-02 4.184991276939895380e-03 -9.994118978183009760e-01 -1.106230642422358699e+02 1.644692027490484180e-03 9.999896441350522025e-01 4.243419704237612680e-03 2.773818827487506966e-01 9.994193067181066370e-01 -1.788147271211119015e-03 3.402722275525560391e-02 2.811734641165663717e+01
3.401915621301643267e-02 4.290491579308932865e-03 -9.994119714574976054e-01 -1.112932632274653173e+02 1.469719841187701933e-03 9.999894890867514485e-01 4.342998918515026015e-03 2.737443297455972591e-01 9.994201003252549675e-01 -1.616600762613525435e-03 3.401249282001406193e-02 2.813269067776707644e+01
3.394461318845831688e-02 4.147352027877918706e-03 -9.994151103053441343e-01 -1.119612636331077482e+02 1.538341575840327172e-03 9.999899883567273662e-01 4.201986614480405363e-03 2.839806926960694033e-01 9.994225316354852229e-01 -1.680076625957374874e-03 3.393789330304597396e-02 2.816817475426925554e+01
3.438695596922758391e-02 4.125135735968336013e-03 -9.994000803053454396e-01 -1.126384655644599349e+02 1.606668214973830952e-03 9.999899611322683457e-01 4.182852128813674929e-03 2.900797888533591107e-01 9.994073022929229611e-01 -1.749539895048198576e-03 3.437998303865541505e-02 2.818761167501480713e+01
3.462042491214356588e-02 4.209735374879139055e-03 -9.993916671190413714e-01 -1.132997719170804203e+02 1.593658777570696817e-03 9.999896244608542650e-01 4.267460877419368762e-03 2.873511407859730693e-01 9.993992627726938638e-01 -1.740430611407480259e-03 3.461335682483823728e-02 2.821531920735817067e+01
3.547381013109707215e-02 4.180577604757817166e-03 -9.993618621728936890e-01 -1.139586089719331596e+02 1.632332092912303296e-03 9.999896740333388268e-01 4.241145910623560049e-03 2.916383827814111318e-01 9.993692732352348340e-01 -1.781740044829155552e-03 3.546661973872522466e-02 2.822998690367932184e+01
3.604423485784347125e-02 4.129229347991739477e-03 -9.993416645965005340e-01 -1.146142712229704586e+02 1.692862228896353533e-03 9.999897765769104607e-01 4.192965434484564533e-03 2.977557069814741331e-01 9.993487616197795909e-01 -1.842879988629206236e-03 3.603687614598294342e-02 2.825979662454886565e+01
3.636553691000687927e-02 4.118568177873315438e-03 -9.993300681563681565e-01 -1.152783766508980534e+02 1.450546310827711483e-03 9.999902364622951234e-01 4.174074206712459489e-03 2.990772004089021219e-01 9.993375023687680603e-01 -1.601366993292735073e-03 3.635920767983980006e-02 2.828490881260989909e+01
3.705002531114298669e-02 4.055192919726295121e-03 -9.993051841328690621e-01 -1.159439735898718880e+02 1.489400442197321177e-03 9.999904316134839988e-01 4.113194354857228376e-03 3.058647052479679385e-01 9.993123021912451165e-01 -1.640759538094681324e-03 3.704363099605256782e-02 2.830054890758908570e+01
3.761133337931599208e-02 4.213845695066671670e-03 -9.992835589090256487e-01 -1.166032933740655864e+02 1.535117530881652996e-03 9.999896855404103446e-01 4.274602549670122528e-03 3.006733364526890107e-01 9.992912643546907336e-01 -1.694791211162771042e-03 3.760447669033883944e-02 2.832336683769402441e+01
3.836978054449113884e-02 4.171815711393710158e-03 -9.992549003605825098e-01 -1.172585335149284447e+02 1.545863721975753889e-03 9.999898406953939833e-01 4.234242713129796575e-03 3.045943950462473016e-01 9.992624131059472115e-01 -1.707178863148822332e-03 3.836294167563991664e-02 2.834565436640318836e+01
3.916623007047448368e-02 4.125495850308972395e-03 -9.992241924143228093e-01 -1.179270196823106858e+02 1.391774539484941014e-03 9.999902818045843800e-01 4.183211687113164157e-03 3.103112748546922317e-01 9.992317395808130165e-01 -1.554535421610627821e-03 3.916010768530975295e-02 2.837598091724610327e+01
3.990359374909646650e-02 4.064475424044229103e-03 -9.991952678257812748e-01 -1.185786380501661199e+02 1.446352108968838651e-03 9.999904442311049468e-01 4.125471131183914772e-03 3.171383544113916542e-01 9.992024876227462160e-01 -1.609809306933891303e-03 3.989733377697513017e-02 2.840754450290390309e+01
4.069900718626473513e-02 4.252522144591612888e-03 -9.991624026500708355e-01 -1.192448491970923214e+02 1.499925160132009258e-03 9.999895562121922099e-01 4.317139221394874875e-03 3.104773208722222955e-01 9.991703263400922852e-01 -1.674372106988446240e-03 4.069220366951109558e-02 2.843083346268086231e+01
4.145191802877157272e-02 4.252210910375238059e-03 -9.991314514087272780e-01 -1.199057867048189507e+02 1.559727875442539109e-03 9.999894498959440714e-01 4.320572388208971867e-03 3.114581490545895726e-01 9.991392824529976568e-01 -1.737469188466967459e-03 4.144484841483386806e-02 2.845333561579057147e+01
4.176652649415812935e-02 4.124947439949800884e-03 -9.991188828529018462e-01 -1.205684742637275519e+02 1.520230841290369419e-03 9.999900575697746596e-01 4.192094916370764368e-03 3.212340976242385460e-01 9.991262413543156029e-01 -1.693980583219186365e-03 4.175984036106583641e-02 2.848582726585417646e+01
4.210568534029812682e-02 4.285039630634052826e-03 -9.991039734168751796e-01 -1.212211206791839828e+02 1.439677404380384964e-03 9.999895044884485884e-01 4.349510537796936332e-03 3.161855439330201190e-01 9.991121251346093413e-01 -1.621526537243724638e-03 4.209907434485815614e-02 2.851197802763125821e+01
4.236068209268573082e-02 4.122908803925382643e-03 -9.990938765879996408e-01 -1.218861391170261896e+02 1.284818811644039809e-03 9.999904338439234985e-01 4.181083742629761874e-03 3.275676736199962247e-01 9.991015573270135564e-01 -1.460768166463067164e-03 4.235497967299939326e-02 2.854511169058789477e+01
4.295279778802152393e-02 4.164454958704367354e-03 -9.990684233209848886e-01 -1.225389614990569385e+02 1.350484829892209743e-03 9.999901569949056768e-01 4.226358246546791167e-03 3.276535934787969118e-01 9.990761899639616361e-01 -1.530760660862980375e-03 4.294675097016753540e-02 2.856979632634326194e+01
4.309239948689613797e-02 4.320214148900977658e-03 -9.990617502718087684e-01 -1.231984581752367376e+02 1.406401368004223280e-03 9.999893973414381021e-01 4.384887672401179513e-03 3.230881972546125191e-01 9.990701012149519888e-01 -1.594037143587244930e-03 4.308586663780866743e-02 2.859946989501688819e+01
4.317925715461390368e-02 4.310762842834000609e-03 -9.990580408941661661e-01 -1.238543200122784214e+02 1.306819155844896746e-03 9.999895920875413458e-01 4.371263008171048271e-03 3.272255832986877278e-01 9.990664862636872146e-01 -1.494336075161640555e-03 4.317317436122614094e-02 2.863265537191960064e+01
4.341335153285830195e-02 4.329298693833612613e-03 -9.990478157132944848e-01 -1.245175538679989415e+02 1.350596419967258800e-03 9.999894427540326758e-01 4.392068964575692597e-03 3.286189738973645524e-01 9.990562830982023801e-01 -1.539984837194168258e-03 4.340704607211109956e-02 2.866709265283372687e+01
4.376625003719358808e-02 4.299389840552916148e-03 -9.990325473199965778e-01 -1.251790126675409738e+02 1.354949083783699203e-03 9.999895646983240072e-01 4.362866882769685442e-03 3.321543663213485931e-01 9.990408797795327089e-01 -1.544584557531614947e-03 4.375996786884595036e-02 2.868755557579664739e+01
4.378683253957837973e-02 4.256586778000765077e-03 -9.990318287047477153e-01 -1.258224297177000182e+02 1.376993602687276788e-03 9.999897162815690743e-01 4.321020680939278991e-03 3.365934317960307953e-01 9.990399477422158281e-01 -1.564864245963752416e-03 4.378052095535900357e-02 2.871496277560456534e+01
4.425950505826803383e-02 4.252832832550637598e-03 -9.990110157675418101e-01 -1.264704533885382602e+02 1.527250165307605457e-03 9.999894823541078948e-01 4.324660460183395866e-03 3.387371870603997359e-01 9.990189005814302803e-01 -1.717147070487875550e-03 4.425254441281989415e-02 2.872806824077632726e+01
4.417658868960094853e-02 4.370389094071619115e-03 -9.990141784333776975e-01 -1.271319116914616671e+02 1.368450441038258653e-03 9.999892282570895796e-01 4.435167773682614778e-03 3.376111539732981059e-01 9.990228007183523662e-01 -1.563031975587979858e-03 4.417013216986165336e-02 2.876968829752955159e+01
4.449543496157926104e-02 4.281629499105345932e-03 -9.990004123704918637e-01 -1.277837448860860832e+02 1.458749544856820322e-03 9.999894710600510939e-01 4.350841160585954513e-03 3.447643291887709793e-01 9.990085226450000633e-01 -1.650883966746245898e-03 4.448872064673348170e-02 2.879158147388352518e+01
4.458357847668092955e-02 4.332687403640201988e-03 -9.989962624304837835e-01 -1.284366275236673403e+02 1.525099669525054784e-03 9.999891347161933286e-01 4.405056249015915602e-03 3.450070862884462297e-01 9.990044937842930128e-01 -1.719962040661691038e-03 4.457648628332022689e-02 2.881726518519370117e+01
4.457049008565361348e-02 4.278125482340710585e-03 -9.989970816052879954e-01 -1.290761929566102424e+02 1.450481433784907076e-03 9.999894994052722641e-01 4.347089003367690836e-03 3.506228070744181191e-01 9.990051889340392233e-01 -1.642778606599830599e-03 4.456381672741693833e-02 2.884663500240763412e+01
4.503138781150695102e-02 4.249902328876830997e-03 -9.989765324780982558e-01 -1.297326490714040972e+02 1.540148439266765838e-03 9.999894669944873193e-01 4.323637689039284797e-03 3.548634493811785307e-01 9.989843852906584720e-01 -1.733271552891845141e-03 4.502436801521203513e-02 2.886195050404362661e+01
4.506751191884139640e-02 4.305723366732028441e-03 -9.989746644013222099e-01 -1.303857698948239658e+02 1.572859202611082662e-03 9.999891661828661515e-01 4.381053620409500887e-03 3.554627421803948084e-01 9.989827052974309396e-01 -1.768689680333825889e-03 4.506025136903735184e-02 2.889665002672155580e+01
4.523020998943527715e-02 4.358598289756299669e-03 -9.989670819027324233e-01 -1.310554776761175049e+02 1.466156254194392458e-03 9.999891151614354046e-01 4.429440651782083800e-03 3.553526369908150406e-01 9.989755144597639580e-01 -1.664986365681858302e-03 4.522332727975930666e-02 2.892009580980507621e+01
4.502945591992169039e-02 4.414569264941932240e-03 -9.989759054540611194e-01 -1.317000306180108851e+02 1.581621689958855959e-03 9.999886676075282477e-01 4.490337331450988678e-03 3.560543350704614696e-01 9.989844075722033034e-01 -1.782199406744581962e-03 4.502196344995323951e-02 2.895812883152313333e+01
4.508958871788459888e-02 4.349882209942661573e-03 -9.989734768821501021e-01 -1.323504264328720410e+02 1.424606856955661733e-03 9.999892231497783390e-01 4.418606070458410209e-03 3.620836806929024765e-01 9.989819315105530340e-01 -1.622377595506467422e-03 4.508290592211727787e-02 2.897775473264923818e+01
4.487119612591938811e-02 4.404240742871982049e-03 -9.989830721397174873e-01 -1.329983620949978160e+02 1.474376571367890182e-03 9.999889006822780813e-01 4.474899549125433557e-03 3.624794004047125484e-01 9.989916926441155809e-01 -1.673671332068514235e-03 4.486420457689110908e-02 2.900834085385283245e+01
4.512680080522279980e-02 4.289061465007015794e-03 -9.989720595696536254e-01 -1.336533055055057844e+02 1.632906384230828085e-03 9.999891305667539809e-01 4.367191899595170360e-03 3.710122499896298387e-01 9.989799324640242784e-01 -1.828305252670720188e-03 4.511930666662522516e-02 2.901953730391400654e+01
4.469131141661619733e-02 4.332306447790524456e-03 -9.989914503161206882e-01 -1.342915324940131541e+02 1.655614171772659378e-03 9.999889022793275739e-01 4.410698346022725452e-03 3.702236298303151485e-01 9.989994722849347975e-01 -1.851064295969948774e-03 4.468364281697423390e-02 2.905172217108221844e+01
4.412206786909567136e-02 4.272183179439415293e-03 -9.990170126568597153e-01 -1.349550286085570860e+02 1.556197486402349436e-03 9.999893492448942434e-01 4.345071478844107424e-03 3.745236577945901812e-01 9.990249353125967291e-01 -1.746381302655420232e-03 4.411494957503070413e-02 2.909100205702175757e+01
4.444575560158969818e-02 4.451763448389783710e-03 -9.990018801840182538e-01 -1.355870145932099149e+02 1.634207031831541243e-03 9.999884093039516086e-01 4.528865766357281428e-03 3.715687130208658595e-01 9.990104624959544877e-01 -1.833864758413576018e-03 4.443796534121446928e-02 2.910058997795198721e+01
4.442526541288482900e-02 4.440579567142118045e-03 -9.990028413603752044e-01 -1.362281619063528524e+02 1.496816290241407502e-03 9.999887027797209615e-01 4.511524567605353607e-03 3.753721668452079108e-01 9.990115891890286592e-01 -1.695749403278281296e-03 4.441811679904128507e-02 2.911867079790607704e+01
4.347819093573501714e-02 4.402527352951057099e-03 -9.990446760109693569e-01 -1.368789422213801572e+02 1.257905433053270895e-03 9.999892565842688485e-01 4.461433621931324908e-03 3.784737410925161361e-01 9.990535844422349099e-01 -1.450678788678582028e-03 4.347218586837808818e-02 2.915894574673075468e+01
4.275374714633539686e-02 4.157898496573032843e-03 -9.990769885174215492e-01 -1.375318016105868537e+02 1.169127159603528584e-03 9.999904471869649480e-01 4.211730819817901400e-03 3.883581362024490224e-01 9.990849564709862740e-01 -1.348115316329543279e-03 4.274847761572309057e-02 2.919554859178492023e+01
4.178584200027435358e-02 4.316473858776429667e-03 -9.991172661213273409e-01 -1.381851896345264095e+02 1.315070218571369985e-03 9.999895638681010057e-01 4.375242302466181114e-03 3.869319909004778069e-01 9.991257248207799924e-01 -1.496732545100372576e-03 4.177972945149477368e-02 2.922526180893320458e+01
4.135891410953451697e-02 4.125604758967957655e-03 -9.991358364151758931e-01 -1.388440397909134560e+02 1.116219186371028311e-03 9.999906602516193121e-01 4.175340017111171462e-03 3.958984613934192209e-01 9.991437305405104219e-01 -1.287942119543287632e-03 4.135392274849603034e-02 2.924316701645205541e+01
4.061667735666318890e-02 4.259139348840990276e-03 -9.991657246185501329e-01 -1.395035519762892307e+02 1.188109123323531418e-03 9.999900020019989455e-01 4.310950330632334904e-03 3.935882347779344204e-01 9.991740958998167610e-01 -1.362214391811361180e-03 4.061121094888631156e-02 2.927232016170464490e+01
4.057797667215012893e-02 4.412826922826545983e-03 -9.991666301312031040e-01 -1.401587689296971178e+02 1.239022102638314294e-03 9.999892562970758014e-01 4.466779001732788107e-03 3.906881358101552681e-01 9.991756065043945201e-01 -1.419242393083166307e-03 4.057207312433097623e-02 2.929314973687259638e+01
4.016432385889068257e-02 4.250417237372026806e-03 -9.991840476320000830e-01 -1.408065277572459877e+02 1.287971241248688512e-03 9.999899013409239146e-01 4.305617987104147851e-03 4.009108965135199654e-01 9.991922578858588588e-01 -1.459852553311193069e-03 4.015844383791200567e-02 2.932199749796302868e+01
3.975650046479051181e-02 4.056925772938176425e-03 -9.992011619409107981e-01 -1.414574349138023024e+02 1.176865821440728835e-03 9.999908739013725345e-01 4.106957609656213155e-03 4.080281075115883005e-01 9.992087047547332235e-01 -1.339203958349293117e-03 3.975136318576388827e-02 2.934343983787008980e+01
3.939126458381658757e-02 4.119245913247832069e-03 -9.992153722234230484e-01 -1.420869362427526710e+02 1.156192022698878915e-03 9.999906453642588566e-01 4.168021590591966009e-03 4.106905395574290685e-01 9.992231940334924678e-01 -1.319468483588880818e-03 3.938613345362063090e-02 2.937200448183956780e+01
3.935239547345514843e-02 4.214680626570252442e-03 -9.992165057872677281e-01 -1.427338442948375530e+02 1.207558400004180455e-03 9.999901736014552567e-01 4.265501522910535720e-03 4.106183130496655065e-01 9.992246648142806276e-01 -1.374469987808442156e-03 3.934691930813960514e-02 2.939186922823862957e+01
3.898066732021054914e-02 4.317144357164371185e-03 -9.992306389617319207e-01 -1.433764009823226502e+02 1.190156443891929230e-03 9.999897570091669241e-01 4.366852915585753107e-03 4.092172373967380983e-01 9.992392561858799427e-01 -1.359463624633295816e-03 3.897512996441665489e-02 2.941885668218818140e+01
3.906702997883337858e-02 4.351403968425176204e-03 -9.992271175524297666e-01 -1.440085566243731137e+02 1.323446119001836637e-03 9.999894157147740659e-01 4.406466701900560619e-03 4.135371138471417019e-01 9.992357157643053656e-01 -1.494570817470036077e-03 3.906085763355093832e-02 2.943559164190033073e+01
3.877617565881208428e-02 4.332861327255081892e-03 -9.992385273366896081e-01 -1.446560291151580770e+02 1.140534937584156486e-03 9.999897556815752209e-01 4.380378061277358931e-03 4.145043855566637458e-01 9.992472703897335995e-01 -1.309520760563733519e-03 3.877083664359792792e-02 2.946742104124547268e+01
3.859555956484261863e-02 4.444550598002583452e-03 -9.992450293856151022e-01 -1.453033452984070948e+02 1.161112804772678787e-03 9.999892336361521084e-01 4.492708407598548434e-03 4.126070664780553399e-01 9.992542392198952017e-01 -1.333634793678028889e-03 3.858998340639463454e-02 2.949888384695309185e+01
3.915429066081321796e-02 4.505722782458513112e-03 -9.992230181421245527e-01 -1.459508943585797169e+02 1.240240915351391348e-03 9.999888441844537734e-01 4.557774578895439944e-03 4.135809994174509119e-01 9.992324070632020439e-01 -1.417733701289306805e-03 3.914826568102069970e-02 2.951219151634661486e+01
3.935757907030723590e-02 4.192673084386421521e-03 -9.992163942120506626e-01 -1.465933664015097406e+02 1.101537159622623585e-03 9.999904073930258042e-01 4.239308648373850928e-03 4.265159283634152310e-01 9.992245831571653358e-01 -1.267522914060513787e-03 3.935258314331913088e-02 2.954257438009161874e+01
4.023713558431685211e-02 4.207836691674065634e-03 -9.991812983790008262e-01 -1.472353232143999548e+02 1.117458477067794333e-03 9.999903177904522211e-01 4.256243872526901256e-03 4.265332391317617766e-01 9.991895336754291757e-01 -1.287802673780002495e-03 4.023204391715728967e-02 2.955939919434166896e+01
4.109586301599221780e-02 4.050555527086413532e-03 -9.991469977149975978e-01 -1.478636118478092953e+02 1.262122064837572014e-03 9.999907743212615996e-01 4.105888485708710477e-03 4.399576817200900325e-01 9.991544110350836227e-01 -1.429780502599939168e-03 4.109037158325690164e-02 2.958686876124745879e+01
4.139572529867785455e-02 4.179239679417206046e-03 -9.991340890404545316e-01 -1.485025545337810229e+02 1.258638591999148779e-03 9.999902403887640512e-01 4.234968254492278358e-03 4.361779013503247482e-01 9.991420368275432118e-01 -1.432858305559814608e-03 4.139006114014642801e-02 2.960816753194853135e+01
4.164421640763826815e-02 4.390940979803189398e-03 -9.991228547466552978e-01 -1.491336500877924323e+02 1.540074667321806321e-03 9.999888729570042267e-01 4.458938461050054002e-03 4.342185156781013244e-01 9.991313163993076341e-01 -1.724412796357879633e-03 4.163699065368309249e-02 2.963378595090259537e+01
4.183080313305664877e-02 4.457001822603901160e-03 -9.991147677038892949e-01 -1.497677351239553047e+02 1.340794985036057249e-03 9.999888992588794601e-01 4.517037505123605926e-03 4.305672513643018506e-01 9.991238092338964316e-01 -1.528559376634299350e-03 4.182436285444823820e-02 2.964899448072956645e+01
4.149386903409979510e-02 4.605743338058720590e-03 -9.991281429130522973e-01 -1.504030389494647864e+02 1.594883546130006083e-03 9.999877958830440949e-01 4.675941770987302078e-03 4.275810669466610925e-01 9.991374856240031743e-01 -1.787515951063880148e-03 4.148601701380161266e-02 2.967945226744491194e+01
4.056540006339259818e-02 4.408402222360439590e-03 -9.991671603428243786e-01 -1.510352946212788652e+02 1.459381023350747163e-03 9.999889388802365442e-01 4.471277692933560421e-03 4.415693428073962923e-01 9.991758196257184421e-01 -1.639544761367944760e-03 4.055851782609765088e-02 2.970698661418970232e+01
4.074519007430987827e-02 4.345837172144540773e-03 -9.991601188924036370e-01 -1.516553552065872452e+02 1.370003757749629382e-03 9.999893581016443544e-01 4.405311925958796046e-03 4.449957338752486002e-01 9.991686307003001533e-01 -1.548348389235975871e-03 4.073880265488227792e-02 2.972625573273136368e+01
4.042760890123997530e-02 4.206118053342028720e-03 -9.991736170503353609e-01 -1.522797009868409930e+02 1.464951675333380941e-03 9.999898154627656632e-01 4.268827395540433951e-03 4.527263242068628735e-01 9.991813961214037754e-01 -1.636319548660610662e-03 4.042103540506292170e-02 2.976318803472362973e+01
4.000577319921916342e-02 4.421281604987642444e-03 -9.991896668699602468e-01 -1.529068045875876010e+02 1.330827441098502480e-03 9.999890876868549050e-01 4.478102894489281553e-03 4.467595525659651678e-01 9.991985623533765626e-01 -1.508898996292319531e-03 3.999945268080962180e-02 2.979704612354656845e+01
4.063066468351439475e-02 4.667109384672064182e-03 -9.991633335833375318e-01 -1.535450803954971661e+02 1.307278136874192578e-03 9.999879867782246468e-01 4.724121411012233325e-03 4.409174448033998939e-01 9.991733784039930066e-01 -1.498128574134882478e-03 4.062407536826762033e-02 2.980843786028317766e+01
4.026835398016814782e-02 4.035653558966959681e-03 -9.991807509995773717e-01 -1.541733112603893971e+02 1.550067351572600050e-03 9.999903878851218453e-01 4.101393491125513574e-03 4.659693405752442508e-01 9.991876985626539920e-01 -1.713953825356836309e-03 4.026171138129974736e-02 2.983122311169009322e+01
4.012620974587011169e-02 3.934638572815554389e-03 -9.991868723670920271e-01 -1.548019168160487595e+02 1.543686153044743388e-03 9.999908092861531372e-01 3.999797030528754252e-03 4.693416424506052231e-01 9.991934268821482945e-01 -1.702927633765070285e-03 4.011976711027642750e-02 2.984695638575409049e+01
3.953730147519640692e-02 4.062437939825905807e-03 -9.992098370162516563e-01 -1.554368597382453459e+02 1.389258608676205778e-03 9.999905453334361205e-01 4.120582999425599809e-03 4.689156206207372168e-01 9.992171294331264608e-01 -1.551077600250635319e-03 3.953128388631399481e-02 2.988687242261294230e+01
3.928700765508441606e-02 4.211354299736840001e-03 -9.992190928542508122e-01 -1.560644052059472813e+02 1.478561307991650611e-03 9.999897787390423787e-01 4.272736113974441065e-03 4.695346849615240070e-01 9.992268735807541269e-01 -1.645269705318681700e-03 3.928037934680506105e-02 2.990705607888454054e+01
3.866031723816565346e-02 4.138705157714819838e-03 -9.992438396060606687e-01 -1.566898399947844496e+02 1.408151965427174466e-03 9.999902041345535286e-01 4.196277275896956316e-03 4.724359150410893937e-01 9.992514183022646046e-01 -1.569316587387753741e-03 3.865411060109769092e-02 2.994505429649016293e+01
3.872226271495626815e-02 4.291619364973753466e-03 -9.992407959913669480e-01 -1.573197690417442516e+02 1.581102504307861124e-03 9.999892621773583956e-01 4.356104320739581995e-03 4.701400261467895136e-01 9.992487610625822025e-01 -1.748580340869965947e-03 3.871506143204150874e-02 2.995524403000727176e+01
3.778815304060045843e-02 4.411017660055123989e-03 -9.992760371453840440e-01 -1.579564267699254287e+02 1.229931326344561914e-03 9.999892947591377812e-01 4.460676636429190822e-03 4.693288878530121888e-01 9.992850157781375531e-01 -1.397601633152576860e-03 3.778232326051933487e-02 2.998370407988360142e+01
3.781195426663208625e-02 4.071013997118469452e-03 -9.992765798114022768e-01 -1.585879994113676048e+02 1.555667172954750726e-03 9.999902499386685850e-01 4.132786861931275757e-03 4.855384379184918275e-01 9.992836614366240600e-01 -1.710810519732180145e-03 3.780525245492294406e-02 2.999885594807923894e+01
3.709199803678564500e-02 4.094182286454828637e-03 -9.993034680981772722e-01 -1.592131132117948198e+02 1.320745750992299069e-03 9.999905330276862570e-01 4.146020461264256218e-03 4.833302245856810897e-01 9.993109822834435052e-01 -1.473609992252223385e-03 3.708623951400846774e-02 3.004447434891095980e+01
3.760986809154520660e-02 4.582711951010560829e-03 -9.992819905178472739e-01 -1.598328071686372311e+02 1.269769591031204249e-03 9.999884579935465201e-01 4.633741994835129455e-03 4.713797299934118223e-01 9.992916919034814383e-01 -1.443132309620698186e-03 3.760361500992515094e-02 3.004555280071889811e+01
3.651344979536386148e-02 4.349501625923701299e-03 -9.993236962164200321e-01 -1.604584676964857977e+02 1.366210159854992388e-03 9.999893764775996674e-01 4.402317769141321155e-03 4.825775940786477536e-01 9.993322277670428910e-01 -1.526029995601497439e-03 3.650711956060048724e-02 3.008235115976321339e+01
3.545681613062134918e-02 4.463306938876144582e-03 -9.993612425349748252e-01 -1.610794420545259698e+02 1.700633362667610358e-03 9.999883095021018242e-01 4.526445105642719000e-03 4.838943334890267178e-01 9.993697624183178752e-01 -1.860040402248060686e-03 3.544881117409881544e-02 3.010864189555195836e+01
3.465637429110601797e-02 4.287586692253361753e-03 -9.993900901656727065e-01 -1.617018484625405392e+02 1.303488436651166612e-03 9.999897527284296039e-01 4.335361118714521102e-03 4.888877873482613823e-01 9.993984373806528154e-01 -1.452941323852000033e-03 3.465043033815251583e-02 3.011311087846230805e+01
3.365027976218171180e-02 4.300329057190156561e-03 -9.994244172732259512e-01 -1.623022220932285791e+02 9.991784648006023922e-04 9.999900985677021570e-01 4.336405072502054481e-03 4.865472275779475497e-01 9.994331695087584899e-01 -1.144524598787137123e-03 3.364564978002937412e-02 3.012287629637289399e+01
3.112810000258570131e-02 4.367178023439234266e-03 -9.995058624872298347e-01 -1.629254661070149837e+02 1.385330986030044011e-03 9.999893055832219657e-01 4.412434389841790594e-03 4.909116456920648019e-01 9.995144432414614366e-01 -1.521997140964087818e-03 3.112171711867328661e-02 3.016099957933964149e+01
2.935966433593428793e-02 4.492962298548201436e-03 -9.995588143775558931e-01 -1.635224980187448409e+02 1.298435369827196772e-03 9.999888827728963259e-01 4.533033885262221716e-03 4.883114503231424930e-01 9.995680688055575969e-01 -1.430950872105070945e-03 2.935350411671444615e-02 3.017127426239470722e+01
2.808884582459980628e-02 4.220868791015352194e-03 -9.995965191050292242e-01 -1.641569890137816969e+02 1.247228354209834822e-03 9.999901586757637961e-01 4.257578308532825734e-03 5.010571149873548347e-01 9.996046524309870618e-01 -1.366315582091783736e-03 2.808330500592504109e-02 3.017829741125817122e+01
2.588993015962126609e-02 4.552932405198838878e-03 -9.996544314526115693e-01 -1.647620725380473061e+02 1.401988218237492159e-03 9.999884795922346914e-01 4.590763754177719716e-03 4.937323254302198317e-01 9.996638164629979562e-01 -1.520358288180443133e-03 2.588324873947833726e-02 3.020487224049284691e+01
2.377883588406248805e-02 4.508071010977110493e-03 -9.997070792285907004e-01 -1.653770509242788478e+02 1.521205209088521320e-03 9.999885120108359393e-01 4.545523189478205793e-03 4.976061350286908880e-01 9.997160861458174175e-01 -1.628846866415006563e-03 2.377170501194869612e-02 3.021763631480040502e+01
2.158352203518965062e-02 4.687138719982061365e-03 -9.997560614005679414e-01 -1.659866738397659276e+02 1.502849716276505451e-03 9.999877282855946792e-01 4.720669544238147858e-03 4.981195021961456471e-01 9.997659191127125089e-01 -1.604371788350473062e-03 2.157621310327595410e-02 3.023112462558232849e+01
1.882476990032400099e-02 4.963585874014343063e-03 -9.998104774673404194e-01 -1.665953963733657304e+02 1.721615203242660456e-03 9.999860335552229751e-01 4.996872580371089154e-03 4.927704281029826050e-01 9.998213160756734830e-01 -1.815353894915800338e-03 1.881596160031140386e-02 3.024954228438812009e+01
1.627768230203741062e-02 4.626275724872259444e-03 -9.998568070637875449e-01 -1.672054784428099481e+02 1.940337770158132025e-03 9.999872668011797749e-01 4.658468079087433461e-03 5.059418832258145704e-01 9.998656270460607454e-01 -2.015888990901147995e-03 1.626849849754818944e-02 3.026048113779093640e+01
1.291287091078230365e-02 4.079238658264278811e-03 -9.999083045843806250e-01 -1.678217121243076519e+02 1.694681348143824932e-03 9.999901530011368056e-01 4.101457776364788622e-03 5.211984131658915498e-01 9.999151893135587166e-01 -1.747487548445487418e-03 1.290583074808837605e-02 3.026792531543993192e+01
1.020512761822056635e-02 5.021805685378531552e-03 -9.999353163269882883e-01 -1.684352647234046856e+02 2.276670261491716037e-03 9.999846807993144626e-01 5.045288813704439101e-03 5.027979952866235003e-01 9.999453345772538748e-01 -2.328010814311600504e-03 1.019353828815960927e-02 3.025515972440108570e+01
5.588570403170955991e-03 4.720245400698485326e-03 -9.999732432241403846e-01 -1.690390201866628956e+02 1.953464102068580392e-03 9.999868996476504179e-01 4.731227227871514368e-03 5.118461743422937360e-01 9.999824757758761784e-01 -1.979852630123810596e-03 5.579276360986318295e-03 3.027156515799533310e+01
1.200537034330206865e-03 4.681776599221735939e-03 -9.999883197711383342e-01 -1.696242527854996638e+02 1.821359152298374258e-03 9.999873715106865069e-01 4.683958794281831498e-03 5.151839613588331535e-01 9.999976206780032406e-01 -1.826961144406447947e-03 1.191994676703056477e-03 3.029262654414916511e+01
-3.216380252967887543e-03 4.746299019551784501e-03 -9.999835636367657710e-01 -1.702254691035162466e+02 2.040973644526042959e-03 9.999866845135088056e-01 4.739749177183340614e-03 5.193862797470111259e-01 9.999927446360052929e-01 -2.025695262684357005e-03 -3.226024496508106409e-03 3.028686262593237544e+01
-8.096466361382503862e-03 4.783924325479189769e-03 -9.999557796725352388e-01 -1.708215886137886912e+02 1.846071110405272291e-03 9.999869236437879394e-01 4.769126008848335527e-03 5.188002006111664954e-01 9.999655190324888698e-01 -1.807376408232411495e-03 -8.105191953595936027e-03 3.026802810712664282e+01
-1.339695972883103714e-02 5.244014124033176925e-03 -9.998965055373938426e-01 -1.714199919836853496e+02 1.803158648601813768e-03 9.999847483353493383e-01 5.220317574250303919e-03 5.089215034754283051e-01 9.999086308702973547e-01 -1.733035647352543056e-03 -1.340621119231499847e-02 3.025432145830018982e+01
-1.756024493885544047e-02 5.593827734252263158e-03 -9.998301590215046275e-01 -1.720101154417528448e+02 1.846592911321430627e-03 9.999828255887576178e-01 5.562249737667259754e-03 5.019330535906649793e-01 9.998441017940284947e-01 -1.748604816369967244e-03 -1.757027287462853415e-02 3.022110442142097142e+01
-2.336080537463125495e-02 5.587846062498138221e-03 -9.997114827532145309e-01 -1.726080443095805492e+02 1.935212043958487197e-03 9.999827585777800731e-01 5.544141188518821040e-03 5.053644788256798082e-01 9.997252261129523365e-01 -1.805138098633153696e-03 -2.337121626812233011e-02 3.021528610629842504e+01
-2.867896984335760457e-02 5.750367041019362538e-03 -9.995721334489160448e-01 -1.732074393003404680e+02 2.203541343607751460e-03 9.999813868297769970e-01 5.689499059056659508e-03 5.076847086495775985e-01 9.995862449505150682e-01 -2.039429550034394922e-03 -2.869110720832601658e-02 3.020315592544573491e+01
-3.430694022062130699e-02 5.662560073584040413e-03 -9.993953018031015434e-01 -1.738073730496898293e+02 2.077715136019440446e-03 9.999821918282003619e-01 5.594562206453206066e-03 5.103158005042155443e-01 9.994091839444506631e-01 -1.884526434245683765e-03 -3.431809446350952975e-02 3.018185312872549275e+01
-4.048012815992607649e-02 5.709232871971408121e-03 -9.991640325212722828e-01 -1.743887011566226590e+02 1.836366653974807984e-03 9.999824116844818755e-01 5.639510546093252571e-03 5.090649398630874289e-01 9.991786561880056095e-01 -1.606543401507956863e-03 -4.048990042752564911e-02 3.016013891383743228e+01
-4.685767438334043078e-02 6.247904521161438962e-03 -9.988820360985972702e-01 -1.749796781598697919e+02 2.086468521241599105e-03 9.999788694625888485e-01 6.156888616219676966e-03 5.001132733558230070e-01 9.988993968365857956e-01 -1.795638442760122411e-03 -4.686972031160618890e-02 3.013127404238127838e+01
-5.252396825351213216e-02 6.012174254657574012e-03 -9.986015654502230499e-01 -1.755598168722342791e+02 1.864785232858667992e-03 9.999807237237867685e-01 5.922394523074190828e-03 5.079683952030703553e-01 9.986179225984980201e-01 -1.551109790846402856e-03 -5.253416720075954061e-02 3.008951919242647932e+01
-5.966734862423628272e-02 5.954499379396000110e-03 -9.982005567245968436e-01 -1.761500003601425419e+02 1.852031523155868963e-03 9.999811477185495123e-01 5.854416002449608532e-03 5.151547407025229841e-01 9.982165984832107597e-01 -1.499381416876223796e-03 -5.967725167914195161e-02 3.004077039699183516e+01
-6.710214715521001239e-02 6.156644401506116727e-03 -9.977271157871147045e-01 -1.767453242880148991e+02 1.720371051694255700e-03 9.999801893987584345e-01 6.054843802095812369e-03 5.077832406575547575e-01 9.977446277332721047e-01 -1.310167827680511470e-03 -6.711140953413430310e-02 3.001822198394968666e+01
-7.542021101473239675e-02 6.070918423002683029e-03 -9.971333590448143713e-01 -1.773321605542197688e+02 1.623076711244325794e-03 9.999808890897277092e-01 5.965490533651824495e-03 5.138325287128491237e-01 9.971505189250431389e-01 -1.168505378216055934e-03 -7.542862323215526743e-02 2.996067038404741112e+01
-8.345816029175012751e-02 6.084474500445365142e-03 -9.964927067724930199e-01 -1.779115707298604434e+02 1.514351373052434582e-03 9.999809793051903650e-01 5.978943698624403572e-03 5.153900882765518610e-01 9.965101315193113374e-01 -1.010048457162515678e-03 -8.346578689186801014e-02 2.991335121931754060e+01
-9.326608477532083441e-02 5.788299767034627008e-03 -9.956243935423086944e-01 -1.784946822765473939e+02 1.578671014662448146e-03 9.999827033634595130e-01 5.665754295313787589e-03 5.279641372497415608e-01 9.956399676733104220e-01 -1.043340651153248748e-03 -9.327360940681717061e-02 2.984851695718096565e+01
-1.041257715288148589e-01 5.784653483240958377e-03 -9.945473148561648769e-01 -1.790666210589355956e+02 1.502614373930252420e-03 9.999828590710170273e-01 5.658949920069504883e-03 5.312549192045484814e-01 9.945630024556372240e-01 -9.051785643864464041e-04 -1.041326788198320141e-01 2.979536531792783904e+01
-1.160891490101965129e-01 5.646236415085632322e-03 -9.932227491839045186e-01 -1.796357093112179371e+02 1.669200154019100449e-03 9.999835390514845157e-01 5.489571651224205151e-03 5.388695610932445756e-01 9.932373952147262042e-01 -1.020607864491930930e-03 -1.160966627713850841e-01 2.974112674753019192e+01
-1.266562845272842797e-01 5.661378915619503724e-03 -9.919305088455125929e-01 -1.801997803831184228e+02 1.643252868453116272e-03 9.999835383636196395e-01 5.497519603009416028e-03 5.416522519346874676e-01 9.919453035877301428e-01 -9.336972469334639535e-04 -1.266635026347255888e-01 2.967558973164146963e+01
-1.396503244910203279e-01 5.754012499298863728e-03 -9.901841637845513189e-01 -1.807755755515094336e+02 1.526703568836082318e-03 9.999831788703776869e-01 5.595636917017773534e-03 5.405503249586476322e-01 9.901997051331444810e-01 -7.302851854593828823e-04 -1.396567600862279601e-01 2.960120285819896324e+01
-1.511767792134235400e-01 5.392949617779989671e-03 -9.884920320979206920e-01 -1.813368545915279526e+02 1.614818949165776644e-03 9.999851308554917884e-01 5.208687712492431413e-03 5.557435762490751108e-01 9.885054242574584649e-01 -8.088030322279684235e-04 -1.511832399812818029e-01 2.951309329349764710e+01
-1.646605419954072502e-01 5.812128973310142291e-03 -9.863331714317311594e-01 -1.819106352995001998e+02 1.611372881683140364e-03 9.999828894003310875e-01 5.623556170367858750e-03 5.466391595092435773e-01 9.863489795134454674e-01 -6.633727177952314195e-04 -1.646670900618043554e-01 2.940222988000981630e+01
-1.791054803562945885e-01 6.360849672526362741e-03 -9.838093140938362069e-01 -1.824957322902760666e+02 1.915965980837955936e-03 9.999794579846795761e-01 6.116590800985931969e-03 5.353947235018999828e-01 9.838280113824271478e-01 -7.894302438818359864e-04 -1.791139883403549682e-01 2.929920927134610409e+01
-1.940452414652080737e-01 6.067704322044982848e-03 -9.809738157713333573e-01 -1.830439632072054223e+02 1.920530450298287960e-03 9.999813044158728514e-01 5.805375226372457009e-03 5.491922891398871576e-01 9.809907011931860987e-01 -7.574846465365691825e-04 -1.940532668869856536e-01 2.918591669495497953e+01
-2.073427065482926768e-01 6.012380972117795444e-03 -9.782498930826797334e-01 -1.836000955147874834e+02 1.911542871738543346e-03 9.999816945039501359e-01 5.740789219097462009e-03 5.545751639279326017e-01 9.782665015449918400e-01 -6.796558354902606722e-04 -2.073504039611864247e-01 2.907737865867749605e+01
-2.224248763587608479e-01 5.779213912517611879e-03 -9.749327028381720162e-01 -1.841578277310699718e+02 1.779011738559857416e-03 9.999831720710036231e-01 5.521837741881415601e-03 5.619025304323773673e-01 9.749482086213729914e-01 -5.062226456438840248e-04 -2.224314146981245521e-01 2.893394774816624349e+01
-2.363125550880598169e-01 5.986732445729624034e-03 -9.716586516582743638e-01 -1.847091025875168384e+02 1.713962207367546176e-03 9.999820319507335409e-01 5.744398074110604324e-03 5.593308128000651358e-01 9.716755830220826784e-01 -3.079128210679822966e-04 -2.363185700455854299e-01 2.880019673374946976e+01
-2.523507695936741957e-01 5.749991240028548556e-03 -9.676187403550118304e-01 -1.852563582980351669e+02 1.845873866405379560e-03 9.999833854161015445e-01 5.460919466708277770e-03 5.709428185192462202e-01 9.676340640113645364e-01 -4.080349153524980531e-04 -2.523571906492028116e-01 2.865839530128598867e+01
-2.680589728852713627e-01 6.233764241202982212e-03 -9.633823369976630691e-01 -1.857891431197545558e+02 1.744861815664459481e-03 9.999805669679018294e-01 5.985076757892265203e-03 5.568133968359600949e-01 9.634009251152595432e-01 -7.661552535270311007e-05 -2.680646407438393997e-01 2.848722541064886471e+01
-2.848184064799963444e-01 6.381594337737168943e-03 -9.585602488022884060e-01 -1.863206103547825307e+02 1.910522056768709093e-03 9.999796327245097372e-01 6.089666790989030874e-03 5.596742954759950095e-01 9.585795873247391352e-01 -9.690130667482609039e-05 -2.848247976817865901e-01 2.833424292035849490e+01
-2.982775181055270508e-01 6.720018045260246417e-03 -9.544555325159356229e-01 -1.868588787162934182e+02 1.671946016264866733e-03 9.999773597376978573e-01 6.518021827326198579e-03 5.493145046847011104e-01 9.544777246166227247e-01 3.483812483205308425e-04 -2.982820005316784151e-01 2.813122397999634572e+01
-3.157059391640575363e-01 6.267620920182705863e-03 -9.488363804705959303e-01 -1.873936753285847487e+02 1.825642226020194464e-03 9.999803452503636114e-01 5.998011622717077697e-03 5.633515968131734830e-01 9.488553245922177748e-01 1.613721306955454363e-04 -3.157111764762732253e-01 2.795217224661867661e+01
-3.308784298868112650e-01 6.756742372338416652e-03 -9.436491991562082626e-01 -1.879241900813421182e+02 1.946101586511207650e-03 9.999771258639319482e-01 6.477687668060097895e-03 5.519820920221902849e-01 9.436713820627679050e-01 3.068899213169553122e-04 -3.308840106356345512e-01 2.775396700540604300e+01
-3.511950611736724959e-01 6.293330280358237251e-03 -9.362811666381002373e-01 -1.884315342299911435e+02 2.138811017485663969e-03 9.999801938917833866e-01 5.919232347429055976e-03 5.730112127259231469e-01 9.362998742361611226e-01 7.627669168663083615e-05 -3.512015656104261474e-01 2.755557372029011987e+01
-3.673527115895065531e-01 6.423916441163443451e-03 -9.300595242162694731e-01 -1.889591875808042118e+02 2.191237445476551006e-03 9.999793499953452125e-01 6.041362540383161603e-03 5.731545080466952102e-01 9.300791276909154970e-01 1.813296549202300656e-04 -3.673592020805547254e-01 2.736371909140006409e+01
-3.855717673053067340e-01 6.496715652255321063e-03 -9.226549761112201598e-01 -1.894548346840064141e+02 2.298192222788346482e-03 9.999788710007413428e-01 6.080778288168036533e-03 5.747244483800800774e-01 9.226749864223964259e-01 2.241379407449148146e-04 -3.855785512611069610e-01 2.715878649100349662e+01
-4.012944041724324507e-01 6.285976397286598127e-03 -9.159275559129256283e-01 -1.899722652153644162e+02 2.049372048467599117e-03 9.999801096047705729e-01 5.964936633191112933e-03 5.787374032531412693e-01 9.159468332027245197e-01 5.166193606335480436e-04 -4.012993045724559948e-01 2.694674461267887722e+01
-4.177584441713395602e-01 6.283834649845867516e-03 -9.085364030932582269e-01 -1.904685893630683040e+02 2.221495979983069934e-03 9.999801578120095513e-01 5.894822972698311736e-03 5.844532163785347567e-01 9.085554178360023547e-01 4.443021065999655517e-04 -4.177641144431691878e-01 2.670488385523031738e+01
-4.324133710127142649e-01 6.750503419366492633e-03 -9.016502133715749157e-01 -1.909833187340955760e+02 2.380985198950921668e-03 9.999770370299193578e-01 6.344787021295960824e-03 5.748208491613439053e-01 9.016723393111845120e-01 5.967549315676425915e-04 -4.324195143661402341e-01 2.646314810168528453e+01
-4.519666526405483609e-01 6.680252192625153046e-03 -8.920098200869435168e-01 -1.914729779123302364e+02 2.766245661383741686e-03 9.999776466231707905e-01 6.087211095887133661e-03 5.863035655334265517e-01 8.920305447605700877e-01 2.836981281973106027e-04 -4.519750288782924397e-01 2.620491402632875833e+01
-4.674873470283296140e-01 6.822737465658640713e-03 -8.839734332104606240e-01 -1.919627288679164110e+02 2.812044662379662927e-03 9.999766336416621160e-01 6.230936968529643058e-03 5.841478668601739477e-01 8.839952900175603867e-01 4.271114183737648694e-04 -4.674956093939335311e-01 2.597597274595054273e+01
-4.849735043433778259e-01 6.873357926720200656e-03 -8.745018336377086143e-01 -1.924561059349990444e+02 3.030234159059201279e-03 9.999763180799726703e-01 6.179074377499973666e-03 5.881609450944752515e-01 8.745235947450729075e-01 3.467420260056482996e-04 -4.849828471236095062e-01 2.571073554637119685e+01
-4.999509879283292602e-01 6.752878970292792646e-03 -8.660273715622966995e-01 -1.929510477211619843e+02 2.890719225727221564e-03 9.999770419463257509e-01 6.128566115681261667e-03 5.903138810537407188e-01 8.660488747246576358e-01 5.605407111377871086e-04 -4.999590307037824477e-01 2.541324034775280438e+01
-5.180744682556452929e-01 7.356028602145773046e-03 -8.553038841165372386e-01 -1.934186026788849802e+02 3.295210847915051779e-03 9.999727621855015736e-01 6.604276839002165556e-03 5.774314486659479773e-01 8.553291687573261193e-01 6.031005743744283047e-04 -5.180845967046299183e-01 2.514234376689169181e+01
-5.353352789252951993e-01 7.682054182316332830e-03 -8.446047153441166300e-01 -1.938991571921999650e+02 3.497108388162537343e-03 9.999702270881761779e-01 6.878602339342273185e-03 5.681404145451280918e-01 8.446324107982702278e-01 7.286842672364415852e-04 -5.353462054113589108e-01 2.483937730518138665e+01
-5.501595018070084553e-01 7.131000619656551950e-03 -8.350291440432641155e-01 -1.943634828603994436e+02 3.559292099536245490e-03 9.999744790916391679e-01 6.194562547518378537e-03 5.927508553877735009e-01 8.350520067703651739e-01 4.358848097793621527e-04 -5.501708425509461708e-01 2.454854350824075482e+01
-5.667996407525770497e-01 6.786827672168285058e-03 -8.238277163417714322e-01 -1.948319378156060111e+02 3.342875910670461276e-03 9.999767821086613662e-01 5.938048859068663886e-03 6.022830080732827218e-01 8.238488893136871605e-01 6.117301325898024181e-04 -5.668091683828424543e-01 2.424457599297533861e+01
-5.836367841508049992e-01 7.128580986035751126e-03 -8.119835512614969053e-01 -1.952786927604085463e+02 3.677830411896302644e-03 9.999744146037066184e-01 6.135446311043096790e-03 5.959724326189430599e-01 8.120065133664678969e-01 5.945343555180189650e-04 -5.836480692843351026e-01 2.394593790630256436e+01
-5.974077234122130431e-01 7.067449704086316981e-03 -8.019065177201873951e-01 -1.957238569241814616e+02 3.798360710302231286e-03 9.999748855633882050e-01 5.983368482986799186e-03 6.013762459980429576e-01 8.019286654455939356e-01 5.285803335138903984e-04 -5.974195645770898899e-01 2.361627787985433358e+01
-6.136130305023712594e-01 6.561354939338100503e-03 -7.895796333613579465e-01 -1.961594924525777515e+02 3.623694600623688592e-03 9.999783441414679119e-01 5.493640462322822542e-03 6.166264392405496064e-01 7.895985800615005212e-01 5.097739184023696024e-04 -6.136235185318557050e-01 2.327935662826537921e+01
-6.299078594830385125e-01 6.648478596499097712e-03 -7.766414142278584842e-01 -1.966088213049064848e+02 3.716499390696688387e-03 9.999777143314922956e-01 5.546032153110928668e-03 6.164660446184730969e-01 7.766609789308170919e-01 6.071018994225621176e-04 -6.299185306319445843e-01 2.293251931143179689e+01
-6.456467205241194218e-01 7.049234446774943139e-03 -7.636037064932074125e-01 -1.970230878706726685e+02 4.049355607474117158e-03 9.999749376992945749e-01 5.807468678885107510e-03 6.096539714712778668e-01 7.636255070357552688e-01 6.574701562924198210e-04 -6.456590839888955990e-01 2.256179185389820674e+01
-6.594702346841090357e-01 7.263013511133812813e-03 -7.516955887860619079e-01 -1.974389062971212638e+02 4.279758203943358555e-03 9.999733937318464605e-01 5.907241160579370688e-03 6.088017275980271981e-01 7.517184933440197447e-01 6.785743515277222263e-04 -6.594837725838653686e-01 2.220424075902904093e+01
-6.756728169854635535e-01 7.120389794532452389e-03 -7.371672431925490043e-01 -1.978578589031780552e+02 4.290010761348464659e-03 9.999743998106028764e-01 5.726738259426680105e-03 6.138322016214625698e-01 7.371891481801643442e-01 7.069459656756384679e-04 -6.756860661822217118e-01 2.183607110080891189e+01
-6.890290926087403456e-01 6.867660365396431252e-03 -7.247011416990331023e-01 -1.982668348619916969e+02 4.197356401545105503e-03 9.999761450985092948e-01 5.485565892724654155e-03 6.232770755980530097e-01 7.247215270281509580e-01 7.378855131920394016e-04 -6.890414819058103824e-01 2.145137732103209061e+01
-7.045318802721627360e-01 6.803494570484584260e-03 -7.096397270036400862e-01 -1.986701095723531978e+02 4.364740240349889062e-03 9.999766735452975119e-01 5.253704209015155543e-03 6.280422518857656788e-01 7.096589171727540890e-01 6.040090321675242561e-04 -7.045451415276977603e-01 2.105333396326772899e+01
-7.196307489008957337e-01 6.678865942708007118e-03 -6.943248360717456658e-01 -1.990754564266382829e+02 4.372787420208696339e-03 9.999775011117938428e-01 5.086845819376194927e-03 6.356189320883841587e-01 6.943431888961789644e-01 6.245157578280854070e-04 -7.196437632701020437e-01 2.063866059971297418e+01
-7.347863479353557992e-01 6.468566427267723185e-03 -6.782677793734561700e-01 -1.994608763399224927e+02 4.258519846568064454e-03 9.999788127559159356e-01 4.923316766700391173e-03 6.404546766296153049e-01 6.782852555500080705e-01 7.291691469831699905e-04 -7.347983263561617129e-01 2.023759098688377378e+01
-7.473562482278293118e-01 6.498930609818195925e-03 -6.643917535127534801e-01 -1.998470685024753379e+02 4.413886328005114934e-03 9.999786592144525033e-01 4.816505283836763560e-03 6.446567374309513099e-01 6.644088770044438430e-01 6.670956412284738922e-04 -7.473689845993736203e-01 1.980903984583589050e+01
-7.614101323090185502e-01 6.373123460712022854e-03 -6.482391485513022689e-01 -2.002065231263278804e+02 4.324425291054903066e-03 9.999793594538212149e-01 4.751843034818759373e-03 6.453584088360143634e-01 6.482560526235484621e-01 8.148396652058920338e-04 -7.614219764842982130e-01 1.938235078787787202e+01
-7.754823686217615641e-01 6.376926672764051708e-03 -6.313370183689481774e-01 -2.005859089724530406e+02 4.451611984866020617e-03 9.999793614830848609e-01 4.632467875560227107e-03 6.495433022552900004e-01 6.313535294171717105e-01 7.819297232428744446e-04 -7.754947514189824975e-01 1.893397871788068798e+01
-7.868237690603208101e-01 6.210918816487641554e-03 -6.171464825543171440e-01 -2.009331386330570695e+02 4.532984022402209746e-03 9.999805475468778182e-01 4.284458390396933200e-03 6.601696539658634677e-01 6.171610879645310632e-01 5.735985542137873091e-04 -7.868366174035972271e-01 1.849087322077292583e+01
-7.996583221825375176e-01 6.236994511513748937e-03 -6.004229073442090003e-01 -2.012827996026342703e+02 4.567885300744149030e-03 9.999803054982290274e-01 4.303840093192070129e-03 6.593506245748453898e-01 6.004379253412367445e-01 6.989385751762279032e-04 -7.996710631858452434e-01 1.803009393918283365e+01
-8.118970846015358678e-01 6.324663705653235830e-03 -5.837663253773182070e-01 -2.016255592809527286e+02 4.576680815965536962e-03 9.999795416578992624e-01 4.468809502156728328e-03 6.539487100794405539e-01 5.837826462033925967e-01 9.565012640796199429e-04 -8.119094205002774789e-01 1.756479394266878202e+01
-8.216353590322780232e-01 6.481214735815306154e-03 -5.699766053474895067e-01 -2.019509290676386399e+02 4.795463381027002293e-03 9.999785646707521902e-01 4.457996184769985430e-03 6.534363085660244153e-01 5.699932809418553070e-01 9.295453568520480655e-04 -8.216488274357658383e-01 1.708916223553172387e+01
-8.321466716731138469e-01 6.514600753092570674e-03 -5.545173367897405781e-01 -2.022665760279564324e+02 4.883091974329155545e-03 9.999783089197586960e-01 4.420079495877976203e-03 6.548189548069973664e-01 5.545341037629055725e-01 9.703952841210743054e-04 -8.321604329075396045e-01 1.659997868099212326e+01
-8.419275772120404788e-01 6.631991384167630274e-03 -5.395497858586767448e-01 -2.025858182820052775e+02 5.018057511520684563e-03 9.999774584619370854e-01 4.461128424072030932e-03 6.521343050973672506e-01 5.395672097419140778e-01 1.048455189943224347e-03 -8.419418785836942920e-01 1.610453774938774174e+01
-8.497536311116484775e-01 6.389859241512157832e-03 -5.271412866693738764e-01 -2.028968558301135374e+02 5.007311907886364578e-03 9.999792633081640014e-01 4.049664321728766586e-03 6.640088084511960309e-01 5.271562322879494999e-01 8.016561202942138094e-04 -8.497680060507333266e-01 1.562785158359470294e+01
-8.576969477717779622e-01 6.403549843556012068e-03 -5.141156876933212772e-01 -2.031953808342571506e+02 4.976116974097086025e-03 9.999789928415615536e-01 4.153568999834300265e-03 6.617516823892798383e-01 5.141314851697331711e-01 1.004203653337024191e-03 -8.577107948091748924e-01 1.512172231312850634e+01
-8.639078413094074538e-01 6.174398323665596273e-03 -5.036120714691618705e-01 -2.034925863086113793e+02 4.867997443862063199e-03 9.999805097495324535e-01 3.909312209546091273e-03 6.701240724740568089e-01 5.036263935945037851e-01 9.257031953435149608e-04 -8.639210604844564934e-01 1.463571900932302938e+01
-8.704899509363439591e-01 6.011831314669006596e-03 -4.921494724197983395e-01 -2.037801067760931062e+02 4.836678902451083117e-03 9.999816040107494253e-01 3.660352070963237420e-03 6.829047343097397471e-01 4.921624242625969314e-01 8.059307245572632037e-04 -8.705030147102483795e-01 1.413719086575797057e+01
-8.757456022283156560e-01 6.262897122207403827e-03 -4.827322407892409850e-01 -2.040432031085368862e+02 5.033826958882339775e-03 9.999799515004523798e-01 3.841507946239228546e-03 6.736384708130715993e-01 4.827466217011913696e-01 9.341931222375705890e-04 -8.757595711833798813e-01 1.363927244767314484e+01
-8.803980522620999949e-01 6.177976064979996164e-03 -4.741952152698733491e-01 -2.043180265420055832e+02 4.989395634877126333e-03 9.999804663039945085e-01 3.764696753312403010e-03 6.757280550136595121e-01 4.742092106911249272e-01 9.484841518265650813e-04 -8.804116792009941683e-01 1.312365024903502153e+01
-8.838009704270104461e-01 6.176041498999124309e-03 -4.678222965867245842e-01 -2.045928305463224035e+02 5.007254027918625790e-03 9.999804629199032791e-01 3.741815815330922900e-03 6.801140285564364341e-01 4.678362663148022405e-01 9.645153698145864964e-04 -8.838146285453341022e-01 1.260058824751585149e+01
-8.873374969632030762e-01 6.133033139100536185e-03 -4.610797679226372736e-01 -2.048598469507505797e+02 4.977980407304932742e-03 9.999806860367497219e-01 3.721191279123601831e-03 6.805768960205820228e-01 4.610936848343759609e-01 1.006706504415242221e-03 -8.873508890781998115e-01 1.206979568650750068e+01
-8.903962361474684339e-01 6.432569085350859153e-03 -4.551408185489234648e-01 -2.051271293181460464e+02 5.253823300059651952e-03 9.999787689474192165e-01 3.854736714177629895e-03 6.770014024897830218e-01 4.551559512904929661e-01 1.041013624342665162e-03 -8.904111276795010355e-01 1.154898830426419387e+01
-8.931452812462696844e-01 6.269561232991501844e-03 -4.497245814823425114e-01 -2.053962500562624882e+02 5.147567513609545113e-03 9.999798406879429891e-01 3.717629138176945219e-03 6.843843231765788238e-01 4.497388232476881020e-01 1.005395276476219162e-03 -8.931595490415602523e-01 1.100923016572361668e+01
-8.950996391747829684e-01 6.298024021057777207e-03 -4.458216805434702112e-01 -2.056517244636845305e+02 5.141146682034142788e-03 9.999795475997852456e-01 3.804338697142319557e-03 6.820742363812687392e-01 4.458365222365341940e-01 1.113227541405806308e-03 -8.951137113040297244e-01 1.047859410666149849e+01
-8.973368168456392624e-01 6.187307077937054776e-03 -4.413030187574727981e-01 -2.059072145122698885e+02 5.105661052850585073e-03 9.999803465222452115e-01 3.638515420307548900e-03 6.890787260709032580e-01 4.413168582306237209e-01 1.011830209927129954e-03 -8.973507713492405724e-01 9.946790166919891263e+00
-8.991130476463755627e-01 6.084686553025710903e-03 -4.376741986244994109e-01 -2.061635399375186353e+02 5.053092966936439251e-03 9.999810324676736695e-01 3.521499162705857451e-03 6.963501831461875735e-01 4.376873242435903588e-01 9.546174295856234195e-04 -8.991267401774065693e-01 9.405009399630667843e+00
-9.011040263541783002e-01 6.006720325628793142e-03 -4.335613601316629651e-01 -2.064174552209205160e+02 5.031414290308637918e-03 9.999815726643737079e-01 3.396940082661017990e-03 7.008769258275104885e-01 4.335737752200046757e-01 8.795695626776407761e-04 -9.011176437063348477e-01 8.851395922367881752e+00
-9.030308237214335065e-01 6.134727679634964168e-03 -4.295319505290451922e-01 -2.066884414237800627e+02 5.113297432095875727e-03 9.999806890905712509e-01 3.532086538748769374e-03 6.983526204224310696e-01 4.295453242655078996e-01 9.932583968983881885e-04 -9.030447540622761338e-01 8.289199719753705509e+00
-9.044642971566581036e-01 6.038823717562338995e-03 -4.265065858542175237e-01 -2.069338382228453952e+02 4.999957457380774066e-03 9.999811793881158151e-01 3.555459882676102745e-03 6.980920177186845654e-01 4.265200295347654214e-01 1.083271739289526532e-03 -9.044774684468386283e-01 7.753969778946112612e+00
-9.061522124232881392e-01 6.017395576394793041e-03 -4.229089250309790993e-01 -2.071801389054624281e+02 5.014406183364151018e-03 9.999813581232238624e-01 3.484126384174964994e-03 7.025666180228712365e-01 4.229220065816028384e-01 1.036511702707267535e-03 -9.061654937109897556e-01 7.197737361276063339e+00
-9.080684866185231296e-01 6.067737861513055470e-03 -4.187777527132844346e-01 -2.074332836231722581e+02 5.121715237683477709e-03 9.999811612505098424e-01 3.383072140212815739e-03 7.102230378624481144e-01 4.187903910590223822e-01 9.272008012098675346e-04 -9.080824569692473869e-01 6.635349137584614532e+00
-9.094890217561024670e-01 5.947048285259905892e-03 -4.156854001788137243e-01 -2.076843488286179138e+02 4.977565023524727073e-03 9.999817779042927679e-01 3.415802366388591242e-03 7.096730678390399394e-01 4.156981394612734304e-01 1.037533643998997347e-03 -9.095020507796414133e-01 6.070344493300545707e+00
-9.111091354415179477e-01 5.858600101831137538e-03 -4.121235495817456851e-01 -2.079462091958303347e+02 4.945158790918603026e-03 9.999823841722625950e-01 3.282796017114616733e-03 7.171941240151308294e-01 4.121355222733699142e-01 9.529690468254073919e-04 -9.111220572077340929e-01 5.510506404559967208e+00
-9.126930295795632198e-01 5.858658309790243900e-03 -4.086038544601469646e-01 -2.081994394732732587e+02 4.932598747750820307e-03 9.999823230417234088e-01 3.320101455085535877e-03 7.170523216112568710e-01 4.086160829268392081e-01 1.014754594717253182e-03 -9.127057943536023288e-01 4.936057587763267307e+00
-9.139514864574738162e-01 5.873097203481165811e-03 -4.057809595476511988e-01 -2.084317627795688281e+02 4.911378243351484894e-03 9.999821206208930890e-01 3.411275757312106326e-03 7.131136227419311302e-01 4.057937391901516588e-01 1.124796772823121425e-03 -9.139639905741883119e-01 4.384636621487133290e+00
-9.150287605612643649e-01 6.068629836137398766e-03 -4.033429546646724595e-01 -2.086602754210804278e+02 5.089788078111295681e-03 9.999809260870007321e-01 3.498788290871327096e-03 7.137940239054352265e-01 4.033564941872586629e-01 1.148561751219820274e-03 -9.150421954220842036e-01 3.818593197994794242e+00
-9.163124723662543492e-01 6.074583050996069065e-03 -4.004179721575933382e-01 -2.088938229534944924e+02 5.080927181473582528e-03 9.999808148731840207e-01 3.543171536822377690e-03 7.121952117641744406e-01 4.004318133777824418e-01 1.212157712237405503e-03 -9.163257573094090169e-01 3.247247172404755577e+00
-9.176038512108004586e-01 6.080952608738641671e-03 -3.974496122258491249e-01 -2.091355716606526869e+02 5.057465639176292327e-03 9.999806466291127904e-01 3.623314577835534504e-03 7.121917496938324765e-01 3.974639534403290875e-01 1.314679653633947553e-03 -9.176168466920124889e-01 2.673624068324857106e+00
-9.186792003617596514e-01 6.027184075576939339e-03 -3.949584786718683960e-01 -2.093698584010758452e+02 5.053713298260566027e-03 9.999810873055872129e-01 3.504998293080928938e-03 7.186626215521860761e-01 3.949721342127525681e-01 1.223962113232137305e-03 -9.186922853230936603e-01 2.098494043761404360e+00
-9.198499313943422351e-01 6.160179523761426593e-03 -3.922220747256058848e-01 -2.095984252918306936e+02 5.116830305152844996e-03 9.999800438215195042e-01 3.705402318277934391e-03 7.114371708944071671e-01 3.922370734153669547e-01 1.401480269950490867e-03 -9.198630952982085329e-01 1.513991622009854154e+00
-9.210889086459137509e-01 6.145958836312905189e-03 -3.893038011109862251e-01 -2.098417643548266653e+02 5.109536193900958249e-03 9.999801099067325838e-01 3.697625021855408933e-03 7.126229777549754063e-01 3.893187832732492581e-01 1.416679533762816180e-03 -9.211019911007336525e-01 9.260506990447514575e-01
-9.220331231264420335e-01 6.221409660132385180e-03 -3.870609950893272311e-01 -2.100938908088834580e+02 5.167887026529828162e-03 9.999795680353366079e-01 3.762506550519356327e-03 7.114650574415974926e-01 3.870764947673527301e-01 1.468868170561198755e-03 -9.220464357205211403e-01 3.329749872453324211e-01
-9.230173246907180662e-01 6.095059262209729517e-03 -3.847101097883698362e-01 -2.103327675024519579e+02 5.069690672354529651e-03 9.999803796947112078e-01 3.679464921415168902e-03 7.148496434857837256e-01 3.847249882153173095e-01 1.445848612903386909e-03 -9.230301148741097972e-01 -2.653700729849328699e-01
-9.239402069683395613e-01 6.078087666120958119e-03 -3.824886283245896301e-01 -2.105831238770175275e+02 5.095687642746132145e-03 9.999806034487012107e-01 3.581437395661285668e-03 7.221442509634992124e-01 3.825029776547506088e-01 1.359991431746908471e-03 -9.239532577509297351e-01 -8.635398586768051610e-01
-9.245176803357380013e-01 5.992168440133161661e-03 -3.810920527431815863e-01 -2.108279673462926667e+02 5.010110617071043479e-03 9.999810803205161358e-01 3.569004429550448349e-03 7.234171772795486843e-01 3.811062286793952536e-01 1.390294356785941755e-03 -9.245302101842700626e-01 -1.466492488685152917e+00
-9.250208732431026704e-01 5.964286359390598077e-03 -3.798694662022625290e-01 -2.110673270789934293e+02 5.038817205072218877e-03 9.999814206219143076e-01 3.430558577238137716e-03 7.329614410019621440e-01 3.798828692975540489e-01 1.259245488846876806e-03 -9.250337398792851662e-01 -2.073129759445747844e+00
-9.254233838830645542e-01 5.963955523215693812e-03 -3.788878353773513230e-01 -2.113145952716435261e+02 5.026830120047586815e-03 9.999813708705924675e-01 3.462497756651761356e-03 7.343968248600535320e-01 3.789014272094550217e-01 1.299671607653691977e-03 -9.254361238423480795e-01 -2.674913456031563275e+00
-9.254862024542023224e-01 5.992067669658399272e-03 -3.787339226844377293e-01 -2.115615314229779358e+02 5.013275899880802015e-03 9.999810594286875354e-01 3.570412949685059997e-03 7.330547894414961574e-01 3.787481434035698813e-01 1.405670274936122186e-03 -9.254987131052248017e-01 -3.296015441368508547e+00
-9.254585667656580750e-01 6.006622708590412564e-03 -3.788012165815871080e-01 -2.117998968704008576e+02 5.024340044268610882e-03 9.999809641257506598e-01 3.581535041536828938e-03 7.343727103821345858e-01 3.788155186989748402e-01 1.411336165073120335e-03 -9.254711291677637508e-01 -3.899702099453426385e+00
-9.253812406956039016e-01 5.923571682848234425e-03 -3.789913860065733942e-01 -2.120483333530271182e+02 4.990652017691980628e-03 9.999816163163969263e-01 3.443896294113017904e-03 7.433771497578511855e-01 3.790048189154112124e-01 1.295502900211710322e-03 -9.253937912646337249e-01 -4.521106989613772775e+00
-9.252176125910969162e-01 6.000302444522099578e-03 -3.793894644317447606e-01 -2.122881608239595721e+02 4.963256771478601580e-03 9.999807953322140675e-01 3.711475309500430163e-03 7.308043618189368207e-01 3.794044483574912641e-01 1.550914996678291790e-03 -9.252296251359559687e-01 -5.138863733364233077e+00
-9.251829324461966486e-01 5.906844329449621733e-03 -3.794754942026224431e-01 -2.125503550084141864e+02 4.949755588924464877e-03 9.999816327001307403e-01 3.497739554445997937e-03 7.434028645697156046e-01 3.794891848654805000e-01 1.357737989626097135e-03 -9.251951767695751894e-01 -5.756875327812290166e+00
-9.250131312911826775e-01 5.923766019820171994e-03 -3.798889521097236766e-01 -2.127941443430034383e+02 4.958799469804183249e-03 9.999815144819975687e-01 3.518664819033924356e-03 7.460889116971213264e-01 3.799027734127506384e-01 1.371018027912528081e-03 -9.250254067120899926e-01 -6.363429087084931268e+00
-9.246750903177707315e-01 5.950139213511616496e-03 -3.807106160710024279e-01 -2.130517017619023079e+02 4.957355567547219385e-03 9.999812743711892216e-01 3.588249259641153148e-03 7.469914394459745699e-01 3.807248376079491736e-01 1.430646816037441441e-03 -9.246872721510166482e-01 -6.987042243779201911e+00
-9.241625138345339607e-01 5.913976660548829652e-03 -3.819537575454575729e-01 -2.132802677468642116e+02 4.971190014025325503e-03 9.999816746777819843e-01 3.455080095011504870e-03 7.563088784233646944e-01 3.819671913828204257e-01 1.294290800776062671e-03 -9.241749777604042482e-01 -7.584972901421862979e+00
-9.237483138093167678e-01 5.983323904756938233e-03 -3.829533294926343312e-01 -2.135175748528437225e+02 4.990314619205692831e-03 9.999811171405383892e-01 3.586380119590274005e-03 7.534290838752564223e-01 3.829675567126342162e-01 1.401854989510184415e-03 -9.237607294684826442e-01 -8.202612734356472757e+00
-9.235892216021839296e-01 5.840380196216933377e-03 -3.833390662317577857e-01 -2.137765963065683081e+02 4.882102333532840378e-03 9.999820525845325436e-01 3.472691410148215710e-03 7.597986153036768719e-01 3.833524681244106502e-01 1.335839806579015507e-03 -9.236011588964871954e-01 -8.830496039523305640e+00
-9.234403187166244642e-01 5.945753584201055389e-03 -3.836960069936301565e-01 -2.140333121363202906e+02 4.982097626171900356e-03 9.999814455804439950e-01 3.505309984701746213e-03 7.628475364849920393e-01 3.837097294463397423e-01 1.325333603858943688e-03 -9.234528071423337980e-01 -9.459812735488924318e+00
-9.227161072292133781e-01 5.892989523661327361e-03 -3.854351542532684638e-01 -2.142836933816026317e+02 4.917008767283907039e-03 9.999817239339815478e-01 3.517786634336636346e-03 7.638121419204521034e-01 3.854488402947261472e-01 1.350730356615311356e-03 -9.227282194898747125e-01 -1.007013575089733237e+01
-9.220198105395571719e-01 5.805671279881681295e-03 -3.870991644961143119e-01 -2.145454119406464599e+02 4.835059219887091232e-03 9.999822517626180129e-01 3.481143792536748813e-03 7.671299042524597489e-01 3.871125045447899038e-01 1.338036155748160592e-03 -9.220315170775381652e-01 -1.068589558097931480e+01
-9.217507603477486100e-01 5.785036176469257087e-03 -3.877396925190731980e-01 -2.147899123589610326e+02 4.743096504155116556e-03 9.999821114593206994e-01 3.644145566647279989e-03 7.590270443449765869e-01 3.877538379357459708e-01 1.519907166765610248e-03 -9.217617105566409119e-01 -1.128553954595612474e+01
-9.215934448876801355e-01 5.964862214189303041e-03 -3.881107351759595092e-01 -2.150341407847298569e+02 4.917527184117365113e-03 9.999810944578899630e-01 3.691700582944209413e-03 7.627536903918720190e-01 3.881254182174255218e-01 1.493701967053854803e-03 -9.216053540360871210e-01 -1.190042159436323033e+01
-9.215688538587332168e-01 6.007426198034818317e-03 -3.881684665554072655e-01 -2.152987077585616476e+02 4.990910531199539528e-03 9.999809680609101914e-01 3.626889581241485826e-03 7.703029153101331739e-01 3.881828672282828796e-01 1.405114386845938155e-03 -9.215812971431167622e-01 -1.251341889797408768e+01
-9.214085387118371440e-01 6.089520237334136894e-03 -3.885475807828388528e-01 -2.155601948954441411e+02 5.041704912547447480e-03 9.999803852435216189e-01 3.716226552953368414e-03 7.704734221758171575e-01 3.885625895534622898e-01 1.465220630887625062e-03 -9.214211670718288616e-01 -1.312038898461231717e+01
-9.212810547518259785e-01 6.029218343577412431e-03 -3.888506997313088132e-01 -2.158190863889247169e+02 5.073594740500496705e-03 9.999810587421361641e-01 3.484364126444037743e-03 7.832298898031196943e-01 3.888643424020414852e-01 1.237207792553081257e-03 -9.212941943402801481e-01 -1.370527348531181211e+01
-9.210798838924159071e-01 5.917576526924363430e-03 -3.893286911810911466e-01 -2.160685416651950277e+02 4.862256812764980014e-03 9.999813490337158273e-01 3.695949593342698347e-03 7.727535245569964184e-01 3.893433008893567582e-01 1.511248741208181178e-03 -9.210914776393395176e-01 -1.430800918150845114e+01
-9.208242186629627124e-01 5.982086680087666045e-03 -3.899320106925002194e-01 -2.163266357216159861e+02 4.856350615226073808e-03 9.999807084799204882e-01 3.872793139094946741e-03 7.663076677102340639e-01 3.899476556955384088e-01 1.672515156327523478e-03 -9.208355056743879885e-01 -1.490849504016673066e+01
-9.207539461398317471e-01 5.909049746068249266e-03 -3.900990307588920736e-01 -2.165781720197369964e+02 4.794750585381798123e-03 9.999811698328363585e-01 3.830188843382912114e-03 7.694831258905890925e-01 3.901143179053448984e-01 1.656233935917503881e-03 -9.207649406088382893e-01 -1.550081580161614703e+01
-9.207283725324686419e-01 5.774729062261567576e-03 -3.901613980367228396e-01 -2.168212346536586779e+02 4.784858943082541220e-03 9.999823959059360723e-01 3.508988902580484522e-03 7.880409891455568694e-01 3.901747930589665736e-01 1.363958386865821463e-03 -9.207397952075886405e-01 -1.610455567139180388e+01
-9.209920852842046202e-01 5.886859587751674082e-03 -3.895368066409725105e-01 -2.170747298688556839e+02 4.860047801015386117e-03 9.999816323690974285e-01 3.621444436570832141e-03 7.867706625635599860e-01 3.895509707075880956e-01 1.442154162848237895e-03 -9.210037792605121343e-01 -1.670125564995570855e+01
-9.215840115727813586e-01 5.987912364833654355e-03 -3.881327794955363730e-01 -2.173119726105926190e+02 4.955337742776297696e-03 9.999810198755685331e-01 3.661217894744793477e-03 7.879568187346408514e-01 3.881473357389879641e-01 1.450790863238058054e-03 -9.215961919217097176e-01 -1.728928493654392540e+01
-9.222597865115202964e-01 6.046555460946222496e-03 -3.865233826701605646e-01 -2.175665806279411072e+02 5.033883938554606710e-03 9.999807337580218780e-01 3.632096537995076462e-03 7.926339851451689178e-01 3.865378974902963782e-01 1.404022729821452400e-03 -9.222724556897250459e-01 -1.789127500770214141e+01
-9.234472933485067259e-01 6.046666559912978849e-03 -3.836776436421993064e-01 -2.178244141763811399e+02 5.028910738955598252e-03 9.999806727196640654e-01 3.655713871151451862e-03 7.906240258939742915e-01 3.836923330796392917e-01 1.446378457161963784e-03 -9.234598537701905752e-01 -1.849779604444050918e+01
-9.246154353454836272e-01 6.033542912870435738e-03 -3.808541624832280093e-01 -2.180653608670941992e+02 5.000178032120714162e-03 9.999806439713162520e-01 3.702688531147759442e-03 7.905350703143669833e-01 3.808691309892803245e-01 1.519224351485544237e-03 -9.246277072513244821e-01 -1.910371170711431077e+01
-9.258075331291131249e-01 5.812686374343926585e-03 -3.779505579814648186e-01 -2.183182086010221497e+02 4.872600942969164059e-03 9.999821996977964478e-01 3.443551597827795505e-03 8.017372739786907676e-01 3.779638466327668311e-01 1.346463764771558798e-03 -9.258193763763500339e-01 -1.971273557787723618e+01
-9.275190533815311777e-01 5.885361908975555827e-03 -3.737295387434984018e-01 -2.185550120582478826e+02 4.953963870857763969e-03 9.999817685454909233e-01 3.452653848613644171e-03 8.034250925557353540e-01 3.737430452278596715e-01 1.350959596912600178e-03 -9.275312992303672566e-01 -2.031213868227784403e+01
-9.291973717652113329e-01 5.931568235106363975e-03 -3.695362780606205044e-01 -2.187865053362899346e+02 4.968965500100632447e-03 9.999813296697096510e-01 3.556640810965665950e-03 8.001561144742549425e-01 3.695504751539128163e-01 1.468608277143369388e-03 -9.292094971012971882e-01 -2.090559961109703480e+01
-9.312623261584092038e-01 5.790950778828855144e-03 -3.643033691404811147e-01 -2.190298724313286414e+02 4.907987591426301102e-03 9.999823461855651408e-01 3.349473841510371315e-03 8.102123146503663609e-01 3.643163344345554666e-01 1.331242385795414554e-03 -9.312743077406779868e-01 -2.150890045474769252e+01
-9.330950659544703374e-01 5.803693448605072754e-03 -3.595829737818201921e-01 -2.192557739577276266e+02 4.890516271702632749e-03 9.999820927811250426e-01 3.449198120968241174e-03 8.057187395277956021e-01 3.595965527393426009e-01 1.459883363867683741e-03 -9.331067398741395014e-01 -2.210303066771230718e+01
-9.352847906837098435e-01 5.964153538605078755e-03 -3.538457138193107365e-01 -2.194866729148797049e+02 5.068581813584436754e-03 9.999811768984745441e-01 3.457647631082205915e-03 8.087189629530008306e-01 3.538596752868693462e-01 1.440389291015383919e-03 -9.352974155232987030e-01 -2.272311311300191150e+01
-9.373306013616364840e-01 5.819819868416909077e-03 -3.483927000494297377e-01 -2.197272174152507489e+02 4.993359421200125291e-03 9.999821861640991738e-01 3.270124792657402510e-03 8.168303518523850615e-01 3.484055253762824989e-01 1.325538067359991086e-03 -9.373429643604886952e-01 -2.331944629480252829e+01
-9.395119994292175924e-01 5.972831392448403262e-03 -3.424639078993164110e-01 -2.199380169725613143e+02 5.150342132822989180e-03 9.999812553241587132e-01 3.311038543192697942e-03 8.180316500288731252e-01 3.424772647993278851e-01 1.346954148077114189e-03 -9.395251507065121022e-01 -2.393488092199347150e+01
-9.418082202388204927e-01 5.977485749774362651e-03 -3.360975244697553266e-01 -2.201670924839334873e+02 5.149920441189072794e-03 9.999811156768511067e-01 3.353596447020176438e-03 8.168063074157734249e-01 3.361112235704662443e-01 1.427569189667465170e-03 -9.418212184040948287e-01 -2.453891727524144883e+01
-9.443279159115138821e-01 5.984039063240899521e-03 -3.289513315168468566e-01 -2.203924932593614869e+02 5.171289080864767927e-03 9.999810322527432627e-01 3.345579767428351337e-03 8.162764407155987945e-01 3.289651121311483184e-01 1.458221940482345644e-03 -9.443409493341445859e-01 -2.516251998643777554e+01
-9.465672632990644875e-01 5.963655838896133980e-03 -3.224513154874013021e-01 -2.206015233458314526e+02 5.169274215126745155e-03 9.999811285501549740e-01 3.319811387313016064e-03 8.181556058395487163e-01 3.224650285761376245e-01 1.475585508775227855e-03 -9.465802279747859149e-01 -2.577935831331758720e+01
-9.493914355304851060e-01 5.877483786923494435e-03 -3.140403753113606422e-01 -2.208087190212643804e+02 5.146006667872529694e-03 9.999817720311421354e-01 3.158198985362243704e-03 8.246753758400341416e-01 3.140532132565116985e-01 1.382313203070527439e-03 -9.494043756237220411e-01 -2.639361236146524448e+01
-9.517275913485496730e-01 5.586575304996952915e-03 -3.068931117543224896e-01 -2.210043824204163627e+02 4.966706192172917755e-03 9.999837436615426345e-01 2.800757441611811862e-03 8.393979269376915520e-01 3.069037694383862092e-01 1.141310215371325789e-03 -9.517398666208658486e-01 -2.699651131084409528e+01
-9.545332754757906990e-01 5.641186035180959131e-03 -2.980510074292248568e-01 -2.212047036167484464e+02 5.032339868081559149e-03 9.999833892772966859e-01 2.810111197545945867e-03 8.409052866982293928e-01 2.980619089466338689e-01 1.182450678436766222e-03 -9.545458083536286775e-01 -2.761313595601163939e+01
-9.572444843561860317e-01 5.705739886148510076e-03 -2.892238608794421850e-01 -2.213960768820317071e+02 5.082157790850475726e-03 9.999828603565261709e-01 2.907002815483921820e-03 8.354808184287131345e-01 2.892354902874960665e-01 1.312831113261576314e-03 -9.572570749974218529e-01 -2.822382345860854969e+01
-9.598035150104018420e-01 5.762480216715763770e-03 -2.806136247501714309e-01 -2.215808680093010139e+02 5.180082870757756613e-03 9.999826151768672622e-01 2.817105870471250505e-03 8.410529192229905249e-01 2.806249798487834846e-01 1.250266285765135824e-03 -9.598166791211149018e-01 -2.884975282909619665e+01
-9.620420707383607883e-01 5.627675139210823810e-03 -2.728431479842844398e-01 -2.217742093327143209e+02 5.043766791016816159e-03 9.999832432027092599e-01 2.841431038952672850e-03 8.369296371601162576e-01 2.728545666577791851e-01 1.357418991614661036e-03 -9.620543346753740455e-01 -2.946915290807807963e+01
-9.643849032878895056e-01 5.630683943412151393e-03 -2.644429120032105174e-01 -2.219362547397620062e+02 5.071740343856911623e-03 9.999832287473955361e-01 2.796367969086231524e-03 8.380756061960423775e-01 2.644542224285572618e-01 1.355589267970891063e-03 -9.643972867119876557e-01 -3.009442187025762294e+01
-9.663092506900579082e-01 5.688179752758237492e-03 -2.573209603625788433e-01 -2.221025383098842099e+02 5.103164794275564034e-03 9.999826532230695619e-01 2.941251779886837163e-03 8.329127057013914204e-01 2.573332270421019863e-01 1.529007537761757846e-03 -9.663215160576981155e-01 -3.070755713091325845e+01
-9.683142560332158588e-01 5.936504607253735577e-03 -2.496642935541392161e-01 -2.222632683979299770e+02 5.353906728470749291e-03 9.999811299079534033e-01 3.012558838542447968e-03 8.320902506566257850e-01 2.496774664353637041e-01 1.580424329381117845e-03 -9.683277673460348733e-01 -3.134264656742520927e+01
-9.702857018158961289e-01 5.721720444337438823e-03 -2.418944372382129948e-01 -2.224204405657693258e+02 5.164617921740930796e-03 9.999823499708561103e-01 2.937085032252481805e-03 8.334447257993315983e-01 2.419069729738217711e-01 1.600519266082150354e-03 -9.702981267449310998e-01 -3.197204830514732166e+01
-9.719224844577372124e-01 5.749103791904130144e-03 -2.352310183863728921e-01 -2.225782346718424662e+02 5.234329416813058265e-03 9.999823450348618303e-01 2.812723615093925059e-03 8.371252413798314640e-01 2.352430360309449853e-01 1.502472684788350296e-03 -9.719354179032553276e-01 -3.260088631219272770e+01
-9.738406878839147574e-01 5.650577202436156757e-03 -2.271615847784631548e-01 -2.227368100110060425e+02 5.175650660617227977e-03 9.999829980981473909e-01 2.686290170452647254e-03 8.431600398493859228e-01 2.271729016894903364e-01 1.440309661123895506e-03 -9.738533761537500055e-01 -3.323218294277401696e+01
-9.755103550319450534e-01 5.738845534851858346e-03 -2.198786321527773369e-01 -2.228750258458753137e+02 5.216093624857575176e-03 9.999820213011941794e-01 2.957945515869457413e-03 8.321434534868648036e-01 2.198916542134920771e-01 1.738598948936458111e-03 -9.755227509806982944e-01 -3.385917622219702849e+01
-9.770015551941768628e-01 5.588852265641681451e-03 -2.131589216488788407e-01 -2.230186705172266954e+02 5.138252338446972108e-03 9.999832403036232886e-01 2.667859586325690546e-03 8.450273587365817463e-01 2.131702594431654774e-01 1.511238637256705989e-03 -9.770138978779754346e-01 -3.448648418187429598e+01
-9.780436948243915740e-01 5.477508421076863337e-03 -2.083279335944876187e-01 -2.231476032435591037e+02 5.041416096034825878e-03 9.999838487115267904e-01 2.624202703461390659e-03 8.467363572229064106e-01 2.083389429223419242e-01 1.516317110384611706e-03 -9.780555125576573250e-01 -3.511918106288221253e+01
-9.792248968220220728e-01 5.729519081653487549e-03 -2.026962605846336640e-01 -2.232809216777214658e+02 5.281984377128070944e-03 9.999822722747396808e-01 2.748777416995956419e-03 8.433215800189107769e-01 2.027084164136766231e-01 1.621032800834254061e-03 -9.792378006223609876e-01 -3.575005581737438831e+01
-9.802661033734099139e-01 5.571324777867600955e-03 -1.976039648320109809e-01 -2.234040412444454944e+02 5.164177419641608618e-03 9.999833484418905183e-01 2.575676711653892767e-03 8.498245292300673492e-01 1.976150243495913283e-01 1.504386640465473976e-03 -9.802785517250423020e-01 -3.638311079766246081e+01
-9.810479054535727883e-01 5.887319720584957387e-03 -1.936758804592520200e-01 -2.235319441129532265e+02 5.418276143267030699e-03 9.999809655156268740e-01 2.951421703172903664e-03 8.354727992785563329e-01 1.936895699019288430e-01 1.846096677389389568e-03 -9.810611308365371208e-01 -3.702016656130492578e+01
-9.819097960723075502e-01 5.819610466857895459e-03 -1.892598333277650258e-01 -2.236588241052666035e+02 5.337363364877546063e-03 9.999810814746814547e-01 3.057653518256174541e-03 8.315972514952689743e-01 1.892740471632353150e-01 1.992191441724250854e-03 -9.819222811626737712e-01 -3.765165516504134757e+01
-9.825621327376226066e-01 5.805869551204217646e-03 -1.858438785347764910e-01 -2.237655859717432065e+02 5.373395512187611328e-03 9.999815567204292099e-01 2.830695966844352235e-03 8.427925418199193608e-01 1.858568856156907756e-01 1.782722003428066247e-03 -9.825752083029035688e-01 -3.829554523230798679e+01
-9.833561922105640285e-01 5.851499549159493510e-03 -1.815939404114771116e-01 -2.238871623659037482e+02 5.444117338589651162e-03 9.999814220368118400e-01 2.741745363667315739e-03 8.482068263014624909e-01 1.816066100876963796e-01 1.707493561249920268e-03 -9.833697797055767076e-01 -3.893907046654548765e+01
-9.841598466052758898e-01 5.865656916038123302e-03 -1.771863154953658426e-01 -2.240077808775795063e+02 5.446047501364484518e-03 9.999810962382472690e-01 2.854423368392525282e-03 8.433314321516877099e-01 1.771997090756439741e-01 1.844243773604186103e-03 -9.841731869282006606e-01 -3.957213301334174105e+01
-9.847953238254014696e-01 5.634702114260671350e-03 -1.736272452805321387e-01 -2.241222863258054758e+02 5.246449317311348455e-03 9.999826057222063191e-01 2.694999552377804093e-03 8.498087581703031024e-01 1.736394106796708692e-01 1.743096414424513988e-03 -9.848077562010295605e-01 -4.020541072318307130e+01
-9.854003769691594972e-01 5.697110018266121276e-03 -1.701576915877696383e-01 -2.242221223323138304e+02 5.309747437096046935e-03 9.999821726567854618e-01 2.731474101864400823e-03 8.493423485574146392e-01 1.701702196366714770e-01 1.788101242848337200e-03 -9.854130601137540690e-01 -4.083968168234457607e+01
-9.859690273132573068e-01 5.748366739289834625e-03 -1.668293543078664398e-01 -2.243353691283442117e+02 5.379867883056965207e-03 9.999819887303957877e-01 2.660683439175008051e-03 8.542279148089143570e-01 1.668416440835736592e-01 1.725831577319853535e-03 -9.859821942128856875e-01 -4.147767451604742917e+01
-9.864198370527081927e-01 5.650391819764140518e-03 -1.641462096461323017e-01 -2.244478849664860434e+02 5.292265076225265673e-03 9.999825662465143816e-01 2.618994730508680813e-03 8.575148491339512624e-01 1.641581463079789804e-01 1.714723102605297334e-03 -9.864325434237304346e-01 -4.210787582930600337e+01
-9.868778784655696246e-01 5.746802161423313592e-03 -1.613661279829654849e-01 -2.245471503542055416e+02 5.413728497677991296e-03 9.999822113775318488e-01 2.503691725160970064e-03 8.648577139928451674e-01 1.613776457228533190e-01 1.597245572437325364e-03 -9.868914348941992820e-01 -4.273776249027794449e+01
-9.873376249495409152e-01 5.635516506572944319e-03 -1.585328209321492376e-01 -2.246485232717919587e+02 5.321012678654921287e-03 9.999829434675163720e-01 2.408235477601487762e-03 8.706958783199908458e-01 1.585436885627250214e-01 1.534186346611379021e-03 -9.873507710480509125e-01 -4.336811218071188279e+01
-9.878555438792875343e-01 5.640697067471087817e-03 -1.552726858257750808e-01 -2.247486933751619063e+02 5.311724655149084595e-03 9.999826833394601655e-01 2.533496082671228902e-03 8.637388716548175527e-01 1.552842877053074999e-01 1.677962397091244291e-03 -9.878683993498571514e-01 -4.400659919508833440e+01
-9.882426224582185892e-01 5.578275636642267277e-03 -1.527920220359200443e-01 -2.248443945836712317e+02 5.268883580747264761e-03 9.999831674487517086e-01 2.429749981839599785e-03 8.692830816121540627e-01 1.528030039715056188e-01 1.596139117796741220e-03 -9.882553790985411091e-01 -4.464114439468541207e+01
-9.887127784265368202e-01 5.657946311681210858e-03 -1.497164968185271949e-01 -2.249431635915984486e+02 5.366815685313958834e-03 9.999828407590365398e-01 2.348505245306388347e-03 8.752501514960936424e-01 1.497272155136727123e-01 1.518496302760245298e-03 -9.887261780207401429e-01 -4.527643824679230278e+01
-9.891818297574241914e-01 5.642111016564687991e-03 -1.465860643479848235e-01 -2.250385396162264158e+02 5.329201597693050858e-03 9.999826060910689263e-01 2.527276329404912810e-03 8.669452857567795379e-01 1.465977738169510491e-01 1.718749135500560526e-03 -9.891946919658050064e-01 -4.590258474362612873e+01
-9.895577086742619599e-01 5.574641586842623946e-03 -1.440293878849847609e-01 -2.251372077942316707e+02 5.292234764845595539e-03 9.999832492792393168e-01 2.343802920142643367e-03 8.762118562191894000e-01 1.440400411501569500e-01 1.557090913516050038e-03 -9.895706351814146373e-01 -4.653659299472608524e+01
-9.899694846135365101e-01 5.576875362007778156e-03 -1.411712364301083988e-01 -2.252175946333547074e+02 5.283962816033910270e-03 9.999830393544781870e-01 2.449640859146772712e-03 8.713960371171682873e-01 1.411825034165626047e-01 1.679126134827566615e-03 -9.899821620940729705e-01 -4.717143741154330172e+01
-9.903488352975922115e-01 5.485879139728747599e-03 -1.384885899804287335e-01 -2.253119550828244542e+02 5.215908827557736750e-03 9.999837237587898553e-01 2.312252712599932505e-03 8.785029264564656604e-01 1.384990206456551687e-01 1.567592921842098780e-03 -9.903613299864986175e-01 -4.780085184817467336e+01
-9.906917737035172422e-01 5.515391067701443106e-03 -1.360124625817442645e-01 -2.254030246969094264e+02 5.253794079852309659e-03 9.999835944311779024e-01 2.282217401550420098e-03 8.815449730918162308e-01 1.360228185413998037e-01 1.546392534820915151e-03 -9.907044975703818146e-01 -4.843102655938254486e+01
-9.910400964711982841e-01 5.534224825646571859e-03 -1.334499889169662445e-01 -2.254885766241000908e+02 5.270477277273535703e-03 9.999833974915002255e-01 2.329551593345394970e-03 8.804893705118079783e-01 1.334606655746514714e-01 1.605333901564376994e-03 -9.910528107257636776e-01 -4.906384687702181679e+01
-9.913550797870898101e-01 5.463141465134771328e-03 -1.310925622057400042e-01 -2.255718755389833063e+02 5.185162125446265459e-03 9.999835268508032726e-01 2.461731252937758400e-03 8.744257014079601653e-01 1.311038514844881653e-01 1.760713594193570987e-03 -9.913670763211643866e-01 -4.969115537585194176e+01
-9.915915406441808688e-01 5.423399395891776581e-03 -1.292934772596515958e-01 -2.256514666520589003e+02 5.158896531775789690e-03 9.999838591781897712e-01 2.380581792095523390e-03 8.795184694326076968e-01 1.293043012025270333e-01 1.693553095437437019e-03 -9.916035142981487471e-01 -5.032716642693529252e+01
-9.918816037912494554e-01 5.385817485187060875e-03 -1.270506868557390867e-01 -2.257334659273538762e+02 5.127514495908682725e-03 9.999840692821858612e-01 2.360037485859345537e-03 8.807833375000757581e-01 1.270613735782557263e-01 1.689423527913678710e-03 -9.918934182625420704e-01 -5.096274307987918206e+01
-9.920360711085423056e-01 5.356224686619685295e-03 -1.258401544684112083e-01 -2.258062866989810118e+02 5.119888929053261796e-03 9.999844701235252042e-01 2.201419797933814541e-03 8.900668056735050460e-01 1.258499914854240564e-01 1.539600233509651628e-03 -9.920480881863740219e-01 -5.160025037541621629e+01
-9.921800945138152805e-01 5.321246877701568505e-03 -1.247010199726670265e-01 -2.258828519679556734e+02 5.079436340003451282e-03 9.999845525402727420e-01 2.256990761702547775e-03 8.878145986065428819e-01 1.247111036637267578e-01 1.605930414778180323e-03 -9.921917967865279131e-01 -5.222707443261899130e+01
-9.923407573971336770e-01 5.594326531952397222e-03 -1.234039088486992147e-01 -2.259660606901272217e+02 5.320933105384572509e-03 9.999826054297508149e-01 2.544898586436015065e-03 8.753584121691511122e-01 1.234159992844209436e-01 1.868782646835904972e-03 -9.923532630933642462e-01 -5.286156459790673523e+01
-9.925081811558478240e-01 5.619817588391341767e-03 -1.220488754105698570e-01 -2.260502724297891177e+02 5.356655316759792104e-03 9.999825673130192660e-01 2.484212929733519305e-03 8.807073690738186356e-01 1.220607085942443104e-01 1.811827899121071662e-03 -9.925209824971641392e-01 -5.348783538545371385e+01
-9.925791115538937781e-01 5.228767975953243184e-03 -1.214881364263091651e-01 -2.261254659291763005e+02 4.986083338570154212e-03 9.999849208834934444e-01 2.301516581330687126e-03 8.880906334607079344e-01 1.214983385887424133e-01 1.678687310654609346e-03 -9.925902154107149045e-01 -5.412702395380734544e+01
-9.926859481633514282e-01 5.529121461098926958e-03 -1.205986614141974916e-01 -2.262017234609149625e+02 5.295890495513302411e-03 9.999834355465792024e-01 2.254368275136733792e-03 8.937110185318368760e-01 1.206091284392991764e-01 1.599202403958412382e-03 -9.926987864849960985e-01 -5.475979924179797820e+01
-9.927349105150151676e-01 5.711265166927202187e-03 -1.201864339055714048e-01 -2.262745957531838314e+02 5.477095067553090259e-03 9.999824044679106461e-01 2.278636477585381515e-03 8.944828905471058356e-01 1.201973330584594213e-01 1.603809455340972270e-03 -9.927487239583161482e-01 -5.539696536769423574e+01
-9.928096800440711078e-01 5.395333731201205907e-03 -1.195818948868028475e-01 -2.263637075970244155e+02 5.146186863781996093e-03 9.999838969621664964e-01 2.392190862424383845e-03 8.899814705533557468e-01 1.195928759230767968e-01 1.759599468115278457e-03 -9.928214581878049838e-01 -5.602511492282174999e+01
-9.927736711093493316e-01 5.304809597997681495e-03 -1.198845150434180856e-01 -2.264270516534129456e+02 5.060366502967289515e-03 9.999844506365528352e-01 2.343325834649026378e-03 8.940129956390456822e-01 1.198950818129008583e-01 1.719732607319702199e-03 -9.927850783915106447e-01 -5.665815404488466811e+01
-9.927537194629838524e-01 5.486899270372576701e-03 -1.200414362993432321e-01 -2.264957179752819627e+02 5.256556258673737714e-03 9.999836856060900780e-01 2.235427914262860197e-03 9.018635063695431553e-01 1.200517434638576769e-01 1.588224813196335633e-03 -9.927663654824492312e-01 -5.728763330625789507e+01
-9.927228765444271463e-01 5.330428441062093868e-03 -1.203032706038911215e-01 -2.265652594118623995e+02 5.097833197741682802e-03 9.999844946915648070e-01 2.241087491352914633e-03 9.009500119770467164e-01 1.203133512210774470e-01 1.611492814322181694e-03 -9.927346577051006093e-01 -5.791888904155933915e+01
-9.927464889491519617e-01 5.316873747698127109e-03 -1.201088653375857185e-01 -2.266517096416685320e+02 5.087793658789144940e-03 9.999846065008314300e-01 2.213846666509313669e-03 9.030378355938006862e-01 1.201187871850896149e-01 1.586699381819977554e-03 -9.927582582634379982e-01 -5.855086842759503440e+01
-9.927244940343229462e-01 5.316890775580173333e-03 -1.202905217246101888e-01 -2.267262344368718061e+02 5.096010442649997162e-03 9.999847173485351126e-01 2.143769329628515685e-03 9.093367766591582413e-01 1.203000815538658175e-01 1.515170568221337315e-03 -9.927364175027948434e-01 -5.917865759627461131e+01
-9.927426840058117818e-01 5.366815750726968912e-03 -1.201380898867423913e-01 -2.268100711369793885e+02 5.125430151277476920e-03 9.999841779588347634e-01 2.318145327150333487e-03 9.031965329151149247e-01 1.201486301157929232e-01 1.685562425768358978e-03 -9.927544840294642015e-01 -5.980917076857057424e+01
-9.927022311117821296e-01 5.424804885780743977e-03 -1.204692983197034606e-01 -2.268800168213805932e+02 5.203929886800377422e-03 9.999841525139875342e-01 2.147983848950971164e-03 9.109270867049988896e-01 1.204790415774617818e-01 1.505394577277926159e-03 -9.927147295813352201e-01 -6.044210230079207946e+01
-9.926641867193835012e-01 5.400745910925915626e-03 -1.207834605744956546e-01 -2.269498223687741358e+02 5.191385847921617218e-03 9.999844275769992352e-01 2.047954218035327473e-03 9.178599452947393544e-01 1.207926401637249014e-01 1.405897260395133977e-03 -9.926767658886603840e-01 -6.107696744125868094e+01
-9.926281014779616552e-01 5.459315863747896298e-03 -1.210770334396978620e-01 -2.270239791552203314e+02 5.224278077311663750e-03 9.999838027355161252e-01 2.258580347744777901e-03 9.124990227567980616e-01 1.210874026264863179e-01 1.609390231152388285e-03 -9.926405446022521506e-01 -6.171333459533703802e+01
-9.925905941808863542e-01 5.377631467275421386e-03 -1.213877811949724134e-01 -2.270959545917767741e+02 5.163226188554202560e-03 9.999845056541748489e-01 2.080756329178888586e-03 9.208748725529628532e-01 1.213970899114231589e-01 1.438586590288942887e-03 -9.926029805665814720e-01 -6.233963072798274396e+01
-9.925763915566239159e-01 5.557019298010422610e-03 -1.214957878321454576e-01 -2.271760645327807993e+02 5.339181027951581289e-03 9.999835025246393005e-01 2.118448608155045192e-03 9.192907323431361855e-01 1.215055557181766444e-01 1.454034069811264724e-03 -9.925896864840684231e-01 -6.298072171854658308e+01
-9.925920834249621905e-01 5.431647641345321853e-03 -1.213731977250058353e-01 -2.272494042510307679e+02 5.200882953409008413e-03 9.999840155217833981e-01 2.217998519971748055e-03 9.170336817849482625e-01 1.213833050242002359e-01 1.570319976923515966e-03 -9.926044667220534912e-01 -6.359960760856688466e+01
-9.926459494365045266e-01 5.426799274744718675e-03 -1.209320839022158672e-01 -2.273236625805753590e+02 5.204050829747223182e-03 9.999841310022037355e-01 2.157683648945580516e-03 9.225607424578410320e-01 1.209418741473041597e-01 1.512479222716819546e-03 -9.926584384793888383e-01 -6.423856547126480621e+01
-9.927787685326119327e-01 5.487362654552996842e-03 -1.198340752956719157e-01 -2.273986961241644451e+02 5.262595239418107855e-03 9.999837499016991371e-01 2.192036469153123539e-03 9.205622731212050880e-01 1.198441564792268044e-01 1.545569032253337697e-03 -9.927915135486151677e-01 -6.487579552337319910e+01
-9.929536031270211893e-01 5.276098199627983314e-03 -1.183862526852414165e-01 -2.274847821197208191e+02 5.045793553414689749e-03 9.999847498224698761e-01 2.245014456215608731e-03 9.176832417501400441e-01 1.183962921906014099e-01 1.631842602759425590e-03 -9.929650825105773571e-01 -6.550899725189438527e+01
-9.930593707916870461e-01 5.338152730691990075e-03 -1.174929368440628535e-01 -2.275472699846501143e+02 5.134822022322932389e-03 9.999847497070588620e-01 2.033213247540387354e-03 9.293842657332741508e-01 1.175019986452068982e-01 1.415796148713487686e-03 -9.930716368095744429e-01 -6.614336739955582800e+01
-9.931871245144872073e-01 5.217789346595583418e-03 -1.164135317434351058e-01 -2.276269686976291666e+02 5.013705439217319877e-03 9.999853385109128689e-01 2.045854585187072139e-03 9.309529418132167500e-01 1.164224997859691357e-01 1.448253275336167968e-03 -9.931987233711274676e-01 -6.678690072636396735e+01
-9.933497466680643040e-01 5.064001721265625616e-03 -1.150245046981715619e-01 -2.277046943755277653e+02 4.839816407412657687e-03 9.999858055146283453e-01 2.228215968558228382e-03 9.219213946335266252e-01 1.150341556740223786e-01 1.656700282796326387e-03 -9.933601554182338589e-01 -6.739988366796607977e+01
-9.934453720063920468e-01 5.117684081634092663e-03 -1.141932666522923606e-01 -2.277792357374818835e+02 4.918239759860746838e-03 9.999858485193847679e-01 2.028220557703769300e-03 9.316230465094970103e-01 1.142020304405551440e-01 1.453296462101348911e-03 -9.934564832807966095e-01 -6.802761750145701569e+01
-9.935046125327815503e-01 5.067347112671745889e-03 -1.136789640581215566e-01 -2.278366886030161709e+02 4.864860572871425141e-03 9.999860476333892745e-01 2.058560215158276689e-03 9.312122137599462279e-01 1.136878094067016454e-01 1.492156758724999619e-03 -9.935154027293753298e-01 -6.865104152729998077e+01
-9.935899483313939129e-01 5.102285190730668912e-03 -1.129290983788086011e-01 -2.279112048203388099e+02 4.877712377742536229e-03 9.999855391247863823e-01 2.264831841538988370e-03 9.241166669378803045e-01 1.129390211431735291e-01 1.699478491444399641e-03 -9.936004676307672590e-01 -6.927946155571248710e+01
-9.936844745781381327e-01 5.183036991832025604e-03 -1.120905933159010714e-01 -2.279816647443199429e+02 4.965774334311838685e-03 9.999852120453612825e-01 2.217380403646927213e-03 9.279914195499725516e-01 1.121004284899487502e-01 1.646759889931869326e-03 -9.936955178092707897e-01 -6.990383861104118068e+01
-9.937509920574032485e-01 5.086357130182058393e-03 -1.115037880794725184e-01 -2.280434975744669543e+02 4.877705168236772144e-03 9.999858055954561342e-01 2.143968259644218454e-03 9.318223162328463927e-01 1.115131103378406568e-01 1.586687981567804721e-03 -9.937616961042674557e-01 -7.054517655870800752e+01
-9.937994868683124317e-01 5.141561575332487602e-03 -1.110681963698285785e-01 -2.281117419027613096e+02 4.936943955090526692e-03 9.999855718927810333e-01 2.117212944389772374e-03 9.333051450525831072e-01 1.110774796467044051e-01 1.555747677054671345e-03 -9.938105318241008401e-01 -7.117473588624525860e+01
-9.938135312840252755e-01 5.067747233045470992e-03 -1.109458560504078123e-01 -2.281782964868310160e+02 4.856003754962662927e-03 9.999858362354060448e-01 2.178659245360987928e-03 9.325178413342732897e-01 1.109553255337824701e-01 1.626427544518465641e-03 -9.938240641427107391e-01 -7.179332584440956566e+01
-9.937905002410130084e-01 5.156872612353109037e-03 -1.111478668062402114e-01 -2.282402751820924323e+02 4.947309316301206142e-03 9.999854266501690958e-01 2.161161217508961348e-03 9.344559281083535396e-01 1.111573918425877300e-01 1.597858610512189158e-03 -9.938015300283125075e-01 -7.242529212100460256e+01
-9.937839624640427694e-01 5.157223148361358631e-03 -1.112062902837053086e-01 -2.283096873775663767e+02 4.953485921205357315e-03 9.999855089698632682e-01 2.108275957248957350e-03 9.389771567287548137e-01 1.112155516395712668e-01 1.544312041492731501e-03 -9.937951077429514335e-01 -7.306243300280654296e+01
-9.937768931640726944e-01 5.121033956542664183e-03 -1.112711176558394272e-01 -2.283836276808155787e+02 4.920831106287367439e-03 9.999857423109103083e-01 2.073787867890612788e-03 9.416528611603371957e-01 1.112801511249293523e-01 1.513336087441463033e-03 -9.937879239452951374e-01 -7.368375920221583897e+01
-9.937642144619818207e-01 5.248179566459013762e-03 -1.113783761149268053e-01 -2.284532031298137440e+02 5.031006757334874693e-03 9.999848560818579424e-01 2.230824500844475443e-03 9.387559794423581128e-01 1.113883971774778242e-01 1.656568194829071252e-03 -9.937755686049281056e-01 -7.431268641785740670e+01
-9.937268196401078946e-01 5.265814468309911421e-03 -1.117106938745894285e-01 -2.285163368744731542e+02 5.077470371326040822e-03 9.999851682440012990e-01 1.970428035895940930e-03 9.486041016309163521e-01 1.117194129172956185e-01 1.390859447132076088e-03 -9.937388179433332969e-01 -7.493543019066244426e+01
-9.936784424119859960e-01 5.294227507903176422e-03 -1.121388614209345852e-01 -2.285702575511140822e+02 5.114724836251709553e-03 9.999851367584944306e-01 1.888346351883939903e-03 9.530383533917439198e-01 1.121471920091557245e-01 1.302849642055746698e-03 -9.936907516462409884e-01 -7.556140709835167968e+01
-9.936860269920202438e-01 5.202926646122291165e-03 -1.120759087187317565e-01 -2.286446446553384817e+02 5.011421432270653578e-03 9.999854619528535382e-01 1.990361315504044284e-03 9.502580107450721014e-01 1.120846350578106748e-01 1.416134616887562399e-03 -9.936976547958160655e-01 -7.618982083911993186e+01
-9.936232679635161880e-01 4.998975970630843181e-03 -1.126401864378217543e-01 -2.287042931583452230e+02 4.772295327487157367e-03 9.999860087905493300e-01 2.281977312493874664e-03 9.388135887771207333e-01 1.126500180151314146e-01 1.729873519234267172e-03 -9.936332225619259884e-01 -7.681519902631147545e+01
-9.936102773569648328e-01 5.148497514221203088e-03 -1.127479920174266209e-01 -2.287732744884289104e+02 4.932077536435032668e-03 9.999854208284135737e-01 2.198349789067227840e-03 9.428703409532830371e-01 1.127576664435293724e-01 1.628221104935406944e-03 -9.936211841311775039e-01 -7.744308701900710901e+01
-9.935286997846963786e-01 5.131436665315933926e-03 -1.134653738454217548e-01 -2.288244280420322525e+02 4.930860552611006017e-03 9.999857454224566622e-01 2.048308107770779700e-03 9.490874422095498808e-01 1.134742672077778819e-01 1.475570955090303119e-03 -9.935398398514350138e-01 -7.805718282449917922e+01
-9.934648607465623726e-01 5.164480027018981609e-03 -1.140214830979852656e-01 -2.288953250042255263e+02 4.941417452454018727e-03 9.999852848160969421e-01 2.238871329479030347e-03 9.444671363633504457e-01 1.140313678571567568e-01 1.660812247035280262e-03 -9.934757615801736996e-01 -7.867703086571847848e+01
-9.933846479661678774e-01 5.299776661315934272e-03 -1.147120462395885693e-01 -2.289529097167615532e+02 5.114052720833065120e-03 9.999850928022452345e-01 1.913279397645936295e-03 9.577480495103518621e-01 1.147204761579286442e-01 1.313978928707533337e-03 -9.933969427220286086e-01 -7.930069520034061270e+01
-9.933005120662330434e-01 5.445158641767294978e-03 -1.154315510435734576e-01 -2.290339281486870675e+02 5.277599196341725869e-03 9.999845295371889708e-01 1.757166187257460082e-03 9.675618834479382535e-01 1.154393333127053806e-01 1.136192612568263319e-03 -9.933138826124727760e-01 -7.991975660947740323e+01
-9.932112376074688775e-01 5.463123890860102985e-03 -1.161963500614075911e-01 -2.290976514875007979e+02 5.294224608688105280e-03 9.999844328843294772e-01 1.762150617496430812e-03 9.678403969237110438e-01 1.162041680665234361e-01 1.135018219719553540e-03 -9.932246991781912282e-01 -8.054650794149790727e+01
-9.931317126904906090e-01 5.435548949222253866e-03 -1.168753868702614024e-01 -2.291777189363929210e+02 5.272477448515296324e-03 9.999846479046297087e-01 1.704387458511988276e-03 9.724791645182870869e-01 1.168828568696349129e-01 1.076458394200249455e-03 -9.931451248469771453e-01 -8.117163078675174859e+01
-9.930667367935630541e-01 5.434447237119751153e-03 -1.174262451814386266e-01 -2.292506447210749059e+02 5.270689267643804965e-03 9.999846562012587592e-01 1.705050349466809712e-03 9.733808088064669350e-01 1.174337094229264411e-01 1.074311536396210104e-03 -9.930801426601454374e-01 -8.179352879456453707e+01
-9.929894465772808321e-01 5.274767034760283711e-03 -1.180852904424373601e-01 -2.293187431289003655e+02 5.088508341647425028e-03 9.999852885567576122e-01 1.878763666641691376e-03 9.650218908020201658e-01 1.180934632780441668e-01 1.264714508145834554e-03 -9.930016789654538822e-01 -8.242182364603092992e+01
-9.928998770819634778e-01 5.203425463553869139e-03 -1.188392126112755021e-01 -2.293926082400371342e+02 5.023707507027173370e-03 9.999857397730431696e-01 1.811798400306485106e-03 9.660023568045124076e-01 1.188469454950632775e-01 1.201920964437143196e-03 -9.929118585919345374e-01 -8.304644825833187838e+01
-9.928350685792124430e-01 5.329592402362204502e-03 -1.193738750486681294e-01 -2.294662063747205991e+02 5.154117897932076510e-03 9.999851356283181447e-01 1.778648674800238118e-03 9.704733831470205851e-01 1.193815801034840002e-01 1.150637753089771894e-03 -9.928477800573241030e-01 -8.366770795165301422e+01
-9.926985590453409891e-01 5.533693035684852761e-03 -1.204946019981417010e-01 -2.295339038762752182e+02 5.364693665841298136e-03 9.999841188222813315e-01 1.726894639854466371e-03 9.770045073682787073e-01 1.205022445067951559e-01 1.067869192499152839e-03 -9.927124803910811757e-01 -8.429290043515106845e+01
-9.925804655253949171e-01 5.251622056054927254e-03 -1.214760878657669824e-01 -2.296135985593971043e+02 5.065879707432273046e-03 9.999854795139507813e-01 1.837831342560599518e-03 9.708540966487827495e-01 1.214839755695417273e-01 1.208812241098511896e-03 -9.925926568601974864e-01 -8.491882027392696841e+01
-9.925233465764924379e-01 5.202713963380803386e-03 -1.219439964410548027e-01 -2.296904403196550106e+02 5.005353445453625955e-03 9.999856208265077706e-01 1.924727801484997286e-03 9.682537039598074768e-01 1.219522567953821302e-01 1.299964476040084979e-03 -9.925351163333593352e-01 -8.555501029092259557e+01
-9.924718003373607100e-01 5.178287686997967362e-03 -1.223638462608530875e-01 -2.297573316581031406e+02 4.959277594333552641e-03 9.999855095822482998e-01 2.094323583772282615e-03 9.622999790417875454e-01 1.223729181676294908e-01 1.471720816557545684e-03 -9.924830995724702731e-01 -8.616622722688823899e+01
-9.924213941135142658e-01 5.126847335803234526e-03 -1.227741501383101397e-01 -2.298298632747095667e+02 4.902619677311899696e-03 9.999857170676862417e-01 2.128375184264405008e-03 9.609873219104178022e-01 1.227833084180768586e-01 1.510330103230963540e-03 -9.924323544085467130e-01 -8.678662390743868116e+01
-9.924095332912723499e-01 5.000513667653576355e-03 -1.228751931663151914e-01 -2.299094601907915774e+02 4.785116119370521129e-03 9.999864540434380000e-01 2.048021815135523879e-03 9.632595936744909881e-01 1.228837698653642424e-01 1.444504306238087723e-03 -9.924200181933988674e-01 -8.740528854039625628e+01
-9.923317279049490569e-01 5.376199789164549589e-03 -1.234861865513914858e-01 -2.299808275242897935e+02 5.179684448734133556e-03 9.999847567180565333e-01 1.912380856642317611e-03 9.735571017349091694e-01 1.234945855581920382e-01 1.258096719770493204e-03 -9.923444485310803920e-01 -8.803126072321911977e+01
-9.922372437844297899e-01 5.281472258397789873e-03 -1.242471653514158197e-01 -2.300637220694270866e+02 5.060988972697594984e-03 9.999850087846843261e-01 2.090118779632731821e-03 9.669874934838177394e-01 1.242563416397590575e-01 1.445080163352407618e-03 -9.922490984151233206e-01 -8.865802037294105276e+01
-9.921237563116767078e-01 5.149768971088547129e-03 -1.251556312818324912e-01 -2.301383073233318726e+02 4.915588966028436313e-03 9.999855424902015510e-01 2.179861393359690258e-03 9.655144490789778766e-01 1.251650476256316868e-01 1.547478633653521281e-03 -9.921347268202804770e-01 -8.928477461623252509e+01
-9.920621261201310048e-01 5.320796643469316058e-03 -1.256360897237900343e-01 -2.302132208958664705e+02 5.093557233124487889e-03 9.999847595176759585e-01 2.129884289954947062e-03 9.699663748982538802e-01 1.256455076503663060e-01 1.473042923528482349e-03 -9.920741083970627816e-01 -8.990331186647571826e+01
-9.920151294283003907e-01 5.288563270119501017e-03 -1.260079921429192173e-01 -2.302976712197825009e+02 5.058080937882474329e-03 9.999848987040721449e-01 2.148995354208091142e-03 9.689825593350910315e-01 1.260174543568385042e-01 1.494477281366611999e-03 -9.920268986953313384e-01 -9.052594135348314808e+01
-9.919373620899423205e-01 5.248197642382714315e-03 -1.266204016403112143e-01 -2.303732696269741211e+02 5.031308170350018774e-03 9.999852769817514364e-01 2.032672581829370398e-03 9.740841952325872688e-01 1.266292052732788942e-01 1.379217617506478749e-03 -9.919491630777363955e-01 -9.114923520662853207e+01
-9.918727618934475299e-01 5.204355116387496781e-03 -1.271272547555674093e-01 -2.304508897640508565e+02 4.975350389475698999e-03 9.999853780596439368e-01 2.118857100614727519e-03 9.725909453628499568e-01 1.271364231932232136e-01 1.469134007983183103e-03 -9.918841522793377941e-01 -9.177295592962782678e+01
-9.917804769473628212e-01 5.156510409900168061e-03 -1.278471585388372966e-01 -2.305388058349675759e+02 4.946663825107213038e-03 9.999858466206652530e-01 1.958845413158872856e-03 9.801266497640778175e-01 1.278554498762699831e-01 1.310327723842047518e-03 -9.917919474255643131e-01 -9.239296179248513852e+01
-9.916702760697160279e-01 5.161587185227575932e-03 -1.286989571734884485e-01 -2.306136394175497344e+02 4.937092247713760658e-03 9.999856838365043243e-01 2.063308550912481242e-03 9.766256593659726759e-01 1.287077646451513790e-01 1.410723136550310133e-03 -9.916815623879879915e-01 -9.301165813028501361e+01
-9.915766965066792338e-01 5.339791946383933008e-03 -1.294107474936704305e-01 -2.306924127666322875e+02 5.136605200146368913e-03 9.999849952797739139e-01 1.903812577016424177e-03 9.865546288589787105e-01 1.294189716846761984e-01 1.223044267354997470e-03 -9.915892465788449517e-01 -9.363528345849033485e+01
-9.915053284930037680e-01 5.456896760648700419e-03 -1.299515519250334372e-01 -2.307705024708569965e+02 5.246573286614676472e-03 9.999843142914325300e-01 1.960775316449633095e-03 9.882773921814327345e-01 1.299602132913347252e-01 1.262318833353366252e-03 -9.915184060381503350e-01 -9.424523801769484521e+01
-9.914575431378995773e-01 5.293543040526693493e-03 -1.303223639942098500e-01 -2.308518894432309025e+02 5.075765391591141769e-03 9.999851118393856542e-01 2.003173797000464777e-03 9.848772424308763762e-01 1.303310276206351148e-01 1.324576026340143443e-03 -9.914696509413190029e-01 -9.486887825077184289e+01
-9.914489531949810530e-01 5.465854945241870044e-03 -1.303805876589522184e-01 -2.309341546880636145e+02 5.268694606489899082e-03 9.999843959234870905e-01 1.857085534450855823e-03 9.920460802149175805e-01 1.303887037504388169e-01 1.154270010135137947e-03 -9.914622804701265224e-01 -9.549350293915155419e+01
-9.914827054037480547e-01 5.371248850916676004e-03 -1.301276087963133266e-01 -2.310075129884551757e+02 5.181379571997017305e-03 9.999849608231017317e-01 1.797618800126247118e-03 9.959876453769926918e-01 1.301353072420998458e-01 1.108067417263773570e-03 -9.914956247990223126e-01 -9.611046914228113280e+01
-9.915945677776880629e-01 5.218292772546117599e-03 -1.292787011627241356e-01 -2.310911064859078294e+02 5.018775788433895053e-03 9.999856591857532173e-01 1.869040507835955127e-03 9.937880898064953561e-01 1.292866004014583126e-01 1.204509599170923038e-03 -9.916065369456072975e-01 -9.673576352453372351e+01
-9.917672701435076288e-01 5.114377325637901872e-03 -1.279512603168359575e-01 -2.311743930950419212e+02 4.912099398389565760e-03 9.999861373735400294e-01 1.896401921483456413e-03 9.920167156526237262e-01 1.279591854912966453e-01 1.252280047939032448e-03 -9.917786439740907678e-01 -9.734828898175375400e+01
-9.919442722485509734e-01 4.835659189445842658e-03 -1.265826889961520207e-01 -2.312617952639791667e+02 4.641120044322215484e-03 9.999875522895128599e-01 1.831739818577596962e-03 9.952764969825155239e-01 1.265899710009731061e-01 1.229498366123400570e-03 -9.919543676882223160e-01 -9.797332566576167778e+01
-9.920578789618841320e-01 5.080883750841076393e-03 -1.256795504843910560e-01 -2.313423957268384754e+02 4.876637731184779029e-03 9.999862413492178748e-01 1.932748484021569761e-03 9.932609961456700942e-01 1.256876413737124110e-01 1.304504723694711312e-03 -9.920690072133788728e-01 -9.859268344661067829e+01
-9.921484336665695736e-01 5.159330114800915468e-03 -1.249594609693070596e-01 -2.314281664628857982e+02 4.966929543500314334e-03 9.999859512166198172e-01 1.851210496422682527e-03 9.971552811541529726e-01 1.249672564469716113e-01 1.216010755984551226e-03 -9.921601212173158935e-01 -9.922345825291240828e+01
-9.921688578618081955e-01 5.245558833627828217e-03 -1.247935959964200509e-01 -2.314971764014072733e+02 5.063418429862714086e-03 9.999856025123784464e-01 1.776671539559555955e-03 1.003819253232349551e+00 1.248011189172552465e-01 1.130875978303269927e-03 -9.921811335822317002e-01 -9.983973516283781180e+01
-9.922608703242117301e-01 4.709163311231151679e-03 -1.240813805707612072e-01 -2.315839161305029847e+02 4.487580341511172334e-03 9.999877981679636818e-01 2.065221021195524399e-03 9.887358981036044048e-01 1.240895920136592390e-01 1.492412843706413797e-03 -9.922698956724362862e-01 -1.004522400147453993e+02
-9.922575887600812994e-01 4.986674005678743034e-03 -1.240967792909645206e-01 -2.316542703352653803e+02 4.792308606869833364e-03 9.999867782452613874e-01 1.864701820412848626e-03 1.001694775474283983e+00 1.241044371738810603e-01 1.255554468598471963e-03 -9.922683670543621659e-01 -1.010637758327924445e+02
-9.922767412796420494e-01 4.740890551150848259e-03 -1.239531874226604685e-01 -2.317393241363037077e+02 4.513943904177473640e-03 9.999875824705494187e-01 2.111685378077096404e-03 9.895160528243553966e-01 1.239616594995610749e-01 1.535858550796323236e-03 -9.922858197679877978e-01 -1.016909987024800444e+02
-9.922834847099637479e-01 4.860805519171258228e-03 -1.238945460525043007e-01 -2.318140350843815440e+02 4.650017001801611156e-03 9.999872076055359438e-01 1.990469081801685136e-03 9.970504558038578713e-01 1.239026364276978320e-01 1.398997851122980385e-03 -9.922933938565139389e-01 -1.023151849057868219e+02
-9.922492073989024330e-01 5.054624260012310910e-03 -1.241610292718304670e-01 -2.318774783449486563e+02 4.865229409650853598e-03 9.999864928633172001e-01 1.828560558036316282e-03 1.005113998263587938e+00 1.241685948983949489e-01 1.210315873246599165e-03 -9.922603968598391333e-01 -1.029371242791028322e+02
-9.922300436306668026e-01 5.381399087755949460e-03 -1.243003662928776482e-01 -2.319504269504191996e+02 5.210327995912119974e-03 9.999849788891580493e-01 1.701316615202261122e-03 1.014145740582212518e+00 1.243076546269788890e-01 1.040451780933806299e-03 -9.922431780875247131e-01 -1.035602299557161956e+02
-9.922299507759242410e-01 5.432760800419870161e-03 -1.242988732583402839e-01 -2.320309730985609633e+02 5.229435156953882342e-03 9.999844016685123238e-01 1.961995822270342325e-03 1.005289391068269422e+00 1.243075934573054792e-01 1.296738120366950969e-03 -9.922428839145691626e-01 -1.041775102494562475e+02
-9.922131114170051891e-01 5.040011578012108286e-03 -1.244497481535420946e-01 -2.320991314568242103e+02 4.841087182643377847e-03 9.999864753385555582e-01 1.900793219271288206e-03 1.007002014754200481e+00 1.244576450326640160e-01 1.283519873584200964e-03 -9.922240912060431572e-01 -1.047884647503010029e+02
-9.922072777427646262e-01 5.406507377504444871e-03 -1.244808727165340606e-01 -2.321743331339687018e+02 5.196237076629824266e-03 9.999844717508398206e-01 2.013796771595152777e-03 1.004590272901672687e+00 1.244898273536292760e-01 1.351271686530701671e-03 -9.922199639950273209e-01 -1.054016947954008998e+02
-9.922087829608210452e-01 5.159026423228217813e-03 -1.244793776565855936e-01 -2.322514068701039207e+02 4.945764212189931487e-03 9.999857249616468380e-01 2.022199121483868670e-03 1.003577800753760130e+00 1.244880332873961326e-01 1.390798078062334972e-03 -9.922201344706438331e-01 -1.060222482208322248e+02
-9.922121592211592400e-01 5.348327547433523801e-03 -1.244444714968503396e-01 -2.323317928826330672e+02 5.155135526346424704e-03 9.999849554847595190e-01 1.874401730817241507e-03 1.012172479121509205e+00 1.244526242045141950e-01 1.218276072511234988e-03 -9.922248032235543302e-01 -1.066471263346024045e+02
-9.922136528941363220e-01 5.301733246984344748e-03 -1.244345556308742856e-01 -2.324096093764816260e+02 5.089515260848468010e-03 9.999850014533812059e-01 2.023290065912387165e-03 1.006318975723675457e+00 1.244434162376013980e-01 1.374224457303114492e-03 -9.922257543836769944e-01 -1.072637049216628498e+02
-9.921980689303127043e-01 5.376189792506322687e-03 -1.245555642846726541e-01 -2.324810918778389919e+02 5.154977038237014073e-03 9.999845116669928702e-01 2.098246377595182344e-03 1.004721940519922585e+00 1.245649156973725191e-01 1.439794930117822055e-03 -9.922104155711455320e-01 -1.078844296990950227e+02
-9.921751976246468985e-01 5.328221897107397222e-03 -1.247396780094774810e-01 -2.325586401807628931e+02 5.118370258765284932e-03 9.999848955410837181e-01 2.002742015841291016e-03 1.010587244277721952e+00 1.247484649379988347e-01 1.348607097346848829e-03 -9.921874831676269491e-01 -1.084969886402833623e+02
-9.921702136867500688e-01 5.132000442150641897e-03 -1.247875380166253156e-01 -2.326334024975455748e+02 4.906411746540823363e-03 9.999857267465434019e-01 2.115047744365625669e-03 1.004516233683970139e+00 1.247966113184262316e-01 1.486228330138241209e-03 -9.921812318970706368e-01 -1.091165688859575056e+02
-9.921789869717694277e-01 4.945025872251735712e-03 -1.247253163186891195e-01 -2.327149947202642863e+02 4.708158046925936709e-03 9.999865101311088411e-01 2.193810295096426059e-03 9.999448784684075164e-01 1.247344822391926317e-01 1.589425974515790542e-03 -9.921888845706714477e-01 -1.097293975237810599e+02
-9.921525077754422828e-01 5.155194969572832707e-03 -1.249272799660954975e-01 -2.327803503533833975e+02 4.924823551576559648e-03 9.999855556606620510e-01 2.152808171378475625e-03 1.005186487379063021e+00 1.249365736199266469e-01 1.520669215381192582e-03 -9.921635652135443184e-01 -1.103331075862124493e+02
-9.921595039607049582e-01 4.972755303279808962e-03 -1.248791031563835086e-01 -2.328597908837224679e+02 4.739493608689022801e-03 9.999864250530767773e-01 2.164927227497110210e-03 1.004405840967963703e+00 1.248881735825380923e-01 1.556089412876059163e-03 -9.921696037900766818e-01 -1.109472547222656544e+02
-9.921904750778445248e-01 5.162012301239864327e-03 -1.246250969660771535e-01 -2.329440482860272823e+02 4.918852615734517660e-03 9.999853513426720797e-01 2.258758291065860683e-03 1.001335161184012001e+00 1.246349311138212346e-01 1.628105977700898890e-03 -9.922013319972813328e-01 -1.115701809184868694e+02
-9.921824983185791869e-01 5.075164151049706661e-03 -1.246921518746962054e-01 -2.330178062998801352e+02 4.840104390578164016e-03 9.999858929362118731e-01 2.187994071133592469e-03 1.006484776320402563e+00 1.247014972636283636e-01 1.567366392044210839e-03 -9.921930658610762510e-01 -1.121851286270679964e+02
-9.921732555337934301e-01 4.872190526315696088e-03 -1.247737663250942930e-01 -2.330908609440811574e+02 4.626393932264894968e-03 9.999867452046903304e-01 2.259622559889085374e-03 1.003671931849768884e+00 1.247831217859909914e-01 1.664684476090503868e-03 -9.921826451530673108e-01 -1.127961720432970054e+02
-9.921872192017804348e-01 4.709398444898594584e-03 -1.246689360623791237e-01 -2.331737540628723764e+02 4.458875180811589824e-03 9.999874406042013053e-01 2.288463672614580047e-03 1.001581273321533239e+00 1.246781475831283265e-01 1.714701182749024362e-03 -9.921957565496306586e-01 -1.134160103339300605e+02
-9.921938620377901419e-01 4.955293206092415206e-03 -1.246065215138288385e-01 -2.332439643520967820e+02 4.720374297565159416e-03 9.999864817340917700e-01 2.180462236287946005e-03 1.010632272702630896e+00 1.246156418794427401e-01 1.575251825787215686e-03 -9.922038401360175897e-01 -1.140228589296963548e+02
-9.921870086429949165e-01 4.918793015513314021e-03 -1.246625258661835101e-01 -2.333171102295451647e+02 4.678239033959599724e-03 9.999865876141060816e-01 2.222312182566976886e-03 1.008828445842137711e+00 1.246717849379219978e-01 1.621748182112835125e-03 -9.921967123374411113e-01 -1.146421065485702826e+02
-9.921925965741436038e-01 4.902523286296999773e-03 -1.246186846700247236e-01 -2.333983240475834293e+02 4.667283085792383983e-03 9.999867328945534206e-01 2.179564973614379376e-03 1.013176606575300953e+00 1.246277167088317289e-01 1.580917551438403880e-03 -9.922023145143534784e-01 -1.152555909332597253e+02
-9.922104433727860773e-01 4.971282395661917770e-03 -1.244737820318908561e-01 -2.334736873828662169e+02 4.741546640870355177e-03 9.999864650352973117e-01 2.141840718322055373e-03 1.016539768725113646e+00 1.244827449787019313e-01 1.534958485690471460e-03 -9.922205854068013586e-01 -1.158674639420246706e+02
-9.922159803056649352e-01 4.783995730423993079e-03 -1.244369792743274666e-01 -2.335557224304343720e+02 4.549438656280850243e-03 9.999872988482537695e-01 2.169043587847376518e-03 1.015331805634093643e+00 1.244457754766342267e-01 1.586041306060257056e-03 -9.922251425150414583e-01 -1.164922079996708817e+02
-9.922457324107052390e-01 4.998145971578357542e-03 -1.241910828102822939e-01 -2.336364168713043625e+02 4.772892684160958722e-03 9.999863810163122091e-01 2.111226497617801900e-03 1.020669266854721480e+00 1.241999436721654970e-01 1.502104771830439171e-03 -9.922560746466033699e-01 -1.171142378826671404e+02
-9.922730577225966631e-01 4.789655162712734213e-03 -1.239807973892348564e-01 -2.337060922968875616e+02 4.549238385201555268e-03 9.999871831009271572e-01 2.222175507776551553e-03 1.015244813311277694e+00 1.239898517942610162e-01 1.640986683386698669e-03 -9.922821291420811374e-01 -1.177199661310919652e+02
-9.922958102231842492e-01 4.690273137654158916e-03 -1.238023681171268597e-01 -2.337823224211423963e+02 4.443712545383641729e-03 9.999875555688615414e-01 2.267625680528888993e-03 1.013686839304131615e+00 1.238114632508977020e-01 1.700013325593032788e-03 -9.923043038918881731e-01 -1.183340844795345106e+02
-9.922830667705997421e-01 4.651201889688977645e-03 -1.239059390074393335e-01 -2.338525425878414410e+02 4.402578645447900729e-03 9.999877087321328295e-01 2.280281984706866282e-03 1.014159395177006040e+00 1.239150220982289524e-01 1.717179559768356335e-03 -9.922913476357411167e-01 -1.189458603124541156e+02
-9.923174024323340170e-01 4.608883244497581286e-03 -1.236322410424761931e-01 -2.339359423382245495e+02 4.371329037345142790e-03 9.999880418123271442e-01 2.192650176083766906e-03 1.020932015164890849e+00 1.236408682935929981e-01 1.635367721953212040e-03 -9.923256830597610989e-01 -1.195630775209272940e+02
-9.923722335745057688e-01 4.801029397906075337e-03 -1.231840092993671809e-01 -2.340162797359949991e+02 4.565488665237591066e-03 9.999871705811983480e-01 2.194307694202647565e-03 1.020847726609174666e+00 1.231929638558701412e-01 1.615174829450822516e-03 -9.923814210608117303e-01 -1.201723568286317771e+02
-9.923844866443312096e-01 4.790352689967181804e-03 -1.230856741817390743e-01 -2.340881267408728945e+02 4.559060970889938086e-03 9.999872731036378859e-01 2.160692901396947616e-03 1.024056242246985660e+00 1.230944581641724989e-01 1.583083022511218036e-03 -9.923936961798038858e-01 -1.207753535425292597e+02
-9.923917589407904583e-01 4.689003095356250421e-03 -1.230309312180298542e-01 -2.341593934953353937e+02 4.459267892341879473e-03 9.999877620412844781e-01 2.142591311395127679e-03 1.026595760438603788e+00 1.230394721878640962e-01 1.577662078861182850e-03 -9.924005236123651930e-01 -1.213942771436894930e+02
-9.924650511817982856e-01 4.632503181367673972e-03 -1.224404430610486205e-01 -2.342386838127399926e+02 4.400896333156462115e-03 9.999879789417969178e-01 2.161962850080547966e-03 1.026697646523587970e+00 1.224489864971371744e-01 1.606824873760915370e-03 -9.924735078679176592e-01 -1.220109780523852976e+02
-9.924978861853475109e-01 4.596008976543618924e-03 -1.221753764844001056e-01 -2.343211793218742685e+02 4.353643790352140427e-03 9.999879901539321381e-01 2.250629611032391869e-03 1.022823931201470193e+00 1.221842530908304192e-01 1.701837062370556083e-03 -9.925059758244527686e-01 -1.226351946085174518e+02
-9.925152288200325135e-01 4.669641211251660678e-03 -1.220316148023830316e-01 -2.343942515458923310e+02 4.435866393472150809e-03 9.999877693400047729e-01 2.187295073967917419e-03 1.027926703646422357e+00 1.220403361584122826e-01 1.629607731793167660e-03 -9.925238036082473236e-01 -1.232440781924017159e+02
-9.925275938814761556e-01 4.891630485163693184e-03 -1.219223004008869321e-01 -2.344674421749460294e+02 4.667260342863710845e-03 9.999868487577151521e-01 2.125792206781375055e-03 1.032934417340090727e+00 1.219310955611382502e-01 1.540864306516935827e-03 -9.925373714235901090e-01 -1.238545494731903176e+02
-9.925917895501610300e-01 4.834989695232824042e-03 -1.214008327494331546e-01 -2.345404019290483859e+02 4.613201073623540358e-03 9.999871374635037613e-01 2.107909723377830551e-03 1.034842611752564645e+00 1.214094629485822502e-01 1.532247432559308720e-03 -9.926013270816951284e-01 -1.244575197272778126e+02
-9.925924116770390437e-01 4.817410077023399212e-03 -1.213964449286284025e-01 -2.346141039233976073e+02 4.599116336532829696e-03 9.999872642748388607e-01 2.078320727584847226e-03 1.037657215415891399e+00 1.214049109800866139e-01 1.504609010163558865e-03 -9.926019261222718271e-01 -1.250647024082050649e+02
-9.926249834045630660e-01 4.924404825869092145e-03 -1.211255239749319534e-01 -2.346926155308601381e+02 4.704186689165069588e-03 9.999867218506078848e-01 2.103984331778378358e-03 1.038404544335033819e+00 1.211342765227263751e-01 1.518670334813954298e-03 -9.926349685013768909e-01 -1.256689380191739076e+02
-9.926255290013183963e-01 5.025254453424610190e-03 -1.211169104317440515e-01 -2.347665486107592017e+02 4.814097190131779933e-03 9.999863395599478677e-01 2.035967028386600000e-03 1.043098296303060168e+00 1.211254871738262073e-01 1.437884270394589482e-03 -9.926361613631291547e-01 -1.262742678553365749e+02
-9.926324739131360264e-01 5.027331082801040664e-03 -1.210598929260673917e-01 -2.348431288158960797e+02 4.820211276110247973e-03 9.999863753376465603e-01 2.003672211004875643e-03 1.047147410520550936e+00 1.210683166494878615e-01 1.405375842753843864e-03 -9.926431824288119987e-01 -1.268798515896870498e+02
-9.926385372641572946e-01 5.160209259850397079e-03 -1.210045725519037496e-01 -2.349176315800507950e+02 4.955610462646571276e-03 9.999857374109444308e-01 1.991707717577868766e-03 1.048686135161796651e+00 1.210131243420187463e-01 1.377394309667938528e-03 -9.926499516556170910e-01 -1.274780203205595797e+02
-9.926396350613666542e-01 4.960806756854565028e-03 -1.210039061417388928e-01 -2.349920122232072401e+02 4.762281497720434464e-03 9.999867982092812690e-01 1.929788093714354625e-03 1.053341620494518072e+00 1.210118819793084555e-01 1.339329485719683655e-03 -9.926501551988773375e-01 -1.280714395610079350e+02
-9.926256209815682574e-01 5.133496976747173139e-03 -1.211116170305163164e-01 -2.350593055878606776e+02 4.927800700569356408e-03 9.999858625824759040e-01 1.997852706565917368e-03 1.050511636574167351e+00 1.211201607958484749e-01 1.386305872234633915e-03 -9.926368846687176895e-01 -1.286784311656290356e+02
-9.926419445689582677e-01 4.923740494885425409e-03 -1.209864730533799088e-01 -2.351381762663749271e+02 4.715317760616731177e-03 9.999868648985109632e-01 2.008932269543426807e-03 1.050005080726827522e+00 1.209947753449445856e-01 1.423660769363937996e-03 -9.926521231172782400e-01 -1.292732022009472530e+02
-9.926410684626014724e-01 5.020759703988910208e-03 -1.209896738297115415e-01 -2.352145271408638507e+02 4.811289065997165909e-03 9.999863786208568195e-01 2.023380900324565305e-03 1.052934002658019397e+00 1.209981846927820626e-01 1.426374684009542367e-03 -9.926517036485216217e-01 -1.298760203644106070e+02
-9.926354362066469594e-01 5.081841904462093898e-03 -1.210333246246593913e-01 -2.352843746469823429e+02 4.886167963076530271e-03 9.999862319844814440e-01 1.913427321728646859e-03 1.059975668315937147e+00 1.210413819711124023e-01 1.307946610908178580e-03 -9.926466003196638965e-01 -1.304751280335545971e+02
-9.926121489537347298e-01 4.962813004777375490e-03 -1.212290898940077272e-01 -2.353572851321940789e+02 4.768465672970422821e-03 9.999868386807098108e-01 1.893198480267571388e-03 1.062405892935373020e+00 1.212368899492868718e-01 1.301135058169316291e-03 -9.926227498717656861e-01 -1.310774500494160577e+02
-9.925823556690258620e-01 5.151879530762743485e-03 -1.214649140773909064e-01 -2.354345514164533597e+02 4.945547594444293059e-03 9.999857704623459353e-01 2.000107951975176740e-03 1.057820181000292070e+00 1.214734900030394749e-01 1.384561348939048310e-03 -9.925937105464412991e-01 -1.316615828209791914e+02
-9.925195557088839493e-01 5.081251627752395375e-03 -1.219799672787937189e-01 -2.355080806730585437e+02 4.876330731513292549e-03 9.999861535297386306e-01 1.978420429234259946e-03 1.060793508422784415e+00 1.219883311388307440e-01 1.368806302358399141e-03 -9.925305906798389532e-01 -1.322527458802730393e+02
-9.924952567330325159e-01 4.989417557891861511e-03 -1.221813041134550415e-01 -2.355681959493959425e+02 4.793896584683037844e-03 9.999867152574005713e-01 1.894165845393021384e-03 1.065524092583033156e+00 1.221891317506060004e-01 1.294226080516676976e-03 -9.925059904408060074e-01 -1.328341268727661486e+02
-9.926160134869232987e-01 5.066144917941588915e-03 -1.211931678973667548e-01 -2.356466868543261910e+02 4.873248846425703995e-03 9.999863433858184880e-01 1.887985047804007725e-03 1.068516180570172613e+00 1.212010776148864377e-01 1.283439726023612691e-03 -9.926271462978739635e-01 -1.334253696309730515e+02
-9.927092398238122062e-01 5.014086171033270076e-03 -1.204293324248659064e-01 -2.357233570394477624e+02 4.811372180845442312e-03 9.999864769646230611e-01 1.973977106951033990e-03 1.063255587333204799e+00 1.204376015460569965e-01 1.380154973484181043e-03 -9.927199400163586596e-01 -1.340134224915209984e+02
-9.927351096506105144e-01 5.114117147304893599e-03 -1.202116794358767254e-01 -2.357958808791300669e+02 4.916491384246976515e-03 9.999860311670487611e-01 1.940511077748463932e-03 1.066726260624693223e+00 1.202199242199851331e-01 1.335393791314498342e-03 -9.927463858125915586e-01 -1.345943286708561288e+02
-9.927345439217549750e-01 5.056008214190606948e-03 -1.202188091997391517e-01 -2.358582876240292592e+02 4.859871810685407675e-03 9.999863386327195736e-01 1.924628252822108794e-03 1.068421095278493382e+00 1.202268977826881913e-01 1.326396948840300469e-03 -9.927455533623332773e-01 -1.351944273363726836e+02
-9.927223295037932438e-01 5.012142246962964648e-03 -1.203214649788623136e-01 -2.359327542297894240e+02 4.815834060981709006e-03 9.999865562435302779e-01 1.922257657537375809e-03 1.070315243579408104e+00 1.203294820352039385e-01 1.328819890384584819e-03 -9.927331212319048248e-01 -1.357780565330693889e+02
-9.926287648168232725e-01 5.083173077401966639e-03 -1.210879705408136053e-01 -2.359983921671333178e+02 4.862306607817418191e-03 9.999859329194106250e-01 2.119419200536147574e-03 1.060671280911498204e+00 1.210970405611934975e-01 1.515029623869456298e-03 -9.926395173740361066e-01 -1.363570512483987613e+02
-9.925752946351324990e-01 5.041038919159992332e-03 -1.215272496463061652e-01 -2.360763886945174477e+02 4.813096463657724408e-03 9.999860643983176089e-01 2.169126920047781404e-03 1.058121269803077302e+00 1.215364907441860848e-01 1.568099416256738595e-03 -9.925857255077816799e-01 -1.369481362190597622e+02
-9.925513732216511009e-01 5.008981979193006216e-03 -1.217237923141886585e-01 -2.361455176506061946e+02 4.785530479900205157e-03 9.999862850594345431e-01 2.128001658174276389e-03 1.061547106963609322e+00 1.217327820015691592e-01 1.529638049790235784e-03 -9.925617310744940802e-01 -1.375317405225094944e+02
-9.925534694803801461e-01 4.970782816401347545e-03 -1.217082640606289845e-01 -2.362206003319444108e+02 4.749345412452501275e-03 9.999864968967882017e-01 2.109441215837100890e-03 1.064225491803419521e+00 1.217171061955255318e-01 1.515698611870120328e-03 -9.925636748930037889e-01 -1.381324960498813255e+02
-9.925691176638411495e-01 5.060226391462540468e-03 -1.215768924133653200e-01 -2.362993348603565096e+02 4.843891138415851172e-03 9.999861156666959294e-01 2.074895773926479971e-03 1.068173048058650654e+00 1.215857038416237462e-01 1.470572235773401522e-03 -9.925798476891600775e-01 -1.387219793938980956e+02
-9.925523397988011975e-01 5.001316929662534896e-03 -1.217162256599112063e-01 -2.363649780194740515e+02 4.771062989493526571e-03 9.999862354274848819e-01 2.183097230324658813e-03 1.061758308701589604e+00 1.217254686492339616e-01 1.586122484500177530e-03 -9.925625393382466743e-01 -1.393113510986301549e+02
-9.925289142752267146e-01 5.085005424830512863e-03 -1.219036383684657110e-01 -2.364230567409199466e+02 4.866626963358782268e-03 9.999859757504782065e-01 2.089077395301581347e-03 1.069062200054553102e+00 1.219125517313116025e-01 1.480210185580083018e-03 -9.925397416265846484e-01 -1.398881199420182497e+02
-9.925223028706779971e-01 4.985931017358503393e-03 -1.219615463831820040e-01 -2.364996695612589690e+02 4.756791365950633309e-03 9.999863321950879236e-01 2.169875322717836324e-03 1.065769010940205375e+00 1.219706982852345883e-01 1.573504021432653704e-03 -9.925324543030862312e-01 -1.404675987315057455e+02
-9.925127147535788286e-01 5.016379887115425019e-03 -1.220383013045888143e-01 -2.365771757527946306e+02 4.785388321052419687e-03 9.999861610656897160e-01 2.185803221073307715e-03 1.064216322508972024e+00 1.220475772438691098e-01 1.585436827080529678e-03 -9.925229847610430589e-01 -1.410405926683852726e+02
-9.925105315284996621e-01 4.932266186295866141e-03 -1.220594836761295099e-01 -2.366484370869405609e+02 4.720470694704658431e-03 9.999868096086309555e-01 2.024293746515560231e-03 1.076598639923309841e+00 1.220678580193665930e-01 1.432954646620025058e-03 -9.925207225441416981e-01 -1.416203162241035329e+02
-9.925182005866997059e-01 5.004914732069142350e-03 -1.219941487640497507e-01 -2.367216933313020490e+02 4.790242484697927738e-03 9.999864194613168333e-01 2.052917405317995769e-03 1.076213195188039373e+00 1.220027666943589301e-01 1.453176334785222582e-03 -9.925286964100645815e-01 -1.421930002318906929e+02
-9.925182888378960566e-01 4.987658187369117466e-03 -1.219941375152943513e-01 -2.367939726552770026e+02 4.769429784593565841e-03 9.999864613313442785e-01 2.080791567122837644e-03 1.075267236892787137e+00 1.220028641541845565e-01 1.483381212617834993e-03 -9.925286397471628774e-01 -1.427814100104907595e+02
-9.925466690308852868e-01 5.004178300310418645e-03 -1.217623422706441277e-01 -2.368674000005798916e+02 4.778498971431639070e-03 9.999862815534323879e-01 2.145379341629064657e-03 1.072359493522452523e+00 1.217714077412050538e-01 1.547547892042221368e-03 -9.925569652933012854e-01 -1.433488038829909215e+02
-9.925404290713004674e-01 5.088057618236736974e-03 -1.218097218149365446e-01 -2.369343668692652329e+02 4.863452846101574099e-03 9.999858810638303508e-01 2.141144415669469104e-03 1.073816005096896342e+00 1.218188962574052736e-01 1.532756558788499765e-03 -9.925511609846411343e-01 -1.439213438917283270e+02
-9.925446930147945324e-01 5.019448018146320523e-03 -1.217778202701979284e-01 -2.370063146630221524e+02 4.800858969047047328e-03 9.999862952239637615e-01 2.088328856034863193e-03 1.078375347596825629e+00 1.217866335905826158e-01 1.488121582651880754e-03 -9.925551880741083632e-01 -1.444796689216655068e+02
-9.925641997795637828e-01 4.923269308029765839e-03 -1.216226571625334957e-01 -2.370737560179031789e+02 4.713472476684887544e-03 9.999868661758174460e-01 2.012623432042103325e-03 1.086769734095341056e+00 1.216309684791092999e-01 1.424392919205585799e-03 -9.925743693102528908e-01 -1.450474218531770418e+02
-9.925934956248205765e-01 4.962405255662410974e-03 -1.213817407083046390e-01 -2.371477811372251665e+02 4.748060176201442453e-03 9.999866162634587496e-01 2.055047084919593009e-03 1.083695989792576642e+00 1.213903141435209304e-01 1.463498560518825507e-03 -9.926037728137551142e-01 -1.456119289111700539e+02
-9.926017661046926399e-01 4.853046813893742949e-03 -1.213185140960217900e-01 -2.372196729163998725e+02 4.619279284099370338e-03 9.999868932813914535e-01 2.208058949970986146e-03 1.073108165864740782e+00 1.213276398218475771e-01 1.631319114463003527e-03 -9.926111739312661886e-01 -1.461590095693882745e+02
-9.925708532396124717e-01 4.983498315095722352e-03 -1.215658917777961562e-01 -2.372737490734001540e+02 4.752668022214336964e-03 9.999863107924713557e-01 2.188692379812398874e-03 1.077055988351353522e+00 1.215751349818622734e-01 1.594669936465130215e-03 -9.925809506442966335e-01 -1.467254060799217541e+02
-9.925827714601156426e-01 4.843392655754929707e-03 -1.214742085717750164e-01 -2.373370971431762939e+02 4.626419558638459814e-03 9.999871594294591493e-01 2.068143677024175588e-03 1.085221128304772131e+00 1.214826656055273124e-01 1.490813128311781893e-03 -9.925924336975340267e-01 -1.472906463160007320e+02
-9.926128776010809673e-01 4.901818110931039155e-03 -1.212256053798427546e-01 -2.374109462115481222e+02 4.680409692878834127e-03 9.999868184382089131e-01 2.111093303352770071e-03 1.083874697760576655e+00 1.212343556324230187e-01 1.528112900280443817e-03 -9.926227359300994202e-01 -1.478477160837344968e+02
-9.926795968572903472e-01 4.848481902382605242e-03 -1.206801980711448286e-01 -2.374804281621376276e+02 4.627413994606651738e-03 9.999870631092072637e-01 2.112026028442150899e-03 1.084729506315792680e+00 1.206888769645778070e-01 1.538127909039739560e-03 -9.926891906027612844e-01 -1.484030287059864008e+02
-9.927872255948164693e-01 4.908630113742046795e-03 -1.197891065420989831e-01 -2.375488931994247537e+02 4.686659366629855085e-03 9.999867391292643903e-01 2.134663814679518042e-03 1.085536645887012153e+00 1.197979963093250555e-01 1.557856227957575383e-03 -9.927970654490498870e-01 -1.489568008018988223e+02
-9.928484570478812721e-01 4.856076239839288156e-03 -1.192826888580025696e-01 -2.376153193521691662e+02 4.645186024411537828e-03 9.999871180591717312e-01 2.045962490044592706e-03 1.090925244572136688e+00 1.192910876152983718e-01 1.477240422181191155e-03 -9.928582246102890529e-01 -1.495053394512860052e+02
-9.928995907707909296e-01 4.892634864137077738e-03 -1.188548054193991343e-01 -2.376747074717976034e+02 4.680996266001779399e-03 9.999869227591688947e-01 2.059753530335078041e-03 1.091104408772408663e+00 1.188633287484187617e-01 1.488769536993814245e-03 -9.929095087892512161e-01 -1.500514849540612659e+02
-9.929468790643944942e-01 4.857562965768283218e-03 -1.184605395830750640e-01 -2.377317928564871465e+02 4.637121259333027400e-03 9.999869662670615167e-01 2.136446213926687307e-03 1.086948916270948695e+00 1.184693735220455069e-01 1.572061713914706246e-03 -9.929564623684477009e-01 -1.505921557976820111e+02
-9.929762465900759949e-01 4.861633585456625641e-03 -1.182139510665548426e-01 -2.377897792292444592e+02 4.645118722032504262e-03 9.999869916091861377e-01 2.107008416608933607e-03 1.091323982839243811e+00 1.182226567961627423e-01 1.543091471753349616e-03 -9.929859124321791519e-01 -1.511339457020661428e+02
-9.930538058207616370e-01 4.814832176714709498e-03 -1.175625626464956858e-01 -2.378617228200264719e+02 4.604445354693824204e-03 9.999872753811481774e-01 2.061106198974293688e-03 1.094082984661201907e+00 1.175709905881412026e-01 1.505478959628627628e-03 -9.930633392212329102e-01 -1.516648757315012972e+02
-9.931123863277810937e-01 4.788534653569322466e-03 -1.170677498639659392e-01 -2.379201861811835386e+02 4.584024930972855141e-03 9.999874609084915544e-01 2.016120338734427378e-03 1.097765028518643993e+00 1.170759362028454958e-01 1.465592596735207408e-03 -9.931218843629254778e-01 -1.521751086732323017e+02
-9.931697170850397605e-01 4.827141883553809180e-03 -1.165787792287211744e-01 -2.379816067597486153e+02 4.621082555708848176e-03 9.999872464576784470e-01 2.037772804683913880e-03 1.097686304160516935e+00 1.165871290547811356e-01 1.485134076851833858e-03 -9.931793572741725029e-01 -1.527131177241660680e+02
-9.932412096368252730e-01 4.755285003523249121e-03 -1.159710599404507742e-01 -2.380477077488631608e+02 4.566635873080085103e-03 9.999877823799950827e-01 1.892333887624773111e-03 1.106914481634613256e+00 1.159786416370663237e-01 1.349946397018002547e-03 -9.932507902482365925e-01 -1.532220832011236951e+02
-9.932483708221901963e-01 4.746166875262615437e-03 -1.159100848030830688e-01 -2.381007786153114409e+02 4.553363487450952374e-03 9.999877745518116479e-01 1.928115107094994542e-03 1.106705586950847975e+00 1.159178189063997944e-01 1.387316440910053243e-03 -9.932578389386497175e-01 -1.537255931045783370e+02
-9.931973219194363267e-01 4.816534026106385202e-03 -1.163438040122234118e-01 -2.381519504327086167e+02 4.619517715037812014e-03 9.999874033005909935e-01 1.962981462391594992e-03 1.105271811595091025e+00 1.163517932313024028e-01 1.412175667755477754e-03 -9.932070609755769830e-01 -1.542201313022151794e+02
-9.931902179353235827e-01 4.787322861971651279e-03 -1.164056379107136635e-01 -2.382188130410282554e+02 4.589365448457580730e-03 9.999875311904194986e-01 1.968549839414327537e-03 1.106750045925383397e+00 1.164136105546316052e-01 1.420916431391368740e-03 -9.931998048097523402e-01 -1.547284058255530397e+02
-9.932020466104221068e-01 4.758214004329343501e-03 -1.163058640325548565e-01 -2.382837667735616094e+02 4.556405582104156894e-03 9.999876175808534162e-01 2.000963053170003690e-03 1.105546535381375373e+00 1.163139448950189503e-01 1.457423911490905331e-03 -9.932114287192339575e-01 -1.552182377379015179e+02
-9.931693658819020776e-01 4.672627157697678210e-03 -1.165880664098420949e-01 -2.383321086690139055e+02 4.477741709381666615e-03 9.999881057544580676e-01 1.933437041840986061e-03 1.110942030151051529e+00 1.165957139131823805e-01 1.398179193038283103e-03 -9.931784756991159924e-01 -1.557060483585110262e+02
-9.931602866680706576e-01 4.679018374267759212e-03 -1.166651266336672516e-01 -2.383959469097845272e+02 4.489558240478780382e-03 9.999881420471241622e-01 1.886698689768959636e-03 1.114066105249832850e+00 1.166725711219295109e-01 1.350019330932531640e-03 -9.931695165456926322e-01 -1.561785363954498678e+02
-9.931062572848290415e-01 4.793803582402170887e-03 -1.171195166867289722e-01 -2.384320299336822870e+02 4.601537549462030724e-03 9.999875850452939474e-01 1.911964294088997450e-03 1.114754487267105132e+00 1.171272282345165311e-01 1.359853850356125635e-03 -9.931159867828158738e-01 -1.566564909847164131e+02
-9.930774169413794095e-01 4.799995338797635389e-03 -1.173635548447000826e-01 -2.384839331008838030e+02 4.608539087125235884e-03 9.999875706033648504e-01 1.902631404881091875e-03 1.116929211117324572e+00 1.173712287084012901e-01 1.348585751045096141e-03 -9.930871945544117452e-01 -1.571327037931126256e+02
-9.930518222853457200e-01 4.694203632069221706e-03 -1.175841941249543832e-01 -2.385381691381371354e+02 4.504908178430622016e-03 9.999880938997389723e-01 1.875596190735317288e-03 1.119366069058313151e+00 1.175915985862008573e-01 1.332858217313478760e-03 -9.930611458671183556e-01 -1.576035217007097629e+02
-9.930541358361051341e-01 4.681800223556514297e-03 -1.175651480902145246e-01 -2.386044876883891561e+02 4.493235475953626275e-03 9.999881589345633870e-01 1.868910276061119379e-03 1.121311533925291259e+00 1.175725058581511967e-01 1.327681185014397292e-03 -9.930634134479563446e-01 -1.580590757930200425e+02
-9.929956395285957083e-01 4.597187538074828592e-03 -1.180615337183784225e-01 -2.386493961536594384e+02 4.417459351502225212e-03 9.999886516987533946e-01 1.783963729216286268e-03 1.126829021783314566e+00 1.180683951363524636e-01 1.249936178011998040e-03 -9.930046786040225282e-01 -1.585199180647140906e+02
-9.929543992335863045e-01 4.719623277840894436e-03 -1.184030666781197560e-01 -2.386912940826669569e+02 4.543045385470669169e-03 9.999881294029360213e-01 1.761190461735395946e-03 1.130281306862926494e+00 1.184099733185239867e-01 1.210871311170784318e-03 -9.929640537347634854e-01 -1.589750907094121146e+02
-9.929409103471420472e-01 4.774962955398195236e-03 -1.185139160088938826e-01 -2.387509922029013012e+02 4.588742542365319144e-03 9.999877712493594473e-01 1.844124078944582145e-03 1.126431816709837497e+00 1.185212723559296855e-01 1.287276393487996919e-03 -9.929506789960003132e-01 -1.594417137929307842e+02
-9.929319221422343578e-01 4.701582585451095746e-03 -1.185921292165720148e-01 -2.388119927835653300e+02 4.519370545081000286e-03 9.999881579407647880e-01 1.805344319607903904e-03 1.129559777842692458e+00 1.185992128169668230e-01 1.256622229737024751e-03 -9.929414119774477854e-01 -1.599005158383724279e+02
-9.929128614516926632e-01 4.761669003392935730e-03 -1.187492150378901129e-01 -2.388656709240800353e+02 4.567486059806765385e-03 9.999877499893153887e-01 1.907339088860912418e-03 1.125773105854484424e+00 1.187568424761554914e-01 1.351436128180993077e-03 -9.929224471153255127e-01 -1.603519462123691710e+02
-9.928776560088672376e-01 4.769717475559033699e-03 -1.190428914028133639e-01 -2.389126497929949267e+02 4.576062286498954433e-03 9.999877246329620384e-01 1.900062457247673640e-03 1.126100736348604192e+00 1.190504928687351055e-01 1.341781872998312969e-03 -9.928872945954729801e-01 -1.607983068942007492e+02
-9.928530725888204955e-01 4.703169821874401101e-03 -1.192503938969000921e-01 -2.389628201888512535e+02 4.509868174150694943e-03 9.999880429350219702e-01 1.890787147303918956e-03 1.128771386840552449e+00 1.192578607052424133e-01 1.339470272621581933e-03 -9.928624116560151869e-01 -1.612475890364983968e+02
-9.928214918171414105e-01 4.763555771029346318e-03 -1.195106435527942129e-01 -2.390126173096940363e+02 4.574269591562406430e-03 9.999878116584018928e-01 1.858115266675117346e-03 1.131312643347101243e+00 1.195180381519477947e-01 1.298102868356994580e-03 -9.928311807579643933e-01 -1.616925760821146980e+02
-9.928210097513634480e-01 4.748056082589226755e-03 -1.195152649652745369e-01 -2.390757954049319096e+02 4.563762406310544091e-03 9.999879376450304669e-01 1.815664379071964610e-03 1.132386592278790793e+00 1.195224442060232317e-01 1.257190468971046502e-03 -9.928307029917755600e-01 -1.621364169330335869e+02
-9.927834605900105469e-01 4.800357066692903692e-03 -1.198246925760960285e-01 -2.391211242719495544e+02 4.604697163085852592e-03 9.999875748115019114e-01 1.909708524132415399e-03 1.129173895731487409e+00 1.198323710145131754e-01 1.344170615333636475e-03 -9.927932292589416452e-01 -1.625766621722656566e+02
-9.927936086038364749e-01 4.854726824537454119e-03 -1.197383912654247651e-01 -2.391784504433150857e+02 4.656186160919761549e-03 9.999872822824754648e-01 1.937834808118629130e-03 1.127968438703852438e+00 1.197462761250123187e-01 1.366345771689350154e-03 -9.928035870470175439e-01 -1.630039652570570468e+02
-9.927618133372755338e-01 4.812294696771052260e-03 -1.200034324468921831e-01 -2.392257056041265173e+02 4.610862541505916790e-03 9.999874566110279472e-01 1.956161350937828808e-03 1.128795094630209883e+00 1.200113408220561673e-01 1.388682958415822640e-03 -9.927715495690503378e-01 -1.634422575438306069e+02
-9.927775687412745409e-01 4.849175524898499505e-03 -1.198715333216880397e-01 -2.392767477860568306e+02 4.666068175098293282e-03 9.999874791030258780e-01 1.808160656747086030e-03 1.137223224861966031e+00 1.198788005109709676e-01 1.235772593966435063e-03 -9.927877648592104975e-01 -1.638762840773644598e+02
-9.928082742561958884e-01 4.874743555861888594e-03 -1.196159163476981507e-01 -2.393228594649239653e+02 4.674916354889315298e-03 9.999871690556724202e-01 1.951123034752207108e-03 1.132011783437416819e+00 1.196238927869751473e-01 1.377896689354923387e-03 -9.928183246068762458e-01 -1.642940844914557772e+02
-9.929188756321003506e-01 4.838045884739338234e-03 -1.186958285935246632e-01 -2.393767878868612513e+02 4.633677047530577672e-03 9.999872690309401513e-01 1.997701945049446415e-03 1.129062287771786854e+00 1.187039824542775041e-01 1.433557832535117035e-03 -9.929286527547869223e-01 -1.647117783726112066e+02
-9.930598646248083305e-01 4.939776795457579035e-03 -1.175061865459417210e-01 -2.394264942947129668e+02 4.725747358989213116e-03 9.999866286073089139e-01 2.099980592059246236e-03 1.124905329611473714e+00 1.175149887599773457e-01 1.530101891730700856e-03 -9.930699301685377289e-01 -1.651322853024301764e+02
-9.932135656480589603e-01 4.994477666479247430e-03 -1.161975395845756265e-01 -2.394826514010130722e+02 4.776789410812621803e-03 9.999862758661688389e-01 2.151827649967163244e-03 1.121089367723323127e+00 1.162066921291314003e-01 1.582173236233887139e-03 -9.932237922201907487e-01 -1.655538164703708333e+02
-9.933468128683109466e-01 4.878367867390554988e-03 -1.150578588855164647e-01 -2.395283291205418834e+02 4.669077709073741339e-03 9.999869189955964410e-01 2.088432675730696533e-03 1.126729606997543653e+00 1.150665419560162189e-01 1.537323858151008749e-03 -9.933565963729438231e-01 -1.659735949547715563e+02
-9.935574063923049426e-01 4.926183178754497960e-03 -1.132228462912218264e-01 -2.395629023879379815e+02 4.723329486682588396e-03 9.999867235601307414e-01 2.059820874448135396e-03 1.127145801689349414e+00 1.132314901498541609e-01 1.511761477195960402e-03 -9.935674834734073979e-01 -1.663816690182318041e+02
-9.937827944048032158e-01 4.973980740596562616e-03 -1.112250738843270637e-01 -2.396061651364031491e+02 4.761982383982361205e-03 9.999863037431584445e-01 2.171600762158859121e-03 1.119775325596659599e+00 1.112343520175151645e-01 1.628447631255528416e-03 -9.937928693090714027e-01 -1.667923982302727097e+02
-9.940068978282887713e-01 4.863627343150685525e-03 -1.092091214086520490e-01 -2.396475773525041859e+02 4.664627603109447115e-03 9.999869623468850000e-01 2.077591291339731579e-03 1.124710298199081082e+00 1.092178022078225952e-01 1.555720192225545180e-03 -9.940166253215170222e-01 -1.671922709886245570e+02
-9.942866008734045913e-01 4.712694260180180263e-03 -1.066393259375769675e-01 -2.397010738630334572e+02 4.538718779285269740e-03 9.999879438632669482e-01 1.874075761084092887e-03 1.137141356502999301e+00 1.066468722253647583e-01 1.379362507024338392e-03 -9.942960032121324065e-01 -1.676029470604235883e+02
-9.946175440803679546e-01 5.051229268654488375e-03 -1.034911884674879767e-01 -2.397344357224383771e+02 4.850738038158561652e-03 9.999858394976710585e-01 2.188868343041011025e-03 1.122041913240640731e+00 1.035007794561122740e-01 1.675078211157233609e-03 -9.946279619862716803e-01 -1.680022609162892024e+02
-9.949802500266258232e-01 4.919775014998775155e-03 -9.995047709118709545e-02 -2.397704400335385344e+02 4.737616806812017418e-03 9.999866560943793115e-01 2.059762164269746381e-03 1.127910178303168198e+00 9.995927692788666996e-02 1.575895613084408011e-03 -9.949902811128716884e-01 -1.684007526189478199e+02
-9.952830156697618502e-01 4.920387409971509890e-03 -9.688915577628233466e-02 -2.397973220680461282e+02 4.746413212995344993e-03 9.999866833541168898e-01 2.026000011014708699e-03 1.130433062109511333e+00 9.689783424265176193e-02 1.556567431537179058e-03 -9.952931160301043967e-01 -1.688146870677333027e+02
-9.956964656335602903e-01 4.807938572065834255e-03 -9.254961940237098339e-02 -2.398479149766254466e+02 4.649631433370806678e-03 9.999873355304805811e-01 1.926059756046432422e-03 1.134620318705578557e+00 9.255770768753023015e-02 1.487449272174701242e-03 -9.957062108083349905e-01 -1.692031028007192788e+02
-9.960434016815009617e-01 5.032039073109387771e-03 -8.872553493504978239e-02 -2.398741843517286156e+02 4.869535323766432423e-03 9.999860467842749401e-01 2.047892206264266025e-03 1.130029535465108648e+00 8.873460200211993887e-02 1.607737392918196168e-03 -9.960540073650629989e-01 -1.695927652730667035e+02
-9.964763213889717974e-01 4.698032391150199459e-03 -8.374287672844352159e-02 -2.399068520007738528e+02 4.569660467978857617e-03 9.999880720121973043e-01 1.724539514175912110e-03 1.146329364986578225e+00 8.374997978692874656e-02 1.335786277915141686e-03 -9.964859038444595640e-01 -1.699815504319128081e+02
-9.968899824270667231e-01 4.643634156930297532e-03 -7.866892396861306647e-02 -2.399526432293379798e+02 4.525310806970573099e-03 9.999883456829130601e-01 1.682278351236761189e-03 1.148411288610420522e+00 7.867581902124153037e-02 1.321045104193938492e-03 -9.968993782429447226e-01 -1.703743290724478641e+02
-9.973513531498396922e-01 5.030205084635157656e-03 -7.256015026852039029e-02 -2.399707759174141017e+02 4.895643027489611152e-03 9.999859512810828077e-01 2.032220415018349494e-03 1.128986505213659397e+00 7.256935337682940412e-02 1.671609187081599243e-03 -9.973619677294669472e-01 -1.707593902263925543e+02
-9.978174354438562599e-01 4.849954882069397628e-03 -6.585471480378501941e-02 -2.399854268240386546e+02 4.734282163619701368e-03 9.999869645115966321e-01 1.912427587659006707e-03 1.133312483979359575e+00 6.586313154292924854e-02 1.596478789304168816e-03 -9.978273894611404682e-01 -1.711370097881227252e+02
-9.982657422842786676e-01 4.814255991884246536e-03 -5.867137906051168861e-02 -2.399930363861252829e+02 4.716761503674974862e-03 9.999872558540633394e-01 1.800080658584371192e-03 1.139410505721872191e+00 5.867929739299110325e-02 1.520219952693157390e-03 -9.982757279373069004e-01 -1.715254168790069400e+02
-9.986486340455813515e-01 4.888960927025899975e-03 -5.173976980958248928e-02 -2.400128431919500258e+02 4.801848487704827098e-03 9.999868368991698953e-01 1.807838348416349571e-03 1.136956396271570302e+00 5.174792720482335184e-02 1.556948761806867861e-03 -9.986589647825514504e-01 -1.719090536289146200e+02
-9.990802188133660611e-01 4.775449532141826450e-03 -4.261351261752643893e-02 -2.400390310407785535e+02 4.706491429681193550e-03 9.999874479394232907e-01 1.718401007167500794e-03 1.141430335690347464e+00 4.262118386742039244e-02 1.516260322327014432e-03 -9.990901539102343687e-01 -1.722966428449928458e+02
-9.994303214109494515e-01 5.051014969766507920e-03 -3.336944548806477367e-02 -2.400540946506386604e+02 4.988725920190084998e-03 9.999856556465139823e-01 1.949644815011247236e-03 1.127740864350523342e+00 3.337881451008941486e-02 1.782063126455203476e-03 -9.994411833584375682e-01 -1.726807987828958915e+02
-9.997252487647143582e-01 5.036817776165689736e-03 -2.289230108616907913e-02 -2.400576778342872615e+02 4.997279010413755232e-03 9.999859220961153650e-01 1.784043742166702574e-03 1.134842051859767720e+00 2.290096471378869417e-02 1.669154358226753766e-03 -9.997363451125031997e-01 -1.730672136250574624e+02
-9.998942559960528609e-01 5.144801797451348940e-03 -1.360175873058449419e-02 -2.400582528877988011e+02 5.119207295129397234e-03 9.999850615001277809e-01 1.915853140284398811e-03 1.123937571962046800e+00 1.361141222539322473e-02 1.846020327782172147e-03 -9.999056563827311006e-01 -1.734529856782923503e+02
-9.999860445652419827e-01 4.833247258231379573e-03 -2.133165652866824205e-03 -2.400608571786575851e+02 4.829756844638290886e-03 9.999869944798791543e-01 1.638389428626017569e-03 1.136441749005993707e+00 2.141056651151826591e-03 1.628063892776557449e-03 -9.999963826356461638e-01 -1.738461218909456818e+02
-9.999564160884635289e-01 4.878485970787923252e-03 7.960295104335230604e-03 -2.400627285419404302e+02 4.891398507283922260e-03 9.999867514869972274e-01 1.603455994242721297e-03 1.138600030862966905e+00 -7.952367204689347185e-03 1.642323084949400599e-03 -9.999670307718779849e-01 -1.742279771931462165e+02
-9.997719097007740086e-01 4.905812831325533432e-03 2.078609087182272525e-02 -2.400538429733077805e+02 4.939664357345560988e-03 9.999865554587682448e-01 1.577535338596108318e-03 1.135497789807170532e+00 -2.077807231926100118e-02 1.679851830296776646e-03 -9.997827012948983239e-01 -1.746143824290365671e+02
-9.994262352174716479e-01 5.017479320189852966e-03 3.349664550820716930e-02 -2.400562600886109976e+02 5.078702949558865608e-03 9.999855843989434723e-01 1.742920151258652971e-03 1.122437696031576282e+00 -3.348741756811311060e-02 1.912039637399961297e-03 -9.994373101746021337e-01 -1.750053137459154016e+02
-9.989084036701050273e-01 4.729973732325200644e-03 4.647180247993373120e-02 -2.400379117512364360e+02 4.796229087988233830e-03 9.999876343130013057e-01 1.314308800359286367e-03 1.146389193209021995e+00 -4.646501117806813713e-02 1.535763516521967444e-03 -9.989187375190453633e-01 -1.754033038386746455e+02
-9.982742910722000040e-01 4.908705180559103445e-03 5.851789809748404042e-02 -2.400197717332010257e+02 4.998941933084704789e-03 9.999865311449955829e-01 1.395746448452305031e-03 1.137712934851334401e+00 -5.851025862057713384e-02 1.685865370980756030e-03 -9.982853837926832785e-01 -1.757947588979991167e+02
-9.972837525844386874e-01 4.777375877765978329e-03 7.350029599139637493e-02 -2.399885438582018367e+02 4.880217543544982522e-03 9.999873478587882891e-01 1.219671707630851348e-03 1.144494906861074135e+00 -7.349353922507756431e-02 1.575056211460127212e-03 -9.972944494431437157e-01 -1.761907724319701458e+02
-9.961696346361883503e-01 4.967466048815633202e-03 8.730053441908527945e-02 -2.399728272552894737e+02 5.108878559037803753e-03 9.999859745056278726e-01 1.396478391799720531e-03 1.130209345428701662e+00 -8.729237302693193534e-02 1.837137197822665121e-03 -9.961810410453735276e-01 -1.765662685583050688e+02
-9.946188594996123733e-01 4.802826398057543147e-03 1.034903724328058855e-01 -2.399312678571995434e+02 4.940714787901393998e-03 9.999872156213051033e-01 1.076072178806710290e-03 1.144435959889620991e+00 -1.034838811848268342e-01 1.581598096708179690e-03 -9.946298733108640544e-01 -1.769691743970891764e+02
-9.927274726181227749e-01 4.786525143984179421e-03 1.202882134137864684e-01 -2.398759806657739659e+02 4.946100404309068145e-03 9.999872394916020646e-01 1.028078185598510280e-03 1.144229450563314376e+00 -1.202817575529436939e-01 1.615559039842579024e-03 -9.927384795448215282e-01 -1.773675159731334077e+02
-9.904158100845144030e-01 4.797525918638825999e-03 1.380344409185434718e-01 -2.398364648727066424e+02 4.965927823364219874e-03 9.999872863267400547e-01 8.756401861184073734e-04 1.148374890855194730e+00 -1.380284850872746938e-01 1.552716955016937269e-03 -9.904270424289560726e-01 -1.777547680608995222e+02
-9.881801343613736410e-01 4.726640300398277268e-03 1.532242830787885202e-01 -2.397808336198594361e+02 4.901991673307729523e-03 9.999876912905955040e-01 7.666452500273950987e-04 1.151794239797853114e+00 -1.532187734292795034e-01 1.508687765980347819e-03 -9.881911410906558668e-01 -1.781481563093537659e+02
-9.852195411386297508e-01 4.833037506347865643e-03 1.712282030129683996e-01 -2.397160227201113969e+02 5.040235299305059584e-03 9.999869973373063381e-01 7.753608487651672022e-04 1.144395968839752697e+00 -1.712222292423379588e-01 1.626931092699812533e-03 -9.852310903074994464e-01 -1.785494051677502796e+02
-9.824103658736178524e-01 4.833781749724702127e-03 1.866721928356228910e-01 -2.396472403640914877e+02 5.070206714805213129e-03 9.999868350653330351e-01 7.891133553705254652e-04 1.140008416017980197e+00 -1.866659209066644232e-01 1.721699745747905198e-03 -9.824219407780203639e-01 -1.789319487692602593e+02
-9.787161135205701967e-01 4.731221190899657057e-03 2.051642870512153105e-01 -2.395736333557331648e+02 4.969673566768630264e-03 9.999874417999092824e-01 6.469830854299680675e-04 1.143283024157720096e+00 -2.051586495369631113e-01 1.652812305088921605e-03 -9.787273352326755216e-01 -1.793253555706608893e+02
-9.745576728728215787e-01 4.713576131450381533e-03 2.240873143325235461e-01 -2.394940035370692328e+02 4.953631767670447182e-03 9.999876010994565023e-01 5.090969108219263505e-04 1.145801480647572257e+00 -2.240821362291526286e-01 1.606190339686900965e-03 -9.745689387496259126e-01 -1.797177452235841031e+02
-9.706603406303662140e-01 4.757416823628814011e-03 2.404077164163159752e-01 -2.394058407203096692e+02 5.031959535602846707e-03 9.999872001466324489e-01 5.281345764107823679e-04 1.140172390573799266e+00 -2.404021266764784781e-01 1.722361188891150495e-03 -9.706718554492870243e-01 -1.801094494750880131e+02
-9.657363252125643616e-01 4.725206376119509694e-03 2.594822201801811890e-01 -2.393047275794228312e+02 5.007417123912264248e-03 9.999873718087683994e-01 4.266107584051288554e-04 1.141970076415279367e+00 -2.594769275652077933e-01 1.711329218799325811e-03 -9.657477907888920576e-01 -1.805040767129300718e+02
-9.603203043882557743e-01 4.755526784185064477e-03 2.788589212212030377e-01 -2.392020950798224135e+02 5.062095931291330474e-03 9.999871155794880506e-01 3.792885418147312962e-04 1.137643871253110284e+00 -2.788535245687789876e-01 1.775849098444641679e-03 -9.603320041504133098e-01 -1.808961585657735611e+02
-9.551880922490980641e-01 4.709858281132799258e-03 2.959620341538775623e-01 -2.390910685828344526e+02 4.976326552004024621e-03 9.999876071950348777e-01 1.470727587205174474e-04 1.146938337721627121e+00 -2.959576736622606674e-01 1.613285876769125510e-03 -9.551996925821863993e-01 -1.812876192026900526e+02
-9.487637576264404959e-01 4.734398581781310532e-03 3.159508152934977221e-01 -2.389739986869653592e+02 5.055767005170480437e-03 9.999872000310544573e-01 1.974690896900368944e-04 1.137133975992235202e+00 -3.159458362354954919e-01 1.784725222766970478e-03 -9.487755494959453362e-01 -1.816721444999631956e+02
-9.418315735631521690e-01 4.714684480487974297e-03 3.360521667685047453e-01 -2.388529895341994518e+02 5.053115504178607234e-03 9.999872241392685490e-01 1.325969143116204627e-04 1.135189610802608939e+00 -3.360472482602095412e-01 1.822994374566478185e-03 -9.418433646993815689e-01 -1.820630834145535175e+02
-9.355696443796328587e-01 4.674934026082796894e-03 3.531112933725283343e-01 -2.387100216302483773e+02 4.997290158247372389e-03 9.999875134668134713e-01 1.238487291694927682e-06 1.138486392199802522e+00 -3.531068784467986665e-01 1.765758282251595444e-03 -9.355813243600188400e-01 -1.824410982002275148e+02
-9.278230727395133659e-01 4.639344940706523202e-03 3.729917186355881653e-01 -2.385680507885043937e+02 4.964126690919036522e-03 9.999876746243069325e-01 -8.969764616440813187e-05 1.138250543192192099e+00 -3.729875375108465119e-01 1.768354600288923363e-03 -9.278346672676136553e-01 -1.828234036785640910e+02
-9.195920566585675804e-01 4.583923057985083045e-03 3.928478547476940141e-01 -2.384192493384148008e+02 4.883363423703378746e-03 9.999880481880305538e-01 -2.371555717004872593e-04 1.141812126897322699e+00 -3.928442466068948757e-01 1.700332465027136952e-03 -9.196034508294161913e-01 -1.831960731969811320e+02
-9.121548885304491261e-01 4.574872283600399901e-03 4.098201189224270347e-01 -2.382648730442046485e+02 4.884941893232915867e-03 9.999880264462589485e-01 -2.903563600892560166e-04 1.140054126965005521e+00 -4.098165402624731057e-01 1.737097494342536904e-03 -9.121663147801455374e-01 -1.835625843430866553e+02
-9.025435987001810823e-01 4.594822012147783789e-03 4.305739658363053612e-01 -2.381088122548994477e+02 4.902912162826831600e-03 9.999879030090962351e-01 -3.940657228300456852e-04 1.138849993861690280e+00 -4.305705678488147559e-01 1.755404838487988582e-03 -9.025552086472068414e-01 -1.839320809382099640e+02
-8.937019690697136642e-01 4.591600649108707258e-03 4.486376128730141244e-01 -2.379376612876057777e+02 4.907078338322597849e-03 9.999878547185603317e-01 -4.593446995418394791e-04 1.136608646294229974e+00 -4.486342731703619191e-01 1.790982649423648963e-03 -8.937136461518597752e-01 -1.842883863007108687e+02
-8.827858754254533924e-01 4.580483660840074280e-03 4.697532515254680963e-01 -2.377619442321360737e+02 4.903581107310301009e-03 9.999878339202863398e-01 -5.356339588007131810e-04 1.134446775823140241e+00 -4.697499899325607853e-01 1.830623076050379942e-03 -8.827975961552645412e-01 -1.846388352450259731e+02
-8.711729412533610883e-01 4.540395149631952683e-03 4.909552843588234072e-01 -2.375846632766876212e+02 4.863036530330338940e-03 9.999879839194957265e-01 -6.187829401299592457e-04 1.132811701604183652e+00 -4.909521945196626547e-01 1.848466528645258209e-03 -8.711845532766406830e-01 -1.849815568996094441e+02
-8.585384551016714827e-01 4.565842717387245606e-03 5.127288505554528086e-01 -2.373986096774648900e+02 4.949039231604439315e-03 9.999875624913022731e-01 -6.179590502782338979e-04 1.124284569299485614e+00 -5.127252949897438405e-01 2.006973588232415038e-03 -8.585503735569024464e-01 -1.853262741964331610e+02
-8.469630486316019891e-01 4.552205668911482768e-03 5.316322711011919333e-01 -2.372053662173310329e+02 4.863742619875940400e-03 9.999878406451504498e-01 -8.139837693476999160e-04 1.128877634551144871e+00 -5.316295122172872700e-01 1.896308360232936557e-03 -8.469748908640755136e-01 -1.856685222040463543e+02
-8.326965029559540987e-01 4.520849420698616963e-03 5.537112026006347776e-01 -2.370006419280647094e+02 4.846478319999705103e-03 9.999878719072985422e-01 -8.761770403479962220e-04 1.126474630460631898e+00 -5.537084482043050926e-01 1.953959781476866196e-03 -8.327083141342794814e-01 -1.860031904829846496e+02
-8.197773483675281359e-01 4.526831128813888633e-03 5.726644802180732574e-01 -2.367915419580578487e+02 4.842973316513024540e-03 9.999878003617270750e-01 -9.719759103513676704e-04 1.124371970428318601e+00 -5.726618938893702770e-01 1.976594962545971234e-03 -8.197892707027787385e-01 -1.863418967290717490e+02
-8.037392557785441038e-01 4.565136388159101236e-03 5.949641739216827707e-01 -2.365646137935844990e+02 4.861363567258717919e-03 9.999875722847997306e-01 -1.105631140764050955e-03 1.122499121167530367e+00 -5.949618272333275781e-01 2.003698008683767184e-03 -8.037514599236947888e-01 -1.866732431841055586e+02
-7.865355768533890402e-01 4.517880851165128123e-03 6.175284407187425773e-01 -2.363326329521339630e+02 4.857381053115811254e-03 9.999875652853892349e-01 -1.129213843471431810e-03 1.116168924356528036e+00 -6.175258635824184550e-01 2.111404085941735384e-03 -7.865477415768062919e-01 -1.870093061965105505e+02
-7.704526629684587125e-01 4.440283417286972935e-03 6.374817471959370874e-01 -2.361119872293761830e+02 4.593667092368820988e-03 9.999884501673783621e-01 -1.413419431401592577e-03 1.130776463271115473e+00 -6.374806603713205622e-01 1.839406159265034564e-03 -7.704641615529732590e-01 -1.873157148961729206e+02
-7.504298552863133409e-01 4.404891030891609771e-03 6.609354198633702326e-01 -2.358625896751969151e+02 4.552671778351970872e-03 9.999885183753230988e-01 -1.495425425975233265e-03 1.128006272897571272e+00 -6.609344184369899677e-01 1.886810147319108785e-03 -7.504412931554516053e-01 -1.876314521223364977e+02
-7.293490588565758603e-01 4.370411171274135760e-03 6.841278022790932001e-01 -2.355698691948924477e+02 4.500362812782592904e-03 9.999886086415437081e-01 -1.590384136871991847e-03 1.125071155194445449e+00 -6.841269597666660429e-01 1.918878147119498171e-03 -7.293604190159186373e-01 -1.879811278784051751e+02
-7.105118769135441159e-01 4.329770595678478044e-03 7.036718879217653821e-01 -2.352987921402973086e+02 4.431570628767000398e-03 9.999887720252547130e-01 -1.678393632423623699e-03 1.124167867640531115e+00 -7.036712541709764235e-01 1.925853060830069654e-03 -7.105230869883349953e-01 -1.882859365948555137e+02
-6.875868201269295099e-01 4.343977519678491814e-03 7.260891781641197751e-01 -2.350375307430411738e+02 4.425644479179658905e-03 9.999886017273655892e-01 -1.791671368352106518e-03 1.119840282804855480e+00 -7.260886849818569688e-01 1.981482943856443212e-03 -6.875982077250213376e-01 -1.885785031186637468e+02
-6.672116740433036153e-01 4.314281109478234309e-03 7.448556699111854584e-01 -2.347577278684081818e+02 4.399635670172927400e-03 9.999886083982441054e-01 -1.851021262137480779e-03 1.116288405490980740e+00 -7.448551706380928117e-01 2.042070579471306439e-03 -6.672230546986863686e-01 -1.888598458404821940e+02
-6.422909121689888146e-01 4.311141491583182252e-03 7.664488229517791851e-01 -2.344657327242128417e+02 4.254601796216564251e-03 9.999888286181911612e-01 -2.059369411631410077e-03 1.120835614529213320e+00 -7.664491388922580750e-01 1.938220280949059854e-03 -6.423020790823104065e-01 -1.891325545456157897e+02
-6.153686423989759291e-01 4.293620215203675788e-03 7.882277581876250272e-01 -2.341639608315434486e+02 4.214483557804090882e-03 9.999887929401264364e-01 -2.156877949687045336e-03 1.116519509250022413e+00 -7.882281852867115690e-01 1.994697870967320538e-03 -6.153798413175568527e-01 -1.893953739016151019e+02
-5.908758986955280346e-01 4.235727828246911922e-03 8.067513439409430553e-01 -2.338641375476492783e+02 4.021551434841969669e-03 9.999892573270742213e-01 -2.304854551481020850e-03 1.121864118551687106e+00 -8.067524400116863337e-01 1.882509020317559142e-03 -5.908865853063338669e-01 -1.896476550469000415e+02
-5.617279183406145293e-01 4.090775955686986633e-03 8.273119189935566054e-01 -2.335540668966757778e+02 3.978682790539486182e-03 9.999895690954822003e-01 -2.243163722074543228e-03 1.111409275615663717e+00 -8.273124656621421158e-01 2.031564006409742554e-03 -5.617383349102282875e-01 -1.898978156876549122e+02
-5.325586967772315550e-01 4.104163342367192838e-03 8.463831226638425242e-01 -2.331903754545440677e+02 3.841774516829287323e-03 9.999896637465456317e-01 -2.431700769531437451e-03 1.114918697529369451e+00 -8.463843543305249462e-01 1.956589719350493566e-03 -5.325689593857039217e-01 -1.901604611870192798e+02
-5.030203270840334362e-01 4.266066344366669510e-03 8.642640517910122888e-01 -2.328296494205135900e+02 3.723603953038742784e-03 9.999892342097161935e-01 -2.768797259868868536e-03 1.123208507154473068e+00 -8.642665591782856538e-01 1.825415736429679761e-03 -5.030307968141873864e-01 -1.904087039878367875e+02
-4.771883848294342645e-01 4.136176911465660848e-03 8.787912934391379771e-01 -2.324545213294255745e+02 3.640176524709288781e-03 9.999896481038476059e-01 -2.729981687099986964e-03 1.116452816603483278e+00 -8.787934879701515545e-01 1.896239884614885334e-03 -4.771985014389246160e-01 -1.906383591922640903e+02
-4.465495059831436908e-01 4.200094609328682699e-03 8.947490698019663347e-01 -2.320574582323397692e+02 3.589826789116752799e-03 9.999893442447223002e-01 -2.902505923228328091e-03 1.115556685803057890e+00 -8.947517263743253180e-01 1.915881594181636106e-03 -4.465598252730338391e-01 -1.908467981081132336e+02
-4.193265520475009112e-01 4.308700969086630764e-03 9.078252463133607009e-01 -2.316851253517664304e+02 3.493145916972565605e-03 9.999889922056910407e-01 -3.132634522093990896e-03 1.118827950420570483e+00 -9.078287507451821003e-01 1.857569219509486863e-03 -4.193369871082652800e-01 -1.910495614959592672e+02
-3.873756519985340763e-01 4.008694086458867989e-03 9.219132467919269880e-01 -2.313392759013933357e+02 3.363962456563241929e-03 9.999900356023772030e-01 -2.934698033401725303e-03 1.108583264339669583e+00 -9.219158247884141621e-01 1.964450986308556059e-03 -3.873852771299146625e-01 -1.912152237870818681e+02
-3.565544504148210336e-01 3.834775952296812923e-03 9.342666741261730357e-01 -2.309457040543284165e+02 3.266903451660131859e-03 9.999905802275864675e-01 -2.857760999890436929e-03 1.102309388898446096e+00 -9.342688324198890060e-01 2.033211619740982537e-03 -3.565636195958399313e-01 -1.913826143509021165e+02
-3.265560585568973995e-01 3.743124657863479421e-03 9.451704235943800825e-01 -2.305244438606973745e+02 3.147608935410032942e-03 9.999909199475123245e-01 -2.872730498636912565e-03 1.098696396858509949e+00 -9.451725943856887913e-01 2.036919321859896256e-03 -3.265648753033649765e-01 -1.915524951701308964e+02
-3.017679604526284365e-01 3.643223416941244238e-03 9.533744411129320140e-01 -2.300933138148962769e+02 3.037591802647595599e-03 9.999912970013526969e-01 -2.859887688846920670e-03 1.095850949162436194e+00 -9.533765631062584012e-01 2.032939912191458753e-03 -3.017764007920633595e-01 -1.917015162562220780e+02
-2.737769319959071357e-01 3.903045338206137527e-03 9.617852971136520157e-01 -2.297083001611895554e+02 2.852697894991837110e-03 9.999906625838376195e-01 -3.246052965890311882e-03 1.105944980971786062e+00 -9.617889860159700710e-01 1.854988470412549748e-03 -2.737855098359778250e-01 -1.918214640153301787e+02
-2.475112731366015950e-01 3.921032687457918359e-03 9.688770794961361066e-01 -2.292878329276259137e+02 2.768189866286218867e-03 9.999905914484470415e-01 -3.339781347510244539e-03 1.105256614212235089e+00 -9.688810591580176990e-01 1.855402179818054680e-03 -2.475197985769792552e-01 -1.919417479001000686e+02
-2.233312594919136806e-01 3.794953005826974535e-03 9.747352188494264880e-01 -2.288506443228379794e+02 2.694312093907245617e-03 9.999910043398271275e-01 -3.275961197023327751e-03 1.100622078874824883e+00 -9.747388825814309321e-01 1.894616348325479146e-03 -2.233394752675768036e-01 -1.920544225298904735e+02
-2.015757761405618798e-01 3.764216201105061773e-03 9.794656896235423016e-01 -2.284047513088721360e+02 2.682792888644455146e-03 9.999909860152844665e-01 -3.290974095278197120e-03 1.095374775192893502e+00 -9.794692486727936132e-01 1.964322929279090427e-03 -2.015840577520522370e-01 -1.921496260240939193e+02
-1.847222234301091337e-01 3.773524726810405152e-03 9.827835268675259028e-01 -2.279598498416124244e+02 2.588827410417828771e-03 9.999910276287791167e-01 -3.353003814095001714e-03 1.096120758519521843e+00 -9.827873616116947764e-01 1.924882613152493127e-03 -1.847303350379942977e-01 -1.922408646637784955e+02
-1.675092495777421586e-01 3.896085351649310451e-03 9.858628057822419466e-01 -2.275149819667829263e+02 2.510329828421098159e-03 9.999906349104873415e-01 -3.525384443276669173e-03 1.097537305410946518e+00 -9.858673082875070159e-01 1.884306305519757585e-03 -1.675174612978980182e-01 -1.923230934549573590e+02
-1.545673453268574526e-01 3.796392212053693611e-03 9.879749607984913418e-01 -2.270818607258336215e+02 2.546387554193803911e-03 9.999908267063003509e-01 -3.444185487714887355e-03 1.089897885725040538e+00 -9.879789732929704638e-01 1.983408536383011664e-03 -1.545755945210820492e-01 -1.923963583474313737e+02
-1.419214659658847300e-01 3.888744690641536550e-03 9.898702819879104942e-01 -2.266475241705190342e+02 2.406386053863112696e-03 9.999906839080574539e-01 -3.583490373274654181e-03 1.094121214124718522e+00 -9.898749955445153015e-01 1.873435834659480104e-03 -1.419295016334496395e-01 -1.924694254574661159e+02
-1.316293135651345203e-01 3.911543414683282469e-03 9.912912910131344013e-01 -2.261939788054235123e+02 2.395733654389276858e-03 9.999905498979096974e-01 -3.627750698900151193e-03 1.091889602553417937e+00 -9.912961133135895775e-01 1.897351572901497321e-03 -1.316374406708824552e-01 -1.925241595087091184e+02
-1.241402153738375702e-01 4.046484877889534870e-03 9.922564350444247339e-01 -2.257578110325751481e+02 2.203584980348835282e-03 9.999903431807549703e-01 -3.802335922863042065e-03 1.100252982932784063e+00 -9.922622390981992169e-01 1.714498576530476635e-03 -1.241479333475168367e-01 -1.925796867693269974e+02
-1.169892028283281427e-01 3.930593107459095029e-03 9.931254084250469294e-01 -2.253150900732768207e+02 2.310840294875119751e-03 9.999905383273550719e-01 -3.685549198985213059e-03 1.090817352043315536e+00 -9.931304981918158692e-01 1.863784748879046289e-03 -1.169971788877233188e-01 -1.926365998702933950e+02
-1.114083099101708108e-01 3.865103077877979614e-03 9.937672008378809485e-01 -2.248521276708359267e+02 2.320562557498152215e-03 9.999907220611407022e-01 -3.629157072275524150e-03 1.085493434033365956e+00 -9.937720077927213458e-01 1.901780701313373310e-03 -1.114162454841665095e-01 -1.926898201850974317e+02
-1.069877079585466184e-01 3.797014153553567029e-03 9.942530930448715276e-01 -2.244116526591777472e+02 2.335798316125179894e-03 9.999909081665536714e-01 -3.567580476692104943e-03 1.080956749114267978e+00 -9.942575996149100037e-01 1.940687442377514796e-03 -1.069956043033910564e-01 -1.927426523046969464e+02
-1.043045599509091481e-01 3.928346513789779046e-03 9.945376447712346302e-01 -2.239489133530004494e+02 2.242695241532748074e-03 9.999905857018204225e-01 -3.714677076645060520e-03 1.086505031860885984e+00 -9.945428744360398365e-01 1.842987085614441458e-03 -1.043123880807137471e-01 -1.927879330347138591e+02
-1.025597805759930203e-01 4.035333837809421988e-03 9.947186574549720106e-01 -2.234867130873006431e+02 2.103327806802273749e-03 9.999904157056830334e-01 -3.839857928682843639e-03 1.091817601223724399e+00 -9.947246188872282957e-01 1.698404425561369059e-03 -1.025672852427417236e-01 -1.928296848781609754e+02
-1.024398976669311789e-01 3.908186051830271970e-03 9.947315182740384953e-01 -2.230180864433937984e+02 2.207400990640865333e-03 9.999907130027466673e-01 -3.701525243027086083e-03 1.083000260089994615e+00 -9.947367464544857318e-01 1.816587471752548200e-03 -1.024475732416454399e-01 -1.928696807954006545e+02
-1.030562225665831999e-01 3.908350818561713742e-03 9.946678540016189451e-01 -2.225467494775544708e+02 2.197106393669134936e-03 9.999907352985780706e-01 -3.701626737546004700e-03 1.082114052270926718e+00 -9.946731059568272304e-01 1.803915432681157949e-03 -1.030638548440236946e-01 -1.929225007320733880e+02
-1.043057535429980920e-01 3.875241894189671282e-03 9.945377279309665086e-01 -2.220755226398143520e+02 2.238065918632221960e-03 9.999907912280401323e-01 -3.661764610403727208e-03 1.077042664612218870e+00 -9.945427596834494066e-01 1.843897876690978217e-03 -1.043134660619093879e-01 -1.929704147139137831e+02
-1.054292120733535398e-01 3.902392352273915087e-03 9.944191533631687729e-01 -2.216035531005120163e+02 2.200320103930024709e-03 9.999907675971767551e-01 -3.690977086006303441e-03 1.078421122525130560e+00 -9.944243761257225422e-01 1.798903648919608286e-03 -1.054368252207444900e-01 -1.930142705657019064e+02
-1.063186403567997207e-01 3.833053544004789027e-03 9.943247228210764233e-01 -2.211328916686740911e+02 2.225779624816138277e-03 9.999909819144262579e-01 -3.616904046750480002e-03 1.072649290148232515e+00 -9.943296197025125460e-01 1.828603387954588202e-03 -1.063262130986819542e-01 -1.930732300628097562e+02
-1.082187526887545825e-01 3.940151622988706005e-03 9.941192970522593209e-01 -2.206507573316610831e+02 2.209576115186709551e-03 9.999906288865433313e-01 -3.722890340423485375e-03 1.076487930595909193e+00 -9.941246497999541853e-01 1.793695705375231413e-03 -1.082264446234613153e-01 -1.931211547468207073e+02
-1.097718672324299316e-01 3.891058783775616647e-03 9.939491922758665332e-01 -2.201635614897918458e+02 2.196366300255159221e-03 9.999908456271819901e-01 -3.672143367117341409e-03 1.072958528479111884e+00 -9.939543818201022063e-01 1.779978475926896186e-03 -1.097794085302175038e-01 -1.931751432454634312e+02
-1.119613014266931383e-01 3.824308366899604236e-03 9.937052086249505978e-01 -2.196592775271103335e+02 2.388993599053717502e-03 9.999907405129676574e-01 -3.579329254233794191e-03 1.065904248822792333e+00 -9.937096958832721816e-01 1.973209021212695303e-03 -1.119694009706837523e-01 -1.932246112841521040e+02
-1.146997612536171385e-01 4.010732978798907736e-03 9.933921072715123923e-01 -2.191553710955500378e+02 2.184488306948841399e-03 9.999904502938269379e-01 -3.785146230461600841e-03 1.073732669370018211e+00 -9.933978018795894815e-01 1.735898073605913723e-03 -1.147074273038934944e-01 -1.932855256650420586e+02
-1.168205714891565883e-01 3.932272428989318572e-03 9.931452518692779341e-01 -2.186510313031653538e+02 2.233650564329761959e-03 9.999906727893337344e-01 -3.696638945324313540e-03 1.069529539594210377e+00 -9.931505247856960983e-01 1.786495978117377380e-03 -1.168282652016061629e-01 -1.933370598967499063e+02
-1.184309271917951545e-01 3.937416423286669610e-03 9.929544864878759869e-01 -2.181404999476065996e+02 2.263821025220159357e-03 9.999906098611117677e-01 -3.695308372456095926e-03 1.067308861811497422e+00 -9.929597124752130854e-01 1.810232446788361677e-03 -1.184387287150243662e-01 -1.933950447920060469e+02
-1.200187966676564688e-01 3.921000377896994085e-03 9.927638763585651116e-01 -2.176406366953784755e+02 2.455805156120127817e-03 9.999903135352209427e-01 -3.652650649294432797e-03 1.064249280468626990e+00 -9.927685820308189690e-01 1.999647910795517361e-03 -1.200272633227548180e-01 -1.934465619580633984e+02
-1.211198673958011618e-01 3.815010519315899934e-03 9.926305573660130221e-01 -2.171354469717693974e+02 2.461192550926933481e-03 9.999906948490761005e-01 -3.542985533304170587e-03 1.057023342654237918e+00 -9.926348373159443739e-01 2.013928995632639166e-03 -1.211281298326269962e-01 -1.935024748410520772e+02
-1.220315002904197588e-01 3.918521514629429679e-03 9.925184925864144470e-01 -2.166341755713381474e+02 2.420819513706081415e-03 9.999904071405930628e-01 -3.650378017816260749e-03 1.060282816504353409e+00 -9.925232755808556240e-01 1.957247028426050209e-03 -1.220398156927418043e-01 -1.935704254578903090e+02
-1.229203180569784504e-01 3.938868515747592086e-03 9.924087266462275903e-01 -2.161108598781778198e+02 2.711683387840025609e-03 9.999897236739189177e-01 -3.633086809234093145e-03 1.057111125096563908e+00 -9.924128385817947429e-01 2.244518071874380179e-03 -1.229297358520291539e-01 -1.936320816733404229e+02
-1.237735629040912499e-01 4.061789838377436596e-03 9.923021752416631980e-01 -2.155661165511436934e+02 2.713972383650106734e-03 9.999892681151160145e-01 -3.754731481125098830e-03 1.060869797122294678e+00 -9.923067768991242765e-01 2.228344206674794624e-03 -1.237832581659119580e-01 -1.936891991761484064e+02
-1.243552984127214156e-01 3.996794780120909406e-03 9.922297039436832611e-01 -2.150254890669139058e+02 2.397882318697587035e-03 9.999901777913916545e-01 -3.727530164404866623e-03 1.058018599266784543e+00 -9.922348562296475771e-01 1.915711937236112567e-03 -1.243636608125735510e-01 -1.937643543245545175e+02
-1.249309917453227392e-01 3.890132489109806614e-03 9.921578070905595625e-01 -2.144843062105356353e+02 2.171429629616070112e-03 9.999909905611098493e-01 -3.647422373944440507e-03 1.053054667460812999e+00 -9.921630572617056165e-01 1.698724765080388997e-03 -1.249383133361370302e-01 -1.938371365100771584e+02
-1.252463399819350176e-01 4.047637162080856311e-03 9.921174179271998739e-01 -2.139437978785589678e+02 1.956914786312402045e-03 9.999907403474145307e-01 -3.832714957942415582e-03 1.060250296816245497e+00 -9.921237447040813784e-01 1.461455724223515535e-03 -1.252531011253512627e-01 -1.938967785252353622e+02
-1.259756549585984153e-01 3.832824874496488544e-03 9.920259290014721287e-01 -2.133986699587426870e+02 2.431930368244901268e-03 9.999907246148231899e-01 -3.554771301356653146e-03 1.044113021234743366e+00 -9.920303523947422430e-01 1.964723339908607154e-03 -1.259838076490842340e-01 -1.939556169843806686e+02
-1.264317253537377006e-01 3.872191720692560839e-03 9.919677539896928353e-01 -2.128544841766058653e+02 2.311945417353019477e-03 9.999908155489459771e-01 -3.608839999384515218e-03 1.045141787306755221e+00 -9.919726174307760269e-01 1.837103435350672699e-03 -1.264395164436482588e-01 -1.940284966055159543e+02
-1.267056114665940925e-01 3.976252556950653563e-03 9.919323955988534891e-01 -2.123030765046908073e+02 2.265931306527226453e-03 9.999905168320503135e-01 -3.719112969909418517e-03 1.047854772383369770e+00 -9.919377770698074581e-01 1.776418186180278753e-03 -1.267134198111519172e-01 -1.941094117865490318e+02
-1.274851975275554938e-01 3.815600811685087353e-03 9.918331339503668742e-01 -2.117460110242674034e+02 2.495604831172950570e-03 9.999906688540503019e-01 -3.526210622722793578e-03 1.036945043359089214e+00 -9.918373336227505055e-01 2.025683903042364321e-03 -1.274935301763904238e-01 -1.941748998082003368e+02
-1.279378102893797831e-01 3.804834043250784024e-03 9.917748937819823585e-01 -2.111871714284310144e+02 2.450580463681407452e-03 9.999908012707531269e-01 -3.520231422513436532e-03 1.035587770776558170e+00 -9.917791646096172364e-01 1.980053479163591899e-03 -1.279459574760763996e-01 -1.942501298650799129e+02
-1.281033515669862677e-01 3.804908855189643134e-03 9.917535248164780493e-01 -2.106299898959420034e+02 2.353751525175056501e-03 9.999909906730315434e-01 -3.532481638559478374e-03 1.034588986561091994e+00 -9.917580305553682640e-01 1.881818634386214946e-03 -1.281111532520273766e-01 -1.943221095447309779e+02
-1.283342176350845687e-01 3.796289668821636962e-03 9.917237098954230223e-01 -2.100604054261566205e+02 2.428405270824218320e-03 9.999908783811648494e-01 -3.513687849965389451e-03 1.032720217223056069e+00 -9.917280027466359726e-01 1.957380703072181954e-03 -1.283422659491091355e-01 -1.944015516011688760e+02
-1.288989977913985729e-01 3.738226561457525313e-03 9.916506814551930837e-01 -2.094891540143527493e+02 2.593385328186554456e-03 9.999907458760619594e-01 -3.432566791322531549e-03 1.026701882500976604e+00 -9.916543363092369390e-01 2.129277908718585355e-03 -1.289074996060155520e-01 -1.944815941467042535e+02
-1.296904579601196872e-01 3.760167089195443155e-03 9.915473999045917308e-01 -2.089193608077130762e+02 2.546992109981495358e-03 9.999907738603144303e-01 -3.459049788778981865e-03 1.024662545354250831e+00 -9.915512583549509484e-01 2.076857653016060158e-03 -1.296988385337471961e-01 -1.945497510952939422e+02
-1.301394748869160178e-01 3.733527324607588578e-03 9.914886675347701628e-01 -2.083331990971032894e+02 2.599614857666763222e-03 9.999907579547125946e-01 -3.424325882751383474e-03 1.020579448181078819e+00 -9.914922889658545069e-01 2.131848699108670250e-03 -1.301479778651000174e-01 -1.946219308073650893e+02
-1.309451771814182930e-01 3.640465044126040776e-03 9.913829268184870536e-01 -2.077502914378321464e+02 2.634066142891313810e-03 9.999910057922607454e-01 -3.324158560824264433e-03 1.015495272289859807e+00 -9.913861115975359795e-01 2.176085670446812129e-03 -1.309535886590094123e-01 -1.946921733103878864e+02
-1.312918640164884021e-01 3.815200906158861417e-03 9.913364165030568165e-01 -2.071688212265225104e+02 2.624785048512519228e-03 9.999904271197672667e-01 -3.500881642458058066e-03 1.020539535703329337e+00 -9.913402831250860414e-01 2.142407727543779380e-03 -1.313006212574943099e-01 -1.947692510692870940e+02
-1.317142758899512156e-01 3.685782774290680044e-03 9.912808706578204454e-01 -2.065847758303744968e+02 2.564164105336708393e-03 9.999910088689341059e-01 -3.377461137039277500e-03 1.014455921709333408e+00 -9.912844065096690915e-01 2.096946978836123840e-03 -1.317225425815233830e-01 -1.948428929122706279e+02
-1.322606839995565942e-01 3.785445332418770157e-03 9.912077390091368345e-01 -2.060033604214162608e+02 2.595016891509087809e-03 9.999906029930084594e-01 -3.472724148564574221e-03 1.016610143297484115e+00 -9.912115704305023423e-01 2.112895954492312930e-03 -1.322692644395637718e-01 -1.949106329269721698e+02
-1.326455448617953614e-01 3.559793029575067120e-03 9.911571456141067271e-01 -2.054149511917631514e+02 2.506797183111955565e-03 9.999915570494550821e-01 -3.256040185441141151e-03 1.004554514917656460e+00 -9.911603681525001930e-01 2.052730716156987451e-03 -1.326533486211589619e-01 -1.950032303387478976e+02
-1.330162834560113527e-01 3.660148730950208134e-03 9.911070939342617736e-01 -2.048136802927354836e+02 2.607424898502342086e-03 9.999910127527186221e-01 -3.343014985138217151e-03 1.005733832307614817e+00 -9.911104225417816105e-01 2.139561884945655277e-03 -1.330246315687129144e-01 -1.950834548029799578e+02
-1.333881750557790458e-01 3.506608629839035127e-03 9.910576665619440506e-01 -2.042200941740562712e+02 2.571134902012342082e-03 9.999915996367986226e-01 -3.192165589744274095e-03 9.986696723699658440e-01 -9.910605349929962893e-01 2.122345813912480689e-03 -1.333960705104977329e-01 -1.951624261761593289e+02
-1.336911047353916970e-01 3.766168205465053251e-03 9.910158951760957846e-01 -2.036116175136708932e+02 2.488753775368040405e-03 9.999909015079997410e-01 -3.464535446992344538e-03 1.008289504944130721e+00 -9.910199264491487137e-01 2.003216979265916124e-03 -1.336992614132848090e-01 -1.952443798217073549e+02
-1.347257126328107457e-01 3.636729891665547824e-03 9.908762569318512181e-01 -2.030017063695918011e+02 2.620576223734411535e-03 9.999910753719634116e-01 -3.313873365096295376e-03 1.000280440586891473e+00 -9.908794653921517703e-01 2.150202808891069940e-03 -1.347340405838248767e-01 -1.953096516527273820e+02
-1.353445430055095766e-01 3.478466395498480690e-03 9.907924883395943239e-01 -2.023875683030679511e+02 2.721513203530405260e-03 9.999913699953582036e-01 -3.138996764816078325e-03 9.899786612161856070e-01 -9.907948566905829813e-01 2.271608756345145849e-03 -1.353528416736984319e-01 -1.953949613334454796e+02
-1.361131187250452790e-01 3.719874188903916131e-03 9.906863183909226933e-01 -2.017726520947085760e+02 2.449924862217308427e-03 9.999911568134588480e-01 -3.418210504031482435e-03 1.001696367599056892e+00 -9.906902728800315305e-01 1.961843749922019455e-03 -1.361210284636054091e-01 -1.954755472696411118e+02
-1.368357189587074974e-01 3.795264205534839598e-03 9.905864838501805547e-01 -2.011688490681058283e+02 2.618918695838650182e-03 9.999905517783905795e-01 -3.469527174487352112e-03 1.003104235214433038e+00 -9.905902923418532513e-01 2.119510217032558822e-03 -1.368443655928941460e-01 -1.955571163079841313e+02
-1.373871223052463009e-01 3.635513827437474380e-03 9.905107579748410052e-01 -2.005534116671999243e+02 2.531456781616652114e-03 9.999912873169218841e-01 -3.319189179341317138e-03 9.925823440049201807e-01 -9.905141949266785817e-01 2.051421325803245814e-03 -1.373951284409238305e-01 -1.956334918338686464e+02
-1.372013934201194996e-01 3.610125658882376229e-03 9.905365942943777924e-01 -1.999338879642947404e+02 2.420016554525655957e-03 9.999915957143330481e-01 -3.309383715711728974e-03 9.901666839635547834e-01 -9.905402168329429102e-01 1.943062898898356098e-03 -1.372089769042736940e-01 -1.957362877805253163e+02
-1.382955488560932977e-01 3.504842193175023921e-03 9.903848026135058102e-01 -1.993231437873464245e+02 2.495478721418154140e-03 9.999917970100182796e-01 -3.190375937932745428e-03 9.834064070256370860e-01 -9.903878602610913795e-01 2.030269409544239578e-03 -1.383031606782065825e-01 -1.958116672579997157e+02
-1.390906029591925108e-01 3.639720952645111168e-03 9.902729707509111412e-01 -1.987001421575786253e+02 2.625509915335963972e-03 9.999910862797847244e-01 -3.306668816284508323e-03 9.846264068405713443e-01 -9.902761790864872404e-01 2.140044944152346383e-03 -1.390989192679235043e-01 -1.959005195947015636e+02
-1.401101584694952606e-01 3.603753125296438493e-03 9.901293634960357526e-01 -1.980885482990531443e+02 2.552190720655539771e-03 9.999913688592589889e-01 -3.278495006974502333e-03 9.830390063934214551e-01 -9.901326324367754061e-01 2.067648518794511312e-03 -1.401181466242842344e-01 -1.959871172076598214e+02
-1.404263596730299657e-01 3.656879231188007139e-03 9.900843725376490267e-01 -1.974771964921161498e+02 2.462315648528204740e-03 9.999913765136186905e-01 -3.344233850257142746e-03 9.842212892798648527e-01 -9.900880640178572056e-01 1.968281658375750295e-03 -1.404341530991854992e-01 -1.960746633984266225e+02
-1.409297887072968880e-01 3.661508993440218927e-03 9.900128221426267583e-01 -1.968782048159030751e+02 2.724558889711564159e-03 9.999908084200838099e-01 -3.310567051694084280e-03 9.817452626091800472e-01 -9.900158440316870756e-01 2.230790720400541161e-03 -1.409384693367592423e-01 -1.961594637337458380e+02
-1.409843050012025145e-01 3.748659960484435148e-03 9.900047339744537656e-01 -1.962632081857515800e+02 2.638012892238750674e-03 9.999907036274520156e-01 -3.410798536076019120e-03 9.829172520098388155e-01 -9.900083164455280027e-01 2.130776190494208105e-03 -1.409928833718840924e-01 -1.962520952669674443e+02
-1.415953168716037602e-01 3.843352969569705305e-03 9.899171656648759754e-01 -1.956562722766565514e+02 2.528265368971718656e-03 9.999906057842947726e-01 -3.520826235887032467e-03 9.870020933052441325e-01 -9.899213979474603686e-01 2.004240781580865147e-03 -1.416037037108679453e-01 -1.963478079921572999e+02
-1.424576365190666216e-01 3.423298340407828193e-03 9.897949801983612073e-01 -1.950621557778969475e+02 2.787973796250921548e-03 9.999914400206539877e-01 -3.057300693470170819e-03 9.652194797883683064e-01 -9.897969736261640339e-01 2.323986637533867819e-03 -1.424659611507099743e-01 -1.964259197861692883e+02
-1.431374720593030503e-01 3.369019731358225290e-03 9.896970818379339230e-01 -1.944634708413956048e+02 2.335354335840889809e-03 9.999925719041805605e-01 -3.066309930232562556e-03 9.642785552036543528e-01 -9.897000607318352516e-01 1.872389519275468239e-03 -1.431442766752824003e-01 -1.964989427912601911e+02
-1.436651603824277146e-01 3.333574000492616103e-03 9.896207399689413986e-01 -1.938664189158483566e+02 2.531298223033536486e-03 9.999922931219398237e-01 -3.001037492352506657e-03 9.594477450125141749e-01 -9.896231172631315687e-01 2.073880687908013706e-03 -1.436724914424989397e-01 -1.965863205102035920e+02
-1.444774722294459579e-01 3.346850149672983381e-03 9.895024298162516940e-01 -1.932802489666573535e+02 2.766660769529317651e-03 9.999917374220806954e-01 -2.978367968345605517e-03 9.546137272602284174e-01 -9.895042221266044935e-01 2.307310478490836713e-03 -1.444855380720846405e-01 -1.966567301746372038e+02
-1.447830808891064081e-01 3.324596328699691572e-03 9.894578346486067044e-01 -1.926813046464356205e+02 2.395675863181681402e-03 9.999926019632287000e-01 -3.009444462065619282e-03 9.567940714108247313e-01 -9.894605197911723327e-01 1.934703611121158309e-03 -1.447899744337295402e-01 -1.967605200657472437e+02
-1.449651918853738231e-01 3.704728031132074363e-03 9.894298197102469050e-01 -1.920850784899629389e+02 2.601683858541024331e-03 9.999909603945252856e-01 -3.363089403398279720e-03 9.676393887534666671e-01 -9.894333349866157867e-01 2.086652690408006411e-03 -1.449735199883503967e-01 -1.968662933967161450e+02
-1.455089341029172090e-01 3.812849983844412288e-03 9.893495905246201261e-01 -1.914992960265000761e+02 2.824144416453487801e-03 9.999901004299236451e-01 -3.438495378235362047e-03 9.675324769410786896e-01 -9.893529068560660278e-01 2.293734324595815902e-03 -1.455182616660199990e-01 -1.969566298197338767e+02
-1.470081431576102382e-01 3.688730929674967091e-03 9.891284037522531936e-01 -1.909107269085970984e+02 2.736089332753472488e-03 9.999907370584759647e-01 -3.322591219084835082e-03 9.616343514815081095e-01 -9.891314976586860208e-01 2.217895708640567343e-03 -1.470168741271247193e-01 -1.970198460132013736e+02
-1.468311748811907957e-01 3.442508161981347112e-03 9.891555768535928994e-01 -1.903357419261054417e+02 2.319148394833108091e-03 9.999923936036749783e-01 -3.135966440415541290e-03 9.544691265298912430e-01 -9.891588485343152382e-01 1.833540931466027396e-03 -1.468380417123598125e-01 -1.971399755497722026e+02
-1.483980817944028363e-01 3.446583364108340725e-03 9.889217008352364502e-01 -1.897522567742334729e+02 2.350225011107964865e-03 9.999923319427391766e-01 -3.132490721418825213e-03 9.527996725371795650e-01 -9.889249141174165647e-01 1.859332901033082779e-03 -1.484050441158393241e-01 -1.972076417303724156e+02
-1.484846549537421900e-01 3.164952874388269211e-03 9.889096471956229095e-01 -1.891737206997469798e+02 2.153855710905921896e-03 9.999935417951169025e-01 -2.877025136207754345e-03 9.410012554268520901e-01 -9.889123662634848877e-01 1.702774606539201457e-03 -1.484905128612419301e-01 -1.973104055747264454e+02
-1.495767352873271783e-01 3.284501403818993436e-03 9.887446648712262531e-01 -1.886015507123119903e+02 2.117506559154525535e-03 9.999932534607010037e-01 -3.001532784118616723e-03 9.431037562903941129e-01 -9.887478528051311111e-01 1.644713838487520639e-03 -1.495826811152702884e-01 -1.973881038632397633e+02
-1.502704503803491409e-01 3.622271619391534848e-03 9.886382912323409267e-01 -1.880266149408058425e+02 2.220847487280258863e-03 9.999920017256680449e-01 -3.326307431639738844e-03 9.531147234795720458e-01 -9.886424326210795366e-01 1.695769149056387207e-03 -1.502772929888873676e-01 -1.974890960865543263e+02
-1.516325477332012284e-01 3.237664536679004529e-03 9.884316304106658402e-01 -1.874603886852876542e+02 2.113811358290688946e-03 9.999934109056909382e-01 -2.951261890015655955e-03 9.372780531101453372e-01 -9.884346727373948260e-01 1.641850647844873704e-03 -1.516383924241158088e-01 -1.975567893798065882e+02
-1.533423882098374769e-01 3.005965426649659378e-03 9.881685464281675380e-01 -1.868781154560572304e+02 2.207349468913608406e-03 9.999939203925568565e-01 -2.699404794885216109e-03 9.254327037137530798e-01 -9.881706530688036949e-01 1.767300138162563065e-03 -1.533480911645008771e-01 -1.976333015368572035e+02
-1.543340120611869093e-01 3.148188333987543032e-03 9.880137153052640508e-01 -1.863234328497990191e+02 2.091032968999650098e-03 9.999937247470621626e-01 -2.859728591903754925e-03 9.302902038798758211e-01 -9.880165182334857965e-01 1.624615865532545852e-03 -1.543396265418233160e-01 -1.977397143034507110e+02
-1.558261461402108417e-01 3.649213964749709917e-03 9.877777560851070948e-01 -1.857552814010193742e+02 2.413634277435131731e-03 9.999915972588524493e-01 -3.313575299242448990e-03 9.470631662622754909e-01 -9.877815479895666329e-01 1.867792581748625464e-03 -1.558336446413519649e-01 -1.978234391659359517e+02
-1.578100689102324150e-01 3.518887130599267568e-03 9.874632142940366064e-01 -1.852010931966980536e+02 2.379162822456868873e-03 9.999921030233274166e-01 -3.183311993365146083e-03 9.390021094405744950e-01 -9.874666180356744816e-01 1.846977082956409184e-03 -1.578171946932369618e-01 -1.979216535630554290e+02
-1.603781994134070299e-01 3.433291720081551451e-03 9.870496672715505238e-01 -1.846467491703801045e+02 2.224548109179480364e-03 9.999926682518422982e-01 -3.116861926813474775e-03 9.342968023060287397e-01 -9.870531315682169460e-01 1.695862767352615281e-03 -1.603846610834431807e-01 -1.980184978518248329e+02
-1.633527176955897886e-01 3.567290006614803628e-03 9.865612824672750358e-01 -1.840887297020447022e+02 2.586217005502121791e-03 9.999915752062257246e-01 -3.187632063431559189e-03 9.355647497750333441e-01 -9.865643420999291591e-01 2.030753205111702955e-03 -1.633605672687092891e-01 -1.980924575830129868e+02
-1.664536403632366213e-01 3.540600319460804248e-03 9.860429249070266078e-01 -1.835292350575276146e+02 2.538747255750920927e-03 9.999917778413452973e-01 -3.162121451959426857e-03 9.335504064362739607e-01 -9.860460133138806427e-01 1.976967142710994545e-03 -1.664612604443416188e-01 -1.981856492495803650e+02
-1.700579758626141746e-01 3.046857163294331219e-03 9.854293488154985958e-01 -1.829785810726348245e+02 2.025311695086528391e-03 9.999941887228311899e-01 -2.742377272458870405e-03 9.186692622791494678e-01 -9.854319778442592881e-01 1.529438456831539762e-03 -1.700631584440277511e-01 -1.982726338291955130e+02
-1.731040576323208402e-01 3.505393700356662298e-03 9.848973029946987978e-01 -1.824388656647239770e+02 2.331949520603396157e-03 9.999923220595846596e-01 -3.149259168962512123e-03 9.330590177384072703e-01 -9.849007804051428394e-01 1.751581252878864001e-03 -1.731109029508397512e-01 -1.983834255566250420e+02
-1.778092810358786746e-01 3.282768842623290731e-03 9.840594915990750202e-01 -1.818992573148417193e+02 2.258474654815182010e-03 9.999931634995022911e-01 -2.927839901915063256e-03 9.237516746684641955e-01 -9.840623754974771042e-01 1.701876312659150042e-03 -1.778154794928690219e-01 -1.984679332972574741e+02
-1.833135407387902482e-01 3.195113660722862133e-03 9.830493054931184194e-01 -1.813556496067202488e+02 2.312246360411242090e-03 9.999933533260745300e-01 -2.819010542982614432e-03 9.172445000277822391e-01 -9.830517785440278100e-01 1.756289374717139983e-03 -1.833197102033921055e-01 -1.985573602361313874e+02
-1.892635475563979597e-01 2.753665897861365310e-03 9.819224648058981764e-01 -1.808220888942231284e+02 1.902973929696566337e-03 9.999952184986738990e-01 -2.437554104473662123e-03 9.044957935331290333e-01 -9.819244819519423739e-01 1.407232714335674610e-03 -1.892678827469089775e-01 -1.986592820697675279e+02
-1.950318476842933801e-01 3.077245209108698826e-03 9.807920824266344040e-01 -1.803015840223838495e+02 2.329971942520258580e-03 9.999937099965701126e-01 -2.674172403323498565e-03 9.102570651295009974e-01 -9.807941423252884983e-01 1.763669248653546365e-03 -1.950377908282998618e-01 -1.987540460664866373e+02
-2.022796135254965044e-01 3.690404662264447702e-03 9.793208559330310869e-01 -1.797971066709155252e+02 2.714445101120797725e-03 9.999911714222031733e-01 -3.207626138275261780e-03 9.281640195905638269e-01 -9.793240473611217745e-01 2.009475324228241627e-03 -2.022878450850482679e-01 -1.988584890228868289e+02
-2.100615413511226492e-01 3.819971364957393430e-03 9.776807028186462745e-01 -1.792845284230053835e+02 2.864367342888291153e-03 9.999904799763991159e-01 -3.291710238750489639e-03 9.299433817039344241e-01 -9.776839695141350539e-01 2.108974950492603466e-03 -2.100704833615198996e-01 -1.989591720820089051e+02
-2.172971538580661388e-01 4.043281387019039344e-03 9.760971257005165436e-01 -1.787936013067061083e+02 3.002010352535422564e-03 9.999894597547076547e-01 -3.473947802017633528e-03 9.347501014783312634e-01 -9.761008835458698796e-01 2.175374706403104298e-03 -2.173070014653453175e-01 -1.990668699012225886e+02
-2.264397351670508485e-01 4.084615943340526127e-03 9.740166129230403147e-01 -1.783017651978170477e+02 3.209343369485967781e-03 9.999889076316119674e-01 -3.447423512163995483e-03 9.318515369774802437e-01 -9.740198901729948400e-01 2.345320091350660673e-03 -2.264503323491853237e-01 -1.991845141398993064e+02
-2.347726385958175399e-01 3.860518842200928637e-03 9.720426454436180697e-01 -1.778136070200248184e+02 3.017510236296052761e-03 9.999901896847200877e-01 -3.242709714335945299e-03 9.242301234099776774e-01 -9.720456279407526656e-01 2.171849116907473287e-03 -2.347819845573375641e-01 -1.993112962496624903e+02
-2.455343265118459239e-01 3.470059064044170305e-03 9.693816860217994158e-01 -1.773338381417016762e+02 2.707048152697073828e-03 9.999921483919352871e-01 -2.893966962596133865e-03 9.126448575059611379e-01 -9.693841170530252960e-01 1.913594673295113038e-03 -2.455417922895268834e-01 -1.994242787963095225e+02
-2.574016608244460436e-01 3.668402949433640942e-03 9.662975358680252480e-01 -1.768406578423038980e+02 2.940183804876362900e-03 9.999911381997863558e-01 -3.013111529524732397e-03 9.177872737651154855e-01 -9.663000260395373520e-01 2.065512453702151186e-03 -2.574101655612950346e-01 -1.995459709296444544e+02
-2.678003559346795459e-01 3.591580556175942573e-03 9.634677316393986946e-01 -1.763675727483804963e+02 2.951705802730672512e-03 9.999914175066983990e-01 -2.907291832294098873e-03 9.128159859376731022e-01 -9.634699044568615367e-01 2.065299506729424955e-03 -2.678086588290873316e-01 -1.996717936957158201e+02
-2.806620727548525540e-01 3.487704076798358796e-03 9.598003109174439995e-01 -1.758875846719780043e+02 2.791256511704886568e-03 9.999921351437351946e-01 -2.817541083891284773e-03 9.084070740591232429e-01 -9.598025889754806528e-01 1.888271947107807939e-03 -2.806696004647066811e-01 -1.998079703262620228e+02
-2.936035408726931362e-01 3.754454474027357682e-03 9.559199050436282263e-01 -1.754121875305465039e+02 3.177077744096120596e-03 9.999905966879589769e-01 -2.951730453083480088e-03 9.134417908047816059e-01 -9.559219983680806720e-01 2.170393342725520335e-03 -2.936127082207324879e-01 -1.999627044870990176e+02
-3.052243235449219050e-01 3.295754504602246403e-03 9.522747766893705501e-01 -1.749274985605706547e+02 2.912818009046069193e-03 9.999925641403211163e-01 -2.527282198716380209e-03 8.983162867365782622e-01 -9.522760250094460810e-01 2.002415119590793009e-03 -3.052316538727557482e-01 -2.001125951459452210e+02
-3.188651004646876341e-01 3.687918467667336379e-03 9.477929346450206793e-01 -1.744465533621089719e+02 3.241550572734744340e-03 9.999908248120074061e-01 -2.800471689820913622e-03 9.093125538763762172e-01 -9.477945663779303587e-01 2.179346043409251428e-03 -3.188741293916677044e-01 -2.002704782605008802e+02
-3.332654732617845728e-01 3.631729371034950367e-03 9.428260363785965215e-01 -1.739790942195170089e+02 3.203115417367451666e-03 9.999911715867517703e-01 -2.719705899293285885e-03 9.072073723585599714e-01 -9.428275899565212725e-01 2.113596539358884516e-03 -3.332741639048051319e-01 -2.004269029557984538e+02
-3.460846605416350030e-01 3.411744409046890084e-03 9.381970836332141905e-01 -1.735186724627764647e+02 3.106984119096089462e-03 9.999920723752795393e-01 -2.490348625689584646e-03 8.997492924450416485e-01 -9.381981423918216434e-01 2.053091980678555233e-03 -3.460925171480220275e-01 -2.005812221501485908e+02
-3.604550649610804847e-01 3.603395782815458411e-03 9.327696187605681866e-01 -1.730647618266761469e+02 3.393481118281033247e-03 9.999909864677076765e-01 -2.551718879651869269e-03 9.034506094796759257e-01 -9.327704060645379824e-01 2.245556094442855560e-03 -3.604640440432633763e-01 -2.007521187807187459e+02
-3.749852613977449067e-01 3.745390623235700378e-03 9.270232067125094844e-01 -1.726043668910541271e+02 3.492418537815043106e-03 9.999904495942710803e-01 -2.627495576470622630e-03 9.060842151952445134e-01 -9.270241942620598419e-01 2.252280916543259424e-03 -3.749947606080001883e-01 -2.009406464222381317e+02
-3.876915984705615603e-01 3.500149169013580183e-03 9.217824978980321271e-01 -1.721459809534083547e+02 3.286093461160601373e-03 9.999916845836083201e-01 -2.415026584048950500e-03 8.988597312381298998e-01 -9.217832858460309753e-01 2.092777922236171637e-03 -3.876998764707861866e-01 -2.011280862618637002e+02
-4.030170577795371134e-01 3.479681791428667053e-03 9.151858515915528569e-01 -1.716987993991417056e+02 3.372294138133031995e-03 9.999916293467453476e-01 -2.317081933700834446e-03 8.951976858718035945e-01 -9.151862535959395251e-01 2.152452339070249753e-03 -4.030254187739985561e-01 -2.013185207012331546e+02
-4.183068523928767934e-01 3.479867851951154358e-03 9.082991069911371396e-01 -1.712350949788145158e+02 3.293183695337094635e-03 9.999918989314880990e-01 -2.314522098694284796e-03 8.972136670545312054e-01 -9.082998030288859104e-01 2.023015355733895002e-03 -4.183149235044785197e-01 -2.015406162427784409e+02
-4.341422930361604759e-01 3.173535501162402708e-03 9.008387192332084625e-01 -1.707824785702830184e+02 3.202069650125290937e-03 9.999929138125226435e-01 -1.979665299073707883e-03 8.846887862136177949e-01 -9.008386182592641456e-01 2.025091890130418723e-03 -4.341493785041921072e-01 -2.017440998229125739e+02
-4.477375239131407003e-01 3.316535311209405264e-03 8.941588842446628327e-01 -1.703339040450165669e+02 3.351861019369013588e-03 9.999923206416403421e-01 -2.030685956407887304e-03 8.893608370819529041e-01 -8.941587525198406716e-01 2.087882007254919427e-03 -4.477452021416725714e-01 -2.019542092606081951e+02
-4.629768517994881094e-01 3.278231044446238730e-03 8.863643087912859153e-01 -1.698968696158665068e+02 3.396532925951691907e-03 9.999923801594474693e-01 -1.924366681781192970e-03 8.857187290327188656e-01 -8.863638633551785828e-01 2.119628331159131070e-03 -4.629844586093792014e-01 -2.021877801941484449e+02
-4.776246514967150691e-01 3.411629084761648445e-03 8.785573703917292088e-01 -1.694552850469215457e+02 3.727028350364081782e-03 9.999913303722937075e-01 -1.856997556709531327e-03 8.859477471861125775e-01 -8.785560890132840806e-01 2.387460416017650553e-03 -4.776332259071232045e-01 -2.024154520947663514e+02
-4.896342510543845172e-01 3.429856709375757144e-03 8.719211754954490079e-01 -1.690317946493548789e+02 3.727796553073210728e-03 9.999913584326449723e-01 -1.840269787895802483e-03 8.859947172513358282e-01 -8.719199525915617421e-01 2.349285633229104137e-03 -4.896428056550434782e-01 -2.026511067629724892e+02
-5.032995220935068126e-01 3.621140699011990340e-03 8.641044372068027446e-01 -1.685890743076288629e+02 3.874432044455023132e-03 9.999906243251865945e-01 -1.933917799818473662e-03 8.923585608383032275e-01 -8.641033386330481125e-01 2.374574016853045824e-03 -5.033088331844157715e-01 -2.028973388098543751e+02
-5.147342429026462440e-01 3.521945548498791809e-03 8.573425541071625355e-01 -1.681804036447354633e+02 3.959054057096789148e-03 9.999906647375320645e-01 -1.730990687926165861e-03 8.854634213295284884e-01 -8.573406470443428740e-01 2.503265335938480336e-03 -5.147433812962001198e-01 -2.031406752725295064e+02
-5.279757315430844145e-01 3.680249675333088083e-03 8.492514837572393560e-01 -1.677537390724046418e+02 4.195727058842050813e-03 9.999897100495750424e-01 -1.725012873710678836e-03 8.880400434306228163e-01 -8.492490934796417257e-01 2.652462496243374913e-03 -5.279857400221275032e-01 -2.033945872120728495e+02
-5.402703636159755796e-01 3.573683420343469041e-03 8.414839053630628340e-01 -1.673346234461951667e+02 4.185258233351358929e-03 9.999900253983901033e-01 -1.559717040754690165e-03 8.822565870222542905e-01 -8.414810858312747888e-01 2.679158550406845161e-03 -5.402799314222952454e-01 -2.036607947662907918e+02
-5.499745681870698011e-01 3.579238443429290460e-03 8.351737324650555516e-01 -1.669114932470695010e+02 4.318742864631385132e-03 9.999896350431616288e-01 -1.441619337256939276e-03 8.794879865276777897e-01 -8.351702358247187208e-01 2.814046625313005104e-03 -5.499843255348966231e-01 -2.039216467717492662e+02
-5.597746841859363442e-01 3.569316550174137480e-03 8.286371720625982373e-01 -1.665020206402908229e+02 4.560078041997030381e-03 9.999888501319276202e-01 -1.226906710463843402e-03 8.734248958701925636e-01 -8.286323120858769542e-01 3.091858856729665355e-03 -5.597847191340827866e-01 -2.041962628327537459e+02
-5.684799847908923454e-01 3.489013885802363761e-03 8.226896946444943737e-01 -1.660968006087771585e+02 4.387522112251217472e-03 9.999896437434839802e-01 -1.209154867883886330e-03 8.729912855429197149e-01 -8.226853934171076688e-01 2.922188885869456392e-03 -5.684894055919194056e-01 -2.044739304678353164e+02
-5.750547716893108507e-01 3.519778215990803684e-03 8.181073405847578695e-01 -1.656803528569322452e+02 4.338858588341604726e-03 9.999898027512121867e-01 -1.252477441766107306e-03 8.753100485095438588e-01 -8.181034065834862368e-01 2.829408931560665683e-03 -5.750641795326789651e-01 -2.047461633218518386e+02
-5.805186834024949061e-01 3.461593935820992968e-03 8.142395689157201355e-01 -1.652793318799891154e+02 4.452991262883071108e-03 9.999895059742550663e-01 -1.076480458694270819e-03 8.684693671155522265e-01 -8.142347506029491422e-01 3.000884667685667275e-03 -5.805280058720376779e-01 -2.050420190133543485e+02
-5.848241696769516107e-01 3.578296875744194951e-03 8.111521967874668615e-01 -1.648852512349916708e+02 4.709753461079119012e-03 9.999883932325854818e-01 -1.015688164673418615e-03 8.682259185657267286e-01 -8.111464163663673066e-01 3.226327878725863095e-03 -5.848342346549308957e-01 -2.053188395526413217e+02
-5.876052796595803152e-01 3.617794048368537171e-03 8.091396337359891833e-01 -1.644769395691462819e+02 4.692010192508878560e-03 9.999884266975574976e-01 -1.063725198128035636e-03 8.718980236640867520e-01 -8.091341176569805116e-01 3.171440866125195199e-03 -5.876154538525113491e-01 -2.056074047390231954e+02
-5.894607748373237310e-01 3.608834576925463132e-03 8.077889397863647902e-01 -1.640790308048093493e+02 4.473611108479829020e-03 9.999892697286036913e-01 -1.203009270073265293e-03 8.765841498809016086e-01 -8.077846134532601363e-01 2.904606797861553416e-03 -5.894705942856843794e-01 -2.058983613544258162e+02
-5.906950551523411086e-01 3.529147171059800279e-03 8.068871649362246989e-01 -1.636788128593922522e+02 4.438884599539681501e-03 9.999895162112355518e-01 -1.124175756294334277e-03 8.730175389328926894e-01 -8.068826730833208449e-01 2.917633949636435665e-03 -5.907045279071858612e-01 -2.061914736013860079e+02
-5.913441579830365225e-01 3.639905148874883912e-03 8.064110849373542500e-01 -1.632719287506453441e+02 4.586703967922057743e-03 9.999888195168168403e-01 -1.150212186406530685e-03 8.745386105183977632e-01 -8.064062555350399730e-01 3.018597666186096772e-03 -5.913542416370118904e-01 -2.064830131828839797e+02
-5.913705095721917271e-01 3.529380864001915082e-03 8.063922518719061072e-01 -1.628721543645447980e+02 4.382289633827360538e-03 9.999897214984565519e-01 -1.162942390913255467e-03 8.735010286236223331e-01 -8.063880678345211050e-01 2.846114571859480625e-03 -5.913798979386704069e-01 -2.067942989275856860e+02
-5.907393886529070937e-01 3.556811243067600770e-03 8.068545865196351530e-01 -1.624582493513344161e+02 4.333405380661119188e-03 9.999898475278909959e-01 -1.235491380898822052e-03 8.750372324571510374e-01 -8.068507893605837422e-01 2.766574583597183543e-03 -5.907488042927186989e-01 -2.070905278511431504e+02
-5.892479404707677837e-01 3.336635497384937612e-03 8.079453765660875586e-01 -1.620478571488868909e+02 4.560715399642988749e-03 9.999892770505820483e-01 -8.035290272438691452e-04 8.591011329122509865e-01 -8.079393940921577588e-01 3.211331096563379249e-03 -5.892568394398034481e-01 -2.074059676495363647e+02
-5.870619126070291127e-01 3.570772284137403111e-03 8.095341625598470037e-01 -1.616320305421027683e+02 4.617541716032664764e-03 9.999887748752871452e-01 -1.062276763832980175e-03 8.694508344462643645e-01 -8.095288685863394340e-01 3.114435537479866636e-03 -5.870718109538264340e-01 -2.076954470441108072e+02
-5.836757669243770597e-01 3.789901122466333115e-03 8.119779773828370573e-01 -1.612332592611185760e+02 4.760100540390498590e-03 9.999878947348445068e-01 -1.245723331584718896e-03 8.760583060357813867e-01 -8.119728693423731158e-01 3.137998287986925455e-03 -5.836867416848345869e-01 -2.079981127680732129e+02
-5.803814853271547225e-01 3.550164084764784352e-03 8.143369866489040820e-01 -1.608202739591239379e+02 4.827520516541567407e-03 9.999879252348845560e-01 -9.189287749400293099e-04 8.631659625724642515e-01 -8.143304160689985860e-01 3.397899263116664105e-03 -5.803916158469983877e-01 -2.082930282323829090e+02
-5.757401759267082308e-01 3.453363324925426935e-03 8.176254179669499855e-01 -1.603917571146795638e+02 4.628565923061094857e-03 9.999888231451936615e-01 -9.643454704648909189e-04 8.621311633011626840e-01 -8.176196097216477110e-01 3.229220716610828497e-03 -5.757497250821614898e-01 -2.085953300310020779e+02
-5.706304538019351114e-01 3.715885892582507406e-03 8.211985614854862003e-01 -1.599791533998325406e+02 5.121986212747483939e-03 9.999864161979583610e-01 -9.657519350036037741e-04 8.628869361302373697e-01 -8.211909951107811967e-01 3.655080244925523227e-03 -5.706417351871218013e-01 -2.088807526516840767e+02
-5.640571547255501805e-01 3.583840086902251049e-03 8.257279711219355223e-01 -1.595495859991585519e+02 4.893255188983010665e-03 9.999875303781272651e-01 -9.975679973739009013e-04 8.598955463966377888e-01 -8.257212497305442822e-01 3.477812313136837037e-03 -5.640676577902179467e-01 -2.091758393989169065e+02
-5.566398804465100270e-01 3.583664787452793370e-03 8.307461711276115102e-01 -1.591210939654582432e+02 4.914322989101404561e-03 9.999874035136977479e-01 -1.020903272522176355e-03 8.573080071249755685e-01 -8.307393652199553946e-01 3.514279531316194961e-03 -5.566504800261309338e-01 -2.094737112939820065e+02
-5.485283923940196260e-01 3.611054226989211108e-03 8.361241313495275662e-01 -1.586941062453527707e+02 4.855466413588254912e-03 9.999875698681647274e-01 -1.133382137184406899e-03 8.609589490686346824e-01 -8.361178309207015769e-01 3.438080355680424825e-03 -5.485391074663035216e-01 -2.097544784672079743e+02
-5.405330090472180160e-01 3.570334426846718655e-03 8.413152315526211122e-01 -1.582704187763800405e+02 4.739158815644389094e-03 9.999880514816679167e-01 -1.198860966544108364e-03 8.586861962494385381e-01 -8.413094594167356277e-01 3.339102570673162414e-03 -5.405434708605241223e-01 -2.100368139477470493e+02
-5.301401966706689173e-01 3.568114220376866763e-03 8.479024946507085492e-01 -1.578660132973456598e+02 4.942115048101316729e-03 9.999871625737148939e-01 -1.118117445561509198e-03 8.543596931271223438e-01 -8.478955993356940279e-01 3.597672675645028750e-03 -5.301510250659551282e-01 -2.103005338285380788e+02
-5.201689559009541330e-01 3.349487385936242984e-03 8.540568120746786507e-01 -1.574302815705736975e+02 5.014480414119244084e-03 9.999870509556982867e-01 -8.677021966223780278e-04 8.460720134390414815e-01 -8.540486592127453092e-01 3.831299411043568789e-03 -5.201790161489940889e-01 -2.105858515501462307e+02
-5.073825778777192319e-01 3.467599546907929563e-03 8.617139289924141687e-01 -1.569551045674475915e+02 5.138925471057403070e-03 9.999862974409773342e-01 -9.981859988031683856e-04 8.454307763124030428e-01 -8.617055826157585807e-01 3.921821473189869046e-03 -5.073934451736337170e-01 -2.108820380316497847e+02
-4.942340444318915615e-01 3.658175273346993966e-03 8.693211875240159925e-01 -1.564605112916167968e+02 5.305682803480165147e-03 9.999852148155065068e-01 -1.191587333864808440e-03 8.521524596756989700e-01 -8.693126934851950205e-01 4.023419448037308076e-03 -4.942461462080016688e-01 -2.111724524559789415e+02
-4.799898294203850391e-01 3.647600773981768841e-03 8.772664695869684115e-01 -1.560128422405299773e+02 4.972190202903120117e-03 9.999866055650397101e-01 -1.437363939929151967e-03 8.570468265550341691e-01 -8.772599620281184007e-01 3.672015673074126210e-03 -4.800015367926657728e-01 -2.114213718825734816e+02
-4.667891722780364017e-01 3.488387140955252590e-03 8.843617471369623617e-01 -1.555077795474160496e+02 4.792290864821008474e-03 9.999875158121335206e-01 -1.414979909771743420e-03 8.521465427797382253e-01 -8.843556425964910206e-01 3.577621421129209209e-03 -4.668000621601440248e-01 -2.117048042904983163e+02
-4.505392588141943211e-01 3.477408381154573590e-03 8.927498439642023165e-01 -1.550061254964410580e+02 4.972064686329355325e-03 9.999866788542188800e-01 -1.385888474694757727e-03 8.461311552816632719e-01 -8.927427708135819984e-01 3.814412806712341557e-03 -4.505505470144595126e-01 -2.119556865105959957e+02
-4.355405537144823036e-01 3.753598776103875094e-03 9.001612836410538554e-01 -1.545323043777677583e+02 4.402137395848534050e-03 9.999882299137732300e-01 -2.039906925990092948e-03 8.657608919393017244e-01 -9.001583456572680442e-01 3.074171456939570057e-03 -4.355519512221512901e-01 -2.121930452302133574e+02
-4.169037271599975725e-01 3.773562602458247189e-03 9.089428158610349806e-01 -1.540173457447972964e+02 4.490329475301151237e-03 9.999877302258463052e-01 -2.091970115266991552e-03 8.615748757718503237e-01 -9.089395575181581366e-01 3.209302579261893475e-03 -4.169155563848021551e-01 -2.124409544171452069e+02
-3.966308885705112086e-01 3.622919477038146884e-03 9.179710304177521873e-01 -1.535307418571615585e+02 5.081850438505488600e-03 9.999855545201798979e-01 -1.750870380397132704e-03 8.458604769618017771e-01 -9.179641131481597327e-01 3.970542208715084793e-03 -3.966435701819475135e-01 -2.126584815233193524e+02
-3.751920051016628399e-01 3.604798471512717529e-03 9.269401084944883795e-01 -1.530094321289791424e+02 4.752599442496111513e-03 9.999867753258429026e-01 -1.965190057328499926e-03 8.472860690942278783e-01 -9.269349341277053345e-01 3.668051444843258881e-03 -3.752041754728550060e-01 -2.128826712317737133e+02
-3.557072904732498930e-01 3.558737410451157188e-03 9.345906370664232021e-01 -1.525211105996055494e+02 4.661642744792270088e-03 9.999870668529780016e-01 -2.033522485136560979e-03 8.470506308276485319e-01 -9.345857866408515680e-01 3.633388889327121476e-03 -3.557192796209953656e-01 -2.130885112658937999e+02
-3.320157018084179956e-01 3.476460645184412199e-03 9.432674530450241290e-01 -1.520005138812101393e+02 4.534275597368941577e-03 9.999875370690582965e-01 -2.089509838677917723e-03 8.451195622501493920e-01 -9.432629612666191266e-01 3.583284518610162575e-03 -3.320273271503233481e-01 -2.133093569521629718e+02
-3.082165022479985694e-01 3.468113536290498653e-03 9.513099179187134435e-01 -1.514614562015657384e+02 4.537549358022126798e-03 9.999873389631327436e-01 -2.175444611150117395e-03 8.420652710448874867e-01 -9.513054180376738778e-01 3.646107778449193555e-03 -3.082283366438507421e-01 -2.134926725554767870e+02
-2.865870730973110181e-01 3.530158876949843726e-03 9.580476958439075874e-01 -1.509631917207091476e+02 4.414730203884755823e-03 9.999874605416344542e-01 -2.364088983094818092e-03 8.444185400971812028e-01 -9.580440280544230136e-01 3.552004757397552327e-03 -2.865990641496583002e-01 -2.136595021718119938e+02
-2.606095510188661812e-01 3.452845335768638980e-03 9.654381076883346013e-01 -1.504589939768922022e+02 4.102465846259025981e-03 9.999885368477311465e-01 -2.468997187940397738e-03 8.459029162096836085e-01 -9.654355657897245591e-01 3.317232614852346374e-03 -2.606207287919626303e-01 -2.138028496595127308e+02
-2.329095124526114891e-01 3.563271656651862459e-03 9.724918827960404855e-01 -1.499256450433253747e+02 3.895738399165012394e-03 9.999886823625020460e-01 -2.731001507186378661e-03 8.497858795281358901e-01 -9.724906077857060627e-01 3.152497741138688813e-03 -2.329207580413992229e-01 -2.139640479177334385e+02
-2.051360799446990679e-01 3.371664228249556319e-03 9.787276539391610575e-01 -1.494074608551867414e+02 3.873161977453012592e-03 9.999890326020005604e-01 -2.633114507849260676e-03 8.399021690110225480e-01 -9.787257978214422005e-01 3.250623947333236390e-03 -2.051468891373557923e-01 -2.140907523872321008e+02
-1.809200653458613584e-01 3.415203643035535745e-03 9.834918740586148234e-01 -1.488750532452955042e+02 3.668136616004185821e-03 9.999893587318663402e-01 -2.797712779586045834e-03 8.415381034370872371e-01 -9.834909632167526672e-01 3.101420175875323551e-03 -1.809306675604693826e-01 -2.141820675167132038e+02
-1.513196214295897679e-01 3.516188502848228287e-03 9.884786333496631272e-01 -1.483659278785696642e+02 3.468287063782904758e-03 9.999894065012696620e-01 -3.026197297226620488e-03 8.483827514754124222e-01 -9.884788025826596325e-01 2.970404627484862087e-03 -1.513302135764704737e-01 -2.142862579264422038e+02
-1.214222936079307757e-01 3.699416673961604483e-03 9.925940463912034106e-01 -1.478194057123106120e+02 3.235080396411055877e-03 9.999892184996758138e-01 -3.331236892849608923e-03 8.550804805469792713e-01 -9.925956683714768358e-01 2.806635116993352538e-03 -1.214329524037929264e-01 -2.143668870336387329e+02
-9.461832956817750606e-02 3.402293618088044966e-03 9.955078081601692608e-01 -1.472771677168273357e+02 3.041607773359551736e-03 9.999904804367151234e-01 -3.128523309905247105e-03 8.428249631371083073e-01 -9.955089755154803433e-01 2.731928638141760141e-03 -9.462777728571736269e-02 -2.144608425597930648e+02
-6.431776358973917418e-02 3.491465942379402398e-03 9.979233612619698990e-01 -1.467570364038362811e+02 2.960108523921808638e-03 9.999901476849494264e-01 -3.307913324066178405e-03 8.474531746292994772e-01 -9.979250788733297073e-01 2.741203860739623022e-03 -6.432746502896580232e-02 -2.145072502199147095e+02
-3.317376288506657112e-02 3.737202992363923906e-03 9.994426120442532202e-01 -1.462039124686493778e+02 2.754176322788012138e-03 9.999895538669932860e-01 -3.647830817730964015e-03 8.546336009314262627e-01 -9.994458044180427603e-01 2.631628903485440547e-03 -3.318370926352209871e-02 -2.145407094064589160e+02
-6.852187422000888262e-03 3.604222763524983497e-03 9.999700281037452454e-01 -1.456743605718940273e+02 2.487817281382323498e-03 9.999904711596881990e-01 -3.587248945831342847e-03 8.514098369148234147e-01 -9.999734287933398358e-01 2.463162214674653131e-03 -6.861088776278112533e-03 -2.145387725471240401e+02
2.512829329155596980e-02 3.602254777646943414e-03 9.996777443940476626e-01 -1.451206059850217684e+02 2.103519133249950879e-03 9.999911034497537266e-01 -3.656258825634393222e-03 8.529497149019630298e-01 -9.996820214865875798e-01 2.194716806537414314e-03 2.512049232458446468e-02 -2.145714142715923174e+02
5.178771728356046378e-02 3.629732409319319855e-03 9.986515194907558124e-01 -1.445905268674677586e+02 1.885364048044986009e-03 9.999912573610917343e-01 -3.732372407621194037e-03 8.544842965709480431e-01 -9.986563361542172279e-01 2.076112718416216890e-03 5.178042115525982592e-02 -2.145455423819076657e+02
8.324768488191802707e-02 3.290853479668983620e-03 9.965234534345774886e-01 -1.440294579688294334e+02 2.100451878013508394e-03 9.999917465583907372e-01 -3.477774720612706108e-03 8.352733113992494296e-01 -9.965266735334832315e-01 2.382666253283032866e-03 8.324008552264017258e-02 -2.145227762877953523e+02
1.136537487993094508e-01 3.432651148910365914e-03 9.935144902264654299e-01 -1.434439691687954337e+02 1.702999086568557190e-03 9.999918891738646121e-01 -3.649846653809212492e-03 8.426072879888507616e-01 -9.935189606534817752e-01 2.106773024096329251e-03 1.136469811717422118e-01 -2.144782726957216141e+02
1.436635855262179406e-01 3.359305732023301714e-03 9.896208815797844505e-01 -1.428968058494299953e+02 1.805217207036389788e-03 9.999916852949120027e-01 -3.656573789375497027e-03 8.367999450730649880e-01 -9.896249367232954341e-01 2.311797145193222013e-03 1.436563267293612389e-01 -2.144026273652687564e+02
1.688978068382508413e-01 3.033095939083295910e-03 9.856289013489070161e-01 -1.424123288159601657e+02 1.831223340687047896e-03 9.999925735141859118e-01 -3.391096806656253206e-03 8.251906274787522699e-01 -9.856318671118065033e-01 2.377655462826287498e-03 1.688909982450060854e-01 -2.143261785929988150e+02
1.984431195320495167e-01 3.282049897874578931e-03 9.801069107290574234e-01 -1.418671582827803377e+02 1.569125197244365146e-03 9.999920478642237986e-01 -3.666340741310259409e-03 8.336721987960464819e-01 -9.801111498990837667e-01 2.265470543591352817e-03 1.984363915382257870e-01 -2.142426150447861914e+02
2.270569182588794144e-01 2.862643189846500284e-03 9.738772823845663895e-01 -1.413178834123409047e+02 1.711474523932607307e-03 9.999929628314339070e-01 -3.338434148567294250e-03 8.180472614600617920e-01 -9.738799857917478375e-01 2.424780727821803337e-03 2.270504210801810308e-01 -2.141397207430344167e+02
2.501074970095764627e-01 2.905955323883637788e-03 9.682137136827075885e-01 -1.407672793143722174e+02 1.406335034243484661e-03 9.999933507559097823e-01 -3.364619702046956276e-03 8.186873975736059794e-01 -9.682170532279299469e-01 2.203149478255053348e-03 2.501017472370001826e-01 -2.140000549857165026e+02
2.765594618078319744e-01 2.962782612293031557e-03 9.609922403452354489e-01 -1.402173132961949875e+02 1.377592815243534104e-03 9.999929977223843691e-01 -3.479474706725535493e-03 8.189897296331148935e-01 -9.609958201379430465e-01 2.286137658070361810e-03 2.765534437536633083e-01 -2.138733636048242772e+02
3.017134602252079523e-01 2.783622777638643936e-03 9.533945874417180111e-01 -1.396918651619050706e+02 1.357631102195540644e-03 9.999934694372246691e-01 -3.349316451582368473e-03 8.107379351534986789e-01 -9.533976844720790655e-01 2.304892000571893453e-03 3.017077107336560982e-01 -2.137391588499325792e+02
3.208596834966248590e-01 2.895677004362125825e-03 9.471223144668974303e-01 -1.391551705046890959e+02 1.228452253156861029e-03 9.999932128694745126e-01 -3.473488167169506372e-03 8.128457280770935434e-01 -9.471259443239361531e-01 2.277996855169280455e-03 3.208539485791321866e-01 -2.135689245039896775e+02
3.412485198651046270e-01 2.839311644314410164e-03 9.399688218229697023e-01 -1.386634786869872755e+02 1.287905248298306608e-03 9.999930868990801747e-01 -3.488187798841994522e-03 8.076474331968612752e-01 -9.399722277758778555e-01 2.400929702228926481e-03 3.412425040152797795e-01 -2.134090262017147381e+02
3.598852848064205689e-01 2.774172042001751565e-03 9.329924360622027235e-01 -1.381812460593829996e+02 1.035953410078894067e-03 9.999937748320310016e-01 -3.372995362780660707e-03 8.050573683631093713e-01 -9.329959852970076684e-01 2.180428092501508069e-03 3.598801705470859869e-01 -2.132505470029257708e+02
3.755069782432621794e-01 2.834986650444916954e-03 9.268152308531113492e-01 -1.377062518656832708e+02 8.916673365584361355e-04 9.999937539198519021e-01 -3.420095122004667386e-03 8.061307974188365311e-01 -9.268191378149112092e-01 2.110680452945080075e-03 3.755021049315840909e-01 -2.130829675689496128e+02
3.866981143624798056e-01 2.720802288443039448e-03 9.222023452493545159e-01 -1.372366210882299526e+02 9.945390517969859845e-04 9.999938359265722054e-01 -3.367343305083475916e-03 7.982967372690162877e-01 -9.222058226017534333e-01 2.219311552496150246e-03 3.866930247827804479e-01 -2.128958526929182540e+02
3.971046750104239020e-01 2.572257549784454176e-03 9.177697208864343814e-01 -1.367595367462588456e+02 1.033608856218922682e-03 9.999941847651722115e-01 -3.249936702595311068e-03 7.950758926896682732e-01 -9.177727435142091217e-01 2.239179969566347343e-03 3.970997070453036182e-01 -2.126868508883455320e+02
4.052461386070450589e-01 2.975388520250235938e-03 9.142027752130451601e-01 -1.362896556514548365e+02 7.534143149025606181e-04 9.999932772195456732e-01 -3.588576679268398479e-03 8.064082754815214971e-01 -9.142073066383521462e-01 2.143030299937967020e-03 4.052411725259216224e-01 -2.124907662092835210e+02
4.107022894253367085e-01 2.720984181426821559e-03 9.117654444570004735e-01 -1.358096474387803028e+02 8.255303046008812939e-04 9.999940273844643013e-01 -3.356142892590526991e-03 7.956017364475184150e-01 -9.117691308442632536e-01 2.131065574712646959e-03 4.106975902035622239e-01 -2.122871088813998313e+02
4.162103749071365266e-01 2.732995197897425226e-03 9.092642380281482639e-01 -1.353374611320277268e+02 8.154297718905364079e-04 9.999939588278737856e-01 -3.378961681298306170e-03 7.939371094148741648e-01 -9.092679796924271196e-01 2.147800038373531405e-03 4.162056319429702222e-01 -2.120867325066217290e+02
4.189221448915873003e-01 2.458923819076128548e-03 9.080188270146627438e-01 -1.348670704418424577e+02 9.145375327099062321e-04 9.999946835813585677e-01 -3.129924938382913115e-03 7.830222931778367812e-01 -9.080216958534268468e-01 2.141612166249172618e-03 4.189176689479642279e-01 -2.118634031736673080e+02
4.208095186911061658e-01 2.752243392184639502e-03 9.071448473839610616e-01 -1.344064995653777999e+02 8.126178654032169312e-04 9.999938526748449741e-01 -3.410903798872673594e-03 7.925570771418232185e-01 -9.071486585070632769e-01 2.172502895397956935e-03 4.208046953160160530e-01 -2.116504237778430308e+02
4.212688127327798293e-01 2.666647388357891706e-03 9.069319028518183501e-01 -1.339374255773093125e+02 8.542449859227016495e-04 9.999940670856779512e-01 -3.337073410752526038e-03 7.877612469962544939e-01 -9.069354209006383893e-01 2.180546984334345156e-03 4.212640354108465601e-01 -2.114384987500407931e+02
4.202636815000966308e-01 2.850554926754707633e-03 9.073975492299914958e-01 -1.334580674885216922e+02 7.461618404791942310e-04 9.999936419155867062e-01 -3.487028951583101034e-03 7.909875555461980401e-01 -9.074017198873347567e-01 2.142537050069497941e-03 4.202588824528232792e-01 -2.112062656265021872e+02
4.180606441862011469e-01 2.568278283371809318e-03 9.084154895912321948e-01 -1.329851278194387874e+02 1.011191315951089770e-03 9.999940682896254485e-01 -3.292548813073151517e-03 7.779475999367519989e-01 -9.084185573152616655e-01 2.295066932157985469e-03 4.180555673508438153e-01 -2.109777476466778126e+02
4.152683748935905861e-01 2.792039253326775855e-03 9.096946637911229594e-01 -1.325123358097264656e+02 8.592220945925975158e-04 9.999936401572611100e-01 -3.461413356177879715e-03 7.839412935073172273e-01 -9.096985426780832551e-01 2.219045253717274839e-03 4.152633348702163829e-01 -2.107624716494800339e+02
4.121321934292022648e-01 2.748877568342713001e-03 9.111199146168130758e-01 -1.320415637220363010e+02 8.421467704839276326e-04 9.999938723561907494e-01 -3.397946274954387162e-03 7.824228781609198213e-01 -9.111236721368024538e-01 2.167699745069679926e-03 4.121273530715520161e-01 -2.105515361882825403e+02
4.077292896258180033e-01 2.848060788522735302e-03 9.130984147018166297e-01 -1.315807625244152348e+02 7.861648118052562677e-04 9.999936699943763330e-01 -3.470146404276519721e-03 7.840709653607951246e-01 -9.131025179716210083e-01 2.132726171666983299e-03 4.077244696519479739e-01 -2.103491515186053675e+02
4.018901282679482323e-01 2.244847471247327954e-03 9.156851453750918246e-01 -1.311087770229706564e+02 1.026403101583688460e-03 9.999952623723054046e-01 -2.902021643102381532e-03 7.620103978381609355e-01 -9.156873217957346434e-01 2.106155923669882947e-03 4.018859201437393613e-01 -2.101353970963225493e+02
3.959718182738326542e-01 2.629562661642657548e-03 9.182588984230554141e-01 -1.306448538391995555e+02 1.058167373547969298e-03 9.999939291697259591e-01 -3.319925526658350223e-03 7.729090227415857939e-01 -9.182620537813398487e-01 2.286268554105994749e-03 3.959666318787153916e-01 -2.099234604026391651e+02
3.888489933464595039e-01 2.291055720058397197e-03 9.212986548547288379e-01 -1.301750011289408064e+02 1.131708393199625136e-03 9.999949657391313806e-01 -2.964410988068027792e-03 7.599736963209866580e-01 -9.213008084277132248e-01 2.195349648918056961e-03 3.888444429722007767e-01 -2.097271499707130147e+02
3.812159730765880550e-01 2.096279028691437618e-03 9.244836328921697266e-01 -1.297029225606109435e+02 1.203120241868317706e-03 9.999954574526298545e-01 -2.763616433082511249e-03 7.521634081686310314e-01 -9.244852266926464335e-01 2.165799699756526964e-03 3.812117193092400269e-01 -2.095356306274412930e+02
3.726437635689977546e-01 2.112036769793591146e-03 9.279720711173458092e-01 -1.292201141102780753e+02 1.379319406231717046e-03 9.999950447032932566e-01 -2.829849259972623890e-03 7.493111102785114941e-01 -9.279734494860878424e-01 2.334495564702335907e-03 3.726390038352801470e-01 -2.093214024832442988e+02
3.653390156192448668e-01 2.197647207877160853e-03 9.308719428649201433e-01 -1.287417968964466013e+02 1.234411223189000630e-03 9.999951902207158128e-01 -2.845305671880915283e-03 7.520936982589135900e-01 -9.308737185543984882e-01 2.188579946925034870e-03 3.653345456188378249e-01 -2.091267825499535888e+02
3.565952210321731153e-01 1.802391484973986510e-03 9.342572449395031287e-01 -1.282525604829023678e+02 1.462351849902107865e-03 9.999958372282262697e-01 -2.487378798248137887e-03 7.364065259904585270e-01 -9.342578390701802293e-01 2.253200202773765135e-03 3.565911008771300850e-01 -2.089428590076207115e+02
3.480255462811027156e-01 1.803637113423783031e-03 9.374833150669420467e-01 -1.277795987775921276e+02 1.475112340469315062e-03 9.999958578138326004e-01 -2.471517501487973008e-03 7.360550237688742170e-01 -9.374838895572142894e-01 2.243044435637987083e-03 3.480214441271353154e-01 -2.087555301214293593e+02
3.368887120113830402e-01 1.957101671983836784e-03 9.415424395492520970e-01 -1.272985667290023599e+02 1.531062852321571962e-03 9.999953788589597270e-01 -2.626424807204574916e-03 7.413618793511468352e-01 -9.415432287292250235e-01 2.326373523571983581e-03 3.368841587554617378e-01 -2.085767967890000421e+02
3.252506970957342869e-01 2.072765086852456935e-03 9.456255536329556399e-01 -1.267987229414381147e+02 1.623725950832217340e-03 9.999948993241561945e-01 -2.750425368432661902e-03 7.444786540359870086e-01 -9.456264312892146418e-01 2.430014519596427822e-03 3.252456724948989963e-01 -2.083980055469567958e+02
3.127382129020519486e-01 2.131393621678994831e-03 9.498369688278405221e-01 -1.263019187002218757e+02 1.477354680425728732e-03 9.999951812333305323e-01 -2.730372367765077080e-03 7.441634160268498777e-01 -9.498382112833632096e-01 2.257137866391191634e-03 3.127335570652325369e-01 -2.082283072992502753e+02
3.014270585650836720e-01 2.003883815035839306e-03 9.534871330093853681e-01 -1.258360107574593485e+02 1.580768187604183247e-03 9.999953670450015819e-01 -2.601357428250345230e-03 7.379594511688891689e-01 -9.534879283644542847e-01 2.291361645025087601e-03 3.014224943912995336e-01 -2.080620305828004746e+02
2.880960094601492383e-01 2.116710274916880005e-03 9.575991900950783231e-01 -1.253611015878276191e+02 1.493146986707890407e-03 9.999953483999568515e-01 -2.659641051891856612e-03 7.403669448881490256e-01 -9.576003654161865386e-01 2.196068318810819996e-03 2.880915087931704699e-01 -2.079181647891712998e+02
2.763640985122860494e-01 2.447789841628717367e-03 9.610498912014832085e-01 -1.248828009674939210e+02 1.361844068790440000e-03 9.999947549897932886e-01 -2.938600625406562888e-03 7.497747571122903576e-01 -9.610520435617541102e-01 2.120923806872562073e-03 2.763593154716911249e-01 -2.077700654032096566e+02
2.618748206005226953e-01 2.343230437490188139e-03 9.650990040439171302e-01 -1.243775537379256804e+02 1.464110552573732451e-03 9.999949371986494029e-01 -2.825235805911644870e-03 7.428990269418084269e-01 -9.651007381179095290e-01 2.152869755926383518e-03 2.618700640319165940e-01 -2.076127681340082063e+02
2.475911726753964315e-01 2.203459424500427057e-03 9.688620933754126252e-01 -1.238727738667073055e+02 1.516363164556691796e-03 9.999953078028950282e-01 -2.661769138437744368e-03 7.359319559077753814e-01 -9.688634123837969181e-01 2.128177332306743080e-03 2.475866696841069192e-01 -2.074694750110916459e+02
2.348872582555245891e-01 2.329476284387828420e-03 9.720198297614317529e-01 -1.233653872315467908e+02 1.498049767101270521e-03 9.999950731908461288e-01 -2.758521511526762244e-03 7.392817128346265143e-01 -9.720214667156779065e-01 2.104075634273336066e-03 2.348826113394252291e-01 -2.073467256476566547e+02
2.201376518469256860e-01 2.036206969570964788e-03 9.754666924608441647e-01 -1.228554080816388421e+02 1.427641319191010755e-03 9.999960778460013078e-01 -2.409591848810730894e-03 7.261662728730979843e-01 -9.754677729579721568e-01 1.923058447158378743e-03 2.201338814599500537e-01 -2.072290668954327089e+02
2.045275794824041871e-01 2.167602320606763170e-03 9.788584017779327073e-01 -1.223509277884510453e+02 1.566260705305521110e-03 9.999955433576233066e-01 -2.541671161788086088e-03 7.307533813485396212e-01 -9.788595486884070773e-01 2.052989301323687212e-03 2.045232729457867604e-01 -2.071058508142637038e+02
1.908934064638926342e-01 1.896022714267637035e-03 9.816089407021914015e-01 -1.218323656126983110e+02 1.763590375022471620e-03 9.999958581836092542e-01 -2.274503158037170791e-03 7.224625392189503170e-01 -9.816091875678428780e-01 2.165343735708986049e-03 1.908892720110432206e-01 -2.069953334033920953e+02
1.756483271674862401e-01 2.004578086010006324e-03 9.844509367307042735e-01 -1.213052188017816349e+02 1.707997577299645532e-03 9.999958012776503091e-01 -2.340976579549350171e-03 7.252505018956691973e-01 -9.844514959649052210e-01 2.092628435042516791e-03 1.756441658544148909e-01 -2.069042868610833352e+02
1.598910442289624978e-01 2.001589788561454648e-03 9.871326393214289174e-01 -1.207460667200253539e+02 1.841136039888159126e-03 9.999956002167178504e-01 -2.325890214271247175e-03 7.242891581316356353e-01 -9.871329516298473772e-01 2.189334493526357180e-03 1.598866555439223403e-01 -2.068004766859149015e+02
1.446011578981779566e-01 1.962429409359930845e-03 9.894880767373196440e-01 -1.202022945295865384e+02 1.915320618342489928e-03 9.999956047977086593e-01 -2.263168618088121347e-03 7.224426536715278235e-01 -9.894881690457119072e-01 2.222443717673405674e-03 1.445967636653275878e-01 -2.067147074588754947e+02
1.315583812967247024e-01 2.305161745364454201e-03 9.913057442282442455e-01 -1.196713687243448021e+02 1.883721627808620722e-03 9.999949095433275925e-01 -2.575360219660734976e-03 7.320024311292897545e-01 -9.913066346511629767e-01 2.206154291928207837e-03 1.315533693214494537e-01 -2.066511568280639040e+02
1.156562068713109515e-01 2.146152531772756600e-03 9.932869856398256481e-01 -1.191230211223240900e+02 2.092320655224954532e-03 9.999949208237320919e-01 -2.404271410129520548e-03 7.256925670323562949e-01 -9.932871004933148118e-01 2.356343788205058406e-03 1.156511289937782738e-01 -2.065733789054837644e+02
9.963192942457999024e-02 2.207816548161098142e-03 9.950219114096058304e-01 -1.185687421204084586e+02 2.122738827501277018e-03 9.999947911201204631e-01 -2.431401344248800174e-03 7.272782337880607795e-01 -9.950220965481147983e-01 2.354416852696731600e-03 9.962672383591664182e-02 -2.065100663554119933e+02
8.572646002452488645e-02 1.785748533739564461e-03 9.963171107402692961e-01 -1.180124479430580493e+02 1.883952054542233513e-03 9.999963154288937783e-01 -1.954444497161286157e-03 7.090011525744346343e-01 -9.963169298854255285e-01 2.044561275810762111e-03 8.572277989466825510e-02 -2.064472460786184911e+02
6.981203490040421844e-02 2.065085553400188446e-03 9.975580259838133790e-01 -1.174612778093601122e+02 2.149382167477427354e-03 9.999952246434584691e-01 -2.220550962522722938e-03 7.182764629254829725e-01 -9.975578479162817702e-01 2.299154613367355472e-03 6.980726286498384336e-02 -2.063899043706937562e+02
5.440684464032075063e-02 2.118849765220542653e-03 9.985166026321029564e-01 -1.169040080832567980e+02 2.106424334894119784e-03 9.999952799257324498e-01 -2.236761672004330091e-03 7.192107462513674943e-01 -9.985166289215247071e-01 2.224994815366226897e-03 5.440212463926596964e-02 -2.063669361658093351e+02
4.122577487776657446e-02 1.964282313828555945e-03 9.991479255249042790e-01 -1.163634467205171603e+02 2.039668105206679429e-03 9.999958183971840997e-01 -2.050107842674649475e-03 7.131329667868137046e-01 -9.991477744757022439e-01 2.122447440473814936e-03 4.122159600396502199e-02 -2.063356742353845448e+02
2.707740954506920872e-02 1.826418166193824986e-03 9.996316712114571290e-01 -1.158083574685373804e+02 2.025986467593778820e-03 9.999961767900616971e-01 -1.881962829818735472e-03 7.053090039928617827e-01 -9.996312866608175751e-01 2.076198916744165408e-03 2.707360572395900444e-02 -2.063157852830281342e+02
1.308547296169104701e-02 1.916885180128715446e-03 9.999125441500248401e-01 -1.152502788203306920e+02 2.253422900733871321e-03 9.999955665354381962e-01 -1.946534021912400911e-03 7.092839002657415071e-01 -9.999118423554146373e-01 2.278697144031480420e-03 1.308109539474733296e-02 -2.062916052815734247e+02
2.667023148855696135e-04 1.655775290808673104e-03 9.999985936380418883e-01 -1.147001664607710865e+02 2.131209500475334580e-03 9.999963572353212093e-01 -1.656339987129758088e-03 6.977934784745167818e-01 -9.999976934053099731e-01 2.131648252932173346e-03 2.631725393212880348e-04 -2.062894596364210429e+02
-1.066320333139292309e-02 1.851254312963431740e-03 9.999414327610304243e-01 -1.141433551515914218e+02 2.265241973894031261e-03 9.999957650027941902e-01 -1.827198751130053485e-03 7.051014835370604805e-01 -9.999405806214253234e-01 2.245625513115854718e-03 -1.066735171173083252e-02 -2.062788719141567810e+02
-2.204201594871557646e-02 2.025643507997552592e-03 9.997549931364660969e-01 -1.135913893447190048e+02 2.411126749402567326e-03 9.999951469148897765e-01 -1.972970974542816343e-03 7.109230834084558914e-01 -9.997541377762410031e-01 2.367047749112887768e-03 -2.204679306018308971e-02 -2.062826853980555768e+02
-3.107524302556829987e-02 1.425170155292299762e-03 9.995160319679371463e-01 -1.130331223187983767e+02 2.019861916841940875e-03 9.999970311110910615e-01 -1.363057900626232864e-03 6.896003774631861427e-01 -9.995150071053154894e-01 1.976527012725127000e-03 -3.107802941354553816e-02 -2.062903106706231995e+02
-4.082249420443817556e-02 1.457208868170392115e-03 9.991653519359263713e-01 -1.124780483207935760e+02 2.120728945342041736e-03 9.999968103649633511e-01 -1.371775725078801895e-03 6.890796767952003243e-01 -9.991641639268641351e-01 2.062959576446568490e-03 -4.082545434060658174e-02 -2.063090745519921256e+02
-4.972598532527205961e-02 1.619992019785333314e-03 9.987615841677568440e-01 -1.119179632981905286e+02 2.322431333890514430e-03 9.999961685795447641e-01 -1.506366134156475077e-03 6.947682809504704959e-01 -9.987601977933096009e-01 2.244649657875775160e-03 -4.972955712434212749e-02 -2.063232958863628141e+02
-5.601206085736420981e-02 1.634451516940698236e-03 9.984287543970025158e-01 -1.113734885264946115e+02 2.301692434135361055e-03 9.999962142295689693e-01 -1.507892061357954351e-03 6.949253246035432818e-01 -9.984274391514136315e-01 2.213615768111655818e-03 -5.601561081325101554e-02 -2.063580547875642424e+02
-6.264608758246348330e-02 1.525950329950609896e-03 9.980346382697351526e-01 -1.108166448229484189e+02 2.486277291111870132e-03 9.999959667953313147e-01 -1.372886849821955239e-03 6.920491001520052698e-01 -9.980327079489139663e-01 2.395384867038333893e-03 -6.264962885362312939e-02 -2.063871583123149094e+02
-6.817640803602742494e-02 1.414618699076857465e-03 9.976722789780427814e-01 -1.102493399185021445e+02 2.032698166041641691e-03 9.999971161319698432e-01 -1.279009737774984123e-03 6.843143474730077891e-01 -9.976712111339443023e-01 1.940768322024652871e-03 -6.817908691709906321e-02 -2.064399185724829806e+02
-7.234340039422493263e-02 1.865255192753835587e-03 9.973780392822307883e-01 -1.096999839896908924e+02 2.394721308461013939e-03 9.999956936694158749e-01 -1.696452910789409806e-03 7.001033414937021249e-01 -9.973769085602773865e-01 2.265715271085037407e-03 -7.234755562598316203e-02 -2.064826572794958679e+02
-7.676005528643825571e-02 1.522705666138527000e-03 9.970484317624079829e-01 -1.091446978956484628e+02 2.066922957966486635e-03 9.999969280860436793e-01 -1.368081854940892978e-03 6.867431188955825938e-01 -9.970474521014076608e-01 1.955808254992566844e-03 -7.676296680145289208e-02 -2.065240007471326180e+02
-8.015981133217131571e-02 8.129900506683077456e-04 9.967816930975251788e-01 -1.085823949476904744e+02 2.080584706767919269e-03 9.999976254374504103e-01 -6.482952557137693994e-04 6.632387524542768809e-01 -9.967798532346393570e-01 2.021921521259386657e-03 -8.016131248235147666e-02 -2.065798749405408046e+02
-8.370659658400092518e-02 1.228493734069832687e-03 9.964896870973973808e-01 -1.080106258770852037e+02 2.003765156283342404e-03 9.999974258802953875e-01 -1.064498934538534976e-03 6.782750560511850990e-01 -9.964884297439293714e-01 1.907625730723939506e-03 -8.370884272614032007e-02 -2.066178052992339644e+02
-8.672913524559944243e-02 1.463030488471557620e-03 9.962308550940093266e-01 -1.074357260096864337e+02 2.082581115179516114e-03 9.999970029075165856e-01 -1.287257504501332838e-03 6.867474068614324301e-01 -9.962297525949774801e-01 1.963088834974115876e-03 -8.673192219002645587e-02 -2.066705580761743875e+02
-9.023944027542829538e-02 1.018822975574063547e-03 9.959195777865411658e-01 -1.068662729671748082e+02 2.035739898314822653e-03 9.999975763055514166e-01 -8.385380666421447110e-04 6.676677927066322349e-01 -9.959180183036374645e-01 1.951764014229487310e-03 -9.024129562117844117e-02 -2.067154271338827414e+02
-9.392811870275652453e-02 1.011386808394929091e-03 9.955784678334926863e-01 -1.062954967403136664e+02 2.223180796986569570e-03 9.999972038075864988e-01 -8.061291163842158967e-04 6.673277947393352338e-01 -9.955764993128879414e-01 2.137632740247246733e-03 -9.393010455739436715e-02 -2.067465670247632374e+02
-9.686777136466262483e-02 1.116031611722774833e-03 9.952966338455512263e-01 -1.056980166521583300e+02 2.372115219605895695e-03 9.999967900926929332e-01 -8.904345543670911384e-04 6.712612137039957183e-01 -9.952944327887244258e-01 2.274703882339921927e-03 -9.687010778366711428e-02 -2.068177942236902993e+02
-9.968471149108082408e-02 1.297521883755664400e-03 9.950182283415222040e-01 -1.051090340818701492e+02 2.280489134991633884e-03 9.999968212800204315e-01 -1.075545982308799206e-03 6.761473082121586264e-01 -9.950164610016488664e-01 2.161912767909621950e-03 -9.968735360585512240e-02 -2.068871944189984049e+02
-1.026140065458949202e-01 1.440566498684425030e-03 9.947202071078891095e-01 -1.045262290631985280e+02 2.408422238438185769e-03 9.999963800350971654e-01 -1.199757901785987544e-03 6.827650546161593281e-01 -9.947183345866910109e-01 2.272594302635121133e-03 -1.026171045791841596e-01 -2.069427334469608013e+02
-1.047202209284781027e-01 1.455325855798931872e-03 9.945006572925653154e-01 -1.039403148236308709e+02 2.455234323002124762e-03 9.999962600933050005e-01 -1.204833524737996750e-03 6.826765080187402468e-01 -9.944986913782792870e-01 2.315561715140279728e-03 -1.047234024506149552e-01 -2.070080664750715584e+02
-1.072861975320833494e-01 1.590878003853845625e-03 9.942269061568812516e-01 -1.033470759179749194e+02 2.473963274006773030e-03 9.999960511059524659e-01 -1.333145986026866917e-03 6.876679607208379119e-01 -9.942251009327948141e-01 2.316652688265520305e-03 -1.072897096440115217e-01 -2.070725705435554858e+02
-1.086661869360685539e-01 1.540151058942484594e-03 9.940771035244152509e-01 -1.027540048412855924e+02 2.203929916024751582e-03 9.999967153820270571e-01 -1.308402874660869082e-03 6.834960569712089651e-01 -9.940758534989674322e-01 2.048697115927105086e-03 -1.086692243941520530e-01 -2.071376602407505061e+02
-1.099382164969211484e-01 1.307312831705802897e-03 9.939375631731783844e-01 -1.021622407694308521e+02 2.085488451109009447e-03 9.999972371760246226e-01 -1.084609716881065411e-03 6.731059800337979571e-01 -9.939362350228491128e-01 1.953605251251960395e-03 -1.099406391427932839e-01 -2.072068199831069819e+02
-1.110515226228072638e-01 1.641059068908297955e-03 9.938132954676592856e-01 -1.015543825483625966e+02 2.338359841901962999e-03 9.999963000160111415e-01 -1.389973934171151535e-03 6.856007099810016436e-01 -9.938118994037083986e-01 2.169534378674104098e-03 -1.110549491205765626e-01 -2.072830912480613677e+02
-1.123633855969814466e-01 1.270249380092576975e-03 9.936663705911038535e-01 -1.009656369849754896e+02 2.026485870166813349e-03 9.999973962759383106e-01 -1.049188430174138875e-03 6.708883333877645461e-01 -9.936651160890185297e-01 1.895760495519263449e-03 -1.123656671761510406e-01 -2.073327590095632047e+02
-1.130804232997340009e-01 1.405842144086482141e-03 9.935848436214288482e-01 -1.003767447937670312e+02 2.200392288700402793e-03 9.999969011172611388e-01 -1.164486861431692204e-03 6.760374745683651598e-01 -9.935834017032133536e-01 2.054595760856512982e-03 -1.130831662809752558e-01 -2.074029954254005759e+02
-1.132932361613963046e-01 1.129553479530739490e-03 9.935609527095030646e-01 -9.978485752206388781e+01 1.964057770096513424e-03 9.999976545291897612e-01 -9.129146701471210854e-04 6.654279725293753556e-01 -9.935596535272324115e-01 1.847984051913412586e-03 -1.132951889437061599e-01 -2.074709615699274821e+02
-1.134286977226053317e-01 1.286474304557947996e-03 9.935453062225283460e-01 -9.917779355123768426e+01 2.095224661796774631e-03 9.999972478399995479e-01 -1.055625901086008900e-03 6.709384373677209634e-01 -9.935439298624748616e-01 1.961962356967431997e-03 -1.134310810013703374e-01 -2.075368792174077157e+02
-1.133236798742893736e-01 1.442881874155660209e-03 9.935570751958072711e-01 -9.857122393635260948e+01 2.311498787088119445e-03 9.999966221109328757e-01 -1.188587431124916646e-03 6.758498017061209673e-01 -9.935554340614857205e-01 2.161910872670523912e-03 -1.133266322991721697e-01 -2.076015575862940068e+02
-1.130993367549997242e-01 1.709883358015868837e-03 9.935822141747915337e-01 -9.795618335472393312e+01 2.739162269938063502e-03 9.999952556724291952e-01 -1.409121248147155326e-03 6.854150185316180144e-01 -9.935799097282705938e-01 2.562212234576287991e-03 -1.131034838226783190e-01 -2.076785245821469061e+02
-1.130924974377096603e-01 1.340959602193220711e-03 9.935835590682080554e-01 -9.733841802459939174e+01 2.494197622059031103e-03 9.999963216051882542e-01 -1.065717746402277538e-03 6.727983849268066585e-01 -9.935813333600447272e-01 2.357669068840551919e-03 -1.130954260571048753e-01 -2.077498960101020771e+02
-1.134095205684311214e-01 1.399551247242782417e-03 9.935473425563299266e-01 -9.671553109265509818e+01 2.541830581107061039e-03 9.999961440253123390e-01 -1.118495330257567770e-03 6.715969235649414948e-01 -9.935450768544604738e-01 2.398580999924792255e-03 -1.134126406863504855e-01 -2.078076900982323139e+02
-1.130257693562684018e-01 1.548754306792162047e-03 9.935908498076666540e-01 -9.609928043161905009e+01 2.525018956152308772e-03 9.999960037689454850e-01 -1.271505175091318428e-03 6.772434983748376602e-01 -9.935888484381731889e-01 2.365122879768666656e-03 -1.130292283131622000e-01 -2.078867669846652007e+02
-1.130587593597842666e-01 1.698379324273891888e-03 9.935868519861249526e-01 -9.548970823512402717e+01 2.470530782393912540e-03 9.999959283291685042e-01 -1.428216628448844778e-03 6.804754358089334376e-01 -9.935852320811134897e-01 2.293214502704145688e-03 -1.130624949201324281e-01 -2.079505807656996978e+02
-1.122804649142539191e-01 1.790308272747404960e-03 9.936749428233199177e-01 -9.486662434407803346e+01 2.784706110020838867e-03 9.999950170542316608e-01 -1.487036848144012227e-03 6.811083670407647173e-01 -9.936726536493395434e-01 2.600127496000469683e-03 -1.122848909091722636e-01 -2.080204691805202515e+02
-1.119418403268441775e-01 1.351992602389777594e-03 9.937138403485394900e-01 -9.424760102925293381e+01 2.074813533249527872e-03 9.999972127159372226e-01 -1.126813719694807602e-03 6.651229744860887028e-01 -9.937125940296025473e-01 1.935633322644336567e-03 -1.119443334456848849e-01 -2.081015941915387657e+02
-1.116298138770557280e-01 1.458768185788089818e-03 9.937487895082712797e-01 -9.362295257613172339e+01 2.231751700479428936e-03 9.999967687970756636e-01 -1.217242685514409450e-03 6.678626052051707118e-01 -9.937473541791805864e-01 2.081919976407277297e-03 -1.116327087868538293e-01 -2.081718699243405979e+02
-1.116693400132355851e-01 1.641218586436960034e-03 9.937440640841890271e-01 -9.300532650928541045e+01 2.500110373917597672e-03 9.999959354427554459e-01 -1.370600629901277435e-03 6.759688261760766759e-01 -9.937422744097825777e-01 2.331415775873114330e-03 -1.116729893544243790e-01 -2.082375525038200976e+02
-1.115887656447347442e-01 1.646617125718021456e-03 9.937531061757375328e-01 -9.238027646124284331e+01 2.387202947071954441e-03 9.999961860991950502e-01 -1.388902139675251635e-03 6.744560981058596028e-01 -9.937516030900149788e-01 2.217304468356937237e-03 -1.115922708655068263e-01 -2.083082881533390207e+02
-1.111603373356677693e-01 1.113517960673743746e-03 9.938018612787825612e-01 -9.173478371814654508e+01 2.035153629271053283e-03 9.999975305074261245e-01 -8.928206732758657300e-04 6.539434719449580546e-01 -9.938004012643216756e-01 1.923293217536238336e-03 -1.111623290061591884e-01 -2.083840542904981987e+02
-1.107202246075102980e-01 1.618345480604666724e-03 9.938502969868090453e-01 -9.108522784067656630e+01 2.543057590787431606e-03 9.999958618508357766e-01 -1.345042487848242124e-03 6.715913430091804415e-01 -9.938483610294646109e-01 2.378495135497445730e-03 -1.107238819764642113e-01 -2.084468094789001498e+02
-1.105788587349147978e-01 1.564155241593384420e-03 9.938661224829349328e-01 -9.044110104396980887e+01 2.529723335078722796e-03 9.999959651677592376e-01 -1.292342079205293726e-03 6.689714546797014272e-01 -9.938641338234980305e-01 2.371300609775660317e-03 -1.105823694477847674e-01 -2.085154541869870002e+02
-1.103334612204716070e-01 1.623820092367983265e-03 9.938932993754505674e-01 -8.979797894561066585e+01 2.505052165885270164e-03 9.999959433855997171e-01 -1.355701291076975845e-03 6.706395046034633323e-01 -9.938914689485756071e-01 2.340175346433744866e-03 -1.103370813942032846e-01 -2.085838087349030729e+02
-1.100844407420438209e-01 1.819337019979506195e-03 9.939205732448243014e-01 -8.914214227014754499e+01 2.599632410069665448e-03 9.999954312499789166e-01 -1.542527309683125849e-03 6.765280783387177532e-01 -9.939188386472231906e-01 2.414019879026469122e-03 -1.100886674012349076e-01 -2.086534724723707370e+02
-1.100879277777329079e-01 1.480197711658435894e-03 9.939207499455572359e-01 -8.850464633582046758e+01 2.418860096112850425e-03 9.999963287279984847e-01 -1.221329750838989238e-03 6.609668210468701011e-01 -9.939189088016385787e-01 2.269701579338707486e-03 -1.100911040061851587e-01 -2.087188750021340127e+02
-1.095465996722913005e-01 1.637476824840172849e-03 9.939803122647281608e-01 -8.784724861402766294e+01 2.395550073251233401e-03 9.999961738012449475e-01 -1.383373672186762873e-03 6.668445681752778187e-01 -9.939787743408230458e-01 2.229585727991822714e-03 -1.095501031829557714e-01 -2.088014381690134940e+02
-1.097567981611160537e-01 1.875595757754920309e-03 9.939567029795480790e-01 -8.718076314195062082e+01 2.461478986980028538e-03 9.999956661405332570e-01 -1.615184617219416179e-03 6.749901896654462163e-01 -9.939554247442975443e-01 2.269326046327016337e-03 -1.097609392301230891e-01 -2.088601300525027398e+02
-1.095679436681600283e-01 1.828430255650029170e-03 9.939776267920373831e-01 -8.649217866674001698e+01 2.358912532013937146e-03 9.999959703888556817e-01 -1.579473873499715993e-03 6.711227596126805306e-01 -9.939765094065337037e-01 2.171646575984262188e-03 -1.095718152589972849e-01 -2.089433219470577399e+02
-1.097427735827072315e-01 1.406059579553407737e-03 9.939590266418597553e-01 -8.583634904157359813e+01 2.354897774764828575e-03 9.999965606756459069e-01 -1.154596617759297414e-03 6.564760784661773929e-01 -9.939572315260073454e-01 2.213963264844212749e-03 -1.097457072682883616e-01 -2.090066787431447608e+02
-1.097802760330797156e-01 1.584038423951447368e-03 9.939546175839076847e-01 -8.517539857544967674e+01 2.391381279688683820e-03 9.999962567976935501e-01 -1.329543597073780045e-03 6.646041158208184640e-01 -9.939530030588347165e-01 2.230966802265508392e-03 -1.097836531431306550e-01 -2.090795450494054251e+02
-1.097751635852735053e-01 1.413140613549491390e-03 9.939554398932747281e-01 -8.451802701048089261e+01 2.315604345804353221e-03 9.999966392187151776e-01 -1.165987902393252626e-03 6.557830761789635865e-01 -9.939537471312941408e-01 2.173611023429075292e-03 -1.097780669295043143e-01 -2.091582930876582793e+02
-1.097360749266163005e-01 1.313119387393919205e-03 9.939598933443820616e-01 -8.386533161178168427e+01 2.339081427335108071e-03 9.999966995151448046e-01 -1.062853185292195754e-03 6.517501620491829017e-01 -9.939580084479309185e-01 2.208319789260611114e-03 -1.097387842375336930e-01 -2.092369257987780315e+02
-1.104280006961670946e-01 1.285513199113603490e-03 9.938832950191194282e-01 -8.321238848803533017e+01 2.272856080201869633e-03 9.999968753327400650e-01 -1.040889040685482898e-03 6.479176343656224413e-01 -9.938815275411279071e-01 2.144010394385825226e-03 -1.104305774318994349e-01 -2.093081722041201544e+02
-1.111752808941874893e-01 1.521769201738169862e-03 9.937996483882427512e-01 -8.257613098745520119e+01 2.361048493988333885e-03 9.999964099091370739e-01 -1.267130161463447422e-03 6.578879522077972775e-01 -9.937980088368598697e-01 2.205535611523000428e-03 -1.111784747357094094e-01 -2.093654424891919632e+02
-1.115335632588849712e-01 1.463190911601089383e-03 9.937595903130357344e-01 -8.195784600400719455e+01 2.302425852692498946e-03 9.999966125577720577e-01 -1.213963827263516999e-03 6.547078200159346384e-01 -9.937580002706741800e-01 2.152660060775746231e-03 -1.115365543339652543e-01 -2.094453031908550713e+02
-1.120594565294226186e-01 1.573025849376238862e-03 9.937002585246762498e-01 -8.132056574976347463e+01 2.398343997608645695e-03 9.999962625966413166e-01 -1.312531454241471288e-03 6.595712704772410673e-01 -9.936986093118981289e-01 2.236153489014744335e-03 -1.120628103751373228e-01 -2.095091340300951117e+02
-1.131780735541754179e-01 1.387091176166728793e-03 9.935737514873441700e-01 -8.069285975203531791e+01 2.395067481442410100e-03 9.999965009908886593e-01 -1.123235388887362622e-03 6.514503089358048005e-01 -9.935718329936316096e-01 2.252550565139933413e-03 -1.131809997200348139e-01 -2.095660879668628525e+02
-1.136211186939635187e-01 1.266811798870174071e-03 9.935233447557227926e-01 -8.006017089881092375e+01 2.303533358934951609e-03 9.999968351646693066e-01 -1.011629729420702875e-03 6.454116934929331473e-01 -9.935214819624167415e-01 2.173671665964585845e-03 -1.136236772450709420e-01 -2.096520842129221762e+02
-1.143105836406781428e-01 1.346811476067425774e-03 9.934441486900889018e-01 -7.941832308526183226e+01 2.280885547696630961e-03 9.999968011831704695e-01 -1.093244961099699552e-03 6.475260783106661089e-01 -9.934424432390867032e-01 2.140962931625469638e-03 -1.143132899048906470e-01 -2.097317870890504423e+02
-1.157335477678704816e-01 1.461598847455419575e-03 9.932792203856233293e-01 -7.878475683763028314e+01 2.450539872692020053e-03 9.999962941765045965e-01 -1.185954295064650795e-03 6.520462392955196362e-01 -9.932772728575818277e-01 2.296815636213038643e-03 -1.157367005860234777e-01 -2.097915321155843458e+02
-1.166146205805203007e-01 1.211987572160157017e-03 9.931765006044931399e-01 -7.815322162342501144e+01 2.113165052558179345e-03 9.999972946843266319e-01 -9.721921047622571156e-04 6.402027708663569072e-01 -9.931749920332882953e-01 1.985374058671213974e-03 -1.166168662309410298e-01 -2.098724390995051294e+02
-1.179668825668576115e-01 1.225837874566340375e-03 9.930167732415011717e-01 -7.753779526995482740e+01 2.135016805999478962e-03 9.999972398414016528e-01 -9.808225202968584491e-04 6.384716265821024361e-01 -9.930152346871097269e-01 2.004402924439189874e-03 -1.179691741440160868e-01 -2.099358517174860594e+02
-1.193886484830521955e-01 1.389186743344571597e-03 9.928466249998451065e-01 -7.691936064920614058e+01 2.511588454276824853e-03 9.999962440583083367e-01 -1.097174877880647322e-03 6.456530585473380102e-01 -9.928444201066082275e-01 2.362631894397594634e-03 -1.193916891316351148e-01 -2.100025827380548833e+02
-1.199630393137764983e-01 1.370969905764316942e-03 9.927774119308514500e-01 -7.628590810356325846e+01 2.619984714355843691e-03 9.999960014111036744e-01 -1.064350459459396676e-03 6.455621679586502903e-01 -9.927749014145645923e-01 2.473378928004821460e-03 -1.199661515510963561e-01 -2.100894223423212281e+02
-1.208897520325027397e-01 1.472557693350848296e-03 9.926648474824523172e-01 -7.565956736159655804e+01 2.623827513356675328e-03 9.999958804301820603e-01 -1.163895117784250529e-03 6.490191166153493896e-01 -9.926624720330171625e-01 2.463878346185687396e-03 -1.208931177561196613e-01 -2.101560260919818006e+02
-1.217772923786388795e-01 1.416762325772490377e-03 9.925564386197089917e-01 -7.504057004238092077e+01 2.579700276043347344e-03 9.999960555419404873e-01 -1.110876701561942445e-03 6.471877270092500911e-01 -9.925540973707245307e-01 2.425218561813138364e-03 -1.217804668553792435e-01 -2.102299234261574554e+02
-1.228982921121504202e-01 1.324658248426997332e-03 9.924183871112232103e-01 -7.442852997608468968e+01 2.478541125666305391e-03 9.999964001853207662e-01 -1.027837676000610719e-03 6.389900327184180329e-01 -9.924161761226008016e-01 2.333430291373593708e-03 -1.229011329210207837e-01 -2.102929868325402936e+02
-1.234610077811799655e-01 1.519093644277485318e-03 9.923482614043092065e-01 -7.381568668277546408e+01 2.548309646659520540e-03 9.999960164467053270e-01 -1.213758075282376364e-03 6.486062422069877043e-01 -9.923461521443009969e-01 2.378958852205497604e-03 -1.234643870886635852e-01 -2.103858124325870165e+02
-1.241900824250037338e-01 1.602923459030305541e-03 9.922571511778864872e-01 -7.320648930513910102e+01 2.666127304137868876e-03 9.999956244518114490e-01 -1.281734149454398812e-03 6.525407190874918939e-01 -9.922548640306424472e-01 2.486305213813736967e-03 -1.241938126233139705e-01 -2.104686522855582496e+02
-1.250555609831287551e-01 1.645054410645876422e-03 9.921483762337068857e-01 -7.258760481341097659e+01 2.848453726319002260e-03 9.999950994030735174e-01 -1.299030871884820481e-03 6.549499280104832399e-01 -9.921456510908890358e-01 2.663637704926290466e-03 -1.250596339975971194e-01 -2.105282615862599016e+02
-1.252711319118380295e-01 1.249411539395547293e-03 9.921217578908005930e-01 -7.198754408695523921e+01 2.319243394687360398e-03 9.999968435009415346e-01 -9.664875734972041849e-04 6.372512895718921433e-01 -9.921198338001329109e-01 2.179898841403131622e-03 -1.252736341830880118e-01 -2.106206900443226573e+02
-1.253237219399270241e-01 1.262133794644296246e-03 9.921151000450546542e-01 -7.138027594055063219e+01 2.298985211225526570e-03 9.999968754086545619e-01 -9.817534957305864944e-04 6.347856299108108891e-01 -9.921132391950643337e-01 2.157820940724622730e-03 -1.253262319814383297e-01 -2.107056646487142473e+02
-1.256933676836617941e-01 1.439276383675454438e-03 9.920680953461971097e-01 -7.076887607034569783e+01 2.439652170158815910e-03 9.999963723268776583e-01 -1.141678752215028684e-03 6.425105614087585071e-01 -9.920661396386978303e-01 2.276799634577884954e-03 -1.256964230429629126e-01 -2.107797666591464747e+02
-1.262938987167605553e-01 1.182921678933100251e-03 9.919921631964753184e-01 -7.018216041313279163e+01 2.237670898373745384e-03 9.999970845578495249e-01 -9.075818154567449588e-04 6.285725854677093327e-01 -9.919903446989147833e-01 2.105129949121104047e-03 -1.262961775036208767e-01 -2.108448157667027090e+02
-1.271129408529159122e-01 1.242545860225521956e-03 9.918874716153583959e-01 -6.958885557484656204e+01 2.339452599538626755e-03 9.999968094687549103e-01 -9.528976047973536584e-04 6.313866394281568706e-01 -9.918854909863626945e-01 2.199348107042855324e-03 -1.271154421722491268e-01 -2.109136180142151034e+02
-1.280536332487429707e-01 1.319567702940417035e-03 9.917663665162645970e-01 -6.900866493111972488e+01 2.478863987021082040e-03 9.999964171004406266e-01 -1.010455152572393902e-03 6.336010974122590067e-01 -9.917641464809716645e-01 2.329061475974111579e-03 -1.280564454742940672e-01 -2.109826412866977421e+02
-1.287461927663611228e-01 1.258980129663792979e-03 9.916767783996960350e-01 -6.843307995614182460e+01 2.454633051637577796e-03 9.999965353098121401e-01 -9.508653708444712990e-04 6.300356066448061787e-01 -9.916745396675001878e-01 2.311782300471767766e-03 -1.287488370349281208e-01 -2.110567754326241072e+02
-1.286561180894818524e-01 1.409398047327213837e-03 9.916882659764054697e-01 -6.784679839552519809e+01 2.361361813707309621e-03 9.999965905274474931e-01 -1.114855984081231967e-03 6.375178923764017735e-01 -9.916864561183289517e-01 2.198301759237580952e-03 -1.286590075387077370e-01 -2.111440979333894177e+02
-1.288357675595350749e-01 1.298766608739959725e-03 9.916650937703928026e-01 -6.726945673599854558e+01 2.499573610657467894e-03 9.999963910091272945e-01 -9.849367926110135559e-04 6.315825324517100325e-01 -9.916627940631386195e-01 2.351844811324970384e-03 -1.288385489551675533e-01 -2.112190047560218034e+02
-1.284177578177834178e-01 1.610283481888913435e-03 9.917188545470745353e-01 -6.667960999725073634e+01 2.638330701848246983e-03 9.999956977251014401e-01 -1.282085174708338590e-03 6.449537150679486297e-01 -9.917166524205194289e-01 2.451839798085856444e-03 -1.284214537896364305e-01 -2.113075507866865053e+02
-1.284562685392973691e-01 1.534180951516986953e-03 9.917139876808068744e-01 -6.610760248700209729e+01 2.581294032785050319e-03 9.999959332053053318e-01 -1.212639256683324934e-03 6.402663838569114807e-01 -9.917118149916718250e-01 2.404134284632126941e-03 -1.284597063061614364e-01 -2.113696581317156244e+02
-1.282271563196117903e-01 1.581910835798430205e-03 9.917435625908008756e-01 -6.554037266978646414e+01 2.399212288669561738e-03 9.999962964388433573e-01 -1.284869250457144722e-03 6.472542640083179810e-01 -9.917419221564549581e-01 2.214648212348149098e-03 -1.282304767624131703e-01 -2.114546046020908534e+02
-1.286105290267445245e-01 1.354952237582801935e-03 9.916942552661555110e-01 -6.494763381721985240e+01 2.316706596773113105e-03 9.999967484144015595e-01 -1.065847629161872749e-03 6.356330440789237368e-01 -9.916924748600269846e-01 2.160385395708692285e-03 -1.286132498653875800e-01 -2.115128821429318009e+02
-1.282139623343345747e-01 1.140129282955982138e-03 9.917458746915701617e-01 -6.439511599095638417e+01 2.298203934444673514e-03 9.999969957461268821e-01 -8.525006724062201809e-04 6.273244441001556426e-01 -9.917438671961653629e-01 2.169931782083554979e-03 -1.282161973966455815e-01 -2.115984421628594419e+02
-1.283883182269507373e-01 1.134585464112627257e-03 9.917233245510969075e-01 -6.382062621442970141e+01 2.516457368842537831e-03 9.999964989318681496e-01 -8.182703202462542763e-04 6.214795558452561597e-01 -9.917207808577807038e-01 2.390573117648182432e-03 -1.283907238666528450e-01 -2.116645163792463222e+02
-1.276675182183069079e-01 1.303453294527351283e-03 9.918161653257557830e-01 -6.325126598733375971e+01 2.759559385288342433e-03 9.999957325761293925e-01 -9.589898484175761462e-04 6.262424817619803852e-01 -9.918131828242540138e-01 2.614543753561361736e-03 -1.276705703636644706e-01 -2.117655317860727848e+02
-1.271244255805730194e-01 9.868894288190780285e-04 9.918862870662468190e-01 -6.271408820320830557e+01 2.620914662953764164e-03 9.999963482224502043e-01 -6.590509037363674258e-04 6.118641225526696426e-01 -9.918833153285415705e-01 2.515867846188849649e-03 -1.271265479034244805e-01 -2.118429317699573176e+02
-1.264864707023749535e-01 1.402553178589099198e-03 9.919673409814652176e-01 -6.214956951449521938e+01 2.515746248545560997e-03 9.999962380468936374e-01 -1.093120703969633180e-03 6.311333998416254198e-01 -9.919651424067633672e-01 2.357273136857022250e-03 -1.264895233341010172e-01 -2.119038837929652459e+02
-1.258861312362806739e-01 1.443343805191599520e-03 9.920436475886643679e-01 -6.158568241594145576e+01 2.610131365625270421e-03 9.999959622490468547e-01 -1.123699184407213163e-03 6.308386690099825334e-01 -9.920412638477374978e-01 2.447906097642086817e-03 -1.258893902563718026e-01 -2.119722585354208206e+02
-1.254177362900923409e-01 1.278755076257140268e-03 9.921031983666438459e-01 -6.103321955300346957e+01 2.467754767323025820e-03 9.999964778564451873e-01 -9.769652564946725015e-04 6.240524600024162094e-01 -9.921009533360390931e-01 2.325738626542075103e-03 -1.254204502047564507e-01 -2.120280843920205882e+02
-1.241570289900904012e-01 1.801821668460304362e-03 9.922609463195806168e-01 -6.048943096607263215e+01 2.588965431474268570e-03 9.999955357042579207e-01 -1.491921428487644457e-03 6.466522760845584417e-01 -9.922592047496203715e-01 2.383696756975660792e-03 -1.241611395704078635e-01 -2.121081827597880931e+02
-1.227826597471675107e-01 1.781299300162997399e-03 9.924319852958265464e-01 -5.995209305807572520e+01 3.094203020020033171e-03 9.999942159789472207e-01 -1.412061019049928347e-03 6.418175963480227120e-01 -9.924287603516350753e-01 2.897409438422576984e-03 -1.227874612713528713e-01 -2.121875739262065395e+02
-1.219278519792812432e-01 1.625668998025721779e-03 9.925376346073876421e-01 -5.941731400753241132e+01 2.812116004308434173e-03 9.999952108019739550e-01 -1.292430537367487541e-03 6.372355629083302775e-01 -9.925349822123640253e-01 2.633547687904225307e-03 -1.219318396124602355e-01 -2.122631782708087940e+02
-1.210862132639856092e-01 1.603469445131171234e-03 9.926406992679314145e-01 -5.889739006743949545e+01 2.771521193845648615e-03 9.999953436165300857e-01 -1.277268777467972186e-03 6.344747755916432252e-01 -9.926381252136456945e-01 2.596465096310919367e-03 -1.210900934896945724e-01 -2.123440442537807940e+02
-1.200379016645998220e-01 1.564277695965075269e-03 9.927680772462669223e-01 -5.835821754661500904e+01 2.784340836421401056e-03 9.999953561463386098e-01 -1.239004384163091893e-03 6.327977610881144743e-01 -9.927654051235198507e-01 2.615477212144159611e-03 -1.200416997084190474e-01 -2.124255239985307071e+02
-1.199184272150470854e-01 1.735704652173079452e-03 9.927822309769803732e-01 -5.782199005351753840e+01 2.696520095774436986e-03 9.999953524804476857e-01 -1.422602150345579543e-03 6.405642605105636989e-01 -9.927800862193213449e-01 2.506461024135020563e-03 -1.199225502542868860e-01 -2.124817772120591997e+02
-1.185218462178521115e-01 1.791536918910368844e-03 9.929498287247850996e-01 -5.726010483835327136e+01 2.636543927699534252e-03 9.999954149395970937e-01 -1.489542178137491252e-03 6.413595248817058891e-01 -9.929479445596476328e-01 2.441412552462408295e-03 -1.185260262538130327e-01 -2.125615015658844413e+02
-1.181760812197401034e-01 1.914732624872264762e-03 9.929908094370867300e-01 -5.669648511740404473e+01 2.669656651637268736e-03 9.999951395639680163e-01 -1.610522214249598613e-03 6.463166632251383659e-01 -9.929890667882037558e-01 2.460619315431037887e-03 -1.181806185111449192e-01 -2.126181114041334013e+02
-1.164624906287459183e-01 1.765421502093232967e-03 9.931935217083672773e-01 -5.619661400611955315e+01 2.843204267161229121e-03 9.999949153474450014e-01 -1.444115214073614893e-03 6.372812594355113935e-01 -9.931910211364399776e-01 2.655666804452241035e-03 -1.164669179113935193e-01 -2.126903549284367330e+02
-1.148571331226724279e-01 1.916357874342029160e-03 9.933801722116957222e-01 -5.567384390522430948e+01 2.776717818826894904e-03 9.999948519656228774e-01 -1.608067289231433859e-03 6.398425955393317599e-01 -9.933781398888317238e-01 2.573638426340075277e-03 -1.148618630192594914e-01 -2.127596962347310239e+02
-1.128889138870996511e-01 2.177876272433884510e-03 9.936052284364917941e-01 -5.517946722666744819e+01 2.710204312819911813e-03 9.999945527290389213e-01 -1.883959880737465968e-03 6.543594832417961582e-01 -9.936039190311065639e-01 2.480194990605671512e-03 -1.128942014402636307e-01 -2.128190734843999508e+02
-1.107762105075205117e-01 2.121881369689218848e-03 9.938431107599662306e-01 -5.467791731029877411e+01 2.819721862640849671e-03 9.999943670554285458e-01 -1.820721293964425473e-03 6.494368385596586135e-01 -9.938413758514036411e-01 2.600668542109139687e-03 -1.107815696265550542e-01 -2.128814890075402104e+02
-1.084952638388760882e-01 1.919356292157845759e-03 9.940951130530502056e-01 -5.418183307738545551e+01 2.798522622816849211e-03 9.999947632940081599e-01 -1.625317104486609940e-03 6.411887706927870134e-01 -9.940930268318264318e-01 2.605658455037520964e-03 -1.085000670430826819e-01 -2.129369001750485495e+02
-1.059720631969016669e-01 1.497982487004192965e-03 9.943679791054520489e-01 -5.366741966836642064e+01 2.964568695809984174e-03 9.999948969861658377e-01 -1.190518406133595289e-03 6.226313069316062876e-01 -9.943646882076213611e-01 2.821710491199995452e-03 -1.059759632919849981e-01 -2.130113014519673129e+02
-1.028246760804771842e-01 1.841477433598966628e-03 9.946977907635096150e-01 -5.319177328202514587e+01 2.781037914966478543e-03 9.999949101653613504e-01 -1.563800334587462076e-03 6.384677075599238805e-01 -9.946956076192660090e-01 2.605495007188215941e-03 -1.028292739384415455e-01 -2.130733294574660022e+02
-1.006203938468590575e-01 1.686144072124262389e-03 9.949234610060572193e-01 -5.269234782993959243e+01 2.662080942906125836e-03 9.999954406078689351e-01 -1.425513425897775594e-03 6.310344554848894560e-01 -9.949213283808709951e-01 2.505131062846611013e-03 -1.006244237310285339e-01 -2.131236550810687902e+02
-9.738738183203876631e-02 1.766945429523474964e-03 9.952449827875293753e-01 -5.220951589223208344e+01 2.785035717036658288e-03 9.999949924883916319e-01 -1.502855347779354566e-03 6.365857496085174372e-01 -9.952426545501129596e-01 2.625433676672293652e-03 -9.739181516972506003e-02 -2.131894929808617860e+02
-9.455005495977064633e-02 1.807664805036538359e-03 9.955184676614780015e-01 -5.170941854412978955e+01 2.728859475654788706e-03 9.999950651208414643e-01 -1.556618105406624465e-03 6.368773282425956861e-01 -9.955163687419040786e-01 2.569451676249789179e-03 -9.455452122990704034e-02 -2.132647984300083692e+02
-9.191017503643084119e-02 1.445160912684858049e-03 9.957662533118452064e-01 -5.124482320995279139e+01 2.972520808691904437e-03 9.999948894631444096e-01 -1.176931448934558783e-03 6.180206290201127883e-01 -9.957628652670349467e-01 2.851763933085177914e-03 -9.191400109697878129e-02 -2.133231282206317019e+02
-9.012324619752631882e-02 1.429571176140514207e-03 9.959295943092930647e-01 -5.073829772706163510e+01 2.850656526654324775e-03 9.999952436770745967e-01 -1.177446642174916937e-03 6.163662340962208219e-01 -9.959265405903127144e-01 2.732937884488799429e-03 -9.012689275866780925e-02 -2.133640898218522182e+02
-8.805228365546224900e-02 1.558745972703333947e-03 9.961146347956394420e-01 -5.024949230519209209e+01 2.688515040482944950e-03 9.999955052490714369e-01 -1.327165600616905328e-03 6.226742038124736256e-01 -9.961122262224947344e-01 2.561209215769960981e-03 -8.805607859437047935e-02 -2.134031840746745559e+02
-8.546871221368035343e-02 1.414999800883973407e-03 9.963398501556075537e-01 -4.975852278738641132e+01 2.729188962364596013e-03 9.999955723676656749e-01 -1.186074480107814034e-03 6.160579602832469970e-01 -9.963371170242243391e-01 2.617827463404354474e-03 -8.547219559148500068e-02 -2.134562469186803924e+02
-8.215388806771928287e-02 1.405615092520825886e-03 9.966186647467368820e-01 -4.930087875463868841e+01 2.685355400719891678e-03 9.999956875430441317e-01 -1.189017109321939634e-03 6.169658258036546661e-01 -9.966160381720378103e-01 2.578592935326059002e-03 -8.215730835869328175e-02 -2.135067979525830140e+02
-7.824600353645827511e-02 1.349387684530481846e-03 9.969331683134281530e-01 -4.884026663810480784e+01 2.733723406610637490e-03 9.999956147400915762e-01 -1.138971870796888931e-03 6.151179800118689034e-01 -9.969303334169892228e-01 2.636219540014620669e-03 -7.824934926009374792e-02 -2.135707707592632971e+02
-7.407984283391799707e-02 1.428291620573746406e-03 9.972512907330576271e-01 -4.835678625980482792e+01 2.744701437221823848e-03 9.999954788940340622e-01 -1.228334446295997751e-03 6.163455551836246604e-01 -9.972485364740945046e-01 2.646162228217245962e-03 -7.408342814516233332e-02 -2.136448698193794371e+02
-6.965800804580646322e-02 1.378969974029894789e-03 9.975699776741985270e-01 -4.788348106654474634e+01 2.763772688252538572e-03 9.999954735112166482e-01 -1.189334942445697662e-03 6.125531002030059069e-01 -9.975671022420585787e-01 2.674209955926602940e-03 -6.966150389916658803e-02 -2.136980027829111179e+02
-6.633125279165308363e-02 1.102247916321244352e-03 9.977970484786077288e-01 -4.738734618888613426e+01 2.764410565356866922e-03 9.999957549749731722e-01 -9.209051305791183389e-04 6.047390516844899366e-01 -9.977938278709265196e-01 2.697235911882586885e-03 -6.633401827961060704e-02 -2.137147777423592174e+02
-6.220877803039193132e-02 2.063642274740023781e-03 9.980610248459398370e-01 -4.689630427682642733e+01 2.539518562447686239e-03 9.999949525942185558e-01 -1.909353701532292245e-03 6.371562798471003264e-01 -9.980599274499686313e-01 2.415815938451695670e-03 -6.221370469530906888e-02 -2.137675589156050933e+02
-5.761503817995383692e-02 1.705568707159853432e-03 9.983374171145281695e-01 -4.642890334927791685e+01 2.618744392233700487e-03 9.999953585319220073e-01 -1.557270824495911136e-03 6.238375610874208332e-01 -9.983354393956623829e-01 2.524668294615887987e-03 -5.761923721008077592e-02 -2.137997382919355687e+02
-5.190289544283155365e-02 1.605278755890881485e-03 9.986508461543338599e-01 -4.595635637636766546e+01 2.573681801115180242e-03 9.999956022073426265e-01 -1.473678377631814675e-03 6.201381950372510943e-01 -9.986488199595681126e-01 2.493721333665098981e-03 -5.190679866137881682e-02 -2.138456898539106419e+02
-4.667586734629591838e-02 1.925480828050854694e-03 9.989082319868285431e-01 -4.547499073748551979e+01 2.522395077130066415e-03 9.999951812205184476e-01 -1.809712357633380588e-03 6.291171368543001519e-01 -9.989069030347852429e-01 2.435171312928426524e-03 -4.668049924894579483e-02 -2.138702422173690536e+02
-3.946689994106944432e-02 1.910619603872376268e-03 9.992190517307859565e-01 -4.499402354286651473e+01 2.354046998884806730e-03 9.999955746139548296e-01 -1.819124853687453715e-03 6.295657613215182025e-01 -9.992181054563458176e-01 2.280413391374583581e-03 -3.947122297314575867e-02 -2.138953016804947254e+02
-3.160392990339921937e-02 2.192981240945726142e-03 9.994980652547249544e-01 -4.451245945677887050e+01 2.281633245248127287e-03 9.999951457758029516e-01 -2.121927087507196816e-03 6.399809428919981391e-01 -9.994978668133291944e-01 2.213426779312660519e-03 -3.160878006974354726e-02 -2.139277348917439099e+02
-2.441672150977813871e-02 1.821876738333566212e-03 9.997002073001010070e-01 -4.402669818842471727e+01 2.309174335534860088e-03 9.999957744417391492e-01 -1.766016011927264324e-03 6.260374905285411851e-01 -9.996992004721233505e-01 2.265361740781235422e-03 -2.442082536650569402e-02 -2.139497859114750042e+02
-1.543010981360493084e-02 1.545151152665578996e-03 9.998797548800835155e-01 -4.355521144927244848e+01 2.403330039109636499e-03 9.999959745963211688e-01 -1.508242645204384193e-03 6.148162526316061083e-01 -9.998780604233015179e-01 2.379768700759819083e-03 -1.543376120936446050e-02 -2.139584825089361857e+02
-5.833438752444131126e-03 1.868167602481648560e-03 9.999812402951020474e-01 -4.309634495656994346e+01 2.204345198739558146e-03 9.999958492871521276e-01 -1.855335741099277272e-03 6.265352744656453865e-01 -9.999805557382435151e-01 2.193480858463213532e-03 -5.837532625799779495e-03 -2.139679771386407765e+02
2.307764612822560402e-03 1.898398569288946422e-03 9.999955351427145533e-01 -4.262229323757198074e+01 2.201897378546702200e-03 9.999957641960126598e-01 -1.903480487664717131e-03 6.280862678294990564e-01 -9.999949129222740485e-01 2.206280332299780707e-03 2.303574758750870366e-03 -2.139841723967404050e+02
1.156461505857397931e-02 1.328283586353630127e-03 9.999322453752860218e-01 -4.216768551590585901e+01 2.263457305553533833e-03 9.999965209760061091e-01 -1.354546754470412886e-03 6.109245977718370524e-01 -9.999305658092331184e-01 2.278968757647531224e-03 1.156156831181331945e-02 -2.139894230580566727e+02
2.171767993825601817e-02 2.000968567687339949e-03 9.997621409629845468e-01 -4.171716377349640226e+01 1.974530796866268232e-03 9.999959609654287540e-01 -2.044328975702193723e-03 6.338360123867443630e-01 -9.997621935271566729e-01 2.018459219255171102e-03 2.171364124573538223e-02 -2.140053339232763108e+02
2.969651797066075183e-02 1.710137090587790986e-03 9.995574982218631277e-01 -4.124487238233268016e+01 1.909627987167702079e-03 9.999966144096000820e-01 -1.767622778824982964e-03 6.236642044229246951e-01 -9.995571370068692119e-01 1.961275215004525639e-03 2.969315170476460874e-02 -2.140024937846392277e+02
3.871264064063817401e-02 1.586567494847394063e-03 9.992491252226411991e-01 -4.079546429169090516e+01 2.107874084073773583e-03 9.999963849509060365e-01 -1.669416654118953403e-03 6.152484289562384356e-01 -9.992481615301951337e-01 2.170918861600597705e-03 3.870915640803673785e-02 -2.139895242903241979e+02
4.775996465213028230e-02 1.658532263340927945e-03 9.988574648302723791e-01 -4.034320052322863148e+01 2.022664717091327696e-03 9.999964106432985833e-01 -1.757136295684250810e-03 6.159612558561331497e-01 -9.988567938417747261e-01 2.104274518886338572e-03 4.775643856988986968e-02 -2.139718336814470376e+02
5.541097638285874538e-02 1.561937294864825052e-03 9.984624099324846958e-01 -3.988559702716932520e+01 2.122088795204770794e-03 9.999963336242894130e-01 -1.682104968220941160e-03 6.128718062042709525e-01 -9.984613765366406879e-01 2.212032971218458582e-03 5.540745865576868212e-02 -2.139439011895521503e+02
6.499509865481467585e-02 1.494883201470190593e-03 9.978844634901701260e-01 -3.943763666470725582e+01 2.040684389163439395e-03 9.999965877777255985e-01 -1.630962945450731283e-03 6.066795163164846461e-01 -9.978834965856858696e-01 2.142371844375041794e-03 6.499182629227850949e-02 -2.139218405453560763e+02
7.470586603939532999e-02 1.618591052413661689e-03 9.972042988988309986e-01 -3.898179725998812017e+01 1.976506753823193806e-03 9.999964781407114645e-01 -1.771193728999352537e-03 6.128696900661283475e-01 -9.972036537239301612e-01 2.103299593163505173e-03 7.470240377970027712e-02 -2.138996123093276935e+02
8.312620858521602152e-02 1.587521461766794231e-03 9.965377630686436117e-01 -3.855299827912762112e+01 1.952715757265597284e-03 9.999965518219522398e-01 -1.755917246595808077e-03 6.109606544588580546e-01 -9.965371143853192226e-01 2.091917735953251894e-03 8.312282197307507836e-02 -2.138686365700098975e+02
9.400189116031454351e-02 1.473953905693481652e-03 9.955709276180018108e-01 -3.811918594503121227e+01 1.965010372331675147e-03 9.999966815124240460e-01 -1.666042729384516283e-03 6.071135367133090321e-01 -9.955700794984356783e-01 2.112918366477277866e-03 9.399868288149360041e-02 -2.138314563281686844e+02
1.059881928327979228e-01 1.398367976730817506e-03 9.943664050776450658e-01 -3.768652940843061572e+01 1.935663434966366971e-03 9.999968263498030252e-01 -1.612605775915582030e-03 6.018732062920160164e-01 -9.943655043227839219e-01 2.095675863208776562e-03 1.059851496935876325e-01 -2.137916348536537328e+02
1.170938672215772192e-01 1.471618687105380029e-03 9.931197614575674182e-01 -3.724901794712948089e+01 1.656389962886501734e-03 9.999972218390148493e-01 -1.677106598552271588e-03 6.080889953574178941e-01 -9.931194704724032318e-01 1.841372502189861935e-03 1.170911043415412411e-01 -2.137543442540923877e+02
1.304550269571622678e-01 1.403284388605714316e-03 9.914532347693110204e-01 -3.681746005412341560e+01 1.676623484059917065e-03 9.999972562365202489e-01 -1.635986896056381952e-03 6.057592662111799253e-01 -9.914528102110047314e-01 1.875716491387996411e-03 1.304523162398627534e-01 -2.136995629178977936e+02
1.452023161503082083e-01 1.464924216203359730e-03 9.894009002328767455e-01 -3.636903135621780336e+01 1.628325923042360339e-03 9.999971957908513343e-01 -1.719582833735404164e-03 6.076354376580772598e-01 -9.894006448043555224e-01 1.860754544401332445e-03 1.451995235985683586e-01 -2.136350178251483385e+02
1.597901860093462467e-01 1.400443820930644123e-03 9.871500064388406548e-01 -3.596684962124361817e+01 1.777703806127792826e-03 9.999969639338297522e-01 -1.706426763869532551e-03 6.017405084852467390e-01 -9.871493991409184821e-01 2.027530573675441396e-03 1.597872113014573436e-01 -2.135943572255707750e+02
1.769543673073995516e-01 1.529193317909044881e-03 9.842178688982609058e-01 -3.554272993146738457e+01 1.624254833481819042e-03 9.999969775203654265e-01 -1.845737351214386856e-03 6.086879132110413204e-01 -9.842177166090203544e-01 1.925231915956952767e-03 1.769513486667900759e-01 -2.135457058246978477e+02
1.948464916058192387e-01 1.608224059054260725e-03 9.808324313175413867e-01 -3.510825023493509178e+01 1.568753438629622628e-03 9.999968657418301099e-01 -1.951286540969603958e-03 6.131279552523251075e-01 -9.808324952414415598e-01 1.918885585974428000e-03 1.948433579995882958e-01 -2.134583698349647420e+02
2.139072195400475440e-01 1.633872328902546663e-03 9.768526152341809876e-01 -3.466830141956850042e+01 1.524320695838884141e-03 9.999968254526182543e-01 -2.006372622917956556e-03 6.139129035158018555e-01 -9.768527923259788803e-01 1.918214247315452739e-03 2.139040499360385095e-01 -2.133740623884234822e+02
2.303937413065227924e-01 1.463697873615228033e-03 9.730963886251546846e-01 -3.422983819480852929e+01 1.583390311474272864e-03 9.999969810187386843e-01 -1.879049900833808196e-03 6.038825997601181550e-01 -9.730962012267363459e-01 1.973712730634425219e-03 2.303907281471030410e-01 -2.132705993382091378e+02
2.506792672394381194e-01 1.236400829129242172e-03 9.680694067520614343e-01 -3.379326656840053289e+01 1.525498638333133011e-03 9.999974382922750538e-01 -1.672202975709159104e-03 5.944863701352166574e-01 -9.680689943543294707e-01 1.895975178438613542e-03 2.506767389446414862e-01 -2.131762895706404208e+02
2.715837591292008524e-01 1.517384129974609294e-03 9.624136113556659433e-01 -3.335092063674966312e+01 1.491980197982680553e-03 9.999968916661787777e-01 -1.997661900733617869e-03 6.060664968175547562e-01 -9.624136510733528604e-01 1.978434578882073188e-03 2.715806510491424186e-01 -2.130694287142642622e+02
2.908401693671238686e-01 1.351595104930920213e-03 9.567706982726713605e-01 -3.292705373131190782e+01 1.343440544556458302e-03 9.999974394863575533e-01 -1.821040425686334171e-03 5.983237285005791328e-01 -9.567707097575708364e-01 1.814996253734093342e-03 2.908376088792385961e-01 -2.129772744859290015e+02
3.138829212935700941e-01 1.267422829352469766e-03 9.494608498298316990e-01 -3.251872828443894292e+01 1.223918493180031590e-03 9.999977380792128834e-01 -1.739499922406496923e-03 5.941310812695965726e-01 -9.494609069065121920e-01 1.708062009892049628e-03 3.138806600930261759e-01 -2.128703067383487166e+02
3.363310398788210698e-01 1.453866553039608739e-03 9.417427025924207662e-01 -3.208151655907597188e+01 1.064700456217081929e-03 9.999975822299638217e-01 -1.924044481083456463e-03 6.047300906786607921e-01 -9.417432229790503317e-01 1.649789766185163738e-03 3.363286787753283491e-01 -2.127223270780276323e+02
3.558254966539754482e-01 1.551426117118994254e-03 9.345511270165774986e-01 -3.168208527887712478e+01 1.004848069791208645e-03 9.999974089015163381e-01 -2.042662627576627594e-03 6.091575829268576214e-01 -9.345518745427182639e-01 1.665913340057774460e-03 3.558230157275313887e-01 -2.125740752700966425e+02
3.792157374727226360e-01 1.405376787795206521e-03 9.253072189111591905e-01 -3.128180373363479205e+01 1.052426167824768374e-03 9.999975446919289190e-01 -1.950130578958283664e-03 5.995745626802085892e-01 -9.253076876651250560e-01 1.713337736127038338e-03 3.792133273259545856e-01 -2.124201474616008056e+02
4.028806820258051813e-01 1.391529385862216167e-03 9.152514516221160745e-01 -3.087915412419830830e+01 9.425698944219630150e-04 9.999976831207292305e-01 -1.935281676569961364e-03 5.983013197357694990e-01 -9.152520240963232245e-01 1.642376065893556098e-03 4.028784369861980741e-01 -2.122545077971536784e+02
4.266795102036946563e-01 1.533169561946920879e-03 9.044015949584728320e-01 -3.046958571111292358e+01 8.571763962989914195e-04 9.999974284060554330e-01 -2.099626133759276061e-03 6.066657522940842595e-01 -9.044024882876876559e-01 1.671099150336848981e-03 4.266770987604899812e-01 -2.120712139282741475e+02
4.473759496603615382e-01 1.333223175000331417e-03 8.943450017646742412e-01 -3.007811196065925685e+01 1.020041291777056035e-03 9.999974778047534540e-01 -2.000974736171891658e-03 5.963358395698601377e-01 -8.943454137978529284e-01 1.807456803735683296e-03 4.473734613481782363e-01 -2.118936037999878295e+02
4.707826745098441235e-01 1.416761568121821828e-03 8.822480751852153080e-01 -2.969612533541630839e+01 8.260884762207687613e-04 9.999975643671309422e-01 -2.046665003206360987e-03 5.996028550083954967e-01 -8.822488259891241302e-01 1.692349392113650253e-03 4.707803574856829210e-01 -2.116907856079685644e+02
4.946425932664916258e-01 1.276308188315573942e-03 8.690955505374587942e-01 -2.928485236174127948e+01 7.616040189915642159e-04 9.999979011589128497e-01 -1.902008698032600642e-03 5.921779865546038524e-01 -8.690961539932843261e-01 1.602721178987283855e-03 4.946405830488477262e-01 -2.114849060943134589e+02
5.151170532385409562e-01 1.618570237667162808e-03 8.571183125410563042e-01 -2.889828265956087350e+01 5.263652745949971238e-04 9.999974310715584735e-01 -2.204719909962252200e-03 6.079952315484418168e-01 -8.571196791594740683e-01 1.586846139177170703e-03 5.151148779805245770e-01 -2.112831477520288672e+02
5.389800515602984898e-01 1.399833563769350931e-03 8.423173656562302769e-01 -2.850068205056852122e+01 5.177933421739453271e-04 9.999978795104198515e-01 -1.993204635394589096e-03 5.948123828336118191e-01 -8.423183696857813318e-01 1.510443861089494615e-03 5.389781838342158071e-01 -2.110537299650759167e+02
5.619287581869933934e-01 1.616349397033331557e-03 8.271840533624003067e-01 -2.812982641336466116e+01 4.717772581477159242e-04 9.999973019790329154e-01 -2.274524318079776484e-03 6.059932125763727306e-01 -8.271854980284908399e-01 1.668367250203514184e-03 5.619264795345351171e-01 -2.107988316377782496e+02
5.817352824334578454e-01 1.794754244189728301e-03 8.133761983419899311e-01 -2.774456057378492702e+01 2.852238198469068649e-04 9.999970539741578346e-01 -2.410537362894845173e-03 6.138668305830112804e-01 -8.133781284368529763e-01 1.634288899883692969e-03 5.817330567196212776e-01 -2.105493927785702795e+02
6.043080536085864152e-01 1.491243148652403924e-03 7.967493661984762499e-01 -2.737144969482494261e+01 3.239777060634255320e-04 9.999977058651901007e-01 -2.117381118924040965e-03 5.962983119418896472e-01 -7.967506958781070958e-01 1.537679494693028424e-03 6.043061841149102165e-01 -2.102982465871361057e+02
6.260974895506907778e-01 1.720965351099870396e-03 7.797428883013830525e-01 -2.701075427775672111e+01 1.524224518383830457e-04 9.999972751518686476e-01 -2.329475527676448665e-03 6.074161954568263466e-01 -7.797447725671002861e-01 1.577329102686434587e-03 6.260955212163580308e-01 -2.100081164065632606e+02
6.480410893243110371e-01 1.434777461055711332e-03 7.616040230730123373e-01 -2.665232050678242359e+01 2.202861118378144929e-04 9.999978305428088854e-01 -2.071324142801426321e-03 5.919991785013373198e-01 -7.616053426948823368e-01 1.510073942847572166e-03 6.480393673653614961e-01 -2.097311921321153534e+02
6.663392012600886094e-01 1.465221825447412954e-03 7.456473174290036976e-01 -2.631177351641861861e+01 1.248695221825846073e-04 9.999978360317730575e-01 -2.076617291088479929e-03 5.922000383221815989e-01 -7.456487465768781853e-01 1.476840131310872429e-03 6.663375763616794512e-01 -2.094402035468715439e+02
6.873589762372095402e-01 1.503024579003224646e-03 7.263163076120831008e-01 -2.596516258576996350e+01 1.371623364328778934e-04 9.999975723927647664e-01 -2.199180545250524650e-03 5.932169019264730281e-01 -7.263178498237727876e-01 1.611249729885562941e-03 6.873571014412226399e-01 -2.091387972335591314e+02
7.050342906031599188e-01 1.407656564167655919e-03 7.091718180925526971e-01 -2.562080958566863131e+01 2.364082761750166840e-05 9.999979828247893554e-01 -2.008429103453771535e-03 5.848888316970606294e-01 -7.091732147471522252e-01 1.432776796882986869e-03 7.050328351473000854e-01 -2.088156701621111608e+02
7.283573019470301890e-01 1.668863108868815035e-03 6.851954871395218305e-01 -2.528680088257461378e+01 -1.216917362886531457e-04 9.999973332260780889e-01 -2.306237596912213712e-03 5.987570903178865978e-01 -6.851975086729111819e-01 1.596382365208624766e-03 7.283555626696207597e-01 -2.084894812688611125e+02
7.451208914422189356e-01 1.513693554816150037e-03 6.669277066280686617e-01 -2.497864927557083448e+01 -1.341187933843933583e-04 9.999977442209218026e-01 -2.119803108075978687e-03 5.889476779138406171e-01 -6.669294109188036446e-01 1.490062042283982202e-03 7.451194136288543657e-01 -2.081351013078105154e+02
7.646681725995265744e-01 1.561552890909548730e-03 6.444223361785883508e-01 -2.466715502927122472e+01 -2.134665967534207049e-04 9.999976230271838684e-01 -2.169878336282222205e-03 5.913221210065650046e-01 -6.444241927840022033e-01 1.521674259192295868e-03 7.646666883434483086e-01 -2.077885466862848887e+02
7.811463861166939582e-01 1.542417199516006501e-03 6.243460133659953781e-01 -2.436075974639270214e+01 -3.188443317032089389e-04 9.999978035543787280e-01 -2.071527144481948197e-03 5.865965898366726217e-01 -6.243478371830250007e-01 1.419096755271465060e-03 7.811451621621158248e-01 -2.074474185910794972e+02
7.988596523729586396e-01 1.362743322864845130e-03 6.015159172799934284e-01 -2.407741686604063602e+01 -3.661677947616666677e-04 9.999983501613667336e-01 -1.779212098267083340e-03 5.726970873509208415e-01 -6.015173494852014136e-01 1.201085001374948506e-03 7.988588333761589277e-01 -2.070534309537989373e+02
8.134094655898161941e-01 1.629512915791160848e-03 5.816892520723989657e-01 -2.379991509548207418e+01 -4.846646474743894180e-04 9.999976276980534484e-01 -2.123605058544785103e-03 5.890383345477734345e-01 -5.816913325717248950e-01 1.445436239499433336e-03 8.134083257042605819e-01 -2.066738591853939511e+02
8.297768764668908004e-01 1.518829911117285320e-03 5.580932076602899139e-01 -2.352056151481011170e+01 -5.513091006983533455e-04 9.999980396678613825e-01 -1.901767259649210723e-03 5.803423496163886419e-01 -5.580950020732365902e-01 1.270360632057666731e-03 8.297760871733643739e-01 -2.062986743223352448e+02
8.452374059103764381e-01 1.368313241121368656e-03 5.343892358279420662e-01 -2.325851181977307647e+01 -5.677459755336457595e-04 9.999984568502824356e-01 -1.662516634820675144e-03 5.688604253732728600e-01 -5.343906860288687444e-01 1.101823909688861821e-03 8.452368784368481380e-01 -2.058972983475918852e+02
8.577835568816252199e-01 1.552771882220651233e-03 5.140087143648339740e-01 -2.300736735995359794e+01 -6.828151918624675645e-04 9.999979970279332386e-01 -1.881409985992856275e-03 5.787583797640220018e-01 -5.140106062202622894e-01 1.262869590819556487e-03 8.577828990213520743e-01 -2.054715724800472003e+02
8.718082677559332305e-01 1.556533205425628032e-03 4.898447932526989734e-01 -2.276360669896251210e+01 -7.598258889070139653e-04 9.999980454928234508e-01 -1.825287690064152828e-03 5.770678634485305603e-01 -4.898466769684342581e-01 1.219104143771353481e-03 8.718077464946438759e-01 -2.050562866751329238e+02
8.847803851745650316e-01 1.460703444492220202e-03 4.660059402580569721e-01 -2.252449504579523776e+01 -7.773159838123161122e-04 9.999983223061688076e-01 -1.658663530965347318e-03 5.695794598560288691e-01 -4.660075812582986643e-01 1.105319091888449330e-03 8.847800362121058804e-01 -2.046465768079453369e+02
8.965307883861215466e-01 1.425252667141204809e-03 4.429791350962189456e-01 -2.231074785152300777e+01 -8.240279426789887595e-04 9.999984597052447022e-01 -1.549698386089220451e-03 5.660890630778541155e-01 -4.429806614895384631e-01 1.024325130498213773e-03 8.965305819124732567e-01 -2.042142586351455122e+02
9.056651174092208434e-01 1.508442047074069281e-03 4.239910608854071117e-01 -2.210151419021294572e+01 -9.383954527329137294e-04 9.999983534003210606e-01 -1.553258066391730507e-03 5.676896260482476864e-01 -4.239927057416396639e-01 1.008860365531216068e-03 9.056650416564869799e-01 -2.037731601646567015e+02
9.153301638751305536e-01 1.437678029352390486e-03 4.027016565426702610e-01 -2.190666567868214187e+01 -9.367278154440827464e-04 9.999985231448647038e-01 -1.440919529050659759e-03 5.639962359931468550e-01 -4.027031333890098153e-01 9.416952656478875736e-04 9.153301587780772186e-01 -2.033264155879755037e+02
9.243501448103839113e-01 1.471945297877931200e-03 3.815424526393655369e-01 -2.171347986447569767e+01 -9.998637882984657069e-04 9.999984697499108011e-01 -1.435538310718118210e-03 5.648262777498697096e-01 -3.815439818178597009e-01 9.454495633004625973e-04 9.243502020682939913e-01 -2.028746359317188990e+02
9.316032422991230577e-01 1.402300998031972591e-03 3.634741152952604692e-01 -2.153934086668461845e+01 -9.926194267956584168e-04 9.999986441750393640e-01 -1.313908199480448135e-03 5.607381136153127832e-01 -3.634754649827617867e-01 8.632496707399479191e-04 9.316033711594066125e-01 -2.024351858570149716e+02
9.394397447119638977e-01 1.564516172128714230e-03 3.427105460073664456e-01 -2.135748067706865783e+01 -1.135447635480185766e-03 9.999983003225627609e-01 -1.452621992367480151e-03 5.678267208779761432e-01 -3.427122361605829393e-01 9.755209545545024015e-04 9.394399243936144561e-01 -2.019593761055710388e+02
9.456444301182652667e-01 1.604753347527560978e-03 3.251984571811417646e-01 -2.119388917929541449e+01 -1.207370117220181623e-03 9.999982575670366414e-01 -1.423769746404498398e-03 5.688508825431141114e-01 -3.252001753438969467e-01 9.537450310916917046e-04 9.456447199274758963e-01 -2.015240611849778247e+02
9.521082008257284457e-01 1.518436531596520454e-03 3.057575318301970491e-01 -2.103353386112166845e+01 -1.189637709941256723e-03 9.999984964523669362e-01 -1.261687411587610400e-03 5.609899057565791436e-01 -3.057589879014409595e-01 8.375222414873834164e-04 9.521085756750548024e-01 -2.010345253391120366e+02
9.578764338670275880e-01 1.364021782541518114e-03 2.871774310191568813e-01 -2.089000362748457817e+01 -1.120185463160040806e-03 9.999988591182031872e-01 -1.013383846354758491e-03 5.506678292708568900e-01 -2.871784856612939474e-01 6.490045213094428880e-04 9.578768690006128628e-01 -2.005682926501174279e+02
9.630627686606331173e-01 1.491762995460230515e-03 2.692728695262134320e-01 -2.075457771785219308e+01 -1.215655684952574207e-03 9.999985505033281985e-01 -1.192129396589726876e-03 5.606068754979097735e-01 -2.692742575906048597e-01 8.207523426383982364e-04 9.630631861745212463e-01 -2.000738302526440862e+02
9.670365962535292237e-01 1.421545221597258525e-03 2.546334634638024452e-01 -2.062712660123830588e+01 -1.192236073950180778e-03 9.999987329008664938e-01 -1.054879047793614655e-03 5.554812600916286813e-01 -2.546346403762312915e-01 7.165234430610804969e-04 9.670370657397899805e-01 -1.995999356107244296e+02
9.711363661589934582e-01 1.400487662946872701e-03 2.385208522494656203e-01 -2.050828007908151207e+01 -1.192310540098722718e-03 9.999987719923654206e-01 -1.017059161096191136e-03 5.538571133217128351e-01 -2.385219837228456652e-01 7.033122117053015009e-04 9.711368434123233140e-01 -1.991064849485223931e+02
9.743138152477265335e-01 1.406122439927565831e-03 2.251901690507445430e-01 -2.039870731920507652e+01 -1.207089973544851237e-03 9.999987497146385351e-01 -1.021519924120955570e-03 5.531701958035345479e-01 -2.251913238808607998e-01 7.234561794198324323e-04 9.743142943937247447e-01 -1.986218902847197398e+02
9.776791430026600116e-01 1.438794975832165474e-03 2.100986035332027269e-01 -2.028706031371780227e+01 -1.248982793588946554e-03 9.999986832414400340e-01 -1.036126134893863501e-03 5.546779653776355845e-01 -2.100998176571452769e-01 7.505893708356550093e-04 9.776796526654478736e-01 -1.981152204524620686e+02
9.805559956609947170e-01 1.367585547377529525e-03 1.962347295537820724e-01 -2.019149825647920693e+01 -1.207642153578670921e-03 9.999988339551210137e-01 -9.347132325861460828e-04 5.498721427127758465e-01 -1.962357790355884202e-01 6.795573330307580397e-04 9.805565038426530267e-01 -1.976133050735716665e+02
9.830099221858558112e-01 1.496515370547569753e-03 1.835463247409313270e-01 -2.009575599746911578e+01 -1.334489067630244838e-03 9.999986032781437162e-01 -1.006270684326991422e-03 5.553597832848381488e-01 -1.835475742773139685e-01 7.442335033277000089e-04 9.830105462778140346e-01 -1.971150497488376914e+02
9.847994970884160759e-01 1.547651613806066886e-03 1.736880977755386746e-01 -2.000500443326204447e+01 -1.382717570302830455e-03 9.999984709576298370e-01 -1.070595405863320956e-03 5.589700521739763284e-01 -1.736894891077855885e-01 8.141602327326539741e-04 9.848001312533380958e-01 -1.966281031119861211e+02
9.865247121542747299e-01 1.462401714464508281e-03 1.636057874592183048e-01 -1.992843194059155465e+01 -1.322221689972875001e-03 9.999986595682429646e-01 -9.657077818812639458e-04 5.529887272529887543e-01 -1.636069804095410529e-01 7.363714707618863832e-04 9.865253234044877306e-01 -1.961191705531044533e+02
9.877327791090524389e-01 1.519455927839255364e-03 1.561462401955009960e-01 -1.985007926355279650e+01 -1.378177026936754004e-03 9.999985371834539949e-01 -1.013044438568873329e-03 5.561439656127051823e-01 -1.561475510585745852e-01 7.854200375886152699e-04 9.877334283164533879e-01 -1.956165495201593387e+02
9.890269543099896588e-01 1.518699492864058250e-03 1.477273745795136817e-01 -1.977175856439072277e+01 -1.385474360168245309e-03 9.999985354904730173e-01 -1.004727677756916742e-03 5.549699613360081774e-01 -1.477286841107808835e-01 7.890302652679856638e-04 9.890276099898008821e-01 -1.950964231771241657e+02
9.897740951093116912e-01 1.432902715774788185e-03 1.426365571666332321e-01 -1.970168742954894014e+01 -1.315713042999760041e-03 9.999987150035971606e-01 -9.159095714061950538e-04 5.496828087037892718e-01 -1.426376862884826402e-01 7.188747885678041429e-04 9.897747085419523749e-01 -1.945821464027795002e+02
9.903957326098190572e-01 1.632369082000813742e-03 1.382520459141195479e-01 -1.963493153511214828e+01 -1.489875152388529843e-03 9.999982469726715895e-01 -1.134162075717862076e-03 5.614031745034393506e-01 -1.382536549256112579e-01 9.172909919045403506e-04 9.903964284451687305e-01 -1.940599531345287119e+02
9.907616482288169601e-01 1.731955496536387177e-03 1.356036752049001870e-01 -1.956318703881873944e+01 -1.576951796608438766e-03 9.999979747690878051e-01 -1.250472212387931980e-03 5.682776790376893317e-01 -1.356055663383668453e-01 1.025079450968728210e-03 9.907623729180322636e-01 -1.935292987259639688e+02
9.909975915681202840e-01 1.722873421668696470e-03 1.338686117555494826e-01 -1.949522156274793616e+01 -1.571539489585102979e-03 9.999980011292413096e-01 -1.236123438230121241e-03 5.663855542927045406e-01 -1.338704738537135897e-01 1.014615540377171573e-03 9.909983182556302284e-01 -1.930018527824600483e+02
9.910884290911309291e-01 1.838011977259977441e-03 1.331928955824814853e-01 -1.943288338289234574e+01 -1.680351709030382650e-03 9.999977482748532154e-01 -1.296095427490466783e-03 5.695347166947586359e-01 -1.331949779076085361e-01 1.060734271460996719e-03 9.910892859389597298e-01 -1.924659741420393004e+02
9.912144996783918138e-01 1.795252169121066979e-03 1.322520045101952813e-01 -1.935342438316224545e+01 -1.645302599012134779e-03 9.999978738565397096e-01 -1.243085579435309739e-03 5.664538869710584734e-01 -1.322539549755436805e-01 1.014569883932205530e-03 9.912153459472252681e-01 -1.919236695824545507e+02
9.912200011229065355e-01 1.743245054742695657e-03 1.322114611922290406e-01 -1.928430778157159153e+01 -1.594275076390481213e-03 9.999979694870191338e-01 -1.232602458073180475e-03 5.638445935719752500e-01 -1.322133414632803428e-01 1.010998772483457124e-03 9.912207676499701359e-01 -1.913926748439564847e+02
9.911457060537721686e-01 1.743810095013118618e-03 1.327672719367315457e-01 -1.922080466678701427e+01 -1.597200593121328970e-03 9.999979915143447640e-01 -1.210750817365717014e-03 5.636820405638081066e-01 -1.327691165950682373e-01 9.879745082486768391e-04 9.911465005663573358e-01 -1.908423472129123297e+02
9.911558289298260105e-01 1.975738138339112188e-03 1.326884291761655232e-01 -1.914448619576408817e+01 -1.803188145305501195e-03 9.999973652508236110e-01 -1.420564649519783038e-03 5.741471595097611402e-01 -1.326908862391920629e-01 1.168738730233518080e-03 9.911567801104113062e-01 -1.903077972200578643e+02
9.910752313562463112e-01 1.801276613112659476e-03 1.332915646045388647e-01 -1.908585874838406227e+01 -1.642666557874733263e-03 9.999978059429073252e-01 -1.299906131615479344e-03 5.665181987165666122e-01 -1.332936136457502918e-01 1.069351174509538833e-03 9.910760157774594070e-01 -1.897599934525584331e+02
9.909939711206786628e-01 1.709134998894960844e-03 1.338955864097959580e-01 -1.901582260829014004e+01 -1.560813587052619494e-03 9.999980466112911026e-01 -1.212697220508874608e-03 5.595710008095231558e-01 -1.338973975229319213e-01 9.927895838043113153e-04 9.909947029653731754e-01 -1.892095618782202564e+02
9.909489862097842217e-01 1.813547584447370697e-03 1.342267401636490221e-01 -1.894139324860434215e+01 -1.658487203495500554e-03 9.999978220430082443e-01 -1.267015957219976485e-03 5.637157632248004369e-01 -1.342287456173104909e-01 1.032934847390427685e-03 9.909498357109730593e-01 -1.886673596484809536e+02
9.908584096615056236e-01 1.790521412994553916e-03 1.348940548584016685e-01 -1.887602298950866597e+01 -1.630668693748128653e-03 9.999978312925920099e-01 -1.295503656472237397e-03 5.634353577213858655e-01 -1.348960819397031496e-01 1.063693180532408354e-03 9.908591805267459307e-01 -1.881193181287360119e+02
9.908228587971872336e-01 1.860858541387245537e-03 1.351539851075733989e-01 -1.880459982911798988e+01 -1.696796223773118289e-03 9.999976772188936547e-01 -1.329074637659097367e-03 5.651724755729211624e-01 -1.351561443943419538e-01 1.087548760481803645e-03 9.908237148303170594e-01 -1.875616343429932442e+02
9.907904675180723153e-01 1.850684619817671373e-03 1.353913750641363711e-01 -1.872396123708950810e+01 -1.694683185552793613e-03 9.999977607816193936e-01 -1.267470176298117306e-03 5.606696082681761339e-01 -1.353934175808420848e-01 1.026351881749561386e-03 9.907913852459530046e-01 -1.870004974976563119e+02
9.907239002182670617e-01 1.796622479487036553e-03 1.358783488417913132e-01 -1.865462702806192397e+01 -1.640765044862652631e-03 9.999978613776797642e-01 -1.259019513117293340e-03 5.590359531890294331e-01 -1.358803202320809922e-01 1.024396277353203455e-03 9.907247292693839302e-01 -1.864422346054450941e+02
9.906845118158564834e-01 1.897297356913450663e-03 1.361638656579546025e-01 -1.857471445270368093e+01 -1.733344081354971315e-03 9.999976230686515866e-01 -1.322639536205842551e-03 5.622238971394043494e-01 -1.361660514462899874e-01 1.074299672601806846e-03 9.906854456959280908e-01 -1.858708415755963586e+02
9.906829598542118420e-01 1.800036953307659893e-03 1.361764771223903936e-01 -1.848932366705029295e+01 -1.646052604487110386e-03 9.999978722767896011e-01 -1.243363469346136542e-03 5.565136087742835747e-01 -1.361784254767305358e-01 1.007625357149241879e-03 9.906838149105990921e-01 -1.853144717389733103e+02
9.906881546631038926e-01 1.805867807377753258e-03 1.361386023568487147e-01 -1.841081983075494222e+01 -1.655579402390662796e-03 9.999978887992035936e-01 -1.217149940626037832e-03 5.532814588223521346e-01 -1.361405129528175384e-01 9.804277626948641571e-04 9.906890528790281980e-01 -1.847464381482936062e+02
9.907055601908405507e-01 1.794184040471789865e-03 1.360120359033778759e-01 -1.832327853463116085e+01 -1.639544037876609558e-03 9.999978759834656783e-01 -1.248969136921098972e-03 5.566230175582880246e-01 -1.360139878920572365e-01 1.014362945909645305e-03 9.907063975595965521e-01 -1.841814830734308543e+02
9.906528776793681601e-01 1.951151204522078237e-03 1.363930678391094276e-01 -1.824828416407564546e+01 -1.777744733243255331e-03 9.999974493517309604e-01 -1.393166786738835039e-03 5.637466898502753176e-01 -1.363954382274210619e-01 1.137672628368278580e-03 9.906538195210981002e-01 -1.836051998649242023e+02
9.906248343364992825e-01 1.911290871982649882e-03 1.365971616212650619e-01 -1.817208496077429558e+01 -1.744751473502526582e-03 9.999975815703427973e-01 -1.338915890290695316e-03 5.602055895805786445e-01 -1.365993903283577726e-01 1.088035232994761722e-03 9.906257733075859440e-01 -1.830355344622683447e+02
9.905985719051295657e-01 1.939555366251701418e-03 1.367870880766861308e-01 -1.808388833581332733e+01 -1.777451581287141672e-03 9.999975659290936125e-01 -1.307211445883043992e-03 5.553510335269445930e-01 -1.367892905361893507e-01 1.051789365468213441e-03 9.905996081837185052e-01 -1.824690682388957157e+02
9.905787648615158592e-01 1.831942872841327893e-03 1.369319341524989075e-01 -1.801359164101643984e+01 -1.680515559098308062e-03 9.999978419579440558e-01 -1.221452786777498445e-03 5.509515010558341253e-01 -1.369338762793534670e-01 9.798289469820115494e-04 9.905797057593828114e-01 -1.819022855872302102e+02
9.906265392347046728e-01 1.781727658746750168e-03 1.365865484241481631e-01 -1.793297631892516719e+01 -1.634859019710089689e-03 9.999979586007069488e-01 -1.187447011205422119e-03 5.475990722901621366e-01 -1.365883853036479467e-01 9.530167725727334326e-04 9.906274298439213810e-01 -1.813199806831247258e+02
9.906144856493871442e-01 1.819641405322996184e-03 1.366734419218163799e-01 -1.785854520427961134e+01 -1.662769932468844683e-03 9.999978213514866265e-01 -1.261938362953685762e-03 5.514978082366011058e-01 -1.366754404337215123e-01 1.022837932543971913e-03 9.906153530936273599e-01 -1.807355223326426028e+02
9.905716815009530940e-01 1.779060284170742769e-03 1.369838631112424432e-01 -1.777719861000924340e+01 -1.628104244773642770e-03 9.999979377005275838e-01 -1.214030996310409448e-03 5.476084138951795577e-01 -1.369857404438231119e-01 9.795607164125744257e-04 9.905725351410972213e-01 -1.801616525414322609e+02
9.905120448542135136e-01 1.735004927700199706e-03 1.374149873799268007e-01 -1.769112370684803537e+01 -1.592209404017799063e-03 9.999980722555718016e-01 -1.149066731766145311e-03 5.437933520732486370e-01 -1.374167161153924122e-01 9.193710029963258340e-04 9.905128978912998150e-01 -1.795858436079201681e+02
9.904874734421367233e-01 1.684387931927528283e-03 1.375926153233058280e-01 -1.761099867353964399e+01 -1.552762864681101742e-03 9.999982284587259906e-01 -1.063958126880885403e-03 5.381101433612242024e-01 -1.375941636905377574e-01 8.401884934140955649e-04 9.904883342077265285e-01 -1.790035016753898560e+02
9.904328982293382211e-01 1.820392306624136775e-03 1.379831883849741425e-01 -1.752087339242574870e+01 -1.673653451100906402e-03 9.999979038649423613e-01 -1.179470155281045138e-03 5.434343111416651828e-01 -1.379850462519721654e-01 9.372500048355947473e-04 9.904338688540843538e-01 -1.784174751936176904e+02
9.903586701093953781e-01 1.841539352389839424e-03 1.385146680751301318e-01 -1.745159401309901170e+01 -1.704021249438248927e-03 9.999979305637466398e-01 -1.111386434007324668e-03 5.381004879681718922e-01 -1.385164280897083211e-01 8.646392530022098399e-04 9.903597586474477410e-01 -1.778369534326031669e+02
9.902653465692957679e-01 1.757088400185865748e-03 1.391813781522029114e-01 -1.738091974818841479e+01 -1.617563863977317020e-03 9.999980694855001850e-01 -1.115577168462654825e-03 5.376097240039239278e-01 -1.391830696282364832e-01 8.795826435148990921e-04 9.902662770503873890e-01 -1.772537439282023968e+02
9.902174682954236751e-01 1.890590821370687980e-03 1.395198593353212668e-01 -1.729644729244745704e+01 -1.741899114884714684e-03 9.999977774057746682e-01 -1.187842996522491630e-03 5.412907866821630165e-01 -1.395217949643540456e-01 9.331933652639153812e-04 9.902185606622750935e-01 -1.766715194683660570e+02
9.902133506164670917e-01 1.776297804835452005e-03 1.395505823241811882e-01 -1.721669087628453809e+01 -1.628183895732902191e-03 9.999979835804753137e-01 -1.175522090472863818e-03 5.403679300233713567e-01 -1.395523890089711283e-01 9.368036571504279823e-04 9.902142460704131954e-01 -1.760823182740250843e+02
9.902162646679006919e-01 1.777823387460695679e-03 1.395298840075237246e-01 -1.713345472397648095e+01 -1.631962905654579148e-03 9.999979958046723016e-01 -1.159777441173766429e-03 5.383462864626173960e-01 -1.395316662418412956e-01 9.207228907146182851e-04 9.902171814229108193e-01 -1.754984959998182319e+02
9.902239155576215701e-01 1.831311431424669173e-03 1.394748843203441890e-01 -1.704610422127861113e+01 -1.679355742695579296e-03 9.999978612553508395e-01 -1.207165694321290410e-03 5.413189781610405760e-01 -1.394767967155172983e-01 9.611363926124914759e-04 9.902248731448898278e-01 -1.749070799898534290e+02
9.902169026771078242e-01 1.755322689166553384e-03 1.395256409940909825e-01 -1.696542413564634799e+01 -1.594610313356379684e-03 9.999979302247697932e-01 -1.263631324810545300e-03 5.438180297394019647e-01 -1.395275702881104696e-01 1.028780070472831319e-03 9.902176522063536046e-01 -1.743106976278955926e+02
9.902068583032270777e-01 1.751558054380771869e-03 1.395969548866842214e-01 -1.688658443150433897e+01 -1.610837306962981455e-03 9.999980742443316251e-01 -1.121031131871792763e-03 5.342744403099767281e-01 -1.395986496081653150e-01 8.851847322809792496e-04 9.902077728818161617e-01 -1.737227711201075522e+02
9.901841541358676890e-01 1.855912983846916406e-03 1.397565615104798820e-01 -1.680175120986641346e+01 -1.708962738273562794e-03 9.999978535452210826e-01 -1.171473990179860980e-03 5.362633143021862114e-01 -1.397584356831291785e-01 9.211362260077682980e-04 9.901852004364929405e-01 -1.731335622610698124e+02
9.901701715240903701e-01 1.871686971391133773e-03 1.398553832064914904e-01 -1.672479266200790704e+01 -1.721847975974535438e-03 9.999978067357573330e-01 -1.192377130966040203e-03 5.361322902196535845e-01 -1.398573082234214060e-01 9.398465597868062510e-04 9.901712225796823752e-01 -1.725451981357253430e+02
9.902328818711254588e-01 1.789017169658645590e-03 1.394117609054998652e-01 -1.663516371292624285e+01 -1.638637300126691808e-03 9.999979452704088612e-01 -1.193449939843560905e-03 5.373828928221583423e-01 -1.394136095544628862e-01 9.533480618041145814e-04 9.902337787605858255e-01 -1.719518724276829005e+02
9.903330294512804333e-01 1.760976263009201258e-03 1.386989175893256210e-01 -1.654938818064497497e+01 -1.613607230392291592e-03 9.999980078807537698e-01 -1.174949458496344842e-03 5.354864807770970403e-01 -1.387007103426490806e-01 9.397856804151063668e-04 9.903338981138227748e-01 -1.713501028683696461e+02
9.903570719253872445e-01 1.807999585792145498e-03 1.385265361758211689e-01 -1.647575901033874857e+01 -1.659215646075167232e-03 9.999979160224905517e-01 -1.189518438638622255e-03 5.345913455522242064e-01 -1.385283981384796692e-01 9.482026016718842843e-04 9.903580079047238360e-01 -1.707469042105460346e+02
9.904141542781642604e-01 1.769708063938232358e-03 1.381183229656265665e-01 -1.638787908672498261e+01 -1.649539354720429025e-03 9.999981548868147607e-01 -9.845013373526697101e-04 5.225360732090060800e-01 -1.381198104016434225e-01 7.472324500800785847e-04 9.904152460550471604e-01 -1.701429645858838171e+02
9.904413781469458833e-01 1.732787832556886235e-03 1.379234349220821165e-01 -1.631203388441808855e+01 -1.588413553518194712e-03 9.999980693414118882e-01 -1.156830079032365689e-03 5.309402988311402449e-01 -1.379251731801032499e-01 9.266929243806367161e-04 9.904422183264718349e-01 -1.695389074061184544e+02
9.904736423956607139e-01 1.775146627717695980e-03 1.376910039687518350e-01 -1.622229724117153893e+01 -1.622821739567616335e-03 9.999979408132838588e-01 -1.218531408551706266e-03 5.339331856486607686e-01 -1.376928835091861814e-01 9.834752880183421798e-04 9.904744835720320495e-01 -1.689263970391044722e+02
9.905475025034226055e-01 1.883615839661333027e-03 1.371571991388003953e-01 -1.612574335631959599e+01 -1.733680115847577655e-03 9.999977619544492269e-01 -1.212616736087689193e-03 5.335252549155909962e-01 -1.371591762788326452e-01 9.633677705332276305e-04 9.905485512003189275e-01 -1.683099231589905855e+02
9.905836821399433001e-01 1.822183106920233740e-03 1.368964876349884341e-01 -1.604675178608913910e+01 -1.682250331839620604e-03 9.999979376472439840e-01 -1.137864262495775916e-03 5.284258066651528196e-01 -1.368982787031769732e-01 8.968556091668789454e-04 9.905847045750926227e-01 -1.677001933443642088e+02
9.905402640379711299e-01 1.824045670052827509e-03 1.372102699398991821e-01 -1.597072727658952118e+01 -1.669901690335405921e-03 9.999978387531351931e-01 -1.238514191772892726e-03 5.335393224760074382e-01 -1.372122325010822486e-01 9.976705128294806844e-04 9.905411692128787138e-01 -1.670947267802494878e+02
9.905773590072892709e-01 1.857534312073193337e-03 1.369417591110298482e-01 -1.587999957996109046e+01 -1.719639143012205613e-03 9.999978883157698561e-01 -1.125257845503163743e-03 5.258736743094735155e-01 -1.369435601383346413e-01 8.791645355204811369e-04 9.905784615094140877e-01 -1.664762973027805515e+02
9.905505971927349718e-01 1.860298667687785732e-03 1.371351657671478763e-01 -1.580559751227636056e+01 -1.713853165663291886e-03 9.999978281048139683e-01 -1.185956568148130268e-03 5.289316094714643368e-01 -1.371370741573651741e-01 9.397204488499903870e-04 9.905516340994220403e-01 -1.658562801261927291e+02
9.906133644226119417e-01 1.769778753972495395e-03 1.366822230960390294e-01 -1.571469577119404626e+01 -1.619902567848941584e-03 9.999979586252479846e-01 -1.207750391220743791e-03 5.291461427648542770e-01 -1.366840815273822340e-01 9.750017942573314250e-04 9.906142090786489440e-01 -1.652417959794430544e+02
9.906320895464068021e-01 1.849613518957692309e-03 1.365453847288528033e-01 -1.563166705943538481e+01 -1.707644563383855542e-03 9.999978728255761729e-01 -1.156846734829494782e-03 5.257033080129398517e-01 -1.365472339923628486e-01 9.128385143216978786e-04 9.906331407816324486e-01 -1.646369208655522982e+02
9.906674476960741771e-01 1.892099589798048893e-03 1.362880333502851371e-01 -1.554157374676624137e+01 -1.718253641041085546e-03 9.999975532907503517e-01 -1.393203839311439336e-03 5.369517053669354834e-01 -1.362903359735061770e-01 1.146024282076578936e-03 9.906682749278760136e-01 -1.640230102097909821e+02
9.906704112109848692e-01 1.941381799966495660e-03 1.362657968375219075e-01 -1.545436500438366245e+01 -1.776819125428057058e-03 9.999975379662007224e-01 -1.329276243836223677e-03 5.325647435264976304e-01 -1.362680419792313413e-01 1.074754969131622422e-03 9.906714216312605403e-01 -1.633993038093570647e+02
9.906789737900841830e-01 1.912262491431277259e-03 1.362039431969194192e-01 -1.537477514930113820e+01 -1.740581066032931452e-03 9.999975336009524485e-01 -1.379554118057165889e-03 5.347661406083865643e-01 -1.362062453332384959e-01 1.129621253317174886e-03 9.906798588282925699e-01 -1.627682698180954333e+02
9.906953035458115897e-01 2.003179899083155479e-03 1.360838080102263203e-01 -1.528964596152514410e+01 -1.829628321083131464e-03 9.999973456805748562e-01 -1.400389949831869554e-03 5.345566818009097609e-01 -1.360862520333296632e-01 1.138376957254838302e-03 9.906963389986985780e-01 -1.621336605522518539e+02
9.907285493683862798e-01 1.865376179445962183e-03 1.358435196765829245e-01 -1.521004874753680447e+01 -1.705159122225344357e-03 9.999977067024585775e-01 -1.295770886957611865e-03 5.302692027543561837e-01 -1.358456252471197945e-01 1.052122394377578724e-03 9.907294580962485719e-01 -1.615020291705423006e+02
9.907831604093825240e-01 1.796296063117864845e-03 1.354455697675246151e-01 -1.512025118823754610e+01 -1.658522677993425239e-03 9.999979861774492829e-01 -1.130019279671447361e-03 5.202088187347020387e-01 -1.354473268533651631e-01 8.949645241432303833e-04 9.907841443456683050e-01 -1.608725329366622248e+02
9.907986587662651612e-01 1.918964782763325945e-03 1.353304672316344159e-01 -1.502906098742302277e+01 -1.764210181521000918e-03 9.999976456263879321e-01 -1.263449293187051715e-03 5.261749164722109295e-01 -1.353325731278518795e-01 1.013072476948873035e-03 9.907997115132558541e-01 -1.602451298992919533e+02
9.907831530074113768e-01 1.854524788878775211e-03 1.354448391578650379e-01 -1.494911061938707775e+01 -1.705682424136142688e-03 9.999978072641532156e-01 -1.214954465626118902e-03 5.236404145755497730e-01 -1.354467953262847857e-01 9.727305346219634451e-04 9.907841437120128436e-01 -1.596175787221604310e+02
9.908506875596945207e-01 1.790906363561758268e-03 1.349507599714706574e-01 -1.486369344037083096e+01 -1.659096997165343665e-03 9.999980305419792215e-01 -1.089178275901702634e-03 5.165667668797038203e-01 -1.349524448079194028e-01 8.553166429184367583e-04 9.908517074082305864e-01 -1.589868236061050197e+02
9.909243656534519884e-01 1.929437225640194238e-03 1.344067662965525434e-01 -1.477372528502754179e+01 -1.772888601691591974e-03 9.999976035689739362e-01 -1.284415164714184038e-03 5.253518188012024082e-01 -1.344089223984396286e-01 1.034470058372693188e-03 9.909254116488226405e-01 -1.583438189765508071e+02
9.910077860791396409e-01 2.068695726254335052e-03 1.337882223086712397e-01 -1.467406590072801897e+01 -1.890321098856466127e-03 9.999971471450930238e-01 -1.460269775903032296e-03 5.322747704530363944e-01 -1.337908614841293031e-01 1.194236018287364890e-03 9.910088693768926982e-01 -1.577122330622540005e+02
9.910182230584161367e-01 1.912108692189645265e-03 1.337132207617799939e-01 -1.459117119319492950e+01 -1.758344416578408930e-03 9.999976501552503283e-01 -1.268033473600361409e-03 5.236999130256406731e-01 -1.337153311742970696e-01 1.021530384636829209e-03 9.910192564650907032e-01 -1.570653170042611748e+02
9.910085058920519163e-01 1.852558191353303888e-03 1.337860578601173245e-01 -1.451714808545390767e+01 -1.702247483375355199e-03 9.999977849891249493e-01 -1.237889473741774155e-03 5.205587418381594222e-01 -1.337880547848288026e-01 9.990220175292395793e-04 9.910094643099530698e-01 -1.564226347331826048e+02
9.910166833565158262e-01 1.917697076415320794e-03 1.337245517733160194e-01 -1.442808126023907178e+01 -1.763631059971683965e-03 9.999976376416742641e-01 -1.270557576427749349e-03 5.223180395960115296e-01 -1.337266724125575068e-01 1.023302982416709637e-03 9.910177243301305783e-01 -1.557898793134376945e+02
9.910423506929479931e-01 1.803979051084269886e-03 1.335357809449554678e-01 -1.435143604374182047e+01 -1.667560822842961959e-03 9.999979672991125002e-01 -1.133418962840263651e-03 5.156864104739226073e-01 -1.335375541707200797e-01 9.005871565016304505e-04 9.910433444450729157e-01 -1.551538162664728304e+02
9.911797051950891335e-01 1.788322968370542783e-03 1.325126179287733907e-01 -1.425728035972566232e+01 -1.673207564305986828e-03 9.999981199283232147e-01 -9.800593174152370281e-04 5.072563087898820378e-01 -1.325141214581412874e-01 7.496937906249222542e-04 9.911808339417168545e-01 -1.545238171391606841e+02
9.912830160383775402e-01 1.969781548173996956e-03 1.317349690648239313e-01 -1.417731930411727781e+01 -1.805693202685697144e-03 9.999974380656924122e-01 -1.365039966239395752e-03 5.235992826330991834e-01 -1.317373203990252206e-01 1.115267996550350351e-03 9.912840332575625357e-01 -1.538889065783855017e+02
9.914426224799099963e-01 1.979209996443712267e-03 1.305281925790307551e-01 -1.409253388523199924e+01 -1.818801099755321506e-03 9.999974372608705364e-01 -1.348122491066481091e-03 5.226562495537392383e-01 -1.305305262868348692e-01 1.099181277755285641e-03 9.914436814604249415e-01 -1.532493094504910971e+02
9.916088999603924758e-01 1.898163016362763161e-03 1.292601504583054117e-01 -1.401353492755985997e+01 -1.751723607389280533e-03 9.999976887410493287e-01 -1.246586123312169551e-03 5.175338488174812124e-01 -1.292622179283016703e-01 1.009697837390966836e-03 9.916099331524131921e-01 -1.526102578846951019e+02
9.917407796706145806e-01 1.926225635167670355e-03 1.282439690321690029e-01 -1.392157409928518597e+01 -1.785251523041985009e-03 9.999976692894615438e-01 -1.214204531399157728e-03 5.146685547810264660e-01 -1.282460089644936185e-01 9.752284076137650824e-04 9.917419070071769038e-01 -1.519665353843101343e+02
9.918916050446294763e-01 1.965463126427853622e-03 1.270715577802025986e-01 -1.384951353204497337e+01 -1.843482665428590288e-03 9.999977202456611369e-01 -1.077531968307856918e-03 5.072520470635283329e-01 -1.270733859376186603e-01 8.345406994949681762e-04 9.918929670726422954e-01 -1.513308894042733073e+02
9.920834749282920750e-01 1.893858546389827263e-03 1.255658873819280319e-01 -1.376317913561356399e+01 -1.765875635498990971e-03 9.999978017690606125e-01 -1.130548666155980087e-03 5.097375869882951882e-01 -1.255677524583629912e-01 8.998649081180134070e-04 9.920846384183672484e-01 -1.506925919655789130e+02
9.922453059102475104e-01 1.892728876401630076e-03 1.242806118285546269e-01 -1.368602956892245892e+01 -1.744193889740766308e-03 9.999976287431385780e-01 -1.303953900599081695e-03 5.172709943428194235e-01 -1.242827851585022458e-01 1.077072653228187136e-03 9.922462543278988134e-01 -1.500563758391985800e+02
9.924864255542567015e-01 1.904658316723546524e-03 1.223399663529106673e-01 -1.359526914797088004e+01 -1.774712502965462369e-03 9.999977394230673555e-01 -1.171129491967874128e-03 5.116154652289641724e-01 -1.223419203955316281e-01 9.452118554454834931e-04 9.924875621832657258e-01 -1.494211051926104972e+02
9.926608732923356548e-01 1.811029795221889881e-03 1.209177853153880489e-01 -1.352500995398996331e+01 -1.680946007895182991e-03 9.999978936047302369e-01 -1.177797360010644301e-03 5.111642314238269424e-01 -1.209196636408487457e-01 9.658970874401453599e-04 9.926618265994721080e-01 -1.487893166661413034e+02
9.928716537382046292e-01 1.881971464487824149e-03 1.191735599307562760e-01 -1.343945717251043881e+01 -1.732284474835870877e-03 9.999975753091006059e-01 -1.359619953516351225e-03 5.187316708333258308e-01 -1.191758297376651204e-01 1.143485604024269044e-03 9.928725064412915469e-01 -1.481578768560372055e+02
9.930520571261675089e-01 1.854708382477026013e-03 1.176612591055484491e-01 -1.336644964736720098e+01 -1.705423377416653450e-03 9.999976080830133007e-01 -1.369437605706178398e-03 5.173931054069510482e-01 -1.176635175769907005e-01 1.159260569557573261e-03 9.930528448911171147e-01 -1.475249255585409287e+02
9.932629092334874787e-01 1.981476662586542301e-03 1.158657278545493496e-01 -1.329449242141793164e+01 -1.823043012185814526e-03 9.999972528802840710e-01 -1.473345194066124101e-03 5.220527441358066012e-01 -1.158683289566419250e-01 1.252190928246235983e-03 9.932637929385499387e-01 -1.468887273214788820e+02
9.934306477123142631e-01 1.865339357436276253e-03 1.144205781097668850e-01 -1.321782630429033389e+01 -1.723494047863440752e-03 9.999976188595750548e-01 -1.338597567275843017e-03 5.157317049045295754e-01 -1.144228025970289164e-01 1.132600662959692018e-03 9.934314971157194307e-01 -1.462550528353427239e+02
9.936412539051638904e-01 2.148126169710981147e-03 1.125719507325540908e-01 -1.314630097530885244e+01 -2.002979041980522141e-03 9.999970105924225194e-01 -1.402455409537348412e-03 5.154679343113724999e-01 -1.125746268602786510e-01 1.168058293646601423e-03 9.936425861581676955e-01 -1.456196295750195873e+02
9.938319557004892113e-01 2.011947559015408657e-03 1.108782931667000177e-01 -1.307677100654533220e+01 -1.877397863950247331e-03 9.999973692814368986e-01 -1.317879913341842360e-03 5.131064421864486302e-01 -1.108806529823906512e-01 1.101588500905302612e-03 9.938331184343643931e-01 -1.449822246788044708e+02
9.939749198847296352e-01 2.000834777315082906e-03 1.095894853548419756e-01 -1.300984469663536203e+01 -1.852328593308223822e-03 9.999972231549365542e-01 -1.456901231502305636e-03 5.177288735731020441e-01 -1.095920960604716832e-01 1.245127547613761581e-03 9.939758659738487934e-01 -1.443410758785366284e+02
9.941520970700485904e-01 2.266935380688871356e-03 1.079651281442506883e-01 -1.293667540310129560e+01 -2.105995887120386094e-03 9.999964949193738128e-01 -1.604658932692460934e-03 5.241298055091443420e-01 -1.079683873758801871e-01 1.367900927194178442e-03 9.941533866433817090e-01 -1.437014916270093181e+02
9.943540966306011475e-01 2.197038973075053810e-03 1.060900727386494269e-01 -1.285961850368929760e+01 -2.057501003927203823e-03 9.999968684412410269e-01 -1.424709559905504037e-03 5.129544550577616047e-01 -1.060928706537813404e-01 1.198385356234337330e-03 9.943555031622131057e-01 -1.430691294794594342e+02
9.944932293801969081e-01 2.303095933631963202e-03 1.047755337188389368e-01 -1.279663971824279756e+01 -2.151088343853868774e-03 9.999964637125348110e-01 -1.563771518463656380e-03 5.203371995872381195e-01 -1.047787647182576998e-01 1.329778758106033455e-03 9.944946667290732734e-01 -1.424402620279171288e+02
9.947276601548719066e-01 2.289146473216794458e-03 1.025262987298271034e-01 -1.272137593632959351e+01 -2.140295924787104925e-03 9.999964899309794486e-01 -1.561812752785995961e-03 5.175383590597649741e-01 -1.025295140735970056e-01 1.334141725823898873e-03 9.947290680429961007e-01 -1.418001825746641487e+02
9.948761757862595312e-01 2.257533832335081436e-03 1.010757062498381792e-01 -1.266210650995386899e+01 -2.115743972725924339e-03 9.999966217786768752e-01 -1.509986316400340877e-03 5.150911967719379314e-01 -1.010787736389277131e-01 1.288399095662840898e-03 9.948775912379476116e-01 -1.411714126480757159e+02
9.951173225186743521e-01 2.150430651517479339e-03 9.867568125570609638e-02 -1.258982060159179817e+01 -2.030971416359123299e-03 9.999970781368910933e-01 -1.311057888305777047e-03 5.045984548822423088e-01 -9.867821227794222605e-02 1.104248927357729185e-03 9.951187823852667425e-01 -1.405402612108245251e+02
9.953125122129613533e-01 2.217378267329864726e-03 9.668550183943389054e-02 -1.253103953164378837e+01 -2.076893863096057093e-03 9.999966363854458917e-01 -1.553618252876136797e-03 5.156549511253628593e-01 -9.668862158602239965e-02 1.345530160869377011e-03 9.953137696246250332e-01 -1.399018712425134083e+02
9.955156077528494185e-01 2.298172408992376660e-03 9.456951477116373739e-02 -1.246904743945757055e+01 -2.158572948229898342e-03 9.999964245581884903e-01 -1.578427593034706930e-03 5.155705641971112252e-01 -9.457280414211044484e-02 1.367214108261551693e-03 9.955170091175138403e-01 -1.392635732805236444e+02
9.957273672503494932e-01 2.259934629586510865e-03 9.231415278362069265e-02 -1.240953476998836713e+01 -2.116368083369565573e-03 9.999963941823928337e-01 -1.653060297762524739e-03 5.196344128551790842e-01 -9.231755572383491815e-02 1.450626651602600868e-03 9.957285596925973259e-01 -1.386252010874519556e+02
9.959519806111603035e-01 2.332737950798651708e-03 8.985661161183373935e-02 -1.233973335624688339e+01 -2.204174893818299907e-03 9.999964004081527413e-01 -1.529962017444994396e-03 5.144764727488739808e-01 -8.985985716516854682e-02 1.325709014175802895e-03 9.959535373529556646e-01 -1.379829175211306449e+02
9.961261355862808253e-01 2.261429155510001707e-03 8.790681395726464287e-02 -1.229554719460976564e+01 -2.132598587736290064e-03 9.999965101025534153e-01 -1.559424886702163093e-03 5.132449675438788272e-01 -8.791003370040369191e-02 1.365913938830040251e-03 9.961274819288471472e-01 -1.373427879387580788e+02
9.963046625037962345e-01 2.284043011170206177e-03 8.585920230656614305e-02 -1.223318972088321921e+01 -2.163384595348233786e-03 9.999965373894516008e-01 -1.498324464104776408e-03 5.089883119710194581e-01 -8.586232724710725350e-02 1.307041173892178106e-03 9.963061539522278798e-01 -1.367066829689641736e+02
9.964864324636993897e-01 2.281796542120936248e-03 8.372325435809023497e-02 -1.218381323766318403e+01 -2.164088615868207336e-03 9.999965383863130830e-01 -1.496641524767390076e-03 5.093470174810529327e-01 -8.372637957198304781e-02 1.310198432052706811e-03 9.964879210225464634e-01 -1.360683797493636575e+02
9.966781807421351003e-01 2.375588946223222264e-03 8.140614601924446581e-02 -1.213684074769250287e+01 -2.246939712032082915e-03 9.999960779797969490e-01 -1.671911168203595033e-03 5.169200365616983817e-01 -8.140979851638537046e-02 1.483442679193494162e-03 9.966796095553169810e-01 -1.354390974836707358e+02
9.968792951082929843e-01 2.254980631714696791e-03 7.890871971299172338e-02 -1.209150993527558526e+01 -2.142730799676961177e-03 9.999965685644385260e-01 -1.507170882226186153e-03 5.057708516178367475e-01 -7.891184758395290710e-02 1.333387302589280569e-03 9.968807061976815431e-01 -1.347869082021938141e+02
9.970671940759661123e-01 2.286254299193667822e-03 7.649695117296659297e-02 -1.203162742597336887e+01 -2.178725925821847417e-03 9.999965178887918471e-01 -1.489081472340462488e-03 5.070405225267221594e-01 -7.650008922099352238e-02 1.318048394610142789e-03 9.970687032986290665e-01 -1.341538756012325280e+02
9.972429081765379344e-01 2.304171868078548971e-03 7.417056615399071628e-02 -1.198931960363976579e+01 -2.193672080511714292e-03 9.999963595015652906e-01 -1.571237225658164531e-03 5.096455001642062888e-01 -7.417391653677417318e-02 1.404199280182826665e-03 9.972443323127874182e-01 -1.335222688767323405e+02
9.974146805191909104e-01 2.333104562386196547e-03 7.182277986754125043e-02 -1.193615782978966067e+01 -2.229538493498378106e-03 9.999963561743199225e-01 -1.522102555255740695e-03 5.081581452825436607e-01 -7.182606938226764048e-02 1.358035781443105161e-03 9.974162478603955106e-01 -1.328958335646690614e+02
9.975912022176265381e-01 2.358836001312641841e-03 6.932697275021786065e-02 -1.188859604397071479e+01 -2.253586221161836805e-03 9.999961865212404488e-01 -1.596337094805442549e-03 5.110950199856159060e-01 -6.933047387068926037e-02 1.436257531006801492e-03 9.975927137650767440e-01 -1.322664276256045639e+02
9.977593799363942972e-01 2.242736715126413330e-03 6.686695657025733264e-02 -1.183090420475008031e+01 -2.157713383714105100e-03 9.999967693348187359e-01 -1.343723512906498316e-03 4.969371105906968955e-01 -6.686975416356634450e-02 1.196433011923667133e-03 9.977609956929325286e-01 -1.316297319564591248e+02
9.978776024191641225e-01 2.279749386878590547e-03 6.507759470750054676e-02 -1.178736078950825750e+01 -2.201833800963409141e-03 9.999967708187385007e-01 -1.268968087940558574e-03 4.921780337658308024e-01 -6.508027748937161849e-02 1.122984785428183478e-03 9.978793997207668909e-01 -1.309954794009798604e+02
9.980227188977593977e-01 2.387517298996450887e-03 6.280885546697152766e-02 -1.175330176954702388e+01 -2.303183800311125410e-03 9.999963464564317617e-01 -1.415068256369242036e-03 4.980132884599209886e-01 -6.281200449202294089e-02 1.267609930219930868e-03 9.980245714694397918e-01 -1.303522045375529501e+02
9.981601614648125675e-01 2.240694640407275059e-03 6.059101709055368656e-02 -1.171892453003600565e+01 -2.167934691627430074e-03 9.999968479505209062e-01 -1.266549720929852118e-03 4.923168446343558768e-01 -6.059366405584132309e-02 1.132862105994952720e-03 9.981618728942398544e-01 -1.297324526484131582e+02
9.983211419101861717e-01 2.148398065765015109e-03 5.788162057936017263e-02 -1.168621592668635500e+01 -2.063290261054679352e-03 9.999967008076566799e-01 -1.530100356413888803e-03 5.037822930113282638e-01 -5.788471688140688770e-02 1.408104951016840231e-03 9.983222810255244495e-01 -1.290939508541320322e+02
9.985160388488315553e-01 2.313948440721507165e-03 5.440924373902334549e-02 -1.163741591235104345e+01 -2.242857404254928588e-03 9.999965495922272796e-01 -1.367623597441197962e-03 4.957170886196177184e-01 -5.441222061543663641e-02 1.243561921973194420e-03 9.985177834177232370e-01 -1.284516750559590150e+02
9.986918124357281323e-01 2.235376258521515683e-03 5.108489861811774807e-02 -1.161396470843351736e+01 -2.162740225656997230e-03 9.999965703554425378e-01 -1.477102592500652159e-03 4.997429631045719467e-01 -5.108802529513991469e-02 1.364686900092976002e-03 9.986932218159427777e-01 -1.278177082714083781e+02
9.988981126350161555e-01 2.254925841055935038e-03 4.687724270532440951e-02 -1.157985074493783451e+01 -2.190301739408176147e-03 9.999965789737276234e-01 -1.429901790954885704e-03 4.977527168981579209e-01 -4.688030665954413811e-02 1.325650894002133439e-03 9.988996343463212302e-01 -1.271869011602636448e+02
9.990493588205784370e-01 2.234669290243800240e-03 4.353601834520858666e-02 -1.154629954476512488e+01 -2.180782568410198283e-03 9.999967962127439547e-01 -1.285204900867141379e-03 4.877386646677496773e-01 -4.353875087299146490e-02 1.189040542259165020e-03 9.990510314068088427e-01 -1.265488769503660222e+02
9.992424697333504024e-01 2.150888254802577580e-03 3.885692166023384936e-02 -1.152147536183925247e+01 -2.107569036377483600e-03 9.999971111733946261e-01 -1.155767114252602206e-03 4.796189594397912703e-01 -3.885929533523608398e-02 1.072997940742303298e-03 9.992441162406051625e-01 -1.259239653933674390e+02
9.994074620576703927e-01 2.285037508790505566e-03 3.434389883268330196e-02 -1.150653977660891591e+01 -2.248735393262813777e-03 9.999968714119502611e-01 -1.095607339537358910e-03 4.772239783167013805e-01 -3.434629488863758656e-02 1.017727809771096052e-03 9.994094737681487040e-01 -1.252851207211073898e+02
9.995233943096188955e-01 2.167368883933304402e-03 3.079426472411852037e-02 -1.148386342427834528e+01 -2.136293989313590297e-03 9.999971752610694598e-01 -1.041977865928835068e-03 4.737951882761809452e-01 -3.079643608876448183e-02 9.756956507132163309e-04 9.995252010540943699e-01 -1.246566855578447672e+02
9.996376142969387590e-01 2.426422326305636284e-03 2.680956093298055704e-02 -1.147315753352416756e+01 -2.395417946259417556e-03 9.999964246870112206e-01 -1.188522636502486801e-03 4.811739002194125869e-01 -2.681234893826965615e-02 1.123871829501056413e-03 9.996398525751778452e-01 -1.240159614189707611e+02
9.997381185517874025e-01 2.109199598701663302e-03 2.278696099933175817e-02 -1.144722182368298924e+01 -2.083014531167877697e-03 9.999971427914297051e-01 -1.172799829405479386e-03 4.812897696713472895e-01 -2.278936956116103807e-02 1.125027124004927435e-03 9.997396555848803157e-01 -1.233888338248429761e+02
9.998004846178095706e-01 2.266705612359217956e-03 1.984573011153775018e-02 -1.142795126943513395e+01 -2.241263820696143272e-03 9.999966379899538627e-01 -1.304126249744925548e-03 4.876780552666779012e-01 -1.984861946028326080e-02 1.259386539603493541e-03 9.998022035638173266e-01 -1.227708697957813797e+02
9.998570175446970243e-01 2.495385412989257947e-03 1.672475764440746124e-02 -1.142161392499087746e+01 -2.471822302665261598e-03 9.999959234470706670e-01 -1.429399784646979586e-03 4.930234259852119827e-01 -1.672825636841963545e-02 1.387854776604043440e-03 9.998591097239607484e-01 -1.221401469032939957e+02
9.999023235198023496e-01 2.452413502883277197e-03 1.375969068371069547e-02 -1.140199878276483503e+01 -2.433147227145645262e-03 9.999960362811772807e-01 -1.416762684941578077e-03 4.928722440459719634e-01 -1.376311063210467096e-02 1.383144947315785057e-03 9.999043272712561103e-01 -1.215121550098827328e+02
9.999374877889781743e-01 2.570919006892273713e-03 1.088167678839423863e-02 -1.139022498810814987e+01 -2.556246185205328370e-03 9.999958051480202226e-01 -1.362090967360876778e-03 4.895778825901953568e-01 -1.088513296692792537e-02 1.334189575263923901e-03 9.999398651011317529e-01 -1.208832278728384182e+02
9.999595638775545803e-01 2.397400325502326967e-03 8.667357237939706666e-03 -1.139519295574413604e+01 -2.385763265742155224e-03 9.999962391329578759e-01 -1.352720806351258732e-03 4.883390886369131656e-01 -8.670567654462987828e-03 1.331987845057757899e-03 9.999615227922172833e-01 -1.202555879174020106e+02
9.999770037784365684e-01 2.205861128223817781e-03 6.412962730575115511e-03 -1.139068217471566591e+01 -2.197473314445658882e-03 9.999967213335361205e-01 -1.314698904809729956e-03 4.857437040784257087e-01 -6.415841747818715191e-03 1.300576357235452276e-03 9.999785725083343291e-01 -1.196345638107838170e+02
9.999836217425769336e-01 2.573365705686943977e-03 5.112145884430617515e-03 -1.138179764379933800e+01 -2.565545686005637517e-03 9.999955298465824649e-01 -1.535663435072880546e-03 4.961955754433821086e-01 -5.116074855973515995e-03 1.522522839761793201e-03 9.999857537496573689e-01 -1.190112895179702548e+02
9.999894135697084963e-01 2.595991150465526941e-03 3.799154966191546374e-03 -1.138150594292000051e+01 -2.590781618891037710e-03 9.999956978967967647e-01 -1.375513904580928258e-03 4.881229353476012056e-01 -3.802709443758431080e-03 1.365656561945134987e-03 9.999918371582046106e-01 -1.183904613266307564e+02
9.999946953716651876e-01 2.494288265971116546e-03 2.094696774438674271e-03 -1.138147883427892104e+01 -2.491531231208833283e-03 9.999960278597379570e-01 -1.317777245989751799e-03 4.843142748896983041e-01 -2.097975370331115353e-03 1.312551253237807152e-03 9.999969378495882077e-01 -1.177767632974538117e+02
9.999963347198368435e-01 2.591843314033349596e-03 7.828761891571897526e-04 -1.136633973361817773e+01 -2.590793046157845864e-03 9.999957466245686932e-01 -1.339598508312703998e-03 4.844523308939537865e-01 -7.863448887281002456e-04 1.337565328121993746e-03 9.999987962896300653e-01 -1.171610812297218303e+02
9.999965533648229599e-01 2.578666414570208315e-03 -4.936982855959884701e-04 -1.137205779178591492e+01 -2.579301226375202427e-03 9.999958421373775774e-01 -1.289539894974008234e-03 4.812019024994974581e-01 4.903709396489221032e-04 1.290808846993941189e-03 9.999990466739766548e-01 -1.165463899289630092e+02
9.999953666374258310e-01 2.498438993628820676e-03 -1.739110771473542042e-03 -1.137865186206680157e+01 -2.500803591845491679e-03 9.999959497930190899e-01 -1.358815275437671131e-03 4.835046519417045552e-01 1.735708810645662879e-03 1.363158154017747072e-03 9.999975645544202374e-01 -1.159298294020872220e+02
9.999928465459757554e-01 2.522156610567494357e-03 -2.818791036646413079e-03 -1.136837432426698591e+01 -2.526352181194599193e-03 9.999957048717537100e-01 -1.485860929233637174e-03 4.884618634487528643e-01 2.815031355612360262e-03 1.492971559079556794e-03 9.999949233043089469e-01 -1.153186080333540957e+02
9.999916566873756629e-01 2.523013592961477827e-03 -3.212624790983370678e-03 -1.137966181482289763e+01 -2.526880041217583611e-03 9.999960873982889353e-01 -1.200027237565592843e-03 4.740430590895829410e-01 3.209584536229814593e-03 1.208135142827448591e-03 9.999941194710003645e-01 -1.147016495775784790e+02
9.999910615695535299e-01 2.586074409522878988e-03 -3.344996284866916334e-03 -1.139086760125676179e+01 -2.590178145822743042e-03 9.999958975194966904e-01 -1.223078635697598350e-03 4.768308470906096330e-01 3.341819589724262258e-03 1.231731839569203237e-03 9.999936575191390453e-01 -1.140900044464856791e+02
9.999886189475564180e-01 2.722551911106734900e-03 -3.917867589652192749e-03 -1.137139755739180558e+01 -2.727401884858216604e-03 9.999955203595708442e-01 -1.233101678568020252e-03 4.748171824115210993e-01 3.914492855682567655e-03 1.243773244021790722e-03 9.999915648513242328e-01 -1.134796400279412154e+02
9.999883778091942510e-01 2.599381005426341235e-03 -4.060475948067961832e-03 -1.138544129643024938e+01 -2.604239182472957263e-03 9.999958989740291848e-01 -1.191626369132159184e-03 4.729094778203426497e-01 4.057361805001158395e-03 1.202186970386575401e-03 9.999910462407508582e-01 -1.128689118334112464e+02
9.999882031042049979e-01 2.741444094587318445e-03 -4.009755191973508534e-03 -1.139000864187709183e+01 -2.746371047879283493e-03 9.999954799282700924e-01 -1.223752056652331090e-03 4.731130220972766809e-01 4.006382219743472722e-03 1.234749895745159299e-03 9.999912121084886252e-01 -1.122624009484182608e+02
9.999889573944771293e-01 2.550870294213228220e-03 -3.946916498834066034e-03 -1.140330846036898471e+01 -2.555539702103999406e-03 9.999960402148714289e-01 -1.178461458095986930e-03 4.699948671980132553e-01 3.943894767566477264e-03 1.188534946624640858e-03 9.999915165033866904e-01 -1.116677986940084111e+02
9.999893698550116339e-01 2.574878659743162941e-03 -3.824941419740704538e-03 -1.140352083407154815e+01 -2.579984717457424644e-03 9.999957865774669052e-01 -1.330603686672239983e-03 4.763724916939188203e-01 3.821499160608950955e-03 1.340457832570229532e-03 9.999917996248591789e-01 -1.110612010560013090e+02
9.999900296794026477e-01 2.553402765562302109e-03 -3.663424095606059288e-03 -1.139683271201661974e+01 -2.558125966348059801e-03 9.999959021437162532e-01 -1.285179876651418134e-03 4.743430589712920864e-01 3.660127501569322098e-03 1.294538563300737678e-03 9.999924637898929269e-01 -1.104532776296621108e+02
9.999912709463821825e-01 2.704160031245915734e-03 -3.185207931141103253e-03 -1.139580357404160438e+01 -2.708357290311786975e-03 9.999954688828324167e-01 -1.314159271953564126e-03 4.737578515440464266e-01 3.181639801612855950e-03 1.322774481708282072e-03 9.999940637003018606e-01 -1.098463351246182356e+02
9.999947970804875519e-01 2.499592054161320527e-03 -2.039081047234099758e-03 -1.141131001934602907e+01 -2.502312746961768940e-03 9.999959810084881884e-01 -1.332815736562207058e-03 4.748810328464972419e-01 2.035741356559906800e-03 1.337911220525786872e-03 9.999970328709456568e-01 -1.092366753048517438e+02
9.999960109917793716e-01 2.797142959048314580e-03 -3.924178840628421319e-04 -1.140899268632879959e+01 -2.797611620318742748e-03 9.999953680297675174e-01 -1.198869564068196425e-03 4.663400051973736193e-01 3.890626568349337430e-04 1.199962614600125080e-03 9.999992043596698243e-01 -1.086312881488346704e+02
9.999958772939522289e-01 2.612389091677013754e-03 1.191980844026829366e-03 -1.142031860386376785e+01 -2.610732320619724503e-03 9.999956268455340025e-01 -1.389376319672007074e-03 4.749952575370763874e-01 -1.195605222852223412e-03 1.386258648766790745e-03 9.999983244061511067e-01 -1.080292469631012295e+02
9.999928377730904483e-01 2.739493341746273170e-03 2.611432318139655148e-03 -1.141882337985469675e+01 -2.736328149543674430e-03 9.999955183071789211e-01 -1.214855470702519641e-03 4.655802715945078218e-01 -2.614748702975355516e-03 1.207701033869222574e-03 9.999958522651146708e-01 -1.074243010256466988e+02
9.999893779447875941e-01 2.631611730769474727e-03 3.783994885738507005e-03 -1.140639605273267776e+01 -2.625830528940443966e-03 9.999953790439275458e-01 -1.531961104262678439e-03 4.802641139935182601e-01 -3.788008926877421429e-03 1.522008702394919179e-03 9.999916672042221677e-01 -1.068205343621406342e+02
9.999817157984356442e-01 2.545646350642599091e-03 5.485230485055620463e-03 -1.141014921114650527e+01 -2.537226388102759630e-03 9.999955932178644646e-01 -1.541436702196690312e-03 4.803323485558461114e-01 -5.489130265555602732e-03 1.527491246725819641e-03 9.999837679779701727e-01 -1.062144664167546892e+02
9.999732125808141747e-01 2.464881732801905458e-03 6.891914019277070244e-03 -1.140823265601844128e+01 -2.455035093682738159e-03 9.999959541692264864e-01 -1.436818661880048245e-03 4.742873440513415972e-01 -6.895427723832258868e-03 1.419860282436289202e-03 9.999752182295738034e-01 -1.056153501690348122e+02
9.999582678694689530e-01 2.440648656557224943e-03 8.803735208797987613e-03 -1.141256724835017522e+01 -2.427949698102220989e-03 9.999959971346212839e-01 -1.452850645477911243e-03 4.740591020391191623e-01 -8.807245866607181853e-03 1.431414988682758920e-03 9.999601909433071256e-01 -1.050227065110907034e+02
9.999442991987097518e-01 2.562341151301710408e-03 1.023879425643637806e-02 -1.140038915613813941e+01 -2.549281729140393058e-03 9.999959206733050054e-01 -1.288332028099145295e-03 4.657781372873859294e-01 -1.024205363522178239e-02 1.262158695846491525e-03 9.999467522287173171e-01 -1.044254651984285687e+02
9.999219161287169477e-01 2.606586540078274349e-03 1.222159368020936387e-02 -1.139859563695328681e+01 -2.592055099943392765e-03 9.999959149819591664e-01 -1.204686578843178636e-03 4.611795489994017228e-01 -1.222468387460011810e-02 1.172913468023197275e-03 9.999245878455848002e-01 -1.038250202913587401e+02
9.999052291206588228e-01 2.568008453200757834e-03 1.352546153545206194e-02 -1.138779337171698103e+01 -2.548948949507333101e-03 9.999957343865053527e-01 -1.426207574853594062e-03 4.698224997472980613e-01 -1.352906635416905971e-02 1.391596700935209766e-03 9.999075096338693180e-01 -1.032318582133353857e+02
9.998857580445291715e-01 2.520026240295504278e-03 1.490370180410103412e-02 -1.137764085929456215e+01 -2.502642347574126399e-03 9.999961663302727732e-01 -1.184949803802421786e-03 4.575975860950214913e-01 -1.490663077282962032e-02 1.147515797549140222e-03 9.998882315371537821e-01 -1.026424107384595743e+02
9.998612477216993755e-01 2.554456016795473086e-03 1.646086446286076921e-02 -1.135899426324712991e+01 -2.534990090830339764e-03 9.999960629214186270e-01 -1.203314963580716119e-03 4.567992549629485421e-01 -1.646387347029267673e-02 1.161419872588152682e-03 9.998637867100866883e-01 -1.020473025845145401e+02
9.998354555121850007e-01 2.531629772310636534e-03 1.796253744428622304e-02 -1.135565747227552791e+01 -2.508556405298030274e-03 9.999959995146804337e-01 -1.306942767220191847e-03 4.615114191251093456e-01 -1.796577428063907481e-02 1.261667678630686322e-03 9.998378064212044558e-01 -1.014612835620069404e+02
9.997975571927084637e-01 2.741392700523981752e-03 1.993312312595022992e-02 -1.134611533930996785e+01 -2.719594702206902959e-03 9.999956740408170175e-01 -1.120582129013297616e-03 4.496696266349389237e-01 -1.993610885174201472e-02 1.066145259169527532e-03 9.998006875863497678e-01 -1.008718962746896608e+02
9.997552518753701767e-01 2.624538678852823825e-03 2.196697849815141060e-02 -1.133215899313529107e+01 -2.597809082210855713e-03 9.999958503539615462e-01 -1.245256130184505461e-03 4.556368752329739702e-01 -2.197015556584485871e-02 1.187885339830730682e-03 9.997579212953663363e-01 -1.002830477513950882e+02
9.997180856151536288e-01 2.503590974113924922e-03 2.361104246336368992e-02 -1.132279957254442948e+01 -2.479600490420472668e-03 9.999963794655549743e-01 -1.045292872659533360e-03 4.459893818440429092e-01 -2.361357396457246585e-02 9.864522370908578724e-04 9.997206740067965391e-01 -9.969529150262692951e+01
9.996596922087715997e-01 2.692116199700402088e-03 2.594710549235489452e-02 -1.131228671523657070e+01 -2.664199107749063485e-03 9.999958344820115697e-01 -1.110433131553793980e-03 4.475345685103139792e-01 -2.594998682424235967e-02 1.040926987206085286e-03 9.996627004419185170e-01 -9.910987146193538422e+01
9.996167628008302275e-01 2.616221238150739318e-03 2.755871756852433171e-02 -1.129998334334617205e+01 -2.587850066487449707e-03 9.999960842933014460e-01 -1.065096285653700315e-03 4.453580650859815804e-01 -2.756139618419254853e-02 9.933702720443255817e-04 9.996196189830812706e-01 -9.852553439774470689e+01
9.995712306321615781e-01 2.639014831539703704e-03 2.916145560881560489e-02 -1.127539126872057018e+01 -2.608362768680500682e-03 9.999960051382825732e-01 -1.089105661985552247e-03 4.453715928925145451e-01 -2.916421327882805919e-02 1.012575031748789729e-03 9.995741209913510117e-01 -9.794430078995574718e+01
9.995258738587845526e-01 2.578593892286622311e-03 3.068188945244054722e-02 -1.126693854670415540e+01 -2.544720271923633665e-03 9.999961089410102089e-01 -1.143022999264912184e-03 4.463373376769649292e-01 -3.068471745952341956e-02 1.064404236110404797e-03 9.995285464447983825e-01 -9.735755314392461912e+01
9.994613430651466679e-01 2.536380389651851121e-03 3.271987917050200867e-02 -1.125511215254856623e+01 -2.498223344220723910e-03 9.999961510054208302e-01 -1.207002264285180967e-03 4.490110447306985275e-01 -3.272281464873784407e-02 1.124610538181310560e-03 9.994638325885543129e-01 -9.677940047919933875e+01
9.994003748310061885e-01 2.493275368549939790e-03 3.453511785966573155e-02 -1.124032826296785892e+01 -2.452289569257284831e-03 9.999962377959841220e-01 -1.229093058315962198e-03 4.488757399467052656e-01 -3.453805239895459123e-02 1.143665953882830886e-03 9.994027291160820781e-01 -9.619458063485804189e+01
9.993356740610440658e-01 2.495509544976288411e-03 3.635908388655600260e-02 -1.121525728220405327e+01 -2.453886439792546306e-03 9.999962819262298019e-01 -1.189359095055622303e-03 4.466888202603387925e-01 -3.636191675777401128e-02 1.099347910045544215e-03 9.993380821543195180e-01 -9.561188060241477160e+01
9.992661035404442060e-01 2.484868869383267086e-03 3.822407280497692322e-02 -1.119072941188854742e+01 -2.442247109513899506e-03 9.999963429306376606e-01 -1.161703235161443528e-03 4.439072466638636083e-01 -3.822681969709588318e-02 1.067498033948300175e-03 9.992685178188058792e-01 -9.503068194932583879e+01
9.991804563749014934e-01 2.606361766040520694e-03 4.039334693718948238e-02 -1.116269461956784603e+01 -2.558349488667062237e-03 9.999959582881332576e-01 -1.240264202476028818e-03 4.477250735057211051e-01 -4.039641625611694459e-02 1.135907453373141566e-03 9.991830859596853021e-01 -9.443575904272164223e+01
9.990855278895416358e-01 2.631153807704495091e-03 4.267534406793029034e-02 -1.113977320003448312e+01 -2.586828796500298226e-03 9.999960559020475426e-01 -1.093845110902364305e-03 4.372234477877769421e-01 -4.267805382692171912e-02 9.824510111198024153e-04 9.990883937427944561e-01 -9.386019470067975590e+01
9.989396527563426664e-01 2.553247641993712774e-03 4.596793531926473414e-02 -1.111359474480395981e+01 -2.502634633204766940e-03 9.999961972632565033e-01 -1.158567615135042183e-03 4.399463968421685744e-01 -4.597071862533950309e-02 1.042298184210834399e-03 9.989422438977966223e-01 -9.327884587146297690e+01
9.987882581745584076e-01 2.609498222686018956e-03 4.914474388637654623e-02 -1.107974294625789824e+01 -2.550999196710394476e-03 9.999959611563863371e-01 -1.253025942837101420e-03 4.436669987000713689e-01 -4.914781516741237311e-02 1.126139396717117450e-03 9.987908810528502990e-01 -9.269355891880154275e+01
9.985789733351460029e-01 2.477317332631782075e-03 5.323435837651425973e-02 -1.106487023328888597e+01 -2.411430007257948580e-03 9.999962450502580813e-01 -1.301879681207406382e-03 4.459131205736605041e-01 -5.323738365327326805e-02 1.171658746259729043e-03 9.985811975986411682e-01 -9.211347899825952368e+01
9.983677908539203560e-01 2.580545413834927759e-03 5.705343960560074063e-02 -1.103356736545380912e+01 -2.523652192508011195e-03 9.999962439674559000e-01 -1.069219618066773484e-03 4.333798427304008660e-01 -5.705598448080661383e-02 9.234913900761993399e-04 9.983705533510983665e-01 -9.153715915581527440e+01
9.980856775169038020e-01 2.592792636869323784e-03 6.179205257931894707e-02 -1.100240865551947422e+01 -2.527033426232176000e-03 9.999961545869091584e-01 -1.142328086466519888e-03 4.353836681922441110e-01 -6.179477678320253325e-02 9.839907197840896610e-04 9.980883915388343297e-01 -9.095751759499501077e+01
9.978031292474265346e-01 2.548414438081157869e-03 6.619985534648317738e-02 -1.096059249627624688e+01 -2.484651731691735026e-03 9.999963667118363375e-01 -1.045499353780245414e-03 4.296974730136986498e-01 -6.620227918898050068e-02 8.787189416037092951e-04 9.978058358634739333e-01 -9.037624245312298399e+01
9.973560375574649361e-01 2.619007962804929552e-03 7.262282798792203675e-02 -1.092969289759416718e+01 -2.552836827444013214e-03 9.999962375306259421e-01 -1.003966495624132680e-03 4.254171760841296002e-01 -7.262518414300229985e-02 8.159178161154397556e-04 9.973589709358974265e-01 -8.979111703554907820e+01
9.969882313196701817e-01 2.572603594398208734e-03 7.751031106131626991e-02 -1.088873014105896253e+01 -2.492194442289768271e-03 9.999962513706934786e-01 -1.134112614620438365e-03 4.314922769647938638e-01 -7.751293812608149592e-02 9.375261633205940774e-04 9.969909054087481293e-01 -8.920937377811667091e+01
9.965055596126402015e-01 2.602254277954179230e-03 8.348591458306939272e-02 -1.083735071762938773e+01 -2.519602657917739078e-03 9.999962258969306017e-01 -1.095351241047004456e-03 4.274167182528434417e-01 -8.348844988107578802e-02 8.811722691497501751e-04 9.965083553447442455e-01 -8.863359130983990042e+01
9.960578740429247846e-01 2.611309715521618977e-03 8.866731426325333287e-02 -1.078546147997223414e+01 -2.526698351669401463e-03 9.999962391985786070e-01 -1.066482132434819945e-03 4.238507181893366726e-01 -8.866976571824566888e-02 8.382423687418767699e-04 9.960607260590103040e-01 -8.805882549143295535e+01
9.954918965631839312e-01 2.613858810494488084e-03 9.481060921201772684e-02 -1.073002088622580352e+01 -2.511374569003187261e-03 9.999961262012454499e-01 -1.200241757749697085e-03 4.302549218413025955e-01 -9.481337919729104780e-02 9.567259909098149891e-04 9.954946046064584442e-01 -8.748183755750164892e+01
9.949309898502034510e-01 2.601624589587220489e-03 1.005263994440723924e-01 -1.067300614637367495e+01 -2.502152951716965328e-03 9.999962473480847880e-01 -1.115580725138225204e-03 4.236219234313649551e-01 -1.005289245257331848e-01 8.583934080251177543e-04 9.949337658831649556e-01 -8.690051725489429657e+01
9.942577100536845736e-01 2.593204449155405138e-03 1.069807519579486776e-01 -1.061687313523714771e+01 -2.482337636467729040e-03 9.999962351565474528e-01 -1.169475348063657221e-03 4.249503151485565788e-01 -1.069833818808408887e-01 8.971975345671730478e-04 9.942604040380579322e-01 -8.633190415155834785e+01
9.935121628821753648e-01 2.511793340349659492e-03 1.136981666492349330e-01 -1.056419774729886285e+01 -2.376966335251240719e-03 9.999963019791179297e-01 -1.321385307076701748e-03 4.319764842768855639e-01 -1.137010652378547815e-01 1.042555659929484454e-03 9.935144593016616010e-01 -8.576114276815884807e+01
9.926957711755097780e-01 2.387613099387255172e-03 1.206209152425380821e-01 -1.049946331267423183e+01 -2.241997046366174268e-03 9.999965850048530003e-01 -1.342917672766076251e-03 4.332725000531307824e-01 -1.206237096905248135e-01 1.062676959087985925e-03 9.926977341457855486e-01 -8.519585717999058261e+01
9.919750669366326212e-01 2.472124985143944742e-03 1.264094742261076265e-01 -1.043421893365147746e+01 -2.330047691804154782e-03 9.999964767001737753e-01 -1.271795971367447459e-03 4.272400319383263811e-01 -1.264121728862258875e-01 9.670497901842446328e-04 9.919773320801671401e-01 -8.462627960220511625e+01
9.910393671882505862e-01 2.531775625096327129e-03 1.335461073760518813e-01 -1.036499322654279887e+01 -2.371729918211951289e-03 9.999962660424300820e-01 -1.357497105901137513e-03 4.298066961222074545e-01 -1.335490455986371727e-01 1.028597774467617009e-03 9.910416713772995934e-01 -8.407026612611480232e+01
9.901381207399904127e-01 2.436636122023050788e-03 1.400734259661301773e-01 -1.028657541937788977e+01 -2.268486755690001574e-03 9.999965020561776274e-01 -1.360089426601091131e-03 4.296962182627050431e-01 -1.400762500401811772e-01 1.028921677264845467e-03 9.901401847692389291e-01 -8.350595552138160826e+01
9.893192329224977932e-01 2.555047676147905421e-03 1.457426742619101767e-01 -1.020433452234551375e+01 -2.404856296731577164e-03 9.999963802628102361e-01 -1.206701068620715141e-03 4.209590921296643695e-01 -1.457452298904932109e-01 8.433223876733505348e-04 9.893217963693702321e-01 -8.294294858373102386e+01
9.883750275176933497e-01 2.587494636392422345e-03 1.520135186452361842e-01 -1.011462706830284297e+01 -2.435433357656936922e-03 9.999963304375252271e-01 -1.186497300601561770e-03 4.171339047046028758e-01 -1.520160308775338753e-01 8.024855080083245600e-04 9.883777022845315896e-01 -8.237407065361962566e+01
9.873215588519178576e-01 2.597483116823218457e-03 1.587116646868676761e-01 -1.001826315757583785e+01 -2.431656557392057345e-03 9.999962759343045127e-01 -1.239017315939638410e-03 4.191623802595874082e-01 -1.587142919607613389e-01 8.373762476476119716e-04 9.873241981884238738e-01 -8.181199442242208875e+01
9.863888402883513873e-01 2.403204700222705270e-03 1.644119228090532014e-01 -9.929134744813437052e+00 -2.204355469428880172e-03 9.999966017103855132e-01 -1.391899653346142206e-03 4.277328256072008283e-01 -1.644147091095125579e-01 1.010531963578404410e-03 9.863907857708247295e-01 -8.125462182548120893e+01
9.852144711178842940e-01 2.333267983167499216e-03 1.713096662784275026e-01 -9.846150302782515240e+00 -2.120284378284820626e-03 9.999967351379993596e-01 -1.426221405399464084e-03 4.281662718990209004e-01 -1.713124347327498465e-01 1.041908758358303048e-03 9.852162017202501509e-01 -8.068757110787295517e+01
9.840153677892486961e-01 2.394355611105481244e-03 1.780674675952830799e-01 -9.751835811425923595e+00 -2.190924421522003410e-03 9.999967033683295758e-01 -1.339067829596281853e-03 4.229072786305796972e-01 -1.780700867770013684e-01 9.275309594018526452e-04 9.840173697052052582e-01 -8.013695216772173069e+01
9.829801102022706072e-01 2.377111240169165265e-03 1.836966311310136435e-01 -9.651758719340087112e+00 -2.174687549924485090e-03 9.999967859445746399e-01 -1.303393486573242981e-03 4.178719422559013519e-01 -1.836991390311670247e-01 8.817270963850022030e-04 9.829821203239331728e-01 -7.958941806261798035e+01
9.817640286252272697e-01 2.454668878187697169e-03 1.900877868203591781e-01 -9.548765684586701497e+00 -2.248764127366981863e-03 9.999966279547150005e-01 -1.298899187325032066e-03 4.150796896791305035e-01 -1.900903342031449450e-01 8.477499028740514194e-04 9.817662380437813807e-01 -7.903089285686220933e+01
9.805503159273326608e-01 2.565242521122167683e-03 1.962511081895233767e-01 -9.438983744266394638e+00 -2.366158320664691131e-03 9.999964207778526681e-01 -1.248890021302603241e-03 4.116886651125407637e-01 -1.962536094689973643e-01 7.602383123644536334e-04 9.805528760898611917e-01 -7.847325894943675451e+01
9.793816543058991853e-01 2.606694024206513641e-03 2.020019315633007073e-01 -9.323487903345876404e+00 -2.400097027923749158e-03 9.999963162564650121e-01 -1.267678096589763478e-03 4.092888619713712095e-01 -2.020044918889102314e-01 7.567164357855015941e-04 9.793843028336419732e-01 -7.790661333889342188e+01
9.783473912822348018e-01 2.512347465217747849e-03 2.069542705079065181e-01 -9.209697321959087191e+00 -2.272663752698517517e-03 9.999964432492209898e-01 -1.395882650793711438e-03 4.162354491341295204e-01 -2.069570413653831487e-01 8.953206808906754525e-04 9.783496212654070323e-01 -7.735384064801338866e+01
9.771853894282636066e-01 2.409533001911702294e-03 2.123744542986409911e-01 -9.091089418588307325e+00 -2.152057752136492166e-03 9.999966424516011365e-01 -1.443514099691696213e-03 4.184423817972001136e-01 -2.123772194359939136e-01 9.535387969232720327e-04 9.771872939351997633e-01 -7.679769127463879386e+01
9.760292920970109476e-01 2.543572701106602916e-03 2.176243350513033248e-01 -8.976173563127154864e+00 -2.281537597623084414e-03 9.999963382894239139e-01 -1.455332929123504850e-03 4.164604694164222853e-01 -2.176272399190835871e-01 9.239294660006122130e-04 9.760315214169793530e-01 -7.624857121059633869e+01
9.751474460978738490e-01 2.338658257902596384e-03 2.215445531859155381e-01 -8.845188880537198983e+00 -2.064397400737163005e-03 9.999967894168759752e-01 -1.469496278307167499e-03 4.160581818998321246e-01 -2.215472785483180718e-01 9.756195430970847175e-04 9.751491432259687953e-01 -7.568535003813653361e+01
9.741564776544230364e-01 2.465702172494537488e-03 2.258607477113366291e-01 -8.730090819165980065e+00 -2.215634784285493934e-03 9.999966197826866132e-01 -1.360656350301122980e-03 4.090846087542201470e-01 -2.258633392262457407e-01 8.250672684734971975e-04 9.741586478893323742e-01 -7.513447506573520229e+01
9.732848365181272499e-01 2.478174491117905547e-03 2.295876426445330187e-01 -8.611744564435856120e+00 -2.262496676306288007e-03 9.999967173703672163e-01 -1.202645949437332806e-03 3.995254917707020681e-01 -2.295898693598477092e-01 6.510757878830507762e-04 9.732872484460312057e-01 -7.458570981402425559e+01
9.726686159643025409e-01 2.449767371630042975e-03 2.321847586684213094e-01 -8.483489820749726462e+00 -2.246165745368091521e-03 9.999968261201583886e-01 -1.141266425534750821e-03 3.962480315844634227e-01 -2.321868175791478306e-01 5.885485830538480850e-04 9.726710314145440295e-01 -7.403679094361987723e+01
9.721995631992461639e-01 2.406304119729265299e-03 2.341414508703625330e-01 -8.341366240584619618e+00 -2.218960383695444197e-03 9.999969725181758751e-01 -1.063564430716777047e-03 3.926272795922637338e-01 -2.341433012708469819e-01 5.144462713147981026e-04 9.722019593762518674e-01 -7.348976134852708242e+01
9.718396601455960848e-01 2.518735085335297233e-03 2.356296478409754536e-01 -8.207349884306211152e+00 -2.324233194833186245e-03 9.999966904482157082e-01 -1.103192037449969142e-03 3.923285534373949779e-01 -2.356316466609446048e-01 5.244675255518566233e-04 9.718422979196091882e-01 -7.293478820051055322e+01
9.714751357853581570e-01 2.533841433360212950e-03 2.371278983974902110e-01 -8.079062682975951759e+00 -2.357802767341201419e-03 9.999966940695775852e-01 -1.025970772494397623e-03 3.880306752095443179e-01 -2.371297141164096511e-01 4.376042804653982677e-04 9.714778984544957252e-01 -7.238032916301762043e+01
9.712454154164988918e-01 2.556877536579410613e-03 2.380668087106969089e-01 -7.947199555869866039e+00 -2.322212856731958961e-03 9.999965020805884341e-01 -1.266157192336625536e-03 3.979498699517632909e-01 -2.380692133810683453e-01 6.769075643044456490e-04 9.712479556921953527e-01 -7.182665792340203836e+01
9.711486374777471564e-01 2.517892787359332120e-03 2.384617037199613376e-01 -7.814697163660453860e+00 -2.291240015376300870e-03 9.999966215305533535e-01 -1.227659020720934602e-03 3.957788808470678599e-01 -2.384639891981747417e-01 6.458663875624178537e-04 9.711511255784560648e-01 -7.127571182407702111e+01
9.711544977111778998e-01 2.465291654837812544e-03 2.384383859876726131e-01 -7.678081353281034360e+00 -2.238952559709508992e-03 9.999967492382957346e-01 -1.220083716945254745e-03 3.955708046694832447e-01 -2.384406187435042235e-01 6.510375546554524615e-04 9.711568603903888430e-01 -7.072981705484404813e+01
9.711780032001660068e-01 2.522105691078244723e-03 2.383420338148969087e-01 -7.548228094664991339e+00 -2.320373777766294218e-03 9.999966729106981589e-01 -1.126957437339356615e-03 3.922087559481167163e-01 -2.383440831354323441e-01 5.414336682832382279e-04 9.711806242321316951e-01 -7.019128684435797538e+01
9.713365422466544441e-01 2.589185540166553338e-03 2.376943790133707324e-01 -7.403774598382980798e+00 -2.392336768955730369e-03 9.999965149451599533e-01 -1.116611982023487477e-03 3.879183196188770721e-01 -2.376964417510225303e-01 5.159610189620917730e-04 9.713393512893059301e-01 -6.963097138765506600e+01
9.716064823180641241e-01 2.521485343130418135e-03 2.365892762345362943e-01 -7.272159226278875011e+00 -2.319819296829266336e-03 9.999966699055863328e-01 -1.130759111309467780e-03 3.888486642276424154e-01 -2.365913395624349436e-01 5.498085140567452421e-04 9.716090961671007831e-01 -6.908294033094236397e+01
9.719249338074419375e-01 2.516907238467364864e-03 2.352776832199617585e-01 -7.139164171362923916e+00 -2.293103453962104781e-03 9.999966207327478651e-01 -1.224826369061137810e-03 3.943615823772887441e-01 -2.352799709281458151e-01 6.509232196434595365e-04 9.719274209420233346e-01 -6.852898626505857749e+01
9.723647024499244562e-01 2.619142581116242017e-03 2.334524052598507815e-01 -7.005965659597418238e+00 -2.402755974183138580e-03 9.999963797664985776e-01 -1.211287589851152207e-03 3.924357770406886603e-01 -2.334547326425367997e-01 6.168841354613722062e-04 9.723674754231370621e-01 -6.796863353337609226e+01
9.728078062896922118e-01 2.573885154619736867e-03 2.315995404508556510e-01 -6.872911438444819332e+00 -2.369697500158929500e-03 9.999965196586344529e-01 -1.159829459929287605e-03 3.893495306845273785e-01 -2.316017196732235994e-01 5.794703005396193481e-04 9.728105199156598104e-01 -6.740714038179581280e+01
9.732914093334791295e-01 2.510861120577240115e-03 2.295594217061958098e-01 -6.747909117832069370e+00 -2.304154360754687939e-03 9.999966627401862818e-01 -1.168495259688453114e-03 3.901875629805230394e-01 -2.295615895360800240e-01 6.083460555250086964e-04 9.732939466187719990e-01 -6.684736362595302239e+01
9.737879323082642147e-01 2.567536269867700272e-03 2.274433350272070664e-01 -6.612430584686008750e+00 -2.376182474995625852e-03 9.999965551115020945e-01 -1.115133164258574113e-03 3.849355632303151920e-01 -2.274454146551232736e-01 5.454563515255205419e-04 9.737906786521052238e-01 -6.628873651119583599e+01
9.744943675631047020e-01 2.622919741665524166e-03 2.243966307229532942e-01 -6.476009428553006764e+00 -2.451999017729631410e-03 9.999964526792650688e-01 -1.040350759848856577e-03 3.804081524136975756e-01 -2.243985634726785583e-01 4.635956376481866620e-04 9.744973421156586380e-01 -6.573200666677426796e+01
9.750063731244253962e-01 2.555328591314814327e-03 2.221621989955630816e-01 -6.347960488976087667e+00 -2.384855543356520762e-03 9.999966199952962098e-01 -1.035597421967490326e-03 3.802262295102362133e-01 -2.221640943779869259e-01 4.798893346106849708e-04 9.750091716878541703e-01 -6.518076726605673343e+01
9.756740982798590700e-01 2.551840255034971972e-03 2.192111814143991866e-01 -6.234702839644821637e+00 -2.386878108868261024e-03 9.999966338908801156e-01 -1.017359229804289328e-03 3.794100681470463088e-01 -2.192130396638787004e-01 4.693806790288137360e-04 9.756769049860208876e-01 -6.461810990560140056e+01
9.764402430523220211e-01 2.601197272923547014e-03 2.157723001700393717e-01 -6.095186953899242255e+00 -2.441729791142892639e-03 9.999965133357928693e-01 -1.005620149201092274e-03 3.788589542792327736e-01 -2.157741636608731806e-01 4.550703294756151037e-04 9.764431899539500748e-01 -6.404216315385311020e+01
9.772796542443002998e-01 2.481670353828712913e-03 2.119394222706002806e-01 -5.964225026789720552e+00 -2.326562886017154511e-03 9.999968121480419248e-01 -9.812231607436881428e-04 3.791550898084958265e-01 -2.119411817115265106e-01 4.658390373293946852e-04 9.772823125835814473e-01 -6.347919914496097249e+01
9.781298906934045023e-01 2.550184016660927457e-03 2.079793583353640452e-01 -5.840337769637003795e+00 -2.416813922082938944e-03 9.999966786597395130e-01 -8.953658223068681771e-04 3.733964234385309666e-01 -2.079809509127569511e-01 3.731366651728430621e-04 9.781328053114538568e-01 -6.291775949203705665e+01
9.788076826435568867e-01 2.435858982352438924e-03 2.047671531007062284e-01 -5.719904186489856990e+00 -2.263205167927702897e-03 9.999968585898374451e-01 -1.077363831129412274e-03 3.830104108046128442e-01 -2.047691341494558281e-01 5.911019157924029752e-04 9.788101206557926481e-01 -6.233551552102515814e+01
9.795271016270131748e-01 2.476885156809850112e-03 2.012970993782647877e-01 -5.598332285955050835e+00 -2.287228170081728306e-03 9.999966942622771082e-01 -1.174756066568900456e-03 3.872958597833210392e-01 -2.012993436787139934e-01 6.902930087512772900e-04 9.795295287688273733e-01 -6.176482403100232688e+01
9.801559003664808145e-01 2.617586676579905687e-03 1.982108958073794669e-01 -5.485931167732103653e+00 -2.434978248634976292e-03 9.999963568028197303e-01 -1.165015886696263003e-03 3.855666150475175469e-01 -1.982132232160657981e-01 6.592579754326074147e-04 9.801587032318898052e-01 -6.119189583673032473e+01
9.807661645728238398e-01 2.403323464951992883e-03 1.951716026102038870e-01 -5.374087503341409722e+00 -2.224597757563815965e-03 9.999968815465117844e-01 -1.134928221800650221e-03 3.835861990618325001e-01 -1.951737215762654465e-01 6.789208896540831076e-04 9.807684525271477272e-01 -6.061836971031320331e+01
9.814982844413671081e-01 2.640909470898058706e-03 1.914527180162760300e-01 -5.261110929359653632e+00 -2.511690891753900340e-03 9.999964246901553722e-01 -9.176141730723994840e-04 3.725647531221287778e-01 -1.914544568494488119e-01 4.197666886066354908e-04 9.815014084291523444e-01 -6.004632777163228496e+01
9.821818973642038042e-01 2.730263133812331575e-03 1.879129217304464361e-01 -5.142834309074634902e+00 -2.631418016401165533e-03 9.999962371320123555e-01 -7.754747185208107300e-04 3.665283559163266536e-01 -1.879143318889639480e-01 2.671797826386629001e-04 9.821853860069839071e-01 -5.947895011303704393e+01
9.827562326728144226e-01 2.778526475217992474e-03 1.848850100288378095e-01 -5.037138069374685223e+00 -2.660145096491681009e-03 9.999960672293199959e-01 -8.883433789126230547e-04 3.698647456949923362e-01 -1.848867512040886230e-01 3.812040395369797603e-04 9.827597590014955919e-01 -5.890451110314984362e+01
9.834031558120286398e-01 2.473916418454176740e-03 1.814169586243176147e-01 -4.920473701641373765e+00 -2.336664132163132884e-03 9.999967992716163323e-01 -9.702820497734989530e-04 3.751984563989552712e-01 -1.814187783546023502e-01 5.302679295914566101e-04 9.834057889173962730e-01 -5.832361109948655553e+01
9.839091187255839532e-01 2.595359171772913809e-03 1.786508052022554860e-01 -4.818077960289453898e+00 -2.486703577719460642e-03 9.999965619301730557e-01 -8.321256816774024248e-04 3.691215818527606163e-01 -1.786523506533325978e-01 3.744844496692276495e-04 9.839121898662683829e-01 -5.774795167836153098e+01
9.843195353993131613e-01 2.749432006585505149e-03 1.763731636471985442e-01 -4.718493734633630865e+00 -2.635903093681791695e-03 9.999961405836336192e-01 -8.779707958399898815e-04 3.701771134677948050e-01 -1.763748968707311293e-01 3.993012381552885851e-04 9.843229837367205581e-01 -5.716748998890921740e+01
9.848171306431896532e-01 2.633995323081277096e-03 1.735750018301964182e-01 -4.623721584908162541e+00 -2.513794720679194024e-03 9.999964242380167123e-01 -9.123306871721744565e-04 3.726006132753090783e-01 -1.735767842420667395e-01 4.621469662960011986e-04 9.848202304950708363e-01 -5.658847193781402041e+01
9.852941570977343799e-01 2.728378110192512720e-03 1.708449002515232684e-01 -4.518922917406325013e+00 -2.601468579847022403e-03 9.999961489184915342e-01 -9.667002711012447763e-04 3.747595296580916169e-01 -1.708468798377458797e-01 5.080364887494160601e-04 9.852974604395532410e-01 -5.600452948365956019e+01
9.856404490016480446e-01 2.908288179713078812e-03 1.688326009741403788e-01 -4.419694656773186736e+00 -2.804020158987219173e-03 9.999957023618591956e-01 -8.559957709303628618e-04 3.709003773849982588e-01 -1.688343648750975090e-01 3.702940393775798261e-04 9.856443679743454034e-01 -5.542487457131387885e+01
9.861639957787461386e-01 2.775509781834267688e-03 1.657494192301983971e-01 -4.312961389419084135e+00 -2.668641811335659923e-03 9.999960629274511348e-01 -8.674563274469381186e-04 3.696796776741338997e-01 -1.657511742962320678e-01 4.131283676763185557e-04 9.861675200210012759e-01 -5.484779715537084854e+01
9.867076385108068948e-01 2.856601318345232399e-03 1.624803863035010620e-01 -4.206320948543014637e+00 -2.720848142177413609e-03 9.999957387804393472e-01 -1.058020014208459290e-03 3.780014672601623715e-01 -1.624827162802681413e-01 6.018719725026499406e-04 9.867112063113069320e-01 -5.427380172246876100e+01
9.871604267141255162e-01 2.941577769678684409e-03 1.597048498005323725e-01 -4.128446508544967308e+00 -2.831967382806216751e-03 9.999955723390536733e-01 -9.139272570651531605e-04 3.726184556071967524e-01 -1.597068310697084825e-01 4.499138955590332631e-04 9.871643863547541198e-01 -5.369897195020563885e+01
9.875349773680655030e-01 2.941602514132401341e-03 1.573722194331108881e-01 -4.040366641786969915e+00 -2.855953918151089496e-03 9.999956250170136673e-01 -7.703726692207270819e-04 3.666342432075994084e-01 -1.573737970625089522e-01 3.113221497657409314e-04 9.875390580005670715e-01 -5.312901448956426265e+01
9.879835431038070936e-01 2.895546679611644449e-03 1.545319849269850554e-01 -3.945513136969165391e+00 -2.811438990516708890e-03 9.999957569549008385e-01 -7.628125572922935579e-04 3.650059062432954859e-01 -1.545335380001711667e-01 3.191890053720499148e-04 9.879874916979103361e-01 -5.255810793396095448e+01
9.883344691241233715e-01 2.890095879314056541e-03 1.522715485143091296e-01 -3.855493543067069151e+00 -2.821196374487879282e-03 9.999957969504392752e-01 -6.685300833720432892e-04 3.598391306993422578e-01 -1.522728406254831857e-01 2.311433844367903232e-04 9.883384686333837044e-01 -5.199145100470878589e+01
9.886738839974011928e-01 2.858813913199703769e-03 1.500525850643797399e-01 -3.779498132619782957e+00 -2.771373337840244647e-03 9.999958462312159568e-01 -7.918397165058959752e-04 3.663931952698298300e-01 -1.500542255030344885e-01 3.670195144998581404e-04 9.886777001153411737e-01 -5.142659259473487054e+01
9.890202123426028447e-01 2.853484102887751585e-03 1.477527570174832494e-01 -3.684256113648388009e+00 -2.772517281265052865e-03 9.999958723527797577e-01 -7.539398703642893407e-04 3.649500206019153370e-01 -1.477542985016610522e-01 3.360146984957153001e-04 9.890240413500596128e-01 -5.087552000596298285e+01
9.893514695341839582e-01 2.674802690412167103e-03 1.455215281706390695e-01 -3.600205308593906750e+00 -2.604688053130868597e-03 9.999963817678374500e-01 -6.723476625201307757e-04 3.620269999633172198e-01 -1.455228000373021136e-01 2.861499620527541664e-04 9.893548568574890290e-01 -5.030794578731522648e+01
9.895569584268695262e-01 2.900376485114553211e-03 1.441131980257441270e-01 -3.517426469736660177e+00 -2.832549230849053593e-03 9.999957599533298991e-01 -6.758255818605800238e-04 3.606689062307134597e-01 -1.441145471276844003e-01 2.605601789900060974e-04 9.895609781183651865e-01 -4.975417721840785390e+01
9.898003962404996470e-01 2.837034198426634062e-03 1.424328853850359844e-01 -3.440378860242072179e+00 -2.779502723788552197e-03 9.999959554424494579e-01 -6.028792177379430853e-04 3.570960626224415346e-01 -1.424340196959922034e-01 2.008374957174084078e-04 9.898042784801155403e-01 -4.920058367925398102e+01
9.899146103134229824e-01 2.652671954503830684e-03 1.416404872186116382e-01 -3.355764648869869138e+00 -2.602957461288500814e-03 9.999964685094251404e-01 -5.362659163037789087e-04 3.524797416256653659e-01 -1.416414095541223273e-01 1.621733025360024016e-04 9.899180192315630844e-01 -4.864061000606672280e+01
9.900735229925390346e-01 2.789987932296562716e-03 1.405227207126302780e-01 -3.269815102445502664e+00 -2.745664056743478063e-03 9.999961009652401644e-01 -5.092967746403757271e-04 3.525987864596892285e-01 -1.405235937415128533e-01 1.184130685004628630e-04 9.900773230310425665e-01 -4.808655341063654021e+01
9.901218608607811333e-01 2.797341580213171842e-03 1.401815805506115842e-01 -3.190760206979145419e+00 -2.761932514880056921e-03 9.999960858893929272e-01 -4.471405562534093328e-04 3.491485013987415398e-01 -1.401822826692704638e-01 5.555157431393862059e-05 9.901257114829689066e-01 -4.753439549430559197e+01
9.901163866168255501e-01 2.771320306088728442e-03 1.402207571531475516e-01 -3.113809919283316408e+00 -2.738219478990556923e-03 9.999961590522852273e-01 -4.289927291199534341e-04 3.476387258650919243e-01 -1.402214074488121465e-01 4.079752224558591089e-05 9.901201721147976365e-01 -4.698442027578726510e+01
9.901018520471632778e-01 2.719217754684499690e-03 1.403243686163587189e-01 -3.044273670246698149e+00 -2.696353700763435852e-03 9.999963025058781207e-01 -3.530598995829664632e-04 3.433258642569097518e-01 -1.403248098145780109e-01 -2.879887016533073225e-05 9.901055231242413823e-01 -4.644274097370153953e+01
9.900412947584447121e-01 2.864949329576080717e-03 1.407480967486286205e-01 -2.967300950225127742e+00 -2.823650117630969233e-03 9.999958919021545434e-01 -4.931316535219109091e-04 3.499875969089333849e-01 -1.407489313388757546e-01 9.079732079860530921e-05 9.900453171864462831e-01 -4.588889073378335581e+01
9.899880442107392708e-01 2.744433371137867516e-03 1.411245563510002965e-01 -2.893256095946509454e+00 -2.724352592571389290e-03 9.999962326660409850e-01 -3.354946743844137470e-04 3.415868633118726017e-01 -1.411249454304469020e-01 -5.233733443339003599e-05 9.899917913993311336e-01 -4.534386739994680227e+01
9.900225988054002224e-01 2.660872297593152268e-03 1.408835462827984497e-01 -2.804305240787450249e+00 -2.637773351522746182e-03 9.999964595748865870e-01 -3.506985005948796584e-04 3.418317901872272579e-01 -1.408839806590781729e-01 -2.441942309668713204e-05 9.900261124825668890e-01 -4.480665564744322893e+01
9.899630565262768078e-01 2.580774809213329680e-03 1.413028177869631308e-01 -2.732067506805593293e+00 -2.573959667386057238e-03 9.999966606793138091e-01 -2.310018440465573032e-04 3.357460656008592337e-01 -1.413029420952806592e-01 -1.350244622761079369e-04 9.899663935324332087e-01 -4.427067569832074412e+01
9.899217907056327981e-01 2.620098390290607950e-03 1.415909014399532317e-01 -2.653741364992646012e+00 -2.606271980769841057e-03 9.999965635953191878e-01 -2.830970061987869301e-04 3.380296333129939601e-01 -1.415911566183269965e-01 -8.878050383518743850e-05 9.899252176227790745e-01 -4.374381173886034446e+01
9.898172528633721878e-01 2.598840607423609506e-03 1.423202443839397258e-01 -2.586879639658168362e+00 -2.540332116434743104e-03 9.999965976456294259e-01 -5.927983665435368000e-04 3.542547757149906440e-01 -1.423213007485012171e-01 2.252213630466545649e-04 9.898204870725763049e-01 -4.320251986546816170e+01
9.897554178961016635e-01 2.520009647502246836e-03 1.427510500721082543e-01 -2.499032489215953223e+00 -2.508542560070458217e-03 9.999968197241103640e-01 -2.602996146428367043e-04 3.378895741865943214e-01 -1.427512520419256248e-01 -1.004641307316174318e-04 9.897585917522621068e-01 -4.267525265596274409e+01
9.896899671612744420e-01 2.503192654210869075e-03 1.432044095929015937e-01 -2.418557792428118081e+00 -2.483749978295694827e-03 9.999968660229102690e-01 -3.145320380440984873e-04 3.386273068174798784e-01 -1.432047481278499457e-01 -4.439474681518446389e-05 9.896930828002918901e-01 -4.214478308141745799e+01
9.895995636452662447e-01 2.544271209894425050e-03 1.438270847827667343e-01 -2.355817650039007560e+00 -2.498141851425215217e-03 9.999967539793497284e-01 -5.013163212761325652e-04 3.475446406655064990e-01 -1.438278934017627186e-01 1.368019529187985907e-04 9.896027073350379677e-01 -4.160681237533294308e+01
9.895834795675438889e-01 2.625991723107604005e-03 1.439362398232727769e-01 -2.266231466731995159e+00 -2.578041843263061909e-03 9.999965418312951604e-01 -5.196399763538176895e-04 3.483231023550417693e-01 -1.439371066377496400e-01 1.431534868962628401e-04 9.895868273374662794e-01 -4.108591567544831946e+01
9.895487364317980816e-01 2.517680123874306650e-03 1.441768341760412686e-01 -2.194416358290427471e+00 -2.488115445475692303e-03 9.999968303828027372e-01 -3.853646041175875711e-04 3.419553807528338263e-01 -1.441773474154724455e-01 2.260844907690307600e-05 9.895518642199084836e-01 -4.055570361065299068e+01
9.894651867809058920e-01 2.625590559742634316e-03 1.447471948703654421e-01 -2.110450189755937345e+00 -2.568452432004090635e-03 9.999965323818347240e-01 -5.816153459948735470e-04 3.514470655648954112e-01 -1.447482200261250018e-01 2.037118522688986582e-04 9.894684993979089294e-01 -4.002318038857801952e+01
9.893539721010761179e-01 2.538438331287731688e-03 1.455069559116038691e-01 -2.054330282909434757e+00 -2.488604922191395025e-03 9.999967658654026481e-01 -5.245038383080393623e-04 3.491680682875961672e-01 -1.455078167431716751e-01 1.568106291176155987e-04 9.893570895672917365e-01 -3.949076183322973321e+01
9.892963025931027499e-01 2.482056939114847798e-03 1.458995033198097480e-01 -1.976302058473669021e+00 -2.452559488723724240e-03 9.999969194892046609e-01 -3.820524248493009428e-04 3.394301908218229635e-01 -1.459000021506869638e-01 2.013584003306479234e-05 9.892993424474604280e-01 -3.896835477627298872e+01
9.892244229548948775e-01 2.618828745990917171e-03 1.463836833993270858e-01 -1.905962079746124527e+00 -2.572988987326813633e-03 9.999965636103002042e-01 -5.024890664655930726e-04 3.468403766642336183e-01 -1.463844963007570332e-01 1.204308515047666642e-04 9.892277618118001659e-01 -3.842320228145901950e+01
9.891615141454442872e-01 2.601476078483652438e-03 1.468084849581426377e-01 -1.813176951110042845e+00 -2.551147507644892839e-03 9.999966047826415183e-01 -5.311022347158275963e-04 3.477842204341662358e-01 -1.468093681611849499e-01 1.508157901554489091e-04 9.891647924763148358e-01 -3.789878303199044041e+01
9.891250051038312785e-01 2.566525954163309618e-03 1.470548782695505485e-01 -1.737021495046571440e+00 -2.525598191901924031e-03 9.999967025442511037e-01 -4.650316093355298143e-04 3.439659163092275707e-01 -1.470555868782916775e-01 8.857285828951449807e-05 9.891282255212061614e-01 -3.736620074889033560e+01
9.890779923211825420e-01 2.451945043011613447e-03 1.473727012421395532e-01 -1.655814297525597611e+00 -2.449930254255186252e-03 9.999969798669273713e-01 -1.951890707247728985e-04 3.301194803842462111e-01 -1.473727347498449414e-01 -1.679956252289329104e-04 9.890810122683690864e-01 -3.682518322959176515e+01
9.890219957723604960e-01 2.662748151980902627e-03 1.477443794218114004e-01 -1.575705402830310131e+00 -2.581014893230298719e-03 9.999963917201343255e-01 -7.449220312153207683e-04 3.584528227828804869e-01 -1.477458298585038743e-01 3.554138303286139239e-04 9.890252996968436072e-01 -3.628449776732637844e+01
9.889895501788852350e-01 2.692685351537887992e-03 1.479608701061328468e-01 -1.489393018748888409e+00 -2.632992871864631070e-03 9.999963540867742307e-01 -5.993010057830434239e-04 3.510760645646879841e-01 -1.479619443826790670e-01 2.031225158267893746e-04 9.889930342301408439e-01 -3.575265850966065528e+01
9.889634166483367572e-01 2.500578257218786897e-03 1.481388120636442929e-01 -1.419857197534083015e+00 -2.493286970532765205e-03 9.999968641613499187e-01 -2.349203038770455228e-04 3.307038819028148002e-01 -1.481389349608358830e-01 -1.370249835861777775e-04 9.889665500778188623e-01 -3.521941453943601630e+01
9.889473994527601119e-01 2.455589166695682640e-03 1.482464542492239468e-01 -1.336604355194075389e+00 -2.439227720215849174e-03 9.999969823965176863e-01 -2.921745841414642828e-04 3.331986420475031019e-01 -1.482467243609509877e-01 -7.266156545552492031e-05 9.889504049428086141e-01 -3.468543617643518218e+01
9.888902608539085204e-01 2.487637060657453460e-03 1.486265913292205698e-01 -1.258613206947029939e+00 -2.456014549513075521e-03 9.999969054652307898e-01 -3.962984922302785701e-04 3.382185542281521129e-01 -1.486271172458824008e-01 2.686664860851120272e-05 9.888933103714282469e-01 -3.415281480769764499e+01
9.888310446711089385e-01 2.476131613990917909e-03 1.490202464998413578e-01 -1.180518259101997147e+00 -2.442374091611433044e-03 9.999969335410908711e-01 -4.095329190678149035e-04 3.384739691269030293e-01 -1.490208035927866881e-01 4.099567501227415400e-05 9.888340601010437991e-01 -3.361949469295514348e+01
9.888255030814362412e-01 2.500171192784344729e-03 1.490566120631732772e-01 -1.093461204942693721e+00 -2.460788126412832670e-03 9.999968716154074011e-01 -4.486437286121170180e-04 3.416764886367882892e-01 -1.490572674428907729e-01 7.683361952082735338e-05 9.888285620465528947e-01 -3.308385376608592310e+01
9.887228131565218847e-01 2.550180743326659321e-03 1.497354177275029008e-01 -1.013224803972045507e+00 -2.508714522697334196e-03 9.999967446781252711e-01 -4.658160536641042207e-04 3.417878937267854744e-01 -1.497361182056521633e-01 8.491954197710412404e-05 9.887259922209865604e-01 -3.255121504771526730e+01
9.886656907256029525e-01 2.556972875077473395e-03 1.501120044226392780e-01 -9.301432834746414802e-01 -2.509428832433498180e-03 9.999967232871697087e-01 -5.061441085892266246e-04 3.432986570441668439e-01 -1.501128067454649551e-01 1.237119227325065413e-04 9.886688676935058151e-01 -3.200641579812603510e+01
9.885920400161364308e-01 2.536944131575219648e-03 1.505966212476459176e-01 -8.556658283791969133e-01 -2.507748891760710162e-03 9.999967819505458655e-01 -3.837760391355341753e-04 3.369674948873524478e-01 -1.505971102386414462e-01 1.739427401618929940e-06 9.885952206968962042e-01 -3.146051150886540171e+01
9.885194752335343393e-01 2.444725040764883679e-03 1.510737250599621662e-01 -7.709372152426181568e-01 -2.412172223299310220e-03 9.999970112129679123e-01 -3.987358730297678325e-04 3.376176592650578234e-01 -1.510742483323452567e-01 2.974233270417372802e-05 9.885224178571827558e-01 -3.091712709925214497e+01
9.884653497244471065e-01 2.476779719872144233e-03 1.514269393349337023e-01 -6.896683465023158988e-01 -2.431534004892791419e-03 9.999969267064988676e-01 -4.839627467196796324e-04 3.402314899740579435e-01 -1.514276726246213955e-01 1.101806534401431731e-04 9.884683342544231532e-01 -3.038516065084345286e+01
9.883435476367355976e-01 2.415241492322432650e-03 1.522208870469668185e-01 -6.128216323073728544e-01 -2.364219073922451796e-03 9.999970720076269970e-01 -5.161824709283621823e-04 3.427068901958250091e-01 -1.522216880506919445e-01 1.502820899393995512e-04 9.883463639343705864e-01 -2.984428209605487936e+01
9.882962753292806601e-01 2.567342517203911011e-03 1.525250173665622933e-01 -5.266999799287032102e-01 -2.529485135859620148e-03 9.999967030570428017e-01 -4.422442673068415408e-04 3.382600973745351070e-01 -1.525256498927909654e-01 5.125859788962850209e-05 9.882995110275719641e-01 -2.930477406241551819e+01
9.882451458754603069e-01 2.429387546195435101e-03 1.528582013820016516e-01 -4.519179197869455100e-01 -2.380138792553595194e-03 9.999970398656988779e-01 -5.051724142565456460e-04 3.403826565660283965e-01 -1.528589761607684061e-01 1.354104513499468170e-04 9.882480028166469310e-01 -2.875901592060281331e+01
9.882083625732946963e-01 2.504216127403103773e-03 1.530946146727408252e-01 -3.702582054630416675e-01 -2.459065111309804985e-03 9.999968592343927432e-01 -4.842727831878431387e-04 3.390638398127995834e-01 -1.530953465621541221e-01 1.020927884417154778e-04 9.882114168729667636e-01 -2.821689190526036484e+01
9.882132439046149575e-01 2.535543300144806056e-03 1.530625871716892739e-01 -2.857855765913232537e-01 -2.488669171286516865e-03 9.999967793398444327e-01 -4.978309897087785773e-04 3.388416467707417445e-01 -1.530633564811440250e-01 1.110410352848189403e-04 9.882163713340387234e-01 -2.767958206308793478e+01
9.881952567662188880e-01 2.506954099741863680e-03 1.531791424636148313e-01 -1.970950309695932989e-01 -2.478343121380357193e-03 9.999968575653687131e-01 -3.777231265605945259e-04 3.343831368710083463e-01 -1.531796080427134388e-01 -6.366272025555834869e-06 9.881983645196703581e-01 -2.713024215190442590e+01
9.882098371387489921e-01 2.412721696097813121e-03 1.530865655641417133e-01 -1.005544138013698824e-01 -2.342297915740696509e-03 9.999970517761067601e-01 -6.403745531049960266e-04 3.478897926032918919e-01 -1.530876592762493160e-01 2.742500893828965633e-04 9.882125749878957199e-01 -2.658479496073597659e+01
9.881929391483322833e-01 2.594281813182718575e-03 1.531926392463237030e-01 -2.134043157880555902e-02 -2.559558608313456003e-03 9.999966344869583024e-01 -4.238802748044673361e-04 3.359426548243027999e-01 -1.531932233393863418e-01 2.676995609284364979e-05 9.881962535884551979e-01 -2.604662435765534312e+01
9.881729837933330707e-01 2.510881634059602529e-03 1.533226975186674501e-01 6.467656815222276590e-02 -2.429101755021893880e-03 9.999967900174029367e-01 -7.207076757972689582e-04 3.507176692165280274e-01 -1.533240149671433739e-01 3.397474208080592407e-04 9.881759109622361148e-01 -2.550357401958039461e+01
9.881559530168475547e-01 2.428077663987926547e-03 1.534337542922788733e-01 1.430919629391710080e-01 -2.344371503282472163e-03 9.999969880740685602e-01 -7.264743945056759133e-04 3.511027218005277617e-01 -1.534350560974263311e-01 3.581642764406303778e-04 9.881586690803915163e-01 -2.496494530226406283e+01
9.881722457772664781e-01 2.568378405853495843e-03 1.533265016488603028e-01 2.334368860936785195e-01 -2.512306516190932187e-03 9.999966876610223432e-01 -5.594487932998286469e-04 3.428638309327461942e-01 -1.533274306557124711e-01 1.676286012752821019e-04 9.881754251696253100e-01 -2.442244429525177196e+01
9.881606194742760252e-01 2.518817093384824631e-03 1.534022349272174679e-01 3.134869454195662875e-01 -2.426184575991769538e-03 9.999967439288471871e-01 -7.910500027836053338e-04 3.532581458044271039e-01 -1.534037279488942584e-01 4.095023244826943051e-04 9.881635130681702961e-01 -2.387825979342937188e+01
9.881643135162161418e-01 2.487697931141546331e-03 1.533789452696447952e-01 3.913033243373735814e-01 -2.416190026517571476e-03 9.999968680548869671e-01 -6.526148732717494379e-04 3.461932448605220536e-01 -1.533800884038767909e-01 2.742980503987504622e-04 9.881672293907537430e-01 -2.333398074655387688e+01
9.881517343597792102e-01 2.494456868993092692e-03 1.534598565315669072e-01 4.695368463278777327e-01 -2.442765920530731022e-03 9.999968784270911737e-01 -5.253862682982422122e-04 3.395866291578781282e-01 -1.534606880488220138e-01 1.442948445228733434e-04 9.881547431463252318e-01 -2.279402791221758307e+01
9.881876798245594617e-01 2.429396975513181851e-03 1.532292644154159000e-01 5.629845236205794912e-01 -2.375455077843673622e-03 9.999970354314654530e-01 -5.351088240902162740e-04 3.407997486444450663e-01 -1.532301101485188388e-01 1.647987131015085779e-04 9.881905211978391224e-01 -2.225662140504498865e+01
9.882210111615796766e-01 2.414047485274100745e-03 1.530143962950014647e-01 6.405780164339952565e-01 -2.384403525772471350e-03 9.999970861515540266e-01 -3.772376276163884323e-04 3.327386565562291953e-01 -1.530148611037869255e-01 7.946083791515279153e-06 9.882238876986573217e-01 -2.171552984209183990e+01
9.882844167819307968e-01 2.412793064803109809e-03 1.526043576560818238e-01 7.258362986117276039e-01 -2.388770767127267221e-03 9.999970888249541945e-01 -3.407577419331983266e-04 3.319714306288116257e-01 -1.526047355760004609e-01 -2.777126225470379550e-05 9.882873033225388903e-01 -2.117347437876727767e+01
9.883391497860097852e-01 2.552535769397169980e-03 1.522471988622884354e-01 8.110334584912851641e-01 -2.524193510306275631e-03 9.999967422321220933e-01 -3.794367738017810372e-04 3.308152249517806731e-01 -1.522476714021918087e-01 -9.289172913698657587e-06 9.883423731006990565e-01 -2.063498220908549996e+01
9.884141766682219554e-01 2.467953655040334635e-03 1.517607477776695690e-01 8.988160789381712812e-01 -2.434343166018139611e-03 9.999969540496442821e-01 -4.072650043793705891e-04 3.318519885392338109e-01 -1.517612906331219924e-01 3.310876476704305077e-05 9.884171738538231056e-01 -2.010023544482540103e+01
9.884788424375878790e-01 2.580232220745315701e-03 1.513371086512929897e-01 9.780903021480316095e-01 -2.551284880242585869e-03 9.999966711823112808e-01 -3.854474754526639180e-04 3.309006151719015021e-01 -1.513375994216442921e-01 -5.097402765733520654e-06 9.884821348791845708e-01 -1.956974325146042304e+01
9.886259206120270315e-01 2.477081744691180150e-03 1.503750416793031286e-01 1.071605955454569381e+00 -2.474587469299287246e-03 9.999969174549385720e-01 -2.037092968487159614e-04 3.223975447141193551e-01 -1.503750827460414718e-01 -1.707239027006710063e-04 9.886290028835236221e-01 -1.905749422487738087e+01
9.887106948520619776e-01 2.444172840059168159e-03 1.498171816057183581e-01 1.153078443181505985e+00 -2.433082912721963153e-03 9.999970069434096498e-01 -2.573164628272458761e-04 3.258744236000232219e-01 -1.498173621203253425e-01 -1.101060858382355327e-04 9.887136824601736595e-01 -1.852971009301685967e+01
9.887727614454806524e-01 2.434009657019457502e-03 1.494071679019054188e-01 1.217084483925103155e+00 -2.428818976240534281e-03 9.999970268251971994e-01 -2.172076115922606093e-04 3.233132886360358116e-01 -1.494072523737026426e-01 -1.481139946654465615e-04 9.887757334200639736e-01 -1.802089638002842520e+01
9.888177694085302782e-01 2.470469240375838902e-03 1.491084024583157197e-01 1.292584249015944708e+00 -2.467718915756117893e-03 9.999969344793224746e-01 -2.034583752218722117e-04 3.213842249742046575e-01 -1.491084480010824997e-01 -1.667743684901861585e-04 9.888208345908870989e-01 -1.750255165079317976e+01
9.888352577807215660e-01 2.528118421223453025e-03 1.489914144740635826e-01 1.361106319138547738e+00 -2.506737502626437200e-03 9.999968032506837412e-01 -3.312936858720507511e-04 3.273055781429166089e-01 -1.489917757355313233e-01 -4.588748896107978535e-05 9.888384340515449233e-01 -1.698598140091933217e+01
9.889455908121190797e-01 2.501259033686726186e-03 1.482577556707072308e-01 1.450806028241133472e+00 -2.484440073085741104e-03 9.999968691820424471e-01 -2.986362945037615113e-04 3.268149668488115056e-01 -1.482580384693928666e-01 -7.300246262809542230e-05 9.889487088316807339e-01 -1.646646972447132740e+01
9.890366914270799503e-01 2.491581211506100485e-03 1.476489587976886064e-01 1.514846477295184846e+00 -2.507065729308664837e-03 9.999968540066896949e-01 -8.122901102912458528e-05 3.164849073261660761e-01 -1.476486966837296799e-01 -2.898271722536530071e-04 9.890398264821321783e-01 -1.597549004954931284e+01
9.891774487656209702e-01 2.556114487180042357e-03 1.467018784210537830e-01 1.592329399202804030e+00 -2.549585611677699423e-03 9.999967227646571200e-01 -2.325363505197413630e-04 3.242545392128461379e-01 -1.467019920340073280e-01 -1.440092844760239646e-04 9.891807240310438454e-01 -1.547153073402442480e+01
9.892756628952756870e-01 2.518058449876974750e-03 1.460387694578249851e-01 1.659321325911482958e+00 -2.500660908770021510e-03 9.999968275256243544e-01 -3.027105977777176595e-04 3.260411279552083430e-01 -1.460390683965496483e-01 -6.572921466608340523e-05 9.892788212539164183e-01 -1.497148267773910923e+01
9.894777500230874656e-01 2.649214322620703586e-03 1.446608581224421708e-01 1.732785992815276677e+00 -2.647305778601694807e-03 9.999964747263293541e-01 -2.056867238828132384e-04 3.216336308286375512e-01 -1.446608930615427280e-01 -1.794390888878349055e-04 9.894812751236126136e-01 -1.447741736869705420e+01
9.896416366406959320e-01 2.527352166189277688e-03 1.435376031503690919e-01 1.801179424856997002e+00 -2.510318036733343028e-03 9.999968042143503322e-01 -2.997739826195424057e-04 3.269894188827903725e-01 -1.435379020693810792e-01 -6.365621935594074833e-05 9.896448184158832539e-01 -1.399919878871545365e+01
9.898061059344129831e-01 2.542816081916461721e-03 1.423987596200442796e-01 1.874879057938105609e+00 -2.532442161631247215e-03 9.999967610839693988e-01 -2.540831924159984989e-04 3.252845548814038978e-01 -1.423989444892468370e-01 -1.091235273571296500e-04 9.898093395702043384e-01 -1.351458128263146286e+01
9.900068826457906201e-01 2.516401320092716797e-03 1.409965958396160457e-01 1.944158513340308092e+00 -2.524367645891719032e-03 9.999968062932599322e-01 -1.223571362200154592e-04 3.193128621797575173e-01 -1.409964534374966716e-01 -2.347928377197537250e-04 9.900100731762132567e-01 -1.303530867181288500e+01
9.903235638475369473e-01 2.868781565696547700e-03 1.387480053213084041e-01 2.020581680255206347e+00 -2.903069868237626201e-03 9.999957850824896521e-01 4.475036580319746954e-05 3.130154138081477910e-01 -1.387472921308867957e-01 -4.471124952720675503e-04 9.903277179887286508e-01 -1.254097198773687971e+01
9.906243593228658550e-01 2.763220988748715540e-03 1.365860290290660806e-01 2.097105846959732567e+00 -2.785109796913977104e-03 9.999961210985549576e-01 -3.084255618989625012e-05 3.173830743959849543e-01 -1.365855844501193128e-01 -3.498537001049333494e-04 9.906282126624538220e-01 -1.206737122573848886e+01
9.909523796039108046e-01 2.746888450709419720e-03 1.341858262305899163e-01 2.149859567649451630e+00 -2.767890606583769605e-03 9.999961689324342595e-01 -3.003405225336885876e-05 3.172308145097171295e-01 -1.341853946558145549e-01 -3.416493724107077081e-04 9.909561862851301584e-01 -1.158387705211754870e+01
9.913662365094937368e-01 2.660738898776434519e-03 1.310950249914736576e-01 2.227274998092621416e+00 -2.729139625496004168e-03 9.999962173739522786e-01 3.421033349179346001e-04 3.059060625733497352e-01 -1.310936188603667729e-01 -6.969263230445594745e-04 9.913697480697063469e-01 -1.111811025362387539e+01
9.918792910944546071e-01 2.650219039959063067e-03 1.271552131727300972e-01 2.294994990432818849e+00 -2.689911606980890154e-03 9.999963723189289055e-01 1.404440414493558689e-04 3.132748481572637522e-01 -1.271543796866974607e-01 -4.813398200726832707e-04 9.918828217276820514e-01 -1.066119265158407003e+01
9.924679398213327453e-01 2.782315842818242329e-03 1.224730466076119212e-01 2.356794433691736135e+00 -2.798954084190400943e-03 9.999960822653521930e-01 -3.619366852458268092e-05 3.182943932425758571e-01 -1.224726674929311337e-01 -3.068753783704478936e-04 9.924718391695898090e-01 -1.019460275068506228e+01
9.930270081629727352e-01 2.744543508989587786e-03 1.178551167316150977e-01 2.385050073990617747e+00 -2.827731995519015308e-03 9.999958568879154797e-01 5.386453055179238163e-04 2.992208181196630568e-01 -1.178531501091798356e-01 -8.681520206171105224e-04 9.930306547742684398e-01 -9.737538495524074023e+00
9.935831176337607262e-01 2.742346532652109592e-03 1.130710745003830481e-01 2.425373670403351944e+00 -2.761473869616845080e-03 9.999961870451575807e-01 1.253848904962586320e-05 3.180303393462431960e-01 -1.130706089806000209e-01 -3.247008486826514226e-04 9.935869020644924055e-01 -9.289894927876906294e+00
9.943228681233842181e-01 2.904402266397910180e-03 1.063654002688938643e-01 2.461970959148028104e+00 -2.939885085008816547e-03 9.999956628994891572e-01 1.767990335036431640e-04 3.138572880963967360e-01 -1.063644254559484165e-01 -4.884973758862984957e-04 9.943270942540687329e-01 -8.849653092932397769e+00
9.950220893445154147e-01 2.946107708410449118e-03 9.961105443596898756e-02 2.499865407069751022e+00 -2.982694306619263977e-03 9.999955279143415421e-01 2.183712220198967438e-04 3.138594213620533591e-01 -9.960996562166052337e-02 -5.143935145294588947e-04 9.950264268591884065e-01 -8.430263134792541635e+00
9.959020828871330000e-01 2.800127581483961153e-03 9.039469335418721940e-02 2.558900282038397034e+00 -2.814872140156964540e-03 9.999960376049059629e-01 3.562754683501676489e-05 3.222059093193417323e-01 -9.039423541302120391e-02 -2.899310520418856658e-04 9.959060187307235967e-01 -8.003528102659860366e+00
9.967239077454197460e-01 3.039710798898248491e-03 8.082210023848131197e-02 2.595769183196094509e+00 -3.074763743619654457e-03 9.999952250847222723e-01 3.092501843437972346e-04 3.151388896862202249e-01 -8.082077428867519286e-02 -5.567459157066168528e-04 9.967284948657605392e-01 -7.591265779370418798e+00
9.975205576667111051e-01 2.970931143753310043e-03 7.031294760165243685e-02 2.626926886244138615e+00 -2.995308721451845659e-03 9.999954849474046448e-01 2.412684568392481745e-04 3.176925100926456524e-01 -7.031191334302344664e-02 -4.512792307958898462e-04 9.975249526648940490e-01 -7.174918346416532700e+00
9.981765404219864468e-01 2.965820738512355524e-03 6.028928643251105224e-02 2.659494609110985230e+00 -2.988428779487315411e-03 9.999954940728379427e-01 2.848288092651193176e-04 3.162894398317881994e-01 -6.028817002218829491e-02 -4.644796741144407645e-04 9.981809058552503222e-01 -6.770524160339015829e+00
9.988295015313722880e-01 2.965180376550408461e-03 4.827871762924978993e-02 2.683475542210451703e+00 -2.980571989323389272e-03 9.999955276254240966e-01 2.468192985712738341e-04 3.203532850851315006e-01 -4.827776984499983215e-02 -3.904285904064636915e-04 9.988338723252776497e-01 -6.353555170402395369e+00
9.993052492959995092e-01 3.023670528872393799e-03 3.714668418571172304e-02 2.706303448432172409e+00 -3.038094515352602470e-03 9.999953299154027420e-01 3.318570484617728070e-04 3.183679634387933111e-01 -3.714550728117683998e-02 -4.444816280318724809e-04 9.993097686527968593e-01 -5.978030847045242346e+00
9.997279313521719724e-01 2.968613570534764552e-03 2.313548373766291522e-02 2.723011558484274008e+00 -2.988538842759934540e-03 9.999951925772325723e-01 8.267151921517415687e-04 3.034704080701077777e-01 -2.313291831767327195e-02 -8.956315606633204890e-04 9.997319970543182555e-01 -5.588788725406310220e+00
9.999615985384573413e-01 2.895446967056955218e-03 8.271507436623800474e-03 2.745811700266588939e+00 -2.899888400524126223e-03 9.999956574950007449e-01 5.250127670782195680e-04 3.115282005499947493e-01 -8.269951370937302787e-03 -5.489790542909495606e-04 9.999656526732907391e-01 -5.210665013359875530e+00
9.999694103278412571e-01 2.986594833340353288e-03 -7.229015139769541520e-03 2.750917785469865873e+00 -2.981341718919185233e-03 9.999952839559724804e-01 7.373380289236772895e-04 3.086249503731935406e-01 7.231183177363476738e-03 -7.157633095722090244e-04 9.999735984878501682e-01 -4.848060773584874639e+00
9.997400173099866283e-01 2.985662257132622524e-03 -2.260494658064992127e-02 2.749604210363054246e+00 -2.971143579029369465e-03 9.999953577641792490e-01 6.758372022937623493e-04 3.131802375059964394e-01 2.260685946478403416e-02 -6.084989544324990313e-04 9.997442471123112462e-01 -4.479153741760573126e+00
9.992597244159198144e-01 3.024516744412663986e-03 -3.835173345082010243e-02 2.720354923283347492e+00 -2.988107730007798397e-03 9.999950289418386706e-01 1.006629924586107316e-03 3.031992300990620781e-01 3.835458737118487005e-02 -8.912856298471374603e-04 9.992637946195750409e-01 -4.106720587296765146e+00
9.985981876577874061e-01 3.131381024400655896e-03 -5.283799825374248943e-02 2.708492425532874393e+00 -3.071668557654345065e-03 9.999945488187795828e-01 1.211274121491721228e-03 2.988073915330636265e-01 5.284150318503807314e-02 -1.047275324592995566e-03 9.986023626827347233e-01 -3.753314382050091158e+00
9.975339093784192368e-01 3.222167777040707125e-03 -7.011217636776211071e-02 2.698077842776859026e+00 -3.132346620210388084e-03 9.999941267278040780e-01 1.391012058647037161e-03 2.961524861986161161e-01 7.011624665409889323e-02 -1.167966058173547676e-03 9.975381435365910932e-01 -3.400084226536043364e+00
9.961364026899415247e-01 3.147638760985665453e-03 -8.776308794802678559e-02 2.668224178018986592e+00 -3.044382320603180279e-03 9.999945073287229702e-01 1.310362037970314421e-03 3.024207867739688305e-01 8.776673044057606288e-02 -1.038114933374694729e-03 9.961405138559300543e-01 -3.040964490944372933e+00
9.943319642507448819e-01 3.121618619357003667e-03 -1.062741754446994008e-01 2.645776078466135051e+00 -2.999095370089108030e-03 9.999946411160047788e-01 1.312694265235874163e-03 3.051067781217570163e-01 1.062777036645813772e-01 -9.865274796764396913e-04 9.943359977730441557e-01 -2.694004454346224708e+00
9.924442427651128940e-01 2.851967663865438707e-03 -1.226633249297684192e-01 2.612825488847215105e+00 -2.725936312828959769e-03 9.999955702960851012e-01 1.195265420740853658e-03 3.084648116593055045e-01 1.226661904258874447e-01 -8.518618737120871439e-04 9.924476208131832733e-01 -2.365075149892081896e+00
9.898355135075825872e-01 3.065068723066443311e-03 -1.421839004701419273e-01 2.577433381601564655e+00 -2.890059223679101660e-03 9.999947907628887744e-01 1.437360347994463480e-03 3.051753923219230891e-01 1.421875654087373653e-01 -1.011830425140132321e-03 9.898392154498258932e-01 -2.032609208386566557e+00
9.872539572240349726e-01 2.811526162167682016e-03 -1.591279964874905140e-01 2.538230509126096379e+00 -2.685880023873255668e-03 9.999958883488082595e-01 1.004656147779106699e-03 3.204050551645045153e-01 1.591301668257175950e-01 -5.644520505396535262e-04 9.872574494020807112e-01 -1.705535322919113916e+00
9.839295251896709171e-01 3.082811167266218209e-03 -1.785306296839165030e-01 2.482159545218763697e+00 -2.816305578375415553e-03 9.999945096102268449e-01 1.746187931243560736e-03 3.000925170156593658e-01 1.785350326488276684e-01 -1.215329053790720811e-03 9.839328051713557288e-01 -1.384397955498135824e+00
