1680180212.1831 0.0000 0.0000 0.0000 0.0000 0.0000 0.0000 1.0000
1680180212.3061 0.4835 0.0145 -0.0030 -0.0003 0.0006 0.0007 1.0000
1680180212.4072 1.1958 0.0524 -0.0076 -0.0007 0.0011 0.0000 1.0000
1680180212.5081 1.8059 0.0946 -0.0167 -0.0008 0.0007 -0.0006 1.0000
1680180212.5893 2.2374 0.1091 -0.0207 -0.0015 -0.0007 0.0003 1.0000
1680180212.6906 2.6250 0.1031 -0.0319 -0.0020 -0.0017 0.0029 1.0000
1680180212.7916 3.0683 0.0916 -0.0320 -0.0020 -0.0017 0.0044 1.0000
1680180212.9145 3.6204 0.1104 -0.0360 -0.0026 -0.0008 0.0051 1.0000
1680180212.9970 4.1667 0.1501 -0.0523 -0.0033 0.0006 0.0050 1.0000
1680180213.1004 4.6448 0.1774 -0.0769 -0.0033 0.0002 0.0052 1.0000
1680180213.2013 5.0897 0.1887 -0.0824 -0.0043 -0.0029 0.0063 1.0000
1680180213.2823 5.5308 0.1940 -0.0765 -0.0058 -0.0055 0.0073 0.9999
1680180213.4042 6.0258 0.2122 -0.0874 -0.0061 -0.0044 0.0081 0.9999
1680180213.5052 6.5688 0.2467 -0.1073 -0.0058 -0.0014 0.0083 0.9999
1680180213.6060 7.0793 0.2712 -0.1088 -0.0060 0.0003 0.0083 0.9999
1680180213.6871 7.5471 0.2853 -0.1099 -0.0056 -0.0012 0.0090 0.9999
1680180213.7879 8.0058 0.2852 -0.1003 -0.0053 -0.0034 0.0102 0.9999
1680180213.9096 8.4982 0.2889 -0.1193 -0.0046 -0.0042 0.0111 0.9999
1680180213.9929 9.0020 0.3226 -0.1313 -0.0051 -0.0033 0.0117 0.9999
1680180214.0944 9.5025 0.3631 -0.1280 -0.0058 -0.0020 0.0122 0.9999
1680180214.2203 9.9964 0.3849 -0.1291 -0.0051 -0.0012 0.0126 0.9999
1680180214.3009 10.4824 0.3761 -0.1377 -0.0045 -0.0018 0.0130 0.9999
1680180214.4018 10.9640 0.3752 -0.1406 -0.0040 -0.0038 0.0134 0.9999
1680180214.4826 11.4471 0.3915 -0.1426 -0.0028 -0.0054 0.0137 0.9999
1680180214.6045 11.9510 0.4113 -0.1571 -0.0015 -0.0048 0.0139 0.9999
1680180214.7055 12.4737 0.4448 -0.1723 -0.0005 -0.0024 0.0145 0.9999
1680180214.7864 12.9838 0.4563 -0.1868 0.0010 -0.0012 0.0144 0.9999
1680180214.8871 13.4647 0.4490 -0.1831 0.0026 -0.0025 0.0137 0.9999
1680180215.0116 13.9696 0.4634 -0.1775 0.0033 -0.0047 0.0139 0.9999
1680180215.0976 14.4543 0.4879 -0.1904 0.0028 -0.0055 0.0147 0.9999
1680180215.2028 14.9613 0.5313 -0.2109 0.0019 -0.0049 0.0175 0.9998
1680180215.2840 15.4501 0.5756 -0.1999 0.0002 -0.0044 0.0204 0.9998
1680180215.4255 15.9470 0.6030 -0.1981 -0.0009 -0.0063 0.0229 0.9997
1680180215.5091 16.4346 0.6217 -0.1941 -0.0011 -0.0099 0.0247 0.9996
1680180215.5900 16.9231 0.6626 -0.1922 -0.0006 -0.0119 0.0266 0.9996
1680180215.6929 17.4257 0.7050 -0.1991 -0.0002 -0.0119 0.0281 0.9995
1680180215.8156 17.9266 0.7381 -0.2004 -0.0001 -0.0105 0.0300 0.9995
1680180215.9163 18.4452 0.7800 -0.1950 -0.0006 -0.0100 0.0326 0.9994
1680180215.9969 18.9461 0.8417 -0.1873 -0.0017 -0.0111 0.0348 0.9993
1680180216.0981 19.4490 0.9102 -0.1779 -0.0030 -0.0130 0.0359 0.9993
1680180216.1790 19.9581 0.9655 -0.1618 -0.0049 -0.0144 0.0363 0.9992
1680180216.3029 20.4639 1.0030 -0.1746 -0.0061 -0.0158 0.0370 0.9992
1680180216.4038 20.9589 1.0314 -0.1668 -0.0063 -0.0170 0.0373 0.9991
1680180216.4845 21.4397 1.0868 -0.1639 -0.0052 -0.0190 0.0369 0.9991
1680180216.5913 21.9366 1.1412 -0.1565 -0.0037 -0.0213 0.0364 0.9991
1680180216.7127 22.4279 1.1519 -0.1238 -0.0037 -0.0223 0.0357 0.9991
1680180216.7934 22.9576 1.2042 -0.1210 -0.0038 -0.0226 0.0357 0.9991
1680180216.8941 23.4895 1.2606 -0.1164 -0.0050 -0.0234 0.0363 0.9991
1680180217.0190 23.9792 1.3227 -0.0813 -0.0075 -0.0255 0.0369 0.9990
1680180217.1110 24.4696 1.3759 -0.0646 -0.0085 -0.0282 0.0379 0.9988
1680180217.1922 24.9750 1.4167 -0.0530 -0.0079 -0.0300 0.0390 0.9988
1680180217.2937 25.4747 1.4507 -0.0429 -0.0070 -0.0310 0.0393 0.9987
1680180217.4146 25.9857 1.4874 -0.0206 -0.0063 -0.0320 0.0390 0.9987
1680180217.4958 26.5073 1.5466 -0.0114 -0.0061 -0.0339 0.0377 0.9987
1680180217.5964 26.9983 1.6100 0.0144 -0.0062 -0.0353 0.0369 0.9987
1680180217.6780 27.4930 1.6680 0.0541 -0.0069 -0.0359 0.0382 0.9986
1680180217.8215 28.0040 1.7151 0.0775 -0.0078 -0.0365 0.0409 0.9985
1680180217.9027 28.5275 1.7773 0.1047 -0.0085 -0.0378 0.0442 0.9983
1680180218.0037 29.0281 1.8338 0.1458 -0.0091 -0.0399 0.0472 0.9980
1680180218.0866 29.5053 1.8917 0.1697 -0.0081 -0.0418 0.0497 0.9979
1680180218.1877 29.9796 1.9626 0.1940 -0.0078 -0.0426 0.0518 0.9977
1680180218.3092 30.4934 2.0447 0.2164 -0.0076 -0.0435 0.0536 0.9976
1680180218.3905 30.9949 2.1223 0.2546 -0.0093 -0.0451 0.0552 0.9974
1680180218.4953 31.5002 2.1755 0.3052 -0.0119 -0.0462 0.0574 0.9972
1680180218.6161 31.9749 2.2537 0.3288 -0.0134 -0.0478 0.0600 0.9970
1680180218.6967 32.4471 2.3485 0.3485 -0.0124 -0.0485 0.0632 0.9967
1680180218.8023 32.9291 2.4179 0.4008 -0.0129 -0.0492 0.0664 0.9965
1680180218.8831 33.4256 2.4906 0.4629 -0.0138 -0.0502 0.0694 0.9962
1680180218.9852 33.9110 2.5651 0.5141 -0.0148 -0.0514 0.0715 0.9960
1680180219.1118 34.3710 2.6687 0.5400 -0.0152 -0.0534 0.0728 0.9958
1680180219.1925 34.8653 2.7734 0.5479 -0.0154 -0.0556 0.0746 0.9955
1680180219.2932 35.3598 2.8613 0.5894 -0.0166 -0.0563 0.0773 0.9953
1680180219.4156 35.8338 2.9453 0.6532 -0.0182 -0.0562 0.0804 0.9950
1680180219.5196 36.2980 3.0655 0.6940 -0.0201 -0.0580 0.0832 0.9946
1680180219.6020 36.7652 3.1825 0.7216 -0.0205 -0.0608 0.0856 0.9943
1680180219.6829 37.2218 3.2792 0.7798 -0.0210 -0.0618 0.0883 0.9940
1680180219.8048 37.7144 3.3666 0.8398 -0.0211 -0.0606 0.0910 0.9938
1680180219.9057 38.1969 3.4620 0.8826 -0.0208 -0.0603 0.0935 0.9936
1680180219.9865 38.6545 3.5763 0.9243 -0.0212 -0.0620 0.0958 0.9932
1680180220.0878 39.1143 3.6885 0.9759 -0.0233 -0.0642 0.0986 0.9928
1680180220.2091 39.5841 3.8292 1.0009 -0.0252 -0.0656 0.1014 0.9924
1680180220.3103 40.0488 3.9492 1.0438 -0.0257 -0.0653 0.1042 0.9921
1680180220.3911 40.4996 4.0670 1.1062 -0.0263 -0.0645 0.1064 0.9919
1680180220.4921 40.9448 4.1808 1.1703 -0.0266 -0.0656 0.1083 0.9916
1680180220.6142 41.3967 4.2969 1.2277 -0.0269 -0.0685 0.1099 0.9912
1680180220.6951 41.8612 4.4108 1.2594 -0.0265 -0.0706 0.1112 0.9909
1680180220.7958 42.3364 4.5344 1.2914 -0.0265 -0.0697 0.1133 0.9908
1680180220.8763 42.8028 4.6432 1.3501 -0.0266 -0.0668 0.1154 0.9907
1680180220.9972 43.2445 4.7493 1.4222 -0.0256 -0.0661 0.1173 0.9906
1680180221.0985 43.6781 4.8818 1.4931 -0.0243 -0.0695 0.1195 0.9901
1680180221.1820 44.1226 5.0078 1.5292 -0.0243 -0.0739 0.1218 0.9895
1680180221.3055 44.5828 5.1277 1.5572 -0.0255 -0.0746 0.1245 0.9891
1680180221.4087 45.0588 5.2733 1.6153 -0.0271 -0.0713 0.1276 0.9889
1680180221.4894 45.5140 5.4404 1.6692 -0.0265 -0.0685 0.1312 0.9886
1680180221.5903 45.9535 5.5908 1.7421 -0.0245 -0.0711 0.1360 0.9878
1680180221.7133 46.3590 5.6973 1.8079 -0.0235 -0.0776 0.1407 0.9867
1680180221.7973 46.7893 5.8180 1.8439 -0.0233 -0.0812 0.1451 0.9858
1680180221.8986 47.2689 5.9766 1.8895 -0.0245 -0.0789 0.1498 0.9853
1680180222.0213 47.7667 6.1787 1.9454 -0.0252 -0.0744 0.1549 0.9848
1680180222.1226 48.1940 6.3432 2.0105 -0.0252 -0.0736 0.1598 0.9841
1680180222.2054 48.5788 6.4839 2.0771 -0.0240 -0.0783 0.1653 0.9828
1680180222.3066 48.9870 6.6413 2.1322 -0.0234 -0.0844 0.1707 0.9814
1680180222.3877 49.4392 6.8067 2.1746 -0.0239 -0.0858 0.1756 0.9804
1680180222.5091 49.9199 7.0144 2.2297 -0.0253 -0.0809 0.1800 0.9800
1680180222.6098 50.3963 7.2285 2.3043 -0.0254 -0.0754 0.1837 0.9798
1680180222.6904 50.8131 7.4124 2.3955 -0.0234 -0.0753 0.1875 0.9791
1680180222.7916 51.1937 7.5886 2.4607 -0.0200 -0.0809 0.1922 0.9778
1680180222.9128 51.5927 7.7456 2.4894 -0.0191 -0.0860 0.1969 0.9765
1680180222.9953 52.0600 7.9422 2.5320 -0.0205 -0.0856 0.2018 0.9755
1680180223.0960 52.5275 8.1806 2.5936 -0.0217 -0.0801 0.2061 0.9750
1680180223.1766 52.9736 8.3954 2.6707 -0.0210 -0.0764 0.2109 0.9743
1680180223.2980 53.3516 8.6021 2.7586 -0.0189 -0.0782 0.2153 0.9732
1680180223.3990 53.7400 8.7957 2.8168 -0.0168 -0.0836 0.2203 0.9717
1680180223.5001 54.1655 9.0066 2.8316 -0.0165 -0.0874 0.2251 0.9703
1680180223.5811 54.5898 9.2366 2.8749 -0.0178 -0.0858 0.2295 0.9694
1680180223.7052 55.0241 9.4811 2.9602 -0.0197 -0.0809 0.2342 0.9686
1680180223.7867 55.4418 9.7171 3.0538 -0.0197 -0.0787 0.2388 0.9677
1680180223.8930 55.8362 9.9457 3.1185 -0.0180 -0.0822 0.2433 0.9663
1680180224.0144 56.2025 10.1577 3.1519 -0.0169 -0.0875 0.2482 0.9646
1680180224.0960 56.6011 10.3871 3.1843 -0.0170 -0.0891 0.2534 0.9631
1680180224.1970 57.0373 10.6596 3.2580 -0.0186 -0.0857 0.2585 0.9620
1680180224.2777 57.4518 10.9414 3.3540 -0.0208 -0.0821 0.2631 0.9611
1680180224.4065 57.8535 11.2027 3.4203 -0.0202 -0.0825 0.2679 0.9597
1680180224.5107 58.2307 11.4445 3.4707 -0.0183 -0.0858 0.2732 0.9580
1680180224.5914 58.5970 11.6794 3.5239 -0.0177 -0.0878 0.2779 0.9564
1680180224.7123 58.9898 11.9612 3.5940 -0.0185 -0.0867 0.2827 0.9551
1680180224.7931 59.4142 12.2895 3.6659 -0.0190 -0.0843 0.2883 0.9536
1680180224.8966 59.7911 12.5768 3.7328 -0.0199 -0.0835 0.2951 0.9516
1680180224.9973 60.1549 12.8534 3.7810 -0.0200 -0.0856 0.3027 0.9490
1680180225.1005 60.5237 13.1386 3.8221 -0.0194 -0.0878 0.3101 0.9464
1680180225.2012 60.8977 13.4382 3.8758 -0.0194 -0.0886 0.3170 0.9441
1680180225.3028 61.2692 13.7478 3.9614 -0.0199 -0.0876 0.3236 0.9419
1680180225.3837 61.6333 14.0727 4.0392 -0.0208 -0.0865 0.3307 0.9395
1680180225.5050 61.9922 14.4184 4.1025 -0.0221 -0.0860 0.3383 0.9369
1680180225.6064 62.3421 14.7625 4.1475 -0.0232 -0.0863 0.3462 0.9339
1680180225.7080 62.6748 15.0833 4.1879 -0.0238 -0.0868 0.3531 0.9312
1680180225.7889 63.0106 15.3857 4.2473 -0.0245 -0.0863 0.3589 0.9291
1680180225.8901 63.3569 15.7339 4.3234 -0.0245 -0.0854 0.3634 0.9274
1680180226.0116 63.7082 16.0918 4.3909 -0.0245 -0.0845 0.3680 0.9257
1680180226.1123 64.0335 16.4403 4.4292 -0.0253 -0.0838 0.3729 0.9237
1680180226.2146 64.3558 16.8014 4.4790 -0.0259 -0.0831 0.3777 0.9218
1680180226.2956 64.6701 17.1508 4.5303 -0.0267 -0.0835 0.3824 0.9198
1680180226.3761 64.9880 17.4985 4.5868 -0.0270 -0.0834 0.3872 0.9178
1680180226.4989 65.3186 17.8407 4.6433 -0.0265 -0.0822 0.3922 0.9158
1680180226.6001 65.6241 18.2011 4.7047 -0.0276 -0.0809 0.3967 0.9140
1680180226.7010 65.9328 18.5758 4.7458 -0.0297 -0.0800 0.4015 0.9119
1680180226.7818 66.2355 18.9409 4.7761 -0.0309 -0.0798 0.4066 0.9096
1680180226.9038 66.5070 19.2987 4.8157 -0.0309 -0.0803 0.4118 0.9072
1680180227.0076 66.8024 19.6500 4.8849 -0.0304 -0.0812 0.4175 0.9045
1680180227.1097 67.0777 20.0128 4.9382 -0.0299 -0.0810 0.4229 0.9020
1680180227.1940 67.3378 20.3840 4.9823 -0.0311 -0.0792 0.4283 0.8996
1680180227.2950 67.6097 20.7557 5.0109 -0.0324 -0.0777 0.4341 0.8969
1680180227.3997 67.8759 21.1323 5.0352 -0.0319 -0.0779 0.4401 0.8940
1680180227.5034 68.1289 21.4931 5.0855 -0.0305 -0.0794 0.4463 0.8908
1680180227.6044 68.3612 21.8482 5.1356 -0.0309 -0.0797 0.4524 0.8877
1680180227.6849 68.5994 22.2422 5.1733 -0.0333 -0.0775 0.4579 0.8850
1680180227.8261 68.8448 22.6501 5.2013 -0.0357 -0.0749 0.4633 0.8823
1680180227.8869 69.0786 23.0429 5.2343 -0.0375 -0.0752 0.4695 0.8789
1680180228.0189 69.2896 23.4132 5.2574 -0.0378 -0.0766 0.4756 0.8755
1680180228.1049 69.5080 23.7880 5.2897 -0.0371 -0.0762 0.4819 0.8721
1680180228.1867 69.7281 24.1828 5.3264 -0.0371 -0.0750 0.4888 0.8684
1680180228.2961 69.9351 24.5772 5.3762 -0.0380 -0.0737 0.4956 0.8646
1680180228.3968 70.1338 24.9749 5.3931 -0.0389 -0.0733 0.5026 0.8605
1680180228.5004 70.3448 25.3838 5.4067 -0.0395 -0.0735 0.5095 0.8564
1680180228.6025 70.5369 25.7930 5.4429 -0.0402 -0.0729 0.5160 0.8525
1680180228.7036 70.7080 26.2060 5.4682 -0.0409 -0.0710 0.5224 0.8487
1680180228.7858 70.8761 26.6188 5.5046 -0.0414 -0.0700 0.5289 0.8448
1680180228.8867 71.0443 27.0338 5.5283 -0.0421 -0.0698 0.5357 0.8405
1680180229.0087 71.2090 27.4555 5.5405 -0.0432 -0.0692 0.5424 0.8361
1680180229.0912 71.3665 27.8889 5.5482 -0.0439 -0.0688 0.5493 0.8316
1680180229.1933 71.5098 28.3158 5.5643 -0.0440 -0.0689 0.5563 0.8269
1680180229.2738 71.6657 28.7392 5.5995 -0.0447 -0.0687 0.5628 0.8225
1680180229.4006 71.8019 29.1702 5.6168 -0.0457 -0.0685 0.5683 0.8187
1680180229.5014 71.9406 29.6289 5.6187 -0.0463 -0.0683 0.5736 0.8150
1680180229.5824 72.0690 30.0804 5.6249 -0.0467 -0.0693 0.5796 0.8106
1680180229.7064 72.1857 30.5096 5.6409 -0.0469 -0.0697 0.5869 0.8053
1680180229.8074 72.2927 30.9477 5.6659 -0.0482 -0.0685 0.5944 0.7998
1680180229.8883 72.3919 31.3964 5.6781 -0.0500 -0.0668 0.6002 0.7955
1680180230.0094 72.5057 31.8623 5.6797 -0.0507 -0.0671 0.6049 0.7919
1680180230.1149 72.6228 32.3370 5.6819 -0.0502 -0.0681 0.6095 0.7882
1680180230.1955 72.7223 32.8120 5.7034 -0.0506 -0.0674 0.6150 0.7840
1680180230.2962 72.7783 33.2715 5.7170 -0.0525 -0.0651 0.6210 0.7793
1680180230.4171 72.8390 33.7502 5.7177 -0.0545 -0.0643 0.6269 0.7745
1680180230.4978 72.9129 34.2160 5.7106 -0.0550 -0.0655 0.6328 0.7695
1680180230.5997 72.9906 34.6766 5.7046 -0.0546 -0.0666 0.6386 0.7647
1680180230.7207 73.0526 35.1454 5.7109 -0.0545 -0.0658 0.6441 0.7602
1680180230.8222 73.1128 35.6548 5.7209 -0.0554 -0.0643 0.6489 0.7561
1680180230.9029 73.1648 36.1635 5.7196 -0.0575 -0.0629 0.6529 0.7527
1680180230.9838 73.2139 36.6376 5.7125 -0.0592 -0.0624 0.6555 0.7502
1680180231.1060 73.2611 37.1008 5.6987 -0.0584 -0.0634 0.6570 0.7490
1680180231.2105 73.3107 37.5766 5.7085 -0.0573 -0.0651 0.6584 0.7476
1680180231.2914 73.3640 38.0656 5.7249 -0.0580 -0.0655 0.6596 0.7465
1680180231.3940 73.4057 38.5650 5.7238 -0.0600 -0.0643 0.6601 0.7460
1680180231.5154 73.4501 39.0534 5.6976 -0.0608 -0.0632 0.6595 0.7466
1680180231.5962 73.5116 39.5432 5.6867 -0.0594 -0.0635 0.6589 0.7472
1680180231.6969 73.5868 40.0187 5.7001 -0.0569 -0.0653 0.6587 0.7474
1680180231.7776 73.6421 40.4860 5.7208 -0.0554 -0.0659 0.6586 0.7476
1680180231.9193 73.6946 40.9672 5.7187 -0.0567 -0.0644 0.6583 0.7479
1680180232.0203 73.7546 41.4762 5.6994 -0.0583 -0.0622 0.6572 0.7489
1680180232.1009 73.8224 41.9673 5.7005 -0.0577 -0.0620 0.6556 0.7503
1680180232.2389 73.8945 42.4569 5.7053 -0.0553 -0.0635 0.6547 0.7512
1680180232.3123 73.9572 42.9444 5.7098 -0.0537 -0.0638 0.6555 0.7506
1680180232.3950 74.0140 43.4120 5.7116 -0.0546 -0.0625 0.6580 0.7484
1680180232.4973 74.0553 43.8850 5.6958 -0.0562 -0.0608 0.6605 0.7462
1680180232.6016 74.1023 44.3814 5.6876 -0.0558 -0.0585 0.6629 0.7443
1680180232.6828 74.1466 44.8826 5.7015 -0.0549 -0.0588 0.6655 0.7420
1680180232.7839 74.1921 45.3502 5.6984 -0.0528 -0.0604 0.6685 0.7394
1680180232.9050 74.2298 45.8059 5.6938 -0.0523 -0.0617 0.6709 0.7372
1680180233.0063 74.2686 46.2788 5.6929 -0.0534 -0.0608 0.6716 0.7364
1680180233.1073 74.3094 46.7882 5.6814 -0.0550 -0.0586 0.6713 0.7368
1680180233.1881 74.3535 47.3016 5.6690 -0.0547 -0.0575 0.6707 0.7375
1680180233.2690 74.4016 47.7809 5.6830 -0.0523 -0.0583 0.6705 0.7377
1680180233.4775 74.4577 48.2274 5.6992 -0.0504 -0.0592 0.6707 0.7376
1680180233.5103 74.5173 48.6800 5.6935 -0.0503 -0.0582 0.6708 0.7377
1680180233.5909 74.5600 49.1558 5.6762 -0.0503 -0.0567 0.6698 0.7386
1680180233.7122 74.6062 49.6532 5.6693 -0.0492 -0.0561 0.6683 0.7401
1680180233.7932 74.6531 50.1458 5.6784 -0.0473 -0.0565 0.6672 0.7412
1680180233.8939 74.7070 50.6024 5.6952 -0.0456 -0.0578 0.6668 0.7416
1680180233.9762 74.7646 51.0450 5.6846 -0.0445 -0.0580 0.6669 0.7415
1680180234.0994 74.8193 51.4986 5.6933 -0.0441 -0.0563 0.6670 0.7416
1680180234.2006 74.8748 51.9705 5.7013 -0.0434 -0.0548 0.6661 0.7426
1680180234.2817 74.9373 52.4710 5.6944 -0.0417 -0.0544 0.6654 0.7433
1680180234.4231 74.9867 52.9467 5.6971 -0.0399 -0.0541 0.6651 0.7437
1680180234.5037 75.0313 53.4002 5.7163 -0.0386 -0.0540 0.6654 0.7436
1680180234.5846 75.0855 53.8353 5.7151 -0.0387 -0.0544 0.6658 0.7432
1680180234.6852 75.1467 54.2842 5.7071 -0.0388 -0.0542 0.6660 0.7430
1680180234.8133 75.1837 54.7588 5.7218 -0.0393 -0.0534 0.6658 0.7431
1680180234.9145 75.2319 55.2337 5.7132 -0.0381 -0.0540 0.6657 0.7433
1680180234.9953 75.2776 55.6953 5.7314 -0.0360 -0.0546 0.6662 0.7429
1680180235.1164 75.3234 56.1479 5.7400 -0.0351 -0.0550 0.6666 0.7426
1680180235.1972 75.3978 56.5720 5.7411 -0.0352 -0.0531 0.6666 0.7427
1680180235.3015 75.4506 57.0172 5.7472 -0.0348 -0.0521 0.6661 0.7432
1680180235.4032 75.4839 57.4844 5.7661 -0.0337 -0.0521 0.6657 0.7436
1680180235.5043 75.5394 57.9400 5.7682 -0.0330 -0.0527 0.6657 0.7436
1680180235.6056 75.5840 58.3805 5.7612 -0.0326 -0.0529 0.6664 0.7430
1680180235.6899 75.6187 58.8000 5.7678 -0.0329 -0.0528 0.6671 0.7424
1680180235.8015 75.6661 59.2461 5.7769 -0.0338 -0.0530 0.6671 0.7423
1680180235.9028 75.7110 59.7012 5.7788 -0.0337 -0.0533 0.6668 0.7426
1680180236.0230 75.7501 60.1401 5.7853 -0.0322 -0.0532 0.6660 0.7434
1680180236.0961 75.8269 60.5791 5.7998 -0.0311 -0.0535 0.6654 0.7439
1680180236.2175 75.8785 61.0030 5.8093 -0.0302 -0.0535 0.6644 0.7448
1680180236.2986 75.9208 61.4319 5.8180 -0.0302 -0.0530 0.6635 0.7457
1680180236.4001 75.9649 61.8539 5.8146 -0.0300 -0.0525 0.6624 0.7467
1680180236.5228 76.0236 62.3129 5.8247 -0.0292 -0.0527 0.6610 0.7480
1680180236.6037 76.0829 62.7602 5.8430 -0.0280 -0.0531 0.6593 0.7494
1680180236.7043 76.1393 63.2089 5.8578 -0.0270 -0.0530 0.6581 0.7506
1680180236.8053 76.1983 63.6365 5.8628 -0.0268 -0.0524 0.6568 0.7518
1680180236.8867 76.2649 64.0720 5.8567 -0.0266 -0.0510 0.6556 0.7529
1680180237.0135 76.3496 64.5174 5.8704 -0.0261 -0.0495 0.6543 0.7541
1680180237.0948 76.4221 64.9678 5.8943 -0.0250 -0.0495 0.6531 0.7552
1680180237.1958 76.4890 65.4043 5.9131 -0.0233 -0.0503 0.6518 0.7564
1680180237.3211 76.5580 65.8212 5.9079 -0.0223 -0.0504 0.6496 0.7583
1680180237.4073 76.6293 66.2588 5.9203 -0.0227 -0.0495 0.6474 0.7602
1680180237.4881 76.7221 66.7258 5.9328 -0.0231 -0.0485 0.6461 0.7614
1680180237.6101 76.7902 67.1621 5.9590 -0.0224 -0.0468 0.6453 0.7621
1680180237.7113 76.8680 67.5668 5.9796 -0.0212 -0.0458 0.6453 0.7623
1680180237.8122 76.9446 67.9781 5.9702 -0.0191 -0.0464 0.6447 0.7628
1680180237.8943 77.0210 68.3952 5.9835 -0.0174 -0.0466 0.6439 0.7635
1680180237.9953 77.1002 68.8302 6.0115 -0.0171 -0.0462 0.6426 0.7646
1680180238.0811 77.1822 69.2465 6.0354 -0.0180 -0.0448 0.6415 0.7656
1680180238.2040 77.2235 69.6527 6.0474 -0.0202 -0.0463 0.6411 0.7658
1680180238.3048 77.2654 70.0490 6.0348 -0.0213 -0.0505 0.6412 0.7654
1680180238.4060 77.3166 70.4299 6.0398 -0.0207 -0.0547 0.6416 0.7648
1680180238.5276 77.3910 70.8241 6.0515 -0.0196 -0.0569 0.6416 0.7646
1680180238.6082 77.4619 71.2072 6.0531 -0.0193 -0.0550 0.6417 0.7647
1680180238.7096 77.5588 71.6147 6.0735 -0.0188 -0.0498 0.6418 0.7650
1680180238.7906 77.6400 72.0032 6.1229 -0.0176 -0.0460 0.6414 0.7656
1680180238.8914 77.7206 72.3726 6.1482 -0.0154 -0.0471 0.6400 0.7668
1680180239.0182 77.7941 72.7273 6.1323 -0.0134 -0.0500 0.6379 0.7684
1680180239.0994 77.8777 73.1293 6.1323 -0.0140 -0.0499 0.6363 0.7697
1680180239.2029 77.9628 73.5363 6.1416 -0.0168 -0.0467 0.6349 0.7710
1680180239.3072 78.0156 73.9131 6.1556 -0.0180 -0.0440 0.6333 0.7724
1680180239.3881 78.0773 74.2799 6.1939 -0.0169 -0.0441 0.6319 0.7736
1680180239.5093 78.1605 74.6433 6.2042 -0.0151 -0.0453 0.6312 0.7741
1680180239.6108 78.2460 74.9746 6.1994 -0.0132 -0.0458 0.6302 0.7750
1680180239.6952 78.3596 75.3068 6.2117 -0.0112 -0.0454 0.6290 0.7760
1680180239.8188 78.4454 75.6603 6.2420 -0.0102 -0.0445 0.6266 0.7780
1680180239.8998 78.5229 76.0193 6.2684 -0.0100 -0.0427 0.6233 0.7807
1680180240.0011 78.6149 76.4165 6.2736 -0.0107 -0.0419 0.6205 0.7830
1680180240.1019 78.7140 76.7821 6.2776 -0.0111 -0.0431 0.6189 0.7842
1680180240.2068 78.7699 77.1044 6.2819 -0.0095 -0.0455 0.6192 0.7838
1680180240.3080 78.8424 77.4276 6.2978 -0.0079 -0.0472 0.6207 0.7825
1680180240.4089 78.9208 77.7570 6.3182 -0.0081 -0.0457 0.6219 0.7817
1680180240.4900 79.0219 78.1126 6.3369 -0.0090 -0.0429 0.6219 0.7819
1680180240.6109 79.1141 78.4497 6.3492 -0.0090 -0.0421 0.6215 0.7823
1680180240.6920 79.2010 78.7979 6.3565 -0.0068 -0.0433 0.6221 0.7817
1680180240.7966 79.2340 79.1280 6.3765 -0.0060 -0.0446 0.6235 0.7805
1680180240.9022 79.2724 79.4405 6.3823 -0.0073 -0.0461 0.6255 0.7788
1680180241.0060 79.3313 79.7566 6.3778 -0.0083 -0.0470 0.6280 0.7768
1680180241.0868 79.3944 80.0726 6.4038 -0.0095 -0.0469 0.6305 0.7747
1680180241.2078 79.4572 80.4080 6.4262 -0.0100 -0.0464 0.6328 0.7729
1680180241.3091 79.5154 80.7224 6.4378 -0.0090 -0.0470 0.6342 0.7717
1680180241.3899 79.5815 81.0356 6.4543 -0.0068 -0.0478 0.6357 0.7704
1680180241.5117 79.6305 81.3283 6.4810 -0.0070 -0.0473 0.6374 0.7691
1680180241.6130 79.6624 81.6576 6.4855 -0.0080 -0.0460 0.6396 0.7673
1680180241.6992 79.7163 81.9771 6.4897 -0.0089 -0.0467 0.6428 0.7645
1680180241.7799 79.7329 82.2548 6.4858 -0.0085 -0.0488 0.6467 0.7611
1680180241.9009 79.7717 82.4948 6.5110 -0.0087 -0.0507 0.6498 0.7584
1680180242.0056 79.8122 82.7750 6.5232 -0.0096 -0.0508 0.6512 0.7571
1680180242.0863 79.8683 83.0560 6.5324 -0.0106 -0.0491 0.6495 0.7587
1680180242.1940 79.9197 83.3937 6.5501 -0.0093 -0.0477 0.6458 0.7619
1680180242.3159 79.9742 83.7104 6.5775 -0.0069 -0.0476 0.6427 0.7646
1680180242.3970 80.0037 83.9784 6.5897 -0.0059 -0.0488 0.6410 0.7659
1680180242.4981 80.0573 84.2089 6.5902 -0.0060 -0.0497 0.6409 0.7660
1680180242.5998 80.1277 84.4400 6.6054 -0.0073 -0.0497 0.6411 0.7658
1680180242.7025 80.1729 84.7452 6.6119 -0.0088 -0.0492 0.6404 0.7664
1680180242.8037 80.1967 85.0615 6.6170 -0.0094 -0.0490 0.6393 0.7673
1680180242.8867 80.2454 85.3190 6.6318 -0.0077 -0.0498 0.6381 0.7683
1680180242.9917 80.3049 85.5483 6.6535 -0.0064 -0.0510 0.6371 0.7691
1680180243.1157 80.3540 85.7994 6.6720 -0.0069 -0.0510 0.6357 0.7702
1680180243.1965 80.4107 86.0880 6.6852 -0.0080 -0.0498 0.6339 0.7718
1680180243.2973 80.4611 86.3692 6.6956 -0.0080 -0.0491 0.6322 0.7732
1680180243.4190 80.5204 86.6398 6.7100 -0.0071 -0.0505 0.6307 0.7743
1680180243.5202 80.5883 86.8924 6.7133 -0.0066 -0.0520 0.6300 0.7748
1680180243.5844 80.6710 87.1133 6.7265 -0.0070 -0.0521 0.6295 0.7752
1680180243.7064 80.7373 87.3757 6.7423 -0.0065 -0.0505 0.6279 0.7767
1680180243.7977 80.7802 87.6434 6.7551 -0.0055 -0.0491 0.6250 0.7791
1680180243.9008 80.8201 87.8833 6.7648 -0.0049 -0.0484 0.6215 0.7819
1680180243.9820 80.9276 88.1597 6.7871 -0.0048 -0.0489 0.6180 0.7846
1680180244.1076 81.0077 88.4260 6.8088 -0.0042 -0.0499 0.6143 0.7874
1680180244.2083 81.0747 88.6779 6.8192 -0.0032 -0.0491 0.6105 0.7905
1680180244.3094 81.1431 88.9442 6.8255 -0.0036 -0.0471 0.6081 0.7925
1680180244.3905 81.2212 89.2211 6.8398 -0.0045 -0.0466 0.6081 0.7925
1680180244.5117 81.2991 89.4456 6.8517 -0.0037 -0.0475 0.6094 0.7914
1680180244.6129 81.3592 89.6513 6.8682 -0.0029 -0.0487 0.6102 0.7908
1680180244.6935 81.4078 89.8950 6.8888 -0.0031 -0.0478 0.6100 0.7910
1680180244.8165 81.4601 90.1781 6.8921 -0.0034 -0.0464 0.6096 0.7913
1680180244.9174 81.5199 90.4527 6.8964 -0.0013 -0.0461 0.6104 0.7908
1680180245.0181 81.6040 90.6806 6.9260 0.0001 -0.0468 0.6129 0.7888
1680180245.0986 81.6606 90.8954 6.9432 -0.0003 -0.0472 0.6155 0.7867
1680180245.2199 81.7123 91.1254 6.9489 -0.0016 -0.0466 0.6179 0.7849
1680180245.3016 81.7381 91.3943 6.9617 -0.0022 -0.0466 0.6204 0.7829
1680180245.4049 81.7740 91.6481 6.9825 -0.0023 -0.0480 0.6227 0.7810
1680180245.5061 81.8161 91.9004 6.9846 -0.0023 -0.0491 0.6251 0.7790
1680180245.6074 81.8477 92.1462 6.9949 -0.0031 -0.0490 0.6276 0.7770
1680180245.7083 81.8760 92.3932 7.0043 -0.0044 -0.0490 0.6300 0.7750
1680180245.8093 81.9243 92.6363 7.0089 -0.0049 -0.0492 0.6326 0.7729
1680180245.8906 81.9811 92.8549 7.0330 -0.0050 -0.0497 0.6347 0.7711
1680180246.0122 82.0054 93.1092 7.0534 -0.0052 -0.0502 0.6360 0.7700
1680180246.1132 82.0422 93.3931 7.0542 -0.0058 -0.0514 0.6364 0.7696
1680180246.1941 82.0931 93.6512 7.0465 -0.0061 -0.0530 0.6363 0.7696
1680180246.3149 82.1340 93.8739 7.0692 -0.0064 -0.0532 0.6355 0.7702
1680180246.4160 82.1714 94.1062 7.1045 -0.0066 -0.0524 0.6348 0.7709
1680180246.5172 82.2006 94.3314 7.1171 -0.0067 -0.0525 0.6340 0.7715
1680180246.5878 82.2567 94.5579 7.1384 -0.0066 -0.0537 0.6337 0.7717
1680180246.7089 82.3176 94.7894 7.1351 -0.0064 -0.0552 0.6327 0.7724
1680180246.8099 82.3523 95.0403 7.1302 -0.0065 -0.0561 0.6323 0.7726
1680180246.8905 82.3748 95.2896 7.1399 -0.0064 -0.0567 0.6332 0.7719
1680180247.0118 82.4001 95.5117 7.1583 -0.0056 -0.0565 0.6357 0.7699
1680180247.1128 82.4469 95.7119 7.2004 -0.0065 -0.0567 0.6391 0.7670
1680180247.1935 82.4872 95.9401 7.2093 -0.0071 -0.0574 0.6423 0.7643
1680180247.2944 82.4922 96.1864 7.2092 -0.0070 -0.0591 0.6458 0.7611
1680180247.4154 82.5045 96.4247 7.2166 -0.0071 -0.0613 0.6501 0.7574
1680180247.4962 82.5166 96.6688 7.2231 -0.0072 -0.0617 0.6543 0.7537
1680180247.6021 82.5330 96.9144 7.2364 -0.0080 -0.0602 0.6585 0.7501
1680180247.7240 82.5430 97.1347 7.2570 -0.0093 -0.0591 0.6635 0.7458
1680180247.8065 82.5227 97.3317 7.2620 -0.0099 -0.0591 0.6687 0.7411
1680180247.9078 82.5274 97.5269 7.2740 -0.0098 -0.0601 0.6736 0.7365
1680180248.0088 82.5200 97.7596 7.2985 -0.0099 -0.0619 0.6784 0.7320
1680180248.1367 82.5134 98.0019 7.3121 -0.0107 -0.0627 0.6842 0.7265
1680180248.2175 82.4668 98.1968 7.3062 -0.0123 -0.0626 0.6915 0.7196
1680180248.2983 82.4357 98.3705 7.2988 -0.0138 -0.0635 0.6993 0.7118
1680180248.3994 82.4003 98.5474 7.3107 -0.0145 -0.0642 0.7065 0.7046
1680180248.4801 82.3928 98.7633 7.3229 -0.0141 -0.0647 0.7134 0.6977
1680180248.6015 82.3615 98.9810 7.3367 -0.0135 -0.0657 0.7208 0.6898
1680180248.7022 82.2964 99.1779 7.3536 -0.0147 -0.0660 0.7282 0.6821
1680180248.8234 82.2572 99.3549 7.3394 -0.0172 -0.0648 0.7357 0.6740
1680180248.9040 82.1899 99.5593 7.3296 -0.0195 -0.0644 0.7433 0.6656
1680180249.0074 82.0977 99.7185 7.3390 -0.0208 -0.0649 0.7509 0.6569
1680180249.1087 82.0525 99.9079 7.3372 -0.0207 -0.0652 0.7587 0.6478
1680180249.1915 82.0256 100.0818 7.3562 -0.0203 -0.0654 0.7669 0.6382
1680180249.3129 81.9529 100.2600 7.3672 -0.0210 -0.0656 0.7753 0.6278
1680180249.4139 81.8781 100.4128 7.3486 -0.0227 -0.0649 0.7837 0.6173
1680180249.4947 81.8163 100.5853 7.3509 -0.0237 -0.0641 0.7915 0.6073
1680180249.6162 81.7082 100.7433 7.3559 -0.0246 -0.0635 0.7993 0.5970
1680180249.6972 81.6375 100.8734 7.3599 -0.0250 -0.0637 0.8069 0.5868
1680180249.8185 81.5518 101.0346 7.3682 -0.0248 -0.0650 0.8139 0.5769
1680180249.9196 81.4285 101.1914 7.3614 -0.0257 -0.0666 0.8210 0.5664
1680180250.0003 81.2966 101.3536 7.3381 -0.0280 -0.0678 0.8280 0.5559
1680180250.1018 81.1941 101.5132 7.3225 -0.0298 -0.0685 0.8351 0.5449
1680180250.2026 81.0900 101.6413 7.3341 -0.0301 -0.0692 0.8428 0.5330
1680180250.3051 80.9893 101.7667 7.3395 -0.0302 -0.0683 0.8508 0.5201
1680180250.4063 80.8602 101.9166 7.3537 -0.0317 -0.0667 0.8585 0.5075
1680180250.5073 80.7369 102.0627 7.3216 -0.0338 -0.0664 0.8655 0.4953
1680180250.5907 80.6327 102.2070 7.3033 -0.0354 -0.0667 0.8720 0.4837
1680180250.7123 80.4950 102.3461 7.2857 -0.0351 -0.0665 0.8785 0.4717
1680180250.7932 80.3521 102.4826 7.2827 -0.0356 -0.0652 0.8845 0.4605
1680180250.8947 80.1905 102.6217 7.2761 -0.0372 -0.0637 0.8904 0.4491
1680180250.9959 80.0357 102.7850 7.2614 -0.0389 -0.0619 0.8966 0.4367
1680180251.0988 79.9120 102.9175 7.2436 -0.0399 -0.0600 0.9031 0.4233
1680180251.2036 79.7782 103.0037 7.2346 -0.0408 -0.0588 0.9097 0.4091
1680180251.2862 79.6427 103.0960 7.2397 -0.0408 -0.0579 0.9161 0.3947
1680180251.4138 79.4686 103.2182 7.2286 -0.0401 -0.0582 0.9216 0.3815
1680180251.5149 79.2988 103.3346 7.2039 -0.0414 -0.0591 0.9268 0.3687
1680180251.6105 79.1119 103.4476 7.1949 -0.0437 -0.0598 0.9315 0.3561
1680180251.6914 78.9200 103.5414 7.1656 -0.0446 -0.0603 0.9366 0.3423
1680180251.8126 78.7430 103.6296 7.1438 -0.0439 -0.0594 0.9417 0.3281
1680180251.9133 78.5686 103.7260 7.1456 -0.0430 -0.0575 0.9473 0.3123
1680180251.9939 78.3645 103.7982 7.1463 -0.0429 -0.0552 0.9527 0.2959
1680180252.1162 78.1988 103.8582 7.1135 -0.0436 -0.0536 0.9578 0.2789
1680180252.2170 78.0453 103.9279 7.0876 -0.0438 -0.0523 0.9626 0.2622
1680180252.2981 77.8388 104.0304 7.0637 -0.0438 -0.0519 0.9670 0.2456
1680180252.4199 77.6345 104.0995 7.0354 -0.0440 -0.0514 0.9710 0.2295
1680180252.5061 77.3802 104.1305 7.0275 -0.0422 -0.0504 0.9744 0.2150
1680180252.6069 77.1647 104.1708 7.0215 -0.0400 -0.0513 0.9772 0.2021
1680180252.6879 76.9723 104.2217 6.9890 -0.0397 -0.0533 0.9795 0.1902
1680180252.8121 76.7515 104.3016 6.9088 -0.0405 -0.0555 0.9811 0.1807
1680180252.9128 76.5214 104.3607 6.8699 -0.0417 -0.0556 0.9825 0.1728
1680180252.9934 76.2780 104.4020 6.8937 -0.0415 -0.0559 0.9834 0.1676
1680180253.1161 76.0043 104.4883 6.8909 -0.0412 -0.0556 0.9841 0.1636
1680180253.2171 75.7764 104.5422 6.8615 -0.0415 -0.0557 0.9845 0.1611
1680180253.3181 75.5644 104.5876 6.8276 -0.0402 -0.0569 0.9846 0.1603
1680180253.4194 75.3589 104.6795 6.7951 -0.0380 -0.0584 0.9843 0.1624
1680180253.5033 75.0963 104.8102 6.7763 -0.0367 -0.0581 0.9833 0.1687
1680180253.6247 74.8591 104.9186 6.7913 -0.0374 -0.0567 0.9818 0.1771
1680180253.7052 74.5894 105.0231 6.7712 -0.0364 -0.0568 0.9804 0.1854
1680180253.8080 74.3342 105.1604 6.7579 -0.0338 -0.0574 0.9791 0.1924
1680180253.8888 74.0476 105.2927 6.7422 -0.0311 -0.0590 0.9785 0.1951
1680180253.9937 73.8082 105.3619 6.7099 -0.0306 -0.0611 0.9785 0.1948
1680180254.1147 73.6156 105.3905 6.6787 -0.0317 -0.0622 0.9788 0.1925
1680180254.1952 73.3732 105.4551 6.6464 -0.0322 -0.0620 0.9794 0.1897
1680180254.3024 73.1547 105.5398 6.6336 -0.0315 -0.0620 0.9797 0.1879
1680180254.4251 72.9473 105.6953 6.6200 -0.0301 -0.0621 0.9794 0.1896
1680180254.5060 72.6390 105.8620 6.6119 -0.0296 -0.0614 0.9786 0.1944
1680180254.6071 72.2969 106.0022 6.5835 -0.0311 -0.0594 0.9775 0.2002
1680180254.7082 72.0386 106.1291 6.5770 -0.0324 -0.0570 0.9762 0.2066
1680180254.8091 71.8049 106.2501 6.5949 -0.0311 -0.0579 0.9750 0.2123
1680180254.9103 71.5601 106.3464 6.5787 -0.0276 -0.0601 0.9738 0.2174
1680180255.0111 71.2978 106.4388 6.5558 -0.0265 -0.0628 0.9729 0.2208
1680180255.0918 71.0494 106.5551 6.5143 -0.0287 -0.0640 0.9719 0.2246
1680180255.2328 70.8027 106.7077 6.4815 -0.0304 -0.0626 0.9712 0.2281
1680180255.3180 70.5670 106.8378 6.5185 -0.0300 -0.0614 0.9708 0.2298
1680180255.4189 70.3434 106.9354 6.5091 -0.0283 -0.0606 0.9707 0.2310
1680180255.5196 70.1075 107.0880 6.4794 -0.0265 -0.0584 0.9706 0.2321
1680180255.6033 69.8737 107.2334 6.4683 -0.0251 -0.0574 0.9709 0.2312
1680180255.7046 69.6524 107.3490 6.4640 -0.0247 -0.0577 0.9710 0.2307
1680180255.8068 69.4338 107.4304 6.4518 -0.0252 -0.0579 0.9710 0.2306
1680180255.8873 69.2119 107.5230 6.4372 -0.0255 -0.0586 0.9708 0.2311
1680180256.0281 68.9741 107.6156 6.3958 -0.0245 -0.0592 0.9702 0.2338
1680180256.1090 68.6851 107.7954 6.4032 -0.0252 -0.0607 0.9696 0.2356
1680180256.2099 68.3790 107.9352 6.4045 -0.0280 -0.0620 0.9697 0.2348
1680180256.3037 68.1569 108.0516 6.3451 -0.0303 -0.0632 0.9701 0.2326
1680180256.3844 67.9679 108.1047 6.3191 -0.0303 -0.0639 0.9705 0.2304
1680180256.5059 67.7141 108.1812 6.3474 -0.0292 -0.0645 0.9716 0.2257
1680180256.6070 67.4797 108.3090 6.3550 -0.0283 -0.0644 0.9725 0.2219
1680180256.6879 67.2593 108.4245 6.3300 -0.0285 -0.0646 0.9730 0.2199
1680180256.7891 67.0310 108.4996 6.2906 -0.0281 -0.0647 0.9733 0.2186
1680180256.9108 66.8449 108.5656 6.2787 -0.0274 -0.0639 0.9736 0.2173
1680180256.9916 66.6358 108.6924 6.2935 -0.0271 -0.0634 0.9738 0.2167
1680180257.0924 66.3854 108.8176 6.3050 -0.0281 -0.0634 0.9737 0.2170
1680180257.1934 66.1666 108.9076 6.2656 -0.0282 -0.0639 0.9733 0.2188
1680180257.3169 65.9327 109.0095 6.2470 -0.0273 -0.0648 0.9727 0.2211
1680180257.3977 65.7004 109.1322 6.2429 -0.0264 -0.0650 0.9725 0.2221
1680180257.4985 65.4563 109.2884 6.2201 -0.0258 -0.0644 0.9723 0.2230
1680180257.5793 65.2322 109.4004 6.1958 -0.0255 -0.0632 0.9720 0.2250
1680180257.7004 65.0373 109.4730 6.1977 -0.0256 -0.0624 0.9714 0.2276
1680180257.8014 64.8655 109.5777 6.1973 -0.0244 -0.0623 0.9710 0.2297
1680180257.8821 64.6555 109.6677 6.1982 -0.0251 -0.0630 0.9705 0.2312
1680180258.0064 64.3761 109.7822 6.1697 -0.0275 -0.0644 0.9703 0.2317
1680180258.1084 64.1159 109.9187 6.1363 -0.0283 -0.0651 0.9702 0.2316
1680180258.1914 63.9119 110.0512 6.1153 -0.0267 -0.0653 0.9699 0.2331
1680180258.2922 63.7117 110.1343 6.1180 -0.0269 -0.0639 0.9695 0.2352
1680180258.3730 63.5403 110.2625 6.1080 -0.0288 -0.0612 0.9689 0.2380
1680180258.4999 63.2913 110.4524 6.1129 -0.0303 -0.0588 0.9688 0.2390
1680180258.6005 63.0761 110.5611 6.1115 -0.0296 -0.0574 0.9687 0.2398
1680180258.6812 62.8675 110.6202 6.1005 -0.0284 -0.0560 0.9686 0.2405
1680180258.7858 62.6367 110.7256 6.0998 -0.0295 -0.0556 0.9687 0.2401
1680180258.9079 62.4926 110.8125 6.0675 -0.0317 -0.0553 0.9685 0.2407
1680180259.0087 62.2520 110.9506 6.0586 -0.0334 -0.0561 0.9685 0.2404
1680180259.1098 62.0446 111.0616 6.0365 -0.0345 -0.0569 0.9686 0.2395
1680180259.1938 61.8030 111.1943 6.0034 -0.0344 -0.0563 0.9693 0.2370
1680180259.2956 61.6207 111.2884 5.9978 -0.0337 -0.0556 0.9693 0.2371
1680180259.4179 61.4570 111.3634 6.0134 -0.0331 -0.0550 0.9688 0.2393
1680180259.4985 61.3243 111.4657 6.0135 -0.0332 -0.0540 0.9683 0.2416
1680180259.5995 61.0994 111.5935 6.0089 -0.0344 -0.0526 0.9678 0.2437
1680180259.6803 60.8828 111.7195 5.9701 -0.0353 -0.0529 0.9676 0.2444
1680180259.7887 60.6674 111.8389 5.9338 -0.0343 -0.0531 0.9676 0.2444
1680180259.9179 60.4798 111.8949 5.9196 -0.0338 -0.0529 0.9676 0.2444
1680180259.9989 60.3048 111.9717 5.9263 -0.0335 -0.0521 0.9676 0.2449
1680180260.0997 60.1772 112.0758 5.9344 -0.0342 -0.0509 0.9673 0.2460
1680180260.2205 59.9202 112.2488 5.9120 -0.0363 -0.0502 0.9673 0.2460
1680180260.3014 59.6693 112.3802 5.8842 -0.0380 -0.0502 0.9672 0.2461
1680180260.4025 59.5041 112.4907 5.8473 -0.0371 -0.0498 0.9673 0.2458
1680180260.4832 59.3396 112.5856 5.8444 -0.0362 -0.0478 0.9676 0.2453
1680180260.6042 59.0741 112.7615 5.8169 -0.0368 -0.0419 0.9680 0.2446
1680180260.7053 58.8033 112.8986 5.7967 -0.0396 -0.0340 0.9681 0.2450
1680180260.7884 58.6731 112.9616 5.8344 -0.0422 -0.0305 0.9678 0.2464
1680180260.9097 58.5578 113.0613 5.8387 -0.0393 -0.0357 0.9677 0.2464
1680180261.0136 58.4389 113.1291 5.8001 -0.0324 -0.0457 0.9678 0.2456
1680180261.1147 58.2045 113.1734 5.7419 -0.0278 -0.0530 0.9678 0.2444
1680180261.2221 57.9650 113.1967 5.7370 -0.0334 -0.0548 0.9679 0.2431
1680180261.3229 57.6966 113.2894 5.7147 -0.0447 -0.0534 0.9679 0.2415
1680180261.4061 57.4152 113.4546 5.6972 -0.0489 -0.0532 0.9683 0.2389
1680180261.4870 57.2287 113.6179 5.6886 -0.0425 -0.0537 0.9694 0.2358
1680180261.6082 57.1638 113.6357 5.6921 -0.0338 -0.0516 0.9698 0.2360
1680180261.7088 57.0673 113.7392 5.6910 -0.0318 -0.0487 0.9697 0.2371
1680180261.7901 56.9083 113.8525 5.7039 -0.0358 -0.0485 0.9690 0.2397
1680180261.9114 56.6536 113.9504 5.6769 -0.0396 -0.0512 0.9681 0.2421
1680180262.0144 56.4044 114.0256 5.6212 -0.0397 -0.0551 0.9678 0.2425
1680180262.0952 56.1659 114.0792 5.5563 -0.0352 -0.0588 0.9680 0.2412
1680180262.1999 56.0148 114.1442 5.5053 -0.0281 -0.0607 0.9684 0.2402
1680180262.2805 55.9219 114.2676 5.5282 -0.0234 -0.0600 0.9688 0.2392
1680180262.4014 55.8036 114.4361 5.5410 -0.0248 -0.0554 0.9689 0.2399
1680180262.5026 55.6099 114.6130 5.5574 -0.0313 -0.0483 0.9679 0.2447
1680180262.6238 55.3404 114.7396 5.5782 -0.0363 -0.0426 0.9664 0.2509
1680180262.7047 55.0673 114.8106 5.5849 -0.0346 -0.0418 0.9658 0.2536
1680180262.8056 54.9116 114.8576 5.5513 -0.0293 -0.0463 0.9659 0.2530
1680180262.8863 54.7927 114.9411 5.4961 -0.0248 -0.0530 0.9663 0.2508
1680180262.9888 54.6552 115.0612 5.4428 -0.0230 -0.0571 0.9666 0.2489
1680180263.1102 54.4871 115.1540 5.4593 -0.0255 -0.0554 0.9667 0.2485
1680180263.1908 54.2268 115.2624 5.4893 -0.0286 -0.0515 0.9668 0.2488
1680180263.2917 54.0029 115.3605 5.4883 -0.0297 -0.0494 0.9666 0.2498
1680180263.4126 53.8292 115.4699 5.4694 -0.0276 -0.0484 0.9663 0.2514
1680180263.4932 53.6364 115.5578 5.4309 -0.0244 -0.0480 0.9660 0.2530
1680180263.5942 53.4551 115.6727 5.4172 -0.0226 -0.0489 0.9656 0.2542
1680180263.7157 53.2427 115.8292 5.4134 -0.0236 -0.0507 0.9654 0.2547
1680180263.7970 53.0166 115.9761 5.4088 -0.0269 -0.0514 0.9656 0.2537
1680180263.8977 52.8042 116.0600 5.3669 -0.0269 -0.0504 0.9658 0.2530
1680180263.9984 52.5921 116.1331 5.3638 -0.0248 -0.0480 0.9661 0.2525
1680180264.1198 52.4410 116.2520 5.3832 -0.0211 -0.0476 0.9659 0.2537
1680180264.2205 52.2582 116.4076 5.3781 -0.0196 -0.0465 0.9651 0.2569
1680180264.3075 52.0182 116.6106 5.3505 -0.0224 -0.0435 0.9644 0.2599
1680180264.3886 51.7340 116.7516 5.3409 -0.0265 -0.0400 0.9645 0.2597
1680180264.5100 51.4849 116.8545 5.3427 -0.0269 -0.0401 0.9655 0.2558
1680180264.6110 51.3112 116.9509 5.3246 -0.0233 -0.0416 0.9666 0.2519
1680180264.6919 51.2069 117.0686 5.3000 -0.0210 -0.0422 0.9676 0.2482
1680180264.7926 50.9901 117.1996 5.2811 -0.0246 -0.0407 0.9682 0.2454
1680180264.9141 50.6019 117.3358 5.2613 -0.0288 -0.0378 0.9687 0.2435
1680180264.9948 50.3651 117.4334 5.2553 -0.0285 -0.0352 0.9692 0.2420
1680180265.1156 50.1737 117.5265 5.2650 -0.0258 -0.0343 0.9700 0.2391
1680180265.1763 50.0006 117.6638 5.2402 -0.0241 -0.0346 0.9707 0.2365
1680180265.3186 49.8116 117.8336 5.2352 -0.0245 -0.0353 0.9710 0.2352
1680180265.3992 49.5308 117.9573 5.2217 -0.0262 -0.0352 0.9711 0.2347
1680180265.4798 49.2433 118.0626 5.1945 -0.0278 -0.0341 0.9711 0.2347
1680180265.6012 48.9309 118.1504 5.1673 -0.0282 -0.0325 0.9712 0.2346
1680180265.7028 48.7552 118.2461 5.1554 -0.0273 -0.0329 0.9710 0.2352
1680180265.8040 48.6219 118.3623 5.1389 -0.0259 -0.0335 0.9711 0.2350
1680180265.9050 48.3967 118.4808 5.1219 -0.0261 -0.0318 0.9717 0.2327
1680180265.9859 48.1317 118.5915 5.1129 -0.0286 -0.0303 0.9726 0.2286
1680180266.1073 47.8574 118.7158 5.1131 -0.0295 -0.0304 0.9736 0.2243
1680180266.2080 47.7095 118.7856 5.0879 -0.0272 -0.0314 0.9740 0.2227
1680180266.2886 47.4990 118.8640 5.0366 -0.0253 -0.0316 0.9742 0.2220
1680180266.3895 47.2269 119.0123 4.9917 -0.0273 -0.0293 0.9747 0.2199
1680180266.5123 46.9315 119.1899 5.0223 -0.0312 -0.0285 0.9752 0.2172
1680180266.5932 46.6768 119.3276 5.0592 -0.0312 -0.0290 0.9758 0.2145
1680180266.6945 46.4157 119.4053 5.0220 -0.0274 -0.0304 0.9766 0.2111
1680180266.8160 46.2060 119.4491 4.9874 -0.0253 -0.0327 0.9772 0.2082
1680180266.8965 45.9379 119.4651 4.9534 -0.0243 -0.0350 0.9780 0.2042
1680180266.9980 45.6945 119.4948 4.9830 -0.0256 -0.0394 0.9789 0.1990
1680180267.0795 45.4649 119.6175 4.9810 -0.0281 -0.0459 0.9797 0.1930
1680180267.1849 45.1905 119.7346 4.9023 -0.0300 -0.0512 0.9806 0.1869
1680180267.3063 44.9140 119.7888 4.8591 -0.0294 -0.0528 0.9811 0.1837
1680180267.4073 44.7306 119.8107 4.8727 -0.0250 -0.0508 0.9811 0.1850
1680180267.4881 44.4779 119.9031 4.8757 -0.0216 -0.0466 0.9813 0.1854
1680180267.5891 44.2539 120.0519 4.8574 -0.0220 -0.0414 0.9816 0.1853
1680180267.7103 44.1188 120.1923 4.8653 -0.0230 -0.0392 0.9818 0.1842
1680180267.7909 43.9631 120.3084 4.8547 -0.0188 -0.0381 0.9824 0.1821
1680180267.8917 43.7340 120.3616 4.8312 -0.0141 -0.0363 0.9828 0.1803
1680180268.0164 43.5168 120.3811 4.8209 -0.0129 -0.0354 0.9827 0.1812
1680180268.0976 43.2929 120.4247 4.8218 -0.0150 -0.0349 0.9824 0.1828
1680180268.2192 43.0690 120.5401 4.8233 -0.0158 -0.0367 0.9822 0.1837
1680180268.3077 42.8545 120.6348 4.8355 -0.0148 -0.0402 0.9822 0.1830
1680180268.3883 42.6299 120.6693 4.8032 -0.0144 -0.0432 0.9823 0.1815
1680180268.5097 42.3997 120.6910 4.7693 -0.0153 -0.0464 0.9824 0.1801
1680180268.6108 42.2519 120.6824 4.7750 -0.0151 -0.0513 0.9821 0.1806
1680180268.6916 42.1516 120.6714 4.7573 -0.0143 -0.0584 0.9817 0.1808
1680180268.8327 41.9498 120.7288 4.7326 -0.0152 -0.0646 0.9818 0.1778
1680180268.9134 41.7484 120.7745 4.6909 -0.0181 -0.0704 0.9821 0.1736
1680180268.9946 41.5250 120.8006 4.6807 -0.0196 -0.0730 0.9829 0.1681
1680180269.0958 41.3257 120.8533 4.6874 -0.0168 -0.0726 0.9836 0.1640
1680180269.2169 41.1351 120.9494 4.7195 -0.0125 -0.0685 0.9846 0.1603
1680180269.2979 40.9657 121.0066 4.7638 -0.0111 -0.0679 0.9852 0.1570
1680180269.3987 40.8558 121.0192 4.7239 -0.0117 -0.0731 0.9851 0.1550
1680180269.5201 40.7572 121.0484 4.6582 -0.0127 -0.0767 0.9851 0.1536
1680180269.6010 40.5404 121.0847 4.6456 -0.0135 -0.0757 0.9854 0.1522
1680180269.7019 40.3315 121.1211 4.6753 -0.0130 -0.0733 0.9857 0.1511
1680180269.8236 40.1690 121.1966 4.7048 -0.0100 -0.0719 0.9861 0.1492
1680180269.9044 40.0821 121.2241 4.7084 -0.0062 -0.0720 0.9864 0.1474
1680180270.0053 40.0113 121.2608 4.6749 -0.0050 -0.0707 0.9868 0.1455
1680180270.1061 39.8844 121.3181 4.6793 -0.0076 -0.0660 0.9872 0.1448
1680180270.1867 39.6897 121.4216 4.7144 -0.0090 -0.0619 0.9876 0.1443
1680180270.3080 39.5115 121.5023 4.7077 -0.0056 -0.0589 0.9876 0.1451
1680180270.4090 39.3725 121.5552 4.7130 -0.0034 -0.0592 0.9875 0.1462
1680180270.5098 39.2906 121.5028 4.7040 -0.0047 -0.0633 0.9871 0.1470
1680180270.5954 39.1557 121.4538 4.6497 -0.0044 -0.0684 0.9867 0.1474
1680180270.7176 39.0466 121.4724 4.6213 -0.0003 -0.0723 0.9863 0.1486
1680180270.7990 38.9227 121.5258 4.6224 0.0049 -0.0746 0.9860 0.1493
1680180270.9002 38.7887 121.5986 4.6606 0.0075 -0.0729 0.9862 0.1485
1680180271.0055 38.6374 121.6592 4.6897 0.0075 -0.0721 0.9865 0.1471
1680180271.1066 38.5196 121.6954 4.6767 0.0081 -0.0741 0.9864 0.1468
1680180271.2239 38.2757 121.7370 4.6287 0.0100 -0.0750 0.9864 0.1461
1680180271.3248 38.0535 121.7527 4.6053 0.0107 -0.0729 0.9870 0.1430
1680180271.4056 37.9807 121.7645 4.6378 0.0102 -0.0694 0.9876 0.1408
1680180271.5065 37.9162 121.8410 4.6917 0.0102 -0.0668 0.9881 0.1384
1680180271.6078 37.7656 121.9369 4.7114 0.0100 -0.0652 0.9882 0.1384
1680180271.6886 37.5620 121.9604 4.6754 0.0103 -0.0651 0.9881 0.1390
1680180271.7894 37.3397 121.9638 4.6516 0.0110 -0.0666 0.9880 0.1391
1680180271.9106 37.1408 121.9884 4.6410 0.0132 -0.0683 0.9879 0.1384
1680180272.0114 37.0141 122.0377 4.6269 0.0141 -0.0679 0.9883 0.1362
1680180272.1070 36.8752 122.1051 4.6488 0.0133 -0.0643 0.9889 0.1335
1680180272.2394 36.7472 122.1989 4.6908 0.0115 -0.0596 0.9894 0.1318
1680180272.3220 36.5647 122.3063 4.6952 0.0114 -0.0555 0.9899 0.1301
1680180272.4231 36.4124 122.3144 4.6884 0.0126 -0.0528 0.9903 0.1281
1680180272.4908 36.3144 122.3346 4.6946 0.0143 -0.0517 0.9904 0.1272
1680180272.6126 36.1402 122.3497 4.6887 0.0156 -0.0511 0.9907 0.1249
1680180272.6950 35.9626 122.3916 4.6814 0.0160 -0.0525 0.9909 0.1225
1680180272.7960 35.8197 122.4007 4.6779 0.0152 -0.0546 0.9911 0.1205
1680180272.8792 35.6723 122.3929 4.6711 0.0140 -0.0584 0.9912 0.1177
1680180273.0349 35.5299 122.3876 4.6491 0.0133 -0.0605 0.9914 0.1149
1680180273.1163 35.3424 122.4157 4.6311 0.0132 -0.0594 0.9919 0.1114
1680180273.2258 35.1361 122.5268 4.6613 0.0115 -0.0553 0.9925 0.1080
1680180273.2866 34.9038 122.6254 4.6955 0.0092 -0.0511 0.9930 0.1059
1680180273.4080 34.7803 122.6689 4.7118 0.0068 -0.0479 0.9933 0.1052
1680180273.5091 34.6543 122.6901 4.7041 0.0047 -0.0466 0.9935 0.1042
1680180273.5899 34.4244 122.6851 4.6664 0.0041 -0.0470 0.9937 0.1017
1680180273.6912 34.2397 122.6822 4.6582 0.0044 -0.0482 0.9939 0.0996
1680180273.8127 34.0734 122.7147 4.6754 0.0045 -0.0491 0.9941 0.0969
1680180273.8936 33.8924 122.7767 4.6730 0.0038 -0.0487 0.9945 0.0926
1680180273.9943 33.7826 122.7820 4.6783 0.0021 -0.0483 0.9948 0.0893
1680180274.1154 33.6018 122.7853 4.6736 0.0000 -0.0484 0.9952 0.0854
1680180274.1960 33.3605 122.7770 4.6403 -0.0013 -0.0465 0.9956 0.0818
1680180274.2969 33.1473 122.8528 4.6257 -0.0022 -0.0432 0.9962 0.0754
1680180274.4186 33.0201 122.9232 4.6475 -0.0031 -0.0392 0.9968 0.0701
1680180274.4996 32.8710 123.0019 4.6929 -0.0052 -0.0368 0.9972 0.0646
1680180274.6023 32.6319 123.0023 4.6964 -0.0085 -0.0365 0.9975 0.0599
1680180274.7045 32.3668 122.9170 4.6384 -0.0107 -0.0373 0.9977 0.0554
1680180274.7851 32.1285 122.8450 4.5916 -0.0107 -0.0380 0.9980 0.0497
1680180274.9060 31.9271 122.8614 4.6021 -0.0103 -0.0384 0.9983 0.0423
1680180275.0068 31.8247 122.9302 4.6283 -0.0102 -0.0378 0.9986 0.0342
1680180275.0876 31.6766 122.9513 4.6372 -0.0106 -0.0365 0.9989 0.0267
1680180275.1902 31.4385 122.9736 4.6200 -0.0115 -0.0356 0.9990 0.0230
1680180275.3116 31.1939 122.9833 4.5928 -0.0135 -0.0318 0.9992 0.0212
1680180275.3923 30.9405 123.0082 4.5908 -0.0140 -0.0297 0.9993 0.0173
1680180275.4937 30.7169 123.0173 4.5980 -0.0138 -0.0305 0.9994 0.0122
1680180275.6153 30.6110 123.0137 4.5767 -0.0130 -0.0316 0.9994 0.0093
1680180275.6960 30.4703 123.0111 4.5610 -0.0127 -0.0322 0.9994 0.0073
1680180275.7998 30.2740 122.9898 4.5589 -0.0128 -0.0326 0.9994 0.0060
1680180275.9065 29.9211 123.0033 4.5252 -0.0128 -0.0315 0.9994 0.0025
1680180276.0072 29.6558 122.9815 4.5262 -0.0126 -0.0295 0.9995 -0.0031
1680180276.1101 29.4742 122.9585 4.5219 -0.0117 -0.0271 0.9995 -0.0080
1680180276.1910 29.3861 122.9573 4.5248 -0.0117 -0.0250 0.9996 -0.0089
1680180276.3009 29.2271 122.9719 4.5054 -0.0120 -0.0228 0.9996 -0.0074
1680180276.4224 28.9200 122.9674 4.4793 -0.0111 -0.0201 0.9997 -0.0065
1680180276.5046 28.6368 123.0256 4.5016 -0.0096 -0.0181 0.9998 -0.0067
1680180276.6060 28.4858 123.0058 4.5136 -0.0083 -0.0173 0.9998 -0.0081
1680180276.6867 28.2724 122.9123 4.4699 -0.0087 -0.0181 0.9997 -0.0110
1680180276.7944 28.0482 122.8537 4.4159 -0.0100 -0.0187 0.9997 -0.0131
1680180276.9007 27.8361 122.8919 4.4258 -0.0108 -0.0187 0.9996 -0.0152
1680180277.0018 27.6653 122.9571 4.4516 -0.0098 -0.0177 0.9997 -0.0167
1680180277.0824 27.4413 123.0074 4.4589 -0.0073 -0.0157 0.9997 -0.0185
1680180277.2063 27.2459 122.9726 4.4357 -0.0050 -0.0147 0.9997 -0.0198
1680180277.3070 26.9895 122.9706 4.4223 -0.0051 -0.0148 0.9997 -0.0211
1680180277.3879 26.7167 122.9084 4.4085 -0.0058 -0.0159 0.9996 -0.0242
1680180277.5093 26.5528 122.8294 4.3945 -0.0051 -0.0177 0.9995 -0.0247
1680180277.6111 26.4209 122.8059 4.3786 -0.0034 -0.0196 0.9995 -0.0230
1680180277.7124 26.1403 122.8482 4.3676 -0.0013 -0.0204 0.9995 -0.0224
1680180277.7959 25.8532 122.8373 4.3520 0.0004 -0.0184 0.9996 -0.0214
1680180277.9170 25.5801 122.8871 4.3687 -0.0002 -0.0157 0.9997 -0.0206
1680180278.0023 25.2789 122.8866 4.3651 -0.0045 -0.0130 0.9997 -0.0188
1680180278.1031 25.0361 122.8104 4.3564 -0.0099 -0.0113 0.9997 -0.0170
1680180278.2042 24.8078 122.8216 4.3266 -0.0109 -0.0110 0.9998 -0.0158
1680180278.2848 24.5778 122.8563 4.3041 -0.0085 -0.0112 0.9998 -0.0141
1680180278.4061 24.3334 122.8821 4.3101 -0.0067 -0.0113 0.9998 -0.0133
1680180278.5071 24.1116 122.8396 4.3041 -0.0072 -0.0117 0.9998 -0.0133
1680180278.5881 23.8300 122.8269 4.2803 -0.0098 -0.0119 0.9998 -0.0122
1680180278.7116 23.5578 122.7725 4.2694 -0.0123 -0.0126 0.9998 -0.0095
1680180278.8127 23.3265 122.7698 4.2564 -0.0131 -0.0136 0.9998 -0.0071
1680180278.8935 23.2028 122.8020 4.2683 -0.0117 -0.0138 0.9998 -0.0070
1680180278.9954 23.0170 122.8505 4.2711 -0.0108 -0.0139 0.9998 -0.0083
1680180279.1167 22.7849 122.8288 4.2534 -0.0116 -0.0145 0.9998 -0.0086
1680180279.1976 22.5015 122.7806 4.2369 -0.0139 -0.0149 0.9998 -0.0068
1680180279.3000 22.2532 122.7457 4.2142 -0.0157 -0.0156 0.9998 -0.0029
1680180279.4249 22.0988 122.7037 4.2009 -0.0156 -0.0166 0.9997 -0.0015
1680180279.5072 21.9521 122.7579 4.1992 -0.0143 -0.0172 0.9997 -0.0011
1680180279.5883 21.7520 122.7657 4.2101 -0.0123 -0.0197 0.9997 -0.0004
1680180279.6931 21.4961 122.7252 4.1623 -0.0109 -0.0208 0.9997 0.0008
1680180279.8140 21.3204 122.7220 4.1506 -0.0119 -0.0208 0.9997 0.0028
1680180279.8953 21.1683 122.7620 4.1913 -0.0132 -0.0214 0.9997 0.0038
1680180279.9976 20.9987 122.8121 4.1858 -0.0130 -0.0214 0.9997 0.0039
1680180280.1222 20.7743 122.8109 4.1670 -0.0116 -0.0221 0.9997 0.0058
1680180280.2306 20.5343 122.7514 4.1436 -0.0110 -0.0231 0.9996 0.0082
1680180280.2985 20.2802 122.7044 4.1105 -0.0112 -0.0257 0.9996 0.0106
1680180280.3997 20.0611 122.7327 4.0881 -0.0115 -0.0268 0.9995 0.0116
1680180280.4803 19.9337 122.7483 4.1130 -0.0117 -0.0272 0.9995 0.0118
1680180280.6015 19.7481 122.7715 4.1347 -0.0116 -0.0294 0.9994 0.0120
1680180280.7023 19.4543 122.7908 4.1184 -0.0116 -0.0326 0.9993 0.0147
1680180280.8037 19.2143 122.7474 4.0781 -0.0116 -0.0350 0.9992 0.0174
1680180280.9058 18.9671 122.6373 4.0231 -0.0108 -0.0350 0.9991 0.0196
1680180281.0068 18.7363 122.7289 4.0243 -0.0105 -0.0354 0.9991 0.0209
1680180281.0875 18.4962 122.8024 4.0417 -0.0114 -0.0355 0.9991 0.0213
1680180281.1907 18.2950 122.8413 4.0575 -0.0130 -0.0350 0.9990 0.0235
1680180281.3118 18.0632 122.8487 4.0367 -0.0134 -0.0347 0.9989 0.0274
1680180281.3925 17.8959 122.8360 4.0324 -0.0128 -0.0342 0.9989 0.0296
1680180281.4969 17.6467 122.8034 4.0302 -0.0110 -0.0353 0.9988 0.0314
1680180281.6186 17.3741 122.8012 3.9900 -0.0085 -0.0374 0.9987 0.0330
1680180281.6996 17.1315 122.8111 3.9517 -0.0082 -0.0394 0.9986 0.0345
1680180281.8005 16.9506 122.7922 3.9433 -0.0111 -0.0409 0.9984 0.0364
1680180281.9014 16.7813 122.7984 3.9316 -0.0150 -0.0420 0.9983 0.0388
1680180282.0099 16.4694 122.8142 3.9183 -0.0162 -0.0417 0.9982 0.0401
1680180282.1120 16.2098 122.8814 3.9438 -0.0154 -0.0401 0.9982 0.0427
1680180282.1927 16.0159 122.9331 3.9395 -0.0149 -0.0378 0.9981 0.0454
1680180282.3136 15.8159 122.9573 3.9293 -0.0153 -0.0367 0.9980 0.0482
1680180282.4145 15.6252 122.9781 3.9145 -0.0164 -0.0375 0.9979 0.0511
1680180282.4952 15.4388 122.9985 3.8887 -0.0166 -0.0383 0.9976 0.0546
1680180282.5963 15.2529 123.0473 3.8897 -0.0166 -0.0378 0.9975 0.0575
1680180282.7176 15.0586 123.0807 3.8947 -0.0171 -0.0363 0.9975 0.0588
1680180282.7982 14.7928 123.1640 3.9034 -0.0179 -0.0366 0.9974 0.0591
1680180282.8992 14.5775 123.2196 3.8495 -0.0178 -0.0355 0.9973 0.0610
1680180283.0104 14.3397 123.2000 3.8489 -0.0187 -0.0339 0.9972 0.0639
1680180283.1116 14.0598 123.2369 3.8547 -0.0205 -0.0308 0.9970 0.0680
1680180283.1921 13.6999 123.3396 3.8375 -0.0235 -0.0283 0.9967 0.0730
1680180283.3130 13.4092 123.4179 3.8205 -0.0250 -0.0293 0.9963 0.0770
1680180283.4141 13.2003 123.3753 3.8079 -0.0220 -0.0333 0.9962 0.0780
1680180283.4984 13.0381 123.3579 3.7457 -0.0179 -0.0352 0.9962 0.0780
1680180283.5996 12.8626 123.3902 3.7148 -0.0174 -0.0352 0.9962 0.0774
1680180283.7207 12.6338 123.5029 3.7183 -0.0186 -0.0350 0.9962 0.0776
1680180283.8015 12.3920 123.5914 3.7490 -0.0203 -0.0332 0.9961 0.0795
1680180283.9024 12.1291 123.5868 3.7628 -0.0218 -0.0302 0.9960 0.0813
1680180284.0034 11.9012 123.5721 3.7648 -0.0224 -0.0294 0.9958 0.0833
1680180284.1241 11.6626 123.6050 3.7515 -0.0215 -0.0345 0.9956 0.0847
1680180284.2028 11.3841 123.6643 3.6846 -0.0188 -0.0405 0.9953 0.0856
1680180284.3194 11.1040 123.7306 3.6198 -0.0169 -0.0454 0.9951 0.0864
1680180284.3999 10.8814 123.7351 3.5944 -0.0179 -0.0462 0.9950 0.0865
1680180284.5226 10.6564 123.7773 3.5884 -0.0199 -0.0415 0.9952 0.0867
1680180284.6043 10.4161 123.8680 3.6440 -0.0216 -0.0356 0.9952 0.0883
1680180284.7066 10.1426 123.9695 3.6464 -0.0220 -0.0308 0.9952 0.0905
1680180284.8074 9.8625 124.0439 3.6237 -0.0216 -0.0283 0.9950 0.0935
1680180284.9126 9.7112 124.1077 3.6269 -0.0215 -0.0298 0.9947 0.0960
1680180285.0196 9.4641 124.1234 3.5825 -0.0204 -0.0334 0.9945 0.0973
1680180285.1003 9.2039 124.1524 3.5519 -0.0206 -0.0372 0.9942 0.0985
1680180285.2023 8.8672 124.1423 3.5197 -0.0222 -0.0406 0.9938 0.1012
1680180285.3034 8.6125 124.2001 3.4998 -0.0237 -0.0427 0.9934 0.1036
1680180285.4046 8.3411 124.2200 3.4793 -0.0232 -0.0418 0.9933 0.1051
1680180285.4853 8.0665 124.2729 3.4705 -0.0225 -0.0403 0.9934 0.1050
1680180285.6291 7.9159 124.3150 3.5059 -0.0236 -0.0401 0.9933 0.1057
1680180285.7103 7.6323 124.3331 3.5022 -0.0256 -0.0416 0.9929 0.1082
1680180285.7917 7.2706 124.4005 3.4844 -0.0278 -0.0463 0.9923 0.1118
1680180285.8925 6.9524 124.4723 3.3949 -0.0286 -0.0539 0.9917 0.1132
1680180286.0137 6.6918 124.5459 3.3009 -0.0292 -0.0578 0.9916 0.1122
1680180286.0942 6.3997 124.6286 3.3050 -0.0275 -0.0577 0.9917 0.1113
1680180286.2056 6.2039 124.6534 3.3577 -0.0269 -0.0557 0.9918 0.1117
1680180286.2902 6.0164 124.7063 3.3772 -0.0290 -0.0523 0.9917 0.1137
1680180286.4113 5.6966 124.8165 3.3696 -0.0317 -0.0511 0.9911 0.1185
1680180286.5119 5.3753 124.9050 3.3324 -0.0310 -0.0528 0.9907 0.1216
1680180286.5925 5.0870 124.9415 3.2737 -0.0279 -0.0554 0.9903 0.1247
1680180286.7146 4.8844 124.9661 3.2605 -0.0265 -0.0568 0.9901 0.1253
1680180286.8167 4.6492 124.9845 3.2258 -0.0276 -0.0555 0.9901 0.1256
1680180286.8979 4.3844 125.1515 3.1964 -0.0296 -0.0507 0.9899 0.1288
1680180287.0000 4.1236 125.2998 3.2465 -0.0306 -0.0448 0.9897 0.1326
1680180287.1008 3.7978 125.3585 3.2526 -0.0301 -0.0417 0.9892 0.1372
1680180287.2044 3.4970 125.4257 3.2152 -0.0284 -0.0421 0.9887 0.1412
1680180287.3068 3.2685 125.5279 3.1861 -0.0260 -0.0478 0.9882 0.1431
1680180287.4080 3.0679 125.6301 3.1270 -0.0248 -0.0541 0.9880 0.1424
1680180287.4866 2.7741 125.6785 3.0848 -0.0276 -0.0573 0.9878 0.1425
1680180287.5879 2.4489 125.7450 3.0470 -0.0322 -0.0530 0.9877 0.1436
1680180287.7163 2.1413 125.8298 3.1192 -0.0341 -0.0490 0.9876 0.1455
1680180287.7974 1.8541 125.8499 3.1227 -0.0328 -0.0489 0.9873 0.1478
1680180287.8982 1.5390 126.0163 3.0528 -0.0339 -0.0501 0.9867 0.1506
1680180287.9991 1.2502 126.1292 3.0066 -0.0367 -0.0521 0.9862 0.1526
1680180288.0798 0.8662 126.1632 2.9802 -0.0363 -0.0567 0.9858 0.1538
1680180288.2035 0.5589 126.1877 2.9268 -0.0334 -0.0596 0.9856 0.1545
1680180288.3042 0.2581 126.2539 2.9147 -0.0322 -0.0587 0.9856 0.1554
1680180288.3847 -0.0394 126.3505 2.9312 -0.0326 -0.0569 0.9855 0.1568
1680180288.5266 -0.1614 126.5520 2.9506 -0.0325 -0.0546 0.9854 0.1582
1680180288.6097 -0.3089 126.7508 2.9533 -0.0324 -0.0531 0.9853 0.1592
1680180288.6910 -0.5467 126.7967 2.9277 -0.0321 -0.0539 0.9847 0.1624
1680180288.8151 -0.9138 126.8588 2.8593 -0.0305 -0.0554 0.9844 0.1640
1680180288.8980 -1.2683 126.8934 2.8169 -0.0292 -0.0566 0.9838 0.1674
1680180289.0042 -1.6799 127.0319 2.7902 -0.0273 -0.0566 0.9833 0.1708
1680180289.0849 -1.9961 127.1744 2.7983 -0.0270 -0.0571 0.9826 0.1749
1680180289.2082 -2.3479 127.2889 2.7532 -0.0288 -0.0570 0.9821 0.1773
1680180289.3093 -2.4726 127.3117 2.7460 -0.0303 -0.0571 0.9819 0.1780
1680180289.4102 -2.5462 127.3715 2.7440 -0.0303 -0.0570 0.9819 0.1779
1680180289.4800 -2.6859 127.5561 2.7678 -0.0302 -0.0564 0.9818 0.1787
1680180289.5807 -2.9124 127.6565 2.7581 -0.0303 -0.0564 0.9815 0.1802
1680180289.6837 -3.3953 127.8212 2.7191 -0.0311 -0.0564 0.9809 0.1834
1680180289.7884 -3.8535 128.0140 2.6854 -0.0321 -0.0561 0.9803 0.1865
1680180289.8935 -4.1092 128.1966 2.6806 -0.0324 -0.0554 0.9801 0.1880
1680180290.0145 -4.3906 128.2970 2.6574 -0.0318 -0.0544 0.9798 0.1897
1680180290.0952 -4.6895 128.3954 2.6136 -0.0302 -0.0517 0.9795 0.1923
1680180290.1963 -4.9968 128.5053 2.5857 -0.0296 -0.0484 0.9791 0.1951
1680180290.3174 -5.2776 128.6718 2.6087 -0.0306 -0.0462 0.9786 0.1982
1680180290.3983 -5.5851 128.8149 2.6214 -0.0313 -0.0460 0.9781 0.2004
1680180290.4994 -5.8818 128.8882 2.5679 -0.0296 -0.0480 0.9778 0.2020
1680180290.6208 -6.1270 129.0123 2.5432 -0.0280 -0.0527 0.9773 0.2031
1680180290.7036 -6.4896 129.1521 2.4951 -0.0274 -0.0581 0.9768 0.2043
1680180290.8045 -6.9209 129.2919 2.4397 -0.0294 -0.0616 0.9766 0.2040
1680180290.8853 -7.2218 129.3746 2.4186 -0.0306 -0.0611 0.9763 0.2054
1680180290.9865 -7.4187 129.5066 2.4538 -0.0294 -0.0581 0.9761 0.2072
1680180291.1076 -7.6085 129.7243 2.4953 -0.0282 -0.0553 0.9759 0.2090
1680180291.2104 -7.9398 129.8480 2.4717 -0.0264 -0.0547 0.9756 0.2111
1680180291.2913 -8.3130 129.8846 2.4178 -0.0250 -0.0582 0.9750 0.2131
1680180291.4331 -8.6198 129.9397 2.3482 -0.0232 -0.0640 0.9738 0.2171
1680180291.5141 -9.0099 130.1095 2.3099 -0.0249 -0.0652 0.9730 0.2202
1680180291.5949 -9.3177 130.3334 2.3551 -0.0319 -0.0645 0.9723 0.2222
1680180291.6957 -9.4644 130.4547 2.3065 -0.0377 -0.0609 0.9721 0.2235
1680180291.8187 -9.6163 130.4978 2.2962 -0.0353 -0.0579 0.9716 0.2269
1680180291.8999 -9.9127 130.6483 2.3101 -0.0271 -0.0589 0.9706 0.2318
1680180292.0017 -10.2282 130.7976 2.2691 -0.0224 -0.0601 0.9695 0.2367
1680180292.0825 -10.5410 131.0553 2.2587 -0.0286 -0.0606 0.9681 0.2414
1680180292.2037 -10.7429 131.1941 2.2466 -0.0387 -0.0600 0.9672 0.2437
1680180292.3045 -10.9290 131.3200 2.2019 -0.0409 -0.0581 0.9668 0.2454
1680180292.4053 -11.1134 131.4402 2.2229 -0.0348 -0.0565 0.9662 0.2491
1680180292.5106 -11.3131 131.5436 2.2906 -0.0291 -0.0562 0.9650 0.2543
1680180292.6114 -11.5981 131.7514 2.2468 -0.0290 -0.0546 0.9625 0.2640
1680180292.6921 -11.9493 132.0051 2.1730 -0.0351 -0.0501 0.9598 0.2740
1680180292.7932 -12.3308 132.1906 2.1466 -0.0400 -0.0454 0.9577 0.2815
1680180292.8972 -12.4173 132.2915 2.1681 -0.0388 -0.0446 0.9575 0.2824
1680180293.0052 -12.4944 132.4009 2.1646 -0.0319 -0.0472 0.9573 0.2836
1680180293.0931 -12.6454 132.5536 2.1785 -0.0308 -0.0506 0.9567 0.2849
1680180293.2207 -12.9699 132.8257 2.1246 -0.0387 -0.0514 0.9548 0.2901
1680180293.3118 -13.4501 133.0824 2.0682 -0.0482 -0.0497 0.9520 0.2982
1680180293.3926 -13.8603 133.2565 2.0263 -0.0473 -0.0497 0.9496 0.3059
1680180293.4934 -14.0375 133.4601 2.0229 -0.0363 -0.0520 0.9487 0.3097
1680180293.6358 -14.0976 133.6166 2.0539 -0.0261 -0.0528 0.9485 0.3114
1680180293.6962 -14.1854 133.8569 2.0682 -0.0279 -0.0503 0.9477 0.3141
1680180293.8002 -14.4598 134.0778 2.0276 -0.0386 -0.0448 0.9457 0.3198
1680180293.9009 -14.7919 134.2317 2.0062 -0.0444 -0.0409 0.9437 0.3252
1680180294.0053 -15.1189 134.3980 1.9686 -0.0368 -0.0415 0.9420 0.3311
1680180294.0973 -15.3995 134.6626 1.9726 -0.0239 -0.0470 0.9397 0.3380
1680180294.2008 -15.6493 134.8839 1.9541 -0.0180 -0.0515 0.9374 0.3441
1680180294.3162 -15.8822 135.0954 1.9029 -0.0220 -0.0515 0.9353 0.3493
1680180294.3968 -16.0908 135.3350 1.9030 -0.0317 -0.0507 0.9340 0.3523
1680180294.4988 -16.2732 135.5059 1.8792 -0.0339 -0.0504 0.9325 0.3561
1680180294.6002 -16.4709 135.7298 1.8911 -0.0278 -0.0526 0.9309 0.3604
1680180294.7014 -16.6962 135.9101 1.8658 -0.0213 -0.0545 0.9291 0.3651
1680180294.8025 -16.9002 136.1867 1.8457 -0.0233 -0.0517 0.9274 0.3697
1680180294.9038 -17.1588 136.4713 1.8667 -0.0291 -0.0491 0.9253 0.3748
1680180295.0098 -17.3758 136.7208 1.8969 -0.0308 -0.0498 0.9235 0.3791
1680180295.0964 -17.5617 136.8664 1.8541 -0.0282 -0.0527 0.9219 0.3827
1680180295.2237 -17.7105 136.9801 1.8055 -0.0251 -0.0549 0.9205 0.3861
1680180295.3247 -17.9598 137.2159 1.7939 -0.0265 -0.0575 0.9182 0.3910
1680180295.4055 -18.2546 137.5622 1.7676 -0.0312 -0.0583 0.9155 0.3967
1680180295.5064 -18.5287 137.8563 1.7709 -0.0355 -0.0552 0.9127 0.4033
1680180295.6078 -18.7679 138.0934 1.7899 -0.0356 -0.0521 0.9103 0.4090
1680180295.7086 -18.9654 138.2710 1.7840 -0.0314 -0.0518 0.9081 0.4142
1680180295.7916 -19.1232 138.4682 1.8001 -0.0278 -0.0530 0.9053 0.4206
1680180295.9124 -19.2843 138.7107 1.8006 -0.0297 -0.0545 0.9024 0.4264
1680180296.0131 -19.4869 138.9119 1.7543 -0.0351 -0.0573 0.8992 0.4324
1680180296.0937 -19.6766 139.1181 1.7053 -0.0380 -0.0617 0.8978 0.4344
1680180296.2361 -19.8130 139.3204 1.6974 -0.0371 -0.0661 0.8971 0.4353
1680180296.3167 -19.9683 139.5734 1.7105 -0.0368 -0.0669 0.8957 0.4380
1680180296.4016 -20.0846 139.8582 1.7251 -0.0394 -0.0657 0.8932 0.4431
1680180296.4881 -20.2190 140.0266 1.7515 -0.0408 -0.0645 0.8908 0.4480
1680180296.6089 -20.4539 140.2280 1.7429 -0.0383 -0.0647 0.8889 0.4519
1680180296.7105 -20.6923 140.4920 1.7166 -0.0356 -0.0657 0.8870 0.4558
1680180296.7915 -20.8855 140.7610 1.6950 -0.0355 -0.0669 0.8849 0.4595
1680180296.9134 -21.0304 140.9982 1.6636 -0.0346 -0.0709 0.8831 0.4624
1680180297.0143 -21.1684 141.2266 1.6367 -0.0352 -0.0728 0.8814 0.4654
1680180297.1151 -21.3128 141.5120 1.6624 -0.0385 -0.0714 0.8799 0.4683
1680180297.1967 -21.4690 141.7470 1.6800 -0.0401 -0.0702 0.8783 0.4713
1680180297.2985 -21.5763 141.9715 1.6747 -0.0369 -0.0678 0.8767 0.4749
1680180297.4196 -21.7746 142.2283 1.7210 -0.0326 -0.0699 0.8747 0.4785
1680180297.5004 -21.9283 142.4791 1.6630 -0.0300 -0.0725 0.8741 0.4794
1680180297.6028 -22.0902 142.7444 1.5992 -0.0265 -0.0722 0.8746 0.4787
1680180297.6848 -22.2085 142.8987 1.6395 -0.0258 -0.0709 0.8750 0.4781
1680180297.8282 -22.2633 143.1210 1.6562 -0.0251 -0.0685 0.8749 0.4788
1680180297.9088 -22.3478 143.4257 1.6567 -0.0218 -0.0627 0.8739 0.4816
1680180297.9896 -22.5318 143.7109 1.6870 -0.0162 -0.0572 0.8708 0.4881
1680180298.1122 -22.7253 143.9381 1.7095 -0.0096 -0.0552 0.8681 0.4931
1680180298.2193 -22.8186 144.1166 1.7148 -0.0072 -0.0567 0.8679 0.4935
1680180298.3058 -22.9392 144.3428 1.6758 -0.0105 -0.0582 0.8681 0.4929
1680180298.3879 -23.0853 144.6326 1.6269 -0.0155 -0.0585 0.8692 0.4907
1680180298.5087 -23.2758 144.8972 1.6229 -0.0175 -0.0586 0.8700 0.4893
1680180298.6122 -23.3952 145.0593 1.6561 -0.0181 -0.0592 0.8710 0.4874
1680180298.6928 -23.5619 145.2387 1.6687 -0.0208 -0.0598 0.8715 0.4863
1680180298.8158 -23.7585 145.5112 1.6549 -0.0263 -0.0609 0.8716 0.4856
1680180298.8967 -23.9028 145.7358 1.6186 -0.0308 -0.0629 0.8718 0.4849
1680180298.9995 -24.0590 146.0019 1.5800 -0.0319 -0.0634 0.8720 0.4843
1680180299.1210 -24.2030 146.2408 1.5875 -0.0299 -0.0607 0.8720 0.4848
1680180299.1884 -24.3506 146.5204 1.6447 -0.0280 -0.0555 0.8724 0.4848
1680180299.3104 -24.4957 146.7777 1.7139 -0.0297 -0.0501 0.8732 0.4838
1680180299.4115 -24.6421 146.9966 1.7373 -0.0360 -0.0476 0.8737 0.4827
1680180299.5007 -24.7458 147.2170 1.6649 -0.0414 -0.0517 0.8746 0.4802
1680180299.6284 -24.8785 147.4020 1.5847 -0.0420 -0.0564 0.8759 0.4773
1680180299.7167 -24.9794 147.5385 1.5741 -0.0385 -0.0595 0.8774 0.4746
1680180299.7979 -25.1493 147.7235 1.5947 -0.0352 -0.0572 0.8781 0.4738
1680180299.8993 -25.3246 147.9757 1.6357 -0.0372 -0.0503 0.8782 0.4742
1680180300.0206 -25.4642 148.2664 1.6325 -0.0403 -0.0459 0.8777 0.4752
1680180300.1012 -25.5012 148.4921 1.5974 -0.0361 -0.0464 0.8776 0.4757
1680180300.2054 -25.6689 148.7404 1.5851 -0.0282 -0.0476 0.8773 0.4767
1680180300.3278 -25.9406 148.9794 1.5941 -0.0262 -0.0498 0.8773 0.4766
1680180300.4116 -26.1317 149.2133 1.5606 -0.0340 -0.0494 0.8771 0.4766
1680180300.4927 -26.2992 149.3905 1.5362 -0.0465 -0.0507 0.8776 0.4745
1680180300.6157 -26.3089 149.5093 1.4970 -0.0479 -0.0556 0.8793 0.4706
1680180300.7178 -26.4191 149.7344 1.4648 -0.0361 -0.0594 0.8811 0.4678
1680180300.7987 -26.5904 149.9304 1.4930 -0.0269 -0.0539 0.8820 0.4674
1680180300.8997 -26.7442 150.1881 1.5768 -0.0304 -0.0454 0.8819 0.4682
1680180301.0268 -26.9403 150.4698 1.5450 -0.0391 -0.0398 0.8802 0.4713
1680180301.1277 -27.0851 150.7630 1.4551 -0.0424 -0.0380 0.8802 0.4712
1680180301.2306 -27.2277 151.0039 1.4167 -0.0375 -0.0422 0.8819 0.4681
1680180301.2912 -27.3608 151.1553 1.4426 -0.0301 -0.0459 0.8843 0.4637
1680180301.3965 -27.5037 151.2812 1.4967 -0.0307 -0.0471 0.8859 0.4605
1680180301.5221 -27.6971 151.5146 1.4886 -0.0418 -0.0457 0.8867 0.4582
1680180301.6028 -27.8584 151.7678 1.4100 -0.0519 -0.0454 0.8875 0.4557
1680180301.7040 -28.0288 151.9476 1.3315 -0.0497 -0.0487 0.8881 0.4544
1680180301.8250 -28.2564 152.1730 1.3199 -0.0380 -0.0528 0.8885 0.4543
1680180301.9065 -28.4641 152.3847 1.3948 -0.0321 -0.0537 0.8885 0.4545
1680180302.0076 -28.6278 152.5908 1.4263 -0.0397 -0.0505 0.8882 0.4550
1680180302.0882 -28.6990 152.7691 1.3819 -0.0535 -0.0488 0.8882 0.4537
1680180302.2095 -28.8769 152.9779 1.2699 -0.0592 -0.0505 0.8904 0.4485
1680180302.3108 -28.9693 153.0971 1.2490 -0.0500 -0.0527 0.8939 0.4424
1680180302.3916 -29.1058 153.2303 1.3079 -0.0365 -0.0542 0.8964 0.4384
1680180302.5126 -29.2402 153.4519 1.3339 -0.0312 -0.0521 0.8967 0.4384
1680180302.6136 -29.4122 153.7189 1.3241 -0.0397 -0.0481 0.8954 0.4408
1680180302.6945 -29.5845 153.9258 1.2734 -0.0515 -0.0454 0.8942 0.4424
1680180302.8358 -29.6512 154.0368 1.2250 -0.0517 -0.0461 0.8940 0.4428
1680180302.9163 -29.7626 154.1274 1.2118 -0.0410 -0.0512 0.8956 0.4399
1680180302.9984 -29.9212 154.3093 1.2615 -0.0331 -0.0549 0.8968 0.4377
1680180303.0991 -30.1551 154.5504 1.2602 -0.0363 -0.0544 0.8971 0.4369
1680180303.2243 -30.3093 154.7645 1.1915 -0.0457 -0.0496 0.8981 0.4345
1680180303.3084 -30.3979 154.8764 1.1367 -0.0484 -0.0477 0.8992 0.4322
1680180303.3906 -30.4443 154.9654 1.1741 -0.0423 -0.0485 0.8994 0.4323
1680180303.5146 -30.5513 155.0996 1.2355 -0.0319 -0.0518 0.8992 0.4332
1680180303.6163 -30.7209 155.2634 1.2736 -0.0308 -0.0533 0.8986 0.4344
1680180303.6973 -30.8711 155.4303 1.2083 -0.0396 -0.0531 0.8996 0.4316
1680180303.8017 -31.0348 155.6473 1.0819 -0.0458 -0.0534 0.9007 0.4288
1680180303.9067 -31.1135 155.7304 1.0718 -0.0439 -0.0533 0.9019 0.4264
1680180304.0077 -31.1397 155.8299 1.1392 -0.0335 -0.0520 0.9013 0.4287
1680180304.1089 -31.2176 155.9956 1.2291 -0.0266 -0.0505 0.9007 0.4306
1680180304.1912 -31.3901 156.1886 1.2105 -0.0284 -0.0499 0.9003 0.4315
1680180304.3130 -31.5557 156.3043 1.1214 -0.0346 -0.0503 0.9010 0.4295
1680180304.4264 -31.7095 156.4714 1.0448 -0.0377 -0.0519 0.9021 0.4267
1680180304.5073 -31.7875 156.5667 1.0729 -0.0360 -0.0531 0.9039 0.4229
1680180304.5881 -31.8041 156.6461 1.1456 -0.0319 -0.0530 0.9050 0.4210
1680180304.7094 -31.8646 156.6987 1.1692 -0.0300 -0.0546 0.9056 0.4196
1680180304.7949 -32.0366 156.8704 1.0827 -0.0313 -0.0558 0.9052 0.4202
1680180304.8994 -32.2621 157.1206 1.0276 -0.0351 -0.0556 0.9050 0.4203
1680180305.0217 -32.3823 157.2380 1.0306 -0.0363 -0.0547 0.9054 0.4194
1680180305.1035 -32.4110 157.2260 1.0582 -0.0325 -0.0551 0.9065 0.4173
1680180305.2088 -32.4535 157.2944 1.1012 -0.0286 -0.0548 0.9073 0.4159
1680180305.2898 -32.5117 157.4884 1.0927 -0.0284 -0.0539 0.9076 0.4154
1680180305.4111 -32.5890 157.6422 1.0492 -0.0297 -0.0512 0.9074 0.4160
1680180305.5118 -32.7462 157.7519 1.0171 -0.0288 -0.0491 0.9070 0.4173
1680180305.5926 -32.9003 157.8478 1.0420 -0.0264 -0.0462 0.9068 0.4182
1680180305.7226 -33.0296 158.0014 1.0694 -0.0251 -0.0450 0.9069 0.4181
1680180305.8031 -33.1526 158.1282 1.0564 -0.0277 -0.0455 0.9071 0.4175
1680180305.9151 -33.3103 158.2589 1.0171 -0.0324 -0.0488 0.9070 0.4170
1680180305.9962 -33.4685 158.4542 0.9626 -0.0352 -0.0535 0.9070 0.4163
1680180306.0971 -33.5607 158.5724 0.9478 -0.0352 -0.0559 0.9083 0.4131
1680180306.2123 -33.6163 158.6655 0.9605 -0.0314 -0.0540 0.9099 0.4100
1680180306.3184 -33.7129 158.7514 1.0096 -0.0288 -0.0498 0.9102 0.4102
1680180306.4042 -33.8294 158.9453 1.0290 -0.0291 -0.0449 0.9095 0.4124
1680180306.4879 -33.9630 159.1156 0.9869 -0.0309 -0.0410 0.9087 0.4143
1680180306.6149 -34.0902 159.2374 0.9603 -0.0314 -0.0407 0.9084 0.4149
1680180306.7213 -34.2036 159.3513 0.9443 -0.0292 -0.0423 0.9083 0.4151
1680180306.8027 -34.2918 159.4674 0.9683 -0.0285 -0.0453 0.9086 0.4142
1680180306.9338 -34.3668 159.6052 0.9683 -0.0299 -0.0467 0.9096 0.4118
1680180307.0196 -34.4636 159.7313 0.9338 -0.0314 -0.0461 0.9106 0.4095
1680180307.1073 -34.5985 159.8766 0.9057 -0.0314 -0.0451 0.9102 0.4105
1680180307.2018 -34.7134 159.9953 0.9221 -0.0298 -0.0430 0.9099 0.4114
1680180307.3253 -34.8302 160.1570 0.9543 -0.0281 -0.0397 0.9103 0.4110
1680180307.4172 -35.0420 160.4025 0.9756 -0.0290 -0.0380 0.9106 0.4105
1680180307.5063 -35.2524 160.5736 0.9444 -0.0312 -0.0390 0.9112 0.4089
1680180307.6103 -35.3934 160.7103 0.8982 -0.0338 -0.0410 0.9121 0.4065
1680180307.7269 -35.4766 160.8114 0.8549 -0.0348 -0.0438 0.9131 0.4039
1680180307.7955 -35.6046 160.9212 0.8402 -0.0334 -0.0482 0.9140 0.4015
1680180307.9193 -35.7648 161.0147 0.8406 -0.0311 -0.0517 0.9144 0.4003
1680180308.0268 -36.0102 161.1834 0.8469 -0.0320 -0.0512 0.9144 0.4004
1680180308.1080 -36.2181 161.4693 0.8204 -0.0351 -0.0498 0.9135 0.4021
1680180308.2089 -36.3421 161.6427 0.7751 -0.0364 -0.0457 0.9138 0.4018
1680180308.3170 -36.3023 161.7500 0.7890 -0.0333 -0.0415 0.9148 0.4004
1680180308.4480 -36.4287 161.9183 0.8317 -0.0290 -0.0396 0.9163 0.3974
1680180308.5084 -36.6162 162.0413 0.8579 -0.0292 -0.0387 0.9174 0.3951
1680180308.6328 -36.7815 162.1873 0.8000 -0.0324 -0.0394 0.9176 0.3943
1680180308.7192 -36.9645 162.3517 0.7602 -0.0374 -0.0411 0.9174 0.3940
1680180308.8018 -37.1619 162.5340 0.7270 -0.0378 -0.0459 0.9166 0.3954
1680180308.9031 -37.3357 162.6906 0.7374 -0.0352 -0.0499 0.9160 0.3965
1680180309.0276 -37.4684 162.8635 0.7563 -0.0348 -0.0508 0.9163 0.3958
1680180309.1085 -37.6579 163.0589 0.7352 -0.0363 -0.0482 0.9165 0.3954
1680180309.2169 -37.7630 163.1767 0.7230 -0.0364 -0.0459 0.9173 0.3940
1680180309.3017 -37.8237 163.2572 0.7243 -0.0341 -0.0452 0.9174 0.3938
1680180309.3823 -37.9350 163.3578 0.7185 -0.0303 -0.0449 0.9171 0.3950
1680180309.5038 -38.2055 163.6224 0.7183 -0.0298 -0.0448 0.9163 0.3969
1680180309.6045 -38.4734 163.8809 0.6935 -0.0333 -0.0460 0.9158 0.3975
1680180309.7059 -38.6076 164.0262 0.6592 -0.0362 -0.0474 0.9160 0.3968
1680180309.8066 -38.7259 164.1366 0.6488 -0.0365 -0.0497 0.9171 0.3938
1680180309.9603 -38.8153 164.2794 0.6117 -0.0340 -0.0512 0.9186 0.3903
1680180310.0006 -38.9275 164.4308 0.6209 -0.0322 -0.0497 0.9199 0.3876
1680180310.1069 -39.1437 164.6358 0.6379 -0.0320 -0.0462 0.9198 0.3884
1680180310.2059 -39.4509 164.9045 0.6071 -0.0322 -0.0410 0.9190 0.3908
1680180310.2866 -39.6159 165.0851 0.6213 -0.0330 -0.0384 0.9183 0.3927
1680180310.4079 -39.7286 165.2453 0.5915 -0.0306 -0.0400 0.9179 0.3936
1680180310.5138 -39.8056 165.3846 0.5781 -0.0264 -0.0419 0.9180 0.3935
1680180310.5949 -40.0126 165.5471 0.5883 -0.0246 -0.0436 0.9179 0.3936
1680180310.7047 -40.2250 165.7534 0.5548 -0.0274 -0.0420 0.9179 0.3936
1680180310.7858 -40.3797 165.9677 0.5460 -0.0312 -0.0389 0.9181 0.3932
1680180310.9078 -40.5708 166.1571 0.5351 -0.0320 -0.0386 0.9184 0.3923
1680180310.9887 -40.7617 166.3136 0.5323 -0.0310 -0.0391 0.9183 0.3928
1680180311.1105 -40.9526 166.5466 0.5264 -0.0300 -0.0406 0.9182 0.3929
1680180311.2320 -41.2067 166.7089 0.5096 -0.0294 -0.0444 0.9177 0.3937
1680180311.3136 -41.3523 166.9053 0.4711 -0.0297 -0.0478 0.9175 0.3937
1680180311.4145 -41.4558 167.0601 0.4394 -0.0305 -0.0473 0.9181 0.3924
1680180311.4950 -41.5825 167.1954 0.4605 -0.0305 -0.0460 0.9185 0.3915
1680180311.6231 -41.8026 167.3780 0.4820 -0.0291 -0.0452 0.9184 0.3919
1680180311.7173 -41.9265 167.6145 0.4570 -0.0267 -0.0437 0.9185 0.3921
1680180311.7985 -42.1215 167.8003 0.4656 -0.0267 -0.0425 0.9181 0.3931
1680180311.8790 -42.2992 167.9773 0.4501 -0.0272 -0.0420 0.9179 0.3938
1680180312.0202 -42.5184 168.1093 0.4331 -0.0274 -0.0421 0.9175 0.3946
1680180312.1011 -42.6847 168.2983 0.4167 -0.0271 -0.0426 0.9175 0.3945
1680180312.2037 -42.8235 168.4450 0.4288 -0.0262 -0.0436 0.9179 0.3934
1680180312.3046 -42.9780 168.6317 0.4054 -0.0230 -0.0438 0.9184 0.3925
1680180312.4268 -43.1556 168.8256 0.3923 -0.0203 -0.0438 0.9184 0.3926
1680180312.5118 -43.3347 169.0326 0.3988 -0.0200 -0.0437 0.9178 0.3942
1680180312.5923 -43.5113 169.2530 0.3772 -0.0200 -0.0419 0.9170 0.3963
1680180312.7132 -43.6636 169.4616 0.3626 -0.0210 -0.0405 0.9163 0.3978
1680180312.8141 -43.8125 169.6521 0.3797 -0.0189 -0.0418 0.9160 0.3985
1680180312.9154 -43.9903 169.7867 0.3927 -0.0159 -0.0452 0.9163 0.3976
1680180312.9980 -44.1988 169.9148 0.4037 -0.0158 -0.0490 0.9168 0.3959
1680180313.0991 -44.4156 170.0858 0.3670 -0.0194 -0.0532 0.9173 0.3941
1680180313.2204 -44.6378 170.2696 0.2875 -0.0209 -0.0567 0.9175 0.3930
1680180313.3012 -44.8169 170.4276 0.2787 -0.0209 -0.0574 0.9178 0.3923
1680180313.4020 -44.9630 170.5719 0.3469 -0.0222 -0.0577 0.9177 0.3923
1680180313.4832 -45.0740 170.7656 0.3151 -0.0215 -0.0573 0.9173 0.3935
1680180313.6069 -45.1871 170.9526 0.3015 -0.0207 -0.0551 0.9170 0.3946
1680180313.7114 -45.3086 171.1706 0.2937 -0.0194 -0.0512 0.9165 0.3963
1680180313.7922 -45.4947 171.3749 0.2971 -0.0181 -0.0453 0.9160 0.3982
1680180313.8932 -45.7008 171.5672 0.3562 -0.0191 -0.0398 0.9157 0.3994
1680180314.0185 -45.8320 171.7130 0.3803 -0.0202 -0.0437 0.9148 0.4011
1680180314.0991 -46.0041 171.9110 0.3278 -0.0210 -0.0520 0.9141 0.4017
1680180314.2017 -46.2046 172.0432 0.2522 -0.0235 -0.0602 0.9138 0.4010
1680180314.2832 -46.4100 172.1372 0.2388 -0.0285 -0.0658 0.9138 0.3999
1680180314.4044 -46.5702 172.2607 0.2222 -0.0287 -0.0658 0.9134 0.4007
1680180314.5054 -46.7195 172.4344 0.2760 -0.0261 -0.0640 0.9128 0.4025
1680180314.6266 -46.8735 172.5807 0.3327 -0.0248 -0.0615 0.9121 0.4045
1680180314.6887 -46.9737 172.7938 0.2733 -0.0254 -0.0579 0.9111 0.4074
1680180314.8131 -47.1158 173.0125 0.2462 -0.0270 -0.0543 0.9096 0.4110
1680180314.8940 -47.2455 173.1834 0.2668 -0.0260 -0.0521 0.9082 0.4145
1680180314.9975 -47.3679 173.3328 0.2693 -0.0221 -0.0520 0.9079 0.4153
1680180315.0813 -47.4357 173.4301 0.2796 -0.0204 -0.0518 0.9082 0.4148
1680180315.2253 -47.5662 173.5782 0.2774 -0.0224 -0.0522 0.9082 0.4146
1680180315.3059 -47.7442 173.7473 0.2419 -0.0248 -0.0531 0.9083 0.4141
1680180315.4268 -47.9276 173.8905 0.2180 -0.0253 -0.0540 0.9091 0.4122
1680180315.5154 -48.0518 174.0608 0.2278 -0.0241 -0.0546 0.9099 0.4104
1680180315.6161 -48.1126 174.2131 0.2329 -0.0235 -0.0542 0.9095 0.4114
1680180315.7029 -48.2089 174.3749 0.2232 -0.0238 -0.0526 0.9092 0.4124
1680180315.8038 -48.3920 174.5339 0.2367 -0.0252 -0.0522 0.9084 0.4140
1680180315.8847 -48.5851 174.6837 0.2445 -0.0268 -0.0519 0.9076 0.4156
1680180316.0059 -48.6890 174.7929 0.2199 -0.0293 -0.0522 0.9069 0.4170
1680180316.1068 -48.8554 174.9845 0.1936 -0.0302 -0.0544 0.9072 0.4160
1680180316.2076 -48.9948 175.0939 0.1891 -0.0294 -0.0551 0.9079 0.4145
1680180316.2883 -49.1129 175.2393 0.1944 -0.0287 -0.0540 0.9081 0.4142
1680180316.4095 -49.2012 175.4037 0.1927 -0.0290 -0.0512 0.9081 0.4145
1680180316.4904 -49.3191 175.5569 0.2053 -0.0282 -0.0490 0.9079 0.4153
1680180316.5915 -49.4362 175.7062 0.2241 -0.0261 -0.0486 0.9074 0.4167
1680180316.7126 -49.5411 175.8674 0.2143 -0.0252 -0.0491 0.9068 0.4180
1680180316.7935 -49.6909 176.0226 0.1809 -0.0272 -0.0499 0.9062 0.4191
1680180316.8988 -49.8009 176.1858 0.1481 -0.0295 -0.0501 0.9058 0.4198
1680180316.9805 -49.9287 176.3188 0.1417 -0.0288 -0.0499 0.9054 0.4206
1680180317.1216 -50.0587 176.4436 0.1905 -0.0269 -0.0500 0.9053 0.4211
1680180317.2092 -50.1776 176.5480 0.1969 -0.0254 -0.0506 0.9049 0.4218
1680180317.2900 -50.2827 176.7199 0.1624 -0.0252 -0.0508 0.9046 0.4224
1680180317.4110 -50.4197 176.9127 0.1413 -0.0253 -0.0506 0.9045 0.4228
1680180317.5123 -50.5776 177.0745 0.1481 -0.0249 -0.0500 0.9046 0.4227
1680180317.5933 -50.6694 177.1753 0.1569 -0.0251 -0.0491 0.9050 0.4217
1680180317.6946 -50.7403 177.2856 0.1527 -0.0241 -0.0488 0.9057 0.4204
1680180317.8164 -50.8665 177.4463 0.1429 -0.0213 -0.0485 0.9057 0.4206
1680180317.9007 -51.0165 177.5921 0.1328 -0.0189 -0.0477 0.9056 0.4209
1680180317.9966 -51.1157 177.7570 0.1303 -0.0186 -0.0473 0.9055 0.4213
1680180318.0777 -51.2125 177.9004 0.1131 -0.0185 -0.0469 0.9059 0.4205
1680180318.2201 -51.3328 177.9993 0.1233 -0.0190 -0.0479 0.9062 0.4198
1680180318.3019 -51.4897 178.1398 0.1378 -0.0195 -0.0492 0.9067 0.4184
1680180318.4048 -51.6182 178.2659 0.1158 -0.0191 -0.0503 0.9076 0.4165
1680180318.5067 -51.7279 178.3512 0.0801 -0.0169 -0.0511 0.9082 0.4150
1680180318.6074 -51.7990 178.4773 0.1076 -0.0156 -0.0506 0.9089 0.4137
1680180318.6940 -51.9496 178.6713 0.1463 -0.0150 -0.0507 0.9094 0.4126
1680180318.7962 -52.0857 178.8097 0.1139 -0.0144 -0.0513 0.9098 0.4117
1680180318.8970 -52.2171 178.9534 0.0711 -0.0139 -0.0515 0.9102 0.4106
1680180318.9985 -52.3375 179.0575 0.0846 -0.0142 -0.0514 0.9108 0.4094
1680180319.1038 -52.4075 179.1882 0.1017 -0.0140 -0.0509 0.9119 0.4071
1680180319.2102 -52.5029 179.2890 0.0876 -0.0124 -0.0496 0.9129 0.4051
1680180319.2908 -52.6094 179.4023 0.1002 -0.0113 -0.0486 0.9135 0.4039
1680180319.4150 -52.7442 179.5657 0.1280 -0.0110 -0.0479 0.9136 0.4036
1680180319.4955 -52.8560 179.6926 0.1027 -0.0106 -0.0482 0.9135 0.4037
1680180319.5963 -52.9793 179.8106 0.0885 -0.0103 -0.0496 0.9137 0.4032
1680180319.6974 -53.0724 179.9081 0.0863 -0.0086 -0.0511 0.9142 0.4020
1680180319.7985 -53.1486 179.9845 0.0901 -0.0065 -0.0512 0.9145 0.4013
1680180319.9007 -53.2522 180.1047 0.0880 -0.0064 -0.0488 0.9151 0.4003
1680180319.9895 -53.3423 180.2337 0.0840 -0.0073 -0.0457 0.9154 0.3999
1680180320.0918 -53.5066 180.3670 0.0935 -0.0065 -0.0433 0.9153 0.4004
1680180320.1990 -53.6182 180.5433 0.1023 -0.0041 -0.0427 0.9152 0.4007
1680180320.3022 -53.7220 180.5910 0.1107 -0.0017 -0.0431 0.9152 0.4008
1680180320.3827 -53.7907 180.6903 0.1031 -0.0015 -0.0429 0.9150 0.4012
1680180320.5036 -53.8478 180.8241 0.0949 -0.0026 -0.0427 0.9145 0.4024
1680180320.6066 -53.9533 180.9790 0.0893 -0.0040 -0.0415 0.9134 0.4049
1680180320.7079 -54.0789 181.1362 0.0978 -0.0051 -0.0410 0.9126 0.4067
1680180320.7889 -54.1770 181.2356 0.0902 -0.0044 -0.0414 0.9122 0.4076
1680180320.9102 -54.2308 181.2606 0.0748 -0.0029 -0.0411 0.9121 0.4079
1680180321.0130 -54.3073 181.3472 0.1205 -0.0031 -0.0391 0.9127 0.4067
1680180321.0940 -54.4625 181.4968 0.1159 -0.0047 -0.0378 0.9152 0.4013
1680180321.2008 -54.6111 181.6331 0.0790 -0.0064 -0.0373 0.9189 0.3926
1680180321.3221 -54.6920 181.6932 0.0643 -0.0070 -0.0368 0.9231 0.3827
1680180321.4039 -54.7563 181.7471 0.0766 -0.0049 -0.0369 0.9262 0.3753
1680180321.5107 -54.8598 181.8318 0.1049 -0.0016 -0.0370 0.9282 0.3703
1680180321.5946 -54.9869 181.8985 0.1223 -0.0015 -0.0377 0.9298 0.3661
1680180321.7174 -55.0763 181.9921 0.0890 -0.0028 -0.0378 0.9318 0.3609
1680180321.8183 -55.1913 182.0536 0.0663 -0.0053 -0.0369 0.9343 0.3546
1680180321.8997 -55.3157 182.1258 0.0714 -0.0067 -0.0353 0.9373 0.3468
1680180322.0007 -55.4344 182.2110 0.0852 -0.0053 -0.0352 0.9402 0.3388
1680180322.1219 -55.5652 182.2892 0.0985 -0.0031 -0.0354 0.9431 0.3306
1680180322.2100 -55.6884 182.3595 0.0844 -0.0028 -0.0351 0.9463 0.3214
1680180322.3111 -55.8308 182.4672 0.0722 -0.0042 -0.0347 0.9494 0.3122
1680180322.4118 -55.9570 182.5713 0.0592 -0.0057 -0.0339 0.9523 0.3032
1680180322.5125 -56.1230 182.6106 0.0629 -0.0056 -0.0328 0.9546 0.2962
1680180322.5933 -56.2461 182.6422 0.1042 -0.0053 -0.0338 0.9571 0.2879
1680180322.7142 -56.3440 182.6594 0.0961 -0.0051 -0.0356 0.9596 0.2791
1680180322.8150 -56.4721 182.7631 0.0773 -0.0060 -0.0376 0.9622 0.2695
1680180322.8959 -56.6519 182.8279 0.0578 -0.0071 -0.0392 0.9648 0.2598
1680180322.9970 -56.8346 182.8531 0.0268 -0.0071 -0.0387 0.9672 0.2508
1680180323.1242 -56.9976 182.8873 0.0412 -0.0065 -0.0384 0.9694 0.2423
1680180323.2114 -57.1745 182.9329 0.0658 -0.0053 -0.0379 0.9714 0.2343
1680180323.2924 -57.2941 183.0300 0.0635 -0.0050 -0.0369 0.9735 0.2256
1680180323.4139 -57.4422 183.0983 0.0648 -0.0063 -0.0372 0.9754 0.2171
1680180323.5157 -57.6089 183.1138 0.0179 -0.0068 -0.0374 0.9771 0.2091
1680180323.5965 -57.7734 183.1315 -0.0134 -0.0065 -0.0374 0.9788 0.2013
1680180323.6974 -57.8633 183.1776 0.0123 -0.0059 -0.0373 0.9803 0.1938
1680180323.8192 -57.9602 183.2093 0.0311 -0.0059 -0.0365 0.9819 0.1855
1680180323.9000 -58.0651 183.2130 0.0136 -0.0064 -0.0359 0.9836 0.1764
1680180324.0017 -58.2452 183.3200 -0.0037 -0.0069 -0.0364 0.9853 0.1671
1680180324.1031 -58.4451 183.3361 -0.0085 -0.0073 -0.0366 0.9864 0.1598
1680180324.2155 -58.6384 183.3702 -0.0064 -0.0083 -0.0363 0.9876 0.1523
1680180324.2963 -58.7925 183.3836 0.0029 -0.0089 -0.0360 0.9890 0.1432
1680180324.4021 -58.9393 183.4056 -0.0112 -0.0085 -0.0357 0.9903 0.1342
1680180324.4828 -59.0747 183.4346 -0.0155 -0.0097 -0.0347 0.9914 0.1259
1680180324.6040 -59.2300 183.4599 -0.0230 -0.0112 -0.0338 0.9924 0.1177
1680180324.7080 -59.4143 183.4349 -0.0289 -0.0126 -0.0353 0.9934 0.1083
1680180324.8089 -59.5420 183.3757 -0.0328 -0.0135 -0.0370 0.9942 0.1003
1680180324.8956 -59.7029 183.4239 -0.0422 -0.0144 -0.0387 0.9948 0.0931
1680180325.0171 -59.8468 183.4313 -0.0774 -0.0154 -0.0392 0.9953 0.0871
1680180325.0977 -60.0347 183.4093 -0.0954 -0.0169 -0.0400 0.9957 0.0814
1680180325.2011 -60.1837 183.3751 -0.0981 -0.0183 -0.0399 0.9962 0.0752
1680180325.2817 -60.3042 183.4016 -0.1002 -0.0185 -0.0393 0.9967 0.0682
1680180325.3846 -60.4691 183.4469 -0.0874 -0.0179 -0.0384 0.9972 0.0618
1680180325.5124 -60.6530 183.4807 -0.0990 -0.0185 -0.0375 0.9976 0.0549
1680180325.6138 -60.7794 183.4664 -0.1156 -0.0196 -0.0373 0.9980 0.0468
1680180325.6950 -60.8805 183.4246 -0.1196 -0.0202 -0.0382 0.9983 0.0392
1680180325.8163 -61.0078 183.3814 -0.1399 -0.0205 -0.0394 0.9985 0.0312
1680180325.8970 -61.1265 183.3329 -0.1495 -0.0209 -0.0408 0.9987 0.0241
1680180325.9853 -61.2820 183.3172 -0.1578 -0.0210 -0.0414 0.9988 0.0174
1680180326.1067 -61.4365 183.3611 -0.1729 -0.0222 -0.0401 0.9989 0.0095
1680180326.2108 -61.5935 183.3730 -0.1803 -0.0244 -0.0376 0.9990 0.0024
1680180326.2914 -61.7529 183.3571 -0.1731 -0.0264 -0.0348 0.9990 -0.0045
1680180326.4292 -61.8637 183.2918 -0.1650 -0.0263 -0.0336 0.9990 -0.0111
1680180326.5356 -61.9908 183.2665 -0.1799 -0.0253 -0.0339 0.9990 -0.0176
1680180326.5963 -62.1028 183.2513 -0.1822 -0.0259 -0.0342 0.9988 -0.0246
1680180326.7174 -62.2576 183.2606 -0.2036 -0.0272 -0.0347 0.9985 -0.0324
1680180326.7993 -62.4015 183.2573 -0.2184 -0.0272 -0.0355 0.9982 -0.0394
1680180326.9000 -62.5349 183.2391 -0.2300 -0.0263 -0.0346 0.9980 -0.0465
1680180327.0212 -62.6888 183.1789 -0.2344 -0.0274 -0.0327 0.9977 -0.0526
1680180327.1024 -62.8626 183.1191 -0.2440 -0.0302 -0.0315 0.9973 -0.0585
1680180327.2036 -62.9813 183.0874 -0.2568 -0.0315 -0.0300 0.9970 -0.0639
1680180327.3043 -63.1084 183.1028 -0.2803 -0.0305 -0.0282 0.9966 -0.0714
1680180327.4254 -63.2277 183.0739 -0.2988 -0.0285 -0.0269 0.9962 -0.0772
1680180327.5063 -63.3219 183.0230 -0.3139 -0.0281 -0.0266 0.9959 -0.0814
1680180327.6107 -63.4950 182.9576 -0.3238 -0.0292 -0.0261 0.9954 -0.0869
1680180327.6917 -63.6676 182.8519 -0.3038 -0.0307 -0.0267 0.9947 -0.0942
1680180327.8126 -63.7725 182.8327 -0.3169 -0.0309 -0.0271 0.9938 -0.1032
1680180327.9144 -63.8871 182.8822 -0.3616 -0.0299 -0.0262 0.9928 -0.1132
1680180327.9956 -63.9936 182.8300 -0.3663 -0.0287 -0.0257 0.9916 -0.1234
1680180328.0962 -64.1446 182.7311 -0.3907 -0.0292 -0.0246 0.9904 -0.1330
1680180328.1981 -64.2778 182.6184 -0.3960 -0.0305 -0.0234 0.9892 -0.1415
1680180328.2988 -64.4070 182.5367 -0.3839 -0.0313 -0.0239 0.9881 -0.1485
1680180328.3793 -64.5198 182.4920 -0.4200 -0.0303 -0.0238 0.9869 -0.1568
1680180328.5006 -64.6380 182.5101 -0.4420 -0.0291 -0.0229 0.9854 -0.1662
1680180328.6031 -64.7348 182.4587 -0.4566 -0.0284 -0.0216 0.9844 -0.1723
1680180328.6846 -64.9060 182.3464 -0.4504 -0.0293 -0.0201 0.9836 -0.1771
1680180328.8262 -65.0385 182.2384 -0.4647 -0.0304 -0.0201 0.9828 -0.1812
1680180328.9128 -65.1585 182.1930 -0.4876 -0.0309 -0.0209 0.9821 -0.1849
1680180328.9938 -65.2485 182.1670 -0.5052 -0.0307 -0.0210 0.9814 -0.1883
1680180329.0945 -65.3380 182.1265 -0.5086 -0.0299 -0.0208 0.9808 -0.1917
1680180329.2161 -65.4537 182.0566 -0.5082 -0.0295 -0.0207 0.9800 -0.1959
1680180329.2969 -65.5955 181.9932 -0.5058 -0.0298 -0.0210 0.9789 -0.2011
1680180329.3980 -65.6911 181.9814 -0.5310 -0.0298 -0.0214 0.9779 -0.2060
1680180329.4793 -65.7758 181.9367 -0.5511 -0.0299 -0.0216 0.9769 -0.2107
1680180329.6007 -65.8251 181.8480 -0.5506 -0.0298 -0.0211 0.9762 -0.2138
1680180329.7018 -65.8893 181.7704 -0.5496 -0.0292 -0.0195 0.9753 -0.2179
1680180329.7831 -65.9818 181.6900 -0.5648 -0.0287 -0.0179 0.9747 -0.2210
1680180329.8845 -66.0770 181.6578 -0.5735 -0.0293 -0.0174 0.9740 -0.2242
1680180330.0058 -66.1934 181.6231 -0.5879 -0.0298 -0.0176 0.9730 -0.2282
1680180330.1068 -66.2806 181.5967 -0.6046 -0.0301 -0.0167 0.9718 -0.2331
1680180330.1920 -66.3462 181.6200 -0.5975 -0.0298 -0.0167 0.9707 -0.2378
1680180330.3128 -66.3480 181.5337 -0.5921 -0.0296 -0.0164 0.9696 -0.2423
1680180330.4138 -66.4008 181.4658 -0.6194 -0.0297 -0.0156 0.9684 -0.2472
1680180330.4963 -66.4165 181.3698 -0.6134 -0.0298 -0.0160 0.9675 -0.2507
1680180330.6213 -66.5070 181.3063 -0.6344 -0.0300 -0.0159 0.9667 -0.2536
1680180330.7116 -66.6411 181.3584 -0.6361 -0.0304 -0.0153 0.9655 -0.2581
1680180330.8124 -66.6961 181.2997 -0.6366 -0.0301 -0.0145 0.9642 -0.2629
1680180330.9060 -66.7135 181.2385 -0.6558 -0.0305 -0.0136 0.9632 -0.2669
1680180330.9800 -66.7412 181.1910 -0.6556 -0.0312 -0.0129 0.9623 -0.2700
1680180331.1012 -66.7929 181.1684 -0.6539 -0.0318 -0.0121 0.9612 -0.2738
1680180331.2038 -66.8641 181.1534 -0.6596 -0.0328 -0.0118 0.9602 -0.2771
1680180331.3047 -66.8876 181.0711 -0.6701 -0.0328 -0.0116 0.9596 -0.2791
1680180331.4077 -66.9046 181.0422 -0.6669 -0.0330 -0.0111 0.9588 -0.2820
1680180331.5084 -66.9229 181.0112 -0.6529 -0.0344 -0.0113 0.9580 -0.2845
1680180331.6096 -66.9863 181.0362 -0.6682 -0.0353 -0.0126 0.9576 -0.2858
1680180331.6904 -67.0154 181.0971 -0.6937 -0.0350 -0.0131 0.9577 -0.2853
1680180331.8207 -66.9781 181.0605 -0.7037 -0.0330 -0.0118 0.9584 -0.2832
1680180331.9088 -66.9788 181.0620 -0.6681 -0.0312 -0.0106 0.9588 -0.2821
1680180331.9899 -66.9459 181.1056 -0.6472 -0.0295 -0.0094 0.9585 -0.2833
1680180332.1118 -66.9403 181.0857 -0.6473 -0.0297 -0.0098 0.9581 -0.2846
1680180332.2125 -66.9389 181.0231 -0.6619 -0.0316 -0.0115 0.9583 -0.2838
1680180332.2932 -66.9533 181.0166 -0.6950 -0.0335 -0.0132 0.9583 -0.2835
1680180332.4145 -66.9566 181.0430 -0.7062 -0.0339 -0.0123 0.9582 -0.2840
1680180332.5268 -66.9593 181.0487 -0.6840 -0.0331 -0.0108 0.9583 -0.2837
1680180332.6073 -66.9586 181.0611 -0.6414 -0.0317 -0.0099 0.9585 -0.2832
1680180332.7082 -66.9777 181.0793 -0.6448 -0.0303 -0.0098 0.9584 -0.2836
1680180332.7889 -66.9423 181.0657 -0.6688 -0.0304 -0.0107 0.9583 -0.2840
1680180332.9108 -66.9306 181.0456 -0.6763 -0.0323 -0.0120 0.9582 -0.2841
1680180333.0123 -66.9350 181.0226 -0.6880 -0.0333 -0.0121 0.9582 -0.2839
1680180333.0930 -66.9621 181.0589 -0.6843 -0.0328 -0.0117 0.9583 -0.2837
1680180333.1943 -66.9741 181.0674 -0.6697 -0.0316 -0.0107 0.9584 -0.2835
1680180333.3152 -66.9562 181.0570 -0.6489 -0.0313 -0.0102 0.9584 -0.2836
1680180333.3959 -66.9292 181.0647 -0.6536 -0.0317 -0.0107 0.9583 -0.2836
1680180333.4997 -66.9229 181.0573 -0.6756 -0.0320 -0.0112 0.9583 -0.2838
1680180333.5803 -66.9503 181.0761 -0.6930 -0.0322 -0.0114 0.9582 -0.2840
1680180333.6904 -66.9683 181.0845 -0.6840 -0.0323 -0.0113 0.9583 -0.2838
1680180333.7916 -66.9733 181.0681 -0.6709 -0.0321 -0.0108 0.9584 -0.2834
1680180333.8926 -66.9623 181.0737 -0.6595 -0.0319 -0.0106 0.9583 -0.2837
1680180333.9935 -66.9244 181.0733 -0.6622 -0.0317 -0.0105 0.9583 -0.2839
1680180334.0947 -66.9357 181.0632 -0.6745 -0.0320 -0.0108 0.9583 -0.2837
1680180334.2207 -66.9596 181.0486 -0.6829 -0.0320 -0.0111 0.9584 -0.2835
1680180334.3019 -66.9623 181.0372 -0.6856 -0.0320 -0.0113 0.9584 -0.2835
1680180334.4030 -66.9553 181.0505 -0.6748 -0.0319 -0.0111 0.9584 -0.2835
1680180334.4839 -66.9514 181.0815 -0.6659 -0.0318 -0.0106 0.9583 -0.2837
1680180334.6049 -66.9456 181.0981 -0.6643 -0.0318 -0.0105 0.9582 -0.2840
1680180334.7056 -66.9380 181.0753 -0.6716 -0.0321 -0.0108 0.9583 -0.2839
1680180334.8264 -66.9505 181.0529 -0.6772 -0.0322 -0.0110 0.9583 -0.2837
1680180334.8899 -66.9645 181.0384 -0.6795 -0.0323 -0.0111 0.9584 -0.2834
1680180335.0109 -66.9853 181.0741 -0.6765 -0.0320 -0.0108 0.9584 -0.2835
1680180335.1137 -66.9638 181.1012 -0.6745 -0.0317 -0.0106 0.9582 -0.2840
1680180335.1982 -66.9456 181.1089 -0.6688 -0.0318 -0.0106 0.9582 -0.2842
1680180335.2790 -66.9523 181.0771 -0.6739 -0.0318 -0.0108 0.9582 -0.2840
1680180335.4208 -66.9564 181.0642 -0.6773 -0.0321 -0.0108 0.9582 -0.2840
1680180335.5014 -66.9479 181.0583 -0.6780 -0.0322 -0.0110 0.9583 -0.2836
1680180335.5826 -66.9538 181.0797 -0.6736 -0.0321 -0.0110 0.9583 -0.2837
1680180335.6893 -66.9655 181.1012 -0.6686 -0.0319 -0.0109 0.9583 -0.2839
1680180335.8104 -66.9689 181.1099 -0.6731 -0.0317 -0.0107 0.9582 -0.2842
1680180335.8912 -66.9543 181.0866 -0.6778 -0.0317 -0.0109 0.9582 -0.2841
1680180335.9938 -66.9549 181.0649 -0.6815 -0.0319 -0.0110 0.9583 -0.2838
1680180336.1176 -66.9413 181.0698 -0.6758 -0.0319 -0.0111 0.9583 -0.2837
1680180336.1986 -66.9447 181.0835 -0.6719 -0.0319 -0.0109 0.9583 -0.2839
1680180336.2996 -66.9514 181.0886 -0.6704 -0.0319 -0.0106 0.9583 -0.2838
1680180336.4206 -66.9552 181.0539 -0.6702 -0.0321 -0.0106 0.9584 -0.2835
1680180336.5011 -66.9555 181.0325 -0.6766 -0.0319 -0.0109 0.9585 -0.2833
1680180336.6057 -66.9363 181.0442 -0.6803 -0.0318 -0.0110 0.9584 -0.2835
1680180336.7067 -66.9598 181.0748 -0.6831 -0.0318 -0.0108 0.9583 -0.2838
1680180336.8076 -66.9894 181.0906 -0.6812 -0.0319 -0.0108 0.9583 -0.2838
1680180336.9088 -66.9763 181.0914 -0.6662 -0.0319 -0.0108 0.9583 -0.2838
1680180337.0099 -66.9605 181.0655 -0.6691 -0.0318 -0.0108 0.9583 -0.2837
1680180337.0913 -66.9494 181.0756 -0.6747 -0.0319 -0.0109 0.9583 -0.2838
1680180337.2125 -66.9347 181.0427 -0.6796 -0.0319 -0.0109 0.9584 -0.2834
1680180337.3135 -66.9513 181.0375 -0.6750 -0.0320 -0.0109 0.9585 -0.2833
1680180337.3943 -66.9648 181.0340 -0.6734 -0.0320 -0.0108 0.9585 -0.2830
1680180337.4964 -66.9687 181.0370 -0.6759 -0.0319 -0.0108 0.9585 -0.2831
1680180337.6177 -66.9594 181.0395 -0.6818 -0.0319 -0.0109 0.9584 -0.2833
1680180337.6990 -66.9576 181.0542 -0.6771 -0.0320 -0.0107 0.9583 -0.2839
1680180337.8001 -66.9544 181.0538 -0.6717 -0.0320 -0.0109 0.9584 -0.2836
1680180337.8806 -66.9464 181.0948 -0.6725 -0.0320 -0.0108 0.9583 -0.2838
1680180338.0059 -66.9442 181.0853 -0.6755 -0.0318 -0.0110 0.9583 -0.2838
1680180338.1071 -66.9462 181.0781 -0.6757 -0.0318 -0.0109 0.9583 -0.2839
1680180338.1882 -66.9692 181.0765 -0.6665 -0.0320 -0.0107 0.9582 -0.2839
1680180338.3091 -66.9603 181.0460 -0.6642 -0.0322 -0.0108 0.9584 -0.2835
1680180338.4156 -66.9437 181.0580 -0.6703 -0.0321 -0.0109 0.9583 -0.2837
1680180338.4963 -66.9278 181.0708 -0.6727 -0.0320 -0.0109 0.9583 -0.2838
1680180338.5986 -66.9354 181.0531 -0.6711 -0.0320 -0.0110 0.9583 -0.2837
1680180338.7037 -66.9444 181.0386 -0.6709 -0.0320 -0.0109 0.9584 -0.2835
1680180338.8302 -66.9586 181.0842 -0.6692 -0.0320 -0.0109 0.9582 -0.2840
1680180338.9156 -66.9650 181.1171 -0.6734 -0.0319 -0.0108 0.9582 -0.2841
1680180338.9966 -66.9555 181.1134 -0.6757 -0.0319 -0.0108 0.9582 -0.2841
1680180339.0980 -66.9652 181.0929 -0.6673 -0.0321 -0.0109 0.9582 -0.2840
1680180339.1994 -66.9728 181.0697 -0.6702 -0.0322 -0.0109 0.9583 -0.2837
1680180339.3207 -66.9648 181.0339 -0.6773 -0.0320 -0.0108 0.9584 -0.2833
1680180339.4013 -66.9725 181.0867 -0.6737 -0.0319 -0.0108 0.9583 -0.2838
1680180339.5022 -66.9572 181.1001 -0.6704 -0.0319 -0.0109 0.9583 -0.2839
1680180339.6247 -66.9399 181.0608 -0.6701 -0.0320 -0.0109 0.9584 -0.2835
1680180339.7055 -66.9635 181.0650 -0.6758 -0.0320 -0.0109 0.9583 -0.2836
1680180339.8062 -66.9657 181.0815 -0.6701 -0.0321 -0.0109 0.9583 -0.2838
1680180339.9069 -66.9561 181.1081 -0.6738 -0.0318 -0.0108 0.9582 -0.2841
1680180340.0076 -66.9556 181.1015 -0.6741 -0.0320 -0.0108 0.9582 -0.2843
1680180340.1195 -66.9461 181.0883 -0.6749 -0.0320 -0.0108 0.9582 -0.2841
1680180340.1195 -66.9454 181.0779 -0.6797 -0.0319 -0.0109 0.9583 -0.2839
1680180340.3219 -66.9614 181.0624 -0.6803 -0.0319 -0.0110 0.9584 -0.2835
1680180340.4268 -66.9666 181.0517 -0.6670 -0.0320 -0.0109 0.9584 -0.2834
1680180340.5148 -66.9742 181.0804 -0.6641 -0.0320 -0.0108 0.9583 -0.2836
1680180340.5959 -66.9739 181.1057 -0.6688 -0.0321 -0.0108 0.9582 -0.2840
1680180340.7169 -66.9552 181.1056 -0.6781 -0.0320 -0.0109 0.9582 -0.2841
1680180340.8185 -66.9473 181.0682 -0.6770 -0.0319 -0.0108 0.9583 -0.2838
1680180340.8994 -66.9555 181.0468 -0.6694 -0.0321 -0.0108 0.9584 -0.2834
1680180341.0004 -66.9677 181.0550 -0.6715 -0.0319 -0.0108 0.9584 -0.2834
1680180341.1016 -66.9313 181.0851 -0.6707 -0.0319 -0.0107 0.9583 -0.2837
1680180341.2031 -66.9347 181.0825 -0.6712 -0.0320 -0.0107 0.9583 -0.2838
1680180341.3042 -66.9461 181.0743 -0.6668 -0.0321 -0.0107 0.9583 -0.2838
1680180341.4053 -66.9898 181.0785 -0.6700 -0.0321 -0.0106 0.9582 -0.2841
1680180341.5064 -66.9928 181.0645 -0.6702 -0.0315 -0.0103 0.9581 -0.2844
1680180341.6318 -67.0135 181.0665 -0.6742 -0.0314 -0.0100 0.9576 -0.2863
1680180341.7127 -67.0112 181.0114 -0.6780 -0.0310 -0.0095 0.9571 -0.2878
1680180341.8138 -67.0562 180.9800 -0.6882 -0.0312 -0.0095 0.9565 -0.2898
1680180341.9173 -67.1107 180.9253 -0.6999 -0.0309 -0.0095 0.9560 -0.2915
1680180342.0014 -67.1592 180.8793 -0.7002 -0.0308 -0.0088 0.9550 -0.2949
1680180342.1230 -67.1556 180.8559 -0.6941 -0.0308 -0.0085 0.9535 -0.2997
1680180342.2041 -67.1927 180.8224 -0.6912 -0.0310 -0.0083 0.9518 -0.3052
1680180342.3058 -67.2629 180.7362 -0.6932 -0.0315 -0.0079 0.9502 -0.3100
1680180342.4092 -67.3357 180.6689 -0.7060 -0.0316 -0.0075 0.9488 -0.3143
1680180342.5131 -67.4388 180.6331 -0.7424 -0.0312 -0.0061 0.9471 -0.3195
1680180342.6144 -67.5979 180.5055 -0.7647 -0.0316 -0.0056 0.9454 -0.3243
1680180342.7158 -67.6946 180.3812 -0.7788 -0.0320 -0.0050 0.9433 -0.3303
1680180342.7967 -67.7242 180.3261 -0.7679 -0.0327 -0.0042 0.9402 -0.3390
1680180342.8975 -67.7605 180.2689 -0.7857 -0.0339 -0.0026 0.9364 -0.3494
1680180343.0187 -67.8344 180.2069 -0.7904 -0.0351 -0.0012 0.9328 -0.3586
1680180343.1223 -67.9544 180.0832 -0.8027 -0.0354 -0.0006 0.9296 -0.3667
1680180343.2033 -68.0452 179.8729 -0.8201 -0.0355 -0.0004 0.9266 -0.3745
1680180343.3070 -68.1510 179.7320 -0.8334 -0.0359 0.0010 0.9224 -0.3846
1680180343.4279 -68.2251 179.6223 -0.8308 -0.0355 0.0023 0.9178 -0.3955
1680180343.5089 -68.3035 179.5125 -0.8202 -0.0357 0.0026 0.9131 -0.4062
1680180343.6099 -68.3797 179.3793 -0.8396 -0.0365 0.0028 0.9078 -0.4179
1680180343.6916 -68.4725 179.2348 -0.8797 -0.0361 0.0039 0.9022 -0.4298
1680180343.8259 -68.6244 179.0702 -0.9077 -0.0350 0.0056 0.8972 -0.4402
1680180343.9067 -68.7021 178.9494 -0.9099 -0.0347 0.0083 0.8920 -0.4506
1680180344.0076 -68.7491 178.7739 -0.9127 -0.0364 0.0112 0.8863 -0.4616
1680180344.0884 -68.8422 178.5882 -0.9173 -0.0389 0.0124 0.8797 -0.4738
1680180344.2097 -68.9123 178.3866 -0.9383 -0.0383 0.0128 0.8720 -0.4878
1680180344.3107 -68.9993 178.2149 -0.9618 -0.0367 0.0134 0.8629 -0.5038
1680180344.4114 -69.0386 178.0822 -0.9766 -0.0345 0.0145 0.8534 -0.5199
1680180344.5126 -69.0771 177.9419 -0.9616 -0.0332 0.0153 0.8437 -0.5356
1680180344.6186 -69.1080 177.7141 -0.9615 -0.0330 0.0156 0.8351 -0.5490
1680180344.6994 -69.1878 177.5109 -0.9737 -0.0325 0.0147 0.8259 -0.5626
1680180344.8002 -69.1998 177.2727 -1.0015 -0.0313 0.0155 0.8181 -0.5740
1680180344.9213 -69.2172 177.0203 -1.0109 -0.0303 0.0176 0.8105 -0.5847
1680180345.0020 -69.2275 176.8900 -1.0038 -0.0297 0.0191 0.8034 -0.5944
1680180345.1029 -69.2730 176.7018 -0.9972 -0.0298 0.0197 0.7985 -0.6009
1680180345.2255 -69.3244 176.4110 -1.0149 -0.0301 0.0196 0.7954 -0.6050
1680180345.3065 -69.3850 176.1957 -1.0398 -0.0309 0.0192 0.7926 -0.6086
1680180345.4105 -69.4150 175.9941 -1.0550 -0.0309 0.0189 0.7912 -0.6104
1680180345.4910 -69.4819 175.7410 -1.0469 -0.0311 0.0193 0.7894 -0.6128
1680180345.5918 -69.4888 175.5391 -1.0357 -0.0316 0.0198 0.7866 -0.6163
1680180345.6926 -69.5132 175.3368 -1.0553 -0.0299 0.0204 0.7831 -0.6208
1680180345.8137 -69.5406 175.1286 -1.0667 -0.0271 0.0211 0.7787 -0.6264
1680180345.9162 -69.5691 174.9802 -1.0680 -0.0257 0.0218 0.7741 -0.6322
1680180345.9971 -69.6494 174.7968 -1.0823 -0.0257 0.0206 0.7707 -0.6363
1680180346.1183 -69.6170 174.4477 -1.1155 -0.0247 0.0197 0.7710 -0.6360
1680180346.1989 -69.6410 174.1307 -1.1298 -0.0240 0.0205 0.7725 -0.6343
1680180346.2996 -69.7084 173.9492 -1.1237 -0.0240 0.0210 0.7725 -0.6342
1680180346.3805 -69.8025 173.7950 -1.1367 -0.0237 0.0218 0.7710 -0.6360
1680180346.5035 -69.8857 173.5651 -1.1325 -0.0230 0.0215 0.7695 -0.6379
1680180346.6046 -69.8558 173.2216 -1.1406 -0.0225 0.0213 0.7692 -0.6383
1680180346.6855 -69.8510 172.9253 -1.1513 -0.0228 0.0212 0.7682 -0.6395
1680180346.8071 -69.9467 172.6709 -1.1698 -0.0228 0.0214 0.7675 -0.6403
1680180346.9091 -70.0181 172.4219 -1.1776 -0.0221 0.0223 0.7660 -0.6420
1680180346.9901 -70.0861 172.1385 -1.1831 -0.0206 0.0236 0.7641 -0.6443
1680180347.0914 -70.1032 171.7780 -1.1701 -0.0205 0.0241 0.7645 -0.6439
1680180347.2127 -70.0944 171.3588 -1.1724 -0.0205 0.0230 0.7642 -0.6443
1680180347.2939 -70.1569 171.0949 -1.1949 -0.0202 0.0216 0.7609 -0.6482
1680180347.3950 -70.1863 170.8337 -1.2311 -0.0193 0.0217 0.7577 -0.6520
1680180347.5164 -70.2653 170.5014 -1.2478 -0.0187 0.0224 0.7564 -0.6534
1680180347.5970 -70.3238 170.1200 -1.2349 -0.0184 0.0222 0.7570 -0.6527
1680180347.6983 -70.3506 169.7536 -1.2368 -0.0199 0.0229 0.7577 -0.6519
1680180347.8192 -70.3766 169.3252 -1.2227 -0.0209 0.0223 0.7572 -0.6524
1680180347.8998 -70.4473 168.9627 -1.2387 -0.0207 0.0205 0.7565 -0.6533
1680180348.0005 -70.4666 168.6780 -1.2867 -0.0210 0.0202 0.7556 -0.6544
1680180348.0813 -70.5546 168.3712 -1.2943 -0.0213 0.0213 0.7550 -0.6551
1680180348.2028 -70.5905 167.9723 -1.2960 -0.0226 0.0241 0.7555 -0.6543
1680180348.3045 -70.7196 167.5052 -1.3152 -0.0259 0.0255 0.7564 -0.6531
1680180348.4052 -70.7702 167.0720 -1.3141 -0.0303 0.0246 0.7587 -0.6503
1680180348.4860 -70.8539 166.6827 -1.3445 -0.0329 0.0256 0.7609 -0.6475
1680180348.6071 -70.9138 166.2543 -1.3587 -0.0338 0.0285 0.7635 -0.6443
1680180348.7080 -70.9612 165.8869 -1.3249 -0.0344 0.0305 0.7649 -0.6425
1680180348.7886 -71.0417 165.4852 -1.3249 -0.0336 0.0296 0.7666 -0.6406
1680180348.8918 -71.1333 165.0658 -1.3828 -0.0334 0.0293 0.7683 -0.6385
1680180348.9926 -71.2366 164.6608 -1.3945 -0.0332 0.0301 0.7700 -0.6364
1680180349.1180 -71.2932 164.2515 -1.4248 -0.0315 0.0288 0.7703 -0.6362
1680180349.1989 -71.3647 163.8240 -1.4731 -0.0302 0.0294 0.7700 -0.6367
1680180349.2998 -71.4143 163.3499 -1.4630 -0.0296 0.0310 0.7703 -0.6362
1680180349.3815 -71.5016 162.8764 -1.4459 -0.0295 0.0304 0.7699 -0.6368
1680180349.5024 -71.6253 162.4500 -1.4863 -0.0310 0.0302 0.7690 -0.6378
1680180349.5828 -71.7452 162.0397 -1.5017 -0.0331 0.0295 0.7683 -0.6386
1680180349.7036 -71.7942 161.4922 -1.5004 -0.0328 0.0312 0.7686 -0.6381
1680180349.8047 -71.8698 161.0421 -1.4947 -0.0320 0.0315 0.7683 -0.6385
1680180349.8853 -71.9214 160.6451 -1.5237 -0.0311 0.0315 0.7676 -0.6394
1680180350.0067 -72.0052 160.1604 -1.5495 -0.0303 0.0288 0.7681 -0.6390
1680180350.1077 -72.1243 159.6854 -1.5896 -0.0299 0.0275 0.7690 -0.6380
1680180350.1882 -72.1949 159.2535 -1.5916 -0.0304 0.0276 0.7705 -0.6361
1680180350.2889 -72.3295 158.7871 -1.5831 -0.0315 0.0273 0.7728 -0.6333
1680180350.4196 -72.4588 158.2895 -1.6340 -0.0318 0.0278 0.7755 -0.6299
1680180350.5004 -72.5123 157.7303 -1.6568 -0.0330 0.0309 0.7781 -0.6265
1680180350.6014 -72.6115 157.3406 -1.6248 -0.0343 0.0327 0.7780 -0.6265
1680180350.6821 -72.7599 156.8079 -1.6578 -0.0349 0.0334 0.7800 -0.6239
1680180350.8036 -72.8795 156.2687 -1.6855 -0.0365 0.0320 0.7821 -0.6213
1680180350.9045 -72.9967 155.7868 -1.7287 -0.0357 0.0315 0.7824 -0.6209
1680180351.0060 -73.0736 155.3347 -1.7380 -0.0336 0.0322 0.7826 -0.6208
1680180351.1071 -73.1602 154.8527 -1.7523 -0.0318 0.0335 0.7829 -0.6204
1680180351.2108 -73.2636 154.3312 -1.7473 -0.0311 0.0332 0.7827 -0.6208
1680180351.2920 -73.4128 153.9024 -1.7778 -0.0305 0.0321 0.7812 -0.6227
1680180351.4135 -73.5450 153.4513 -1.8232 -0.0302 0.0325 0.7803 -0.6239
1680180351.5143 -73.6741 152.9946 -1.8182 -0.0309 0.0331 0.7796 -0.6247
1680180351.5949 -73.7719 152.4478 -1.8033 -0.0316 0.0343 0.7805 -0.6234
1680180351.6957 -73.9038 151.9280 -1.8392 -0.0317 0.0344 0.7811 -0.6227
1680180351.8166 -74.0341 151.3667 -1.8666 -0.0315 0.0322 0.7808 -0.6232
1680180351.8979 -74.1378 150.8245 -1.9174 -0.0320 0.0302 0.7803 -0.6239
1680180351.9992 -74.2365 150.3406 -1.9335 -0.0333 0.0299 0.7801 -0.6240
1680180352.1214 -74.3568 149.7827 -1.9351 -0.0343 0.0302 0.7811 -0.6227
1680180352.2028 -74.4575 149.2516 -1.9214 -0.0345 0.0306 0.7814 -0.6223
1680180352.3047 -74.5671 148.7019 -1.9432 -0.0352 0.0313 0.7811 -0.6226
1680180352.3965 -74.7240 148.1909 -2.0013 -0.0371 0.0317 0.7808 -0.6228
1680180352.4999 -74.8510 147.6630 -2.0192 -0.0388 0.0299 0.7807 -0.6230
1680180352.6062 -74.9603 147.0932 -2.0476 -0.0378 0.0294 0.7812 -0.6224
1680180352.6873 -75.0653 146.5806 -2.0798 -0.0356 0.0311 0.7813 -0.6224
1680180352.8086 -75.1599 146.1003 -2.0755 -0.0354 0.0327 0.7804 -0.6235
1680180352.8896 -75.2797 145.5744 -2.0788 -0.0376 0.0319 0.7799 -0.6239
1680180353.0107 -75.4346 145.0172 -2.1130 -0.0389 0.0295 0.7796 -0.6243
1680180353.1137 -75.5314 144.4550 -2.1540 -0.0374 0.0291 0.7798 -0.6243
1680180353.1944 -75.6520 143.8959 -2.1704 -0.0338 0.0316 0.7803 -0.6237
1680180353.3155 -75.8153 143.2891 -2.1613 -0.0317 0.0341 0.7803 -0.6236
1680180353.3979 -75.8926 142.7745 -2.1801 -0.0317 0.0333 0.7802 -0.6238
1680180353.4990 -75.9548 142.2233 -2.2039 -0.0329 0.0305 0.7800 -0.6241
1680180353.5804 -76.0747 141.6721 -2.2424 -0.0331 0.0296 0.7793 -0.6250
1680180353.7220 -76.2040 141.1124 -2.2620 -0.0308 0.0312 0.7790 -0.6255
1680180353.8222 -76.3259 140.5806 -2.2480 -0.0289 0.0328 0.7786 -0.6259
1680180353.8876 -76.4498 140.0062 -2.2466 -0.0284 0.0330 0.7782 -0.6265
1680180354.0090 -76.5279 139.4135 -2.2513 -0.0285 0.0316 0.7779 -0.6269
1680180354.1101 -76.6007 138.8317 -2.2997 -0.0273 0.0293 0.7777 -0.6273
1680180354.1909 -76.7519 138.3152 -2.3629 -0.0262 0.0288 0.7775 -0.6277
1680180354.3323 -76.8793 137.7623 -2.3870 -0.0255 0.0315 0.7784 -0.6265
1680180354.4132 -76.9989 137.1891 -2.3407 -0.0258 0.0358 0.7797 -0.6246
1680180354.4938 -77.1425 136.6005 -2.3193 -0.0265 0.0377 0.7806 -0.6234
1680180354.5948 -77.2690 136.0081 -2.3606 -0.0280 0.0358 0.7807 -0.6232
1680180354.7158 -77.3997 135.4395 -2.4129 -0.0285 0.0329 0.7808 -0.6232
1680180354.7966 -77.4952 134.8868 -2.4396 -0.0270 0.0309 0.7817 -0.6223
1680180354.8776 -77.5882 134.2539 -2.4309 -0.0254 0.0300 0.7828 -0.6210
1680180355.0008 -77.7196 133.6529 -2.4270 -0.0256 0.0291 0.7831 -0.6207
1680180355.1037 -77.8628 133.0824 -2.4460 -0.0272 0.0284 0.7830 -0.6208
1680180355.2070 -78.0068 132.5160 -2.4855 -0.0289 0.0286 0.7837 -0.6198
1680180355.2882 -78.1654 131.9740 -2.4960 -0.0296 0.0299 0.7847 -0.6184
1680180355.3922 -78.2948 131.4070 -2.5081 -0.0287 0.0308 0.7865 -0.6161
1680180355.5135 -78.4388 130.8034 -2.5224 -0.0262 0.0312 0.7884 -0.6138
1680180355.6143 -78.5829 130.2014 -2.5431 -0.0244 0.0313 0.7898 -0.6121
1680180355.6986 -78.6975 129.6002 -2.5687 -0.0238 0.0299 0.7908 -0.6108
1680180355.7795 -78.8745 128.9961 -2.5889 -0.0244 0.0290 0.7912 -0.6104
1680180355.8844 -79.0298 128.4599 -2.6022 -0.0248 0.0302 0.7915 -0.6099
1680180356.0055 -79.1963 127.8906 -2.5880 -0.0238 0.0333 0.7930 -0.6079
1680180356.1068 -79.3413 127.2808 -2.5847 -0.0214 0.0369 0.7953 -0.6047
1680180356.1875 -79.4930 126.6579 -2.5742 -0.0204 0.0382 0.7968 -0.6027
1680180356.2948 -79.7130 126.0445 -2.6354 -0.0200 0.0382 0.7975 -0.6018
1680180356.4212 -79.8648 125.4387 -2.6674 -0.0193 0.0384 0.7982 -0.6008
1680180356.5020 -79.9982 124.8606 -2.6233 -0.0185 0.0406 0.7990 -0.5997
1680180356.6029 -80.1901 124.3042 -2.6074 -0.0172 0.0442 0.7988 -0.5998
1680180356.7038 -80.3489 123.7398 -2.5890 -0.0166 0.0453 0.7979 -0.6009
1680180356.8098 -80.5027 123.1287 -2.6127 -0.0136 0.0441 0.7981 -0.6008
1680180356.9381 -80.6742 122.4847 -2.6304 -0.0123 0.0441 0.7997 -0.5987
1680180356.9988 -80.8505 121.8522 -2.6204 -0.0120 0.0441 0.8007 -0.5973
1680180357.1202 -81.0278 121.3066 -2.6456 -0.0109 0.0459 0.8011 -0.5966
1680180357.2013 -81.2389 120.7620 -2.6144 -0.0091 0.0510 0.8021 -0.5949
1680180357.3027 -81.4321 120.1905 -2.5410 -0.0086 0.0518 0.8041 -0.5922
1680180357.4242 -81.6228 119.5180 -2.5633 -0.0117 0.0482 0.8068 -0.5887
1680180357.5078 -81.8097 118.8429 -2.6303 -0.0135 0.0436 0.8097 -0.5851
1680180357.5891 -81.9901 118.3060 -2.6325 -0.0083 0.0464 0.8120 -0.5818
1680180357.6944 -82.1806 117.8034 -2.5367 -0.0046 0.0517 0.8134 -0.5793
1680180357.8198 -82.4122 117.2388 -2.4770 -0.0081 0.0535 0.8144 -0.5778
1680180357.9009 -82.6292 116.6499 -2.5386 -0.0127 0.0539 0.8159 -0.5755
1680180358.0022 -82.8176 116.0989 -2.5620 -0.0103 0.0558 0.8184 -0.5718
1680180358.0832 -83.0192 115.6172 -2.5066 -0.0020 0.0607 0.8207 -0.5682
1680180358.2047 -83.2288 115.1182 -2.4316 -0.0003 0.0631 0.8228 -0.5648
1680180358.3060 -83.4475 114.5481 -2.4121 -0.0053 0.0596 0.8253 -0.5615
1680180358.3868 -83.6409 113.9744 -2.4591 -0.0078 0.0556 0.8276 -0.5585
1680180358.5083 -83.8348 113.4959 -2.4687 -0.0017 0.0584 0.8294 -0.5556
1680180358.6118 -84.0269 113.0239 -2.3804 0.0064 0.0636 0.8312 -0.5523
1680180358.6935 -84.2586 112.5180 -2.3046 0.0068 0.0648 0.8328 -0.5497
1680180358.8150 -84.4973 111.9643 -2.3201 0.0009 0.0610 0.8350 -0.5468
1680180358.9021 -84.7190 111.4161 -2.3340 -0.0025 0.0569 0.8373 -0.5437
1680180359.0035 -84.9141 110.9414 -2.3080 0.0011 0.0560 0.8396 -0.5402
1680180359.0842 -85.1184 110.4879 -2.2853 0.0060 0.0593 0.8412 -0.5375
1680180359.2054 -85.3458 110.0533 -2.2238 0.0083 0.0622 0.8426 -0.5349
1680180359.3066 -85.5704 109.5991 -2.1835 0.0088 0.0629 0.8446 -0.5316
1680180359.4078 -85.8230 109.1041 -2.1878 0.0070 0.0630 0.8471 -0.5277
1680180359.5088 -86.0739 108.6010 -2.1724 0.0041 0.0616 0.8493 -0.5242
1680180359.6098 -86.3022 108.1812 -2.1808 0.0045 0.0626 0.8510 -0.5213
1680180359.6907 -86.5095 107.8102 -2.1439 0.0099 0.0664 0.8523 -0.5188
1680180359.7941 -86.7273 107.4183 -2.0520 0.0125 0.0696 0.8534 -0.5165
1680180359.8991 -86.9648 106.9243 -1.9937 0.0086 0.0671 0.8552 -0.5138
1680180360.0446 -87.2083 106.4512 -2.0271 0.0022 0.0616 0.8568 -0.5120
1680180360.1052 -87.4348 106.0228 -2.0361 0.0016 0.0602 0.8580 -0.5101
1680180360.2079 -87.6587 105.6741 -2.0035 0.0082 0.0647 0.8586 -0.5085
1680180360.2923 -87.8691 105.3383 -1.9437 0.0128 0.0701 0.8592 -0.5067
1680180360.4147 -88.0888 104.9642 -1.8790 0.0108 0.0703 0.8602 -0.5050
1680180360.4956 -88.3429 104.5227 -1.8683 0.0050 0.0661 0.8615 -0.5034
1680180360.5965 -88.5550 104.0821 -1.8789 0.0025 0.0615 0.8633 -0.5010
1680180360.6974 -88.7524 103.6939 -1.8924 0.0068 0.0619 0.8643 -0.4991
1680180360.8184 -88.9427 103.3689 -1.8394 0.0120 0.0655 0.8643 -0.4985
1680180360.8993 -89.1206 103.0310 -1.7619 0.0145 0.0674 0.8644 -0.4980
1680180361.0024 -89.3390 102.6577 -1.7209 0.0118 0.0650 0.8651 -0.4973
