1.000000000000000000e+00 0.000000000000000000e+00 0.000000000000000000e+00 0.000000000000000000e+00 0.000000000000000000e+00 1.000000000000000000e+00 0.000000000000000000e+00 0.000000000000000000e+00 0.000000000000000000e+00 0.000000000000000000e+00 1.000000000000000000e+00 0.000000000000000000e+00
9.999983135672476653e-01 -1.345324670864085160e-03 1.250185662422061443e-03 4.834894229792699449e-01 1.344458937214299639e-03 9.999988560437337304e-01 6.930666562800817058e-04 1.450555561359393071e-02 -1.251116631935585708e-03 -6.913846641827525990e-04 9.999989783466878279e-01 -2.960987413810946007e-03
9.999975501941792411e-01 -1.001203434754885808e-04 2.211239823443672450e-03 1.195792392519684721e+00 9.720511925202130496e-05 9.999991261404381770e-01 1.318434497744570442e-03 5.236361449137992563e-02 -2.211369893245373423e-03 -1.318216324005331121e-03 9.999966860689680770e-01 -7.590874449868376117e-03
9.999982814278092214e-01 1.265478482363079169e-03 1.354882149401170867e-03 1.805854751793138480e+00 -1.267753469569164737e-03 9.999977859316772077e-01 1.679563301542189241e-03 9.456251127363500542e-02 -1.352753698381654315e-03 -1.681278071637167361e-03 9.999976716780281105e-01 -1.670648777915664449e-02
9.999989363203940496e-01 -6.554063301872232452e-04 -1.302996785410614642e-03 2.237448094172988178e+00 6.593941812481682709e-04 9.999950932804106962e-01 3.062452353344743451e-03 1.090717698137005087e-01 1.300983241312484015e-03 -3.063308284375116167e-03 9.999944617771443500e-01 -2.074720258496998843e-02
9.999779776634543094e-01 -5.746638630612861502e-03 -3.319688623542469720e-03 2.625012768187227508e+00 5.759643511469055531e-03 9.999757246063429861e-01 3.921314147069658931e-03 1.031370088720920952e-01 3.297073661433995440e-03 -3.940348013610494443e-03 9.999868013942997402e-01 -3.187877985038533452e-02
9.999550730562186684e-01 -8.827439716535242023e-03 -3.453719326087423182e-03 3.068288009070423872e+00 8.841459595217293285e-03 9.999526495642251378e-01 4.065368582550660248e-03 9.158312477786273442e-02 3.417668994884326839e-03 -4.095721857839724686e-03 9.999857721993371529e-01 -3.199348218450354109e-02
9.999473713928416219e-01 -1.013238146229389174e-02 -1.609127232094446002e-03 3.620361759757851239e+00 1.014058750788785108e-02 9.999351858840122009e-01 5.176148771119578121e-03 1.104102220795508682e-01 1.556576224080818841e-03 -5.192193853127687747e-03 9.999853089888122160e-01 -3.598704623876640418e-02
9.999488355054373390e-01 -1.005613957041681834e-02 1.095640570645983096e-03 4.166681319311784648e+00 1.004864721932875564e-02 9.999274534374364976e-01 6.641728027007693345e-03 1.501427247234141116e-01 -1.162351229717116042e-03 -6.630378500776562718e-03 9.999773432536135376e-01 -5.228184125571967711e-02
9.999455164411812369e-01 -1.043089072130054355e-02 4.008340548803690528e-04 4.644799904604952623e+00 1.042798442142270528e-02 9.999233572444358176e-01 6.673588084604205849e-03 1.774417520051902730e-01 -4.704148018833589754e-04 -6.669044592495398070e-03 9.999776510273304941e-01 -7.688490918135537644e-02
9.999046686361582337e-01 -1.253740677375129661e-02 -5.785073120020869930e-03 5.089660879051057130e+00 1.258688456381922005e-02 9.998838240116605380e-01 8.597023717292477663e-03 1.886864897951369135e-01 5.676616650046251850e-03 -8.669020198851483394e-03 9.999463106148250846e-01 -8.240345299492821129e-02
9.998322990133929888e-01 -1.463164291176263267e-02 -1.101312286755578088e-02 5.530846240333385566e+00 1.475844691263305912e-02 9.998246997582154183e-01 1.152206570548245344e-02 1.939755287683590790e-01 1.084260551344580839e-02 -1.168267003287901985e-02 9.998729684947896823e-01 -7.654807686522381582e-02
9.998303357776077149e-01 -1.612329349510468676e-02 -8.907247931151196160e-03 6.025796282383764968e+00 1.623076893017742425e-02 9.997947096682245904e-01 1.212850606487258717e-02 2.122404083421316201e-01 8.709867896327107631e-03 -1.227101977429662441e-02 9.998867737273692269e-01 -8.740879822015938660e-02
9.998592829068070342e-01 -1.653709534136297427e-02 -2.817598757160320270e-03 6.568779775283769773e+00 1.656882515968928493e-02 9.997950065285733379e-01 1.163696495472696033e-02 2.467105474475212723e-01 2.624579568869583098e-03 -1.168201173602248857e-02 9.999283185228259319e-01 -1.073125424513657611e-01
9.998632486209556580e-01 -1.653178365487033979e-02 4.291693576494491971e-04 7.079270440787788665e+00 1.652539370747359293e-02 9.997904406332716043e-01 1.208247413163283067e-02 2.711797263415230419e-01 -6.288242695503623320e-04 -1.207372964403072117e-02 9.999269121453432385e-01 -1.087843434452690633e-01
9.998349819936630523e-01 -1.798591317324695071e-02 -2.552588696982753362e-03 7.547091243548632811e+00 1.801335006459070520e-02 9.997753856226836433e-01 1.116680448762115418e-02 2.852585207513365084e-01 2.351170172925057603e-03 -1.121094243757711842e-02 9.999343912319844652e-01 -1.098766321543187818e-01
9.997689949784623886e-01 -2.032951237212041184e-02 -6.976217203253172808e-03 8.005756353179899421e+00 2.040187056053984621e-02 9.997371139412348784e-01 1.046263284653448783e-02 2.851645754692863632e-01 6.761683029108943657e-03 -1.060254380619141817e-02 9.999209297276718811e-01 -1.003033756658269771e-01
9.997194630456451847e-01 -2.208161098254062329e-02 -8.567243672425884499e-03 8.498233895685798345e+00 2.215885421354320609e-02 9.997136951557410445e-01 9.028449368355954269e-03 2.888997558739530014e-01 8.365428122332922711e-03 -9.215756858216794800e-03 9.999225417190374943e-01 -1.193402105655241158e-01
9.997039532298411801e-01 -2.337367254627903401e-02 -6.758500449567949458e-03 9.001980505178273972e+00 2.344192829724028176e-02 9.996731356592941653e-01 1.020283484240579013e-02 3.225865173297917665e-01 6.517813616124181961e-03 -1.035824660903987039e-02 9.999251096121407612e-01 -1.312751166159300542e-01
9.996929056628990340e-01 -2.442879682563344618e-02 -4.162721816547801032e-03 9.502483331870850591e+00 2.447532090627540374e-02 9.996340784467260265e-01 1.151815412727416436e-02 3.631181896469920511e-01 3.879823939933330079e-03 -1.161650091967138428e-02 9.999249991237234569e-01 -1.279596602917253689e-01
9.996799385504167024e-01 -2.516800196727015868e-02 -2.567515688474008087e-03 9.996387660130393371e+00 2.519268216004385760e-02 9.996317783453564365e-01 1.008149233413510766e-02 3.849302696724588579e-01 2.312839254700342975e-03 -1.014294824376533490e-02 9.999458842234945077e-01 -1.290570196183445928e-01
9.996574032453657832e-01 -2.592073163500255642e-02 -3.632052895846465783e-03 1.048244213479198805e+01 2.595243961372064798e-02 9.996229046681125441e-01 8.973256988500098383e-03 3.760740744152327730e-01 3.398089879363451818e-03 -9.064443413230633892e-03 9.999531433276162007e-01 -1.376744012378388615e-01
9.996089458778268932e-01 -2.685231133486794611e-02 -7.804402411139250463e-03 1.096402073102292007e+01 2.691330055774968436e-02 9.996072020431990834e-01 7.817664386190662992e-03 3.752495000881784226e-01 7.591414499808602813e-03 -8.024649484071293484e-03 9.999389858519117658e-01 -1.406350359558509455e-01
9.995678795008640094e-01 -2.730666962848639703e-02 -1.088117934540995882e-02 1.144714009779385577e+01 2.736690780784637247e-02 9.996107292831070135e-01 5.426072164262664768e-03 3.915082442304289589e-01 1.072877566095568197e-02 -5.721511679237172021e-03 9.999260761060895231e-01 -1.425684335179439877e-01
9.995642516329731331e-01 -2.787145451222157802e-02 -9.720539120205439615e-03 1.195098337254409593e+01 2.789955466061385184e-02 9.996069013158430661e-01 2.767253417715871775e-03 4.112986850813685202e-01 9.639590611312334051e-03 -3.037246304072759983e-03 9.999489254095604851e-01 -1.570855710036601904e-01
9.995672635937078443e-01 -2.900332163248888623e-02 -4.908450475399932060e-03 1.247370119431434787e+01 2.900852308310146455e-02 9.995786721795140162e-01 9.918227547411541823e-04 4.448023388319531368e-01 4.877616254300990405e-03 -1.133780455844487839e-03 9.999874616221714474e-01 -1.722757221145667927e-01
9.995807536514935698e-01 -2.885991616871210960e-02 -2.328554969717025035e-03 1.298384184727043511e+01 2.885505289346143934e-02 9.995814091906307652e-01 -2.095786961566330556e-03 4.563004031052639853e-01 2.388064494025874968e-03 2.027717733718929424e-03 9.999950927423417735e-01 -1.867816840475830797e-01
9.996141476021954686e-01 -2.733447958576144463e-02 -4.937827387796391888e-03 1.346474274715276032e+01 2.730890300485662101e-02 9.996136471952745683e-01 -5.174954843528605311e-03 4.489558612546217242e-01 5.077374341863535694e-03 5.038111425605644109e-03 9.999744185243218952e-01 -1.831406080710849538e-01
9.995721538105449833e-01 -2.773509298590442693e-02 -9.288376801756160692e-03 1.396957393814291315e+01 2.767353133126160616e-02 9.995946139200851954e-01 -6.692046444356434566e-03 4.633503915102268333e-01 9.470215953495940767e-03 6.432141091345597479e-03 9.999344691382406891e-01 -1.775479417878906285e-01
9.995058361888470300e-01 -2.949877007620766226e-02 -1.085845239546767878e-02 1.445432372161919332e+01 2.943768567612503953e-02 9.995501188944196924e-01 -5.743037539930249263e-03 4.878780978533011070e-01 1.102297992682854839e-02 5.420551830064977705e-03 9.999245529195641691e-01 -1.903741005003017350e-01
9.993421744820509822e-01 -3.495446500629676573e-02 -9.664557807246067569e-03 1.496130577887478097e+01 3.491681474528362389e-02 9.993820667121370294e-01 -4.037422720158118615e-03 5.312716555422773990e-01 9.799711706451887452e-03 3.697311225915355867e-03 9.999451462656184786e-01 -2.109101165847158676e-01
9.991300191294383293e-01 -4.075939758771252031e-02 -8.824759639499198116e-03 1.545005312602169489e+01 4.075560015486262566e-02 9.991689592878583159e-01 -6.097963882255220567e-04 5.755509761294809179e-01 8.842280838399146220e-03 2.496075017026291995e-04 9.999608751174567933e-01 -1.999220440645965713e-01
9.988750035575182373e-01 -4.570460008770253768e-02 -1.264186690291550438e-02 1.594700430686392245e+01 4.572853277979820052e-02 9.989526053635159331e-01 1.610443184486479943e-03 6.030260449921890364e-01 1.255502121761532461e-02 -2.186725466700930980e-03 9.999187915395721937e-01 -1.981192977262546395e-01
9.985785869652996638e-01 -4.945389616269198207e-02 -1.987757049327666323e-02 1.643458095185350132e+01 4.949902620434844247e-02 9.987725776299174463e-01 1.784538963373638468e-03 6.217298609789242425e-01 1.976491991399736622e-02 -2.765922779155653710e-03 9.998008289714371832e-01 -1.941347017730690461e-01
9.983018809278719763e-01 -5.315647140514819652e-02 -2.382738096448366177e-02 1.692306957151228275e+01 5.318398927309490182e-02 9.985845935980713906e-01 5.222198520067855261e-04 6.625865399492965047e-01 2.376589617229494383e-02 -1.788568234137293683e-03 9.997159512595562569e-01 -1.922310202588770056e-01
9.981316737870196132e-01 -5.624239923843472183e-02 -2.387371590321168274e-02 1.742567087363125111e+01 5.625150031132707812e-02 9.984165885055660272e-01 -2.907054041452036743e-04 7.050084848263123982e-01 2.385226395643639391e-02 -1.052770065943661954e-03 9.997149399600572250e-01 -1.990964055363677598e-01
9.979727741811182939e-01 -6.006480763796673283e-02 -2.103713090363687824e-02 1.792657635921920800e+01 6.006795304886150544e-02 9.981941733971780861e-01 -4.829207430314044888e-04 7.381026473144941535e-01 2.102814803453860806e-02 -7.817156377697556191e-04 9.997785784416963750e-01 -2.003937197818008720e-01
9.976763526097338630e-01 -6.514894845960465808e-02 -1.993765176608795764e-02 1.844521658683581222e+01 6.517391887579178367e-02 9.978737369204047081e-01 6.045352583896471468e-04 7.799982760826082995e-01 1.985587423685305358e-02 -1.902545430390969235e-03 9.998010424975438681e-01 -1.950246753001887989e-01
9.973327511235242637e-01 -6.946942489587257241e-02 -2.239157299117699312e-02 1.894613280022653612e+01 6.954633875177454461e-02 9.975751388538472986e-01 2.673781395458606040e-03 8.416767825473457920e-01 2.215153047998965480e-02 -4.223901675465107849e-03 9.997457018422385433e-01 -1.873242821224969656e-01
9.970831749328100679e-01 -7.168749929222363593e-02 -2.619245523303649972e-02 1.944900419517274415e+01 7.184191393553694682e-02 9.974034912709915934e-01 5.001500026582125259e-03 9.101616818883668802e-01 2.576590126477409579e-02 -6.868627640543251665e-03 9.996444069199554860e-01 -1.778870211796950151e-01
9.969452185759083429e-01 -7.248993638988422694e-02 -2.907645578169500492e-02 1.995808711582707318e+01 7.276896398726324933e-02 9.973112748336380173e-01 8.654419098018622733e-03 9.654910642225729145e-01 2.837091889337938280e-02 -1.074384530297710534e-02 9.995397244478335663e-01 -1.617983633703730662e-01
9.967665108423946485e-01 -7.365208425933622571e-02 -3.212309678928718104e-02 2.046391408781012444e+01 7.404142658339363248e-02 9.971933628488141022e-01 1.110244296402435743e-02 1.003011236428377417e+00 3.121522084775642594e-02 -1.344498324763250888e-02 9.994222543114079649e-01 -1.746054468649095581e-01
9.966430313761767135e-01 -7.429077436511589971e-02 -3.440274485468674398e-02 2.095889364221376994e+01 7.472133332856821519e-02 9.971392706288505492e-01 1.140163652134770778e-02 1.031411428684717579e+00 3.345729150583227202e-02 -1.393398055099004038e-02 9.993430110983407832e-01 -1.668218344226100325e-01
9.965510652084174081e-01 -7.357208390078483207e-02 -3.838128323108114942e-02 2.143965639383665334e+01 7.396603677619979778e-02 9.972206410944488564e-01 8.945299257050957215e-03 1.086804414470498914e+00 3.761648356226898054e-02 -1.175335891021008633e-02 9.992231275940011148e-01 -1.638991145862634391e-01
9.964348238958775639e-01 -7.266667470420162811e-02 -4.286252576581576351e-02 2.193663664542943792e+01 7.297846091344722952e-02 9.973169259041241297e-01 5.752699179717435385e-03 1.141205594611585328e+00 4.232949291328603342e-02 -8.860230955319911908e-03 9.990644175112646241e-01 -1.564579298417513864e-01
9.964455557347561276e-01 -7.127041445110225693e-02 -4.490860140798327155e-02 2.242792800692505750e+01 7.160045992850087859e-02 9.974166342050616585e-01 5.782036758215463451e-03 1.151911037765656509e+00 4.438049790707784131e-02 -8.976961346376119075e-03 9.989743668235464558e-01 -1.238099864371214331e-01
9.964266226971334461e-01 -7.126062154715524788e-02 -4.534213710333338115e-02 2.295755414882436440e+01 7.160043613893406211e-02 9.974158683822659244e-01 5.912955603150884393e-03 1.204230949243938698e+00 4.480360616176775473e-02 -9.138343173875742090e-03 9.989540167389776570e-01 -1.209716027602955740e-01
9.962623176438281103e-01 -7.237154499302266009e-02 -4.715669537055142829e-02 2.348949779517624847e+01 7.283778913090345475e-02 9.973097385186334707e-01 8.242689513568008525e-03 1.260563566969116200e+00 4.643329535441279715e-02 -1.164667039191621609e-02 9.988534948386134094e-01 -1.164312614454350303e-01
9.959868620129663785e-01 -7.326322833988427319e-02 -5.140690683927905819e-02 2.397915479017940399e+01 7.402704017610378662e-02 9.971700277715548344e-01 1.311232385361487882e-02 1.322743068691156987e+00 5.030077554401973100e-02 -1.686520344658018478e-02 9.985917068013210329e-01 -8.128798673017119392e-02
9.955384981318500248e-01 -7.514570498846720459e-02 -5.706331360135658698e-02 2.446960860551172345e+01 7.610647250505694905e-02 9.969890861490031675e-01 1.485149630887662095e-02 1.375912830395063846e+00 5.577547471978634014e-02 -1.912812383799883040e-02 9.982600920092020713e-01 -6.464115170475465133e-02
9.951607955433782182e-01 -7.737083450605701518e-02 -6.057016576918775735e-02 2.497497443663185024e+01 7.831971454606935501e-02 9.968375850329966870e-01 1.344809945700220152e-02 1.416731371909162318e+00 5.933812709289668780e-02 -1.812685944722767020e-02 9.980733458216823895e-01 -5.298334229984179300e-02
9.949864193592234951e-01 -7.809228234752320363e-02 -6.247896228704642729e-02 2.547473714924105082e+01 7.896216781324223721e-02 9.968104316119730246e-01 1.157322270525718358e-02 1.450652085752425435e+00 6.137590198884922132e-02 -1.644867372485770557e-02 9.979791780331633833e-01 -4.291732383979995208e-02
9.949115268746946406e-01 -7.742433613612451082e-02 -6.447112427857994155e-02 2.598572767687786822e+01 7.822887997475688748e-02 9.968848089995214767e-01 1.004589089541525239e-02 1.487369166819988431e+00 6.349248797896310526e-02 -1.503827649260084699e-02 9.978690065386204289e-01 -2.062441176555941669e-02
9.948489539718015084e-01 -7.494683240830064819e-02 -6.825343283069730538e-02 2.650729832647209250e+01 7.577902122389131023e-02 9.970776234911851166e-01 9.682596527766847497e-03 1.546641187396614159e+00 6.732829066270316909e-02 -1.480489936246069498e-02 9.976210283626272268e-01 -1.135676935156662570e-02
9.947918995019567889e-01 -7.322399577843061169e-02 -7.090361857852538197e-02 2.699833492454665773e+01 7.409379094223825235e-02 9.972039810417321348e-01 9.712380672552232280e-03 1.609998244018018054e+00 6.999419139540456747e-02 -1.491531550993978675e-02 9.974358859265805011e-01 1.442818436007476529e-02
9.945068992114594053e-01 -7.582047224639491823e-02 -7.216150919390278140e-02 2.749302586358300005e+01 7.681397935106916430e-02 9.969837662786777965e-01 1.108974089130785982e-02 1.667991726613963444e+00 7.110302382502149687e-02 -1.657183650403554198e-02 9.973313061554931469e-01 5.414600413494965320e-02
9.939909194532399184e-01 -8.114071025089573952e-02 -7.347269686409292622e-02 2.800399181096267043e+01 8.227324418529928518e-02 9.965312113376527670e-01 1.251631419934109632e-02 1.715101431736447246e+00 7.220225298236078448e-02 -1.848593978922068864e-02 9.972186844892049207e-01 7.751291287950085040e-02
9.932234438491009954e-01 -8.769353888668790509e-02 -7.626948161657280678e-02 2.852753754473636860e+01 8.898019812438781595e-02 9.959401049199640976e-01 1.363201209489982649e-02 1.777302967499012398e+00 7.476439614065290284e-02 -2.032610758457600517e-02 9.969940493404079174e-01 1.046555555090033507e-01
9.923480889093325708e-01 -9.356050182160134676e-02 -8.057110485084224838e-02 2.902814230683565810e+01 9.501217596255064068e-02 9.953724230019287411e-01 1.436753096849913321e-02 1.833828379909371531e+00 7.885402245197513371e-02 -2.191282789052110755e-02 9.966453085812343460e-01 1.457637077751318677e-01
9.915632229723986280e-01 -9.859478494496835832e-02 -8.415131151826833744e-02 2.950533321989328428e+01 9.995237061956675773e-02 9.949190750992307208e-01 1.206472590737237352e-02 1.891734538056092818e+00 8.253422596788541343e-02 -2.037406158198932019e-02 9.963799471880872005e-01 1.696554652548888931e-01
9.910125180120179511e-01 -1.026090955501038210e-01 -8.582285624394900281e-02 2.997959967863505426e+01 1.039426295767440361e-01 9.945201764408893030e-01 1.120483862686678239e-02 1.962625008310177055e+00 8.420284377710557377e-02 -2.002478869731251845e-02 9.962474034784112309e-01 1.940173977834621644e-01
9.904613438285472249e-01 -1.062960877439840524e-01 -8.767820773528381406e-02 3.049341982699911568e+01 1.076276434884674837e-01 9.941348884081057102e-01 1.058839019504606224e-02 2.044730091551806961e+00 8.603846080949892339e-02 -1.992399006540725506e-02 9.960925749554635500e-01 2.164147532310592703e-01
9.898437050389822245e-01 -1.093074312686798388e-01 -9.089183166898501254e-02 3.099493422843567103e+01 1.109795021079476307e-01 9.937305223025109102e-01 1.353510828367643012e-02 2.122276380117052774e+00 8.884249943902028379e-02 -2.348477195592143726e-02 9.957687863051372101e-01 2.545919296751604222e-01
9.891323292613624085e-01 -1.133904462476255787e-01 -9.359402710513085866e-02 3.150018401440981819e+01 1.155886566207163374e-01 9.931268793327627797e-01 1.839195496368165386e-02 2.175481737308710528e+00 9.086527208240653686e-02 -2.901048511370149866e-02 9.954405527618703786e-01 3.051644810134409580e-01
9.882492476166985229e-01 -1.182582299896939998e-01 -9.684222025921314370e-02 3.197490095885812522e+01 1.208160316722764610e-01 9.924534444549640844e-01 2.096776288594127610e-02 2.253731200326170026e+00 9.363178453918737099e-02 -3.242146864628746294e-02 9.950788598371613780e-01 3.287642803686388615e-01
9.873169428551764604e-01 -1.247128093034516327e-01 -9.824443773949267933e-02 3.244705116144496060e+01 1.271228533536647443e-01 9.917117979665431848e-01 1.864108176015714588e-02 2.348495627007201492e+00 9.510538631607987070e-02 -3.089376910652252492e-02 9.949877087301440826e-01 3.485254486543605257e-01
9.863340019851463136e-01 -1.311532976484142687e-01 -9.971985280731170131e-02 3.292905135669844441e+01 1.336948189945045273e-01 9.908362151288845343e-01 1.921692387177362238e-02 2.417938164984361205e+00 9.628567859236454585e-02 -3.228633309952254338e-02 9.948299657695250930e-01 4.007959345586667999e-01
9.853115803320926513e-01 -1.369897933596378459e-01 -1.019553146175217334e-01 3.342561108187456398e+01 1.397609942430599328e-01 9.899726525917136311e-01 2.051856741387527230e-02 2.490551542731871404e+00 9.812213894766812217e-02 -3.446655822402484165e-02 9.945773485317893625e-01 4.628571648550462991e-01
9.844713502462336674e-01 -1.409754591127689305e-01 -1.046043998706625289e-01 3.391103697536349415e+01 1.440242963468644222e-01 9.893262057895808592e-01 2.215086002354007405e-02 2.565144411218752474e+00 1.003651463713774450e-01 -3.687246216264802173e-02 9.942671969485445960e-01 5.141494006699941499e-01
9.837151780501380838e-01 -1.432804478987749486e-01 -1.085134172520224871e-01 3.437096794494507179e+01 1.465291941413282284e-01 9.889495216376884557e-01 2.253971865130962107e-02 2.668651643586987809e+00 1.040847910987865166e-01 -3.807304692973362270e-02 9.938394233272336287e-01 5.399901024242507175e-01
9.826849605524022868e-01 -1.468841306937413160e-01 -1.129394548174703083e-01 3.486531310313839782e+01 1.503138725264461517e-01 9.883838401418995057e-01 2.243043183836068710e-02 2.773443837870107398e+00 1.083328575743610356e-01 -3.901841484089238477e-02 9.933486574577313766e-01 5.478509451189321755e-01
9.817226285525887386e-01 -1.519864419022165514e-01 -1.145460696213534413e-01 3.535984495170193753e+01 1.557258476831969718e-01 9.874993087629694299e-01 2.438392002954832549e-02 2.861341338403664114e+00 1.094081393276822578e-01 -4.177602985638806388e-02 9.931186345942224492e-01 5.893578956682387071e-01
9.807427945365971844e-01 -1.580050061004034112e-01 -1.147954224338126467e-01 3.583378071408002796e+01 1.620947532562711513e-01 9.864015838389900148e-01 2.715154446289390691e-02 2.945295129586793959e+00 1.089443065576837927e-01 -4.523641726688151787e-02 9.930180283466770730e-01 6.532186497227628896e-01
9.794088857384998237e-01 -1.632197280868988021e-01 -1.188173173393049231e-01 3.629803314406119341e+01 1.678905882559466323e-01 9.853381221903814158e-01 3.035680044743148398e-02 3.065540856463169650e+00 1.121204036361913570e-01 -4.968002940389425193e-02 9.924519684936322639e-01 6.939839291936902299e-01
9.779342085104845150e-01 -1.678128767900995411e-01 -1.244328019792330514e-01 3.676515896626577273e+01 1.727911223044709121e-01 9.844929579949948106e-01 3.027942719119347537e-02 3.182537134089326702e+00 1.174219395076300382e-01 -5.111217116985229680e-02 9.917659169786841034e-01 7.216259137874145857e-01
9.767812518941749733e-01 -1.729002033764829305e-01 -1.265065437849725027e-01 3.722178452292921946e+01 1.780975648295967662e-01 9.835272424918769518e-01 3.090987994302497530e-02 3.279204291355799938e+00 1.190783076375202115e-01 -5.272269860975893618e-02 9.914840763731349593e-01 7.798259513586565106e-01
9.761019452136412422e-01 -1.782181810854934212e-01 -1.243514072325840603e-01 3.771438164592110809e+01 1.833302927210871958e-01 9.825667985620125666e-01 3.086243889257354184e-02 3.366595802464899201e+00 1.166833163779045779e-01 -5.292226652530692549e-02 9.917581546853437846e-01 8.397531724522421248e-01
9.752340627977287291e-01 -1.833469191927194764e-01 -1.237029909968798969e-01 3.819691807738455225e+01 1.883627059681416138e-01 9.816397356874192459e-01 3.004863257942356689e-02 3.462017804406000376e+00 1.159224471765290809e-01 -5.260548015247239195e-02 9.918642294681931926e-01 8.825517157342859242e-01
9.739669819089962211e-01 -1.876772832146371417e-01 -1.271438379012288233e-01 3.865454343031320406e+01 1.929345333005176577e-01 9.807446783954406611e-01 3.026783208515487766e-02 3.576302113604344690e+00 1.190150579178640006e-01 -5.401030609241681824e-02 9.914223634882415315e-01 9.242514996838767649e-01
9.723352761173386094e-01 -1.927266493692827432e-01 -1.319869290524952887e-01 3.911432285437426515e+01 1.987083125058389799e-01 9.794814580823218986e-01 3.363153005752866909e-02 3.688452124322371350e+00 1.227970576149962356e-01 -5.892802300958494000e-02 9.906807612673625973e-01 9.759195600145312843e-01
9.708409967245995587e-01 -1.978913652567069192e-01 -1.353025004780870622e-01 3.958412522396174893e+01 2.044984166197898467e-01 9.781796268114663073e-01 3.667445011147962841e-02 3.829248364796443926e+00 1.250925924217137220e-01 -6.327420681302264871e-02 9.901253547270657540e-01 1.000902233013764908e+00
9.697359630716337886e-01 -2.034924610965795910e-01 -1.349184205451127161e-01 4.004881880731277022e+01 2.102007641251174008e-01 9.769447741999716106e-01 3.734363298586743790e-02 3.949229563616559968e+00 1.242086981122803718e-01 -6.457341899128042628e-02 9.901527522928110780e-01 1.043758284630387223e+00
9.690479680812924546e-01 -2.076037500998586804e-01 -1.335916108967697968e-01 4.049959934637848846e+01 2.143867131649434821e-01 9.759933835494369880e-01 3.840901568712647152e-02 4.066955450717396836e+00 1.224106726386664373e-01 -6.586044497418092059e-02 9.902918908139923815e-01 1.106164950939588998e+00
9.679319801077158614e-01 -2.113050246182761049e-01 -1.358597381707546958e-01 4.094479972314469052e+01 2.182863202771642697e-01 9.751228990433032928e-01 3.855404182753131848e-02 4.180758733714544206e+00 1.243332789908299096e-01 -6.697401236639112521e-02 9.899776347993599623e-01 1.170261714442750289e+00
9.664784243504509487e-01 -2.141122139210330511e-01 -1.416877380541567699e-01 4.139670043317179449e+01 2.214943321337432269e-01 9.744063094840377248e-01 3.837453413820995224e-02 4.296926839945762744e+00 1.298449694739715887e-01 -6.847119020092595765e-02 9.891673164913871164e-01 1.227687869764014561e+00
9.653062995215614395e-01 -2.166192157459022327e-01 -1.458076248816219389e-01 4.186117126872970573e+01 2.241136305361065284e-01 9.738641125967752998e-01 3.690217885194491815e-02 4.410785031622754815e+00 1.340030921729609414e-01 -6.829938188392079002e-02 9.886244816523406254e-01 1.259407971236297774e+00
9.646213370468232906e-01 -2.207820550507281487e-01 -1.440866415792118049e-01 4.233641857178798773e+01 2.281568257951375467e-01 9.729349770139033016e-01 3.663322734953490534e-02 4.534417597108433284e+00 1.320989740955100800e-01 -6.821154352844326085e-02 9.888867712596730586e-01 1.291431349181562327e+00
9.644432154647479827e-01 -2.250809832509508834e-01 -1.385201614307562668e-01 4.280275425201404005e+01 2.321926778620475029e-01 9.719539398171809230e-01 3.731084589112634853e-02 4.643216294434399316e+00 1.262372547676360590e-01 -6.814755940343798779e-02 9.896565392377730808e-01 1.350149834747792266e+00
9.637441688806206441e-01 -2.290346280894894615e-01 -1.368952741496618219e-01 4.324450638568207239e+01 2.357967353370835906e-01 9.711650668606077730e-01 3.518966487485380296e-02 4.749301110870037590e+00 1.248882562652516570e-01 -6.619329305556885534e-02 9.899602877901135800e-01 1.422178247575063947e+00
9.617605439586639493e-01 -2.333224853664650489e-01 -1.434478089994776495e-01 4.367810042113725189e+01 2.400727701508661993e-01 9.702450630528365316e-01 3.145763267772473670e-02 4.881829259424376843e+00 1.318397554473773881e-01 -6.469262279435733509e-02 9.891577950153164211e-01 1.493093641818223460e+00
9.594076128439860129e-01 -2.375038702835411131e-01 -1.520820305537215478e-01 4.412256400701668468e+01 2.446696498171513079e-01 9.691421918045421968e-01 3.000290856967878506e-02 5.007781344041033478e+00 1.402633055198571066e-01 -6.599487604827224130e-02 9.879123855180763636e-01 1.529208039749728520e+00
9.578871637516711557e-01 -2.424172207313254335e-01 -1.539028024848115017e-01 4.458281281226236104e+01 2.500135982955993263e-01 9.677202688317911861e-01 3.179122456610380953e-02 5.127657408989152010e+00 1.412281210916075114e-01 -6.893019936882226195e-02 9.875744252601464934e-01 1.557181969154858958e+00
9.572331033374374964e-01 -2.485800887008327853e-01 -1.480294746882016010e-01 4.505883903399795543e+01 2.563203887391207747e-01 9.659424169308276076e-01 3.542746802210332280e-02 5.273337686028178872e+00 1.341813854139418671e-01 -7.185531765511345148e-02 9.883482023725636001e-01 1.615312520668311880e+00
9.561777450511484977e-01 -2.558577521472015781e-01 -1.423408955117326236e-01 4.551398344350315739e+01 2.631120963532028179e-01 9.641518666179618169e-01 3.439771576315686641e-02 5.440389187155222572e+00 1.284373178695495943e-01 -7.034194170820984304e-02 9.892198272452867869e-01 1.669159500842186006e+00
9.528940992475556371e-01 -2.651660490115405611e-01 -1.472406264276229504e-01 4.595346149318827145e+01 2.721520601739176315e-01 9.618126350091447119e-01 2.914980754410029587e-02 5.590804636704776343e+00 1.338883555888332466e-01 -6.784851942655081847e-02 9.886710710086257237e-01 1.742108018004949299e+00
9.483450800442667639e-01 -2.740884882376146692e-01 -1.597407580157686746e-01 4.635903034518448607e+01 2.813794234133780714e-01 9.592833611909996616e-01 2.451638271958282364e-02 5.697309073145367719e+00 1.465169929918994363e-01 -6.819775331869157298e-02 9.868545167383562244e-01 1.807912545930087322e+00
9.446999268559297391e-01 -2.822635886491206003e-01 -1.669410516359624008e-01 4.678927692738817257e+01 2.898452203841938024e-01 9.568107412310854487e-01 2.242662893211927813e-02 5.817963494040942152e+00 1.534007705940199084e-01 -6.957350061439276923e-02 9.857117893144120568e-01 1.843878795216730815e+00
9.426561908470872941e-01 -2.914033064251559391e-01 -1.627372694318867108e-01 4.726894672581243384e+01 2.991242161144432310e-01 9.538971611587305777e-01 2.459490327760055148e-02 5.976630119893344251e+00 1.480675831895005290e-01 -7.186319598933353647e-02 9.863628500053207571e-01 1.889453737903372899e+00
9.409275102828119630e-01 -3.014174596941667228e-01 -1.542819995479193518e-01 4.776669125008037042e+01 3.089098381560788087e-01 9.507203407854414312e-01 2.656210660319142589e-02 6.178686421463641665e+00 1.386727524907976072e-01 -7.265224434475155146e-02 9.876697419220134000e-01 1.945431454840662822e+00
9.381090268915310837e-01 -3.107972254004885415e-01 -1.528284605300417598e-01 4.819400879037327456e+01 3.182122094322952788e-01 9.476603943367504224e-01 2.609150769372527157e-02 6.343153389858081859e+00 1.367203109740525446e-01 -7.310856098209443654e-02 9.879082421350100507e-01 2.010457571897433127e+00
9.331190453229039061e-01 -3.211212453697949165e-01 -1.617714221604806546e-01 4.857875707282412492e+01 3.286229817395743824e-01 9.442225444456542327e-01 2.123022451991340986e-02 6.483911623297299975e+00 1.459307477136461972e-01 -7.297213394664113506e-02 9.865998603988395121e-01 2.077109299893404426e+00
9.275007928469773955e-01 -3.310325175036124556e-01 -1.736656316703133474e-01 4.898698149944186042e+01 3.389426650686384046e-01 9.406501321742537503e-01 1.718134560294048291e-02 6.641288719095400417e+00 1.576710152957644939e-01 -7.479840369806975420e-02 9.846547870902895294e-01 2.132192242571831819e+00
9.236069776300879219e-01 -3.402253038222529669e-01 -1.766264235953102779e-01 4.943915702151794278e+01 3.484415495350542957e-01 9.371795867923069512e-01 1.681988874550735188e-02 6.806650913721296270e+00 1.598081269229591483e-01 -7.707895133469715165e-02 9.841342377087176629e-01 2.174615392919239998e+00
9.220688725594864410e-01 -3.487944009140563351e-01 -1.677243576463543495e-01 4.991991356801718638e+01 3.569826542671336034e-01 9.338874054781016731e-01 2.043767212213531623e-02 7.014445666103684474e+00 1.495071195939169928e-01 -7.871962766924334165e-02 9.856220580985116664e-01 2.229681547808473940e+00
9.211782595731298207e-01 -3.560569941858552356e-01 -1.570160214155016665e-01 5.039628408595540776e+01 3.637163139596958361e-01 9.312475205711863158e-01 2.210199967400966123e-02 7.228450396299139769e+00 1.383512090637135927e-01 -7.746917013465301483e-02 9.873487077164059267e-01 2.304291877773016584e+00
9.183870739208639389e-01 -3.635721451293918438e-01 -1.561424917858235673e-01 5.081308800529768632e+01 3.706166261529676431e-01 9.286189952150684102e-01 1.760903588355222996e-02 7.412405245701474854e+00 1.385947288826850365e-01 -7.404091444444242665e-02 9.875775635939517683e-01 2.395470913737703711e+00
9.130236349708524823e-01 -3.726162757950146065e-01 -1.659667225598704665e-01 5.119367802944498891e+01 3.790941221770715575e-01 9.253233473023795286e-01 8.021812009479840216e-03 7.588627747031037707e+00 1.505838255438045892e-01 -7.024111295938778587e-02 9.860987260588158776e-01 2.460709011096272825e+00
9.076693039693644049e-01 -3.812436906577127971e-01 -1.754698919058644002e-01 5.159270134108061256e+01 3.878248651150335569e-01 9.217264324423620758e-01 3.501104908708120578e-03 7.745592755616011793e+00 1.604004633106635713e-01 -7.122943261575220841e-02 9.844785722904092484e-01 2.489354386970489053e+00
9.038967944806697297e-01 -3.902038559943126206e-01 -1.752470704312615868e-01 5.206002846504847525e+01 3.972339249230895097e-01 9.177007641039182095e-01 5.524169917918382577e-03 7.942172417085907377e+00 1.586688180386023883e-01 -7.460736109965609986e-02 9.845089882027378003e-01 2.531962975605339672e+00
9.022361805343552810e-01 -3.983769019373433196e-01 -1.651233434060202787e-01 5.252749659336338794e+01 4.053317610478934796e-01 9.141220919976836834e-01 9.325470904551221019e-03 8.180568184886800154e+00 1.472278439039012288e-01 -7.534351282348483725e-02 9.862288360491321404e-01 2.593591113990748376e+00
8.994135175095034906e-01 -4.076595888394300427e-01 -1.576990302711114011e-01 5.297362944476521562e+01 4.140709019944048275e-01 9.102033025293374546e-01 8.673879537292851494e-03 8.395367352926257354e+00 1.400021879926240109e-01 -7.309998421309230054e-02 9.874491276340890966e-01 2.670745810733679892e+00
8.950222882958066561e-01 -4.161904122421546948e-01 -1.603765700201973121e-01 5.335164073466363277e+01 4.220955351239656927e-01 9.065462260338006395e-01 3.049474099965247820e-03 8.602143282774804334e+00 1.441196124132691214e-01 -7.042358143107102508e-02 9.870511924395160008e-01 2.758593352389543174e+00
8.889155021511303545e-01 -4.253760947456969310e-01 -1.699541351491740404e-01 5.374003556676958482e+01 4.310026467328561539e-01 9.023410095991983848e-01 -4.173835738511155746e-03 8.795735974026406723e+00 1.551320358426222235e-01 -6.954049478109255999e-02 9.854431343517109365e-01 2.816813493488165232e+00
8.833842276475892819e-01 -4.339056629254117725e-01 -1.770824159105899021e-01 5.416545276215592963e+01 4.396653617692787286e-01 8.981311603484496420e-01 -7.401923495740633796e-03 9.006594078317347041e+00 1.622549722004273665e-01 -7.131826198391599814e-02 9.841681916744882130e-01 2.831588627954944926e+00
8.799186722207544831e-01 -4.419499036941559322e-01 -1.744230859203873274e-01 5.458976525421603299e+01 4.480579854728263256e-01 8.939913770952622185e-01 -4.843483596472908381e-03 9.236607477201539851e+00 1.580733118881777199e-01 -7.388978484231097099e-02 9.846588890395799876e-01 2.874880646483577884e+00
8.772142351572211894e-01 -4.504848422898665716e-01 -1.660078085651558732e-01 5.502410146896870202e+01 4.568694076154586337e-01 8.895337264096532248e-01 3.065368755674480195e-04 9.481142668997268430e+00 1.475314543500174380e-01 -7.611278766955159591e-02 9.861243904957115447e-01 2.960161204023856740e+00
8.735240016984068268e-01 -4.591466834030685784e-01 -1.616791315438203258e-01 5.544179969333869451e+01 4.653450917017712407e-01 8.851291786087516211e-01 5.317936318170596310e-04 9.717123163979712430e+00 1.428627456192542999e-01 -7.570112479586438292e-02 9.868432376111057058e-01 3.053815520481098389e+00
8.680958311501965063e-01 -4.672676130808505190e-01 -1.675428473715730726e-01 5.583619032849998121e+01 4.731888672725158562e-01 8.809459061619474562e-01 -5.158130073848389563e-03 9.945690970871023495e+00 1.500064126262709852e-01 -7.480165895372839491e-02 9.858513011548785121e-01 3.118503283395086978e+00
8.615048689626043643e-01 -4.758227921028807539e-01 -1.772061829314784120e-01 5.620253242168420371e+01 4.817388915565022356e-01 8.762479384220915879e-01 -1.082546871719337195e-02 1.015767594587160083e+01 1.604275572201933342e-01 -7.604091613370472791e-02 9.841142098140380767e-01 3.151876317042259235e+00
8.556496069217827127e-01 -4.851281699038706430e-01 -1.803175225548530602e-01 5.660106976384828670e+01 4.912059380008932941e-01 8.709560532768875207e-01 -1.234016746280252458e-02 1.038710616948785770e+01 1.630352006385776820e-01 -7.801417836565788244e-02 9.835310423808035774e-01 3.184336876958349993e+00
8.516417311525950051e-01 -4.941893933372565884e-01 -1.745944021793521261e-01 5.703727790895320027e+01 5.005736047598907668e-01 8.656520991667941978e-01 -8.515246667674780667e-03 1.065959872868558911e+01 1.553461553341429768e-01 -8.014540985656651295e-02 9.846036183672205455e-01 3.257985417782825799e+00
8.481070581321336066e-01 -5.022498251251853452e-01 -1.686995290692258620e-01 5.745177988123261059e+01 5.090751642054170967e-01 8.607160216088779459e-01 -3.226040144378668206e-03 1.094136330023916592e+01 1.468226656061163427e-01 -8.314471304602749635e-02 9.856622451716451350e-01 3.353993622567212451e+00
8.427958130343330412e-01 -5.109360070509221252e-01 -1.692324266523931031e-01 5.785350740637034761e+01 5.176007946512675151e-01 8.556046883051990903e-01 -5.480394743026618942e-03 1.120271907844006876e+01 1.475961886641181386e-01 -8.297598477284282015e-02 9.855609321816702906e-01 3.420338293847602795e+00
8.360162348058114423e-01 -5.202648209758322650e-01 -1.743598898717809431e-01 5.823074139906298541e+01 5.265436196110737654e-01 8.500659827321317419e-01 -1.181700674977096549e-02 1.144447658417577784e+01 1.543653840340614980e-01 -8.192887803845733119e-02 9.846110842131405860e-01 3.470677082504915134e+00
8.300681171403657688e-01 -5.285536791880728336e-01 -1.778143107958408686e-01 5.859702848887941684e+01 5.347633722461592187e-01 8.448685929963222208e-01 -1.500654098487192584e-02 1.167939414764314598e+01 1.581614890261334727e-01 -8.263212925470811432e-02 9.839496301152155233e-01 3.523859330783305932e+00
8.251805917285185421e-01 -5.367558452965314197e-01 -1.759833900530905770e-01 5.898982598610113826e+01 5.431552681668133653e-01 8.395200215187916815e-01 -1.372909799384542523e-02 1.196122131741424077e+01 1.551107530031659298e-01 -8.425732021073112366e-02 9.842973932169571949e-01 3.593953738255039276e+00
8.195287999600187057e-01 -5.466807270451254919e-01 -1.717926910945422603e-01 5.941415014620975654e+01 5.530949191042484614e-01 8.330266380293677164e-01 -1.235438361690859715e-02 1.228951622987953485e+01 1.498617913183902250e-01 -8.489289140382613730e-02 9.850556534998118341e-01 3.665896404122637176e+00
8.118909581375717277e-01 -5.583012212165521237e-01 -1.706833866624462570e-01 5.979111813273516418e+01 5.649342302915352221e-01 8.250556542684512884e-01 -1.151011748716295607e-02 1.257683953151836498e+01 1.472494059049687110e-01 -8.707992735277281238e-02 9.852586963396311459e-01 3.732799483302773336e+00
8.021013228098734515e-01 -5.711158223641781273e-01 -1.745284658499573482e-01 6.015494605681365670e+01 5.779463114241312205e-01 8.159556466477357883e-01 -1.394431120265398477e-02 1.285335674820738738e+01 1.503713039708449717e-01 -8.968333261517399957e-02 9.845533864616706765e-01 3.780953622302465789e+00
7.921949040700367872e-01 -5.836416801958642653e-01 -1.782964472546037793e-01 6.052373036082624225e+01 5.904581345021470140e-01 8.068728191928234983e-01 -1.776077273289780600e-02 1.313862019045238050e+01 1.542284842877920947e-01 -9.120659398296609988e-02 9.838165133033276444e-01 3.822119796588992813e+00
7.833893034527050769e-01 -5.950387579115278269e-01 -1.795273678829822361e-01 6.089768354853852372e+01 6.019042933891262104e-01 7.983287039362079174e-01 -1.955766016861176099e-02 1.343820909127935970e+01 1.549594167374865328e-01 -9.273703173296268809e-02 9.835585504227684073e-01 3.875753572799213398e+00
7.752281244685939043e-01 -6.061463552564942958e-01 -1.777862509930789869e-01 6.126920500497281807e+01 6.131012656435097519e-01 7.897697190116419463e-01 -1.925172715884789637e-02 1.374784163320415509e+01 1.520795617406653366e-01 -9.407649515973665055e-02 9.838807956044406389e-01 3.961412549679451889e+00
7.663056232833115322e-01 -6.177930591076322697e-01 -1.763729793443685745e-01 6.163330076580654548e+01 6.249995857879787620e-01 7.804149649845011361e-01 -1.811077560721668228e-02 1.407265339960714101e+01 1.488328239644418072e-01 -9.635464984458969040e-02 9.841567822070302896e-01 4.039173597168787211e+00
7.563943684913880805e-01 -6.299903347628345029e-01 -1.760106173499942084e-01 6.199217676565557156e+01 6.375924515046550445e-01 7.701924382672316050e-01 -1.671747051023921016e-02 1.441843983337806456e+01 1.460938913808461914e-01 -9.957804045766477374e-02 9.842463049256588992e-01 4.102526567993415085e+00
7.453652751193069470e-01 -6.426404718825764473e-01 -1.773240833752133538e-01 6.234208194160592598e+01 6.506485402708774846e-01 7.592002053861468536e-01 -1.647802127103900616e-02 1.476250301021568667e+01 1.452139238836838431e-01 -1.030935111448441494e-01 9.840145549076657616e-01 4.147453067317636410e+00
7.355488389325364196e-01 -6.535650468488436449e-01 -1.783833935165111129e-01 6.267480659607566906e+01 6.618234557186684075e-01 7.494681940639311701e-01 -1.694519244946528919e-02 1.508327136682646419e+01 1.447674652869125889e-01 -1.055942973082279190e-01 9.838151378030245420e-01 4.187861535131502499e+00
7.275112143612094684e-01 -6.625951265282329361e-01 -1.780312648938761622e-01 6.301064023627567678e+01 6.710621021760890814e-01 7.412193134416517060e-01 -1.641902567434452842e-02 1.538574644206846465e+01 1.428393783299503617e-01 -1.075250095657824256e-01 9.838878413295855108e-01 4.247347871906140604e+00
7.212482872767768116e-01 -6.698831676822538661e-01 -1.762312394449560282e-01 6.335690568341761519e+01 6.782567535272541193e-01 7.346369626513670203e-01 -1.662255699474505383e-02 1.573390673780173543e+01 1.406011536047469257e-01 -1.075410375733995838e-01 9.842084336372306508e-01 4.323391230778024230e+00
7.149184759865465644e-01 -6.771011170784794198e-01 -1.744294984919374514e-01 6.370816117351353824e+01 6.853660245325515765e-01 7.280022831034898001e-01 -1.691414238299213113e-02 1.609182944712347307e+01 1.384376578446755990e-01 -1.074558190475576880e-01 9.845243835697006229e-01 4.390939805146961916e+00
7.078491897497357632e-01 -6.847022951136881863e-01 -1.735865537323974250e-01 6.403348571008253032e+01 6.931668736523562968e-01 7.206040729641389753e-01 -1.579415393467813178e-02 1.644033539653045750e+01 1.359014710798269465e-01 -1.091445696933281279e-01 9.846919584645734691e-01 4.429221556672390925e+00
7.008824995777831468e-01 -6.920112460286743650e-01 -1.728703478200941945e-01 6.435584198556908575e+01 7.006346929342629481e-01 7.133625682545681190e-01 -1.499577507692665540e-02 1.680137823518315088e+01 1.336964802921526418e-01 -1.106086867433483112e-01 9.848304268118455163e-01 4.479034258093720133e+00
6.935536930267282019e-01 -6.990611165684701422e-01 -1.740598465787868698e-01 6.467009574227124347e+01 7.079936282946537318e-01 7.060665979572617879e-01 -1.466224891448183326e-02 1.715084630659242393e+01 1.331476518124095065e-01 -1.130642054370100680e-01 9.846259128551000384e-01 4.530250355716808563e+00
6.862600340849147607e-01 -7.062502864248003664e-01 -1.739474016553828606e-01 6.498802706311651889e+01 7.152537129330833743e-01 6.987038249861363681e-01 -1.500303586548053236e-02 1.749854976948585872e+01 1.321336132602529689e-01 -1.141205409846530877e-01 9.846406503756383044e-01 4.586829085050462496e+00
6.788244086052143134e-01 -7.140084312244582287e-01 -1.714333177132417729e-01 6.531857396747241751e+01 7.227260056738876726e-01 6.909498362855113207e-01 -1.598262993668324999e-02 1.784074966494036119e+01 1.298635553357787020e-01 -1.130499176355887203e-01 9.850660755087131681e-01 4.643323909596317911e+00
6.722150399035161650e-01 -7.206466769067411127e-01 -1.696918005997495316e-01 6.562414059786081566e+01 7.295692206651095413e-01 6.837692848059045980e-01 -1.372287922144822120e-02 1.820107412829656113e+01 1.259193884420461429e-01 -1.145771889133815058e-01 9.854016315163519613e-01 4.704728583403967157e+00
6.648477003681326769e-01 -7.274275604426447828e-01 -1.697842148836817000e-01 6.593278532782707657e+01 7.369265153239530353e-01 6.758967676675557978e-01 -1.014250802542120827e-02 1.857580661017409440e+01 1.221345419105563102e-01 -1.183752666945781518e-01 9.854290689376308254e-01 4.745818086038012140e+00
6.566213958862496813e-01 -7.347278970130980413e-01 -1.703621431395586916e-01 6.623554576953770834e+01 7.445996826069493091e-01 6.674549268812725034e-01 -8.673709906692111948e-03 1.894091941186082906e+01 1.200818684315966001e-01 -1.211562542035105050e-01 9.853433446983599353e-01 4.776097359491251026e+00
6.479914472133621040e-01 -7.421442324427466319e-01 -1.712571825947711013e-01 6.650695085144947427e+01 7.520884162396318517e-01 6.589860632518529382e-01 -1.001911163661529935e-02 1.929870690078667295e+01 1.202917224770460314e-01 -1.223082445781602662e-01 9.851754132192470648e-01 4.815684318996541258e+00
6.382376104218083768e-01 -7.503037774907821422e-01 -1.723281582508288945e-01 6.680244307495580358e+01 7.601695962342855939e-01 6.495963126314598934e-01 -1.291571045717566923e-02 1.964998619567632332e+01 1.216344425073052210e-01 -1.227553342982429657e-01 9.849549179009482458e-01 4.884874288798468633e+00
6.291471040077603050e-01 -7.581611024026121415e-01 -1.713641278748400942e-01 6.707769085551682053e+01 7.678372072971056950e-01 6.404784383864434716e-01 -1.460797906092330817e-02 2.001276774206662878e+01 1.208302305254362746e-01 -1.223891856567353997e-01 9.850994582403601596e-01 4.938154769546459377e+00
6.206053784773376547e-01 -7.656715145949630763e-01 -1.691038022720232625e-01 6.733779034450094514e+01 7.755137324366498941e-01 6.312179478065625959e-01 -1.193118472942256147e-02 2.038398215616025055e+01 1.158767233191225210e-01 -1.237377634545197003e-01 9.855260275041429763e-01 4.982275860991412841e+00
6.110503370065593076e-01 -7.736586339776597709e-01 -1.675404539685617644e-01 6.760965089474017020e+01 7.837189625180079888e-01 6.210436357973645460e-01 -9.454640410284181895e-03 2.075567007348670145e+01 1.113645968603470399e-01 -1.255273695550573054e-01 9.858198649138292247e-01 5.010867274491378254e+00
6.004443513140832467e-01 -7.819427264610289141e-01 -1.674280547271047581e-01 6.787586289093390235e+01 7.918811714499570664e-01 6.105645936759962478e-01 -1.162270417371096681e-02 2.113233405262420916e+01 1.113139311948587173e-01 -1.256043370427878392e-01 9.858157836218630621e-01 5.035159743460516424e+00
5.890299380161720944e-01 -7.903046068763149856e-01 -1.687079146653699402e-01 6.812885528222450660e+01 7.999976706936081650e-01 5.997762429747470758e-01 -1.649803769842859286e-02 2.149305906323373350e+01 1.142254744155870583e-01 -1.252481006369780825e-01 9.855280078624673035e-01 5.085494433894012900e+00
5.780046933231607342e-01 -7.982422094368573084e-01 -1.694696125261497821e-01 6.836124031944198975e+01 8.081035643058960272e-01 5.887901796197286819e-01 -1.716839361950413950e-02 2.184815122449141356e+01 1.134865800546721593e-01 -1.270255858350279599e-01 9.853858618281279291e-01 5.135581797405469828e+00
5.686859522824780910e-01 -8.052852665063094939e-01 -1.676661182959547913e-01 6.859942172994590237e+01 8.156119189501473965e-01 5.784750838397673123e-01 -1.199062312943970088e-02 2.224221433229710598e+01 1.066465439807083859e-01 -1.299315855534604047e-01 9.857709154425964293e-01 5.173329802407685918e+00
5.594106253486439417e-01 -8.122614738983170435e-01 -1.652000310761864155e-01 6.884481674039993493e+01 8.229612281460952916e-01 5.680625219402428705e-01 -6.307783696487143099e-03 2.265011276086569225e+01 9.896751596008539209e-02 -1.324245792420156165e-01 9.862399107708353929e-01 5.201308981694736211e+00
5.479149722743609230e-01 -8.196179408148994705e-01 -1.673786553056578752e-01 6.907857541282457703e+01 8.309035712301796606e-01 5.563974796161967884e-01 -4.593472942961335237e-03 2.304294702037674725e+01 9.689395478831513975e-02 -1.365586898409907046e-01 9.858819836848586871e-01 5.234294133501474100e+00
5.358531740697918266e-01 -8.270056108567748199e-01 -1.700679142305863145e-01 6.928956656358970179e+01 8.385757083643529119e-01 5.447429622906512225e-01 -6.773948333867088611e-03 2.341316985212864665e+01 9.824539266832399420e-02 -1.389849799302744771e-01 9.854090613411407018e-01 5.257391662292281609e+00
5.239215223713646896e-01 -8.349036142948367267e-01 -1.686481343907785257e-01 6.950797459332598294e+01 8.461999590921576164e-01 5.327924415774508704e-01 -8.822892403818324847e-03 2.378802072189377625e+01 9.722071604602733341e-02 -1.380875412025182047e-01 9.856368313613999010e-01 5.289702116287979372e+00
5.108770799014281661e-01 -8.433588604673079026e-01 -1.665846382553740901e-01 6.972811460494975222e+01 8.544970437059364876e-01 5.193801803882791557e-01 -8.889911003689285329e-03 2.418284960315254395e+01 9.401814468071958975e-02 -1.378044291418916711e-01 9.859870829679628912e-01 5.326427716651294553e+00
4.978976316350540721e-01 -8.513857146372029172e-01 -1.650463974884134044e-01 6.993511434369449375e+01 8.625783811096320308e-01 5.058699158136119589e-01 -7.359668268034136318e-03 2.457718008306013147e+01 8.975792363067661150e-02 -1.387010929532586090e-01 9.862583444306471936e-01 5.376213488703620591e+00
4.840692939925883564e-01 -8.592979565170588696e-01 -1.651785111300014264e-01 7.013375177463586851e+01 8.706882711774410755e-01 4.917885754039121871e-01 -6.777280887614534066e-03 2.497491504733535450e+01 8.705660829343198071e-02 -1.405383187169875758e-01 9.862404006755383090e-01 5.393142563698149594e+00
4.699978587417613651e-01 -8.668812365297317024e-01 -1.661894537292985807e-01 7.034475383396502934e+01 8.784977000614432319e-01 4.776911432557046089e-01 -7.277543666134617117e-03 2.538376893671270906e+01 8.569599620118753536e-02 -1.425766229356734971e-01 9.860669869878744276e-01 5.406715695148785805e+00
4.568267133500119037e-01 -8.739803356186192085e-01 -1.657339039599080577e-01 7.053692162974903113e+01 8.857024769132005870e-01 4.642063111008802867e-01 -6.604780385014705213e-03 2.579303504833237071e+01 8.270717235915893417e-02 -1.437736891301001907e-01 9.861483914473894163e-01 5.442939899108065305e+00
4.440810849466618748e-01 -8.810009263952833791e-01 -1.631850412361632030e-01 7.070804180318671683e+01 8.926078041066831670e-01 4.508091263450134667e-01 -4.737050969844891490e-03 2.620595128402878160e+01 7.773865216506475884e-02 -1.435566065867338315e-01 9.865841082567977649e-01 5.468248862728889215e+00
4.306727116600872485e-01 -8.878316376739704419e-01 -1.620987309527834874e-01 7.087614321436218745e+01 8.994303777623094964e-01 4.370449695512618193e-01 -4.085357791664662175e-03 2.661877079738263774e+01 7.447154483221521404e-02 -1.440370706974151427e-01 9.867660874164713158e-01 5.504613983720082260e+00
4.163401473923538099e-01 -8.945748876539009187e-01 -1.624704651569745528e-01 7.104433809898345942e+01 9.063275569004888288e-01 4.225558993102660477e-01 -4.107500564045088454e-03 2.703383535557378892e+01 7.232732037138159265e-02 -1.455413423639579928e-01 9.867048577922339359e-01 5.528310757890072757e+00
4.019447631785938446e-01 -9.011184597006947072e-01 -1.625605393075196803e-01 7.120904337874750922e+01 9.130666683188748411e-01 4.077999131392113785e-01 -2.913768817470643868e-03 2.745552290364296510e+01 6.891782467819294877e-02 -1.472574359083410611e-01 9.866942692705409357e-01 5.540493844495720133e+00
3.869777226143605864e-01 -9.076232413900797713e-01 -1.626907922679340923e-01 7.136646332681563365e+01 9.197075412210173884e-01 3.925955844899159386e-01 -2.597240884487844736e-03 2.788892003854284596e+01 6.622900287180680245e-02 -1.486228741734809400e-01 9.866736848882815547e-01 5.548230471392193941e+00
3.715321632816325215e-01 -9.140269134209313417e-01 -1.628454886985691297e-01 7.150980109420231656e+01 9.261473802271169564e-01 3.771423010981207469e-01 -3.835990206285222470e-03 2.831576793108101953e+01 6.492212061939017786e-02 -1.493937290003160556e-01 9.866441263138707729e-01 5.564323988156155032e+00
3.570053061753701851e-01 -9.197069727147836327e-01 -1.633594065318510480e-01 7.166573393516701174e+01 9.319974803435425725e-01 3.624451808761911531e-01 -3.766628852583997489e-03 2.873917022825658663e+01 6.267302446761417734e-02 -1.509058487913358948e-01 9.865594339950575220e-01 5.599464039306973895e+00
3.447149927267922909e-01 -9.242511184416065673e-01 -1.641080249372564859e-01 7.180186651943073173e+01 9.367749616856032580e-01 3.499194805546644860e-01 -3.004710849754718693e-03 2.917018218115542538e+01 6.020170220437617153e-02 -1.526965198941791502e-01 9.864377972603757261e-01 5.616832116826937948e+00
3.325803551570447603e-01 -9.286237584532320843e-01 -1.644634384895538870e-01 7.194055824667162824e+01 9.412785913055846665e-01 3.376187859805547253e-01 -2.858129246615825902e-03 2.962889068887961841e+01 5.818007316416830971e-02 -1.538553560627957395e-01 9.863790389588590335e-01 5.618741401911928612e+00
3.185759882795842213e-01 -9.331656296665512551e-01 -1.664669555819263402e-01 7.206903312936800887e+01 9.461055547588633763e-01 3.238248953629516702e-01 -4.660085578263431505e-03 3.008043480055580687e+01 5.825477616564662259e-02 -1.560107199912947884e-01 9.860360218073618288e-01 5.624854659846903360e+00
3.014081826331951319e-01 -9.386851354631746691e-01 -1.674016842873327637e-01 7.218570177054084525e+01 9.517747630390054336e-01 3.067331452252732849e-01 -6.291109779379661093e-03 3.050960641115798566e+01 5.725301637293249424e-02 -1.574325064295578336e-01 9.858687022294134739e-01 5.640868790069473171e+00
2.840263063351252670e-01 -9.441852281237821387e-01 -1.668631544184256688e-01 7.229273363599109814e+01 9.573951769892392605e-01 2.887498498016253246e-01 -4.242560227305236520e-03 3.094767225662394239e+01 5.218747347179292229e-02 -1.585489805466455682e-01 9.859709368841712562e-01 5.665929443836441592e+00
2.705171285982682639e-01 -9.482289982208291779e-01 -1.663798367232968700e-01 7.239192209919180243e+01 9.616021479824363727e-01 2.744465073872343064e-01 -6.508290968389590647e-04 3.139640830064458754e+01 4.627950011087569870e-02 -1.598151479556042531e-01 9.860615226006010925e-01 5.678131512367679434e+00
2.592291691164451128e-01 -9.511682667959339144e-01 -1.675683923644805673e-01 7.250574680157065188e+01 9.647714335302394195e-01 2.630880862081760307e-01 -8.601972599400486974e-04 3.186230144533237052e+01 4.490343999299171995e-02 -1.614422098948670725e-01 9.858600782773676574e-01 5.679674079010665899e+00
2.476407140747378666e-01 -9.540790596387467293e-01 -1.685444294285604050e-01 7.262281974800653472e+01 9.677504925333793029e-01 2.518802949030233274e-01 -3.911680069739742471e-03 3.233700833085998028e+01 4.618507263127254181e-02 -1.621402633475444444e-01 9.856862959723204920e-01 5.681860758459151839e+00
2.345171053503691816e-01 -9.575051264983519550e-01 -1.678858541612679445e-01 7.272232732269243627e+01 9.711384341198553427e-01 2.384892224301642383e-01 -3.610063696177584491e-03 3.281198583274275649e+01 4.349562131202035914e-02 -1.621937838328901815e-01 9.857998313109264110e-01 5.703426686391695810e+00
2.202740771830105082e-01 -9.610968205209868831e-01 -1.666500300198686113e-01 7.277828438398397282e+01 9.747609879400103150e-01 2.232491901990310001e-01 9.030313903558989663e-04 3.327153172419913574e+01 3.633658365047817695e-02 -1.626428623085774405e-01 9.860156956299858111e-01 5.717027194818047775e+00
2.056491084319127527e-01 -9.641107895939113881e-01 -1.679250713555430208e-01 7.283903229949113722e+01 9.781249020242146486e-01 2.079845811674351230e-01 3.753669768002079743e-03 3.375015887235414169e+01 3.130687210949099908e-02 -1.650236328081872150e-01 9.857926152967004807e-01 5.717705182012371878e+00
1.904179656384854535e-01 -9.667936058737677252e-01 -1.704438969388416547e-01 7.291286919403685829e+01 9.812049536890915524e-01 1.929612284145258982e-01 1.674271407162086778e-03 3.421602902783745748e+01 3.127038883813612613e-02 -1.675592073577429064e-01 9.853659598400772435e-01 5.710621513839417851e+00
1.754121650319624415e-01 -9.694149404880142429e-01 -1.716544363464557188e-01 7.299058939191495199e+01 9.839689242502703825e-01 1.783326369067004258e-01 -1.620717023050124994e-03 3.467657779285045905e+01 3.218273556684486669e-02 -1.686183375926911254e-01 9.851558900797943163e-01 5.704629655143026667e+00
1.617118700029964717e-01 -9.720393625671149840e-01 -1.702608255596420872e-01 7.305256492030147797e+01 9.863867662009139226e-01 1.644309878379632828e-01 -1.896761011672076780e-03 3.514542592315832792e+01 2.983988210160701260e-02 -1.676362963643269754e-01 9.853972059922910809e-01 5.710915695710585993e+00
1.496301881794411814e-01 -9.741708622114397809e-01 -1.691210749835888594e-01 7.311277629584974136e+01 9.884202019532448702e-01 1.517409067912873777e-01 4.489731218804277058e-04 3.565483061073688731e+01 2.522520874227503207e-02 -1.672298670225432771e-01 9.855951808016977234e-01 5.720927583040018582e+00
1.396067659131891014e-01 -9.755496325287967840e-01 -1.697435282542155699e-01 7.316483111644159010e+01 9.900135027917661423e-01 1.409023072435106050e-01 4.450180157377206513e-03 3.616352111786355294e+01 1.957588315345672181e-02 -1.686696602426915326e-01 9.854782242710272699e-01 5.719564419619084461e+00
1.327483977324662723e-01 -9.762506153017396215e-01 -1.712092258683457491e-01 7.321385270296373449e+01 9.910194299149774899e-01 1.335369735238742805e-01 6.954583602034769552e-03 3.663758693746204642e+01 1.607334534117051128e-02 -1.705948792462991526e-01 9.852101475038125278e-01 5.712501125289338511e+00
1.287325431240418094e-01 -9.766960531634734100e-01 -1.717345395536689079e-01 7.326106846678526097e+01 9.915115641546032865e-01 1.299515467527190271e-01 4.172965883927196029e-03 3.710078336307694258e+01 1.824144973704781847e-02 -1.708139784428366337e-01 9.851344244721229604e-01 5.698672775197271001e+00
1.244606150635780839e-01 -9.770817788775930657e-01 -1.726868630886395362e-01 7.331070820018057077e+01 9.919836538622123223e-01 1.263662482677051502e-01 -4.205852524376274548e-05 3.757656302795854231e+01 2.186288563229241144e-02 -1.712973107907517223e-01 9.849767741158600431e-01 5.708461765676704935e+00
1.213180049794415627e-01 -9.771779871108379201e-01 -1.743706488312160852e-01 7.336397885207607317e+01 9.923842983465280820e-01 1.231802898761301668e-01 1.434618475357057887e-04 3.806560857230073225e+01 2.133883930951593899e-02 -1.730600984977289092e-01 9.846800781192229790e-01 5.724927339862799336e+00
1.202538938154245063e-01 -9.771692332564728689e-01 -1.751550473129039887e-01 7.340566029505048107e+01 9.926008973842223027e-01 1.213373568538217429e-01 4.550202607050884973e-03 3.856497097137161489e+01 1.680653248786036225e-02 -1.744062367253113310e-01 9.845303474535709309e-01 5.723818287295278751e+00
1.221451244140748793e-01 -9.770430959063489684e-01 -1.745490112364063984e-01 7.345013786398142486e+01 9.924107108577830960e-01 1.227446572887996856e-01 7.397978224138040959e-03 3.905338514100259317e+01 1.419681501675199020e-02 -1.741279352912451783e-01 9.846206947828123335e-01 5.697593990014950371e+00
1.235469493181811096e-01 -9.770957054412552356e-01 -1.732631920588636187e-01 7.351157497258640205e+01 9.921993498459833472e-01 1.245583600694264437e-01 5.066073629843390047e-03 3.954319481505686440e+01 1.663134027607696130e-02 -1.725375244550326759e-01 9.848625290747690109e-01 5.686738145116759569e+00
1.235844978294078356e-01 -9.772125280088976851e-01 -1.725762063516070310e-01 7.358682250060732599e+01 9.920755816659527770e-01 1.256386263873140452e-01 -9.878368641433321606e-04 4.001874562014763370e+01 2.264756407241945435e-02 -1.710865589751815463e-01 9.849956736857362616e-01 5.700140386036935958e+00
1.238234422790267519e-01 -9.773722575502121757e-01 -1.714970125494158504e-01 7.364214905373407305e+01 9.919771527994178939e-01 1.263572491902021921e-01 -3.895369179670912785e-03 4.048595443004125372e+01 2.547711651920826770e-02 -1.696387802016010582e-01 9.851769388214380863e-01 5.720764735350405417e+00
1.249923662494413223e-01 -9.773176231448301721e-01 -1.709595620897100821e-01 7.369458060110585507e+01 9.919202628292409507e-01 1.268628862442664484e-01 -1.680904951843753548e-05 4.096718888318969221e+01 2.170485125807922189e-02 -1.695761527583234396e-01 9.852780459583733164e-01 5.718720958300115065e+00
1.283782758219759179e-01 -9.770895257665180855e-01 -1.697500425164529536e-01 7.375456061889357784e+01 9.915869471271142599e-01 1.293247889043244170e-01 5.515909896067219820e-03 4.147620338254607475e+01 1.656335063042124744e-02 -1.690300494356339334e-01 9.854717133452796096e-01 5.699424030830807730e+00
1.326430832756687606e-01 -9.767031628560027823e-01 -1.686912686721060428e-01 7.382239749944974960e+01 9.910102093836095083e-01 1.336843574471872076e-01 5.220868834531974811e-03 4.196733328022718013e+01 1.745214475583764524e-02 -1.678672816275206814e-01 9.856551112850823193e-01 5.700522787639036082e+00
1.346345633468546410e-01 -9.765782456406537637e-01 -1.678346343691469733e-01 7.389450298739244261e+01 9.906265465119685754e-01 1.365980277358582740e-01 -1.554491712295602568e-04 4.245692818445844807e+01 2.307768831952004829e-02 -1.662405153989158502e-01 9.858151506959760280e-01 5.705342668746918200e+00
1.324446592847303705e-01 -9.771631986699664818e-01 -1.661640616740912013e-01 7.395716432685789243e+01 9.908654035700661389e-01 1.348201147053432747e-01 -3.047733382047626560e-03 4.294444865796157984e+01 2.538039075510160891e-02 -1.642425640201637393e-01 9.860934113608105234e-01 5.709775945037621980e+00
1.262495001783699999e-01 -9.781160595038971284e-01 -1.653784685056688686e-01 7.401395483495844019e+01 9.917633775007332897e-01 1.280828732880724408e-01 -4.249924819221262418e-04 4.341204083032907590e+01 2.159784139792353397e-02 -1.639626534026585591e-01 9.862300854953218732e-01 5.711569760976733967e+00
1.199971614929395969e-01 -9.789811945808125637e-01 -1.649136194823298540e-01 7.405527857952593251e+01 9.926377792602464334e-01 1.210678039502104397e-01 3.581344993130577969e-03 4.388498274836315005e+01 1.645966035262534655e-02 -1.641292402462118383e-01 9.863015117484498218e-01 5.695755566534056236e+00
1.142936606351935280e-01 -9.803002918108818520e-01 -1.610847510291012474e-01 7.410234725191477878e+01 9.933597830974640885e-01 1.149199066007110526e-01 5.454941928525608441e-03 4.438137767631621955e+01 1.316436337871808304e-02 -1.606385786241405766e-01 9.869255020488876262e-01 5.687630336824425648e+00
1.072733732626460768e-01 -9.812180240166419321e-01 -1.603234628297742770e-01 7.414659156689764075e+01 9.941279539830811807e-01 1.081640089129793925e-01 3.187206501946815429e-03 4.488262369354762882e+01 1.421388399650620749e-02 -1.597239384711945098e-01 9.870593847286919242e-01 5.701451290606582845e+00
9.893072515841949688e-02 -9.821735338361854417e-01 -1.598369827398183340e-01 7.419210932230978983e+01 9.949174404072780309e-01 1.006572443995045196e-01 -2.721382613505379799e-03 4.535020766295023265e+01 1.876162021414821968e-02 -1.587553733945346879e-01 9.871396725009596862e-01 5.698430872560050986e+00
9.225055156610173501e-02 -9.826082044358749323e-01 -1.611550567343640328e-01 7.422979640358670395e+01 9.955175637553347334e-01 9.440288862636114775e-02 -5.733661451654700758e-03 4.580590105742879103e+01 2.084744565632271063e-02 -1.599037560356383336e-01 9.869124443512209410e-01 5.693799168017878998e+00
9.040309934594037422e-02 -9.827668779625791107e-01 -1.612344355537415619e-01 7.426859467602560017e+01 9.957446771270794805e-01 9.210326821276160203e-02 -3.086415010453119612e-03 4.627881142004223136e+01 1.788344490685936372e-02 -1.602693094894144521e-01 9.869113084943599290e-01 5.692867227302873978e+00
9.189016954108020219e-02 -9.827871693535188413e-01 -1.602672034316754146e-01 7.430944738293339924e+01 9.956906242233154458e-01 9.270625756263017880e-02 2.393876044467752040e-03 4.678817234428486671e+01 1.250510197865373208e-02 -1.597965255029963894e-01 9.870707638572189246e-01 5.681391075030263416e+00
9.376060227013782722e-02 -9.829579823558981522e-01 -1.581219604759648290e-01 7.435347662811500413e+01 9.955284700562846423e-01 9.439725974118129415e-02 3.496092211131368588e-03 4.730155655932121306e+01 1.148976802785058038e-02 -1.577427091062452436e-01 9.874134002303638358e-01 5.668953556994877019e+00
9.394162503721048552e-02 -9.832645292336126275e-01 -1.560956009513735643e-01 7.440162386914776960e+01 9.954509800628985605e-01 9.526953431723983456e-02 -1.030593416940520091e-03 4.778085852864097660e+01 1.588450116254633282e-02 -1.552887033302118858e-01 9.877414141569839101e-01 5.683043431620310670e+00
9.327741604627681760e-02 -9.835015400353819270e-01 -1.549969174008378192e-01 7.445770656127210430e+01 9.954443280838518593e-01 9.520954309229345824e-02 -5.072730019000784574e-03 4.822739730562086180e+01 1.974622347231873298e-02 -1.538176311486725290e-01 9.879019298525497650e-01 5.699219708362992520e+00
9.336995403683834294e-02 -9.837518280726197384e-01 -1.533440329681534098e-01 7.451734564468075916e+01 9.954601460509829858e-01 9.509721619281097382e-02 -3.951847230574137559e-03 4.868002470731415343e+01 1.847022759239108636e-02 -1.522788896602453868e-01 9.881649611560451296e-01 5.693513120863112675e+00
9.624402310458168852e-02 -9.838177200969788760e-01 -1.511283614674208686e-01 7.456001805870715771e+01 9.952211340623939861e-01 9.763081845070964437e-02 -1.765673867691844312e-03 4.915579513179520887e+01 1.649188686012637017e-02 -1.502362037320806865e-01 9.885125698522834181e-01 5.676169235254528544e+00
1.003180546494158998e-01 -9.837543213603124892e-01 -1.488748572334100961e-01 7.460616392630414850e+01 9.948042590069073876e-01 1.017817764632628075e-01 -2.226261822154587677e-03 4.965322523303585456e+01 1.734284212795521307e-02 -1.478780077797027803e-01 9.888535385192445126e-01 5.669276478659184271e+00
1.032454619052705080e-01 -9.837672771854588660e-01 -1.467730184164514062e-01 7.465310676129148248e+01 9.944416163487563853e-01 1.051561058240169100e-01 -5.297648686093309189e-03 5.014577091780051177e+01 2.064573248011387918e-02 -1.454102394848341695e-01 9.891560119532827322e-01 5.678371749146755576e+00
1.039642494641873638e-01 -9.837186057929687699e-01 -1.465917441402696253e-01 7.470700308750666352e+01 9.942678369193937993e-01 1.064950289617911938e-01 -9.501435368259522618e-03 5.060242191832710290e+01 2.495803079127378171e-02 -1.447636467596934984e-01 9.891514460768161543e-01 5.695220890852333184e+00
1.036670098426272224e-01 -9.839190700198974238e-01 -1.454524483172033866e-01 7.476458055621031917e+01 9.942557121364730133e-01 1.064300510729609961e-01 -1.132356448305424368e-02 5.104498820879913268e+01 2.662198253856425112e-02 -1.434430475128961879e-01 9.893004407994213656e-01 5.684583278446950771e+00
1.038491727984615087e-01 -9.843402244501883169e-01 -1.424418191347899543e-01 7.481934593881267404e+01 9.942870855299269506e-01 1.062991699276564228e-01 -9.678740677113703561e-03 5.149862317407232837e+01 2.466862090751881231e-02 -1.406229319920622167e-01 9.897558538046021814e-01 5.693317425637049567e+00
1.066130024891225325e-01 -9.845186891958944697e-01 -1.391280644738960848e-01 7.487483269021014110e+01 9.940218407173299076e-01 1.088476274966099222e-01 -8.530777531438882288e-03 5.197051551159123051e+01 2.354246964925297420e-02 -1.373868429375880440e-01 9.902376520363465051e-01 5.701308182744845077e+00
1.085245306900827211e-01 -9.847018011647750146e-01 -1.363260394104726658e-01 7.493731214184266776e+01 9.937719576714760805e-01 1.109535675055489667e-01 -1.032482462775687060e-02 5.247102784793433727e+01 2.529273382415665739e-02 -1.343564983193594742e-01 9.906102205080766776e-01 5.694359595864814771e+00
1.094575851061000415e-01 -9.849698031716420665e-01 -1.336170793826806646e-01 7.498666656551823451e+01 9.936124354253270674e-01 1.121346936209640655e-01 -1.265459026135139220e-02 5.294674924983029030e+01 2.744749953804598991e-02 -1.313784507693299131e-01 9.909522377201435139e-01 5.697102567195465816e+00
1.087584187156939164e-01 -9.853125590464908434e-01 -1.316463723150669285e-01 7.503127949846962963e+01 9.936469084336589930e-01 1.116100272554717554e-01 -1.445763384044948530e-02 5.340017002614864339e+01 2.893834339925901306e-02 -1.292376214625149122e-01 9.911913082145233922e-01 5.716250678985270284e+00
1.075359290288161462e-01 -9.853574773514274243e-01 -1.323127574935257789e-01 7.508547114431733860e+01 9.937684551035349534e-01 1.104591832587894507e-01 -1.493407094313223965e-02 5.383530787315377353e+01 2.933055759856516287e-02 -1.298822954117778428e-01 9.910955088837427596e-01 5.715092329054106024e+00
1.071085689932015361e-01 -9.854143689153398444e-01 -1.322356834723945607e-01 7.514668135370405366e+01 9.938287720937155623e-01 1.099711379862259308e-01 -1.451621743816822879e-02 5.428421494951318493e+01 2.884659783971600666e-02 -1.298648156553467437e-01 9.911120034828941883e-01 5.707079913357168799e+00
1.075832749835542446e-01 -9.854310361200138146e-01 -1.317251380536335059e-01 7.518373958477933172e+01 9.938276783660098257e-01 1.102018534605974098e-01 -1.273174015898052153e-02 5.475881188347791806e+01 2.706260625733844516e-02 -1.295423658317419735e-01 9.912045151215138628e-01 5.721836708835337681e+00
1.078174720193552094e-01 -9.855114536892303212e-01 -1.309296275664748321e-01 7.523194975676103979e+01 9.937328351793047743e-01 1.107395948214725534e-01 -1.522479639525797790e-02 5.523373002472333582e+01 2.950330513445097863e-02 -1.284675709512573816e-01 9.912747541423755360e-01 5.713198503199954814e+00
1.063732736803881807e-01 -9.859030838893723114e-01 -1.291504387291920741e-01 7.527756149988408652e+01 9.937724094170099498e-01 1.097480825736202315e-01 -1.928099201091129644e-02 5.569527292244099925e+01 3.318320249807446554e-02 -1.262951604331670474e-01 9.914375459519032541e-01 5.731374899151407298e+00
1.052574776853720806e-01 -9.861050522402624585e-01 -1.285211629948274648e-01 7.532337626273101705e+01 9.938334632803437207e-01 1.088422751623862039e-01 -2.117560864942185511e-02 5.614794043859182437e+01 3.486991046033038888e-02 -1.254997413690762120e-01 9.914806625753139757e-01 5.739963508401270786e+00
1.057389208534242897e-01 -9.863941198785122211e-01 -1.258805818458486048e-01 7.539776233596056443e+01 9.938787006395088941e-01 1.089084546467882220e-01 -1.854931054165091797e-02 5.657196636406201407e+01 3.200639048495491912e-02 -1.231486450414480821e-01 9.918719686494724685e-01 5.741104314813243015e+00
1.072275743575565876e-01 -9.864947273561188723e-01 -1.238159932963888710e-01 7.545060387202180152e+01 9.937503500025868242e-01 1.102269834266389470e-01 -1.761402834106200188e-02 5.701715840718493666e+01 3.102400952699280873e-02 -1.211534771405270300e-01 9.921488526474385727e-01 5.747157140499886907e+00
1.082685784348804692e-01 -9.865495596397857447e-01 -1.224658372699704428e-01 7.548391101575850826e+01 9.935861992428263179e-01 1.114288511670106230e-01 -1.923735433459063809e-02 5.748443002127992685e+01 3.262483100162379135e-02 -1.195975647835061939e-01 9.922862706396630150e-01 5.766097876176695891e+00
1.080200231467161043e-01 -9.865910457434835523e-01 -1.223510648019148772e-01 7.553938753844018095e+01 9.935511569532881060e-01 1.114009035772008938e-01 -2.111722517202316296e-02 5.793999094550062523e+01 3.446408443823290729e-02 -1.192809588365328910e-01 9.922622031211667526e-01 5.768194880235235189e+00
1.063516325130471341e-01 -9.868067044493087359e-01 -1.220731678777307871e-01 7.558397837870620606e+01 9.937084374710127843e-01 1.098165791037579719e-01 -2.199682369949079730e-02 5.838051368779100869e+01 3.511227079993811673e-02 -1.189657387983739378e-01 9.922773208289247249e-01 5.761174971746263473e+00
1.044035560260346829e-01 -9.869943669638316930e-01 -1.222375436221799921e-01 7.561869928616775383e+01 9.939340133376088904e-01 1.078216484439665779e-01 -2.167185403743975003e-02 5.879997391822864472e+01 3.456985131170013659e-02 -1.192334336857384797e-01 9.922642358121124273e-01 5.767829835924931814e+00
1.042728378443739112e-01 -9.868130306679883113e-01 -1.238031412838183076e-01 7.566612885601327321e+01 9.939819224438957157e-01 1.076048990973105246e-01 -2.052129491516253151e-02 5.924614561413365976e+01 3.357250575423847277e-02 -1.209182707208376339e-01 9.920945815108879184e-01 5.776850917976886990e+00
1.051791299169290150e-01 -9.866742710121980675e-01 -1.241419894816634117e-01 7.571096218100517206e+01 9.938651877183422023e-01 1.085872585695397685e-01 -2.099514034095734810e-02 5.970122204248928455e+01 3.419560310189534436e-02 -1.211721510863761619e-01 9.920423229528053666e-01 5.778831222774702958e+00
1.072420489207500660e-01 -9.867203924880258992e-01 -1.219918439550618655e-01 7.575014582220168791e+01 9.935697474859963574e-01 1.108415823945682055e-01 -2.309329974001778779e-02 6.014006729328519896e+01 3.630839880652429741e-02 -1.187308328133213076e-01 9.922624096052220510e-01 5.785279363185193979e+00
1.086513883952339166e-01 -9.867060465001966651e-01 -1.208555071138277537e-01 7.582694402655427268e+01 9.933454061791082701e-01 1.124384470295994864e-01 -2.494994293450150669e-02 6.057908377200189420e+01 3.820706508816104630e-02 -1.173404168627518451e-01 9.923565119188892947e-01 5.799769207839204022e+00
1.113183282240596261e-01 -9.865444009500882183e-01 -1.197429528424632794e-01 7.587847011792267438e+01 9.929961953690343845e-01 1.152188202268137340e-01 -2.613770166184906096e-02 6.100297207959906132e+01 3.958264498518462154e-02 -1.159946913422034709e-01 9.924608031536579222e-01 5.809339467165565374e+00
1.138645881328469445e-01 -9.863348023101401463e-01 -1.190735626457625623e-01 7.592083900415393316e+01 9.927327548618010145e-01 1.176548891540939445e-01 -2.527853798457206647e-02 6.143194210925965848e+01 3.894268857997253142e-02 -1.153298955603232617e-01 9.925635910087615699e-01 5.817965964072615570e+00
1.168615783232683780e-01 -9.861009801164118960e-01 -1.181026186214630957e-01 7.596488172026815278e+01 9.923963942446608621e-01 1.205707427554334465e-01 -2.474050689858463270e-02 6.185387151378551351e+01 3.863635854982264833e-02 -1.143133981861059884e-01 9.926931443266616695e-01 5.814611385109707875e+00
1.206451825529328836e-01 -9.857371789694308051e-01 -1.173326635006553265e-01 7.602364780639001651e+01 9.918808071236265844e-01 1.244893178497118447e-01 -2.597834099970268429e-02 6.231288082532711314e+01 4.021447981203921801e-02 -1.132458552826633852e-01 9.927528251658340741e-01 5.824748349282168114e+00
1.248999513051449739e-01 -9.853155824022873377e-01 -1.164182341354382810e-01 7.608289216955797940e+01 9.912528769604050938e-01 1.289647270938415469e-01 -2.803271451948345649e-02 6.276018714205245885e+01 4.263491622710564172e-02 -1.118986248389687160e-01 9.928045939042865475e-01 5.842997290263487464e+00
1.282149716309625154e-01 -9.850542683230008034e-01 -1.150174313237305179e-01 7.613934968082270416e+01 9.907705664573374094e-01 1.323679916951037150e-01 -2.919588012736665239e-02 6.320891807849582023e+01 4.398415273116092900e-02 -1.102125366428091113e-01 9.929343337176328443e-01 5.857813710001522622e+00
1.317922566495651759e-01 -9.846978284975841378e-01 -1.140218735127489363e-01 7.619826474660048632e+01 9.903211774758956532e-01 1.358421930581866777e-01 -2.847567431857851716e-02 6.363654456971524809e+01 4.352891602108367730e-02 -1.091654026570896413e-01 9.930700621470496259e-01 5.862792150909424294e+00
1.351586182296696803e-01 -9.845186937873404709e-01 -1.116023722934045836e-01 7.626494542730598880e+01 9.899400045574491269e-01 1.389355038950439436e-01 -2.675281544488553737e-02 6.407196511767622837e+01 4.184417874739895793e-02 -1.068637793674709624e-01 9.933927709442303966e-01 5.856689584797720727e+00
1.387839266194829113e-01 -9.843282354203372053e-01 -1.087977328181240488e-01 7.634964614359795121e+01 9.894973338795646223e-01 1.423132416082507623e-01 -2.533707773571261535e-02 6.451743687092077550e+01 4.042335905527753154e-02 -1.041386874184496436e-01 9.937409550911396883e-01 5.870440916940092180e+00
1.420010999032568222e-01 -9.840277294283349407e-01 -1.073550899696000538e-01 7.642212451012105134e+01 9.889725582355107791e-01 1.456441941211373825e-01 -2.685233278346269709e-02 6.496777658226453411e+01 4.205908562218945573e-02 -1.023581771766187976e-01 9.938580567071463312e-01 5.894275869163021042e+00
1.453767102918787080e-01 -9.836323849430402833e-01 -1.064562980568929673e-01 7.648896981385141203e+01 9.883222640404786263e-01 1.493443102298366298e-01 -3.025523762717986093e-02 6.540430643958428902e+01 4.565867394716992961e-02 -1.008147226016179732e-01 9.938569701924643285e-01 5.913089298932844073e+00
1.509480521183703683e-01 -9.829058462029650611e-01 -1.054076992524860118e-01 7.655803688528332884e+01 9.874041848567670643e-01 1.550286131705933546e-01 -3.160861948496929141e-02 6.582118036900509139e+01 4.740950631479716459e-02 -9.930874381662135875e-02 9.939266130417033773e-01 5.907895119669922757e+00
1.568814549726728069e-01 -9.820641793967417321e-01 -1.045856425684795893e-01 7.662928257187256520e+01 9.865492586928308327e-01 1.607545019413175735e-01 -2.964034882091194645e-02 6.625876752478488640e+01 4.592133772315069862e-02 -9.852886709692466882e-02 9.940740883305996256e-01 5.920325202711648416e+00
1.605172795333416058e-01 -9.815698092533986507e-01 -1.037058944007616251e-01 7.672209096088077729e+01 9.860511721298479415e-01 1.641553240772423150e-01 -2.749755477217773886e-02 6.672581930923924176e+01 4.401464429673869472e-02 -9.784548604479617606e-02 9.942278269833776383e-01 5.932809077380888141e+00
1.626950432719875828e-01 -9.815766039288033040e-01 -1.001882903054230195e-01 7.679020400206937325e+01 9.857634427169491564e-01 1.660714858911275238e-01 -2.628110684011900067e-02 6.716210896184419710e+01 4.243533783952731231e-02 -9.448614815681001533e-02 9.946213399625681850e-01 5.959034270224389473e+00
1.630594398676100676e-01 -9.818189229418515795e-01 -9.717624001454405747e-02 7.686797111386654535e+01 9.857010444523922610e-01 1.663574713794679916e-01 -2.680751166544373398e-02 6.756678648600987458e+01 4.248611579710093178e-02 -9.141550344188072164e-02 9.949060939078334664e-01 5.979588476242457595e+00
1.643081529395362672e-01 -9.817834522669280917e-01 -9.541532231476382298e-02 7.694457069160894491e+01 9.853324706970419955e-01 1.678772461797101156e-01 -3.061294505891038256e-02 6.797813999884354530e+01 4.607334443754682041e-02 -8.898585882009178716e-02 9.949667149520077247e-01 5.970166473083729386e+00
1.665727930169331739e-01 -9.815794308263607881e-01 -9.356989689604039429e-02 7.702102201506913559e+01 9.848248710175799836e-01 1.703072266574412463e-01 -3.339793367048378425e-02 6.839519728944780752e+01 4.871835436203739156e-02 -8.658677454928447037e-02 9.950523867723780613e-01 5.983454800889501435e+00
1.699161264284828610e-01 -9.810927393028585630e-01 -9.265822611486547455e-02 7.710024820324848349e+01 9.842590691013444193e-01 1.735951557648375276e-01 -3.314825465596989151e-02 6.883015753265681269e+01 4.860653115883785402e-02 -8.556727635139202426e-02 9.951460427226294092e-01 6.011518418280267895e+00
1.729817269467890384e-01 -9.806432534826147185e-01 -9.173947646209192064e-02 7.718216512317492572e+01 9.838744991975157950e-01 1.763468833197927577e-01 -2.987886497564409480e-02 6.924653957608899191e+01 4.547847811156276177e-02 -8.509163379808613870e-02 9.953346783299718004e-01 6.035387925765189010e+00
1.736819751870736228e-01 -9.800390555405292803e-01 -9.673686531175190728e-02 7.722353585867541881e+01 9.837719444720151030e-01 1.771524022487249717e-01 -2.845676803953973988e-02 6.965272530859289191e+01 4.502591214919465790e-02 -9.022458640932196072e-02 9.949031064593173435e-01 6.047421424828983483e+00
1.726464121700238552e-01 -9.794186257720476352e-01 -1.045579832227658129e-01 7.726540421996944019e+01 9.837149863784544479e-01 1.768361978637211784e-01 -3.215252244444213175e-02 7.004895552574028272e+01 4.998041555705308447e-02 -9.730423739949262130e-02 9.939989152131140093e-01 6.034847806832978279e+00
1.706727725644032745e-01 -9.791364478958272111e-01 -1.102842740698869728e-01 7.731661555724474510e+01 9.836736101950939171e-01 1.757984349752568232e-01 -3.848556698297780909e-02 7.042988457871717856e+01 5.707042413483826016e-02 -1.019152916013729704e-01 9.931546908849984145e-01 6.039753375356201381e+00
1.701166209688652620e-01 -9.790246619222264801e-01 -1.121206788162018853e-01 7.739102378661540627e+01 9.834828705620186629e-01 1.758169091752678215e-01 -4.300997278710728955e-02 7.082412239439837265e+01 6.182053527127943232e-02 -1.029520558130147673e-01 9.927633633563671678e-01 6.051480890270320323e+00
1.704266180090385774e-01 -9.793275381285057035e-01 -1.089602722883976499e-01 7.746185323181416038e+01 9.835814807213486555e-01 1.757340313709915280e-01 -4.104900729736098153e-02 7.120720085144033362e+01 5.934845116766464257e-02 -1.001754624709059044e-01 9.931981866992808383e-01 6.053121489686411394e+00
1.713048608587758315e-01 -9.800832310476031983e-01 -1.004564824461123829e-01 7.755884450666054875e+01 9.838407050102088158e-01 1.755635294652178047e-01 -3.514134725264432546e-02 7.161470007601890586e+01 5.207793977463764934e-02 -9.281329291112470903e-02 9.943206629894718596e-01 6.073503115058178636e+00
1.729648810703321438e-01 -9.805160342650088845e-01 -9.312065541836556104e-02 7.763995225916332288e+01 9.837651596351865146e-01 1.765796729209042626e-01 -3.202701670625125729e-02 7.200317133599652664e+01 4.784621828610788330e-02 -8.606930730734729806e-02 9.951395950997786732e-01 6.122926414196253830e+00
1.762965300061245522e-01 -9.800358454279551879e-01 -9.191993899101968957e-02 7.772059139404233008e+01 9.829357517264414312e-01 1.802574095413786992e-01 -3.666843715523363662e-02 7.237255908631280477e+01 5.250563289567403147e-02 -8.388687609957121150e-02 9.950910262546235341e-01 6.148238360667859226e+00
1.812663911888545698e-01 -9.789467756752973093e-01 -9.383872239277502025e-02 7.779408992873966611e+01 9.816191491210669584e-01 1.859006364207888007e-01 -4.318332383198542762e-02 7.272732578326019848e+01 5.971885384199495522e-02 -8.428620155924018698e-02 9.946504384569051505e-01 6.132346611699592387e+00
1.853417377855929304e-01 -9.781181995568375420e-01 -9.451575493168964948e-02 7.787773211823338215e+01 9.809007170878589754e-01 1.899253326727617930e-01 -4.197798501196658982e-02 7.312932580490220857e+01 5.901036731914705014e-02 -8.493029909773924802e-02 9.946379345490639068e-01 6.132252070462237192e+00
1.895120701882707648e-01 -9.774294107875212134e-01 -9.336445887228687901e-02 7.796284856006658970e+01 9.805629448705104334e-01 1.933210380266981998e-01 -3.351548005253575380e-02 7.353633157698416767e+01 5.080833002400240994e-02 -8.519814072994155718e-02 9.950677315722448180e-01 6.141613023261016657e+00
1.939601877919358008e-01 -9.768043719391357183e-01 -9.073403172077970646e-02 7.801557827814076518e+01 9.799707023286066132e-01 1.971793612254878481e-01 -2.788766903643920270e-02 7.391310548817311599e+01 4.513167545410196740e-02 -8.350759526713145975e-02 9.954846123388380041e-01 6.155625444096478383e+00
1.975021648030418353e-01 -9.762000247455362434e-01 -8.959021478334705524e-02 7.807727772117458187e+01 9.791850185453156996e-01 2.008138261021210624e-01 -2.950435057134343994e-02 7.427993304133727293e+01 4.679310156980116125e-02 -8.189822301516230807e-02 9.955416047119461931e-01 6.193940059196662240e+00
1.990164123685252973e-01 -9.759183591084598097e-01 -8.930746868550579198e-02 7.816047875371540954e+01 9.786629296325001226e-01 2.026706104017652610e-01 -3.381558579277145482e-02 7.464327478285122197e+01 5.110125019110087208e-02 -8.067205237520239103e-02 9.954298981819257319e-01 6.204208839322395086e+00
2.015048036614480731e-01 -9.755559195928779070e-01 -8.767246916025228654e-02 7.824600815615336558e+01 9.779800699502251282e-01 2.053511364866804634e-01 -3.722759089413726907e-02 7.497455053388986812e+01 5.432123784960877361e-02 -7.824038912814065827e-02 9.954534869232029015e-01 6.199432312157695080e+00
2.046971186855141012e-01 -9.751595377947458454e-01 -8.463430421399141534e-02 7.835963232092900910e+01 9.771985114118008076e-01 2.085746300742916670e-01 -3.974535172738039024e-02 7.530678626466635706e+01 5.641062751299018296e-02 -7.456875711254881689e-02 9.956190745291496613e-01 6.211706342523328317e+00
2.107889226800320204e-01 -9.740877478501500653e-01 -8.198225151588778292e-02 7.844544083155989256e+01 9.758961144976293633e-01 2.145442018610862478e-01 -3.996947780769306846e-02 7.566027406286072221e+01 5.652259533869327668e-02 -7.158103754495516446e-02 9.958319894842533326e-01 6.241965898811423941e+00
2.192600215516967710e-01 -9.724565935534106309e-01 -7.907728247509385189e-02 7.852285137089454281e+01 9.741629767824968589e-01 2.226996734877432216e-01 -3.756793971881803446e-02 7.601925881585594880e+01 5.414367567328309816e-02 -6.879701361940693261e-02 9.961603451762358619e-01 6.268368783505351871e+00
2.264836160032094314e-01 -9.708189534679827482e-01 -7.883990911614080499e-02 7.861492104490635313e+01 9.726052897554289256e-01 2.297670254049091199e-01 -3.529963705674430546e-02 7.641654401844067479e+01 5.238436810603718657e-02 -6.868532320598347285e-02 9.962621162897948857e-01 6.273594992072021981e+00
2.301303482741168249e-01 -9.697532108161397435e-01 -8.135559547456602814e-02 7.871400862691746170e+01 9.716632248987289167e-01 2.336066728238362922e-01 -3.603470260150880289e-02 7.678208986435333827e+01 5.394997852303318187e-02 -7.075756160273381778e-02 9.960335171536144339e-01 6.277614178316119009e+00
2.289928980140158998e-01 -9.698744115725893566e-01 -8.310161512188889155e-02 7.876987733715263573e+01 9.716017994244460221e-01 2.329558327215479618e-01 -4.149124433165400638e-02 7.710444464729231129e+01 5.960030213280266553e-02 -7.124047850579191821e-02 9.956769547438287793e-01 6.281850447472679733e+00
2.248863351124995580e-01 -9.707778916298402949e-01 -8.376408181548145038e-02 7.884244726130199865e+01 9.722788618347441014e-01 2.292187129850854488e-01 -4.618004381543784620e-02 7.742764077236917331e+01 6.403086059864646074e-02 -7.105678532120021651e-02 9.954149798706133367e-01 6.297785465932275173e+00
2.222888057598950695e-01 -9.715583650781616232e-01 -8.162125997857007376e-02 7.892082258166307440e+01 9.730475653780907841e-01 2.263386338169049994e-01 -4.415040604192875529e-02 7.775700379179232868e+01 6.136874078559726581e-02 -6.960722727236501317e-02 9.956850463705094745e-01 6.318202860832717427e+00
2.228684043030052520e-01 -9.717003156956056653e-01 -7.828263434819199285e-02 7.902194577251704288e+01 9.732513104150399830e-01 2.263796303387883846e-01 -3.916822363959165249e-02 7.811264268805345523e+01 5.578136910151753475e-02 -6.745931696018023227e-02 9.961614725617660149e-01 6.336858548995600415e+00
2.239937231818895924e-01 -9.715421244461476258e-01 -7.702410273272378149e-02 7.911409420560489991e+01 9.730596008917736794e-01 2.273704724386335085e-01 -3.817959370363392668e-02 7.844971432980167947e+01 5.460609020482051768e-02 -6.639705332090238554e-02 9.962979505262691271e-01 6.349241124979016604e+00
2.222938790851594071e-01 -9.719997883031120667e-01 -7.616982906622346561e-02 7.920101303013163374e+01 9.731782128684484112e-01 2.259519926920349198e-01 -4.324191250016089921e-02 7.879785838769812756e+01 5.924185445650296394e-02 -6.451440565644073200e-02 9.961567618318668549e-01 6.356469447772802539e+00
2.184334381660332225e-01 -9.728006557979795854e-01 -7.710847664159195536e-02 7.923395560629280965e+01 9.738697419233255381e-01 2.223418423955989542e-01 -4.627991882367739340e-02 7.912795136857316436e+01 6.216557614276019272e-02 -6.498453046034713410e-02 9.959480166874609131e-01 6.376450680318755282e+00
2.132492881569020282e-01 -9.736377727675892269e-01 -8.095819007823194802e-02 7.927239404134296308e+01 9.749790893886750576e-01 2.174009262622546013e-01 -4.639625540001943160e-02 7.944045034429336738e+01 6.277353228395445017e-02 -6.903857400382988618e-02 9.956370618574386100e-01 6.382294419434376920e+00
2.068272616261370711e-01 -9.748161691847112564e-01 -8.340215911040939345e-02 7.933131793739333659e+01 9.763802370627649996e-01 2.110978283138706946e-01 -4.603628519360338650e-02 7.975655185471319442e+01 6.248292984081864343e-02 -7.191066108173506388e-02 9.954520281265668569e-01 6.377801803114879320e+00
2.005061093179029141e-01 -9.760324230636562293e-01 -8.460501908684488204e-02 7.939438711892651668e+01 9.778113645103702067e-01 2.047224874567851183e-01 -4.442565209284776717e-02 8.007261919788076909e+01 6.068142681715286979e-02 -7.382013450268602728e-02 9.954237048520795383e-01 6.403761831567869045e+00
1.948191534991009499e-01 -9.772061228736341754e-01 -8.434269884331269118e-02 7.945722788634573419e+01 9.790630949157843599e-01 1.989185753517294097e-01 -4.320713545196522981e-02 8.040802664982797410e+01 5.899960681072261709e-02 -7.415924620921077182e-02 9.954995994965852857e-01 6.426197662846146130e+00
1.912230424873067047e-01 -9.779595644737454352e-01 -8.383816718070849494e-02 7.951544809965218974e+01 9.796414125289479857e-01 1.954736501721322517e-01 -4.574663863794573709e-02 8.072237117169579790e+01 6.112651536105778022e-02 -7.338352909683197589e-02 9.954287552492688818e-01 6.437811037692307892e+00
1.872104631107192052e-01 -9.788651157106134093e-01 -8.231237906122008952e-02 7.958149792702221248e+01 9.801701454613767073e-01 1.916843338443877665e-01 -5.023546660336124237e-02 8.103558087770998952e+01 6.495173937697255873e-02 -7.127553159030970698e-02 9.953396757632163583e-01 6.454341498288611589e+00
1.829750899717050849e-01 -9.797174493567305520e-01 -8.169354855671619176e-02 7.963049272795866784e+01 9.810490337100258307e-01 1.873462193044707069e-01 -4.943872539766661772e-02 8.132827853201106905e+01 6.374095940971673258e-02 -7.109932164418500400e-02 9.954305483333659721e-01 6.480998498696121324e+00
1.775147493635711449e-01 -9.807880809782151266e-01 -8.089038242868271111e-02 7.966236665071285472e+01 9.822693509270260526e-01 1.816176610352624454e-01 -4.649674643971778154e-02 8.165761954532371192e+01 6.029457676928669935e-02 -7.120228515399307234e-02 9.956378852781075928e-01 6.485467836185390134e+00
1.692265152835324971e-01 -9.820898193144459443e-01 -8.283702870040372812e-02 7.971626992774992004e+01 9.837564954747012314e-01 1.734226826542104583e-01 -4.634361609058488402e-02 8.197705228375461672e+01 5.987941329310840499e-02 -7.364889639319888159e-02 9.954849551468555324e-01 6.489673088358489217e+00
1.587589948114130900e-01 -9.836209232181267748e-01 -8.535491183282759020e-02 7.973292378914081269e+01 9.852873862044695397e-01 1.633803248379724904e-01 -5.015611669780067200e-02 8.225480415399943013e+01 6.327991903309065913e-02 -7.613638330889287154e-02 9.950873845968537523e-01 6.485787431433025496e+00
1.504707304549056657e-01 -9.846750204346287338e-01 -8.816838100153008562e-02 7.977165040337122548e+01 9.864409347216124280e-01 1.554522291681541546e-01 -5.262021239223256541e-02 8.249479668917911113e+01 6.551978008143109766e-02 -7.905509837268905049e-02 9.947147580283332013e-01 6.510959390184827278e+00
1.467306314947283141e-01 -9.851221506718120802e-01 -8.946770387632720090e-02 7.981219257281730961e+01 9.870804757416066222e-01 1.517044614897949950e-01 -5.155473570696600394e-02 8.277502743633449711e+01 6.436036195424989226e-02 -8.074716477892726618e-02 9.946545325836919638e-01 6.523219816211527800e+00
1.514730640698264130e-01 -9.845088932948349303e-01 -8.830713382664767686e-02 7.986830827480760320e+01 9.865983299920739746e-01 1.560655333778303566e-01 -4.761601147034289633e-02 8.305603936981067648e+01 6.066008669750466709e-02 -7.991112760356036682e-02 9.949545545234610433e-01 6.532364455416129978e+00
1.613039222063665790e-01 -9.832580183989689804e-01 -8.476269188136502375e-02 7.991973872700691572e+01 9.850416531321475322e-01 1.656794943302601908e-01 -4.736292593532809292e-02 8.339366382434812408e+01 6.061341662972404010e-02 -7.585495641421258206e-02 9.952748561637982938e-01 6.550088930503086715e+00
1.694015707599650922e-01 -9.821534706147044824e-01 -8.171699935476861576e-02 7.997416756183743303e+01 9.834720221896405823e-01 1.738405560372233705e-01 -5.061859981160948124e-02 8.371038245588343329e+01 6.392096208815548075e-02 -7.179151228494715098e-02 9.953693231005087405e-01 6.577506035843797783e+00
1.733625774685192411e-01 -9.814171047002444581e-01 -8.225498972865732950e-02 8.000370829250336158e+01 9.825667421636794518e-01 1.780488133771436221e-01 -5.349034724924492390e-02 8.397843372489769820e+01 6.714174504230119300e-02 -7.154779281557852033e-02 9.951748084713025744e-01 6.589738897221848468e+00
1.735037951409877932e-01 -9.812596637878967520e-01 -8.382067343166767215e-02 8.005734857059863430e+01 9.824598387915222109e-01 1.783629170090929028e-01 -5.439977019936669683e-02 8.420885606350519481e+01 6.833080003490822618e-02 -7.291187872268528603e-02 9.949948541111747202e-01 6.590215668068208466e+00
1.729916177575332448e-01 -9.812050063592494542e-01 -8.550225541573142074e-02 8.012772837600981291e+01 9.826528686284770053e-01 1.778323123407660189e-01 -5.262136888908959531e-02 8.444000978395582990e+01 6.683741438638185484e-02 -7.491598082573365514e-02 9.949474136129312640e-01 6.605387931011549085e+00
1.750212207740527992e-01 -9.807382981235754915e-01 -8.671771948358367177e-02 8.017287231592713681e+01 9.824732359315837549e-01 1.797085093362189578e-01 -4.950951777463513670e-02 8.474515740726317858e+01 6.413979230464578185e-02 -7.653262223279247434e-02 9.950019320470134820e-01 6.611894570696082774e+00
1.777105368624103399e-01 -9.802112511871854394e-01 -8.720589506522129220e-02 8.019667261617249210e+01 9.820567728010174413e-01 1.823304212028292737e-01 -4.816754612443788219e-02 8.506153184812495738e+01 6.311465823186325486e-02 -7.708125939585661057e-02 9.950251350424389463e-01 6.616967221607368721e+00
1.806685923980554387e-01 -9.797524388543698004e-01 -8.627872437524580773e-02 8.024538971253869590e+01 9.812799155573338483e-01 1.855065840341075800e-01 -5.174006768248611693e-02 8.531899775494235882e+01 6.669772893207806530e-02 -7.531577417056083135e-02 9.949266038841217963e-01 6.631752701278307072e+00
1.831243857658736429e-01 -9.792743773608555413e-01 -8.652833745300193835e-02 8.030489793581418212e+01 9.805760416252397027e-01 1.882374415529161071e-01 -5.511163387333949809e-02 8.554825770399398266e+01 7.025728381063443828e-02 -7.475533052646858578e-02 9.947238584800459638e-01 6.653458875672547457e+00
1.866180115599510581e-01 -9.785460285048214191e-01 -8.730056047272374831e-02 8.035395340862048386e+01 9.799507537209010133e-01 1.917224676125195426e-01 -5.421268942235581145e-02 8.579936142651791897e+01 6.978709080659820096e-02 -7.543318573418546225e-02 9.947057838611090830e-01 6.672019106959562684e+00
1.914313175453321580e-01 -9.776493162365114120e-01 -8.692447943554432177e-02 8.041065800074960634e+01 9.792363361773308572e-01 1.962575118295467602e-01 -5.078569641614737867e-02 8.608804564308222496e+01 6.671018342694007286e-02 -7.539763598918378107e-02 9.949195685654125265e-01 6.685196839201525520e+00
1.958209132477898295e-01 -9.768554281634229675e-01 -8.606766176943081437e-02 8.046112317610776188e+01 9.784221601549425440e-01 2.005231480664795285e-01 -4.980505604097433536e-02 8.636924376480780552e+01 6.591089782833650657e-02 -7.445763598963051066e-02 9.950436241644374791e-01 6.695627660331521902e+00
1.993235525905729943e-01 -9.760528936478921613e-01 -8.712560005101820104e-02 8.052035936728915999e+01 9.774781609736705734e-01 2.043269498624401548e-01 -5.279149912100625924e-02 8.663979350033388016e+01 6.932940359042773226e-02 -7.464078216021570455e-02 9.947975610325483498e-01 6.709984097494198885e+00
2.007179251037898293e-01 -9.756113752733747146e-01 -8.885245623630316780e-02 8.058831043995485288e+01 9.769828051686283432e-01 2.060336748314102184e-01 -5.526955075177427540e-02 8.689243288272399468e+01 7.222820049584266489e-02 -7.571373239155149149e-02 9.945101898826742559e-01 6.713265253025117119e+00
2.020330647484397391e-01 -9.752768810006183786e-01 -8.954130965123566210e-02 8.067100322171938842e+01 9.767285765444640999e-01 2.073637905635185019e-01 -5.478636805405513038e-02 8.711331894548747812e+01 7.199950353841280681e-02 -7.638889807318172132e-02 9.944751418418598110e-01 6.726541391847312035e+00
2.064578833587045192e-01 -9.746104933184696062e-01 -8.665753696345603052e-02 8.073726392937932417e+01 9.759327282765650757e-01 2.114721155605691072e-01 -5.324334905880213215e-02 8.737566872740859480e+01 7.021717936305689467e-02 -7.357941732486397712e-02 9.948143631192856162e-01 6.742345289909213335e+00
2.139937951026884555e-01 -9.732784327065021612e-01 -8.328113883661480976e-02 8.078018470097954662e+01 9.743504745498313691e-01 2.187491828910349545e-01 -5.281995578399374669e-02 8.764337876367908109e+01 6.962620485181650332e-02 -6.984187435113300979e-02 9.951252705991610048e-01 6.755062922354467148e+00
2.227452757072823086e-01 -9.714457123011448481e-01 -8.171762479299171655e-02 8.082006895268182234e+01 9.723870069213156331e-01 2.273813681752530069e-01 -5.254733273302668317e-02 8.788327727941712908e+01 6.962794640582278816e-02 -6.775648646787596485e-02 9.952693141159514312e-01 6.764752181378096196e+00
2.313282082515041305e-01 -9.693589872983221500e-01 -8.264631758959632701e-02 8.092759661217750988e+01 9.702966388076181836e-01 2.360625541381977666e-01 -5.290466191546280145e-02 8.815970595799944931e+01 7.079331031804990404e-02 -6.795310351795660897e-02 9.951736948575812258e-01 6.787083761768177403e+00
2.401619137388160130e-01 -9.671103077045402063e-01 -8.378489076760588239e-02 8.100768707883503339e+01 9.679459151517444404e-01 2.451143179020581764e-01 -5.476930253765498885e-02 8.842596863556084941e+01 7.350483338095474550e-02 -6.794574225835575687e-02 9.949775955158985941e-01 6.808828723809713601e+00
2.496630054753629091e-01 -9.648902507485146440e-01 -8.157933382589843685e-02 8.107473073784350959e+01 9.655170894682094662e-01 2.544720429696543107e-01 -5.496116166610633125e-02 8.867785373542663763e+01 7.379114880421877576e-02 -6.504447215035950858e-02 9.951502816162163256e-01 6.819241750844227568e+00
2.559819867229118362e-01 -9.634436957778969024e-01 -7.905357385481226462e-02 8.114313412161142480e+01 9.641220143857320846e-01 2.603961677846288181e-01 -5.160016647141513202e-02 8.894422854073953033e+01 7.029910276944714709e-02 -6.300857774070700579e-02 9.955340050851623213e-01 6.825458198336101567e+00
2.561076318457771173e-01 -9.633839515472721882e-01 -7.937406888594555898e-02 8.122119392334606403e+01 9.642231844503541538e-01 2.604151827356804283e-01 -4.957401707709836736e-02 8.922110925818840599e+01 6.842902511921497566e-02 -6.383803334929041839e-02 9.956114573563970005e-01 6.839754913083605281e+00
2.527134671297714963e-01 -9.642498181816882008e-01 -7.973826978202673554e-02 8.129907122025666411e+01 9.649611413399769022e-01 2.571967102065433330e-01 -5.196006122764700030e-02 8.944556302785602497e+01 7.061090025696710459e-02 -6.381332459222560649e-02 9.954606774601334473e-01 6.851724784732988738e+00
2.506616355392580209e-01 -9.647156893331080285e-01 -8.057532639295110488e-02 8.135917025383665191e+01 9.652827573085124291e-01 2.553882769199234959e-01 -5.482724190352988164e-02 8.965129706824124867e+01 7.347069423695311297e-02 -6.403488710397584049e-02 9.952394638085455547e-01 6.868240667805671329e+00
2.512272271147931724e-01 -9.646575462368861542e-01 -7.950282287090190692e-02 8.140782524720904689e+01 9.652568606463619583e-01 2.557854202502741758e-01 -5.341359155233992712e-02 8.989503327854936288e+01 7.186148712169626585e-02 -6.332169672095408486e-02 9.954025765453080599e-01 6.888786743862327810e+00
2.524164585089330171e-01 -9.644980867873848007e-01 -7.764903127073005673e-02 8.146005760586969302e+01 9.651367803508409393e-01 2.567009837488433144e-01 -5.114293848019437622e-02 9.017813350653432281e+01 6.925984903117349267e-02 -6.203261662908324953e-02 9.956681313501644093e-01 6.892064796355292344e+00
2.505877772225594269e-01 -9.652147391827160527e-01 -7.460746055923830888e-02 8.151985723860835265e+01 9.654633344082929058e-01 2.548410305390602648e-01 -5.419039644632865638e-02 9.045270692267531842e+01 7.131841150696968668e-02 -5.845131665096264806e-02 9.957394878992654741e-01 6.896429488437596511e+00
2.443537040063733512e-01 -9.668726405245292588e-01 -7.381439116791579935e-02 8.160399375902889574e+01 9.668595673222811770e-01 2.487424762472632001e-01 -5.753049267780623033e-02 9.068057331417577416e+01 7.398543380785910228e-02 -5.731036132763518698e-02 9.956112082880338443e-01 6.925952493888493322e+00
2.377880175695494813e-01 -9.684426298280017775e-01 -7.467082048677094186e-02 8.166063892477555441e+01 9.685004220951738407e-01 2.422470916300261123e-01 -5.764788806421028422e-02 9.089538243246285276e+01 7.391746141348211341e-02 -5.861074413977075681e-02 9.955405514440728298e-01 6.943195226196064773e+00
2.320019443412933979e-01 -9.698155279334770285e-01 -7.505291200860107759e-02 8.171231863908472803e+01 9.701109969351908724e-01 2.363333686191786409e-01 -5.505626669618621238e-02 9.112537642348034694e+01 7.113192987167964165e-02 -6.003649436986513432e-02 9.956585096791508160e-01 6.948908069256503950e+00
2.258181078456884538e-01 -9.712210098693603300e-01 -7.573593702683498186e-02 8.173812981602547723e+01 9.716337558232528426e-01 2.301543672835109078e-01 -5.437657367953702831e-02 9.139428655173918514e+01 7.024262746931064783e-02 -6.130837796473232598e-02 9.956441412862032658e-01 6.961666723094373843e+00
2.199367524613321523e-01 -9.724002548755408259e-01 -7.788176445578386120e-02 8.177397864702847130e+01 9.728404165663475656e-01 2.245407313121933202e-01 -5.624041142097790241e-02 9.164812856585255929e+01 7.217581874684987631e-02 -6.339719473106782133e-02 9.953750282624398427e-01 6.982490032483013920e+00
2.136347741927521193e-01 -9.736823905310971750e-01 -7.939008518234394463e-02 8.181605546514569482e+01 9.741254365221285738e-01 2.184558993067450272e-01 -5.793663761950548774e-02 9.190036383909587414e+01 7.375511627124203828e-02 -6.495862088844940596e-02 9.951585604294856946e-01 6.984629881813024355e+00
2.074964534481021916e-01 -9.749583882476686725e-01 -8.000851824629566511e-02 8.184773298245929141e+01 9.755647825982785015e-01 2.122764621095346582e-01 -5.667502614232534930e-02 9.214622648611495492e+01 7.223971733356580882e-02 -6.629362578534682415e-02 9.951816811114435612e-01 6.994933533042309470e+00
2.012925060640684549e-01 -9.761290084563677416e-01 -8.156890248394801923e-02 8.187601396667901099e+01 9.770004741830634609e-01 2.060571928376255801e-01 -5.486808476652903915e-02 9.239323442855420865e+01 7.036618824774026892e-02 -6.864832211981888865e-02 9.951562728645271250e-01 7.004272990120291809e+00
1.948398126059857072e-01 -9.773887476641599514e-01 -8.215037043829893915e-02 8.192431026549057549e+01 9.783442885146452772e-01 1.996273343360810415e-01 -5.469351439287233746e-02 9.263627940696247265e+01 6.985628500312042466e-02 -6.971487162260206483e-02 9.951180513487869472e-01 7.008888217722886615e+00
1.893675368301187545e-01 -9.783872588612342325e-01 -8.305605151278076803e-02 8.198114962879787981e+01 9.793804004984122402e-01 1.942667643389438537e-01 -5.544777175727425705e-02 9.285488036874370721e+01 7.038442380571947876e-02 -7.084346103401034656e-02 9.950011240768823484e-01 7.033037751918430835e+00
1.858585579888123451e-01 -9.789920753612568749e-01 -8.385173106250497221e-02 8.200543520602563774e+01 9.800305101242245964e-01 1.908401050408609079e-01 -5.585922961915489732e-02 9.310924768868061108e+01 7.068801629676389753e-02 -7.179533890060393886e-02 9.949113697531936085e-01 7.053435202336502563e+00
1.845998424738529708e-01 -9.789898536252454875e-01 -8.661272803375621998e-02 8.204222436826583476e+01 9.801921766512040612e-01 1.898236515988985795e-01 -5.648254708699792376e-02 9.339305396071912924e+01 7.173698481539103611e-02 -7.447044912232445024e-02 9.946396117273409443e-01 7.054151616808779224e+00
1.847470258754229100e-01 -9.787120310578940607e-01 -8.939405289345583872e-02 8.209313578946972711e+01 9.800106729417208395e-01 1.902927481354806938e-01 -5.803232657202517242e-02 9.365123792969252747e+01 7.380797619838599943e-02 -7.688582619429049081e-02 9.943042554368958230e-01 7.046503772380433794e+00
1.865493150677229872e-01 -9.783171635720779857e-01 -8.997155388258662456e-02 8.213396378804286257e+01 9.796715187806022129e-01 1.921180366646411120e-01 -5.774404972143619419e-02 9.387390680785313180e+01 7.377715322423000766e-02 -7.737045591443399151e-02 9.942689496377331571e-01 7.069157602435130805e+00
1.885904452534870046e-01 -9.779961111616254366e-01 -8.920342208586556909e-02 8.217135112303910205e+01 9.793806317518375382e-01 1.939992075716758801e-01 -5.637273818906952949e-02 9.410624623482650009e+01 7.243771192178208307e-02 -7.673274408164597327e-02 9.944168461350790800e-01 7.104519977176630086e+00
1.905958807294944046e-01 -9.775808725726239379e-01 -8.949216630015943696e-02 8.220063649362741387e+01 9.789900120627977875e-01 1.960142277406905498e-01 -5.618699853617224738e-02 9.433139248938591948e+01 7.246907292239521126e-02 -7.690292649417045101e-02 9.944014146039821256e-01 7.117067344973123433e+00
1.911581271888345146e-01 -9.772970701828291862e-01 -9.137290091551071580e-02 8.225667128943793216e+01 9.787261965463271984e-01 1.968463252178535017e-01 -5.784942905670881902e-02 9.455793068304761562e+01 7.452249729858427540e-02 -7.837066326301841968e-02 9.941350192685584064e-01 7.138380651032658619e+00
1.932771063518068377e-01 -9.766934998039815685e-01 -9.334756344395013505e-02 8.231755150725601311e+01 9.781062504706912186e-01 1.992858507165137238e-01 -5.994424488106371574e-02 9.478942895519527667e+01 7.715000291923436448e-02 -7.971798507768092235e-02 9.938274095157150212e-01 7.135052429428028198e+00
1.940032470428584288e-01 -9.763999559899698699e-01 -9.489924172306465899e-02 8.235228581071811504e+01 9.778650603548817433e-01 2.002047568063094474e-01 -6.081101125018489872e-02 9.504025066794316956e+01 7.837514831865541320e-02 -8.100111909666146692e-02 9.936277747884855183e-01 7.130152694819692272e+00
1.918005525435252379e-01 -9.767679715172992161e-01 -9.558701722503662457e-02 8.237479432252838762e+01 9.782095036773514884e-01 1.981499819525494033e-01 -6.198993117849424528e-02 9.528958082442267141e+01 7.949034506975383163e-02 -8.161442562553120061e-02 9.934889886508587731e-01 7.139866311403409327e+00
1.854314955608847848e-01 -9.781374692620713462e-01 -9.413953303285367558e-02 8.240007618748947493e+01 9.794019112713731046e-01 1.917585959147919406e-01 -6.324979913619381555e-02 9.551170096800237275e+01 7.991906313286516184e-02 -8.047193373082149603e-02 9.935477901085520980e-01 7.158293745181713241e+00
1.766511234691116039e-01 -9.796620515911221849e-01 -9.516640819834551457e-02 8.244690461177880536e+01 9.811244294153588230e-01 1.829890134918957800e-01 -6.252899284051503803e-02 9.571189263662853364e+01 7.867168856384787468e-02 -8.232427110844185714e-02 9.934955862030674378e-01 7.200395936796103236e+00
1.682821517055643756e-01 -9.809615766247113955e-01 -9.693040082093043464e-02 8.248724970774988208e+01 9.825975437421700098e-01 1.747769960038755288e-01 -6.288933693175745299e-02 9.594013780166177696e+01 7.863322738639330622e-02 -8.466042082237786037e-02 9.933022846530544792e-01 7.209335879344890508e+00
1.587745026776431478e-01 -9.823348218136225274e-01 -9.904016938528542591e-02 8.249222046972872135e+01 9.839970741716437264e-01 1.656595791983431765e-01 -6.562516164911863514e-02 9.618638330228246502e+01 8.087283425917612956e-02 -8.703563449660606244e-02 9.929171078225317304e-01 7.209229933180325567e+00
1.473426064912203293e-01 -9.838035249325446374e-01 -1.020822249104812035e-01 8.250453798212255663e+01 9.855407292642149875e-01 1.547606284148779210e-01 -6.898274316082268764e-02 9.642471979915380587e+01 8.366377515826871336e-02 -9.044209320295919230e-02 9.923812777875919977e-01 7.216627040230770618e+00
1.361404686997482738e-01 -9.853710286869059587e-01 -1.025168698640464837e-01 8.251660222030643865e+01 9.871598117394899674e-01 1.436546033787909904e-01 -6.984884404581948036e-02 9.666880477094818502e+01 8.355404758997514447e-02 -9.169127958858039329e-02 9.922758842069784313e-01 7.223098929785362721e+00
1.254369318119394894e-01 -9.869628751021605195e-01 -1.008457203240885336e-01 8.253298232157050052e+01 9.888851748248169704e-01 1.325611274075786383e-01 -6.733244769145942110e-02 9.691441276439488206e+01 7.982284854161916798e-02 -9.127886212321627279e-02 9.926210163905420103e-01 7.236433887172999846e+00
1.126148163135467506e-01 -9.885494336443786390e-01 -1.004386399153464199e-01 8.254304181581413502e+01 9.907487444604600180e-01 1.194159411530267834e-01 -6.447292725290987292e-02 9.713471852528694228e+01 7.572865043488032077e-02 -9.224884953166259671e-02 9.928521144981242719e-01 7.257022180477973983e+00
9.869575228369442677e-02 -9.899910452700800834e-01 -1.008805172776698900e-01 8.252272660943242499e+01 9.923417626511462641e-01 1.054801425304964235e-01 -6.427881167354251857e-02 9.733165296381085341e+01 7.427633929840782301e-02 -9.376390465846010103e-02 9.928199008902002243e-01 7.262025803258568502e+00
8.517936057441899411e-02 -9.911514736611443110e-01 -1.017999645946656151e-01 8.252743411148087205e+01 9.935085735478145219e-01 9.222246627291297294e-02 -6.660128378288415751e-02 9.752692099721477348e+01 7.540020437054498204e-02 -9.546608284560276214e-02 9.925729374746202760e-01 7.273971100518507704e+00
7.194496374678127637e-02 -9.919727726752129993e-01 -1.039900979061212788e-01 8.251998287769501417e+01 9.944188753605389675e-01 7.940493093755440768e-02 -6.946911018203233423e-02 9.775959079848318822e+01 7.716879238497557914e-02 -9.841176359486997205e-02 9.921492338695786506e-01 7.298541583632330187e+00
5.581973852130595048e-02 -9.928189071567152801e-01 -1.058053608450865435e-01 8.251341060713593833e+01 9.955106604997661091e-01 6.345530485556294398e-02 -7.022783719442970973e-02 9.800187773416764969e+01 7.643743600313124276e-02 -1.014102651501982422e-01 9.919038645450645175e-01 7.312146895207546571e+00
3.595116585515134577e-02 -9.935969103780064593e-01 -1.071106594178924815e-01 8.246681849545706200e+01 9.966818824608876248e-01 4.348045945422707170e-02 -6.880897339643432531e-02 9.819675265017313848e+01 7.302560405691478629e-02 -1.042814908453541245e-01 9.918632122521698902e-01 7.306202506718172174e+00
1.381872317337262679e-02 -9.938679796902727404e-01 -1.097063436462705766e-01 8.243570363347208740e+01 9.973808146884362014e-01 2.149092381387163186e-02 -6.906265767444901005e-02 9.837048365608774247e+01 7.099685472814598608e-02 -1.084646446543862525e-01 9.915618324031579833e-01 7.298810145188970644e+00
-6.577222730971055142e-03 -9.937921076202251847e-01 -1.110584844705612140e-01 8.240026091560764598e+01 9.975268697071162372e-01 1.251449402360105267e-03 -7.027501751487011394e-02 9.854736246695003388e+01 6.997774184316871149e-02 -1.112460368109534914e-01 9.913260991925849641e-01 7.310675435243729758e+00
-2.612029185743880433e-02 -9.935532497570784827e-01 -1.103162284091988299e-01 8.239281516461269916e+01 9.971955484503296496e-01 -1.815459541071939853e-02 -7.260474375906385280e-02 9.876326657837491041e+01 7.013393261559233705e-02 -1.119033089887041948e-01 9.912410811367989849e-01 7.322936631682494202e+00
-4.786666704632058789e-02 -9.927728663233468254e-01 -1.100491620958695821e-01 8.236149778318456072e+01 9.963186030778488078e-01 -3.960986803463439898e-02 -7.602828102280592693e-02 9.898103918837882986e+01 7.111978168470846351e-02 -1.132832478630672879e-01 9.910140677138313814e-01 7.336680495067119168e+00
-6.912810646289768712e-02 -9.913589213584156346e-01 -1.114845008955646782e-01 8.229639985679042979e+01 9.952446308808887698e-01 -6.084498005102845219e-02 -7.606584716779067612e-02 9.917793344854436555e+01 6.862528396748558690e-02 -1.162126389239518803e-01 9.908507420165325597e-01 7.353605729906218080e+00
-9.093846892829948736e-02 -9.894713408182321812e-01 -1.125906770933847445e-01 8.225720155077782181e+01 9.939240616488113078e-01 -8.314017253050720591e-02 -7.212954586802614032e-02 9.935490368593150379e+01 6.200931014377537159e-02 -1.184659335461785701e-01 9.910200139475112691e-01 7.339365896991969507e+00
-1.133212890304435838e-01 -9.869199722180334033e-01 -1.146614751764294671e-01 8.218987025558072901e+01 9.919407286598241891e-01 -1.057980731986498668e-01 -6.971627165354123135e-02 9.955928447165675266e+01 5.667341773967673330e-02 -1.216377250058936349e-01 9.909552904026975861e-01 7.329632712452169407e+00
-1.362118584026574819e-01 -9.838088989775595206e-01 -1.164748038120562018e-01 8.209767347339730748e+01 9.892002716546974828e-01 -1.286421822622230149e-01 -7.024251918237521541e-02 9.971853580292277286e+01 5.412164251727548392e-02 -1.247847716485291775e-01 9.907066208398208618e-01 7.339015024016553035e+00
-1.597634524967144198e-01 -9.803157725667481781e-01 -1.160026952410590229e-01 8.205250172340622328e+01 9.857283833535386286e-01 -1.521110515734536150e-01 -7.212338206460927603e-02 9.990793496929042306e+01 5.305839705032183717e-02 -1.258698297690039047e-01 9.906268684304764260e-01 7.337155526978301978e+00
-1.847046818065047891e-01 -9.760949555104594388e-01 -1.145548704586235728e-01 8.202559121889846949e+01 9.813976581510954755e-01 -1.769736483525026216e-01 -7.442421893678281830e-02 1.000817913812660720e+02 5.237191131038877734e-02 -1.261703832753114374e-01 9.906251648781478902e-01 7.356229281580630719e+00
-2.109186483647891297e-01 -9.707128776354455590e-01 -1.150210109705322309e-01 8.195291656269424152e+01 9.762358085715644451e-01 -2.031907128596808221e-01 -7.534706543853432470e-02 1.002599924081438019e+02 4.976916550028227804e-02 -1.281797308480852604e-01 9.905013815059108273e-01 7.367198088608230222e+00
-2.367535396214597299e-01 -9.646479403817228571e-01 -1.157674936845845548e-01 8.187806758408312646e+01 9.705520078429471509e-01 -2.293681122902044844e-01 -7.361432697819389470e-02 1.004127724924018850e+02 4.445853741110011859e-02 -1.297868259174581318e-01 9.905447078600426725e-01 7.348624293700669163e+00
-2.612452325254621677e-01 -9.583406974168845460e-01 -1.154730971145936924e-01 8.181631731129225216e+01 9.644299084068216343e-01 -2.541456134591193461e-01 -7.269772300352608796e-02 1.005852762578625317e+02 4.032220545960579772e-02 -1.303576420238074518e-01 9.906467609157495469e-01 7.350859887445329477e+00
-2.858667529091167836e-01 -9.513262053668600782e-01 -1.151462138478233643e-01 8.170822800517012752e+01 9.575706196575750617e-01 -2.790006198808514526e-01 -7.222992783263833261e-02 1.007432818708813187e+02 3.658835811847017255e-02 -1.309087662778600503e-01 9.907190252346036452e-01 7.355924047202424099e+00
-3.101473420552673943e-01 -9.437041611601915125e-01 -1.150264422860772934e-01 8.163751538787337836e+01 9.500644924051449003e-01 -3.032836522817210501e-01 -7.346078225566857189e-02 1.008733916240297788e+02 3.443960637126307345e-02 -1.320662048655880660e-01 9.906424334972699919e-01 7.359894914633285268e+00
-3.332308614597789820e-01 -9.357541469437711257e-01 -1.154182370698358662e-01 8.155181982725380863e+01 9.422096009743294864e-01 -3.260072915878593491e-01 -7.720306770681524544e-02 1.010346272732936939e+02 3.461590389645043814e-02 -1.344746158540103265e-01 9.903122320199564399e-01 7.368233008434178721e+00
-3.569515627626616006e-01 -9.266827705786598868e-01 -1.176631826611571896e-01 8.142847896230402682e+01 9.335350525957656354e-01 -3.494176843127136944e-01 -8.012232812744776722e-02 1.011914495706886754e+02 3.313438420003042562e-02 -1.384424956514437588e-01 9.898160374440720943e-01 7.361377296572733542e+00
-3.804524232859247679e-01 -9.167467678059003644e-01 -1.217838960343370081e-01 8.129657966106188383e+01 9.243492859643090975e-01 -3.728421166404300990e-01 -8.103797626024536460e-02 1.013535959066293941e+02 2.888513723595090982e-02 -1.434019517876886363e-01 9.892429070103772037e-01 7.338146991562203070e+00
-4.043090512398939129e-01 -9.061186015053602771e-01 -1.244317929287666741e-01 8.119414923255938277e+01 9.142828229543235041e-01 -3.966941216828945294e-01 -8.197983577020857837e-02 1.015132261179231250e+02 2.492209333443561048e-02 -1.469110405252359586e-01 9.888356968857981988e-01 7.322452029862161815e+00
-4.300503017333119349e-01 -8.941746461477219077e-01 -1.245328878878353973e-01 8.108998896235591758e+01 9.025134683521692791e-01 -4.222969729584380438e-01 -8.446718932863027385e-02 1.016412513225285750e+02 2.293855754021521115e-02 -1.487177488289043725e-01 9.886136018491942234e-01 7.334102097385125418e+00
-4.570626249396112506e-01 -8.809648740991513627e-01 -1.224526336457434361e-01 8.098932788586692766e+01 8.892184595876575504e-01 -4.495659057880898590e-01 -8.474094335967549685e-02 1.017666970451580255e+02 1.960326533681406441e-02 -1.476190602747519398e-01 9.888500012801403338e-01 7.339488885457345901e+00
-4.828563046045555307e-01 -8.671478025221549535e-01 -1.220838960904788717e-01 8.086020610465673997e+01 8.755980273020954607e-01 -4.759621040877826115e-01 -8.239035172281945762e-02 1.019166263630086888e+02 1.333730438701183352e-02 -1.466791193501274515e-01 9.890942079793810793e-01 7.353729209501350894e+00
-5.069738123562588239e-01 -8.529480558380008182e-01 -1.243268580280864344e-01 8.073694594308803119e+01 8.619316428221178716e-01 -5.004554548876436471e-01 -8.135220203022794361e-02 1.020627176829927265e+02 7.169148270625702590e-03 -1.484046889939019676e-01 9.889007288892536218e-01 7.321615861251794755e+00
-5.295881503504891175e-01 -8.388066375761230598e-01 -1.262529831987589946e-01 8.063273645450593108e+01 8.482500113779279927e-01 -5.231805305898331593e-01 -8.218303115050892838e-02 1.022070355912538560e+02 2.882569286696154420e-03 -1.506172538920393378e-01 9.885879493622853342e-01 7.303325744647679585e+00
-5.524593245018529775e-01 -8.241973224824755695e-01 -1.244486576210231954e-01 8.049499135180498399e+01 8.335392577730286190e-01 -5.460876567431911521e-01 -8.366945024272243181e-02 1.023461265973960224e+02 1.000261038532311575e-03 -1.499568096668132677e-01 9.886920424037031196e-01 7.285740859052974194e+00
-5.733448194134163067e-01 -8.100248744590909933e-01 -1.230260980821974992e-01 8.035211380661701241e+01 8.193088753524593315e-01 -5.673807303566125171e-01 -8.253528693040840247e-02 1.024825689943552902e+02 -2.947001948552352424e-03 -1.481175532390761329e-01 9.889653712855596135e-01 7.282669061945924227e+00
-5.938984424905946469e-01 -7.950052775934723925e-01 -1.234959457058101284e-01 8.019053703711328751e+01 8.044891596010055324e-01 -5.885488680476447243e-01 -8.004637408592854553e-02 1.026216715849466112e+02 -9.046109203093372075e-03 -1.468905664716510240e-01 9.891113837126348507e-01 7.276067735919653501e+00
-6.155393239606197220e-01 -7.783287304810024843e-01 -1.237567289723471853e-01 8.003567739359677091e+01 7.879495107617799921e-01 -6.109128384596240746e-01 -7.694850417959894773e-02 1.027850283270328049e+02 -1.571334300445561410e-02 -1.448788842897303641e-01 9.893246179786426842e-01 7.261445702500409105e+00
-6.385013052191546024e-01 -7.597319106758168017e-01 -1.229776692505944180e-01 7.991204445707354864e+01 7.693252835605254303e-01 -6.344824742577335197e-01 -7.463643838167607902e-02 1.029174522755469354e+02 -2.132349192681768507e-02 -1.422652935914352490e-01 9.895988555628940642e-01 7.243629058542501831e+00
-6.619709087368750300e-01 -7.394669136631277784e-01 -1.224058805107185177e-01 7.977815703392214175e+01 7.490713779857276489e-01 -6.583937526873058221e-01 -7.355091505134372931e-02 1.030037365967614278e+02 -2.620279887032986310e-02 -1.403793076626869696e-01 9.897510107655893563e-01 7.234578276127034968e+00
-6.850511906689473740e-01 -7.184614988976510963e-01 -1.204904177301998613e-01 7.964265282146226355e+01 7.279171448252567123e-01 -6.816663110940002213e-01 -7.394369877781291345e-02 1.030959578625987092e+02 -2.900855791837658043e-02 -1.383622597431762857e-01 9.899567609983064287e-01 7.239658098546930987e+00
-7.056359168735524268e-01 -6.986131547188935143e-01 -1.183960002353822150e-01 7.946857800503708802e+01 7.079600896298757773e-01 -7.020697515852303283e-01 -7.675008404106915816e-02 1.032181592317407848e+02 -2.950363213706814342e-02 -1.379772588609020079e-01 9.899958645004292013e-01 7.228626144092554995e+00
-7.247492965607591486e-01 -6.784364529697192170e-01 -1.202598703498015398e-01 7.929880441013061443e+01 6.882136770713956908e-01 -7.212001079868481934e-01 -7.894516408005997077e-02 1.033346008618514134e+02 -3.317215438517282650e-02 -1.399799397114633859e-01 9.895985169005768745e-01 7.203934482729859035e+00
-7.426027277093099066e-01 -6.581433750878800115e-01 -1.240503390830776098e-01 7.911193979261712173e+01 6.686066878691758752e-01 -7.392603423892307735e-01 -8.036941649139869859e-02 1.034475714295576978e+02 -3.881089712056345897e-02 -1.426234342543029610e-01 9.890158089061091840e-01 7.194913687281369263e+00
-7.616756187606350537e-01 -6.358335985791048195e-01 -1.247633227497160213e-01 7.892004442101639938e+01 6.465859123997823588e-01 -7.583658123652299299e-01 -8.251031766855559946e-02 1.035414076684445064e+02 -4.215340640737095385e-02 -1.435163041384872884e-01 9.887497968519054492e-01 7.165591807394063650e+00
-7.807818387882425881e-01 -6.128352839591357792e-01 -1.217071688651761713e-01 7.874303983950980523e+01 6.232703348122923259e-01 -7.775848883262650446e-01 -8.304114154805121439e-02 1.036295758398101299e+02 -4.374711374964311561e-02 -1.406934830806166881e-01 9.890862115393278531e-01 7.143795392792419818e+00
-8.012342483409471416e-01 -5.867107243555718110e-01 -1.174487343979446069e-01 7.856857571225314985e+01 5.966134182457645263e-01 -7.983134023863123208e-01 -8.214706774739669037e-02 1.037259673672364642e+02 -4.556433314142808999e-02 -1.358905349777948246e-01 9.896755296807260294e-01 7.145560340721697656e+00
-8.212228625883359889e-01 -5.590360076258397148e-01 -1.143317634779619785e-01 7.836452124406133635e+01 5.685009091205664999e-01 -8.188002675050363166e-01 -7.983005864190531597e-02 1.037981911312777612e+02 -4.898700124837043063e-02 -1.305559807570792208e-01 9.902299781350033525e-01 7.146301579214038746e+00
-8.406505090589000417e-01 -5.295626429391496748e-01 -1.134465901749169975e-01 7.819875077247969841e+01 5.389162501796153082e-01 -8.387026563504711429e-01 -7.840363207789721733e-02 1.038582156829174181e+02 -5.362832191440618235e-02 -1.270482641910808119e-01 9.904457287780478181e-01 7.113539699687004614e+00
-8.586068947646614546e-01 -5.002929295157082512e-01 -1.118086979585094370e-01 7.804528570243077468e+01 5.094561271231218269e-01 -8.569906132712112878e-01 -7.759860373578580939e-02 1.039279182487115349e+02 -5.699697184321374233e-02 -1.235883224322775753e-01 9.906953476014103144e-01 7.087643492263254963e+00
-8.754896370641043202e-01 -4.704785750410985790e-01 -1.103077776979544677e-01 7.783880142007672021e+01 4.795868546940488253e-01 -8.739401180631065635e-01 -7.889942233320587639e-02 1.040303596271746187e+02 -5.928190447373668515e-02 -1.219777867775181657e-01 9.907608567837271618e-01 7.063678456204569578e+00
-8.908146501510303406e-01 -4.410844752533042978e-01 -1.090584465633682859e-01 7.763452297473185126e+01 4.501355537594124989e-01 -8.894009258891086844e-01 -7.964908203679213483e-02 1.040994524586157723e+02 -6.186470979488177535e-02 -1.200436533853987409e-01 9.908391791627344514e-01 7.035374466280046590e+00
-9.039606233144674707e-01 -4.148121640917357134e-01 -1.038559580305837005e-01 7.738018823318319050e+01 4.233117763401513800e-01 -9.024404624319990464e-01 -8.005218158966970199e-02 1.041304735712181753e+02 -6.051720010596273180e-02 -1.163274700449153654e-01 9.913655169534011380e-01 7.027514315626527619e+00
-9.151364338281626765e-01 -3.908171659224410344e-01 -9.893053270161120127e-02 7.716472103843567254e+01 3.990237588249967993e-01 -9.130823298886625583e-01 -8.402796402545451016e-02 1.041708011882854237e+02 -5.749215053765269201e-02 -1.163726843612517270e-01 9.915402417255249068e-01 7.021479551143553266e+00
-9.245069481624239582e-01 -3.683402835357947325e-01 -9.804253324028522343e-02 7.697233607013636458e+01 3.768042298928923062e-01 -9.219765464560436552e-01 -8.931864374145008501e-02 1.042216998270184973e+02 -5.749326164192162386e-02 -1.195185479737687212e-01 9.911659001176420514e-01 6.988983568625771525e+00
-9.314247175321397343e-01 -3.500651243226624576e-01 -9.951082505503483500e-02 7.675148045333972391e+01 3.590515232196527240e-01 -9.285486515274783414e-01 -9.423059704867593755e-02 1.043016189068514592e+02 -5.941379674639590824e-02 -1.234982205518024428e-01 9.905645815779586805e-01 6.908774200367568064e+00
-9.367906600263122829e-01 -3.349599203500874811e-01 -1.011192911690478591e-01 7.652137008575493837e+01 3.442316667112128581e-01 -9.340783315829113143e-01 -9.488008273872018672e-02 1.043606652260359340e+02 -6.267231382905938397e-02 -1.236912374679344923e-01 9.903396684233964908e-01 6.869870984426837524e+00
-9.403764106539438394e-01 -3.249852509222128649e-01 -1.003832305150257481e-01 7.627795725503185054e+01 3.342653149614582819e-01 -9.375774658767117575e-01 -9.599580560587891997e-02 1.044020041643859145e+02 -6.291983391048906749e-02 -1.238268232784438538e-01 9.903070293285035630e-01 6.893744442495094660e+00
-9.430702501428482876e-01 -3.174114373389167465e-01 -9.934023727548296767e-02 7.600433091294917176e+01 3.265786637075294152e-01 -9.402917134140282851e-01 -9.590552693101686565e-02 1.044882527721099450e+02 -6.296729076679971615e-02 -1.228880512147318416e-01 9.904209444282440211e-01 6.890886892757717597e+00
-9.446516364907500130e-01 -3.125419027474001243e-01 -9.975392073689710870e-02 7.577637017029280742e+01 3.217990566036025291e-01 -9.418992132818608809e-01 -9.628727427881295098e-02 1.045422048370633377e+02 -6.386433155040348308e-02 -1.230586488063583617e-01 9.903423226892675846e-01 6.861525802692216125e+00
-9.454139317302594492e-01 -3.110000826509845551e-01 -9.732135573148152641e-02 7.556436416559692759e+01 3.201405119022184831e-01 -9.421644873624863692e-01 -9.917727255762338878e-02 1.045875704502180668e+02 -6.084858526965335190e-02 -1.249200838298806654e-01 9.902991579955106038e-01 6.827636553087892857e+00
-9.443832152230910992e-01 -3.151904346626862030e-01 -9.378343511539372068e-02 7.535890383927062430e+01 3.240725907199392686e-01 -9.404428943861642409e-01 -1.026845574691758745e-01 1.046794962890462983e+02 -5.583277486354278757e-02 -1.273662133209615965e-01 9.902830650653964284e-01 6.795133443987280586e+00
-9.404013158488195856e-01 -3.274467351990529851e-01 -9.178235537013580692e-02 7.509629270203615192e+01 3.359766194841586895e-01 -9.363454683085359331e-01 -1.018669482121916936e-01 1.048102493516739884e+02 -5.258399290473710075e-02 -1.266325376258005675e-01 9.905549576397286726e-01 6.776287594084515753e+00
-9.344828338269364210e-01 -3.435177316930714264e-01 -9.347406750123704589e-02 7.485908091391804930e+01 3.519934500082720907e-01 -9.308485288294201521e-01 -9.808989513389682058e-02 1.049186244240571853e+02 -5.331457993882091073e-02 -1.245655826805774358e-01 9.907779626018108354e-01 6.791252967888099512e+00
-9.286400900133731096e-01 -3.592920392542176544e-01 -9.239487944956636944e-02 7.458938402570503001e+01 3.675586727418895250e-01 -9.248348255690237441e-01 -9.788343836898019679e-02 1.050230655040612646e+02 -5.028126203840527220e-02 -1.248590242764177349e-01 9.908996007389275773e-01 6.771217117947498920e+00
-9.236921433958185101e-01 -3.728507302008888802e-01 -8.817685193690674716e-02 7.433423127755075654e+01 3.805963119001077866e-01 -9.193920658777050559e-01 -9.932107817156468621e-02 1.051603582619113126e+02 -4.403716154425774132e-02 -1.253018842228247887e-01 9.911408407554068711e-01 6.757857988379884162e+00
-9.219104143913554594e-01 -3.782230654198128761e-01 -8.383615342559719297e-02 7.404757316436989356e+01 3.855538785630289178e-01 -9.168873903126537606e-01 -1.032749737867676709e-01 1.052927282920253589e+02 -3.780733476146494465e-02 -1.275336279970594455e-01 9.911134037879530956e-01 6.742215591679021180e+00
-9.222544137184696122e-01 -3.774258898407895635e-01 -8.364504799861735562e-02 7.380821256395094565e+01 3.848973014002156634e-01 -9.166670632181772582e-01 -1.075897884828987683e-01 1.053618887563844027e+02 -3.606748884569560554e-02 -1.314199105495492403e-01 9.906704514416053708e-01 6.709893064496684545e+00
-9.239132361040167662e-01 -3.728161130042130234e-01 -8.597952102817360553e-02 7.361557067093963269e+01 3.806971342375619072e-01 -9.181964358037835172e-01 -1.094760122608475078e-01 1.053905212092197843e+02 -3.813166840189469164e-02 -1.338784940222264574e-01 9.902638662009376480e-01 6.678652808349525571e+00
-9.259702258760780236e-01 -3.675528091338897130e-01 -8.651053859959495496e-02 7.337320437729496803e+01 3.755305019537059086e-01 -9.203425641800953017e-01 -1.092996187587389617e-01 1.054551420767813283e+02 -3.944594901131460302e-02 -1.336955386547900304e-01 9.902371029457552876e-01 6.646371323276621723e+00
-9.273884777716445704e-01 -3.643318241459632123e-01 -8.492898922551514462e-02 7.315469045610306864e+01 3.721297258111591066e-01 -9.216854305471096076e-01 -1.096149364133431059e-01 1.055397707093402175e+02 -3.834160226313268471e-02 -1.332602304953156569e-01 9.903391502431029281e-01 6.633593321815401289e+00
-9.263164958271610239e-01 -3.676015911956840299e-01 -8.250345270890324656e-02 7.294731346424644869e+01 3.750785866549386505e-01 -9.204134483672377076e-01 -1.102503419389889716e-01 1.056952937548185218e+02 -3.540908628336435215e-02 -1.330719888448785582e-01 9.904736454815169511e-01 6.620003476659837460e+00
-9.226771684313606059e-01 -3.767925878484760238e-01 -8.181802122965176061e-02 7.263904148606074784e+01 3.840661094243913443e-01 -9.168845088500670037e-01 -1.087015226313932797e-01 1.058619573717318190e+02 -3.405974819488123695e-02 -1.317199422001859854e-01 9.907016656792704268e-01 6.611879185633481981e+00
-9.178926153336339766e-01 -3.877233557552398624e-01 -8.452068455637309907e-02 7.229688600421735600e+01 3.951064528010457266e-01 -9.127613225407691377e-01 -1.037191353058899007e-01 1.060022417978578062e+02 -3.693288062089485763e-02 -1.285976962294509973e-01 9.910088772829033221e-01 6.583522697155450132e+00
-9.125740210563584309e-01 -3.995911718650418942e-01 -8.680755416754584730e-02 7.203857898564720585e+01 4.069818775285982682e-01 -9.081648020940356059e-01 -9.799205886600212412e-02 1.061291439946748909e+02 -3.967880361510259246e-02 -1.247541085697122520e-01 9.913939705982938166e-01 6.577029326027674649e+00
-9.079301472037302201e-01 -4.103684017859222655e-01 -8.520928713632916485e-02 7.180486296201489438e+01 4.175681090107682403e-01 -9.031613927716362067e-01 -9.968135705321240492e-02 1.062501110707914762e+02 -3.605165926534665416e-02 -1.260843900824632213e-01 9.913642138193957676e-01 6.594860259112269141e+00
-9.039350994636530245e-01 -4.201478809883155696e-01 -7.985670954067347616e-02 7.156005685343842515e+01 4.267780530210953938e-01 -8.982364846141503989e-01 -1.050319530787458683e-01 1.063464316825447327e+02 -2.760125752856856102e-02 -1.290231599715376820e-01 9.912573806907066798e-01 6.578736772798492005e+00
-9.010717296313164315e-01 -4.263708617944331758e-01 -7.923147273590741557e-02 7.129781459657091602e+01 4.330167858558247040e-01 -8.945955277962538421e-01 -1.104323540183467095e-01 1.064387831596869205e+02 -2.379498321746315731e-02 -1.338160299052955082e-01 9.907204797086137660e-01 6.555780725632342154e+00
-8.974665216709152293e-01 -4.329149570225803156e-01 -8.448954057187207933e-02 7.104939309256405977e+01 4.402547244405478066e-01 -8.909250627648546139e-01 -1.114823310898053477e-01 1.065550504332383923e+02 -2.701148066444871571e-02 -1.372485793135109766e-01 9.901682722591836905e-01 6.514301180080048326e+00
-8.941064579498712028e-01 -4.391944849325168376e-01 -8.764614228359833559e-02 7.080269886892772035e+01 4.468101697910973891e-01 -8.881297478711291937e-01 -1.076393195705713790e-01 1.067077431571680393e+02 -3.056655073092562000e-02 -1.354021984726470618e-01 9.903191054529785209e-01 6.481522105653098720e+00
-8.925434652819337344e-01 -4.425918098782511412e-01 -8.647920218880349175e-02 7.056695887209541240e+01 4.499581459739968037e-01 -8.868139426466847830e-01 -1.053503583244319169e-01 1.068377768301999424e+02 -3.006375648786002372e-02 -1.329417953697662746e-01 9.906677796262992608e-01 6.518533825040151441e+00
-8.917024075587407506e-01 -4.449553963311773108e-01 -8.295487707006807265e-02 7.034341456791014480e+01 4.518193487759483151e-01 -8.859545045443479871e-01 -1.046130582157735606e-01 1.069354101814660822e+02 -2.694610223433342028e-02 -1.307643344086750203e-01 9.910472220944031019e-01 6.509064952358221134e+00
-8.908544351437532871e-01 -4.474554100949332813e-01 -7.849860738560851536e-02 7.010749783900963905e+01 4.536403667184409905e-01 -8.854310623378134348e-01 -1.011051508623084377e-01 1.070880359862903362e+02 -2.426505858767393289e-02 -1.256801091028600659e-01 9.917740252233014919e-01 6.479429771435621710e+00
-8.918060786825696695e-01 -4.461031259617264100e-01 -7.532542088826674198e-02 6.987367082538547436e+01 4.518717650776180594e-01 -8.864750828803098504e-01 -9.986909110423429492e-02 1.072333632444572800e+02 -2.222219499636512302e-02 -1.231012934112550444e-01 9.921452744482632813e-01 6.468292340728924117e+00
-8.923615381124392343e-01 -4.451036273883492433e-01 -7.465685623795748072e-02 6.965241432475040995e+01 4.508127383779771402e-01 -8.869266627402481173e-01 -1.006427833309254949e-01 1.073490332089070307e+02 -2.141868842275547469e-02 -1.234660107324262179e-01 9.921176260807330616e-01 6.463975320625264587e+00
-8.923358253755466762e-01 -4.449742875959008526e-01 -7.572752557599422840e-02 6.943376312030343911e+01 4.508202074801422876e-01 -8.869060898981824259e-01 -1.007905165632116268e-01 1.074304174161853496e+02 -2.231401530213169768e-02 -1.240784875795886283e-01 9.920214784172054490e-01 6.451805735063968150e+00
-8.918732640682180968e-01 -4.457439789416460796e-01 -7.664454369080564433e-02 6.921193168358369974e+01 4.517273377783984634e-01 -8.863051090665108322e-01 -1.020081660762560960e-01 1.075229562913656594e+02 -2.246092482386181574e-02 -1.256007917167311916e-01 9.918265715215474065e-01 6.437183086225156003e+00
-8.895047630111079240e-01 -4.506886900506664184e-01 -7.523949256186573953e-02 6.897414817916515517e+01 4.564941112829501990e-01 -8.836904905967499779e-01 -1.034613125417648272e-01 1.076156278067350485e+02 -1.985958067387508588e-02 -1.263757155836897350e-01 9.917836334433878243e-01 6.395817860547461819e+00
-8.877592182527387354e-01 -4.537388493870057049e-01 -7.748952809407762266e-02 6.868507813101885517e+01 4.598590065424135176e-01 -8.816704037667573157e-01 -1.057685833486873561e-01 1.077953892490101566e+02 -2.032890821247387500e-02 -1.295312922761132635e-01 9.913669249133586492e-01 6.403210483252390617e+00
-8.881363644778215161e-01 -4.519483550223447610e-01 -8.340553030054986827e-02 6.837899899404945359e+01 4.588892569067457572e-01 -8.820219687382271356e-01 -1.070415646313044727e-01 1.079351505449189972e+02 -2.518825098521076944e-02 -1.333414078811968329e-01 9.907500295011685276e-01 6.404541323918937934e+00
-8.899865944837306309e-01 -4.473759746848054442e-01 -8.819636565116004134e-02 6.815688945610098415e+01 4.550363200939915864e-01 -8.838416985255148628e-01 -1.084702693960524628e-01 1.080516485699968996e+02 -2.942463312551626270e-02 -1.366696353340934866e-01 9.901795805524746807e-01 6.345076831444353971e+00
-8.920023260026053169e-01 -4.433285668246576550e-01 -8.827022285650594491e-02 6.796791504095786252e+01 4.510751168892825347e-01 -8.856717238078046783e-01 -1.100765032631031426e-01 1.081047461690583162e+02 -2.937838200551942669e-02 -1.380049980417628053e-01 9.899957228120891406e-01 6.319081211377270968e+00
-8.964236558831160107e-01 -4.347968737054712651e-01 -8.588543409156899899e-02 6.771405876584185535e+01 4.423324034762351475e-01 -8.898197959586535699e-01 -1.120837881008549114e-01 1.081812468073958513e+02 -2.768887877986210208e-02 -1.384644695799203684e-01 9.899802607405187027e-01 6.347372852347763050e+00
-8.999409716357884559e-01 -4.279031601517105377e-01 -8.369667319202452049e-02 6.747966488762740767e+01 4.352020841694700937e-01 -8.932575469013273040e-01 -1.126503477063990621e-01 1.083090285871755896e+02 -2.655924520355275320e-02 -1.378036299812262777e-01 9.901034118001083018e-01 6.355046685822186348e+00
-9.016614285170585497e-01 -4.242385888558065643e-01 -8.383488563963886753e-02 6.725930216031203202e+01 4.315974686693436757e-01 -8.949414985162960079e-01 -1.131518416625272028e-01 1.084245252637794721e+02 -2.702394054893450179e-02 -1.382075756210223438e-01 9.900345310534208743e-01 6.330022775881433361e+00
-9.028326113657032526e-01 -4.218994022326695292e-01 -8.303114024449934072e-02 6.703095595301334697e+01 4.291788702403990241e-01 -8.960361082854155779e-01 -1.136872463731181532e-01 1.084995819177099463e+02 -2.643431848488495342e-02 -1.382757644869246627e-01 9.900409283266001781e-01 6.290593190629955700e+00
-9.040242064120262988e-01 -4.197218593414850374e-01 -8.107894308656157789e-02 6.684487290092397416e+01 4.267206003516396673e-01 -8.973451240390393213e-01 -1.126110900351219996e-01 1.085656179708830962e+02 -2.549045814895199713e-02 -1.364012065719683031e-01 9.903256774359976422e-01 6.278683939223795640e+00
-9.046078463640099265e-01 -4.186352816464875004e-01 -8.018195094554261826e-02 6.663576415491478144e+01 4.254955728623410205e-01 -8.980453093300169165e-01 -1.116608251129372620e-01 1.086924479172132578e+02 -2.526186396954039834e-02 -1.351263236794363609e-01 9.905062921948878385e-01 6.293500002120863357e+00
-9.042299660567127972e-01 -4.190642703491040399e-01 -8.217849963249819478e-02 6.638539537526145295e+01 4.261808199111146167e-01 -8.977744902192057452e-01 -1.112244283039247328e-01 1.088176201290803675e+02 -2.716757672236481611e-02 -1.355953613823784876e-01 9.903917511503297355e-01 6.305020827693610386e+00
-9.026712377500372142e-01 -4.222967197214519963e-01 -8.276543391608581768e-02 6.616663959446718479e+01 4.294934628220837824e-01 -8.960874961481166689e-01 -1.120828472162228723e-01 1.089076299810142530e+02 -2.683285172902613244e-02 -1.367211752418082127e-01 9.902460897719247424e-01 6.265568940326569525e+00
-9.007693259564988342e-01 -4.265220594477207583e-01 -8.181414437827830288e-02 6.593270808142600004e+01 4.336054334922018749e-01 -8.938646852391503028e-01 -1.139835625358079640e-01 1.090095200227342929e+02 -2.451427057683924077e-02 -1.381479543344371341e-01 9.901081725000030476e-01 6.247008747531380912e+00
-8.999668827460665099e-01 -4.285026270683112148e-01 -8.028143344437538298e-02 6.570037388271693146e+01 4.353744581116241186e-01 -8.929182430144806393e-01 -1.146564107058245102e-01 1.091322269898188608e+02 -2.255418330016656717e-02 -1.381394581120429510e-01 9.901559467721100516e-01 6.242906061004400264e+00
-8.991938958206633359e-01 -4.303590531323138735e-01 -7.900267784016296035e-02 6.545627171053261861e+01 4.370208096892563288e-01 -8.922255169667541175e-01 -1.137824185538146710e-01 1.092884472666820272e+02 -2.152091116577301358e-02 -1.368382704526294180e-01 9.903596004089262328e-01 6.220123972796681500e+00
-8.974545072603137275e-01 -4.341408244059148380e-01 -7.808426206541892178e-02 6.523221051154170880e+01 4.405952418557080863e-01 -8.907813236826809256e-01 -1.112855167227158604e-01 1.094004411705639228e+02 -2.124241634698110018e-02 -1.342772429054320538e-01 9.907160954508900108e-01 6.195836537832623669e+00
-8.950744946669413338e-01 -4.389983919427319914e-01 -7.824359953642109899e-02 6.503728607259498062e+01 4.454032270886014166e-01 -8.885908046024200146e-01 -1.096464649456809770e-01 1.094729576840380219e+02 -2.139192127369886343e-02 -1.329917059358219911e-01 9.908862658532006096e-01 6.197693526302749945e+00
-8.933045351846571336e-01 -4.429706669752100923e-01 -7.605258455871823087e-02 6.486554821130839343e+01 4.490584483059273935e-01 -8.867307912012265536e-01 -1.097953274994853956e-01 1.095776966344266867e+02 -1.880205902544173843e-02 -1.322327196089683743e-01 9.910403576248647539e-01 6.197275836403784766e+00
-8.918508050519757813e-01 -4.455834241693195641e-01 -7.783028738021877113e-02 6.465549416676083183e+01 4.519073468711571340e-01 -8.851627867065547939e-01 -1.107546426736066569e-01 1.096676672393511609e+02 -1.954204114249134469e-02 -1.339486959079143613e-01 9.907955669524133313e-01 6.198201009079213897e+00
-8.911167700984290452e-01 -4.460696598307587468e-01 -8.326320092223207792e-02 6.437614080221689505e+01 4.531612385856367275e-01 -8.843369337603068647e-01 -1.122188907045130746e-01 1.097822284153997714e+02 -2.357528139548779184e-02 -1.377317906871576569e-01 9.901889516356121579e-01 6.169695037645007041e+00
-8.910873858560801608e-01 -4.457772588537676217e-01 -8.512288914855796473e-02 6.411592860791820669e+01 4.531558576943880423e-01 -8.842019384423285278e-01 -1.132991645692571214e-01 1.099186969456818304e+02 -2.475963257886107036e-02 -1.395333922172362906e-01 9.899077699719861512e-01 6.136262493391347661e+00
-8.899244809889921282e-01 -4.486229086149822742e-01 -8.229157917008646239e-02 6.391194858566099413e+01 4.556038714595411210e-01 -8.828326579272116614e-01 -1.141560791559219495e-01 1.100512073497034606e+02 -2.143666129674312928e-02 -1.390826515529828278e-01 9.900487288964318067e-01 6.115276396045824292e+00
-8.878824839753547415e-01 -4.526622464861537187e-01 -8.222885902080555309e-02 6.371170426365055306e+01 4.595385374735300177e-01 -8.811669981644516536e-01 -1.112162484645988214e-01 1.101342563605907827e+02 -2.211395999010354330e-02 -1.365342885577062459e-01 9.903884898470888265e-01 6.117953073447237600e+00
-8.850920069795764622e-01 -4.575990111190015308e-01 -8.494282903093042236e-02 6.354030985474683746e+01 4.646507370332141895e-01 -8.792574755716897617e-01 -1.049094096151086813e-01 1.102625382740344833e+02 -2.668017532470152303e-02 -1.323232280221871004e-01 9.908474814876563341e-01 6.108000135787114537e+00
-8.839497969523677501e-01 -4.594463910579149601e-01 -8.684336596266643837e-02 6.329134155635809122e+01 4.665773012878349224e-01 -8.788717947602140423e-01 -9.944843034418182626e-02 1.104524312736479601e+02 -3.063296248861792706e-02 -1.284265631355839266e-01 9.912458017516910802e-01 6.112879688991848859e+00
-8.832589332008540239e-01 -4.611234454245634051e-01 -8.496366871004115695e-02 6.307606439023798117e+01 4.679308693386052820e-01 -8.784258194802585518e-01 -9.699887210918312075e-02 1.105611115509464213e+02 -2.990582620338399361e-02 -1.254322436625299464e-01 9.916513469001475567e-01 6.111532300974082510e+00
-8.827554302429654332e-01 -4.626356886601359908e-01 -8.192112032021361956e-02 6.286754252675219590e+01 4.689954499126621212e-01 -8.780891142027564822e-01 -9.488295674059858686e-02 1.106202441698046073e+02 -2.803780194267709025e-02 -1.221790779821996936e-01 9.921119667485333027e-01 6.100478718722667004e+00
-8.829582053360516269e-01 -4.619102865278069681e-01 -8.380748671531945693e-02 6.263669991652807312e+01 4.684633502352052448e-01 -8.785229595213892573e-01 -9.348528804141986726e-02 1.107256416282253610e+02 -3.044498507384514260e-02 -1.218043381558269189e-01 9.920870960204423161e-01 6.099827734246492383e+00
-8.820969900894854998e-01 -4.627802781795661291e-01 -8.797337212540042028e-02 6.249262539062479505e+01 4.697840101483323760e-01 -8.779947768731397595e-01 -9.180498675146921139e-02 1.108125481041531089e+02 -3.475462392290232239e-02 -1.223093860320181719e-01 9.918833248948428771e-01 6.067545428800213081e+00
-8.821932494787450008e-01 -4.618623801849734978e-01 -9.175081658494421699e-02 6.225201702725463093e+01 4.693669915461191611e-01 -8.781366050107390908e-01 -9.257823819429081280e-02 1.109506345831835574e+02 -3.781134513711933987e-02 -1.247367015360137110e-01 9.914691409564077018e-01 6.058597869256884927e+00
-8.828573920345801351e-01 -4.600980186630002078e-01 -9.419468431011232545e-02 6.204463699702651525e+01 4.679658109893153894e-01 -8.787583689137559162e-01 -9.376421923712716100e-02 1.110616374468007308e+02 -3.963363565221506013e-02 -1.268603258959129232e-01 9.911284642459675664e-01 6.036461543340942981e+00
-8.853085802549567340e-01 -4.555279913866759900e-01 -9.339682430454593343e-02 6.180296209332851731e+01 4.632741402104083583e-01 -8.813497931505918093e-01 -9.273409904515739210e-02 1.111943300766336193e+02 -4.007229391064006524e-02 -1.253666270449618758e-01 9.913008726335857945e-01 6.003402996408916614e+00
-8.852723560254713853e-01 -4.559638335377014240e-01 -9.159605975539435174e-02 6.162070488409434432e+01 4.634430939831746254e-01 -8.813655444602981337e-01 -9.173481169929056933e-02 1.112884281828802813e+02 -3.890185466546343396e-02 -1.236598542122916700e-01 9.915618418231825215e-01 5.997810282796418591e+00
-8.833179931393615458e-01 -4.599580355622675532e-01 -9.048717322333915680e-02 6.145701481705944502e+01 4.672468980642996428e-01 -8.794510286536962873e-01 -9.080872452163163411e-02 1.113633615218628563e+02 -3.781083502834603483e-02 -1.224928313072049524e-01 9.917488830509484377e-01 6.013372427139360710e+00
-8.810568554490081361e-01 -4.643024539521943828e-01 -9.034405747073773196e-02 6.132432116950955248e+01 4.714656678004071066e-01 -8.774359643514801910e-01 -8.846610960194767337e-02 1.114656640237836172e+02 -3.819609341047422446e-02 -1.205377937269390409e-01 9.919736381233223987e-01 6.013541333375847842e+00
-8.788564262089841872e-01 -4.680853691924760640e-01 -9.223594342292033843e-02 6.109939793148626563e+01 4.753235235497414446e-01 -8.756937168976122177e-01 -8.501801071716044711e-02 1.115934733730980923e+02 -4.097474919302303287e-02 -1.185605386879978185e-01 9.921010374929464248e-01 6.008908982428764922e+00
-8.780967682162879040e-01 -4.691375670247141527e-01 -9.410636989196122237e-02 6.088282537331378563e+01 4.766033513548534883e-01 -8.749802047449792841e-01 -8.519910082715756450e-02 1.117195320446311655e+02 -4.237111192112897468e-02 -1.196644663656089014e-01 9.919098267302332017e-01 5.970106434261517769e+00
-8.782141426167078269e-01 -4.692707558255118649e-01 -9.233026283377122889e-02 6.066743478796191624e+01 4.765580102123078698e-01 -8.749219927355684767e-01 -8.604632200220707627e-02 1.118389158057819088e+02 -4.040275498634084139e-02 -1.195678232409308761e-01 9.920036053538007215e-01 5.933819085243827729e+00
-8.782502980159163641e-01 -4.694183450293447080e-01 -9.122955324271309063e-02 6.047979558181593518e+01 4.765675686916605591e-01 -8.749306176443403249e-01 -8.590556896856231528e-02 1.118949300361109209e+02 -3.949387935203745731e-02 -1.189236379295729035e-01 9.921176350792896281e-01 5.919613650961583318e+00
-8.777792531737378390e-01 -4.704689777942380746e-01 -9.034668577762411390e-02 6.030479896631671721e+01 4.774497664474544600e-01 -8.745963275624739630e-01 -8.439777445825058511e-02 1.119717116937894730e+02 -3.931034491106901591e-02 -1.172186194573169027e-01 9.923278148049129443e-01 5.926265689387797408e+00
-8.765870624591558524e-01 -4.725339963756916006e-01 -9.114134187319324065e-02 6.017715763484488889e+01 4.794928717205715341e-01 -8.737307114025971710e-01 -8.173879079770775269e-02 1.120758089546123841e+02 -4.100863199849498486e-02 -1.153527902615699013e-01 9.924777205965291671e-01 5.934419509086500177e+00
-8.763380246457024292e-01 -4.722545538398117415e-01 -9.490681186105114076e-02 5.992020974921917542e+01 4.795392206450870276e-01 -8.739388446057627657e-01 -7.920247314476434874e-02 1.122487952989139899e+02 -4.553902088507318091e-02 -1.149196774564954365e-01 9.923304214373980248e-01 5.912036196828099222e+00
-8.759905090474906508e-01 -4.722265472787039453e-01 -9.819733246862220877e-02 5.966930073365784892e+01 4.798514530059129202e-01 -8.738457749043611056e-01 -7.833354792112803833e-02 1.123801974039661928e+02 -4.881814321369913612e-02 -1.157395771852979816e-01 9.920792000471208016e-01 5.884233402863931595e+00
-8.764086583129016006e-01 -4.718511855343278660e-01 -9.625134982965247166e-02 5.950406501528232894e+01 4.792435607439640699e-01 -8.741943016991580162e-01 -7.816605632989946650e-02 1.124907013791869872e+02 -4.725963520412826413e-02 -1.146332481724734037e-01 9.922830973536740373e-01 5.847313441540003431e+00
-8.770347079624307707e-01 -4.712452677404832535e-01 -9.347736978250321960e-02 5.933960685392412415e+01 4.781674653541496678e-01 -8.750757355466638465e-01 -7.482200300883479205e-02 1.125856491572515949e+02 -4.654026327861386647e-02 -1.103193305348896536e-01 9.928059474057813194e-01 5.844426243401030341e+00
-8.775907950396113488e-01 -4.705591846623919938e-01 -9.169760188581085880e-02 5.907410054576293845e+01 4.767204476434797611e-01 -8.767885251358549237e-01 -6.308325442376530590e-02 1.127615409686291912e+02 -5.071500034845760618e-02 -9.907540522227559210e-02 9.937867240105886513e-01 5.816920864975303473e+00
-8.768253926081339689e-01 -4.716579999473199947e-01 -9.335931642469889880e-02 5.880325377415520904e+01 4.770435376202418198e-01 -8.776543667067409071e-01 -4.639262673481418797e-02 1.128985605522872930e+02 -6.005575819484827715e-02 -8.521469172792191238e-02 9.945510355036372152e-01 5.796720776502707118e+00
-8.750212409756827903e-01 -4.743456874791729394e-01 -9.661261103649028403e-02 5.867310361254425999e+01 4.794867468245027631e-01 -8.767153353454650855e-01 -3.824500476853504027e-02 1.129615526502571470e+02 -6.656040460388250313e-02 -7.978965810179217133e-02 9.945870112760203385e-01 5.834393364257042691e+00
-8.754603020417945913e-01 -4.741258561870861921e-01 -9.366926947378949320e-02 5.855776369790047653e+01 4.797415381614147933e-01 -8.759972721225022241e-01 -4.976781888384881197e-02 1.130612641757538910e+02 -5.845781480187846324e-02 -8.850678916782739325e-02 9.943587039694433694e-01 5.838738136250438693e+00
-8.772869382433730046e-01 -4.723625047707487035e-01 -8.509578176545079531e-02 5.843894782182713499e+01 4.782796429736755339e-01 -8.752049946066138286e-01 -7.255894522807598834e-02 1.131291478915837843e+02 -4.020212810961940053e-02 -1.043545950226529573e-01 9.937272801896482877e-01 5.800106503264212066e+00
-8.790367282224254009e-01 -4.700382168506325731e-01 -7.974023536391119937e-02 5.820447246267076480e+01 4.759342570263135896e-01 -8.749681781453966245e-01 -8.897904372231041359e-02 1.131734139577865790e+02 -2.794661741293724341e-02 -1.161669571470463069e-01 9.928364541264443899e-01 5.741942588434798544e+00
-8.795656711472557010e-01 -4.669548564159906601e-01 -9.119973798646288654e-02 5.796495811463150716e+01 4.742621782694743660e-01 -8.757924502929155253e-01 -8.979404363889843810e-02 1.131966977890934771e+02 -3.794227724282320247e-02 -1.222323446533388619e-01 9.917760016849450633e-01 5.736976224985192552e+00
-8.793720551270352015e-01 -4.626932652567614657e-01 -1.123375758492742710e-01 5.769663253165576577e+01 4.722476044720432808e-01 -8.776571771609376071e-01 -8.185401302509172361e-02 1.132894382680742353e+02 -6.072057914802757306e-02 -1.250312827412862204e-01 9.902929816998586876e-01 5.714738405873125870e+00
-8.810360512500259311e-01 -4.575196770863412810e-01 -1.202132333670933584e-01 5.741517365845679421e+01 4.679323999077821816e-01 -8.801719314110036940e-01 -7.960301673156827684e-02 1.134546498931001963e+02 -6.938836728375055718e-02 -1.263847943189089773e-01 9.895514833755050255e-01 5.697175465012523254e+00
-8.852147435534281072e-01 -4.525551916736511582e-01 -1.076506213863307054e-01 5.722865630257314962e+01 4.616815490842855474e-01 -8.830425985961081192e-01 -8.417788486156632666e-02 1.136178803500036594e+02 -5.696494563126254518e-02 -1.242158104021285348e-01 9.906187094010338035e-01 5.688632174387715956e+00
-8.863456257527133619e-01 -4.542252930783137743e-01 -8.983771388983111117e-02 5.716377561418470066e+01 4.611902675276712826e-01 -8.833100104979603184e-01 -8.406522760242923775e-02 1.136356750696611613e+02 -4.116999935373091141e-02 -1.159431260662450169e-01 9.924022484210727191e-01 5.692098280554336753e+00
-8.855479860295496497e-01 -4.567573845398775756e-01 -8.471986843296797076e-02 5.706728933537711868e+01 4.629440688609346433e-01 -8.828323688158996596e-01 -7.930824469996743120e-02 1.137392365047178799e+02 -3.856881571284273558e-02 -1.094518169753160991e-01 9.932435482877856048e-01 5.690972435430015075e+00
-8.825605403323375509e-01 -4.609848175472870957e-01 -9.262769909259048473e-02 5.690828341075440022e+01 4.679286517745808172e-01 -8.804230098887930733e-01 -7.679909183565827857e-02 1.138525447489464995e+02 -4.614834229651364195e-02 -1.111230023408887879e-01 9.927346114919287645e-01 5.703910176491761241e+00
-8.795998208007009822e-01 -4.647826480719590148e-01 -1.013964757700795694e-01 5.665359004809630505e+01 4.728863398812338525e-01 -8.774848192838691219e-01 -7.999313395589385811e-02 1.139504316146472576e+02 -5.179444758953422046e-02 -1.183109545966598286e-01 9.916248550844830589e-01 5.676860785874463744e+00
-8.792001578918102744e-01 -4.650451438516788327e-01 -1.036344370515304980e-01 5.640438123976758078e+01 4.738059950735923342e-01 -8.762775131936848538e-01 -8.743911540846618924e-02 1.140255860007710567e+02 -5.014939077734889561e-02 -1.259791016441356437e-01 9.907645050937166076e-01 5.621247229864078321e+00
-8.811306930475937271e-01 -4.629127274269155268e-01 -9.654278096078498794e-02 5.616593777448935754e+01 4.711971184665763590e-01 -8.766872442324291637e-01 -9.691620787538587911e-02 1.140791990048545301e+02 -3.977407847157680976e-02 -1.308865256102551000e-01 9.905991823615709624e-01 5.556277984211357435e+00
-8.830116356490245177e-01 -4.618288952124414704e-01 -8.369302751896394443e-02 5.601478784827688884e+01 4.686671621750961303e-01 -8.772165891389751557e-01 -1.041256300731205064e-01 1.141442243395612905e+02 -2.532868743493132957e-02 -1.311683166250064703e-01 9.910364929237397424e-01 5.505287902421391877e+00
-8.844309390130729032e-01 -4.607418917760837118e-01 -7.415405099554357726e-02 5.592193108123847622e+01 4.663715623411355260e-01 -8.783258015233370575e-01 -1.050778388523280621e-01 1.142676427383035218e+02 -1.671765402029912195e-02 -1.275174323023447465e-01 9.916954293043174218e-01 5.528249167008834064e+00
-8.836865620704230651e-01 -4.621030889966928901e-01 -7.455732798237954539e-02 5.580363578933381064e+01 4.675905475039724979e-01 -8.787695500894616707e-01 -9.551522245433728686e-02 1.144361224542500395e+02 -2.138083022459253205e-02 -1.192678203677790122e-01 9.926318789579681168e-01 5.541003281694046656e+00
-8.782582245890284689e-01 -4.707170854811827398e-01 -8.418976409178105524e-02 5.560991098608865002e+01 4.767634842144607976e-01 -8.755395118664666132e-01 -7.827607093050874265e-02 1.146130207531048200e+02 -3.686558098574352349e-02 -1.088852083468244553e-01 9.933704950026712721e-01 5.557388803862242987e+00
-8.714217309027649794e-01 -4.819180404672976925e-01 -9.153780193225496964e-02 5.534042200039355919e+01 4.880998757340783145e-01 -8.704347199810333890e-01 -6.404615179631734101e-02 1.147395773723360861e+02 -4.881268501942931382e-02 -1.004907982041124415e-01 9.937398659898345477e-01 5.578249046191293914e+00
-8.689245327129979657e-01 -4.870332953486430361e-01 -8.814037480825562265e-02 5.506730946688825412e+01 4.928298057688678124e-01 -8.678267133822661350e-01 -6.321058523660458284e-02 1.148105940321105294e+02 -4.570491215742975011e-02 -9.836343203637956667e-02 9.941004457511857240e-01 5.584944989696547957e+00
-8.702525349964089774e-01 -4.860669729681617590e-01 -7.999639443058229049e-02 5.491158767331796753e+01 4.914882475281799334e-01 -8.676854223963175183e-01 -7.457419327491027206e-02 1.148576076304982649e+02 -3.316365290500390695e-02 -1.042156684500627206e-01 9.940016431452731727e-01 5.551299013956478845e+00
-8.730119118356096664e-01 -4.819853297007550830e-01 -7.443348538385297086e-02 5.479266817887425134e+01 4.872345845651069873e-01 -8.686210169157293493e-01 -8.999993653304537433e-02 1.149411447425990644e+02 -2.127584068377753185e-02 -1.148375849865320292e-01 9.931564165214156192e-01 5.496062466244964639e+00
-8.750369143780989400e-01 -4.785324278547981036e-01 -7.291854336894147692e-02 5.465518860180928584e+01 4.837880669374133857e-01 -8.695855866263715317e-01 -9.884338025700251107e-02 1.150612112259955211e+02 -1.610915157966305231e-02 -1.217687276071407199e-01 9.924277667479489695e-01 5.442796492798740893e+00
-8.751954261353467324e-01 -4.776366910906297281e-01 -7.678644018160250828e-02 5.448713510187904774e+01 4.832827612934367800e-01 -8.703495664824600908e-01 -9.449552772689616409e-02 1.151540427794371482e+02 -2.169651373745155876e-02 -1.198116164976835568e-01 9.925595386896710615e-01 5.459305524002012078e+00
-8.746132943474591581e-01 -4.780341177218757065e-01 -8.083914673320471977e-02 5.422679487733272907e+01 4.839169277126211255e-01 -8.709401165417844926e-01 -8.536814670215431278e-02 1.152624403440694465e+02 -2.959716918663974489e-02 -1.137835475455505618e-01 9.930646060977538214e-01 5.489300242304292254e+00
-8.734654402293535735e-01 -4.799104980804050347e-01 -8.212209542601099643e-02 5.400294856727951753e+01 4.857842494372847653e-01 -8.703439791450013896e-01 -8.071567979456668873e-02 1.153605256351178951e+02 -3.273816921569094873e-02 -1.103959772739145778e-01 9.933483480019192902e-01 5.488310349970013213e+00
-8.721102928936503851e-01 -4.831113955416170835e-01 -7.763386198549374062e-02 5.382916595874846166e+01 4.884536792636711144e-01 -8.689366753510257002e-01 -7.976250650329939906e-02 1.154699075433611029e+02 -2.892473409962902781e-02 -1.074822484307865894e-01 9.937861570929272803e-01 5.469432768796338884e+00
-8.708248296430278756e-01 -4.863786757430276220e-01 -7.141358315930421141e-02 5.363639792798622352e+01 4.910622182737023333e-01 -8.674078082772462839e-01 -8.038402779019879207e-02 1.155577556087192050e+02 -2.284762266194929198e-02 -1.050689198675016922e-01 9.942024483054614503e-01 5.430865575143955404e+00
-8.697251879711316302e-01 -4.887520560352364152e-01 -6.855308257043594977e-02 5.345507492971495367e+01 4.931779847491116753e-01 -8.659609672501740185e-01 -8.298842424066101009e-02 1.156726777743218548e+02 -1.880353071592824263e-02 -1.059859939825639613e-01 9.941898190547633352e-01 5.417228261546849666e+00
-8.691606352759631005e-01 -4.893568919449577392e-01 -7.134158950188171366e-02 5.324267281723687262e+01 4.941372928504896289e-01 -8.651331604162950661e-01 -8.586588707107491170e-02 1.158291675101139049e+02 -1.970091117368695521e-02 -1.098837888593403173e-01 9.937491771291397935e-01 5.413420694086140017e+00
-8.698651189771626768e-01 -4.870875023637534773e-01 -7.797717504428393342e-02 5.301656028215620609e+01 4.926135013281610076e-01 -8.660246746183788424e-01 -8.563411271999535335e-02 1.159760576932944218e+02 -2.581885156346769641e-02 -1.129027368719261182e-01 9.932705366166723060e-01 5.408806039911554286e+00
-8.705800655294588797e-01 -4.859064500103000839e-01 -7.736453542231819247e-02 5.280415730426116738e+01 4.913173446894318896e-01 -8.669518599694812089e-01 -8.367639633004823885e-02 1.160599561792785295e+02 -2.641242718966491793e-02 -1.108575407171072252e-01 9.934852738496456892e-01 5.366853115403848129e+00
-8.712749476559265016e-01 -4.854742809025073824e-01 -7.207418517996401486e-02 5.259210819295788752e+01 4.902264245490432493e-01 -8.678983012171339606e-01 -8.019096843332028379e-02 1.161331266801385169e+02 -2.362241014425807764e-02 -1.052010519272785910e-01 9.941703679009802341e-01 5.363775072194699511e+00
-8.704187925497677281e-01 -4.880156005386610540e-01 -6.489914642808826406e-02 5.244098906235782209e+01 4.920313587855636439e-01 -8.667813847882273048e-01 -8.121067021170787215e-02 1.162519795567984886e+02 -1.662129801899852807e-02 -1.026197087088676768e-01 9.945817853935747799e-01 5.383245704530782660e+00
-8.672334922795235101e-01 -4.940644707192665130e-01 -6.169577490843920764e-02 5.225818242385123824e+01 4.977085540084820181e-01 -8.636669764455933151e-01 -7.978439110573734561e-02 1.164075546583931384e+02 -1.386597041132450747e-02 -9.989821104613599845e-02 9.949010414580607975e-01 5.378090432753432459e+00
-8.639272088102503133e-01 -4.993119566981886748e-01 -6.570652764798921852e-02 5.201821387959599718e+01 5.031979122091719825e-01 -8.611499926387240489e-01 -7.219800084943958640e-02 1.166106113666729840e+02 -2.053385072655087087e-02 -9.543720488651885603e-02 9.952236436589457780e-01 5.350474505910764123e+00
-8.636965288598474899e-01 -4.988443351697121608e-01 -7.199052232439158427e-02 5.173400186309171289e+01 5.030939206372732064e-01 -8.619014347406435128e-01 -6.342258122969687828e-02 1.167515777342246110e+02 -3.041073911084621675e-02 -9.099585738432419690e-02 9.953868297730403825e-01 5.340850227257902816e+00
-8.676618221762446570e-01 -4.918581676883078124e-01 -7.237751872024650313e-02 5.148485450980996347e+01 4.961626639043951181e-01 -8.658976921132011118e-01 -6.359086208195693923e-02 1.168545286764356916e+02 -3.139384151539021534e-02 -9.108638576281671839e-02 9.953480281005101515e-01 5.342717054545883748e+00
-8.719991373613049657e-01 -4.850352221317741908e-01 -6.601770772089357586e-02 5.131124971033710835e+01 4.889127655401760419e-01 -8.696284430039835645e-01 -6.863438504368654658e-02 1.169509257561764883e+02 -2.412078218047048611e-02 -9.212602460786339931e-02 9.954551639611668445e-01 5.324602148279644176e+00
-8.759151466610783920e-01 -4.785143667242431897e-01 -6.161701622278416973e-02 5.120694075839794124e+01 4.820635456614937864e-01 -8.732293180551182754e-01 -7.131126161598182189e-02 1.170686322118687173e+02 -1.968232186433458569e-02 -9.216593149038633526e-02 9.955491184660544279e-01 5.299987761602505287e+00
-8.783235407564073949e-01 -4.732517722799290394e-01 -6.767952265666837830e-02 5.099011798780573201e+01 4.772647647764138301e-01 -8.762153057502997111e-01 -6.682127110302248096e-02 1.171996410574053300e+02 -2.767854866214400703e-02 -9.099174689396528903e-02 9.954669255887620416e-01 5.281113483949233967e+00
-8.797397173261836123e-01 -4.696333900034712627e-01 -7.417889694983981208e-02 5.060190136029416408e+01 4.739853669631838295e-01 -8.785396753475775977e-01 -5.921073167044965668e-02 1.173358414257721023e+02 -3.736176740497446774e-02 -8.724974403413188195e-02 9.954856003490734073e-01 5.261321413176416328e+00
-8.812131502386222337e-01 -4.671498862201197699e-01 -7.234892985423478640e-02 5.036506322924898882e+01 4.711655840141211193e-01 -8.803672925741952149e-01 -5.437299519259423258e-02 1.174334269880347392e+02 -3.829329297874552174e-02 -8.200252416914262377e-02 9.958961842193859715e-01 5.255327216862975881e+00
-8.843136670426732238e-01 -4.621479998009177526e-01 -6.639702223406795945e-02 5.017374014361452339e+01 4.656830247246375731e-01 -8.832897444420950706e-01 -5.420837432289602603e-02 1.175265187629227057e+02 -3.359551703506015452e-02 -7.885717242857183396e-02 9.963196713865071219e-01 5.264957500515569322e+00
-8.869802031084494942e-01 -4.574597551531272011e-01 -6.321939345592372805e-02 5.000059012182926210e+01 4.607995600993292085e-01 -8.857515887497682261e-01 -5.574843889766224747e-02 1.176638114364613301e+02 -3.049401098508749269e-02 -7.857923035066351203e-02 9.964413780306088375e-01 5.240226157519726868e+00
-8.881513288881004442e-01 -4.550422292252093159e-01 -6.421671601736105017e-02 4.981162579202861451e+01 4.585056281867808670e-01 -8.868570012927154966e-01 -5.707230658681269886e-02 1.178335633193961769e+02 -3.098073458373483413e-02 -8.013257065541898316e-02 9.963026473942576677e-01 5.235213764055683505e+00
-8.885054736300219691e-01 -4.538895232477410668e-01 -6.739676561548185729e-02 4.953081249159463795e+01 4.575814262395260790e-01 -8.873916251109670306e-01 -5.617243134775105895e-02 1.179573004010484567e+02 -3.431124728264820650e-02 -8.074902085384670636e-02 9.961437315674148696e-01 5.221716748710910849e+00
-8.882499894838022936e-01 -4.539813000102699281e-01 -7.009233498044424582e-02 4.924328296736173627e+01 4.577790655448841228e-01 -8.874767026411951587e-01 -5.313595221659718482e-02 1.180626409504826313e+02 -3.808258566429237324e-02 -7.928481260681101428e-02 9.961243070817139555e-01 5.194542293460785665e+00
-8.883830582809422172e-01 -4.537380293281182420e-01 -6.998101528868996835e-02 4.893090277063752325e+01 4.573983733223685455e-01 -8.878648879044710451e-01 -4.982638767191667484e-02 1.181504411210645742e+02 -3.952555934393948284e-02 -7.627412121956377022e-02 9.963031609860183435e-01 5.167295136354852936e+00
-8.879033531084248310e-01 -4.548869177888601456e-01 -6.859684805708637922e-02 4.875521745359866799e+01 4.584905179802718500e-01 -8.872274414920331420e-01 -5.112643138028873102e-02 1.182461252049016593e+02 -3.760426120798329025e-02 -7.684633425253369066e-02 9.963335588300484824e-01 5.155415294573430174e+00
-8.882016980757216906e-01 -4.546858618121781270e-01 -6.601901698391443585e-02 4.862190960544812413e+01 4.581576391546465232e-01 -8.872903552303663677e-01 -5.298493370206114328e-02 1.183622667104102391e+02 -3.448653678823422608e-02 -7.730842504726095910e-02 9.964106012066841211e-01 5.138924992109432210e+00
-8.903122918994188506e-01 -4.506005637616996018e-01 -6.559843618901077533e-02 4.839666947553321563e+01 4.539278063833931953e-01 -8.896514766142908925e-01 -4.969704971095943724e-02 1.184807915207163660e+02 -3.596622700209022028e-02 -7.402284847026227577e-02 9.966077705996390090e-01 5.121866115507565098e+00
-8.938166873219159925e-01 -4.430159492650970754e-01 -6.948811525449365145e-02 4.813174020779246121e+01 4.464791238525834260e-01 -8.936216762069659758e-01 -4.578964704911165501e-02 1.185915033647570738e+02 -4.181054207620749086e-02 -7.195254345607036972e-02 9.965313392269687931e-01 5.112871693851022137e+00
-8.976435624811529568e-01 -4.349458708062424739e-01 -7.112049075157324263e-02 4.785739754969432624e+01 4.385381196193982589e-01 -8.975341374998486721e-01 -4.600858249377104414e-02 1.187158017981083162e+02 -4.382182534796513068e-02 -7.248835417502036416e-02 9.964060849534035480e-01 5.113119990673470561e+00
-8.992892561143144281e-01 -4.322013025902262107e-01 -6.693928500271570381e-02 4.770949134534586022e+01 4.356132805446186196e-01 -8.987990910671499467e-01 -4.900269084468943104e-02 1.187856399055648353e+02 -3.898594170362486289e-02 -7.322723493466466727e-02 9.965529932789851664e-01 5.087868941456934024e+00
-9.001669156217424472e-01 -4.309198418110871676e-01 -6.330571817416809355e-02 4.749895981188485194e+01 4.341178524270872807e-01 -8.994463112122208504e-01 -5.037879961673374235e-02 1.188640413023163376e+02 -3.523087032892055492e-02 -7.283147108384528667e-02 9.967218080265073388e-01 5.036635514337080011e+00
-9.018346705466873114e-01 -4.270042232772946478e-01 -6.604256433015424921e-02 4.722692623899750686e+01 4.301963855898476852e-01 -9.016113347424046243e-01 -4.503410806767502855e-02 1.190123039403740393e+02 -4.031497023909816346e-02 -6.902459248249297186e-02 9.968000345140676233e-01 4.991654985066024786e+00
-9.037013441896197818e-01 -4.218483108263280101e-01 -7.326583898958513585e-02 4.693148907926533298e+01 4.254045048677458363e-01 -9.040293505993914902e-01 -4.197547489988057157e-02 1.191899007062055205e+02 -4.852718566022667934e-02 -6.910091104910418003e-02 9.964287111199082725e-01 5.022285402969458801e+00
-9.060475761795097061e-01 -4.167607531244995056e-01 -7.340479789724731197e-02 4.667684674444869586e+01 4.203875864294295828e-01 -9.063127173920479951e-01 -4.326124673979110657e-02 1.193275965402119425e+02 -4.849811207948814817e-02 -7.005521357145530481e-02 9.963634879782494735e-01 5.059232293041208806e+00
-9.093508003876931145e-01 -4.106949386558723103e-01 -6.641377264326178698e-02 4.641574831308101068e+01 4.140334249266248157e-01 -9.090022654196194818e-01 -4.786652802876212309e-02 1.194052685678759502e+02 -4.071172899534647449e-02 -7.102498732452264263e-02 9.966433696652784446e-01 5.022023389007308936e+00
-9.120513821444482527e-01 -4.051967160481205754e-01 -6.307057659654492776e-02 4.620602502379285426e+01 4.085090373710585920e-01 -9.111883164858292083e-01 -5.344359911057505741e-02 1.194491455066027754e+02 -3.581400165539903868e-02 -7.450820896746596089e-02 9.965770838635049644e-01 4.987368183511727615e+00
-9.154566581151426519e-01 -3.976250413999896649e-01 -6.191472816957312164e-02 4.593790074845620808e+01 4.010331615278313055e-01 -9.141934519205432430e-01 -5.850415216541681590e-02 1.194650961473458040e+02 -3.333932314321898238e-02 -7.838787481019242331e-02 9.963653098211988635e-01 4.953360791296957721e+00
-9.194612647421875895e-01 -3.876430771851016588e-01 -6.575581608620795215e-02 4.569450880405436521e+01 3.916708700686051814e-01 -9.176725997217016761e-01 -6.686500773735337688e-02 1.194947733146455420e+02 -3.442255333933921801e-02 -8.723442227973932095e-02 9.955929104765263160e-01 4.982978461147869353e+00
-9.239495177004968252e-01 -3.755121632542401389e-01 -7.285536348918487948e-02 4.546494454260326989e+01 3.806806991888635472e-01 -9.213149402356408668e-01 -7.912639359705612996e-02 1.196175048849154905e+02 -3.740981162874723598e-02 -1.008434239141013516e-01 9.941987275425283599e-01 4.981018433150731894e+00
-9.283097357524152660e-01 -3.635349979536307008e-01 -7.799576764245039207e-02 4.519053231095580259e+01 3.696806691839902848e-01 -9.248688896071257659e-01 -8.918374217624851219e-02 1.197346358355220417e+02 -3.971444748398884894e-02 -1.116236637086248512e-01 9.929566558321190062e-01 4.902336659133657903e+00
-9.307524879526187789e-01 -3.574455367793883953e-01 -7.702268760894576127e-02 4.491403968449983353e+01 3.636456233600268151e-01 -9.269062272327652785e-01 -9.277233708503455911e-02 1.197888268972040464e+02 -3.823175095529721124e-02 -1.143570468034946080e-01 9.927037821350714886e-01 4.859127391775376559e+00
-9.302895749147006565e-01 -3.604819309454248000e-01 -6.792705106865842835e-02 4.473060370101584482e+01 3.655674701110626090e-01 -9.263901011174395794e-01 -9.034271054278837643e-02 1.198106667753691141e+02 -3.036003296479600905e-02 -1.088768019987668284e-01 9.935915208901985318e-01 4.872672773690919890e+00
-9.303582151273301903e-01 -3.617785628444574741e-01 -5.958072684423418308e-02 4.447789697365847417e+01 3.657956381767112908e-01 -9.269476603897335298e-01 -8.343611921039970070e-02 1.199031137527749280e+02 -2.504281605532542032e-02 -9.941984894475755508e-02 9.947303911109888208e-01 4.875706856877163098e+00
-9.303534177539996008e-01 -3.619770639116193789e-01 -5.843905607875340968e-02 4.425387991554723754e+01 3.656112164181699042e-01 -9.278929940786730945e-01 -7.309603251163544757e-02 1.200519186828326781e+02 -2.776610348389590630e-02 -8.937111805074017534e-02 9.956112930032896546e-01 4.857408152697800574e+00
-9.310645617480690639e-01 -3.599593571972337092e-01 -5.956545158924433925e-02 4.411878977504449040e+01 3.635600892581206667e-01 -9.290536794504820062e-01 -6.843480253605144226e-02 1.201922739382400920e+02 -3.070575443632031498e-02 -8.537284032803030276e-02 9.958758129299160045e-01 4.865310273266246099e+00
-9.329804960285410509e-01 -3.563139532261069276e-01 -5.087003800590524094e-02 4.396306196277667055e+01 3.591855355489900203e-01 -9.307795026111469472e-01 -6.808280672337020667e-02 1.203084152936297642e+02 -2.308993466261359540e-02 -8.179171263233374345e-02 9.963819401524427466e-01 4.854674743414234328e+00
-9.345875114112189852e-01 -3.533761804292075981e-01 -4.088347611747686350e-02 4.373398969446292739e+01 3.554293072270401366e-01 -9.323517342057940915e-01 -6.625897137410380333e-02 1.203616074564486809e+02 -1.470343763514171849e-02 -7.645599275865891387e-02 9.969645380318185035e-01 4.831221813135852194e+00
-9.340014192866725740e-01 -3.552204884161750953e-01 -3.820671904070351010e-02 4.351677888579803977e+01 3.570497174184655287e-01 -9.318232886889545874e-01 -6.496813025087966320e-02 1.203811114086311989e+02 -1.252389962732008456e-02 -7.432202409969290713e-02 9.971556491701030200e-01 4.820859965197583641e+00
-9.327257496789225222e-01 -3.580974108702759118e-01 -4.229562878002399162e-02 4.329291171771352964e+01 3.601974593280420356e-01 -9.307352385668883343e-01 -6.316411943074595747e-02 1.204246994616397615e+02 -1.674712451486115236e-02 -7.414957867609814346e-02 9.971065007323144380e-01 4.821779748991589898e+00
-9.320322073530877827e-01 -3.596187519774690644e-01 -4.461297661778394069e-02 4.306902872289146700e+01 3.619455629301904231e-01 -9.298396548895684344e-01 -6.628443007220012617e-02 1.205400510173280679e+02 -1.764579076377416345e-02 -7.792669260924929564e-02 9.968029176558947935e-01 4.823342216407093375e+00
-9.325612248195342957e-01 -3.583357612695636796e-01 -4.387532516633926849e-02 4.285453533318203512e+01 3.607223423760721470e-01 -9.297723738352501321e-01 -7.350322825212296518e-02 1.206348062712480242e+02 -1.445522998120576420e-02 -8.437307063350332759e-02 9.963293789094369579e-01 4.835501753839564820e+00
-9.337177041330182448e-01 -3.552965329697854169e-01 -4.399571170256970365e-02 4.262994655574295422e+01 3.577861279580755727e-01 -9.304071309569348358e-01 -7.957171171498747531e-02 1.206693222074564886e+02 -1.266237060479000198e-02 -9.003857131327469565e-02 9.958577810342856829e-01 4.803190842601725130e+00
-9.346598224050084447e-01 -3.524471243482425464e-01 -4.681923665004987523e-02 4.239966170944125423e+01 3.552899599666066166e-01 -9.308304176162010002e-01 -8.557907447137073909e-02 1.206909732176048919e+02 -1.341867090161895718e-02 -9.662172726205962847e-02 9.952307175183703336e-01 4.769309033074210724e+00
-9.343378307681138306e-01 -3.531137465343920367e-01 -4.820269706127859599e-02 4.225190044798940647e+01 3.562134056194385390e-01 -9.295373688104047183e-01 -9.524856766393777208e-02 1.206823884727120628e+02 -1.117262961605830149e-02 -1.061647869751336515e-01 9.942857790162680232e-01 4.775042435895628046e+00
-9.342469642418589348e-01 -3.532054226328738555e-01 -4.928021131858195680e-02 4.215162690973490101e+01 3.565574162786822598e-01 -9.278284083365706536e-01 -1.095502331366614568e-01 1.206713756568184266e+02 -7.029843635645367100e-03 -1.199181975613348994e-01 9.927588867353941415e-01 4.757252828180627446e+00
-9.363447961576276679e-01 -3.470716657901217195e-01 -5.291201672778422793e-02 4.194979349816811975e+01 3.510129588784821619e-01 -9.284523942124645046e-01 -1.215156548783573459e-01 1.207287544017762428e+02 -6.951647855312211716e-03 -1.323533546488833978e-01 9.911782201528051006e-01 4.732624834947823267e+00
-9.390882812619498754e-01 -3.384135195995743306e-01 -5.991235055233817136e-02 4.174837950027239941e+01 3.434985154190136614e-01 -9.298330641077152681e-01 -1.319819790615064936e-01 1.207744995712143066e+02 -1.104399843405440979e-02 -1.445225333444123961e-01 9.894398756136230100e-01 4.690947652888718622e+00
-9.427444868825956004e-01 -3.274989458591729963e-01 -6.306562386596019365e-02 4.152495873853980157e+01 3.332209733756177905e-01 -9.328680421794235400e-01 -1.368247009239772771e-01 1.208006272929462313e+02 -1.402195974456303326e-02 -1.500055210365953406e-01 9.885857212722938270e-01 4.680695571401273902e+00
-9.456180169841810201e-01 -3.202717136032089407e-01 -5.685591807867564074e-02 4.132570443433515095e+01 3.251492650562389786e-01 -9.356290029914096085e-01 -1.373911357937189215e-01 1.208532598784654084e+02 -9.193551451567014143e-03 -1.484061933578399439e-01 9.888837547380090465e-01 4.687439635957548312e+00
-9.482706083812668663e-01 -3.140175668472575676e-01 -4.664569638830892706e-02 4.113513848394308781e+01 3.174514108556094616e-01 -9.392075787024243283e-01 -1.308194398922137291e-01 1.209493822100059646e+02 -2.730389350478024807e-03 -1.388599719834971435e-01 9.903082616815519490e-01 4.719472434478583445e+00
-9.504698590391202906e-01 -3.078133944514349074e-01 -4.310407468488566818e-02 4.096568959079898775e+01 3.108163523502995296e-01 -9.415040857003715846e-01 -1.302430486481417904e-01 1.210065620564059117e+02 -4.921075180659151282e-04 -1.371895433544156329e-01 9.905446920883467232e-01 4.763780261168064634e+00
-9.516562181707222123e-01 -3.037349492901308956e-01 -4.577688277636318692e-02 4.085584602181699410e+01 3.071648736138797853e-01 -9.412352840438895640e-01 -1.404488536392816678e-01 1.210191671686101245e+02 -4.275918246697991976e-04 -1.477200753132110189e-01 9.890291181328741965e-01 4.723893476409344316e+00
-9.525215747126491994e-01 -3.005792760246164819e-01 -4.852575121986783813e-02 4.075723990911590278e+01 3.044676895620365698e-01 -9.410898504003202270e-01 -1.471370771976202030e-01 1.210483778569927864e+02 -1.440735815629787947e-03 -1.549257638290691408e-01 9.879250639508490028e-01 4.658177913570663797e+00
-9.532822917879237856e-01 -2.979833630117914023e-01 -4.958616270439703683e-02 4.054035307070253680e+01 3.020605504029774124e-01 -9.421936979181713134e-01 -1.450188246178136797e-01 1.210847168088255472e+02 -3.506572944394659164e-03 -1.532219010829221628e-01 9.881855863018448316e-01 4.645567311731449323e+00
-9.540193922082174094e-01 -2.959271264739483653e-01 -4.768789267241124036e-02 4.033154064539329653e+01 2.997257566180389077e-01 -9.436057813276697015e-01 -1.406150783690788553e-01 1.211210949024002730e+02 -3.386755144350099556e-03 -1.484428013137377433e-01 9.889151958725896918e-01 4.675344635382050917e+00
-9.553084946162284652e-01 -2.927420678984281599e-01 -4.108237817638719924e-02 4.016902799847883188e+01 2.956050807479145837e-01 -9.451640360271036378e-01 -1.388617342430043533e-01 1.211965593242567252e+02 1.821084867473145991e-03 -1.447999540176305722e-01 9.894592750418773619e-01 4.704777113961120527e+00
-9.564471215262155823e-01 -2.899733864166260111e-01 -3.353116303218206529e-02 4.008213657800359897e+01 2.917683410959909796e-01 -9.461462916668990086e-01 -1.402798271280252251e-01 1.212240604004775690e+02 8.952030960075078175e-03 -1.439535686777138057e-01 9.895439511242745123e-01 4.708385102593622307e+00
-9.576023977370871076e-01 -2.864785498194999946e-01 -3.045797664812617891e-02 4.001131774119709661e+01 2.878949267573137072e-01 -9.476596197147730827e-01 -1.380498327034576367e-01 1.212608293530653327e+02 1.068452130806643238e-02 -1.409655477603230234e-01 9.899568451953092429e-01 4.674893211078802402e+00
-9.579456273647128928e-01 -2.849163725578300888e-01 -3.410037626354095464e-02 3.988439738487523556e+01 2.869197379028023409e-01 -9.493382807411061552e-01 -1.281947452952286737e-01 1.213180810930176818e+02 4.151989235836714767e-03 -1.325876667266194797e-01 9.911625858643859921e-01 4.679252716082249464e+00
-9.582069122180469911e-01 -2.838437736771822761e-01 -3.566827052511103990e-02 3.968972814072174060e+01 2.860760575311696030e-01 -9.507073006375821311e-01 -1.196499804505832543e-01 1.214216288306578804e+02 5.181678215529159082e-05 -1.248532765252820531e-01 9.921752146954299079e-01 4.714415450151599352e+00
-9.578217124181211961e-01 -2.859883844519312546e-01 -2.807509891331878837e-02 3.951145858625417873e+01 2.872977821005148757e-01 -9.509393308096318886e-01 -1.147796738079305129e-01 1.215022800798533069e+02 6.127937707204106008e-03 -1.180043773675544111e-01 9.929941668013727574e-01 4.707747677923976859e+00
-9.572350964737550427e-01 -2.883183403191301175e-01 -2.394795846211301288e-02 3.937251615337886079e+01 2.891142085667809947e-01 -9.502464036567248584e-01 -1.159514844332097117e-01 1.215552045140156281e+02 1.067447814577895775e-02 -1.179165254452625433e-01 9.929661366548367951e-01 4.712956735525216878e+00
-9.567640343684855608e-01 -2.895197939274126719e-01 -2.794407742561465929e-02 3.929060496592432372e+01 2.907177246460039832e-01 -9.487961670903271028e-01 -1.235679484791865068e-01 1.215028196603661854e+02 9.262133425428691058e-03 -1.263492075120900560e-01 9.919425843492537531e-01 4.704003113237497757e+00
-9.565041541686460924e-01 -2.902845639939025668e-01 -2.889074185606239908e-02 3.915574062045687498e+01 2.914935856422801175e-01 -9.471772960616018366e-01 -1.337410159780469676e-01 1.214538131695795329e+02 1.145829775884999423e-02 -1.363453033012262672e-01 9.905951068323355369e-01 4.649718516684238523e+00
-9.558265406046384527e-01 -2.931061960184146442e-01 -2.200868309062544922e-02 3.904663687407180106e+01 2.931833233122145832e-01 -9.453792956778050982e-01 -1.424834244231315550e-01 1.214724265529777654e+02 2.095622120932986651e-02 -1.426420175100992505e-01 9.895524703790467003e-01 4.621304471024167526e+00
-9.553675335565743332e-01 -2.951541230286656159e-01 -1.252675078410120726e-02 3.892271874785352281e+01 2.936792607088745122e-01 -9.442882370394967140e-01 -1.485672144799387029e-01 1.215258246573550451e+02 3.202136248688591813e-02 -1.456151401744287810e-01 9.888229686331446722e-01 4.622399278655031196e+00
-9.557946259587648541e-01 -2.939551859710788362e-01 -6.854314630479856063e-03 3.878869067557291572e+01 2.917691144388590008e-01 -9.452826108645731029e-01 -1.459848261177174034e-01 1.215985565087716935e+02 3.643373228080199616e-02 -1.415313895846594394e-01 9.892630837721207993e-01 4.660648806037251290e+00
-9.566063131714976908e-01 -2.913108647750660141e-01 -6.507047290303068221e-03 3.863737036821970605e+01 2.891588871225950208e-01 -9.463118816769673369e-01 -1.445024587853789011e-01 1.216592193474487118e+02 3.593744006544435932e-02 -1.401135348958157112e-01 9.894830457064646145e-01 4.689737039809193320e+00
-9.567832805911371530e-01 -2.907449887700204738e-01 -5.753736732063075704e-03 3.851955648052893366e+01 2.883416664463063772e-01 -9.459347135668605411e-01 -1.485483122090205943e-01 1.216954182491837315e+02 3.774701805743396754e-02 -1.437875835192395924e-01 9.888884130443987841e-01 4.676699636915053304e+00
-9.571354554705386875e-01 -2.896330767478739743e-01 -2.097792831746648351e-03 3.827571559093878051e+01 2.866209205050529452e-01 -9.460885203510975838e-01 -1.508806136940973319e-01 1.217369584461010419e+02 4.171531864963848313e-02 -1.450144562222383526e-01 9.885497659078816834e-01 4.628667338678748244e+00
-9.588525221336683391e-01 -2.839045563191098243e-01 2.090434246483849345e-04 3.805352172820677481e+01 2.807959960765881169e-01 -9.484618942645242079e-01 -1.468796912970201929e-01 1.217527365571568794e+02 4.189808331249387369e-02 -1.407772638937149490e-01 9.891543421455211149e-01 4.605318009165834781e+00
-9.601670321555380028e-01 -2.794261734868591085e-01 5.328528110179024668e-04 3.798073254914118024e+01 2.766048952386512272e-01 -9.507393942537478715e-01 -1.399440464758395231e-01 1.217645137631679688e+02 3.961063356778457556e-02 -1.342222700765742793e-01 9.901592699782444384e-01 4.637753186389070414e+00
-9.614704525946717872e-01 -2.749029395940186249e-01 1.715397902895616361e-03 3.791615675110463712e+01 2.721689284805308140e-01 -9.527499059587534180e-01 -1.348765771561067361e-01 1.218410108438232129e+02 3.871231273325884126e-02 -1.292129656735532262e-01 9.908609217971448002e-01 4.691699621262339193e+00
-9.614751439837001534e-01 -2.748860242883312544e-01 1.794756941292913188e-03 3.776562773072586765e+01 2.722646435591155600e-01 -9.531661940935980404e-01 -1.317048605965375763e-01 1.219368586734180866e+02 3.791452715188634026e-02 -1.261423009465127421e-01 9.912873491287822469e-01 4.711432371066101688e+00
-9.611589655157426471e-01 -2.759868914526023564e-01 2.163043004049319817e-03 3.756195757158926085e+01 2.733143778088237275e-01 -9.528828637946922253e-01 -1.315807689953282789e-01 1.219604138015052541e+02 3.837569402217319570e-02 -1.258788450564901629e-01 9.913030931433436388e-01 4.675360196699809734e+00
-9.610839521464276114e-01 -2.762375244911715044e-01 3.235272723086452668e-03 3.733965753321397330e+01 2.733056412813415492e-01 -9.524600765295239135e-01 -1.346247713504764854e-01 1.219638049694394084e+02 4.026988167847042610e-02 -1.285014890200219251e-01 9.908913683897135893e-01 4.651556588437579798e+00
-9.613549267157517342e-01 -2.752191449232214149e-01 7.150324963490287122e-03 3.714081681317796324e+01 2.716144506463896713e-01 -9.523658351271773181e-01 -1.386539082845303639e-01 1.219883797078834107e+02 4.496993528361632741e-02 -1.313534862508255741e-01 9.903150844909621719e-01 4.640961342332688311e+00
-9.625015792353313060e-01 -2.711163719823025398e-01 9.307137725812323487e-03 3.701412960934877106e+01 2.673000695611296162e-01 -9.536886468757928004e-01 -1.379443280198036359e-01 1.220376824204507784e+02 4.627507733228243547e-02 -1.302838350040928794e-01 9.903962538067869747e-01 4.626917877075026553e+00
-9.639891755315488364e-01 -2.657874707369226597e-01 9.049301479866350695e-03 3.687523257256915343e+01 2.623761439227200176e-01 -9.560678961474322612e-01 -1.307399596774695139e-01 1.221051182731736731e+02 4.340078983438155208e-02 -1.236575851110303381e-01 9.913753946342728218e-01 4.648831254213977360e+00
-9.649805199086542995e-01 -2.622265328352048619e-01 7.059863599998886935e-03 3.674717978288295228e+01 2.594818020990101171e-01 -9.581377337149203921e-01 -1.210011471478134454e-01 1.221988646595889492e+02 3.849403299569294223e-02 -1.149318437547396793e-01 9.926272617225776473e-01 4.690837873584301043e+00
-9.659109252530289069e-01 -2.587474117455660916e-01 8.115503176481349973e-03 3.656472111767776312e+01 2.562180759222810189e-01 -9.600084677471443229e-01 -1.128540625075764026e-01 1.223063052245824878e+02 3.699164834825867387e-02 -1.069276333262371148e-01 9.935784313197064677e-01 4.695208419472064243e+00
-9.668622311318448848e-01 -2.550421416013538001e-01 1.144255295578936425e-02 3.641243616765348889e+01 2.523808690870876226e-01 -9.616083024744910279e-01 -1.077653447587587909e-01 1.223143563162524430e+02 3.848795824147314970e-02 -1.013063602125888474e-01 9.941105061565740364e-01 4.688371733369449679e+00
-9.672433556960868817e-01 -2.534023708851502743e-01 1.508407410343180245e-02 3.631435653825007392e+01 2.504545387075388652e-01 -9.623035421149390700e-01 -1.060396948026335467e-01 1.223345616327803924e+02 4.138616801018173835e-02 -9.878831541648282200e-02 9.942474811809213220e-01 4.694628259588428776e+00
-9.682967531002701911e-01 -2.491456252631059354e-01 1.810677629317929138e-02 3.614017710970895791e+01 2.459633014578359866e-01 -9.635658617597437914e-01 -1.050851292389400476e-01 1.223497189032076164e+02 4.362857173271820349e-02 -9.729998696535900604e-02 9.942983758737132804e-01 4.688707756039773855e+00
-9.694664113123427907e-01 -2.445011290485354372e-01 1.881688686152846804e-02 3.596264494408720935e+01 2.411455826610846565e-01 -9.644681365211797974e-01 -1.079352657772680024e-01 1.223916057176981695e+02 4.453858215316400249e-02 -1.001020056210409070e-01 9.939798303639922894e-01 4.681407772927692612e+00
-9.705061494134052946e-01 -2.404773046622301347e-01 1.698469585109664212e-02 3.581973739752579178e+01 2.371548406303111978e-01 -9.650027193958341520e-01 -1.119255695730752148e-01 1.224006826141807807e+02 4.330583697813743249e-02 -1.045964507095462764e-01 9.935714302366933648e-01 4.677874770525352943e+00
-9.719241768109190271e-01 -2.348788541667234664e-01 1.397563579037225563e-02 3.567232438321267551e+01 2.316126862108001394e-01 -9.654936524928217079e-01 -1.190696039394113087e-01 1.223928607858972981e+02 4.146031978453042222e-02 -1.124896922451025377e-01 9.927875457629222744e-01 4.671146040074000361e+00
-9.732591933878675938e-01 -2.293692369903332084e-01 1.250182420569347086e-02 3.552991057491617966e+01 2.261432942451901129e-01 -9.662816584219544591e-01 -1.231217570750643003e-01 1.223876097275616246e+02 4.032062690399387112e-02 -1.170021782694242590e-01 9.923128223127416492e-01 4.649075386065881332e+00
-9.748344626810756530e-01 -2.225533652596876355e-01 1.295260517757117029e-02 3.534235567342702211e+01 2.194134019263186686e-01 -9.681154871122872319e-01 -1.208725058417260273e-01 1.224157441953500438e+02 3.944020061330483218e-02 -1.149887091193148719e-01 9.925835316741135061e-01 4.631069144907451474e+00
-9.764058470978580484e-01 -2.156657297280013263e-01 1.095056044241147011e-02 3.513609753907680755e+01 2.131177042276553857e-01 -9.705656474151496127e-01 -1.121747217618343923e-01 1.225268180061144818e+02 3.482048101114934568e-02 -1.071942959233375264e-01 9.936281583286838970e-01 4.661278448200841140e+00
-9.774198579629467254e-01 -2.111736423258381845e-01 7.490930952348638996e-03 3.490377060190758840e+01 2.092908528899087850e-01 -9.723727303921321230e-01 -1.033857441157398638e-01 1.226253559330797742e+02 2.911632113280205464e-02 -9.948349600104350321e-02 9.946131277371629276e-01 4.695516800262697465e+00
-9.777694696311256539e-01 -2.096537791293460740e-01 3.486711064980401245e-03 3.478034022172431605e+01 2.083437953868857440e-01 -9.732675808373301152e-01 -9.665960384172209152e-02 1.226688783336043258e+02 2.365855407785472098e-02 -9.378437496637986870e-02 9.953113903854967637e-01 4.711789027860744383e+00
-9.782609821656353954e-01 -2.073771946251641574e-01 -3.871972660258685833e-04 3.465433179872617586e+01 2.065039067597364275e-01 -9.739668185065686323e-01 -9.351349069069569975e-02 1.226900548796712798e+02 1.901544806971722235e-02 -9.156055699693801952e-02 9.956179373319458126e-01 4.704101245481710158e+00
-9.792934465234304220e-01 -2.024415753015032515e-01 -1.324456759445523726e-03 3.442435644267433048e+01 2.016629413720389952e-01 -9.749102875194770590e-01 -9.424430680878628785e-02 1.226850887829655079e+02 1.778773941341073306e-02 -9.255992587581776676e-02 9.955482190473868842e-01 4.666350559623358762e+00
-9.801368314893723621e-01 -1.983203380712580399e-01 -9.138190611344167158e-04 3.423972736811698070e+01 1.974778539954477607e-01 -9.755276007563613572e-01 -9.668711053646521225e-02 1.226822190624412627e+02 1.828356473249098321e-02 -9.494705719420663825e-02 9.953144064017324100e-01 4.658220507883877204e+00
-9.811756516339953382e-01 -1.931163218031224094e-01 -6.533711325876160464e-04 3.407343082525562750e+01 1.922395457971313448e-01 -9.763875618488633279e-01 -9.854585784569734608e-02 1.227146604078173340e+02 1.839287014896479749e-02 -9.681640005734880317e-02 9.951322962338318145e-01 4.675418828734010823e+00
-9.828307622638532415e-01 -1.845034083852834794e-01 -1.478188779051654855e-03 3.389242709550703125e+01 1.837667071918046846e-01 -9.781255354050901740e-01 -9.746914545838206156e-02 1.227766531289432379e+02 1.653753535853276502e-02 -9.606731641260221610e-02 9.952374493765526742e-01 4.673017404693361243e+00
-9.840456655903018213e-01 -1.778584826535884178e-01 -4.526387202170397382e-03 3.378258637724857039e+01 1.774608837624385427e-01 -9.793916528811719147e-01 -9.643456331078255339e-02 1.227819873266371928e+02 1.271859926230334281e-02 -9.569927071221721870e-02 9.953290344493898045e-01 4.678343315779772915e+00
-9.854024899626032674e-01 -1.700422137215774065e-01 -8.220603880948902306e-03 3.360178038808479073e+01 1.700381218648089332e-01 -9.807255055721535442e-01 -9.625237572617652282e-02 1.227853392796752843e+02 8.304811147188057366e-03 -9.624514674990146401e-02 9.953230138195838794e-01 4.673645114970788050e+00
-9.866050819085199208e-01 -1.628087697261040301e-01 -1.018414711969592955e-02 3.336045806904852640e+01 1.630491195941802252e-01 -9.822818091805300966e-01 -9.239822483461190838e-02 1.227770358281540126e+02 5.039538852503513619e-03 -9.282107440283812738e-02 9.956700513698586441e-01 4.640305880820159601e+00
-9.886197737371342775e-01 -1.500407155449149099e-01 -1.089617615072033252e-02 3.314727786549401145e+01 1.504208075388629162e-01 -9.849005229763483360e-01 -8.570029463351926113e-02 1.228528229876513223e+02 2.126883939936394761e-03 -8.636401750547260947e-02 9.962613777744374621e-01 4.625725522942784274e+00
-9.901417794515197102e-01 -1.395752454497504180e-01 -1.174765688213840614e-02 3.302013690343180485e+01 1.400667864436537235e-01 -9.870841287615763626e-01 -7.775743104262067273e-02 1.229232079481813713e+02 -7.429131351797037958e-04 -7.863633768584304962e-02 9.969030918175706413e-01 4.647461125525887304e+00
-9.916102464161251628e-01 -1.283680095761668416e-01 -1.519122509887737595e-02 3.287095056339821042e+01 1.291387920220363195e-01 -9.889531165272151814e-01 -7.276610272783413935e-02 1.230018945525840763e+02 -5.682569633614279261e-03 -7.411738951529255048e-02 9.972333332644860437e-01 4.692886031369683408e+00
-9.926704036786351271e-01 -1.189630258307942945e-01 -2.129009501336564733e-02 3.263192412861091896e+01 1.201999125891626830e-01 -9.901553283171689035e-01 -7.172452034470344628e-02 1.230022588920422351e+02 -1.254793505139449247e-02 -7.375787612385473202e-02 9.971972347713585760e-01 4.696435397125568123e+00
-9.936411226880930148e-01 -1.096894097350875480e-01 -2.540772904285729106e-02 3.236678694817759094e+01 1.112802430605761422e-01 -9.910863174476369775e-01 -7.324355857317416119e-02 1.229170411642522254e+02 -1.714720990500400583e-02 -7.560519003382626391e-02 9.969903853259682869e-01 4.638375595192401946e+00
-9.948236375669674558e-01 -9.844086530952597669e-02 -2.520567743862175275e-02 3.212853960152028776e+01 1.000711971870400230e-01 -9.921720311568982265e-01 -7.470218258892254160e-02 1.228449637550372415e+02 -1.765462068639919724e-02 -7.683785933449689687e-02 9.968872843713633136e-01 4.591632487649301098e+00
-9.962177862683263552e-01 -8.358098978512955302e-02 -2.375585126181820397e-02 3.192705174502242471e+01 8.516001620552744733e-02 -9.934745223970657957e-01 -7.586926247036065996e-02 1.228614016967600264e+02 -1.725960493493004441e-02 -7.760535738246582271e-02 9.968347478609631551e-01 4.602129896488001748e+00
-9.974589021475794848e-01 -6.747733874185420089e-02 -2.285929314006279744e-02 3.182473262879938147e+01 6.901288659912079015e-02 -9.948047647286928363e-01 -7.483783505919630596e-02 1.229301694027923020e+02 -1.769067578706799010e-02 -7.622525060245877171e-02 9.969336744040644405e-01 4.628267198476934574e+00
-9.983468027827133717e-01 -5.262979937829179167e-02 -2.310336752367802768e-02 3.167655012682943294e+01 5.417652244666247563e-02 -9.959028423872124947e-01 -7.240464723107783995e-02 1.229512981075886700e+02 -1.919806732771974986e-02 -7.353660817899684843e-02 9.971077180868720413e-01 4.637245941148174566e+00
-9.986760872012989676e-01 -4.515261710212258028e-02 -2.464374202780502537e-02 3.143851238262736913e+01 4.679131043393805478e-02 -9.964094691488605271e-01 -7.056020874658236464e-02 1.229735865896102922e+02 -2.136927982358639150e-02 -7.161990616662064491e-02 9.972030600236371223e-01 4.620049855631795488e+00
-9.987334468670177046e-01 -4.157787143103472416e-02 -2.833342048518278783e-02 3.119385719536047219e+01 4.329755444209593129e-02 -9.970701892206987882e-01 -6.305838204975987293e-02 1.229833332740779355e+02 -2.562857562291684377e-02 -6.420528307440194482e-02 9.976075670006099294e-01 4.592812354421919707e+00
-9.990049312131170645e-01 -3.383201849148276957e-02 -2.906100371060432730e-02 3.094048044109479179e+01 3.549687327762884176e-02 -9.976370814842348000e-01 -5.882368260429383933e-02 1.230082469648952355e+02 -2.700221100924422857e-02 -5.979672375984081134e-02 9.978452948369308517e-01 4.590771859220786233e+00
-9.993223752241280344e-01 -2.361065091179616326e-02 -2.823698886086702456e-02 3.071694669324468308e+01 2.528970433188187927e-02 -9.978378212402403413e-01 -6.066393786539690108e-02 1.230173085630714951e+02 -2.674362038343769746e-02 -6.133693557761130816e-02 9.977587679909080132e-01 4.597975572976407577e+00
-9.994870440573855319e-01 -1.782703066665706007e-02 -2.660537049243079377e-02 3.061097278686370515e+01 1.947399462576706805e-02 -9.978244135620459865e-01 -6.298573832919955595e-02 1.230137494137635059e+02 -2.542463952045404679e-02 -6.347154226240979413e-02 9.976597370988197211e-01 4.576687900884577331e+00
-9.995689206327700305e-01 -1.377086479795615846e-02 -2.592944634494974768e-02 3.047025223291397467e+01 1.541024526880612443e-02 -9.978229038173478394e-01 -6.412469850432903073e-02 1.230110765107183823e+02 -2.498994289298105478e-02 -6.449663479773398711e-02 9.976049753554626642e-01 4.561027046140523566e+00
-9.996006798582142139e-01 -1.107060712178626997e-02 -2.599850928326243732e-02 3.027398457295450029e+01 1.274194732332175999e-02 -9.978022060628943812e-01 -6.502615131185361663e-02 1.229898369694640223e+02 -2.522149094337052672e-02 -6.533145669566418900e-02 9.975448246372771166e-01 4.558896770220705719e+00
-9.996596128295081041e-01 -4.138244782533847740e-03 -2.575914221551341837e-02 2.992112660171790139e+01 5.754155608291436699e-03 -9.979983858168881561e-01 -6.297707201928605392e-02 1.230033307499583088e+02 -2.544696781140697028e-02 -6.310385754457968621e-02 9.976824920746071301e-01 4.525222179850388216e+00
-9.996636395165046096e-01 6.974776578699603234e-03 -2.497919775119239461e-02 2.965575939641670900e+01 -5.490469020845147215e-03 -9.982425899390410251e-01 -5.900496912741001049e-02 1.229814914662548659e+02 -2.534684553444652155e-02 -5.884797467604719473e-02 9.979451153735761082e-01 4.526205917758985287e+00
-9.995966667588636057e-01 1.658832363965002596e-02 -2.305062522787426973e-02 2.947416327078968123e+01 -1.531292510024631973e-02 -9.983992758240787246e-01 -5.444630711838668174e-02 1.229585051500474719e+02 -2.391690049826548578e-02 -5.407137461524042649e-02 9.982506039656446895e-01 4.521874332179288025e+00
-9.995678504789808905e-01 1.829451016359718782e-02 -2.300919787181429296e-02 2.938607814355054870e+01 -1.712174922811452241e-02 -9.985937832092801614e-01 -5.017272006925147659e-02 1.229572694867568856e+02 -2.389472728866818066e-02 -4.975708023640403738e-02 9.984754753994452559e-01 4.524773730476950639e+00
-9.996058925707849152e-01 1.524117510618530971e-02 -2.357469234468991676e-02 2.922706641390576721e+01 -1.415005043310306118e-02 -9.988514284717406877e-01 -4.577772288683148311e-02 1.229719098398790607e+02 -2.424532141475595898e-02 -4.542609846052698269e-02 9.986734370995103971e-01 4.505368846524420157e+00
-9.996712541758090431e-01 1.338818211902226100e-02 -2.186641612411751104e-02 2.892002433440847753e+01 -1.249825638781300492e-02 -9.991078430605884186e-01 -4.033994945563691009e-02 1.229673725958428889e+02 -2.238698643921653228e-02 -4.005339579070345962e-02 9.989467194619559010e-01 4.479341161284851935e+00
-9.997236268544338333e-01 1.382759542407466929e-02 -1.901229901417718013e-02 2.863682887106770281e+01 -1.313035323536626900e-02 -9.992538947930222903e-01 -3.632144772568712127e-02 1.230256202191731063e+02 -1.950035212325356912e-02 -3.606177125105510667e-02 9.991592890632132740e-01 4.501611239177307766e+00
-9.997292498762480051e-01 1.649495104238287921e-02 -1.641168888274534624e-02 2.848580003391747795e+01 -1.591673210811426695e-02 -9.992689344936536155e-01 -3.475995102005784848e-02 1.230058070303582980e+02 -1.697305455341376404e-02 -3.448931930362917481e-02 9.992609280228558211e-01 4.513641939408611137e+00
-9.996099257101982438e-01 2.222252679107265469e-02 -1.691613799519630160e-02 2.827238348607513529e+01 -2.159731845322262686e-02 -9.991080588413456809e-01 -3.628557005076092634e-02 1.229122777181827360e+02 -1.770740684805528417e-02 -3.590607276351240329e-02 9.991982794627994879e-01 4.469861957871326119e+00
-9.994564545000397260e-01 2.656453145603546520e-02 -1.952232636576173991e-02 2.804821961146301845e+01 -2.581493864715359368e-02 -9.989558085217944416e-01 -3.769458267724502820e-02 1.228537397214359999e+02 -2.050328024618766620e-02 -3.717012629907608112e-02 9.990985923371411559e-01 4.415851228033425890e+00
-9.993008857768912456e-01 3.084833337208916365e-02 -2.112155329717066779e-02 2.783613987784637089e+01 -3.003595885571131580e-02 -9.988355112936455615e-01 -3.775529836168608350e-02 1.228919207867395897e+02 -2.226164551731943039e-02 -3.709449698980118310e-02 9.990637704530851426e-01 4.425833698476806966e+00
-9.992463264342403839e-01 3.379457985296246969e-02 -1.909726368458308787e-02 2.766528108281596232e+01 -3.309816844026318428e-02 -9.988151623077605734e-01 -3.567608148357961917e-02 1.229571192871373313e+02 -2.028029471128857397e-02 -3.501710891385508007e-02 9.991809204191893778e-01 4.451582263649883409e+00
-9.992104275837283556e-01 3.719438157262728445e-02 -1.396779822924295276e-02 2.744132553868935886e+01 -3.673793361944346220e-02 -9.988244051618593300e-01 -3.162486184051052640e-02 1.230074314996300444e+02 -1.512764493622203131e-02 -3.108674367777714345e-02 9.994022056840757839e-01 4.458929315420439465e+00
-9.991676117419534542e-01 3.971144240517599650e-02 -9.331933775019922092e-03 2.724588875817524425e+01 -3.942062963605789255e-02 -9.987866688586601871e-01 -2.951616623679300527e-02 1.229725872071118573e+02 -1.049274058469577310e-02 -2.912372662146166941e-02 9.995207406265768091e-01 4.435725614508045922e+00
-9.990564090054596669e-01 4.234916835341727415e-02 -9.635328997495517037e-03 2.698952836358330387e+01 -4.204467089864502571e-02 -9.986691236611309197e-01 -2.987017065458580367e-02 1.229705560587547382e+02 -1.088748245191188506e-02 -2.943687119385087619e-02 9.995073453157690135e-01 4.422318532176826800e+00
-9.987644255637446733e-01 4.848671710699111598e-02 -1.089313969936329257e-02 2.671674788474050644e+01 -4.811468029641433747e-02 -9.983242187728906814e-01 -3.215169904486263330e-02 1.229084302067808920e+02 -1.243381551644819061e-02 -3.158785329338158199e-02 9.994236377813058292e-01 4.408473661839209079e+00
-9.987253752243301363e-01 4.960110188770656264e-02 -9.346420413544463679e-03 2.655281849133060845e+01 -4.923921444629158345e-02 -9.981514913818798629e-01 -3.562443000023285400e-02 1.228294233492956522e+02 -1.109615445699447048e-02 -3.511881182008771973e-02 9.993215420537134852e-01 4.394457890960699942e+00
-9.989187489772222150e-01 4.612534833484003421e-02 -5.812502281376964904e-03 2.642086742234520358e+01 -4.586254007097214508e-02 -9.981756431094486182e-01 -3.926847235731299735e-02 1.228059166174439412e+02 -7.613170168846688200e-03 -3.895943716262145751e-02 9.992117903107188281e-01 4.378641425681089494e+00
-9.989958519302470918e-01 4.477397974484623872e-02 -1.605790761351046179e-03 2.614034135491571575e+01 -4.467084414590973690e-02 -9.981627694302994680e-01 -4.093411055010042626e-02 1.228482421165502387e+02 -3.435623590119240862e-03 -4.082127461317320433e-02 9.991605576830496771e-01 4.367601078775146028e+00
-9.990841676343253930e-01 4.275644972766456248e-02 1.646811802387773607e-03 2.585315304884283805e+01 -4.278808639823671739e-02 -9.984099668160413277e-01 -3.669765421342607858e-02 1.228372832041674201e+02 7.513190947467242135e-05 -3.673450923963529624e-02 9.993250573192484776e-01 4.352031750830826162e+00
-9.991502349426879537e-01 4.121521119944682870e-02 3.382007633395719254e-04 2.558013592643038336e+01 -4.120556294291372740e-02 -9.986592135867051745e-01 -3.133491185469275409e-02 1.228870775264279445e+02 -9.537277016560918690e-04 -3.132222029436582122e-02 9.995088838621206673e-01 4.368711216551328214e+00
-9.992498734819041939e-01 3.777696017090735603e-02 -8.520071985906641637e-03 2.527893426270645350e+01 -3.754275065451216642e-02 -9.989527787779206580e-01 -2.615124557578033318e-02 1.228866043810544113e+02 -9.499064148245223160e-03 -2.581176189486730430e-02 9.996216888044147098e-01 4.365058941742046450e+00
-9.992276177414478600e-01 3.413875995929760432e-02 -1.946055012565331421e-02 2.503606743109888910e+01 -3.368893363741323754e-02 -9.991678632869298582e-01 -2.299210136124532275e-02 1.228103882457585456e+02 -2.022927811676860504e-02 -2.231873748833636609e-02 9.995462221747432041e-01 4.356402628894395335e+00
-9.992622190614779409e-01 3.189952422182810998e-02 -2.138779817447319931e-02 2.480776781189568680e+01 -3.142300286290167222e-02 -9.992583175681200025e-01 -2.225780002624659984e-02 1.228215819576116843e+02 -2.208194845137245732e-02 -2.156930980238616277e-02 9.995234626697062641e-01 4.326610937550886327e+00
-9.994539014471603977e-01 2.848304036316654311e-02 -1.675157585782703282e-02 2.457782788795982043e+01 -2.810050235296465346e-02 -9.993485843266307622e-01 -2.264439824483107863e-02 1.228563411907897631e+02 -1.738564492796674729e-02 -2.216130447491091240e-02 9.996032292536919384e-01 4.304115736006206561e+00
-9.995528858420617002e-01 2.684693735283517207e-02 -1.316321995485831252e-02 2.433342805009118948e+01 -2.654252642454621447e-02 -9.993881080404900530e-01 -2.277946000792092918e-02 1.228820808661022852e+02 -1.376672422217073942e-02 -2.241988987535725036e-02 9.996538530122152100e-01 4.310102786471434300e+00
-9.995425307216065924e-01 2.672985310865417033e-02 -1.415076787445565878e-02 2.411155311197620321e+01 -2.639062011150107231e-02 -9.993721468223755178e-01 -2.363995189858408494e-02 1.228396369842939890e+02 -1.477377571162465444e-02 -2.325568980758698293e-02 9.996203821665482492e-01 4.304061629783412002e+00
-9.995118107612706027e-01 2.458473518603524269e-02 -1.928032532293590812e-02 2.382997275203603493e+01 -2.411766647866583554e-02 -9.994187246839185690e-01 -2.409462418867396385e-02 1.228269107771906619e+02 -1.986147810082525278e-02 -2.361786499669508640e-02 9.995237456612265925e-01 4.280275671629508949e+00
-9.995162974610540818e-01 1.923103452987962383e-02 -2.444050778229332754e-02 2.355783890449316331e+01 -1.860662211408504671e-02 -9.995010377469146778e-01 -2.552389383194885938e-02 1.227725069541660474e+02 -2.491916377508290870e-02 -2.505679256711707339e-02 9.993754011496376322e-01 4.269448702313043853e+00
-9.995579117522690460e-01 1.450956488734636736e-02 -2.595098418602610757e-02 2.332650547819663700e+01 -1.380090315866148477e-02 -9.995325199970992447e-01 -2.728143215181040582e-02 1.227698156064917185e+02 -2.633469432988997522e-02 -2.691122433165151623e-02 9.992908835166679493e-01 4.256352881928784804e+00
-9.996279783224146787e-01 1.425382956045634884e-02 -2.325367278312178224e-02 2.320276264414148315e+01 -1.360670492632208399e-02 -9.995221802214362405e-01 -2.775371734445042024e-02 1.228020422057532954e+02 -2.363815847503862241e-02 -2.742698649595151292e-02 9.993442839560647828e-01 4.268317053945779982e+00
-9.996295198182210129e-01 1.688484545493341635e-02 -2.134771889349764903e-02 2.301697798719770205e+01 -1.628585969064064512e-02 -9.994772699643283964e-01 -2.792772097378580162e-02 1.228505309361196112e+02 -2.180811505218982135e-02 -2.756970835202801964e-02 9.993819676676454211e-01 4.271059149547758338e+00
-9.995836764977936717e-01 1.760656515100576108e-02 -2.285787703918221170e-02 2.278488853495696276e+01 -1.693779239684271853e-02 -9.994321459425519194e-01 -2.912896917825237228e-02 1.228288480923802695e+02 -2.335775819457939356e-02 -2.872968012786618688e-02 9.993142751966840320e-01 4.253414774021935685e+00
-9.995205051045852329e-01 1.391672260210962547e-02 -2.766016463241068035e-02 2.250150680217406318e+01 -1.308668762240371500e-02 -9.994652420501826118e-01 -2.996612321680244481e-02 1.227806160336935335e+02 -2.806240336374909994e-02 -2.958977467955598364e-02 9.991681273698953536e-01 4.236925068114958393e+00
-9.994902312297306857e-01 6.333374916851495021e-03 -3.129162888860007735e-02 2.225317938067838242e+01 -5.354571615355059253e-03 -9.994967745596639030e-01 -3.126541552009751840e-02 1.227457126281157258e+02 -3.147389774329369810e-02 -3.108192411983075679e-02 9.990211748275678039e-01 4.214179073648369744e+00
-9.995083706874738905e-01 3.485527659639257696e-03 -3.115875515172232199e-02 2.209878878155731030e+01 -2.450191043953293263e-03 -9.994455774591763930e-01 -3.320443134796108309e-02 1.227037371481769981e+02 -3.125721499940811721e-02 -3.311176217339117933e-02 9.989627609256781504e-01 4.200870551878760573e+00
-9.995905384695706886e-01 2.727350377717393734e-03 -2.848362620929599173e-02 2.195207207242580338e+01 -1.746009947804748720e-03 -9.994058964704526371e-01 -3.442100447913918476e-02 1.227578810979450878e+02 -2.856058212599833432e-02 -3.435717770725526393e-02 9.990014401834544921e-01 4.199232721326595197e+00
-9.996972085722062307e-01 1.287995239248872778e-03 -2.457299821353671476e-02 2.175199609559440361e+01 -3.172335659954495543e-04 -9.992207733370392919e-01 -3.946828466749144337e-02 1.227657248230273126e+02 -2.460468524089288317e-02 -3.944853862937391931e-02 9.989186264477218913e-01 4.210055848507625598e+00
-9.997612947683525153e-01 -1.131333829928033406e-03 -2.181911013019931928e-02 2.149607440276866654e+01 2.038569588453534222e-03 -9.991321588127601849e-01 -4.160256554814394797e-02 1.227251747551309933e+02 -2.175310821794298327e-02 -4.163711457245616171e-02 9.988959670420832770e-01 4.162301857091917690e+00
-9.996990771318421398e-01 -5.125033044385392256e-03 -2.398935634897288519e-02 2.132037576658376565e+01 6.120281039927861350e-03 -9.991156321886085490e-01 -4.159922687202483732e-02 1.227220216882719654e+02 -2.375494352206183532e-02 -4.173353031618403514e-02 9.988463420895187239e-01 4.150616065449006520e+00
-9.996218781170127521e-01 -7.082002081361882945e-03 -2.656964501712218499e-02 2.116833618961157981e+01 8.211897298171205728e-03 -9.990558742176596230e-01 -4.266057821868530359e-02 1.227619576178350371e+02 -2.624243762649705256e-02 -4.286263451664939356e-02 9.987362660030482120e-01 4.191256909492389937e+00
-9.996336749427603419e-01 -7.302224621221209411e-03 -2.606133987371853783e-02 2.099871654980758606e+01 8.411868783263144744e-03 -9.990514269801442637e-01 -4.272571488589981675e-02 1.228120658035084034e+02 -2.572462602265393472e-02 -4.292928795728236796e-02 9.987468747643094558e-01 4.185806272174836806e+00
-9.996618096303937495e-01 -1.104888101231294231e-02 -2.354121056495703940e-02 2.077429732663685868e+01 1.207935379701940981e-02 -9.989545208106929142e-01 -4.409030010928174925e-02 1.228109374543995074e+02 -2.302945023951564335e-02 -4.435975180561595177e-02 9.987501473548876518e-01 4.166985416200573944e+00
-9.996219584561090166e-01 -1.584452471157544312e-02 -2.246978435673916558e-02 2.053431504532726137e+01 1.686622469935406682e-02 -9.987974708471705210e-01 -4.603414703985943962e-02 1.227513600954084865e+02 -2.171337460564303629e-02 -4.639572465174755106e-02 9.986871212232959483e-01 4.143550977909540300e+00
-9.995233167200552327e-01 -2.060456603545759643e-02 -2.299111113952806776e-02 2.028024155099186743e+01 2.175823679415638326e-02 -9.984558949174358045e-01 -5.111169177626095905e-02 1.227044380469686615e+02 -2.190247621957580257e-02 -5.158757372771616279e-02 9.984282667134071199e-01 4.110539314798780985e+00
-9.994673985851783016e-01 -2.257141782122325246e-02 -2.356799233954354894e-02 2.006108577999318143e+01 2.380402954503756802e-02 -9.982894109093387591e-01 -5.340056407665497856e-02 1.227327272884403442e+02 -2.232235074529554525e-02 -5.393313604664317501e-02 9.982950112533760523e-01 4.088121931499950179e+00
-9.994449324204424112e-01 -2.300076591226620989e-02 -2.409962295446936922e-02 1.993373030148044833e+01 2.427955270031643617e-02 -9.982355635576869446e-01 -5.418729527611330921e-02 1.227483088715927266e+02 -2.281075140741775989e-02 -5.474234573086238231e-02 9.982399236677080845e-01 4.113015493450577154e+00
-9.994424850556196116e-01 -2.333636404447291327e-02 -2.387746173763414387e-02 1.974807039638902850e+01 2.470181977630695261e-02 -9.979766630367439273e-01 -5.858668904951806061e-02 1.227715029475009629e+02 -2.246194928289176052e-02 -5.914384285138987035e-02 9.979967267918181673e-01 4.134653126453054384e+00
-9.992997233182998595e-01 -2.864936715975403142e-02 -2.406816854927337074e-02 1.945432065040904845e+01 3.015928799239791375e-02 -9.974352241301143174e-01 -6.491063866810595218e-02 1.227908249606236666e+02 -2.214679037156914304e-02 -6.559106208817946926e-02 9.976007880161193997e-01 4.118449383371151740e+00
-9.991260230437890577e-01 -3.391310089859757293e-02 -2.443545915556889075e-02 1.921428813057642060e+01 3.554125355298963507e-02 -9.969413349712124006e-01 -6.960455388621455963e-02 1.227473637218350717e+02 -2.200021301224231590e-02 -7.041218795960246801e-02 9.972753453355585052e-01 4.078058644352298145e+00
-9.990027835636665632e-01 -3.832907211825511973e-02 -2.289804931866956314e-02 1.896710891650496933e+01 3.983610970507084348e-02 -9.967894307790221564e-01 -6.945440987294369817e-02 1.226373148162277289e+02 -2.016241046135569884e-02 -7.029731799853318475e-02 9.973222970968818046e-01 4.023107939832081925e+00
-9.989065537517813897e-01 -4.100965248609982072e-02 -2.244783452161311713e-02 1.873625652878404324e+01 4.249404134192277804e-02 -9.966260011920244910e-01 -7.022015521505606261e-02 1.227289201558047012e+02 -1.949239139180611660e-02 -7.109727245798486139e-02 9.972789100983052712e-01 4.024273980763830139e+00
-9.988350359442301762e-01 -4.170081083167704455e-02 -2.428195515747233468e-02 1.849622360704591628e+01 4.331735790563682326e-02 -9.965800525484702632e-01 -7.036906540919493636e-02 1.228023586481172345e+02 -2.126446506178262391e-02 -7.133891811955994644e-02 9.972254415563047703e-01 4.041684799275472528e+00
-9.985555104649801450e-01 -4.604250161418389775e-02 -2.769441396981579817e-02 1.829499277185664852e+01 4.786881215875346540e-02 -9.964423466518270711e-01 -6.936300614528378983e-02 1.228413453854698361e+02 -2.440224052282151390e-02 -7.058851070895724722e-02 9.972069959709256581e-01 4.057456563488047507e+00
-9.981375508373893091e-01 -5.385716719692550808e-02 -2.865022076459468325e-02 1.806315424269417136e+01 5.571448155885606185e-02 -9.960904327009860726e-01 -6.855469660198253157e-02 1.228486647950945070e+02 -2.484604904135642722e-02 -7.002324916114931186e-02 9.972358890573232992e-01 4.036719896467078961e+00
-9.979163020528534211e-01 -5.835055867319109690e-02 -2.753663740701673204e-02 1.789586019725355115e+01 6.009858042911832288e-02 -9.958993343576525437e-01 -6.762156798233817656e-02 1.228359930147795609e+02 -2.347796259396938909e-02 -6.913557787790358677e-02 9.973309667025909153e-01 4.032439879321876752e+00
-9.977808405428658656e-01 -6.200075008555259309e-02 -2.427552747936710664e-02 1.764665882140193531e+01 6.355800865890445794e-02 -9.955388940341547421e-01 -6.973299076167034649e-02 1.228033829551490044e+02 -1.984373404597238738e-02 -7.112114632148040794e-02 9.972702786933095309e-01 4.030161221753625789e+00
-9.976775929688033173e-01 -6.528716519557800635e-02 -1.941665647581917661e-02 1.737409701661214356e+01 6.655626168440198498e-02 -9.950253119281706748e-01 -7.412754314587693960e-02 1.228012153197368264e+02 -1.448048751154691095e-02 -7.524768888791039112e-02 9.970597277989198259e-01 3.990002568514802839e+00
-9.974864030546686244e-01 -6.822032266912533838e-02 -1.915367578246135807e-02 1.713145196123643998e+01 6.951862524538790500e-02 -9.945096871809731010e-01 -7.821536196422260168e-02 1.228110968698953513e+02 -1.371263887989972521e-02 -7.935029727810394284e-02 9.967524737149269232e-01 3.951684455452114442e+00
-9.970948946394904144e-01 -7.187077979443576292e-02 -2.522621841664992107e-02 1.695056461259558489e+01 7.369196633500213478e-02 -9.940029685511873048e-01 -8.079351836075387983e-02 1.227921927248920611e+02 -1.926824282454719581e-02 -8.241777431578875546e-02 9.964115842839674775e-01 3.943330241617092113e+00
-9.965438955049954473e-01 -7.613194204573661694e-02 -3.322938055506680782e-02 1.678132368807869312e+01 7.865416651149448324e-02 -9.934664444292677921e-01 -8.269187314029698144e-02 1.227984457779553793e+02 -2.671678165705877045e-02 -8.501971061708850363e-02 9.960210150315481625e-01 3.931634145392918001e+00
-9.962604894626125862e-01 -7.867954977717930842e-02 -3.570105856380190179e-02 1.646936018419917147e+01 8.138193159877260552e-02 -9.933114200317141318e-01 -8.191095191628734729e-02 1.228141799925257942e+02 -2.901755236005178207e-02 -8.451006615451205073e-02 9.960000152477868074e-01 3.918270523435433361e+00
-9.958713484181234143e-01 -8.406956377480356846e-02 -3.424274881756434602e-02 1.620977710098547320e+01 8.654565602121533363e-02 -9.931314956211338973e-01 -7.873805832751505640e-02 1.228813883870908654e+02 -2.738807813129726099e-02 -8.137653747883306921e-02 9.963070572490340115e-01 3.943752047971421426e+00
-9.954392516586150208e-01 -8.946518372002110198e-02 -3.311611630731255140e-02 1.601589370244941080e+01 9.171190938310572194e-02 -9.930287074670198777e-01 -7.404668678398107495e-02 1.229330836768703108e+02 -2.626065373599035385e-02 -7.674612073794262468e-02 9.967047762587654125e-01 3.939514686372703522e+00
-9.948855601517572200e-01 -9.509937386269216864e-02 -3.404161119055558460e-02 1.581592023281821469e+01 9.734494243442166905e-02 -9.926526288454471381e-01 -7.186599076519314955e-02 1.229573412986235326e+02 -2.695708411464769333e-02 -7.481221516000977068e-02 9.968332097592296215e-01 3.929325431650686262e+00
-9.942482276617758963e-01 -1.006632519569245210e-01 -3.657009019505119696e-02 1.562518829757622285e+01 1.031257851777051815e-01 -9.919695309987874854e-01 -7.322241461142442454e-02 1.229780982920766945e+02 -2.890560884844408165e-02 -7.657257521790861166e-02 9.966449249866266014e-01 3.914458296607870036e+00
-9.934882148952313141e-01 -1.076405390150892288e-01 -3.734543111049096198e-02 1.543880688470630425e+01 1.101864735845561466e-01 -9.911082148551080273e-01 -7.458852113912346760e-02 1.229985271123153154e+02 -2.898461494115947557e-02 -7.821777807674294702e-02 9.965148625532135318e-01 3.888668814132627549e+00
-9.928303348448264121e-01 -1.134777558197964803e-01 -3.755962121763962991e-02 1.525294337904052000e+01 1.159925769151729930e-01 -9.905330976746802296e-01 -7.341596905020106312e-02 1.230472552551031384e+02 -2.887296854304377547e-02 -7.724623838806035647e-02 9.965938843593248331e-01 3.889658806160970261e+00
-9.925012368314969358e-01 -1.160493474781941203e-01 -3.839067383930074712e-02 1.505859635072483371e+01 1.185316553022658925e-01 -9.904541294926147987e-01 -7.036237675301038053e-02 1.230807451890067625e+02 -2.985869352893779499e-02 -7.438525607210824675e-02 9.967824697996207073e-01 3.894657869353514990e+00
-9.923812206522106827e-01 -1.165236435646865160e-01 -4.002191133914891757e-02 1.479281453988212114e+01 1.191453264384342431e-01 -9.903381859208602034e-01 -7.095539933549080414e-02 1.231640116626913652e+02 -3.136724541153951967e-02 -7.518322949561237478e-02 9.966762653529491756e-01 3.903391472127576645e+00
-9.919239070108918366e-01 -1.204044731775189836e-01 -3.987136239322289222e-02 1.457752677312572942e+01 1.229365978782961111e-01 -9.900335881350532663e-01 -6.870289125314953116e-02 1.232195803273699397e+02 -3.120185254688763454e-02 -7.304968996016396321e-02 9.968401011167067338e-01 3.849524990251662615e+00
-9.911244196781761051e-01 -1.262562128265272698e-01 -4.161434176220316777e-02 1.433969165463633466e+01 1.287896756506300977e-01 -9.895272254466445094e-01 -6.518504081207122935e-02 1.231999923292088255e+02 -3.294850775686659211e-02 -6.996598332453092539e-02 9.970050937753663911e-01 3.848913438546212262e+00
-9.899216438367692827e-01 -1.342582680690522223e-01 -4.505392900299916292e-02 1.405978673575615367e+01 1.367862036205166332e-01 -9.888593198892239311e-01 -5.870928348488115012e-02 1.232368876110370053e+02 -3.666979087198797560e-02 -6.428034632234097545e-02 9.972579222618813688e-01 3.854688518934835439e+00
-9.882294536054765377e-01 -1.442336577721372026e-01 -5.098234000408032734e-02 1.369987520382084689e+01 1.468942882428503349e-01 -9.877323850639772029e-01 -5.297927498044787548e-02 1.233396220345503309e+02 -4.271551367182700037e-02 -5.984469451419666824e-02 9.972933356993088916e-01 3.837484375784884438e+00
-9.868858539594520529e-01 -1.519661639943589437e-01 -5.442973686839715913e-02 1.340922706778803963e+01 1.549046394949184779e-01 -9.864207447367532300e-01 -5.457716570085777152e-02 1.234178671707346666e+02 -4.539673906430597566e-02 -6.229285154677986769e-02 9.970249428818208637e-01 3.820495822855697554e+00
-9.868514757591149156e-01 -1.540283738475193009e-01 -4.898392432161462196e-02 1.320028047024515416e+01 1.569572028819444520e-01 -9.855971726187002790e-01 -6.294958132902930825e-02 1.233752893751516666e+02 -3.858239566865920289e-02 -6.981026698067249736e-02 9.968138870263366647e-01 3.807904672576944094e+00
-9.871974326549943779e-01 -1.540917429862850851e-01 -4.119421928907702340e-02 1.303808171163862539e+01 1.566176465505647042e-01 -9.853553227792233304e-01 -6.742255304877788069e-02 1.233579164543700273e+02 -3.020168452835513689e-02 -7.301111294934180262e-02 9.968737310399689022e-01 3.745654291516863577e+00
-9.874166638434829224e-01 -1.529884347833906921e-01 -4.003586875209573515e-02 1.286263619784877044e+01 1.554354995159068498e-01 -9.855339714307700394e-01 -6.754699583353206138e-02 1.233902103340987679e+02 -2.912279956404167924e-02 -7.292002453663114225e-02 9.969124999553018451e-01 3.714805017367396989e+00
-9.872477489031556974e-01 -1.533978084122505636e-01 -4.255578292041781174e-02 1.263378031479480157e+01 1.560055166646782954e-01 -9.854935050466122615e-01 -6.681938551894364697e-02 1.235028513957964265e+02 -3.168850037218608195e-02 -7.260622483823891971e-02 9.968571487725315095e-01 3.718280005752378159e+00
-9.865406306783748303e-01 -1.569877474852298394e-01 -4.574309959139734316e-02 1.239203745878909402e+01 1.596848755255634023e-01 -9.851620825412301663e-01 -6.290001312727855343e-02 1.235913674080341735e+02 -3.518983587770904697e-02 -6.935789978466916361e-02 9.969709911468636054e-01 3.749035448817379379e+00
-9.858208256781852974e-01 -1.607029536955203453e-01 -4.828933974198575813e-02 1.212913120993097493e+01 1.633313688118277485e-01 -9.849485500813697225e-01 -5.656162705105706456e-02 1.235867733235323129e+02 -3.847289463032620843e-02 -6.364679384025256903e-02 9.972306262909398367e-01 3.762767304628024334e+00
-9.851057509728400330e-01 -1.646484838027065800e-01 -4.957354316272053613e-02 1.190119340971203954e+01 1.672897709138200240e-01 -9.843777948907439512e-01 -5.490436661721558725e-02 1.235720519215253574e+02 -3.975917438576748869e-02 -6.237975398721819914e-02 9.972602340134977261e-01 3.764839306949196107e+00
-9.847186897123880733e-01 -1.672040805912365369e-01 -4.870213100837707254e-02 1.166260908116680994e+01 1.701714352642483274e-01 -9.832703495351802214e-01 -6.497001112105812992e-02 1.236050284037452798e+02 -3.702411040421611788e-02 -7.226489575585059999e-02 9.966980486035740272e-01 3.751505884722453832e+00
-9.846256051799504583e-01 -1.689343995449689717e-01 -4.442506358349608553e-02 1.138412949770776450e+01 1.719826245207265458e-01 -9.820616936761241700e-01 -7.730980970708575817e-02 1.236643401794473647e+02 -3.056786690267531900e-02 -8.376155719877589889e-02 9.960168708654770775e-01 3.684583171391831335e+00
-9.845032886299784902e-01 -1.704112251436895320e-01 -4.139189560512007704e-02 1.110404337620800952e+01 1.734741713779826833e-01 -9.809426689117775044e-01 -8.751109742748230946e-02 1.237305917810822962e+02 -2.569020321991810629e-02 -9.333538800083690523e-02 9.953032295764203674e-01 3.619823522513906155e+00
-9.843825202127500784e-01 -1.705353513834346468e-01 -4.368921867146922239e-02 1.088143154670761703e+01 1.738523240239683021e-01 -9.807491037110287468e-01 -8.891886752247139813e-02 1.237350580900998978e+02 -2.768435173631685758e-02 -9.512565110706029670e-02 9.950802415737123319e-01 3.594364038309704412e+00
-9.841785429551426212e-01 -1.709072505254305985e-01 -4.672587403709590331e-02 1.065635029375977716e+01 1.742026840574192326e-01 -9.815268932131875346e-01 -7.910994100907443871e-02 1.237772929051012483e+02 -3.234223946921156029e-02 -8.599807914776914919e-02 9.957702094002461868e-01 3.588390087123206840e+00
-9.834744845974450200e-01 -1.742059285732859009e-01 -4.929738933970332498e-02 1.041607292082683678e+01 1.772841690341868393e-01 -9.818712521397523485e-01 -6.707583492863719576e-02 1.238680471457517740e+02 -3.671868128962366834e-02 -7.470701889002881457e-02 9.965292769271336670e-01 3.644009026317604150e+00
-9.826705641256090473e-01 -1.786940780490007818e-01 -4.926447879836589466e-02 1.014261626459292209e+01 1.813987640800250878e-01 -9.817366846863140317e-01 -5.733733802125964840e-02 1.239695201550294286e+02 -3.811890333281402893e-02 -6.528022986588213894e-02 9.971386266700138501e-01 3.646407471452811855e+00
-9.815640268461252038e-01 -1.849118868163133755e-01 -4.836998362259684742e-02 9.862482076206678272e+00 1.873628647979663220e-01 -9.808984574971426618e-01 -5.228166958337637782e-02 1.240438609254445055e+02 -3.777854015599810961e-02 -6.038054482825795655e-02 9.974602607171497715e-01 3.623673257513766899e+00
-9.806285419161360206e-01 -1.897761638258433359e-01 -4.850433406387754526e-02 9.711213617607672433e+00 1.923363688021917928e-01 -9.797826240240505857e-01 -5.507023603121507377e-02 1.241076983486162106e+02 -3.707268557065734188e-02 -6.333259274728254840e-02 9.973036642269424989e-01 3.626858965950524816e+00
-9.802402101811547031e-01 -1.921384780323563690e-01 -4.703121945491010869e-02 9.464097359071793392e+00 1.948633373458969198e-01 -9.788349476050115516e-01 -6.253339192394630208e-02 1.241233550749470567e+02 -3.402073048047883630e-02 -7.046240562530067808e-02 9.969341198349418454e-01 3.582529679509155240e+00
-9.797337958070249098e-01 -1.944142433506773071e-01 -4.821609001093338231e-02 9.203924209186762795e+00 1.974762376859736102e-01 -9.778057927530636739e-01 -6.999262252513396843e-02 1.241524408896822393e+02 -3.353840936824029062e-02 -7.809566979632515116e-02 9.963815742255131003e-01 3.551919420408041095e+00
-9.785424329489629258e-01 -1.992764017562606293e-01 -5.237960119552083349e-02 8.867178785981222333e+00 2.028885090303643446e-01 -9.762248249537337497e-01 -7.629773291184603623e-02 1.241423422681626363e+02 -3.592992933141081480e-02 -8.528778838221230674e-02 9.957083073526658001e-01 3.519703620084843720e+00
-9.773998812051385432e-01 -2.038515482566777282e-01 -5.598230518241170683e-02 8.612534853733802009e+00 2.079068766332218821e-01 -9.748706504663600114e-01 -8.001215850053575163e-02 1.242000508600717694e+02 -3.826490387809104721e-02 -8.984298043059341099e-02 9.952205966510884183e-01 3.499841132150188550e+00
-9.768325685529795077e-01 -2.068279967469551506e-01 -5.495737235194552567e-02 8.341063271200381379e+00 2.107155306045489229e-01 -9.744147307260344615e-01 -7.819781138979260693e-02 1.242200200397417262e+02 -3.737777650198436524e-02 -8.796654083088449594e-02 9.954219153293824007e-01 3.479283563135551205e+00
-9.769239009146517549e-01 -2.068803169913033535e-01 -5.310580253869516543e-02 8.066498984664915994e+00 2.104986298628417074e-01 -9.746936894871165435e-01 -7.524984053046225585e-02 1.242728524480588419e+02 -3.619417974712799135e-02 -8.469206642638656135e-02 9.957495846029066344e-01 3.470462785298527919e+00
-9.765252716148498102e-01 -2.081676465267782994e-01 -5.535905379472784438e-02 7.915901827549883585e+00 2.119526451114449317e-01 -9.744229888479374324e-01 -7.467204989094280987e-02 1.243149791196158986e+02 -3.839882977132469399e-02 -8.465264168444983084e-02 9.956703571604594849e-01 3.505900697417783984e+00
-9.752570885371523168e-01 -2.127995157888211419e-01 -5.991641960331785255e-02 7.632281268690996434e+00 2.170625416541472064e-01 -9.731168004287056306e-01 -7.699055613541765097e-02 1.243331401521240878e+02 -4.192212147159549152e-02 -8.809119594739613091e-02 9.952298613525812909e-01 3.502169499389382157e+00
-9.734526134535761432e-01 -2.192915940791970164e-01 -6.558358122737707741e-02 7.270597942473590258e+00 2.244496814981861710e-01 -9.707060002093808038e-01 -8.574498021965627770e-02 1.244004838184482367e+02 -4.485922241597656984e-02 -9.818888900334475645e-02 9.941562212451938718e-01 3.484370104440421834e+00
-9.727403723231293764e-01 -2.213924547314829461e-01 -6.900397844058814290e-02 6.952395318086712628e+00 2.275645162408223565e-01 -9.685769573996501070e-01 -1.003646777632348913e-01 1.244722942093734162e+02 -4.461568110811902493e-02 -1.133316309880245260e-01 9.925549770248763837e-01 3.394859465240457119e+00
-9.731283833668944450e-01 -2.191039073714179941e-01 -7.081403293354042450e-02 6.691799847986864336e+00 2.258452128264201719e-01 -9.681549642407412115e-01 -1.080273347787443772e-01 1.245459110327795713e+02 -4.488974636957129838e-02 -1.211174759916463228e-01 9.916226437916232372e-01 3.300898561420590127e+00
-9.737189511285173626e-01 -2.175306062110233252e-01 -6.746732227267984716e-02 6.399729467202170952e+00 2.238845513022504341e-01 -9.685845361703087075e-01 -1.082575816279808811e-01 1.246285819711467440e+02 -4.179846769166228881e-02 -1.205173500090905847e-01 9.918308608051149555e-01 3.305001071825261150e+00
-9.735829010547725204e-01 -2.186332126139033383e-01 -6.584719520144109717e-02 6.203939707123353742e+00 2.246272580409449104e-01 -9.688383680425265432e-01 -1.043782139802192088e-01 1.246534050807998142e+02 -4.097474488974512524e-02 -1.164119192815642190e-01 9.923554480781585641e-01 3.357663288876961527e+00
-9.724790318344826989e-01 -2.224203365495584783e-01 -6.938102428941846089e-02 6.016399610646077534e+00 2.284838951404541130e-01 -9.686894384851838513e-01 -9.713846523754375573e-02 1.247063169731575414e+02 -4.560309533040159125e-02 -1.103175673065748680e-01 9.928496321396537150e-01 3.377160312174011914e+00
-9.699133343824000164e-01 -2.316552567054440404e-01 -7.485964084839219490e-02 5.696551727501637963e+00 2.381271024955316229e-01 -9.666918335783944993e-01 -9.382101017322827530e-02 1.248165225237412699e+02 -5.063207327670902341e-02 -1.088243581813246319e-01 9.927706946833819712e-01 3.369622557204997371e+00
-9.685056829284985902e-01 -2.376696450989311815e-01 -7.422857895548920504e-02 5.375268045807811923e+00 2.442172637573968297e-01 -9.648400931903267086e-01 -9.716749793697698756e-02 1.249049723573208439e+02 -4.852494428696726286e-02 -1.122351743930148082e-01 9.924961437763455407e-01 3.332433703655341528e+00
-9.673493936262891335e-01 -2.438609345677533180e-01 -6.904343011896706128e-02 5.087045875697318920e+00 2.500391204052244132e-01 -9.627698478679340699e-01 -1.027358666841193952e-01 1.249414863481399607e+02 -4.141966824870078195e-02 -1.166450368772602858e-01 9.923096021172375103e-01 3.273666246090873866e+00
-9.672106256680550462e-01 -2.450554361987191121e-01 -6.671910359308518002e-02 4.884371159101856819e+00 2.510805952517308759e-01 -9.621536513288941883e-01 -1.059192424562826890e-01 1.249660557322570043e+02 -3.823794297351542498e-02 -1.191980890112413344e-01 9.921338998810707022e-01 3.260497321400505299e+00
-9.669017924675493703e-01 -2.457439902747644289e-01 -6.863537693403658213e-02 4.649177937088165180e+00 2.518766433272001670e-01 -9.622617537421502831e-01 -1.030071542724300959e-01 1.249845460568156597e+02 -4.073180905954433551e-02 -1.168854504586362697e-01 9.923097859044919256e-01 3.225790322531608911e+00
-9.650670153696432330e-01 -2.520035747866319897e-01 -7.169277606765392385e-02 4.384360579553602477e+00 2.580121885496064471e-01 -9.616733978156073448e-01 -9.281156443906454778e-02 1.251514920699521269e+02 -4.555618953963010836e-02 -1.080669895414075876e-01 9.930992696433155187e-01 3.196353565858524703e+00
-9.629795778712517684e-01 -2.596437771925074189e-01 -7.249442439328533661e-02 4.123616237107096794e+00 2.651281027134255730e-01 -9.608482280370278517e-01 -8.048460616592210959e-02 1.252998232260103890e+02 -4.875881207008109230e-02 -9.672534126748720540e-02 9.941160830618337441e-01 3.246502801262566518e+00
-9.605644302394347189e-01 -2.688606680115695480e-01 -7.092190462165424980e-02 3.797788653244926760e+00 2.738734075023749326e-01 -9.588986606522875711e-01 -7.420724534900638436e-02 1.253584666970639745e+02 -4.805550979678123447e-02 -9.070446403359713750e-02 9.947177329185146188e-01 3.252582826270028704e+00
-9.585313023061357018e-01 -2.767537987513307152e-01 -6.800792142104686300e-02 3.497045026615396512e+00 2.815331905241534316e-01 -9.565978118418334564e-01 -7.523090463836398789e-02 1.254256860279544981e+02 -4.423579017711845585e-02 -9.125766409526298029e-02 9.948443263200942299e-01 3.215222702263023091e+00
-9.577089214012990404e-01 -2.802700763420166719e-01 -6.513298838223663401e-02 3.268472349870017002e+00 2.852504895524008988e-01 -9.544879382734807738e-01 -8.709152599739992950e-02 1.255279355159588732e+02 -3.775950315451762074e-02 -1.019875482482069246e-01 9.940687903378938595e-01 3.186085883431862165e+00
-9.581885917594421542e-01 -2.787952719928232792e-01 -6.440356307305478145e-02 3.067874559638609444e+00 2.841602427514302587e-01 -9.535648516537458264e-01 -9.983501454909486650e-02 1.256301477983346899e+02 -3.357944403210777473e-02 -1.139617041159769334e-01 9.929174945248356865e-01 3.127043385484510107e+00
-9.578862709978825940e-01 -2.782805605331263310e-01 -7.080834317466053185e-02 2.774120938519039736e+00 2.846038392082383961e-01 -9.528336873247027494e-01 -1.053974335889740765e-01 1.256785083947352888e+02 -3.813851782257206280e-02 -1.211110809487721818e-01 9.919060235373698964e-01 3.084759406447386443e+00
-9.566666057460466721e-01 -2.803155346024744365e-01 -7.881755204818316485e-02 2.448865817165613024e+00 2.871427485517935030e-01 -9.531157530978422443e-01 -9.549556613191875765e-02 1.257449988837015269e+02 -4.835335980529768124e-02 -1.139893076444591369e-01 9.923045854667186250e-01 3.047035632882416856e+00
-9.553448872989980245e-01 -2.840152576036634180e-01 -8.155660463744636435e-02 2.141346222941825417e+00 2.906887348522877446e-01 -9.528747239110935130e-01 -8.677453521243005952e-02 1.258297590181089305e+02 -5.306793515523643839e-02 -1.066071947838494738e-01 9.928840316364635488e-01 3.119203166372130465e+00
-9.541705698981479689e-01 -2.885713888236556279e-01 -7.927847811752486429e-02 1.854064558063314161e+00 2.949912089141206728e-01 -9.515480743138464703e-01 -8.681272333590629720e-02 1.258498572006385672e+02 -5.038561504665692997e-02 -1.062205998005922442e-01 9.930651912006444038e-01 3.122703278875689215e+00
-9.523444063499841850e-01 -2.938206099812861738e-01 -8.191203113170833494e-02 1.539027514439603062e+00 3.006057108215136053e-01 -9.496181334340747515e-01 -8.866570517780471283e-02 1.260162961280281309e+02 -5.173333852932318622e-02 -1.090635127043402403e-01 9.926876708618882494e-01 3.052834649967588021e+00
-9.507568639018753043e-01 -2.971068881093884007e-01 -8.825464736446896052e-02 1.250213869659753785e+00 3.047478303703500813e-01 -9.480273171504005614e-01 -9.150391150753429959e-02 1.261291902328152901e+02 -5.648137416915179065e-02 -1.138933842440802563e-01 9.918861584866454084e-01 3.006569833853562912e+00
-9.500446267221540619e-01 -2.991596741910746982e-01 -8.898705846500387651e-02 8.661783245833469813e-01 3.073917435945652255e-01 -9.462434158921599892e-01 -1.006663491472250954e-01 1.261632184104878718e+02 -5.408810595923174702e-02 -1.229914111579664820e-01 9.909326867023384722e-01 2.980195737458705807e+00
-9.500197645663894797e-01 -3.006323871318150043e-01 -8.415827196805450439e-02 5.588854150154809464e-01 3.085801333179452599e-01 -9.451467827221393669e-01 -1.071254425030253171e-01 1.261877042324764346e+02 -4.733654248782499102e-02 -1.277408584495045296e-01 9.906773061031942662e-01 2.926796931526446599e+00
-9.496168850406285777e-01 -3.025476859621454850e-01 -8.180873648140739307e-02 2.581023916605453827e-01 3.101229782512753830e-01 -9.447949790033636219e-01 -1.057647673405100880e-01 1.262538654534722156e+02 -4.529359785104698777e-02 -1.258067779135298436e-01 9.910202543968127387e-01 2.914673362866448958e+00
-9.487034258681410481e-01 -3.053450461427010820e-01 -8.201349000112204135e-02 -3.941087508429673425e-02 3.127558580582651127e-01 -9.443467413044717151e-01 -1.019460908414996092e-01 1.263505230206816350e+02 -4.632043821350079194e-02 -1.223668050728492773e-01 9.914034405931686500e-01 2.931161540248562680e+00
-9.478263624333316262e-01 -3.082454092917719102e-01 -8.130162561072734606e-02 -1.613964261281051471e-01 3.153432517172068961e-01 -9.439688012461207034e-01 -9.737317839313087975e-02 1.265520454063817795e+02 -4.673136283928783219e-02 -1.179307844649148257e-01 9.919216248286316651e-01 2.950619646377631078e+00
-9.472188810361457101e-01 -3.102418738567848111e-01 -8.078595864667864612e-02 -3.088860003423565259e-01 3.171320607789279711e-01 -9.436697535279350291e-01 -9.441743643330356706e-02 1.267507769225324523e+02 -4.694302328080721121e-02 -1.150537960362776752e-01 9.922494528005042502e-01 2.953276055599500349e+00
-9.452102476694130839e-01 -3.163206979405211450e-01 -8.073910920458328422e-02 -5.466677183308386034e-01 3.232388573362911521e-01 -9.414726945572093886e-01 -9.563371011896096285e-02 1.267967376971839002e+02 -4.576274476751655829e-02 -1.164919802287273931e-01 9.921367797505205033e-01 2.927742400783966747e+00
-9.443474166192633579e-01 -3.195064971438472678e-01 -7.825314694880898536e-02 -9.138471605101509132e-01 3.262649043416877559e-01 -9.400829104145900228e-01 -9.897137839468111986e-02 1.268588039393216462e+02 -4.194244770435413827e-02 -1.189946210099539214e-01 9.920086245851217344e-01 2.859302816448369811e+00
-9.422225473850596167e-01 -3.261411549827844536e-01 -7.647625922928279196e-02 -1.268333617755907028e+00 3.327601444703044975e-01 -9.375236343241990511e-01 -1.015879979901535279e-01 1.268933874628605309e+02 -3.856627349525933168e-02 -1.211667533197153812e-01 9.918826848164293830e-01 2.816898895750217235e+00
-9.401543115935309114e-01 -3.328203659993997365e-01 -7.307854930223836587e-02 -1.679949080625870783e+00 3.390098587082766568e-01 -9.352321859204135723e-01 -1.020444712716931934e-01 1.270318504801317090e+02 -3.438293313096493775e-02 -1.207118983139222057e-01 9.920919571868128672e-01 2.790230005828535198e+00
-9.373688735316376697e-01 -3.405923433786700594e-01 -7.305101344851093470e-02 -1.996083700505055347e+00 3.467600121950180636e-01 -9.323127439845564357e-01 -1.027153413395363174e-01 1.271744138280653829e+02 -3.312233199126131400e-02 -1.216133341201229151e-01 9.920247517515115021e-01 2.798254804358932812e+00
-9.354704378281655242e-01 -3.449861742575063839e-01 -7.667854667864892892e-02 -2.347929251461734701e+00 3.515391349735143556e-01 -9.306304604107693557e-01 -1.017211027157720049e-01 1.272889369592204361e+02 -3.626701713201070654e-02 -1.221125944643255135e-01 9.918534255329956029e-01 2.753187955659508912e+00
-9.348201521879504483e-01 -3.460551181185739789e-01 -7.973166426983535615e-02 -2.472586035380075931e+00 3.529613227978716794e-01 -9.301391456685508263e-01 -1.012890631003952463e-01 1.273116995310473527e+02 -3.910994339134939157e-02 -1.228292510720432468e-01 9.916568899619496724e-01 2.745970716476244800e+00
-9.348712616308647583e-01 -3.459278127073953102e-01 -7.968483276128035531e-02 -2.546178234121872386e+00 3.528222216261703292e-01 -9.302102959787283964e-01 -1.011201522048939538e-01 1.273715426105900548e+02 -3.914337879500819073e-02 -1.226489039928390090e-01 9.916778923853580840e-01 2.744000475542201389e+00
-9.342876003414408714e-01 -3.475570064531379177e-01 -7.944058857766590764e-02 -2.685925654119863282e+00 3.543680680348995082e-01 -9.297469574331032049e-01 -9.996933280311769143e-02 1.275560816914547360e+02 -3.911460348061072956e-02 -1.215513159501824675e-01 9.918141586937209153e-01 2.767802881678437910e+00
-9.331924023463082918e-01 -3.503952977161167159e-01 -7.984407017155548125e-02 -2.912421301895474546e+00 3.572349405892034091e-01 -9.286679167044273875e-01 -9.979527897695250616e-02 1.276564629224168357e+02 -3.918082981962831696e-02 -1.216512877954581406e-01 9.917992875336985037e-01 2.758095404262544292e+00
-9.307944945228210365e-01 -3.562804287111710488e-01 -8.176713938612571730e-02 -3.395329015960166785e+00 3.633022593745864892e-01 -9.263772506671310580e-01 -9.917992629422590911e-02 1.278212157471359660e+02 -4.041135111978606809e-02 -1.220223158434208671e-01 9.917043294938677755e-01 2.719088312394340790e+00
-9.283840225610822117e-01 -3.620400755985242469e-01 -8.384563383933149594e-02 -3.853463351247114144e+00 3.692399335616054490e-01 -9.241540636732852310e-01 -9.798539717516629999e-02 1.280139960468827951e+02 -4.201164263303186486e-02 -1.219272334499916233e-01 9.916495205598123697e-01 2.685355720889229580e+00
-9.272384500784489614e-01 -3.648361619452190063e-01 -8.440042436621715549e-02 -4.109165020075942643e+00 3.720202678317458544e-01 -9.232128580686884689e-01 -9.632724961837109412e-02 1.281966332475121249e+02 -4.277589295983992568e-02 -1.207169981142913878e-01 9.917649062896722878e-01 2.680577501437229948e+00
-9.260246313879967328e-01 -3.682531099384107054e-01 -8.287357288915250808e-02 -4.390554794951587070e+00 3.751674432611341037e-01 -9.221129135173500302e-01 -9.464229626043534072e-02 1.282970075524852120e+02 -4.156647182079115099e-02 -1.187325639630218005e-01 9.920558485665704751e-01 2.657444258361256750e+00
-9.242464493314836993e-01 -3.735275193310829689e-01 -7.902969821854013976e-02 -4.689536126210585465e+00 3.797705298752055425e-01 -9.207267401789960282e-01 -8.964716703647852836e-02 1.283953525887494891e+02 -3.927907249989117527e-02 -1.128692261944242298e-01 9.928331643543240048e-01 2.613573092898563655e+00
-9.220789903744397442e-01 -3.792808018471813813e-01 -7.691819589806210555e-02 -4.996823893261463034e+00 3.850212905894114801e-01 -9.191400732421459718e-01 -8.330745196731230429e-02 1.285052994515578746e+02 -3.910167902939079565e-02 -1.064311942551675189e-01 9.935509345707955742e-01 2.585727646405484581e+00
-9.195297203112102746e-01 -3.851828218161982287e-01 -7.809793366087490474e-02 -5.277564143101128202e+00 3.908238019269006935e-01 -9.171354798808935005e-01 -7.822574634380889680e-02 1.286718263434033247e+02 -4.149517215038624196e-02 -1.024534300126362790e-01 9.938719461615040940e-01 2.608657717215198346e+00
-9.176789660370734403e-01 -3.892335832913731974e-01 -7.976548709364549017e-02 -5.585114677467744038e+00 3.950021988557677610e-01 -9.154110431886637311e-01 -7.743309955924357335e-02 1.288149295646531129e+02 -4.287864494404386440e-02 -1.025662695353636855e-01 9.938015808808927654e-01 2.621354759156145686e+00
-9.166807918232791064e-01 -3.920940159562290583e-01 -7.719202389860657654e-02 -5.881826173020137105e+00 3.977665540680761502e-01 -9.138280919056882556e-01 -8.185344775156261354e-02 1.288882164086795967e+02 -3.844599286082836520e-02 -1.057378886460571266e-01 9.936505444760844741e-01 2.567917871578827338e+00
-9.159103570794326910e-01 -3.940863460040963662e-01 -7.618510148162949136e-02 -6.126994192833950414e+00 3.999936136540205855e-01 -9.119263897472620339e-01 -9.162624470381500186e-02 1.290123176232754645e+02 -3.336655257326751056e-02 -1.143949805527539054e-01 9.928748468934593951e-01 2.543210981226100564e+00
-9.150374662034730378e-01 -3.958848892610621339e-01 -7.734073893287990442e-02 -6.489591568799753851e+00 4.022631516206399693e-01 -9.097854694542462095e-01 -1.023462574701504701e-01 1.291521492954657901e+02 -2.984614367313377994e-02 -1.247619895027042014e-01 9.917376939912941891e-01 2.495077087752594736e+00
-9.150127435109924878e-01 -3.948688080437643411e-01 -8.264565110508728663e-02 -6.920887032847243603e+00 4.021250894561275713e-01 -9.091526860874363791e-01 -1.083365395879956616e-01 1.292919373675848647e+02 -3.235879544093725468e-02 -1.323632041546922711e-01 9.906729483252860735e-01 2.439690315924525787e+00
-9.137068115130058121e-01 -3.973957471104691552e-01 -8.494988389191047984e-02 -7.221805240380506419e+00 4.048879535189293111e-01 -9.081134484760919889e-01 -1.067506898905767332e-01 1.293746176074710945e+02 -3.472186184510268891e-02 -1.319340171273987727e-01 9.906501942838535912e-01 2.418620522888870639e+00
-9.123885605383812436e-01 -4.011241578971802002e-01 -8.152622001528050943e-02 -7.418661658502440304e+00 4.079603472499106487e-01 -9.073784389734984579e-01 -1.011569254067695017e-01 1.295066292289768910e+02 -3.339864773361689299e-02 -1.255538865877772192e-01 9.915244585446539860e-01 2.453800761735679625e+00
-9.110470036914450898e-01 -4.048118592942444582e-01 -7.823500264956620431e-02 -7.608498729485071443e+00 4.110590277440986373e-01 -9.065234632614342924e-01 -9.615449166093309463e-02 1.297242877420496256e+02 -3.199738700139695413e-02 -1.197604656438547577e-01 9.922870542810935390e-01 2.495307540656651835e+00
-9.094913607194192728e-01 -4.089885450854580662e-01 -7.452405494616838599e-02 -7.939780379438783342e+00 4.147548496009970109e-01 -9.049011794849610713e-01 -9.556291173452548249e-02 1.298479699272796211e+02 -2.835276898635618811e-02 -1.178228558285978472e-01 9.926297875518342861e-01 2.471697108509371521e+00
-9.079052367409632396e-01 -4.126853669643662514e-01 -7.347699634458429441e-02 -8.313017229534313657e+00 4.184945787398590133e-01 -9.023832134202349753e-01 -1.027950568009900895e-01 1.298845983493106075e+02 -2.388239233585336824e-02 -1.240778950130006358e-01 9.919850338112259358e-01 2.417789438177402772e+00
-9.046356793479819469e-01 -4.198881228208482530e-01 -7.299487629004663969e-02 -8.619757062005906079e+00 4.258312549155473525e-01 -8.975110635077743204e-01 -1.146369627048519080e-01 1.299396969899588328e+02 -1.737900997367433295e-02 -1.347881864078886993e-01 9.907220169236208296e-01 2.348180471049663431e+00
-9.018057485695214481e-01 -4.251887440037013799e-01 -7.720701923737724459e-02 -9.009865709152427016e+00 4.316880104974440413e-01 -8.945488658350964073e-01 -1.158783337207693331e-01 1.301095294444793922e+02 -1.979528832132860031e-02 -1.378290920150684329e-01 9.902581925712996558e-01 2.309877261433005646e+00
-8.992314735950424076e-01 -4.279774163378476382e-01 -9.065367064201090841e-02 -9.317657055478829164e+00 4.362043465032715006e-01 -8.929323027384268308e-01 -1.113448284290967788e-01 1.303334393993913807e+02 -3.329451888439592666e-02 -1.396682993060049671e-01 9.896384396238986358e-01 2.355107549685156787e+00
-8.972807055500076068e-01 -4.298728393253410385e-01 -1.004822245874865544e-01 -9.464376252273330792e+00 4.390534397563612412e-01 -8.927009523040556616e-01 -1.015730613575243774e-01 1.304547022964933660e+02 -4.603707729415316974e-02 -1.352566144992608799e-01 9.897404890921712717e-01 2.306484655689711616e+00
-8.945672993957334285e-01 -4.367524807652217733e-01 -9.485050024775464050e-02 -9.616307476701278389e+00 4.449286069127054155e-01 -8.903468412893793538e-01 -9.654551753833111316e-02 1.304978087845576056e+02 -4.228334899867748631e-02 -1.285681638332349386e-01 9.907988421702996762e-01 2.296243520666318982e+00
-8.911053931499617331e-01 -4.466874760702911895e-01 -8.000923084873069746e-02 -9.912730301182701709e+00 4.530868330294173796e-01 -8.856300865647910303e-01 -1.018414036952253188e-01 1.306482798102123866e+02 -2.536730246646788298e-02 -1.270025530971486682e-01 9.915779603603444015e-01 2.310115574845716502e+00
-8.869605874512558330e-01 -4.562041526507246147e-01 -7.196309757339494628e-02 -1.022823210258022364e+01 4.615985009262547067e-01 -8.807508196776323572e-01 -1.058528109207018675e-01 1.307976437486276495e+02 -1.509106526253285036e-02 -1.271053293194813194e-01 9.917744173993540135e-01 2.269051364705442442e+00
-8.817630898639348125e-01 -4.640237574296895984e-01 -8.471012864137880682e-02 -1.054096416553692528e+01 4.709640492556407265e-01 -8.760648490073625894e-01 -1.034564867102933106e-01 1.310552695666273166e+02 -2.620529836381876171e-02 -1.311195365860453321e-01 9.910201559318175812e-01 2.258710521809047300e+00
-8.782093301952653697e-01 -4.668230675498499238e-01 -1.040413185293774107e-01 -1.074288270292997005e+01 4.760993790374196122e-01 -8.740090134911049358e-01 -9.714744266571755105e-02 1.311941169442913520e+02 -4.558238298034152092e-02 -1.348497976997137249e-01 9.898170429034750528e-01 2.246606329827281812e+00
-8.761714293866003089e-01 -4.698465556554107247e-01 -1.075538956309313454e-01 -1.092899887161728500e+01 4.793466627846463823e-01 -8.727585000351076872e-01 -9.230047396244545066e-02 1.313199943234999409e+02 -5.050151684716722156e-02 -1.324266391449115954e-01 9.899054409593467385e-01 2.201919996976150706e+00
-8.734793699716665305e-01 -4.774307504029119409e-01 -9.536072988192055566e-02 -1.111337550163691468e+01 4.852934466256523249e-01 -8.695078885818579018e-01 -9.190376682222736737e-02 1.314402464165121387e+02 -3.903922253446338864e-02 -1.265539816190371925e-01 9.911912170919762177e-01 2.222892864678807090e+00
-8.689560544882366511e-01 -4.875834055924141985e-01 -8.472188595127153055e-02 -1.131311101816832299e+01 4.941245247049605993e-01 -8.643184548479871943e-01 -9.377932978159331245e-02 1.315436488587349402e+02 -2.750144456812702101e-02 -1.233532780273444152e-01 9.919816728884536250e-01 2.290644186046786324e+00
-8.589405882139853343e-01 -5.050151767270225633e-01 -8.473923054871530802e-02 -1.159809783635405189e+01 5.113589836497707264e-01 -8.546628706338339487e-01 -8.979625493643333956e-02 1.317513670149881193e+02 -2.707500247991962913e-02 -1.204618148431676194e-01 9.923486763257171051e-01 2.246793912504116975e+00
-8.473726305552446991e-01 -5.224802491882911681e-01 -9.473127357966718010e-02 -1.194929637072939954e+01 5.295017755626238998e-01 -8.448146704566830145e-01 -7.691581279031228791e-02 1.320050627707647379e+02 -3.984337663794609852e-02 -1.153367321771641418e-01 9.925270492781442799e-01 2.173010397912288116e+00
-8.383511162355927748e-01 -5.354617802374926905e-01 -1.022158882533960311e-01 -1.233081806884242049e+01 5.427349311838972623e-01 -8.374223693397364610e-01 -6.451798045686392424e-02 1.321905655639111217e+02 -5.105095865256451676e-02 -1.095648540103858620e-01 9.926677905454256434e-01 2.146619007518581590e+00
-8.375253166755860512e-01 -5.372788624260291801e-01 -9.941211152395521000e-02 -1.241728837039593536e+01 5.441947717980981647e-01 -8.365492914546230896e-01 -6.354001349058677195e-02 1.322914701824929011e+02 -4.902442529061568077e-02 -1.073159212650205974e-01 9.930155581701450851e-01 2.168108165319266423e+00
-8.371382067340664701e-01 -5.398943094376182916e-01 -8.782799931086252010e-02 -1.249438048516850941e+01 5.459123182100042992e-01 -8.347272158461509495e-01 -7.218182563715347388e-02 1.324009340078690116e+02 -3.434186443177637132e-02 -1.083725507802173471e-01 9.935169986390463004e-01 2.164637077091494444e+00
-8.357768221410641907e-01 -5.420049480969115763e-01 -8.779373445894554651e-02 -1.264542731368082862e+01 5.482394172415574474e-01 -8.325645596122175363e-01 -7.918204001130275949e-02 1.325535582080270274e+02 -3.017689437999024338e-02 -1.143104995885255853e-01 9.929866387466653732e-01 2.178510627172748571e+00
-8.287066931575437501e-01 -5.499806149803991850e-01 -1.037619384055175065e-01 -1.296991631304020842e+01 5.579401578435014830e-01 -8.264244149624007107e-01 -7.566681319853706122e-02 1.328256727479320034e+02 -4.413611878560607521e-02 -1.205985468396513632e-01 9.917197152011788530e-01 2.124630224475302143e+00
-8.175027765328288787e-01 -5.629982207176382758e-01 -1.213351302380696745e-01 -1.345010474541202505e+01 5.725680227357261565e-01 -8.172093625624983204e-01 -6.583856833723242263e-02 1.330824250932171537e+02 -6.208920760983212273e-02 -1.232958280274272789e-01 9.904257009434954684e-01 2.068199065145199356e+00
-8.083781061726504902e-01 -5.762478534623373116e-01 -1.202632480883799593e-01 -1.386027556924428339e+01 5.856572197255537349e-01 -8.079080563164904305e-01 -6.549956887067716338e-02 1.332564728452834686e+02 -5.941766104495471712e-02 -1.233814569494082330e-01 9.905789002583227365e-01 2.026304140759414452e+00
-8.055458983972094700e-01 -5.838601966591853154e-01 -1.010102783509215785e-01 -1.403747813971976477e+01 5.914006009885076631e-01 -8.027732986874323018e-01 -7.616009496403579326e-02 1.334601160234870179e+02 -3.662150632982087012e-02 -1.210879914425724430e-01 9.919660092979690758e-01 2.022850421294232870e+00
-8.047477423784696882e-01 -5.878741654474175515e-01 -8.237133443291179413e-02 -1.409757726958420321e+01 5.933844902425182699e-01 -8.005332441070573957e-01 -8.391288231885092597e-02 1.336166479030748917e+02 -1.661077591152439192e-02 -1.164065748956348428e-01 9.930627328848283808e-01 2.053858991147341495e+00
-8.011532378809536059e-01 -5.924762276237460767e-01 -8.441213854416428075e-02 -1.418539288599059489e+01 5.980825361027877207e-01 -7.976484603714593113e-01 -7.780882775044445365e-02 1.338568626855008006e+02 -2.123133160500577377e-02 -1.128222201863436081e-01 9.933883315151745830e-01 2.068192635374987542e+00
-7.925308257801577660e-01 -6.013029254190149775e-01 -1.016350435172630184e-01 -1.445982173112888702e+01 6.082145714127105141e-01 -7.915039620926855868e-01 -5.997093556743502557e-02 1.340777792406264837e+02 -4.438384063456226464e-02 -1.093447295214322323e-01 9.930124897585178578e-01 2.027553551422569988e+00
-7.845950248483084533e-01 -6.101131111289455067e-01 -1.103296814635194717e-01 -1.479187354519629949e+01 6.173739698008124943e-01 -7.851792368157590740e-01 -4.840400278704022619e-02 1.342316982593252987e+02 -5.709665835815676271e-02 -1.060922132014475300e-01 9.927156762650374278e-01 2.006153279542976176e+00
-7.780816209855705434e-01 -6.206718832209668912e-01 -9.672333980692808530e-02 -1.511886150919864491e+01 6.267692824640208604e-01 -7.773485510808169074e-01 -5.375403884446118552e-02 1.343980276301502386e+02 -4.182412753428828289e-02 -1.024482479669316243e-01 9.938586915877436478e-01 1.968616797629894055e+00
-7.703949139000256796e-01 -6.329290158187007576e-01 -7.676286583852032219e-02 -1.539953618182857120e+01 6.374291553806549215e-01 -7.671288139178826793e-01 -7.209337506073151824e-02 1.346625659810468392e+02 -1.325701729940437917e-02 -1.044712582087210517e-01 9.944395445177197645e-01 1.972597292887065867e+00
-7.625721189655920718e-01 -6.432030190022505201e-01 -6.909153148336930061e-02 -1.564933577857736680e+01 6.469009115471630045e-01 -7.579229045343449656e-01 -8.409566826936834549e-02 1.348839458038815735e+02 1.724533495268083805e-03 -1.088243866447808628e-01 9.940594946257547138e-01 1.954078918276034749e+00
-7.550307161054286009e-01 -6.511358201422673408e-01 -7.714117878915915938e-02 -1.588217463057293521e+01 6.556692088752714698e-01 -7.506878709405491179e-01 -8.102844534866582293e-02 1.350953806373243822e+02 -5.148424050121717943e-03 -1.117580607849065766e-01 9.937221088309332595e-01 1.902870647465424447e+00
-7.497352733715361151e-01 -6.548971034430488558e-01 -9.490418201750998317e-02 -1.609082065685418783e+01 6.613201030952127191e-01 -7.466117320987935013e-01 -7.229552361368477009e-02 1.353349574947520750e+02 -2.351044671301158462e-02 -1.169645475960308378e-01 9.928577710331981665e-01 1.903004850339700127e+00
-7.440441690130483732e-01 -6.607374097398585056e-01 -9.911785877401109446e-02 -1.627318371231585914e+01 6.675732641365453857e-01 -7.412548138009071863e-01 -6.990878361880489833e-02 1.355058514052146563e+02 -2.728024134352079189e-02 -1.181836553303584059e-01 9.926169513185810755e-01 1.879190769746186040e+00
-7.387494317608112038e-01 -6.679896626342691768e-01 -8.966095965822876157e-02 -1.647087390445230781e+01 6.738377508534514337e-01 -7.347632573586457827e-01 -7.788222621673626667e-02 1.357297501471071541e+02 -1.385505676065878350e-02 -1.179523897573437619e-01 9.929225907152533503e-01 1.891146228992977019e+00
-7.324550350871510407e-01 -6.761746410859423850e-01 -7.935664009884541015e-02 -1.669622895372317117e+01 6.808153878503344636e-01 -7.274329662103806715e-01 -8.562527276783395147e-02 1.359101112520009735e+02 1.710019860832953653e-04 -1.167438838769055270e-01 9.931620393146610715e-01 1.865842415331340209e+00
-7.256036505817666793e-01 -6.832836558469851385e-01 -8.138051311458288639e-02 -1.690015575769145073e+01 6.880955809148771030e-01 -7.213319065918801787e-01 -7.877024855833313077e-02 1.361866630798998017e+02 -4.879937277453970379e-03 -1.131535513578893065e-01 9.935655288038457433e-01 1.845699000429592118e+00
-7.173127804215087000e-01 -6.908227648121804121e-01 -9.069885700062500777e-02 -1.715877125755462629e+01 6.965423518967285288e-01 -7.141837798325958442e-01 -6.906721826018931421e-02 1.364713343991209911e+02 -1.706244584281216281e-02 -1.127183935357559813e-01 9.934804661897381761e-01 1.866666725606539234e+00
-7.106332698220363397e-01 -6.971638787692909789e-01 -9.467249844278055604e-02 -1.737578585485262295e+01 7.033019406965793641e-01 -7.075719720003696978e-01 -6.861694143528307421e-02 1.367207834448174708e+02 -1.915035337705295326e-02 -1.153448333427438410e-01 9.931408930190462891e-01 1.896871749069555024e+00
-7.055061857256577085e-01 -7.026631459228217524e-01 -9.233377098698389296e-02 -1.756171468377536016e+01 7.086083596102769055e-01 -7.015363430720784610e-01 -7.563697534597182970e-02 1.368664236102794973e+02 -1.162818099557599849e-02 -1.187908359718798379e-01 9.928512087396761387e-01 1.854079378325766969e+00
-7.006104360243368134e-01 -7.080240864557523217e-01 -8.858278575596459370e-02 -1.771049529512902865e+01 7.135341770184528976e-01 -6.958319102586538740e-01 -8.177365646950510158e-02 1.369800555306098602e+02 -3.741010610638050016e-03 -1.204983222467883586e-01 9.927064818844089089e-01 1.805536740776520599e+00
-6.928547716435329296e-01 -7.149664894024385653e-01 -9.367595445118362396e-02 -1.795984752526654660e+01 7.210674538070993567e-01 -6.876479529884049757e-01 -8.486471475827188360e-02 1.372158846772197762e+02 -3.740651137730519049e-03 -1.263456045235008263e-01 9.919792315097413216e-01 1.793918034360737490e+00
-6.832420475483742539e-01 -7.228203533092937283e-01 -1.034941607228783700e-01 -1.825457441564678263e+01 7.301101114531499681e-01 -6.783907671933862016e-01 -8.200726882806146090e-02 1.375622362765970763e+02 -1.093296006459946318e-02 -1.315929474880656036e-01 9.912435455303751919e-01 1.767603748064404012e+00
-6.721732335734249553e-01 -7.322623873820167661e-01 -1.094300694189463685e-01 -1.852870419890925291e+01 7.401148978925354838e-01 -6.685976591040141415e-01 -7.216029488683285698e-02 1.378562516615864979e+02 -2.032441844107471529e-02 -1.294950434040708642e-01 9.913717525473528802e-01 1.770874027251484240e+00
-6.628274406251903894e-01 -7.410282873340197085e-01 -1.074097822596654234e-01 -1.876785010849182456e+01 7.484462317451634483e-01 -6.599190204372702429e-01 -6.584166349340307700e-02 1.380933573604068272e+02 -2.209122316043955758e-02 -1.240321080846525231e-01 9.920322646080381723e-01 1.789890026789827671e+00
-6.548319142537006865e-01 -7.491369476707018249e-01 -9.994497340766313187e-02 -1.896538987900273909e+01 7.556429727200287827e-01 -6.514353188289772056e-01 -6.808614514735721046e-02 1.382709532250217990e+02 -1.410183866281912446e-02 -1.201076975751900061e-01 9.926607069535463568e-01 1.783987630669692459e+00
-6.446152248302006171e-01 -7.586009828285801282e-01 -9.484598446229516866e-02 -1.912322879220161909e+01 7.644863197857280079e-01 -6.405340519254281162e-01 -7.264155273991734774e-02 1.384681691088032096e+02 -5.646129433794687402e-03 -1.193343084594910841e-01 9.928380754417670540e-01 1.800130779094070821e+00
-6.345492978312816668e-01 -7.663825325222048956e-01 -1.000250092060937374e-01 -1.928431735375869494e+01 7.728505621726389219e-01 -6.303613922821940108e-01 -7.311992662393865250e-02 1.387107002165442964e+02 -7.014069522300617199e-03 -1.237025826929480099e-01 9.922945499516918622e-01 1.800643395343950681e+00
-6.236074956540196279e-01 -7.735690801894571367e-01 -1.127145489231971276e-01 -1.948694673193337934e+01 7.816192256502946245e-01 -6.195070440594048211e-01 -7.268017924175125544e-02 1.389119164707099401e+02 -1.360431762185260879e-02 -1.334237630095053140e-01 9.909657017306033877e-01 1.754343580925256774e+00
-6.197163588142871049e-01 -7.753167285452446933e-01 -1.218014985780586090e-01 -1.967659311241872189e+01 7.846895216012885754e-01 -6.149940677147209822e-01 -7.774735599904161742e-02 1.391181080792292448e+02 -1.462837335804963862e-02 -1.437576680167010623e-01 9.895047971481985005e-01 1.705327560696274336e+00
-6.183106092229972983e-01 -7.760619147919068928e-01 -1.241768695522863231e-01 -1.981304133102826626e+01 7.858819791744205974e-01 -6.123188194402955364e-01 -8.634337362032232233e-02 1.393203714999323211e+02 -9.028030304667165884e-03 -1.509753879569849799e-01 9.884962958453895610e-01 1.697403366292415283e+00
-6.135166644284399950e-01 -7.797988907397297442e-01 -1.245431349761553924e-01 -1.996828954588123750e+01 7.896473896533600101e-01 -6.072838340137522994e-01 -8.754053323571187040e-02 1.395734330661768468e+02 -7.369021796439320648e-03 -1.520527373862280707e-01 9.883449107326441885e-01 1.710462065149877198e+00
-6.041745033350895966e-01 -7.864161631826565024e-01 -1.285409965920078501e-01 -2.008457018297685437e+01 7.967600128031067097e-01 -5.986446340508169150e-01 -8.245049496610709627e-02 1.398581660630693193e+02 -1.210997596159298084e-02 -1.522308129362523743e-01 9.882707766978529040e-01 1.725072278050729491e+00
-5.952171687803893274e-01 -7.928992674292072440e-01 -1.304885960507057296e-01 -2.021900035899082226e+01 8.034269692502280513e-01 -5.902245707057178770e-01 -7.835854271644131230e-02 1.400265535828086740e+02 -1.488714446933304264e-02 -1.514784071921731479e-01 9.883484532714519322e-01 1.751514245776113921e+00
-5.886249014451361283e-01 -7.984407946095898323e-01 -1.265425734759245691e-01 -2.045394526304914251e+01 8.083490344239429026e-01 -5.831904904141298474e-01 -8.037842021590740904e-02 1.402279612005770559e+02 -9.621015777037923711e-03 -1.496033067606887812e-01 9.886992903111062603e-01 1.742917291488510934e+00
-5.820306254554505898e-01 -8.038001362087090484e-01 -1.230678352080583626e-01 -2.069227279305206579e+01 8.131599035638075179e-01 -5.759476452481058217e-01 -8.399572113662383266e-02 1.404920495337200066e+02 -3.364857803296171512e-03 -1.489619111183220768e-01 9.888372094373980570e-01 1.716644543485623009e+00
-5.751397531412534292e-01 -8.085638935710551811e-01 -1.242525427097311563e-01 -2.088550468040299890e+01 8.180540417169951395e-01 -5.687185361730286992e-01 -8.571354294215263736e-02 1.407609960214255977e+02 -1.359848192578262671e-03 -1.509425606859210178e-01 9.885415996236426306e-01 1.694989993589182120e+00
-5.699213558283620085e-01 -8.118737493466059441e-01 -1.266912123734191264e-01 -2.103040716549756084e+01 8.216872346025179130e-01 -5.622646730187192965e-01 -9.321226296158602320e-02 1.409982315792443615e+02 4.442596316218995478e-03 -1.572242112304519379e-01 9.875529407282089833e-01 1.663640135464553360e+00
-5.643736172878763835e-01 -8.152524069198154866e-01 -1.297918838789448581e-01 -2.116844212163214323e+01 8.254999669314373456e-01 -5.562601083093523524e-01 -9.552223039619575640e-02 1.412265549064784409e+02 5.676680860671017015e-03 -1.610534225501448480e-01 9.869293644325770609e-01 1.636740160799452948e+00
-5.585117836132282854e-01 -8.185049433562001653e-01 -1.345891721745649527e-01 -2.131283307690454265e+01 8.294961769142956687e-01 -5.512719885309922407e-01 -8.963976319498864753e-02 1.415120040010916966e+02 -8.246512830351188095e-04 -1.617060677975619976e-01 9.868386228698751150e-01 1.662411658031140327e+00
-5.526331743488916981e-01 -8.221606523244490150e-01 -1.365592778924356598e-01 -2.146898093660680118e+01 8.334141478208308973e-01 -5.459782157793859891e-01 -8.560751197433652537e-02 1.417470239698984642e+02 -4.175263003139764728e-03 -1.611199853022406703e-01 9.869259939403056681e-01 1.680035210479040364e+00
-5.462602997494934165e-01 -8.276066856454556975e-01 -1.291001889717367512e-01 -2.157631200386052939e+01 8.376154005775068301e-01 -5.397981284230222165e-01 -8.377601844433529843e-02 1.419714805017317190e+02 -3.544474247130918743e-04 -1.538998194474147374e-01 9.880863929541162660e-01 1.674716118665798170e+00
-5.400404575395638673e-01 -8.324619481875096261e-01 -1.239492196034948090e-01 -2.177457714168362912e+01 8.415808907761256341e-01 -5.323835993325449767e-01 -9.115540270432739844e-02 1.422282905003442863e+02 9.894872456092801416e-03 -1.535409000285628545e-01 9.880927504629798408e-01 1.721012022243434192e+00
-5.385075473375440236e-01 -8.337400388052585987e-01 -1.220129876427427790e-01 -2.192831511119369381e+01 8.424490710171886887e-01 -5.298011944953877617e-01 -9.792985782454491361e-02 1.424791376822977895e+02 1.700541686575342271e-02 -1.555256956398704815e-01 9.876854629855378320e-01 1.662996190582892275e+00
-5.402919525613356644e-01 -8.335036007250101742e-01 -1.155696914242784756e-01 -2.209021742043966086e+01 8.411698601836575806e-01 -5.312620422499112482e-01 -1.009648888627145413e-01 1.427443909965445528e+02 2.275680812561883815e-02 -1.517642581206030128e-01 9.881547134133585875e-01 1.599235319125994703e+00
-5.414370625718776253e-01 -8.331218598967076172e-01 -1.129330502367973665e-01 -2.220845743113826032e+01 8.404339225652961431e-01 -5.327021603330159838e-01 -9.949487513458801780e-02 1.428986595682594043e+02 2.273167558817967837e-02 -1.487829793316023663e-01 9.886085656042870040e-01 1.639479766197481148e+00
-5.402851618033825964e-01 -8.343200803488902695e-01 -1.095534000463404822e-01 -2.226329217060758126e+01 8.412039779930801098e-01 -5.321634212907129236e-01 -9.580167247381682349e-02 1.431209996830542934e+02 2.162894689322222841e-02 -1.439169780351997052e-01 9.893533706868875566e-01 1.656217919307294562e+00
-5.351027957221745623e-01 -8.390314394278413079e-01 -9.844410425189070724e-02 -2.234784178459651471e+01 8.444921759552455054e-01 -5.281935285271657232e-01 -8.856952733529088739e-02 1.434256650430695004e+02 2.231507922207033590e-02 -1.305290775025499395e-01 9.911933197745261825e-01 1.656665724442346832e+00
-5.229819892473936971e-01 -8.481941575927607335e-01 -8.400303535197913007e-02 -2.253183163772195741e+01 8.518959431201846844e-01 -5.169682285699157553e-01 -8.376844719018362861e-02 1.437108747332118526e+02 2.762500711692281521e-02 -1.153712341738199615e-01 9.929382343867112493e-01 1.686977462962860219e+00
-5.134305594350112578e-01 -8.551872921320365917e-01 -7.101940589815430860e-02 -2.272525374014118071e+01 8.572981780376182082e-01 -5.075269451261461562e-01 -8.634948699501740488e-02 1.439381416960441982e+02 3.780072184009539843e-02 -1.052192726965797409e-01 9.937303507901781296e-01 1.709540278337111641e+00
-5.128754787944547200e-01 -8.557244293270624969e-01 -6.851601494710776730e-02 -2.281858271752810197e+01 8.573629293358286940e-01 -5.065449971669970797e-01 -9.132892885484852896e-02 1.441166251634423645e+02 4.344595092809052511e-02 -1.055834593956848366e-01 9.934609113850396689e-01 1.714819355914184218e+00
-5.138377421432569481e-01 -8.545532057922416991e-01 -7.556185029049156121e-02 -2.293918489368167002e+01 8.569897149174235951e-01 -5.072768623407202249e-01 -9.076790985534177736e-02 1.443427832688844887e+02 3.923523002192372960e-02 -1.113957063982128626e-01 9.930013058003347437e-01 1.675759812908257596e+00
-5.179460135115676600e-01 -8.512438894202587480e-01 -8.435501059300512527e-02 -2.308528136591043989e+01 8.548682184183300503e-01 -5.115731557822986719e-01 -8.656347625419832936e-02 1.446326321276069393e+02 3.053287123324913838e-02 -1.169476250618668722e-01 9.926686238451595257e-01 1.626945463830504535e+00
-5.205473793321340192e-01 -8.493089454669658922e-01 -8.777665418685154375e-02 -2.327583762487377328e+01 8.534080717473376820e-01 -5.142896981096163334e-01 -8.485734791289914480e-02 1.448972341976323150e+02 2.692747568819975693e-02 -1.190815752671686156e-01 9.925192640372030306e-01 1.622933798635008973e+00
-5.242145055663656183e-01 -8.469108184540485862e-01 -8.911351041959994501e-02 -2.339523405114898935e+01 8.511824179748230801e-01 -5.178668844716711739e-01 -8.545397181019791233e-02 1.450593004945822884e+02 2.622295720059187457e-02 -1.206480648543447470e-01 9.923489310532650487e-01 1.656091815380291710e+00
-5.262301051514937100e-01 -8.450830798902481122e-01 -9.442703275789626760e-02 -2.356190021088734099e+01 8.500600470431517452e-01 -5.199415222120660207e-01 -8.401624783810947295e-02 1.452387353798093557e+02 2.190417433374273332e-02 -1.244805268426048134e-01 9.919802445531586965e-01 1.668723846673923372e+00
-5.269264940998388269e-01 -8.433945126950204152e-01 -1.050436374635911330e-01 -2.375846059691279777e+01 8.498059810545537385e-01 -5.208803945847346739e-01 -8.070569435398730618e-02 1.455112206575162190e+02 1.335156843074324085e-02 -1.317926799681255756e-01 9.911873814406932937e-01 1.654862810761261738e+00
-5.278850933898480147e-01 -8.415517176089833962e-01 -1.145776364137493925e-01 -2.390280818804400198e+01 8.492840797582784651e-01 -5.218739200865014638e-01 -7.977570684539253554e-02 1.457358012447418503e+02 7.340302849721550005e-03 -1.394213689608509443e-01 9.902059391011329703e-01 1.618563412525903633e+00
-5.288864239262089928e-01 -8.405892312130309740e-01 -1.169995510898726720e-01 -2.405901649256682973e+01 8.486725827984611392e-01 -5.228770853076674108e-01 -7.971449596119391245e-02 1.460019218479942822e+02 5.830762620376121752e-03 -1.414542259136988278e-01 9.899276257274675084e-01 1.579950199862099280e+00
-5.281858863862753939e-01 -8.418418029050955820e-01 -1.110047219889465642e-01 -2.420297512301542397e+01 8.491020527494008707e-01 -5.225996377269885862e-01 -7.691113485298756158e-02 1.462408398197426607e+02 6.735980930707430314e-03 -1.348777132409906265e-01 9.908393558149485303e-01 1.587517761646258796e+00
-5.283680043925682579e-01 -8.427887138229673836e-01 -1.026373995522272820e-01 -2.435063227414709175e+01 8.490013093582492454e-01 -5.237861959483030017e-01 -6.960458061064941915e-02 1.465204122261926329e+02 4.901901895549100330e-03 -1.239161199627972221e-01 9.922805886296335309e-01 1.644727336107839832e+00
-5.301291730679444925e-01 -8.419559890792710499e-01 -1.003651947432185609e-01 -2.449571886353888672e+01 8.479099445164129945e-01 -5.268772637548309046e-01 -5.872882536196412373e-02 1.467777130860182240e+02 -3.433052937431436968e-03 -1.162345103304911892e-01 9.932158641281157996e-01 1.713927851934042623e+00
-5.313370808626773911e-01 -8.401384922510680697e-01 -1.088495307221455655e-01 -2.464210112720567381e+01 8.469902634657519025e-01 -5.294026974201335722e-01 -4.837641531266399786e-02 1.469965869133736476e+02 -1.698234655592652936e-02 -1.178986759993049110e-01 9.928804067474921169e-01 1.737311355566887094e+00
-5.353098753049576608e-01 -8.357924974653856420e-01 -1.220419541861057361e-01 -2.474578198092915571e+01 8.443485514514943446e-01 -5.333965476691309160e-01 -5.063246583384332922e-02 1.472170191215111856e+02 -2.277852196156433806e-02 -1.301500062052452500e-01 9.912326239697829555e-01 1.664894327957240128e+00
-5.407637146308290621e-01 -8.314573465551309273e-01 -1.274883751491420469e-01 -2.487851070034962575e+01 8.409431907990840838e-01 -5.379241846851186004e-01 -5.875475622880139970e-02 1.474020399559961731e+02 -1.972700654744000831e-02 -1.389829212182256413e-01 9.900982743254963525e-01 1.584685914476631652e+00
-5.465610500635120772e-01 -8.281988664652728538e-01 -1.239260107447547332e-01 -2.497941627660310360e+01 8.373465179983363704e-01 -5.424467053307140407e-01 -6.784084810728635562e-02 1.475385288835059896e+02 -1.103754273077352938e-02 -1.408481787652623995e-01 9.899696779139122160e-01 1.574071388576410824e+00
-5.485133300146201041e-01 -8.280539845338230620e-01 -1.160160570521662216e-01 -2.514931435110808522e+01 8.361071374863449090e-01 -5.444487292066095829e-01 -6.708528832537147268e-02 1.477235459109293458e+02 -7.614554528189210192e-03 -1.337990282586795920e-01 9.909792321720825026e-01 1.594742660243502419e+00
-5.474851576029076128e-01 -8.291445937765556939e-01 -1.130453219537632115e-01 -2.532457163042265691e+01 8.366310869118228633e-01 -5.451821777630863064e-01 -5.314901186513896342e-02 1.479756931186348083e+02 -1.756207895613587366e-02 -1.236755257138982822e-01 9.921672932132611367e-01 1.635690295755681811e+00
-5.450725066537205343e-01 -8.305577910635992822e-01 -1.143228682013586739e-01 -2.546415743380031316e+01 8.379503659910489954e-01 -5.441086126559349090e-01 -4.224928128502956903e-02 1.482664273245800644e+02 -2.711358747376971245e-02 -1.188258109048240946e-01 9.925448503907081665e-01 1.632456445913119225e+00
-5.447848019640963990e-01 -8.316467166555927548e-01 -1.075790789369007738e-01 -2.550115334541789736e+01 8.383538759167452614e-01 -5.430920051697376572e-01 -4.705159568052485336e-02 1.484921377610084505e+02 -1.929503263303997823e-02 -1.158223320292137426e-01 9.930825187863314696e-01 1.597446114664747174e+00
-5.439977028986617835e-01 -8.336989007424635556e-01 -9.493493636058132623e-02 -2.566894391968556732e+01 8.390764554906893213e-01 -5.410573020374951358e-01 -5.663654079380439632e-02 1.487404137989710193e+02 -4.147418734707003507e-03 -1.104678179956266604e-01 9.938710480264147940e-01 1.585129254187497061e+00
-5.442732970892363298e-01 -8.336910953551734949e-01 -9.341164596078783966e-02 -2.594059498973432554e+01 8.389064634125600328e-01 -5.406768245377040483e-01 -6.248613488172008457e-02 1.489793827905563717e+02 1.588622121133323462e-03 -1.123731682089471606e-01 9.936648063338260339e-01 1.594096806679211387e+00
-5.433616037990511849e-01 -8.326865056590739833e-01 -1.067302712926556651e-01 -2.613173647287982249e+01 8.394041096750539666e-01 -5.408007045035925220e-01 -5.417876585017145780e-02 1.492132634323170350e+02 -1.260587869022730678e-02 -1.190284894539910543e-01 9.928108130559156752e-01 1.560554352323803018e+00
-5.453400669105590293e-01 -8.281145358047758975e-01 -1.297325210224026804e-01 -2.629921110770724368e+01 8.375421123794781764e-01 -5.445362178894881389e-01 -4.476066797461834140e-02 1.493904709189858977e+02 -3.357709655269484200e-02 -1.330662353696578648e-01 9.905382151091586262e-01 1.536200962950783122e+00
-5.523986962977982529e-01 -8.223184061513796328e-01 -1.365581166871737695e-01 -2.630888069112226191e+01 8.329714928218295844e-01 -5.507966117502054448e-01 -5.274073028188396711e-02 1.495092829664031626e+02 -3.184607471362586872e-02 -1.428829289633592459e-01 9.892271206028400155e-01 1.496959073074572544e+00
-5.597510399737786191e-01 -8.200584980860684547e-01 -1.190916998161294094e-01 -2.641906787819086588e+01 8.286220213832075077e-01 -5.553052218726379774e-01 -7.086364540289805114e-02 1.497344133013346550e+02 -8.019908171581026368e-03 -1.383480042422085554e-01 9.903512057826341364e-01 1.464784230863962922e+00
-5.616177254170298117e-01 -8.215872553015711732e-01 -9.787702704635509177e-02 -2.659039168493387351e+01 8.273920906283444010e-01 -5.572703088379795666e-01 -6.980065367373522456e-02 1.499303740333824635e+02 2.803366379794093588e-03 -1.201839623812357705e-01 9.927476800896017917e-01 1.492992001448491646e+00
-5.597684461033771708e-01 -8.230424223817741636e-01 -9.623127198032878360e-02 -2.674415121908815252e+01 8.285740708357637319e-01 -5.574931621517984492e-01 -5.163703411931729048e-02 1.501880667704242285e+02 -1.114880646803002862e-02 -1.086395191168018776e-01 9.940186914743648350e-01 1.576821923569298844e+00
-5.527038470311564922e-01 -8.265645728544425141e-01 -1.063459655036984308e-01 -2.694032605869202257e+01 8.327892625119112102e-01 -5.525928980546239710e-01 -3.321345005355540864e-02 1.504698288535046515e+02 -3.131296411756635117e-02 -1.069209798007193513e-01 9.937743216428094328e-01 1.544990602260088330e+00
-5.524080304226257621e-01 -8.262321973325381652e-01 -1.103889669108377297e-01 -2.708507472395060134e+01 8.326707950917018319e-01 -5.531121524854081262e-01 -2.694983811292492315e-02 1.507629764885052168e+02 -3.879065513689576583e-02 -1.068049758391682313e-01 9.935230154405307879e-01 1.455139917795441606e+00
-5.589812153029412034e-01 -8.224196068793910852e-01 -1.056692536114234304e-01 -2.722765781731145296e+01 8.287516624481382488e-01 -5.582341653336011511e-01 -3.931028674209208207e-02 1.510039350279055554e+02 -2.665863702245004768e-02 -1.095472814571228082e-01 9.936240285930384442e-01 1.416691953489489730e+00
-5.682181549645610730e-01 -8.172888744672401895e-01 -9.574457708267936074e-02 -2.736083627626158332e+01 8.228099504948516163e-01 -5.658079528058435059e-01 -5.333990915177417441e-02 1.511552587489347559e+02 -1.057892883657376298e-02 -1.090882954937483773e-01 9.939757693479953637e-01 1.442630197076647969e+00
-5.740682360350473079e-01 -8.129594341393868717e-01 -9.768632872299964909e-02 -2.750372054661167098e+01 8.187340792050292748e-01 -5.715143042592698563e-01 -5.518974157700255734e-02 1.512812287992405231e+02 -1.096211311302845715e-02 -1.116618039922848554e-01 9.936858022560681736e-01 1.496668736374394015e+00
-5.765302641782488191e-01 -8.087871122030457771e-01 -1.160873017208004371e-01 -2.769713269309356818e+01 8.164384720446963284e-01 -5.758471147676489377e-01 -4.275887953507798156e-02 1.515145507798633560e+02 -3.226570705687085983e-02 -1.194299273550464002e-01 9.923182032997724944e-01 1.488614873481317602e+00
-5.792915298573046989e-01 -8.041124869541300679e-01 -1.335081711358064860e-01 -2.785843575283324114e+01 8.135436929279542539e-01 -5.805455878764393951e-01 -3.336884916124813888e-02 1.517677785580645491e+02 -5.067527141249656558e-02 -1.279450222620783784e-01 9.904857839189949997e-01 1.410014249466363445e+00
-5.821190881479179069e-01 -8.022204981615203012e-01 -1.325882330499937867e-01 -2.802878023965545040e+01 8.119067886997061168e-01 -5.823262504498007974e-01 -4.127353268630077482e-02 1.519476439540276544e+02 -4.409913465327722215e-02 -1.316753977269813636e-01 9.903114944078319493e-01 1.331538547161204455e+00
-5.843019314994448710e-01 -8.032802979206693506e-01 -1.154643486904049499e-01 -2.825636520830811804e+01 8.113035345571012469e-01 -5.815995288540201091e-01 -5.940170748334713813e-02 1.521730117545136522e+02 -1.943778951355621537e-02 -1.283851666247438350e-01 9.915338730116906030e-01 1.319931199339784866e+00
-5.847743427076179668e-01 -8.042645493528194356e-01 -1.058182534593122837e-01 -2.846409088046244307e+01 8.111544240849993814e-01 -5.810687405014722806e-01 -6.623910551453157658e-02 1.523846512668008870e+02 -8.213914913489571423e-03 -1.245698738312697174e-01 9.921768381369601153e-01 1.394844658398371795e+00
-5.827856970736300379e-01 -8.042277275976676965e-01 -1.165272219247286134e-01 -2.862776913400263368e+01 8.122551370857591380e-01 -5.808307918155974914e-01 -5.363938437995679348e-02 1.525908350306858949e+02 -2.454431836898149366e-02 -1.259101006351666108e-01 9.917379810180934063e-01 1.426277771591169863e+00
-5.826658566804949757e-01 -8.006780885580111473e-01 -1.393380707555356979e-01 -2.869902039122427340e+01 8.111198427687900114e-01 -5.836398785158134483e-01 -3.806695250187533408e-02 1.527690758195368801e+02 -5.084387992195852496e-02 -1.352001875336575343e-01 9.895129151079056218e-01 1.381923542170282015e+00
-5.906702374536878519e-01 -7.926961928995477358e-01 -1.508025740793814407e-01 -2.887686066901625637e+01 8.046649620884869236e-01 -5.925874868713856269e-01 -3.680175526506453132e-02 1.529778785898602962e+02 -6.019110709679906246e-02 -1.430832490755598596e-01 9.878786435896076412e-01 1.269910668112387508e+00
-6.035057975864881463e-01 -7.856759618168103199e-01 -1.359927766564335283e-01 -2.896934582229335575e+01 7.962113966805577370e-01 -6.029535194836015410e-01 -4.994462071468256520e-02 1.530971010926776614e+02 -4.275703539175996354e-02 -1.384208667996552344e-01 9.894500995800343812e-01 1.249022625154509569e+00
-6.130005850820816615e-01 -7.819720566411445528e-01 -1.129158329086086543e-01 -2.910583330314418049e+01 7.898814477796873845e-01 -6.097771978397323878e-01 -6.526153115112559577e-02 1.532303172170622076e+02 -1.782080644895498583e-02 -1.291954783540935348e-01 9.914589992684346154e-01 1.307883739469626549e+00
-6.136565174577934823e-01 -7.830152978229686367e-01 -1.015515728917146532e-01 -2.924020737676300286e+01 7.895069101482775631e-01 -6.101740917707880740e-01 -6.607886621162853413e-02 1.534519244686453874e+02 -1.022337565059452946e-02 -1.207253954514226069e-01 9.926332965820784393e-01 1.333859649813047277e+00
-6.081895784486262002e-01 -7.856271512584831473e-01 -1.135579846244371277e-01 -2.941216919779940397e+01 7.932694195377574253e-01 -6.067270081460469644e-01 -5.104865926130708331e-02 1.537188934626675518e+02 -2.879348351125383954e-02 -1.211293391034066746e-01 9.922190375696583464e-01 1.324064833657627283e+00
-6.033255123514225104e-01 -7.864620801583533938e-01 -1.321957738314252229e-01 -2.958450225714652149e+01 7.958088024154500451e-01 -6.044945812553617071e-01 -3.570225806573325972e-02 1.539257898510095117e+02 -5.183315680122897728e-02 -1.267426435967814180e-01 9.905804491055324457e-01 1.273371546835136980e+00
-6.025591240570060680e-01 -7.868675183912992033e-01 -1.332741929871334163e-01 -2.965115178885907099e+01 7.964082661988145517e-01 -6.036422862345445228e-01 -3.674049264408538878e-02 1.540368494896150935e+02 -5.154003827949188432e-02 -1.282789880309721242e-01 9.903979632874343464e-01 1.224980275542791208e+00
-6.096260550885594931e-01 -7.837822642536038664e-01 -1.184965619697656569e-01 -2.976263855969300209e+01 7.921827838945272315e-01 -6.077333451088020588e-01 -5.573704462906697854e-02 1.541274386305299515e+02 -2.832860494760384290e-02 -1.278496909826523920e-01 9.913888977880289666e-01 1.211776793882198611e+00
-6.145755134644124151e-01 -7.815032992633578202e-01 -1.074687465751815590e-01 -2.992121528607618330e+01 7.887773645194572358e-01 -6.107312425505333486e-01 -6.955299126868016990e-02 1.543092988025587431e+02 -1.127862898109993628e-02 -1.275144800137160417e-01 9.917725797354645101e-01 1.261513490806338122e+00
-6.155682253164544981e-01 -7.799913861056071429e-01 -1.126463385192970068e-01 -3.015507858464485835e+01 7.878879578481463586e-01 -6.122809570536325019e-01 -6.591354570469629137e-02 1.545504143767685150e+02 -1.755921007984131282e-02 -1.293269779687948318e-01 9.914465224664570364e-01 1.260248143075045402e+00
-6.182566060017560261e-01 -7.759499160716647470e-01 -1.251419069838933251e-01 -3.030934267430861695e+01 7.850142766415235673e-01 -6.174979453711944011e-01 -4.948608826062750321e-02 1.547645143579214277e+02 -3.887614440983837988e-02 -1.288332845608207711e-01 9.909039459933015603e-01 1.191454880081758816e+00
-6.217588918867087422e-01 -7.726145789942528985e-01 -1.283845500258721795e-01 -3.039793047608566212e+01 7.818642707149325854e-01 -6.218962984324309939e-01 -4.396880912019050097e-02 1.548764004550068023e+02 -4.587093348972848955e-02 -1.277172906131911756e-01 9.907492877308601287e-01 1.136745903128633550e+00
-6.226987525545795155e-01 -7.735147222490833530e-01 -1.179882961606522063e-01 -3.044433672321371986e+01 7.817189501149534037e-01 -6.215628145073726074e-01 -5.074594223036980878e-02 1.549653690148823841e+02 -3.408440403095189947e-02 -1.238331219246152776e-01 9.917175058030679446e-01 1.174052661560523347e+00
-6.226598009990722549e-01 -7.757779050550647204e-01 -1.022908316916562588e-01 -3.055125228025113771e+01 7.823924752015744000e-01 -6.193294164084277575e-01 -6.552166602849732180e-02 1.550995614690652076e+02 -1.252146028822093832e-02 -1.208292845280944106e-01 9.925943265164672846e-01 1.235466314791442421e+00
-6.206795107211293683e-01 -7.774546178306924737e-01 -1.015936129129712956e-01 -3.072094830133037746e+01 7.840130082272369627e-01 -6.168899538248184822e-01 -6.906799403841909490e-02 1.552633550196576095e+02 -8.974848269307708626e-03 -1.225198028228279834e-01 9.924254883943671723e-01 1.273579390068810824e+00
-6.243015436817782593e-01 -7.723490265159753676e-01 -1.171518834520990093e-01 -3.087114351059824102e+01 7.807673534668597704e-01 -6.218066410600533445e-01 -6.130938667096413885e-02 1.554302655782892941e+02 -2.549357403159787511e-02 -1.297439107374192824e-01 9.912197512709560732e-01 1.208342081016110070e+00
-6.280347917068633823e-01 -7.675339410527769468e-01 -1.283119235991349305e-01 -3.103476161186576832e+01 7.773146499735846815e-01 -6.265429978700889357e-01 -5.679618610792684652e-02 1.556473076656575074e+02 -3.679993671409568373e-02 -1.354087188919348983e-01 9.901061778950192016e-01 1.081864711811355573e+00
-6.324719925910315954e-01 -7.645056374129465260e-01 -1.245403908447138969e-01 -3.111349498998676211e+01 7.738511536504194543e-01 -6.306420618623702623e-01 -5.869396735519666342e-02 1.557304299138069155e+02 -3.366853994227654578e-02 -1.334980156174702115e-01 9.904770109620681939e-01 1.071793244597401662e+00
-6.301616540375716280e-01 -7.693268129733985550e-01 -1.050359206215930596e-01 -3.113973244799601758e+01 7.763020900025654480e-01 -6.270012220956939775e-01 -6.499640411711353483e-02 1.558299462945711298e+02 -1.585417415953512682e-02 -1.224978462288209419e-01 9.923421400056632313e-01 1.139245425467525497e+00
-6.277910337879422098e-01 -7.729923161614522531e-01 -9.144012823056053840e-02 -3.121761221932406727e+01 7.783690555954916324e-01 -6.241092976382418556e-01 -6.803820906581756200e-02 1.559955629944677185e+02 -4.475621392662443299e-03 -1.138879438608617345e-01 9.934835202741385540e-01 1.229079620053396216e+00
-6.260125210546516605e-01 -7.740897727843035758e-01 -9.430454471309532294e-02 -3.139013492551110929e+01 7.797708747843662414e-01 -6.226415513066088092e-01 -6.538257737749252063e-02 1.561885670799441641e+02 -8.105943549229797929e-03 -1.144662494242066481e-01 9.933940665324773045e-01 1.210486980785916877e+00
-6.287466061502884340e-01 -7.704209964198673877e-01 -1.054949929139442355e-01 -3.155565614364660121e+01 7.773769681473168269e-01 -6.260696385218116333e-01 -6.100702513034053642e-02 1.563042696398801468e+02 -1.904611898996529801e-02 -1.203673377481916107e-01 9.925466988282379832e-01 1.121421324139763698e+00
-6.330745918785543047e-01 -7.659121430924621388e-01 -1.122281167146382402e-01 -3.170951194480281643e+01 7.737298383752594377e-01 -6.305207311077849486e-01 -6.152840686300983797e-02 1.564714247713022246e+02 -2.363680024025067994e-02 -1.257863136705143492e-01 9.917757332016071681e-01 1.044816641840135674e+00
-6.396484407577383013e-01 -7.607411162488914025e-01 -1.101037069520633266e-01 -3.178746910052661079e+01 7.684016685200124597e-01 -6.366008885191734024e-01 -6.556054112239124987e-02 1.565667401761008364e+02 -2.021751843960890860e-02 -1.265395700363750597e-01 9.917555087637039968e-01 1.072917084792053277e+00
-6.435442877883403856e-01 -7.585463960813152440e-01 -1.022649238353315337e-01 -3.180406129686357986e+01 7.652975419500513965e-01 -6.399604269458554207e-01 -6.906753382370064975e-02 1.566461479444774341e+02 -1.305457545105168093e-02 -1.227111117027589737e-01 9.923565695476932458e-01 1.145645743027266183e+00
-6.460925820366316685e-01 -7.566596722244629536e-01 -1.001524631070377092e-01 -3.186457894486517972e+01 7.632116583616648242e-01 -6.419286951767084748e-01 -7.372594420938746729e-02 1.566987409120899599e+02 -8.505291181119985222e-03 -1.240713131142595349e-01 9.922368514039516807e-01 1.169151513595073411e+00
-6.448552156113573908e-01 -7.572605078465465267e-01 -1.035290981068621718e-01 -3.203656697650473006e+01 7.642435546742653019e-01 -6.405747969546942144e-01 -7.480453626148336754e-02 1.568704117272737619e+02 -9.671609880109559298e-03 -1.273595413090155559e-01 9.918094611365048108e-01 1.082715693702345661e+00
-6.443058739380735922e-01 -7.567654595080621771e-01 -1.103448236413803740e-01 -3.226210465635850966e+01 7.645828558623575244e-01 -6.405834993874590655e-01 -7.117469236940451860e-02 1.571205915268014621e+02 -1.682252449121005716e-02 -1.302260327586974575e-01 9.913416076518090092e-01 1.027604659095854300e+00
-6.455827416549937414e-01 -7.554801000477449069e-01 -1.116814313530709035e-01 -3.238233521523171277e+01 7.634311076200055446e-01 -6.422354423119347455e-01 -6.860452285735309241e-02 1.572379978950656039e+02 -1.989642167106853848e-02 -1.295509747946452239e-01 9.913731272000689820e-01 1.030611876419366357e+00
-6.495536778422961177e-01 -7.530528846290234224e-01 -1.048397470115869368e-01 -3.241095251015344303e+01 7.602075766846065896e-01 -6.455831272568854917e-01 -7.284824055897452799e-02 1.572260251947346603e+02 -1.282419404347622666e-02 -1.270188125953279623e-01 9.918174032018233222e-01 1.058176317157475399e+00
-6.524267612415848294e-01 -7.515542085799213901e-01 -9.749662959110404203e-02 -3.245346169570100159e+01 7.578252777092846504e-01 -6.480585161760321622e-01 -7.563734577948916238e-02 1.572944475348509457e+02 -6.337955558585239846e-03 -1.232332389314196031e-01 9.923574956344155540e-01 1.101217670036492624e+00
-6.532152828906017117e-01 -7.510280780875306927e-01 -9.626328543271923943e-02 -3.251165277213489446e+01 7.571423501800476075e-01 -6.490186799417279051e-01 -7.423082008526578346e-02 1.574884444109831350e+02 -6.727240294898781392e-03 -1.213737163097800414e-01 9.925840847138179823e-01 1.092651699937670084e+00
-6.520985786281607854e-01 -7.519629489251611343e-01 -9.653583373498314524e-02 -3.258904454192611411e+01 7.580504606261939671e-01 -6.486113923105929491e-01 -6.828441190586413689e-02 1.576422054578644349e+02 -1.126689378435734301e-02 -1.177072011760114806e-01 9.929844268143191988e-01 1.049168850763439576e+00
-6.500574744590501552e-01 -7.541519023168716807e-01 -9.316752723865355523e-02 -3.274624673402725250e+01 7.598016183129878698e-01 -6.468988756510372085e-01 -6.498727175677415646e-02 1.577518615059165370e+02 -1.125969399611763400e-02 -1.130342997203409028e-01 9.935272851702895425e-01 1.017083254020520799e+00
-6.487835260450391939e-01 -7.560427531957413239e-01 -8.648289815200675690e-02 -3.290031822896973068e+01 7.609183477241018290e-01 -6.458960899714292214e-01 -6.181835533595947396e-02 1.578478064201005395e+02 -9.121646199547042699e-03 -1.059131545173856714e-01 9.943335452808512720e-01 1.041963575573652490e+00
-6.491222864851262653e-01 -7.561256382851527791e-01 -8.315212755061007766e-02 -3.302957551584530194e+01 7.606424680757656320e-01 -6.463403555819633439e-01 -6.055724982023101555e-02 1.580013523194147638e+02 -7.955686515342445808e-03 -1.025580999924062403e-01 9.946952011435549190e-01 1.069357547668934538e+00
-6.498163196109654205e-01 -7.549629342336978688e-01 -8.814600785347481704e-02 -3.315262913285443602e+01 7.599930690325551463e-01 -6.472127560482305864e-01 -5.938167588516927997e-02 1.581282059992738027e+02 -1.221825641151461778e-02 -1.055775371075619445e-01 9.943360085346220067e-01 1.056375622060087505e+00
-6.501021272539639906e-01 -7.532975196822030428e-01 -9.954933942780075373e-02 -3.331034598664829360e+01 7.596303274792955973e-01 -6.474424329447658888e-01 -6.148220552534286454e-02 1.582588505978541775e+02 -1.813807359034741440e-02 -1.155904099101786597e-01 9.931313444974073645e-01 1.017073837774743472e+00
-6.509569093758014180e-01 -7.513239989161036858e-01 -1.084774206395954371e-01 -3.346846990263993860e+01 7.588675880376768434e-01 -6.477122939932573598e-01 -6.774044608556606395e-02 1.584541906242733944e+02 -1.936713612757563763e-02 -1.264161099809164579e-01 9.917882239548465595e-01 9.625949492798629992e-01
-6.561864345849550695e-01 -7.465310077152835788e-01 -1.100491598617972522e-01 -3.356073411570486797e+01 7.543918935568840745e-01 -6.524078337904670732e-01 -7.250440913826541878e-02 1.585724354462880115e+02 -1.767014437810546235e-02 -1.305966038166126997e-01 9.912781108595224433e-01 9.477685369742721022e-01
-6.617529135272668395e-01 -7.428322577076986732e-01 -1.014066977425912286e-01 -3.361628004960481064e+01 7.496118935926421312e-01 -6.578933573825236358e-01 -7.251440750916021694e-02 1.586654857629994808e+02 -1.284875179258253980e-02 -1.240022871596908050e-01 9.921987413600856787e-01 9.605286121307955449e-01
-6.618172523912624339e-01 -7.438543442848921661e-01 -9.315921277991219551e-02 -3.371289870026956237e+01 7.495765833298502212e-01 -6.585204435318083860e-01 -6.697589995079111791e-02 1.587514279060292495e+02 -1.152693197811562043e-02 -1.141557705031297776e-01 9.933959884658326578e-01 1.009633129397163653e+00
-6.582401159120720990e-01 -7.474149030497004853e-01 -8.994949973884749927e-02 -3.382940050704536361e+01 7.526391601443155333e-01 -6.559086425843785317e-01 -5.760336101632800021e-02 1.589452750640284080e+02 -1.594504378549568141e-02 -1.056163589711601875e-01 9.942791058331426068e-01 1.029046891440612788e+00
-6.548789622342048311e-01 -7.503458902562434307e-01 -9.008101797058881699e-02 -3.396301062026235229e+01 7.554080202794166699e-01 -6.534292514524482343e-01 -4.887674542997454824e-02 1.591155932354259619e+02 -2.218710708011432248e-02 -1.000562757744841436e-01 9.947343735679168297e-01 9.869412014070666483e-01
-6.537657907010987479e-01 -7.512339555356007947e-01 -9.076251957334582898e-02 -3.409020011933385774e+01 7.563416451891716852e-01 -6.524164516772665845e-01 -4.795924658897299936e-02 1.592373630338560417e+02 -2.318634644578928400e-02 -1.000015881432876896e-01 9.947170832489587999e-01 9.602926145081578380e-01
-6.536198725315793823e-01 -7.516658783143139733e-01 -8.820130163309738980e-02 -3.420361183689787055e+01 7.566090065247579322e-01 -6.517536707017761444e-01 -5.253535925811891188e-02 1.593513191507951774e+02 -1.799648514073381306e-02 -1.010720540245007293e-01 9.947163245960366496e-01 9.442924086348098989e-01
-6.553166783701886988e-01 -7.500648291534042222e-01 -8.923453993235040682e-02 -3.429178330427399146e+01 7.552207873975103070e-01 -6.528334990861799358e-01 -5.873657083606689810e-02 1.594673590721873495e+02 -1.419906097417039659e-02 -1.058828340099108589e-01 9.942772310223549903e-01 9.682560883505156868e-01
-6.591273183475072628e-01 -7.462752160115596611e-01 -9.286807941872762817e-02 -3.436684164656894325e+01 7.518634214375351510e-01 -6.565458831147921170e-01 -6.040611615772504411e-02 1.596052096179934665e+02 -1.589256783111756693e-02 -1.096394332889266687e-01 9.938443645540363525e-01 9.682933038779513168e-01
-6.627241283164764241e-01 -7.428230391368909613e-01 -9.492450829264106882e-02 -3.446358540088548494e+01 7.486127384704178711e-01 -6.604390276584095609e-01 -5.830316068136033592e-02 1.597313105375819475e+02 -1.938291894912991947e-02 -1.097006074415618898e-01 9.937756684382867967e-01 9.337528938582289051e-01
-6.610016005960097640e-01 -7.444443712726799278e-01 -9.423089774557596998e-02 -3.459852423251485476e+01 7.501115645087580441e-01 -6.589171461512699501e-01 -5.622130644238876318e-02 1.598765717438922991e+02 -2.023671909515430134e-02 -1.078460596790165316e-01 9.939616202912332499e-01 9.057352537182359331e-01
-6.597056577517381726e-01 -7.461562368624268249e-01 -8.966222906914625423e-02 -3.471338275406552754e+01 7.512852201163617849e-01 -6.577932538897042214e-01 -5.365214974168866502e-02 1.599952841478293237e+02 -1.894632325955990237e-02 -1.027565342374726909e-01 9.945260838743483767e-01 9.221295775475684131e-01
-6.605083114998075988e-01 -7.461153622891532056e-01 -8.390850133210012163e-02 -3.483018287730870810e+01 7.505893514688808388e-01 -6.589324080898486535e-01 -4.923115914172783436e-02 1.601569841770355254e+02 -1.855790670302576856e-02 -9.549841739546770236e-02 9.952565781615124729e-01 9.542758510490293444e-01
-6.612648226967954290e-01 -7.454388089954591123e-01 -8.396318423694894284e-02 -3.504200733345996355e+01 7.498416017295095326e-01 -6.600596072189950370e-01 -4.537496262951840054e-02 1.604024597139950004e+02 -2.159644830753494962e-02 -9.296395517262587282e-02 9.954352296654774834e-01 9.756212858809681920e-01
-6.636623605844265139e-01 -7.427510047648706593e-01 -8.873114483811019026e-02 -3.525243651753334007e+01 7.476143912683277382e-01 -6.625730020707736312e-01 -4.549438311935072310e-02 1.605735807381808797e+02 -2.499986223950757813e-02 -9.652959052900617065e-02 9.950161029050273997e-01 9.443660892249741146e-01
-6.673090455377466146e-01 -7.386958251665859398e-01 -9.501113421572711382e-02 -3.539335969968141171e+01 7.442418361055679332e-01 -6.662307358803976065e-01 -4.733599009714717365e-02 1.607102569708598025e+02 -2.833243960048562049e-02 -1.022989953504967742e-01 9.943501337137556906e-01 8.981820032918998997e-01
-6.712800162001033577e-01 -7.345665574009431209e-01 -9.897026118241999959e-02 -3.547658975008040017e+01 7.406647116088925786e-01 -6.698769072196288921e-01 -5.177561347952454318e-02 1.608114301392063226e+02 -2.826525831662218130e-02 -1.080597146118393997e-01 9.937425085253737134e-01 8.548638309066953767e-01
-6.753632315039741485e-01 -7.307128495208846664e-01 -9.971578148707646583e-02 -3.560460174527788269e+01 7.371469858665310460e-01 -6.729491578884831959e-01 -6.126787188298041253e-02 1.609212036719328580e+02 -2.233442993222702067e-02 -1.148832557087851869e-01 9.931278924677084952e-01 8.402159031384121013e-01
-6.776120132460168310e-01 -7.288160125060453298e-01 -9.833198573947475596e-02 -3.576481702863112844e+01 7.352542817416162224e-01 -6.742113479070248605e-01 -6.957154255881548011e-02 1.610147122794596157e+02 -1.559168641617507400e-02 -1.194415265650142499e-01 9.927188026055105974e-01 8.406352482491575850e-01
-6.773330797492285171e-01 -7.289081392751757260e-01 -9.956316374958446014e-02 -3.601015335224492731e+01 7.354662708797119475e-01 -6.741448416700135393e-01 -6.795658060852172166e-02 1.611834009041529612e+02 -1.758588853926819351e-02 -1.192545887926897141e-01 9.927079528119894247e-01 8.468958341983578997e-01
-6.740945993576459294e-01 -7.312516809910262205e-01 -1.042470630984509983e-01 -3.621810822116245276e+01 7.382505521300560813e-01 -6.716028166414571565e-01 -6.273578690769704425e-02 1.614692567028914709e+02 -2.413697156897113422e-02 -1.192503070312989633e-01 9.925707888490470365e-01 8.203534228248485771e-01
-6.743874996195293736e-01 -7.311119528462137751e-01 -1.033286637981726541e-01 -3.634213609221453112e+01 7.377756522426566210e-01 -6.728566697251143758e-01 -5.432300584790570458e-02 1.616426600582778406e+02 -2.980918172044579734e-02 -1.128681284146451913e-01 9.931627249717603911e-01 7.750860883821717451e-01
-6.771901724850262205e-01 -7.297604955968850504e-01 -9.414398204819057758e-02 -3.630227951369226247e+01 7.352885056443438927e-01 -6.759573740279987142e-01 -4.931979282682460997e-02 1.617499649510422159e+02 -2.764568242979469764e-02 -1.026218668869450512e-01 9.943361949962543633e-01 7.889837558584178456e-01
-6.824618085647979893e-01 -7.260150152550222113e-01 -8.454630373182614456e-02 -3.642869066362164432e+01 7.306020865157587529e-01 -6.810027928044304346e-01 -4.955590147888754016e-02 1.619183085189946212e+02 -2.159794039449434988e-02 -9.558971606200782067e-02 9.951864826020802024e-01 8.316501932379172235e-01
-6.860765442191458785e-01 -7.226425730423861049e-01 -8.418246313213958998e-02 -3.661615832463174769e+01 7.271657066069264763e-01 -6.847856332596580220e-01 -4.794446387247003338e-02 1.620413357287621920e+02 -2.300023058936056033e-02 -9.410817237545773817e-02 9.952962580483196708e-01 8.578697293144769143e-01
-6.868967215615271460e-01 -7.210943140605781121e-01 -9.053112248022679442e-02 -3.678147410448794119e+01 7.261987112920980092e-01 -6.858979329151577709e-01 -4.668465851229283009e-02 1.621872794202788839e+02 -2.843106796660240659e-02 -9.781112335628117105e-02 9.947988030361017975e-01 7.999926922880846725e-01
-6.866697401754380259e-01 -7.199080125019824417e-01 -1.010797777146474619e-01 -3.696451468971022081e+01 7.260603400503512495e-01 -6.861009807596927246e-01 -4.584568471030515263e-02 1.623516723919356366e+02 -3.634625886340302897e-02 -1.048708621879011205e-01 9.938214385545326435e-01 7.601937586710659778e-01
-6.845265164415399450e-01 -7.213096241905757600e-01 -1.055266522659567552e-01 -3.716189277073768693e+01 7.282419608301388125e-01 -6.831705553277787057e-01 -5.423687693266004972e-02 1.625340073492729118e+02 -3.297112031284757383e-02 -1.139755165953828808e-01 9.929362954601524960e-01 7.269515245597262254e-01
-6.830813399683417497e-01 -7.228967486570060386e-01 -1.040200642577403939e-01 -3.733572652167332961e+01 7.299173579957071167e-01 -6.805820739462815627e-01 -6.347197113329071383e-02 1.626906143165147398e+02 -2.491050950145122511e-02 -1.192825695737136510e-01 9.925477999130672968e-01 7.373996319192382964e-01
-6.842382506704505207e-01 -7.218201228059738517e-01 -1.038928613130402079e-01 -3.746838078597828314e+01 7.288790216735513416e-01 -6.815021353408803328e-01 -6.549970450335845795e-02 1.628635068423452026e+02 -2.352420208314161959e-02 -1.205427303415241291e-01 9.924293738489213812e-01 7.562786285842619804e-01
-6.846532529100768372e-01 -7.213073402387697453e-01 -1.047169718685678763e-01 -3.765792618714538520e+01 7.283117656885587099e-01 -6.826489633369174914e-01 -5.960171821891206700e-02 1.630588963505172160e+02 -2.849377544771488496e-02 -1.170731129367637152e-01 9.927144559177281113e-01 7.351739495080483744e-01
-6.869374117437636595e-01 -7.193851230220951187e-01 -1.029661940700195566e-01 -3.776303533705066684e+01 7.260703026780936931e-01 -6.853766699651322458e-01 -5.550437673236616187e-02 1.631767063190578710e+02 -3.064160432681556356e-02 -1.128887285870127932e-01 9.931350497501770791e-01 7.229727029051931098e-01
-6.875074523532771487e-01 -7.195108371334680841e-01 -9.817157534746093206e-02 -3.782374622164724798e+01 7.256753812160422479e-01 -6.857507169979113471e-01 -5.604636682071599540e-02 1.632571739177547272e+02 -2.699525987387302317e-02 -1.097729902314158318e-01 9.935900294185703308e-01 7.243497406658099269e-01
-6.861348954003638756e-01 -7.217523822146889589e-01 -9.106263822970386834e-02 -3.793504893094863917e+01 7.271970922565613726e-01 -6.839342103977887888e-01 -5.846695529233495586e-02 1.633577921759469973e+02 -2.008218931128951529e-02 -1.063367039877358144e-01 9.941273615877848080e-01 7.184585244467505127e-01
-6.831878359029082137e-01 -7.246554365585676782e-01 -9.016029691839017035e-02 -3.820553802282836386e+01 7.299945385370251172e-01 -6.809486893448233324e-01 -5.845388084364167014e-02 1.636223605735281694e+02 -1.903561347622625272e-02 -1.057515046969954298e-01 9.942103724433301037e-01 7.183413745875750767e-01
-6.817250143096291737e-01 -7.250820076077473253e-01 -9.750429276731739647e-02 -3.847339772850184403e+01 7.312045339141284295e-01 -6.796987342039642055e-01 -5.787538600261057931e-02 1.638808645468096472e+02 -2.430914329955218695e-02 -1.107506792983580513e-01 9.935508807237776185e-01 6.935262592829294359e-01
-6.825564086928479490e-01 -7.234140218187118387e-01 -1.038696393966908327e-01 -3.860759784899637737e+01 7.302721253785925404e-01 -6.806757935829481632e-01 -5.816430972045733006e-02 1.640262168501183169e+02 -2.862467200433196218e-02 -1.155535246814232420e-01 9.928887203943572715e-01 6.591824150268331683e-01
-6.872564951259136912e-01 -7.186411702719341932e-01 -1.059876327569906351e-01 -3.872588847242054300e+01 7.258842478703115830e-01 -6.849808679138684742e-01 -6.239606787063026877e-02 1.641366404910792767e+02 -2.775911743910298296e-02 -1.198168560017708884e-01 9.924078558822743146e-01 6.488344823252092386e-01
-6.930381978396134013e-01 -7.135995482192799555e-01 -1.023412972189654546e-01 -3.881528486193342786e+01 7.205517523205043906e-01 -6.901044162282674588e-01 -6.753567153803222145e-02 1.642793899926489303e+02 -2.243275647511227405e-02 -1.205470011384850160e-01 9.924541258685191103e-01 6.116790265324352216e-01
-6.975108301757413365e-01 -7.098635338024034125e-01 -9.783866906858784684e-02 -3.892749059885623097e+01 7.162726781121285802e-01 -6.946486028408085378e-01 -6.645877791076275354e-02 1.644307670036619982e+02 -2.078683183237559767e-02 -1.164348828696850219e-01 9.929807780986977805e-01 6.209097310734366104e-01
-6.962459015826309994e-01 -7.115153533254853224e-01 -9.480267143650991657e-02 -3.914371451525707357e+01 7.174317106961008994e-01 -6.940388590394079849e-01 -6.001502004450715022e-02 1.646358380310354335e+02 -2.309512972587962620e-02 -1.097996544866432500e-01 9.936853882681170314e-01 6.378779735275432738e-01
-6.925161351398649856e-01 -7.155996334889586086e-01 -9.131575505581068786e-02 -3.945088206824192412e+01 7.208899603474717699e-01 -6.912279416357438588e-01 -5.021551326267145732e-02 1.649044807219639210e+02 -2.718579851991414359e-02 -1.006036642100126555e-01 9.945550940527898565e-01 6.070824148605512560e-01
-6.894182595217590581e-01 -7.186524501914773877e-01 -9.078061065985029710e-02 -3.961588183304483124e+01 7.237201189583698513e-01 -6.886561222766671708e-01 -4.451892480448718659e-02 1.650851439908832106e+02 -3.052298892428552055e-02 -9.639191400034990975e-02 9.948753419712829116e-01 6.212923714637004213e-01
-6.883254364075097609e-01 -7.200985418549700201e-01 -8.755674510143160449e-02 -3.972864690951736577e+01 7.249842414747359465e-01 -6.869953854954284900e-01 -4.934764352316361319e-02 1.652452685220443129e+02 -2.461591370867400458e-02 -9.744449869712201728e-02 9.949364936848752450e-01 5.914916152018367956e-01
-6.889402362853958017e-01 -7.202146411404145576e-01 -8.156115199043714736e-02 -3.980564149057579471e+01 7.246515642552616709e-01 -6.868196608009997650e-01 -5.620377175601545816e-02 1.653845964044991490e+02 -1.553902343861437996e-02 -9.782445616605114913e-02 9.950823656996392597e-01 5.780885883969856254e-01
-6.888751635928758166e-01 -7.205021680587483379e-01 -7.954643177121437092e-02 -4.001255909454685877e+01 7.247976410302702233e-01 -6.862911210041400256e-01 -6.060426377604868908e-02 1.655471174165355990e+02 -1.092650638789868789e-02 -9.940383822330281505e-02 9.949871800202405581e-01 5.882733743761453526e-01
-6.886787823711650880e-01 -7.202535353511015925e-01 -8.340491308076058985e-02 -4.022501423075509308e+01 7.248596992312844600e-01 -6.866597507266074540e-01 -5.546893871713638735e-02 1.657533927359584425e+02 -1.731909761221835792e-02 -9.865714138526980592e-02 9.949707620385562779e-01 5.548201422294947172e-01
-6.888493834902711388e-01 -7.195623151526930883e-01 -8.784418863630068242e-02 -4.037969156721173647e+01 7.244141221287585530e-01 -6.877668904442926223e-01 -4.691358085894582752e-02 1.659677402310598495e+02 -2.665907960702425250e-02 -9.595196204708462961e-02 9.950289013158467588e-01 5.459530135874005596e-01
-6.900744773063163251e-01 -7.182271679316585278e-01 -8.914567300370759839e-02 -4.057084978664941133e+01 7.231762809998469876e-01 -6.891413065752216571e-01 -4.582931562904822564e-02 1.661571025276834348e+02 -2.851810599680512301e-02 -9.609367729807134773e-02 9.949636791429570248e-01 5.351067190208449453e-01
-6.894675457375374350e-01 -7.189875851135067997e-01 -8.770037529740321025e-02 -4.076170836712419288e+01 7.238428502388352115e-01 -6.883257434499525651e-01 -4.753103262280275465e-02 1.663135624400246115e+02 -2.619220366400463323e-02 -9.625239403110247283e-02 9.950122838993017416e-01 5.323337601033266697e-01
-6.893794036775326983e-01 -7.191482781327437346e-01 -8.707348530935561659e-02 -4.095262691312382941e+01 7.240260074657579592e-01 -6.878917354727362987e-01 -5.090482080806062182e-02 1.665465923268312451e+02 -2.328901669033979493e-02 -9.813620293763360147e-02 9.949004509872234614e-01 5.264228173932625765e-01
-6.882943665665546273e-01 -7.199703221137943032e-01 -8.884593534937590409e-02 -4.120667147088083482e+01 7.251850884619128745e-01 -6.860726556103540208e-01 -5.840289972462776869e-02 1.667088914949210903e+02 -1.890641227821224235e-02 -1.046281343574311934e-01 9.943316856440056473e-01 5.095927135419348053e-01
-6.881748563099783222e-01 -7.196707737888063949e-01 -9.213763887229042826e-02 -4.135232632521162799e+01 7.253483328668199892e-01 -6.853740608047571570e-01 -6.428213424678315413e-02 1.669053304306093253e+02 -1.688677441268559426e-02 -1.110692312488797545e-01 9.936691917935858154e-01 4.711025331208208433e-01
-6.902144139404824408e-01 -7.175980889686820463e-01 -9.304324530718052766e-02 -4.145576470690162552e+01 7.233602616489170911e-01 -6.875966948188894090e-01 -6.293422869432541145e-02 1.670600811689371312e+02 -1.881474570667455298e-02 -1.107418980451165824e-01 9.936710911369809329e-01 4.393842738853137586e-01
-6.915588158182031098e-01 -7.164397376120681393e-01 -9.198101235840305812e-02 -4.158252019076476103e+01 7.220433050550341125e-01 -6.891912438129552676e-01 -6.057140477779564963e-02 1.671954011386504817e+02 -1.999674696866430429e-02 -1.083029631261466230e-01 9.939167964617399154e-01 4.605131734181580061e-01
-6.911101442070077816e-01 -7.172665244258241701e-01 -8.885663459904369343e-02 -4.180261184729348400e+01 7.225270336411754313e-01 -6.887059908874939573e-01 -6.032200074068503476e-02 1.673779980591702952e+02 -1.792914476077920455e-02 -1.058904672469349328e-01 9.942161509019921128e-01 4.820307916592545538e-01
-6.911650677059877346e-01 -7.178759766885580706e-01 -8.333625427403004715e-02 -4.192654106208481579e+01 7.225452741703264348e-01 -6.887725969961400185e-01 -5.933495092540389676e-02 1.676144564885692887e+02 -1.480459243291238486e-02 -1.012244620664453643e-01 9.947534530335917502e-01 4.569663515938506282e-01
-6.895706231576990142e-01 -7.195115256046924479e-01 -8.243494525934157158e-02 -4.212154879224715387e+01 7.240498897137634948e-01 -6.873850990169425579e-01 -5.703930973420970330e-02 1.678003354189314109e+02 -1.562411224324893044e-02 -9.901964538149038431e-02 9.949628118402890076e-01 4.655557010606922175e-01
-6.884234109007560942e-01 -7.205378352013348531e-01 -8.305682011215416438e-02 -4.229915498156729114e+01 7.251104317918318776e-01 -6.863872189261908119e-01 -5.556480362092990760e-02 1.679773097073822896e+02 -1.697259645522226912e-02 -9.847747832953185343e-02 9.949945312570440681e-01 4.501138225683014582e-01
-6.870332307646163095e-01 -7.218063524627159611e-01 -8.355195610877741430e-02 -4.251844864385304845e+01 7.264237019670037876e-01 -6.849993101555489350e-01 -5.553872799206045763e-02 1.681092824071603786e+02 -1.714482562429112816e-02 -9.885107298806521114e-02 9.949545317869660233e-01 4.331029929203548678e-01
-6.872984999948541507e-01 -7.215832031703045546e-01 -8.329737575281773165e-02 -4.268469546035698414e+01 7.261959895189916692e-01 -6.851424546295823426e-01 -5.673800904757635155e-02 1.682983434565523453e+02 -1.612937417743233459e-02 -9.948616872024644564e-02 9.949082095962475947e-01 4.166702174173679829e-01
-6.890475181435891106e-01 -7.200206655105457765e-01 -8.236357798147922460e-02 -4.282347220921118236e+01 7.245858853212495676e-01 -6.866148950025725561e-01 -5.945822696505098648e-02 1.684450226818496787e+02 -1.374090729833644248e-02 -1.006490297934224953e-01 9.948271006904975122e-01 4.288174481304042329e-01
-6.908004313494164883e-01 -7.189756963160072178e-01 -7.660752022074843182e-02 -4.297802760977489811e+01 7.230022363136925367e-01 -6.880298032863867430e-01 -6.231176514186726606e-02 1.686316573778583745e+02 -7.907612336185913804e-03 -9.843240267619299266e-02 9.951123211831578441e-01 4.053898616799790355e-01
-6.909149464719945843e-01 -7.193800510564423156e-01 -7.161619149069237134e-02 -4.315555908929225382e+01 7.229301916438599651e-01 -6.879097868236934143e-01 -6.443650519660881759e-02 1.688255593701493069e+02 -2.911142623251830597e-03 -9.629365157792699192e-02 9.953487117158568154e-01 3.922697668739762999e-01
-6.884922447020915826e-01 -7.217494345534941624e-01 -7.110684008438564185e-02 -4.333474428781021004e+01 7.252401742287185593e-01 -6.854775724158157502e-01 -6.439865992097579261e-02 1.690326071654284590e+02 -2.262447739237262445e-03 -9.590751501645275456e-02 9.953876781905611759e-01 3.988325931377966205e-01
-6.851242365197374173e-01 -7.250658007232153590e-01 -6.988823330754734275e-02 -4.351134548233897448e+01 7.284179233984073853e-01 -6.824141310620412959e-01 -6.097772215154904918e-02 1.692530473133564044e+02 -3.479857065940457350e-03 -9.268515710965972987e-02 9.956893854241685160e-01 3.772464514106446121e-01
-6.826487235433313927e-01 -7.273224415328419790e-01 -7.065965105607163732e-02 -4.366364144457611474e+01 7.307202218130303129e-01 -6.802481955705779182e-01 -5.753563988075838243e-02 1.694615754162936412e+02 -6.219138057311876522e-03 -9.090906701577250448e-02 9.958397782053827196e-01 3.626218469120519039e-01
-6.817072884850636783e-01 -7.284603019958739711e-01 -6.797618143454561834e-02 -4.381245974382856900e+01 7.316237994115535326e-01 -6.789272142504632068e-01 -6.151791515248593994e-02 1.696520549062730367e+02 -1.337520446603644719e-03 -9.167020326248677409e-02 9.957885241721101677e-01 3.797074765880057434e-01
-6.833935059627904707e-01 -7.271485445630675448e-01 -6.502545768926643044e-02 -4.399032623565135225e+01 7.300176319041514761e-01 -6.798053901336453819e-01 -7.027722713865156012e-02 1.697866687574420155e+02 6.897326796727998310e-03 -9.549673127942831519e-02 9.954058474803147982e-01 3.926902558710428925e-01
-6.859984649962853620e-01 -7.244467267120030529e-01 -6.769819923014473717e-02 -4.419884407785224312e+01 7.275351446494905394e-01 -6.816884530190916447e-01 -7.741748071516302288e-02 1.699148499998240993e+02 9.935759789013839244e-03 -1.023610921038947408e-01 9.946976864860563872e-01 4.036657133866566327e-01
-6.885813759506806964e-01 -7.210072347453261310e-01 -7.748713531138826105e-02 -4.441559626809802808e+01 7.251313558119564240e-01 -6.836784401303206415e-01 -8.226972298048271237e-02 1.700857976599303072e+02 6.340781669564837797e-03 -1.128377505353136134e-01 9.935931946938592052e-01 3.669524766184707465e-01
-6.901764104482481788e-01 -7.188713289863761791e-01 -8.294898927734326022e-02 -4.463777602819249779e+01 7.236152830183189000e-01 -6.846333475317636363e-01 -8.751058010189383118e-02 1.702695866809864640e+02 6.119202814893268116e-03 -1.204208944029772077e-01 9.927040664508719470e-01 2.875225539122704399e-01
-6.913543243504187696e-01 -7.176947367887431817e-01 -8.332744438486100469e-02 -4.481692025943062418e+01 7.224847802427820653e-01 -6.856414813887867776e-01 -8.894662060206819099e-02 1.704276086162267347e+02 6.703769052871670631e-03 -1.216964411341848878e-01 9.925447273023818573e-01 2.787345739248602294e-01
-6.911619587828823352e-01 -7.175631216792621725e-01 -8.601344742144628741e-02 -4.496304939577701276e+01 7.226857324680611150e-01 -6.854906385568195759e-01 -8.847551377678376794e-02 1.705718511918118452e+02 4.525352860444885328e-03 -1.233116006581547047e-01 9.923576826551060437e-01 3.468583169681080935e-01
-6.893358687925905670e-01 -7.195018119007556834e-01 -8.445828951318577749e-02 -4.507398934739119056e+01 7.244195924569938327e-01 -6.836992910844865712e-01 -8.815630116453770926e-02 1.707655551300583454e+02 5.684545751980116246e-03 -1.219525401215547644e-01 9.925196541618177548e-01 3.150789166693103716e-01
-6.877983354395251769e-01 -7.213264616124855921e-01 -8.137312544218684718e-02 -4.518707786903134149e+01 7.258805447791097931e-01 -6.825849015979874590e-01 -8.470706476822750797e-02 1.709526225444524243e+02 5.557380480169391013e-03 -1.173285467739083321e-01 9.930776040341063871e-01 3.015372465928671808e-01
-6.851303823773036150e-01 -7.244229423271613122e-01 -7.620865943964041933e-02 -4.530856291030409722e+01 7.284031388460918688e-01 -6.806328577376010713e-01 -7.853521685910649919e-02 1.711705711394273806e+02 5.022595214621526638e-03 -1.093174898998510725e-01 9.939941951235460316e-01 2.936834569707995057e-01
-6.822022664741580478e-01 -7.278778482894319168e-01 -6.923803569620665121e-02 -4.549469912124359894e+01 7.311575461187362901e-01 -6.787488600149624851e-01 -6.861944172038535183e-02 1.713749094731865625e+02 2.951333791780634541e-03 -9.743625094355816418e-02 9.952373920984447508e-01 2.970597173620730391e-01
-6.802007718294855732e-01 -7.299879059549915228e-01 -6.666758704211755981e-02 -4.570077647323440573e+01 7.330191562422764262e-01 -6.777644884943567760e-01 -5.760394706826814371e-02 1.715671636696148425e+02 -3.134738335646584939e-03 -8.805086765858237408e-02 9.961110470826722851e-01 3.562454631991089915e-01
-6.773758334190607133e-01 -7.321140592748369702e-01 -7.190955786231081892e-02 -4.583204194456938296e+01 7.356347715182864899e-01 -6.743769177990166508e-01 -6.369659074971459334e-02 1.717130114511994634e+02 -1.860976375733638943e-03 -9.604570241306278899e-02 9.953751854526564635e-01 3.802738523200122067e-01
-6.764289397280469629e-01 -7.321271906816441133e-01 -8.021013753257080769e-02 -4.600405761852776010e+01 7.364999948275999797e-01 -6.718937139797755975e-01 -7.827256692742967648e-02 1.719109522963012466e+02 3.412787326432457913e-03 -1.120205953343733352e-01 9.937000247074552206e-01 3.277943032638108711e-01
-6.772964202356170915e-01 -7.300406347567887089e-01 -9.116046697951427080e-02 -4.620464309693111460e+01 7.356910032615746609e-01 -6.711633308274871368e-01 -9.109627364788611126e-02 1.720432119086063665e+02 5.320418780120954316e-03 -1.287651154484699412e-01 9.916608483688091891e-01 2.522361334211932204e-01
-6.785996639158946575e-01 -7.270096375458944271e-01 -1.046875496351995782e-01 -4.641003982349599966e+01 7.345080880052227146e-01 -6.715543190793367145e-01 -9.753289281468437155e-02 1.721371920992052935e+02 6.039769426555430254e-04 -1.430796402052920691e-01 9.897109940637099923e-01 2.387834673274233932e-01
-6.772088905815552007e-01 -7.282518997964544383e-01 -1.050585025600227762e-01 -4.657023883468892222e+01 7.357907375250631876e-01 -6.702060479600955301e-01 -9.713827180897344205e-02 1.722606646978526896e+02 3.302871824708633608e-04 -1.430839743666823538e-01 9.897104966553662564e-01 2.222060674051245521e-01
-6.745522321681944877e-01 -7.315483618838879432e-01 -9.907714318603930148e-02 -4.671951188009275313e+01 7.382168143365900326e-01 -6.677309259071930736e-01 -9.576714268401079200e-02 1.724344036334204588e+02 3.901423796935095389e-03 -1.377403528822375434e-01 9.904606878015065341e-01 2.759568826444943612e-01
-6.715737757323163581e-01 -7.348188859295305964e-01 -9.502562091312492798e-02 -4.687350597213178105e+01 7.409241909418964322e-01 -6.652414262399903855e-01 -9.211508069409919675e-02 1.725806724154732024e+02 4.472921387358913536e-03 -1.322688538374315881e-01 9.912037849397038469e-01 3.326999033660860139e-01
-6.667431246144213119e-01 -7.393902111188007664e-01 -9.357201227447078939e-02 -4.697369424232413593e+01 7.452871096428200781e-01 -6.613228857553621332e-01 -8.484789317626899308e-02 1.727938225315629950e+02 8.543884652977978833e-04 -1.263097639847990117e-01 9.919904805704814477e-01 2.733374855853993313e-01
-6.606964151198821966e-01 -7.447842004970927077e-01 -9.368426622246818491e-02 -4.711577024906983979e+01 7.506397829748986394e-01 -6.562655705834401498e-01 -7.652069708378597679e-02 1.730125020171144570e+02 -4.490352228151250902e-03 -1.208800875111279982e-01 9.926569604753543441e-01 2.461923560728934701e-01
-6.550579994396228400e-01 -7.501551480339653244e-01 -9.036742360109142891e-02 -4.724552286599011097e+01 7.555683178475786077e-01 -6.509711047971735720e-01 -7.316514049824500432e-02 1.731833535519709528e+02 -3.941374777889798675e-03 -1.162061728019955081e-01 9.932172929261617877e-01 2.668010657967648802e-01
-6.540353536832936854e-01 -7.518631624027427574e-01 -8.330390839640026968e-02 -4.736787257849432109e+01 7.564579534760842439e-01 -6.496126780024316094e-01 -7.599166534090107117e-02 1.733328151295593216e+02 3.020058798005945122e-03 -1.127171397803188591e-01 9.936225267397074123e-01 2.693360579508641273e-01
-6.550188836311265916e-01 -7.513599219917013183e-01 -8.005329294449581301e-02 -4.743573436680561883e+01 7.555898954955957425e-01 -6.504933210633323526e-01 -7.708663358164787038e-02 1.734301316973032385e+02 5.845674604988887468e-03 -1.109806599215426154e-01 9.938053739096963657e-01 2.795862296889771170e-01
-6.552307365840788211e-01 -7.507394375793823293e-01 -8.404152960577573883e-02 -4.756621063786661807e+01 7.554244288097813342e-01 -6.507808358663511594e-01 -7.627736247740223019e-02 1.735781825416219704e+02 2.571807321990186856e-03 -1.134662968995024807e-01 9.935385172578929946e-01 2.773924103214012726e-01
-6.557331277827445071e-01 -7.497177904804942505e-01 -8.909152465473536842e-02 -4.774420716074089910e+01 7.549919428859065418e-01 -6.513243955936296459e-01 -7.591902187171331584e-02 1.737472864387007689e+02 -1.109642115159223397e-03 -1.170460009638914223e-01 9.931258743748130335e-01 2.418774218956400712e-01
-6.588768192689509196e-01 -7.467920739522023732e-01 -9.045957833307897988e-02 -4.792755243729578751e+01 7.522494770464217551e-01 -6.543239412261077081e-01 -7.733630597409041352e-02 1.738904593581719382e+02 -1.435727486358978622e-03 -1.190032697891175439e-01 9.928928242595388420e-01 2.179598208104034374e-01
-6.619421415193957881e-01 -7.442800429739605539e-01 -8.876834408389200348e-02 -4.805178823592785875e+01 7.495544107085810870e-01 -6.571432170735624911e-01 -7.956744083807762435e-02 1.740608063798450758e+02 8.869430807107725467e-04 -1.192057460229531407e-01 9.928691774081229715e-01 2.278209977544100595e-01
-6.604029407190135093e-01 -7.458203485239862651e-01 -8.729240297551446592e-02 -4.811260963595255902e+01 7.509090012515453605e-01 -6.556285361049267735e-01 -7.928993936381723007e-02 1.742131363375193018e+02 1.904659834850004618e-03 -1.179119602604881134e-01 9.930222262862209437e-01 2.329282622551717696e-01
-6.587720869955566716e-01 -7.473356475077015393e-01 -8.665314396929293950e-02 -4.820890350677819214e+01 7.523425517782240668e-01 -6.543650769474171902e-01 -7.607253680159961617e-02 1.743749053764666996e+02 1.489273269749194495e-04 -1.153073112852997517e-01 9.933298554784338874e-01 2.232128260117964280e-01
-6.559903631743624342e-01 -7.494949368974425097e-01 -8.907290826882638402e-02 -4.839195463311719436e+01 7.547646862168931881e-01 -6.518134193554026012e-01 -7.395630323463059375e-02 1.745338951630079407e+02 -2.629042084626269371e-03 -1.157437078778654482e-01 9.932756325534219943e-01 2.366870667533382266e-01
-6.530429883412169900e-01 -7.517247680268669408e-01 -9.189520397347397673e-02 -4.858508603037872575e+01 7.573006049432414732e-01 -6.490871739538894847e-01 -7.198357007785791128e-02 1.746837158112403472e+02 -5.536165728534991892e-03 -1.166006592756081428e-01 9.931634493503673777e-01 2.445444472893314181e-01
-6.504387160926714539e-01 -7.533832805399010013e-01 -9.665976003826165508e-02 -4.868904250889573859e+01 7.594991385868326006e-01 -6.466939755364520259e-01 -7.034174074273602528e-02 1.747929165657945418e+02 -9.514993093893218956e-03 -1.191659960214984104e-01 9.928287517485718805e-01 2.198601662945953994e-01
-6.520384769113671819e-01 -7.515471468880750017e-01 -1.001134887590057476e-01 -4.885537645476544100e+01 7.581252633792230355e-01 -6.479471452086160710e-01 -7.355665872094227509e-02 1.749845038867863423e+02 -9.586952241928611840e-03 -1.238603367523264942e-01 9.922533483573191537e-01 1.936027118391820956e-01
-6.546434009358321759e-01 -7.494249870209589437e-01 -9.901619281614061630e-02 -4.899482552263214785e+01 7.558987417657315744e-01 -6.503018754238765187e-01 -7.566084203320212753e-02 1.750939378235357253e+02 -7.688290326941085717e-03 -1.243770865104379536e-01 9.922052360993786069e-01 1.890533282325518871e-01
-6.551980001779997842e-01 -7.492168509932870535e-01 -9.690041666810685073e-02 -4.911293483385870218e+01 7.554209346279077142e-01 -6.510114323531437375e-01 -7.431908551244928440e-02 1.752392897009130479e+02 -7.402167834382605838e-03 -1.218943195280694780e-01 9.925154823871215060e-01 1.943650406758598015e-01
-6.546636993867762655e-01 -7.499092134958903477e-01 -9.513996121082018975e-02 -4.920117629193764941e+01 7.558512250560190937e-01 -6.510994755640790999e-01 -6.898114598567391120e-02 1.754037375135214347e+02 -1.021598191738993383e-02 -1.170711084519010931e-01 9.930709890432338760e-01 1.927069139128659292e-01
-6.533773043656163626e-01 -7.514267717208235053e-01 -9.195599426433721801e-02 -4.931907265096939597e+01 7.569588257593510283e-01 -6.501699292129419216e-01 -6.551640445158363191e-02 1.755569343006543761e+02 -1.055624198974049188e-02 -1.124138331721694639e-01 9.936054024946692209e-01 2.052509638361448840e-01
-6.513619031319606290e-01 -7.536750924306122590e-01 -8.775833976334110331e-02 -4.943618091714000684e+01 7.587365185290920744e-01 -6.480046056574209068e-01 -6.639974771882040105e-02 1.757062478761708348e+02 -6.823972352142514131e-03 -1.098357232255435523e-01 9.939263289121880174e-01 2.240890786059300810e-01
-6.492447708656128302e-01 -7.556240462767072064e-01 -8.668061024285958482e-02 -4.954111178021310735e+01 7.605655287849202306e-01 -6.456944096424104274e-01 -6.796179647900654763e-02 1.758673672751141908e+02 -4.615617810506088270e-03 -1.100501251473880726e-01 9.939153213565387057e-01 2.142860862442036995e-01
-6.472889955518366101e-01 -7.567842184453839049e-01 -9.107471081208540209e-02 -4.969086251632978701e+01 7.622085068515880302e-01 -6.437855945750907694e-01 -6.766313841871715584e-02 1.760225885509291572e+02 -7.426191525142122885e-03 -1.132155242429560560e-01 9.935427000133535413e-01 1.809143970705138771e-01
-6.458049446617353251e-01 -7.574948017131436506e-01 -9.559078840567573898e-02 -4.980087915963687806e+01 7.634169462268952655e-01 -6.425252242143963954e-01 -6.599926107042317081e-02 1.761858478411001840e+02 -1.142539557543349737e-02 -1.155982769153823253e-01 9.932303351741424979e-01 1.481064555489715606e-01
-6.445966866900643133e-01 -7.587031594183245575e-01 -9.415215025077366962e-02 -4.992867994012956956e+01 7.644547151604600410e-01 -6.412764895025697687e-01 -6.613208359186305285e-02 1.763188351395137659e+02 -1.020293963187137581e-02 -1.146035771689252886e-01 9.933589080100678759e-01 1.417483247005432156e-01
-6.439821757146062531e-01 -7.596245507792774854e-01 -9.087078306729501342e-02 -5.005872567015042307e+01 7.650116120216988724e-01 -6.404311992403541876e-01 -6.786097929977369381e-02 1.764435818029454595e+02 -6.647618659665323337e-03 -1.132184653355775561e-01 9.935478792052310215e-01 1.904543755727027277e-01
-6.429247856217226165e-01 -7.607732197021074283e-01 -8.872332397600392329e-02 -5.017757487693450713e+01 7.659219097604507143e-01 -6.391000310024681497e-01 -7.010548139445341165e-02 1.765479964946574114e+02 -3.368706304481633440e-03 -1.130276893364327295e-01 9.935861277519433266e-01 1.968695994586593112e-01
-6.419512216775380420e-01 -7.616122675563358202e-01 -8.857416606670888426e-02 -5.028268588771264547e+01 7.667407569594860695e-01 -6.380549647814945935e-01 -7.067158930489884916e-02 1.767198689907104949e+02 -2.690837027930090275e-03 -1.132811362292166363e-01 9.935593306746742792e-01 1.624252952263119110e-01
-6.412621530411819482e-01 -7.622044522839984682e-01 -8.847159993714157067e-02 -5.041967350333948161e+01 7.673161371655493612e-01 -6.374263597099445455e-01 -7.009694424344042885e-02 1.769127223251051930e+02 -2.965926891793237152e-03 -1.128362036997796192e-01 9.936091758897430681e-01 1.412933624050951575e-01
-6.414351240003999255e-01 -7.621926387917938861e-01 -8.731187244695666483e-02 -5.057757198805758492e+01 7.671722975215382601e-01 -6.376735818675105527e-01 -6.941951385441824662e-02 1.770745213065152370e+02 -2.765431994467534849e-03 -1.115113642632954705e-01 9.937593109128701752e-01 1.480811035032997824e-01
-6.430286670219460543e-01 -7.608941909173625451e-01 -8.691469160154798035e-02 -5.066937949018503673e+01 7.658311242731372648e-01 -6.394728543279530886e-01 -6.765469438408204528e-02 1.771752529638388580e+02 -4.101521976338118325e-03 -1.100658839326398714e-01 9.939158307983650964e-01 1.568567355684444276e-01
-6.453895342386477552e-01 -7.591445710712476647e-01 -8.468688982524695541e-02 -5.074031296873001651e+01 7.638489364831839712e-01 -6.417950116222470580e-01 -6.807323475720239436e-02 1.772856303228337254e+02 -2.674196838457557068e-03 -1.086217440011524038e-01 9.940795568773241886e-01 1.526599143241249013e-01
-6.453647205637544904e-01 -7.597479661593756761e-01 -7.929316091795268751e-02 -5.086649106883013616e+01 7.638712839133220411e-01 -6.415705019583430868e-01 -6.991389439541711992e-02 1.774462802532481476e+02 2.244786021204973891e-03 -1.056897295559643124e-01 9.943966220789902666e-01 1.429287597091769557e-01
-6.449499983405571069e-01 -7.605937689105607413e-01 -7.440845607149566832e-02 -5.101648720770362644e+01 7.642018326413250184e-01 -6.411120739433531224e-01 -7.050438023053838543e-02 1.775921348912220594e+02 5.921032693328942553e-03 -1.023348784065362532e-01 9.947323831229000213e-01 1.327585238317365579e-01
-6.442650897475381555e-01 -7.612616368272514533e-01 -7.350656043980591248e-02 -5.111572414179052970e+01 7.647773829444802773e-01 -6.404864616175263148e-01 -6.994745900497929825e-02 1.777570206020533590e+02 6.168360332271506652e-03 -1.012808608758602597e-01 9.948387500248750959e-01 1.302569490274175235e-01
-6.456152280892684114e-01 -7.601621449808060316e-01 -7.303759714983734663e-02 -5.121249280184751029e+01 7.636403091411450017e-01 -6.419015199141488992e-01 -6.939680818828738995e-02 1.779003924111258925e+02 5.869881945872200413e-03 -1.005780894135765713e-01 9.949118515807598984e-01 1.130598388825264367e-01
-6.468558674844664402e-01 -7.589515644432461849e-01 -7.463249647484684890e-02 -5.133276116532205435e+01 7.625906675594426032e-01 -6.429958242238149602e-01 -7.079437676808017499e-02 1.779992676368452464e+02 5.741119417193941976e-03 -1.027078033057198525e-01 9.946950018412433758e-01 1.232908237056673240e-01
-6.491227947514190966e-01 -7.568202702442132779e-01 -7.656811269441235468e-02 -5.148968645454667836e+01 7.606613835738682550e-01 -6.450371776922219080e-01 -7.294723390466931190e-02 1.781397818775772919e+02 5.818665963675938302e-03 -1.055941188813559195e-01 9.943922893828538445e-01 1.378130869624715482e-01
-6.523851829842219896e-01 -7.540113899050082669e-01 -7.655322929936593523e-02 -5.161823813824356932e+01 7.578522225022263914e-01 -6.480427337508147811e-01 -7.550247731834293374e-02 1.782658886679949433e+02 7.319963871461068750e-03 -1.072727324453362358e-01 9.942026850711236374e-01 1.158354373882389265e-01
-6.550239120380560998e-01 -7.520606407442566033e-01 -7.313321613124833254e-02 -5.172794725385104186e+01 7.555165721313635840e-01 -6.503627939411269487e-01 -7.888564820020359247e-02 1.783512007231441885e+02 1.176366835795219015e-02 -1.069253426481780317e-01 9.941974588613339270e-01 8.013684157484923798e-02
-6.572169852880234142e-01 -7.504197910247881742e-01 -7.025646936215737548e-02 -5.179896859798125064e+01 7.535806295836914304e-01 -6.525817728804337303e-01 -7.907758481692463148e-02 1.784772682049099899e+02 1.349329334038502567e-02 -1.049150463114990467e-01 9.943896439989137193e-01 1.076206084168128685e-01
-6.591527478894785297e-01 -7.488223746386694080e-01 -6.915711236203142542e-02 -5.194963105526878877e+01 7.518698465481615800e-01 -6.544684384894026152e-01 -7.976714156147202139e-02 1.786713047044648590e+02 1.447027302418551348e-02 -1.045758780108878017e-01 9.944116335486313796e-01 1.463350295251348299e-01
-6.606309180667557790e-01 -7.475831984661261975e-01 -6.845547067570872946e-02 -5.208566140965540114e+01 7.505399094600003762e-01 -6.557828501538582877e-01 -8.147820415213738454e-02 1.788096773772651886e+02 1.601981279699073862e-02 -1.052055835744451773e-01 9.943214524401602361e-01 1.139285407972163155e-01
-6.623810813350874405e-01 -7.461077511823211994e-01 -6.763524757860800429e-02 -5.221711502943579575e+01 7.489743340608044919e-01 -6.574586971528930679e-01 -8.237419775751765594e-02 1.789533924918583523e+02 1.699264568966430550e-02 -1.052201746989604586e-01 9.943037588326747445e-01 7.108584504442778951e-02
-6.644560153792420376e-01 -7.442336275676594282e-01 -6.793019375670841797e-02 -5.233748975241832824e+01 7.471523692018448015e-01 -6.595833522216993927e-01 -8.193374560006735918e-02 1.790575393713900496e+02 1.617222379302460031e-02 -1.051955753321822673e-01 9.943200441045727533e-01 8.464818329790535500e-02
-6.681695882398279718e-01 -7.409855229545991850e-01 -6.700638867390018572e-02 -5.240745604359287313e+01 7.438389716263238416e-01 -6.633768757994886744e-01 -8.145369816283722086e-02 1.791881987941527257e+02 1.590552235267788522e-02 -1.042668472056618584e-01 9.944221633353108603e-01 1.017417812713863751e-01
-6.715504958096536470e-01 -7.382927940399439670e-01 -6.279874080346917187e-02 -5.250288734510493072e+01 7.407495908104244631e-01 -6.669314625329074708e-01 -8.057585244914253209e-02 1.792890016424340729e+02 1.760611518754505098e-02 -1.006288952160868666e-01 9.947682394184047538e-01 8.756786320042539429e-02
-6.735361177539702648e-01 -7.367310847600830881e-01 -5.980306705464306927e-02 -5.260944197213067497e+01 7.389188314539548719e-01 -6.690720266683911621e-01 -7.963406088210314704e-02 1.794023197829601486e+02 1.865632878228663805e-02 -9.782602863289435735e-02 9.950286475867332614e-01 1.001993359960993840e-01
-6.740152234940255394e-01 -7.363794909752944262e-01 -5.872583561998652446e-02 -5.274420720555249176e+01 7.384828313628416518e-01 -6.696651905933124205e-01 -7.868697662220817957e-02 1.795657490225688093e+02 1.861682788823674009e-02 -9.640424149688324451e-02 9.951681445568836271e-01 1.280457829420640070e-01
-6.737559350750703668e-01 -7.366510963146746249e-01 -5.829324360083418255e-02 -5.285599475775406120e+01 7.386952724877740017e-01 -6.693340191098751113e-01 -7.950638506708274100e-02 1.796925705490668008e+02 1.955081469738583974e-02 -9.662884228122531338e-02 9.951284502435143731e-01 1.027194627658052917e-01
-6.745841925440425602e-01 -7.358507941491352344e-01 -5.881985990964012923e-02 -5.297928156319164117e+01 7.378946645579933517e-01 -6.698793924249777376e-01 -8.229862466159498791e-02 1.798106115671767213e+02 2.115729629582425997e-02 -9.892021206219930862e-02 9.948704239543058048e-01 8.846392327343144402e-02
-6.766287116087847942e-01 -7.341307396725404999e-01 -5.679475058915672142e-02 -5.307243677023651429e+01 7.358896721468317637e-01 -6.715646100666436968e-01 -8.641391631945069540e-02 1.799081237789914667e+02 2.529776777236002888e-02 -1.002648072550148817e-01 9.946391262019861346e-01 8.631988439166188298e-02
-6.777978128949548875e-01 -7.333340506105895384e-01 -5.302164699328909547e-02 -5.314860044962667729e+01 7.346697132615757075e-01 -6.726406388259691393e-01 -8.840239485413356468e-02 1.799845464602731795e+02 2.916397179688749730e-02 -9.887234808002415276e-02 9.946726705475389396e-01 9.011323265730933341e-02
-6.794379749458434592e-01 -7.319812083831328531e-01 -5.067098553866915961e-02 -5.325220913465140171e+01 7.332201913152561756e-01 -6.747608321725855340e-01 -8.417820628511356318e-02 1.801047027825855764e+02 2.742606878702460310e-02 -9.434685972372659768e-02 9.951615350339666488e-01 8.798478340837023737e-02
-6.800537281133591794e-01 -7.314637431684202218e-01 -4.987704190471609067e-02 -5.334234385554562152e+01 7.327953168360151759e-01 -6.759864936273505265e-01 -7.780285378187590251e-02 1.802336547085450320e+02 2.319375998680276926e-02 -8.945978349763292203e-02 9.957203405747173663e-01 8.403280084225311919e-02
-6.792872639538427570e-01 -7.323879106818959039e-01 -4.665577474558436910e-02 -5.350662350285724500e+01 7.335190831358900931e-01 -6.756139449700806487e-01 -7.413199064809330996e-02 1.803669572768687601e+02 2.277208171394719260e-02 -8.457981821317075988e-02 9.961564569109815359e-01 9.346818908401577364e-02
-6.788418787363041940e-01 -7.330920632136482817e-01 -4.182978038337097776e-02 -5.361820923247449855e+01 7.337996668840288672e-01 -6.752222425746619017e-01 -7.491977051041021074e-02 1.805432838599095930e+02 2.667869102210431581e-02 -8.155335667892935070e-02 9.963118474954246739e-01 1.022783714298755031e-01
-6.787874863202270070e-01 -7.333723292069572741e-01 -3.758424096121634750e-02 -5.372198362574145847e+01 7.336600825741182996e-01 -6.750815596083621362e-01 -7.750981301796516787e-02 1.805910114924574543e+02 3.147112410458643983e-02 -8.018674847070689227e-02 9.962829185112476171e-01 1.106881762880653208e-01
-6.780354189626818240e-01 -7.340878350382834538e-01 -3.718899139405280191e-02 -5.379067195626589637e+01 7.343463808325935149e-01 -6.743575317569010519e-01 -7.731307988181748692e-02 1.806903227770173146e+02 3.167591498556317914e-02 -7.973060774600052025e-02 9.963130364490272450e-01 1.030736749317369139e-01
-6.761600644260850057e-01 -7.357168186483064032e-01 -3.909386183696755140e-02 -5.384778108941219443e+01 7.361567397071878682e-01 -6.725219346874911075e-01 -7.607563307576216405e-02 1.808241360250052026e+02 2.967864314615272642e-02 -8.021851483422780260e-02 9.963353692501305536e-01 9.486494200584849601e-02
-6.721105150261279526e-01 -7.393164392015592057e-01 -4.097143294589897233e-02 -5.395328623010602342e+01 7.399878042721124149e-01 -6.687045836364509110e-01 -7.247226608944148940e-02 1.809790438042505514e+02 2.618215269703766043e-02 -7.902773279000296913e-02 9.965285306152659173e-01 8.929163850953736326e-02
-6.691151986949903652e-01 -7.419306277767517832e-01 -4.270590640835468521e-02 -5.407891731773464272e+01 7.427713158367651447e-01 -6.658060614493908069e-01 -7.066159428834756229e-02 1.811362337923874009e+02 2.399214966368691526e-02 -7.900146899928778277e-02 9.965857437523726325e-01 9.779514021921797973e-02
-6.677449451561290328e-01 -7.432192392069626452e-01 -4.173548479485852947e-02 -5.417702367729176416e+01 7.439467214184481980e-01 -6.643625327213369403e-01 -7.187280992720597450e-02 1.812355577262970883e+02 2.568976273109958852e-02 -7.904168260300352411e-02 9.965402392789294295e-01 9.015018783981565420e-02
-6.672056189778043933e-01 -7.438641329158572901e-01 -3.876614200285447009e-02 -5.423084461633294495e+01 7.443374024287165991e-01 -6.638474480817648793e-01 -7.258372421555650544e-02 1.812606381732386467e+02 2.825762463683839307e-02 -7.728335808354205860e-02 9.966086439587078516e-01 7.477831733911433076e-02
-6.690903310264690873e-01 -7.422328404439170191e-01 -3.753051416441004901e-02 -5.430733723800431534e+01 7.427221084611342894e-01 -6.660493794898574293e-01 -6.886286142924245846e-02 1.813471531701820822e+02 2.611510156858186729e-02 -7.395021736094280207e-02 9.969199400264456834e-01 1.204602635354571349e-01
-6.778828464975408252e-01 -7.341365224644461618e-01 -3.896681675736384659e-02 -5.446246279839989057e+01 7.348480738888397701e-01 -6.750653107171384892e-01 -6.546093925568233218e-02 1.814967535070806264e+02 2.175212004045535413e-02 -7.300953807677271201e-02 9.970940039051292558e-01 1.158718811871875115e-01
-6.916770083257153257e-01 -7.210364909651798548e-01 -4.110103222802746065e-02 -5.461107320224399331e+01 7.219971212886842071e-01 -6.889835071351599893e-01 -6.341832342934543287e-02 1.816331153785796744e+02 1.740899205704848907e-02 -7.353982317327149854e-02 9.971403218219597742e-01 7.901308782441426870e-02
-7.069236489396553136e-01 -7.060958052407666496e-01 -4.108124135462915688e-02 -5.469204202091633249e+01 7.071243090421335253e-01 -7.043083749567593532e-01 -6.264921809132895092e-02 1.816931960369249737e+02 1.530248775621604294e-02 -7.333775826382374352e-02 9.971897548016164237e-01 6.425268410684631393e-02
-7.182485970931056229e-01 -6.948175488050508664e-01 -3.670867263094423905e-02 -5.475625396283567881e+01 6.955359225580216576e-01 -7.155739117125290427e-01 -6.468197050021773364e-02 1.817470517071112965e+02 1.867439972654246633e-02 -7.198993505324324804e-02 9.972305230215745553e-01 7.659712032682453042e-02
-7.258003005349580317e-01 -6.872348453471546215e-01 -3.036759924718093404e-02 -5.485976625887069957e+01 6.874718902382614960e-01 -7.230686423570733545e-01 -6.748435798117298490e-02 1.818318454299247264e+02 2.441974356124064147e-02 -6.985703816060152838e-02 9.972580760985751969e-01 1.048600977426377701e-01
-7.319748970682156131e-01 -6.806528241673457380e-01 -3.040531228243430542e-02 -5.498693827706829040e+01 6.808827583092764701e-01 -7.291443641796868658e-01 -6.889967795390944394e-02 1.818984867107571688e+02 2.472689829168868078e-02 -7.113528757246481704e-02 9.971601432883562266e-01 1.222557055778905610e-01
-7.394286707338124653e-01 -6.724520349209262005e-01 -3.245768980586138941e-02 -5.507627648061834691e+01 6.728733315390096337e-01 -7.365922788119814157e-01 -6.836149865360756361e-02 1.819921369546501637e+02 2.206174518079071639e-02 -7.238836595253801687e-02 9.971324906321623605e-01 8.899463049031891559e-02
-7.483985201207454807e-01 -6.622620798083155291e-01 -3.617447620965118238e-02 -5.519126007092268793e+01 6.630504596027485542e-01 -7.457250033477305085e-01 -6.525570781633854844e-02 1.820536183237815067e+02 1.624016938526760129e-02 -7.282277823587743337e-02 9.972126653168550403e-01 6.625242249724738741e-02
-7.594335399517100349e-01 -6.495265571604751376e-01 -3.709379920788979934e-02 -5.531569957579094421e+01 6.504757984860436437e-01 -7.570269168082981448e-01 -6.157501775612206352e-02 1.821257633949198009e+02 1.191360484317419144e-02 -7.089075236575423378e-02 9.974129371773047259e-01 7.136809492732752724e-02
-7.703610839818908484e-01 -6.367046074027199465e-01 -3.392702755024457062e-02 -5.543439452742372708e+01 6.374575498622846448e-01 -7.679330263968227044e-01 -6.266369836348928413e-02 1.822110043900675294e+02 1.384458052162020752e-02 -6.990071445390094729e-02 9.974578776615153908e-01 8.516863508502336977e-02
-7.814182979852437594e-01 -6.233236688110862511e-01 -2.920697645653687335e-02 -5.556521129075787258e+01 6.237578445788430903e-01 -7.789254643848655402e-01 -6.481722193351173444e-02 1.822892016479225106e+02 1.765205087805313267e-02 -6.886744392461098541e-02 9.974696387695664024e-01 9.849786148226569171e-02
-7.933777031577953220e-01 -6.080895486484528822e-01 -2.790915542580976391e-02 -5.568837925590816695e+01 6.084849200937162417e-01 -7.909247197893882753e-01 -6.468531243351390014e-02 1.823595422656823075e+02 1.726042150716255649e-02 -6.830218481570259070e-02 9.975153579764056699e-01 8.443015543616277929e-02
-8.050635471755100969e-01 -5.924444550236190876e-01 -2.970273928364777077e-02 -5.583081469592948309e+01 5.930324243659351735e-01 -8.026931305584903420e-01 -6.321615145571492234e-02 1.824671885336672688e+02 1.360987361611771390e-02 -6.850770661741308054e-02 9.975577504456449862e-01 7.221260532184081704e-02
-8.161169339780462995e-01 -5.770381864749494216e-01 -3.130625215471984774e-02 -5.595700811969376076e+01 5.778044707002891744e-01 -8.138879966453116399e-01 -6.105999144644631144e-02 1.825712815878254958e+02 9.754163881755402790e-03 -6.792098546386717006e-02 9.976430203337188773e-01 5.924089079941351893e-02
-8.245010192877191280e-01 -5.650598352668184665e-01 -3.009072551049869065e-02 -5.612296607056347142e+01 5.657917293938022896e-01 -8.224055821705122948e-01 -5.940351306405425996e-02 1.826105716759079485e+02 8.819758674850047830e-03 -6.600334069588333075e-02 9.977804221740876889e-01 6.290719662309440796e-02
-8.341985888760601320e-01 -5.506695609254780299e-01 -2.959305640403440268e-02 -5.624614612143142978e+01 5.513860251240515487e-01 -8.319753117444845802e-01 -6.156729607159384943e-02 1.826421528265031213e+02 9.282543567894855144e-03 -6.767654924573053565e-02 9.976641313924743404e-01 1.042485333802126712e-01
-8.441806485807370475e-01 -5.352336675690655410e-01 -2.973135823291319507e-02 -5.634400896188828511e+01 5.359650575305606734e-01 -8.416966813785078383e-01 -6.548399546965755214e-02 1.826594312147007031e+02 1.002445350478227415e-02 -7.121529089299857840e-02 9.974105938253092773e-01 9.606248921510945893e-02
-8.546706376182018339e-01 -5.181892062626120010e-01 -3.190685986149534997e-02 -5.647209493707441652e+01 5.190990105931624354e-01 -8.519169513383142434e-01 -6.909215023164883007e-02 1.827630617685850609e+02 8.620811707531312110e-03 -7.561385147813279306e-02 9.970999082690491511e-01 7.728346668066117531e-02
-8.648696368014154867e-01 -5.008403724192967976e-01 -3.405044337285693945e-02 -5.665188696321963135e+01 5.019517980816498026e-01 -8.618954203499655797e-01 -7.197691839996515906e-02 1.828278636256853815e+02 6.701025413080662768e-03 -7.934233255114590821e-02 9.968249046466267638e-01 5.782944596672681681e-02
-8.741131739956662372e-01 -4.845943437764108075e-01 -3.308294163359053880e-02 -5.683457034235000549e+01 4.856888426420044591e-01 -8.712236944964850682e-01 -7.124340166615414360e-02 1.828530876043440969e+02 5.701506843980885461e-03 -7.834281158986172722e-02 9.969101748361802739e-01 2.684775759645813276e-02
-8.824551760565368941e-01 -4.693536621132451958e-01 -3.130498541626050568e-02 -5.699762826389040526e+01 4.703590840250513883e-01 -8.795895064335448321e-01 -7.130660731732881008e-02 1.828872837963637323e+02 5.932480606061499989e-03 -7.764946898001760800e-02 9.969630713526855814e-01 4.119544209922354483e-02
-8.901845872952187655e-01 -4.547404356168933681e-01 -2.797385845748012745e-02 -5.717446424641383373e+01 4.555372767690614166e-01 -8.873634459393777707e-01 -7.121730326557479396e-02 1.829329238298172697e+02 7.562408073397914113e-03 -7.613968101818779921e-02 9.970684825821043429e-01 6.583449769693242026e-02
-8.981262891673413851e-01 -4.389460619321428059e-01 -2.637277802517944483e-02 -5.729406984123438917e+01 4.396824642277560313e-01 -8.954473685188155674e-01 -6.966592325762550886e-02 1.830300298388295062e+02 6.964147981623817346e-03 -7.416444516743046778e-02 9.972217084058575542e-01 6.347354658315612630e-02
-9.056226319726665697e-01 -4.231277181778841934e-01 -2.847073178683194247e-02 -5.744217571578334258e+01 4.240668982869885140e-01 -9.029306607769898019e-01 -6.988195479580125435e-02 1.830982989798974074e+02 3.861895409468827506e-03 -7.536017475037101732e-02 9.971489005286220397e-01 6.481032459948377067e-02
-9.124380927402833130e-01 -4.081900893768906080e-01 -2.894093728545140548e-02 -5.760889839556437408e+01 4.092080681276006882e-01 -9.097337124511277739e-01 -7.023766375076530288e-02 1.831137955379590210e+02 2.341771925539901100e-03 -7.593038498766323252e-02 9.971103713931943613e-01 1.790433595060930694e-02
-9.188787077935394176e-01 -3.935563964702462614e-01 -2.784390707192359316e-02 -5.777337869660682657e+01 3.945335611606011761e-01 -9.161648252349943178e-01 -7.060653029335868525e-02 1.831314704969643685e+02 2.278043373113223038e-03 -7.586419313145766063e-02 9.971155573547647588e-01 -1.341813849561680760e-02
-9.248191916724450845e-01 -3.795202892325680311e-01 -2.595790390525127764e-02 -5.786325874286720961e+01 3.803953309495428647e-01 -9.221015422231584324e-01 -7.090936483611734453e-02 1.831775873945506703e+02 2.975719427988202104e-03 -7.545260691653898899e-02 9.971449489434242031e-01 1.234733403111505125e-02
-9.311033781169471002e-01 -3.638905910090857176e-01 -2.510253043555056573e-02 -5.796017584037102210e+01 3.647501281221334768e-01 -9.285125067069646132e-01 -6.943967830884897885e-02 1.832092702990005364e+02 1.960432119886919636e-03 -7.381167024128021392e-02 9.972702713116919915e-01 3.109003049762981696e-02
-9.376754886515630272e-01 -3.465927913017299855e-01 -2.526093821947426529e-02 -5.806509494124011894e+01 3.475121167650138676e-01 -9.351777638569656048e-01 -6.839501947499333767e-02 1.832130405840455296e+02 8.175299395722299134e-05 -7.291081541966727697e-02 9.973384612614151212e-01 1.360275754308944152e-02
-9.440917401273773990e-01 -3.286718601688290442e-01 -2.579911929548521499e-02 -5.824523937348502045e+01 3.296795724417225792e-01 -9.415365492177907303e-01 -6.942842358644044087e-02 1.833200322015599966e+02 -1.471644625584479435e-03 -7.405224385673175869e-02 9.972532774786349030e-01 -3.738860042225067293e-03
-9.488274735393911197e-01 -3.147138157103738232e-01 -2.610822969625822831e-02 -5.844510634504995039e+01 3.157832231160544456e-01 -9.462555311544280645e-01 -6.986720087485352726e-02 1.833360886860891128e+02 -2.716883378406330374e-03 -7.453646061269512957e-02 9.972145880321047207e-01 -8.509369496485494344e-03
-9.534973713287999697e-01 -3.001565129331965065e-01 -2.736476955598916849e-02 -5.863844657339308952e+01 3.013552135539473986e-01 -9.510022475959170052e-01 -6.913581077393440855e-02 1.833702499550072105e+02 -5.272393471976543136e-03 -7.416732981103146827e-02 9.972318732650788942e-01 -6.383007996233425185e-03
-9.588272935827244492e-01 -2.826165148912365144e-01 -2.789492053331432339e-02 -5.879245588309295556e+01 2.838961343537038662e-01 -9.563987217234353189e-01 -6.858913897114526925e-02 1.833835516999556603e+02 -7.294242925222859525e-03 -7.368439859638425959e-02 9.972549340181963151e-01 2.932459263501704938e-03
-9.638462217649019781e-01 -2.651504121403045477e-01 -2.637649960381766370e-02 -5.893931648618845287e+01 2.663612221216009601e-01 -9.614429862622262402e-01 -6.840382677204670525e-02 1.834056276845103355e+02 -7.222197685656694260e-03 -7.295644665826087061e-02 9.973089775749487407e-01 -1.118691418869127707e-02
-9.681285794404070888e-01 -2.488815771923282016e-01 -2.801810494946012364e-02 -5.907474592172196992e+01 2.502321898506996711e-01 -9.659046118099463563e-01 -6.642388159992179686e-02 1.834346174321207172e+02 -1.053113636903361267e-02 -7.131788989122020417e-02 9.973980417808331334e-01 -1.553782326926289592e-02
-9.720415056620108629e-01 -2.328571691661682208e-01 -3.021340825278019671e-02 -5.922995267978490830e+01 2.343723316740574103e-01 -9.700125221283091292e-01 -6.438413671038863140e-02 1.834598638437045111e+02 -1.431507652778291929e-02 -6.966524012873921701e-02 9.974677102051017208e-01 -2.299668204573682845e-02
-9.762169880326307947e-01 -2.143187875296529155e-01 -3.267796793434235569e-02 -5.941426378533360975e+01 2.160964731527522387e-01 -9.740473010433521317e-01 -6.733624299813090186e-02 1.834349029983021921e+02 -1.739846451386587584e-02 -7.279637794547877405e-02 9.971950565413864043e-01 -2.892416472967584973e-02
-9.795169079570020809e-01 -1.984075422486651918e-01 -3.436676017895863577e-02 -5.954203543335602689e+01 2.004142591671125850e-01 -9.771419666122818093e-01 -7.090628891417177782e-02 1.833756558935811540e+02 -1.951286111392569467e-02 -7.634149765315520475e-02 9.968907783640201803e-01 -3.280972765828818472e-02
-9.822441025284143201e-01 -1.841652708742315125e-01 -3.577256004218488938e-02 -5.970291211148867916e+01 1.863876708495162959e-01 -9.796612772273292080e-01 -7.431970167197216037e-02 1.834239476683461589e+02 -2.135788387090733348e-02 -7.966765281555307499e-02 9.965926479216156153e-01 -4.223344708090196603e-02
-9.843720106754219046e-01 -1.720837731253876957e-01 -3.740213397332397410e-02 -5.984675482634537502e+01 1.744947015527431033e-01 -9.817625186902818601e-01 -7.545830653370359797e-02 1.834312568168039093e+02 -2.373486315207008063e-02 -8.080551912985496632e-02 9.964472511625024342e-01 -7.737265583719632467e-02
-9.861642920930180356e-01 -1.608119644580299490e-01 -4.024302533144383243e-02 -6.003466699648269156e+01 1.635203206647055929e-01 -9.835425059675331205e-01 -7.684558337873569067e-02 1.834093057858995337e+02 -2.722303675914533594e-02 -8.236292273988139734e-02 9.962305231357622137e-01 -9.539850970463716051e-02
-9.880295340775264723e-01 -1.483055698547033063e-01 -4.246289840105805374e-02 -6.018369803518232430e+01 1.512262805347675820e-01 -9.855160692161091252e-01 -7.673779637473451820e-02 1.833750624202985193e+02 -3.046722609898452200e-02 -8.224071538418276095e-02 9.961466824052225277e-01 -9.813833605126032200e-02
-9.900128746158847193e-01 -1.345229263601639136e-01 -4.216740895871159966e-02 -6.030424282815193493e+01 1.374264433478744329e-01 -9.876029789657132518e-01 -7.585729105895720747e-02 1.834016348831340792e+02 -3.144011392388344761e-02 -8.089461182024308694e-02 9.962266715034814313e-01 -1.001872753607715716e-01
-9.917137985847810366e-01 -1.219103665745472354e-01 -4.051671529387969317e-02 -6.046912050345412126e+01 1.246673003823700054e-01 -9.894026255463186370e-01 -7.443459395619975161e-02 1.834468918938954971e+02 -3.101299585524934510e-02 -7.886892343446763598e-02 9.964024723997679800e-01 -8.739970388500536980e-02
-9.932821183979803070e-01 -1.081919566169993741e-01 -4.105038117003734915e-02 -6.065300882439817798e+01 1.109654852255656798e-01 -9.911617295454400178e-01 -7.269860365334659957e-02 1.834806647513462963e+02 -3.282216262641448473e-02 -7.676539850659891417e-02 9.965087953614099048e-01 -9.902749283661935187e-02
-9.948449152468032963e-01 -9.200596009201410241e-02 -4.264384967527325154e-02 -6.077940677270584757e+01 9.492948464716290113e-02 -9.928380062059083411e-01 -7.253334666000796349e-02 1.834663593167755380e+02 -3.566493449040185337e-02 -7.620758978358740943e-02 9.964539205137243894e-01 -1.156219118283459829e-01
-9.961089561407161508e-01 -7.674313355634457268e-02 -4.332942358496857244e-02 -6.088049428089536974e+01 7.983188708748162332e-02 -9.940025027572716443e-01 -7.473884074784252485e-02 1.834246097114584870e+02 -3.733386264913068214e-02 -7.790709829170151812e-02 9.962613445956151059e-01 -1.195541872417694163e-01
-9.972100761724684848e-01 -6.077056405243275866e-02 -4.334746272677632989e-02 -6.100775512670374923e+01 6.399817403830908302e-02 -9.949414868512078680e-01 -7.743172129089208322e-02 1.833813822329883010e+02 -3.842261963820787357e-02 -7.998985115036318094e-02 9.960548810246754314e-01 -1.399240332862577707e-01
-9.979577720766890092e-01 -4.649590745413707121e-02 -4.379972307843933016e-02 -6.112654255341453791e+01 4.991164578731490525e-02 -9.955103052651592677e-01 -8.042424836870834537e-02 1.833328560056322090e+02 -3.986367728312657094e-02 -8.244611998685200116e-02 9.957979335852130687e-01 -1.494564943791102940e-01
-9.985148969074857384e-01 -3.293889396218334376e-02 -4.339389263919391643e-02 -6.128197046961346217e+01 3.641323346496894153e-02 -9.959774028918602085e-01 -8.187239679777021106e-02 1.833172205449450018e+02 -4.052255029560099947e-02 -8.333091979171901309e-02 9.956976854066733607e-01 -1.578435607588935252e-01
-9.988389411971174692e-01 -1.710279837656708199e-02 -4.503625024257742332e-02 -6.143653743169126358e+01 2.065832110160753868e-02 -9.966044138575498312e-01 -7.970493114552461289e-02 1.833611378898354474e+02 -4.352014840834573378e-02 -8.054276235230846404e-02 9.958006126304478345e-01 -1.729197522776095841e-01
-9.988025217132814326e-01 -2.866394996158999446e-03 -4.883959867686587381e-02 -6.159350888818440239e+01 6.532265489223770642e-03 -9.971571661637923523e-01 -7.506607406661487680e-02 1.833730428926533307e+02 -4.848558679411459765e-02 -7.529521729779527217e-02 9.959818161619760080e-01 -1.803198949687689900e-01
-9.985669477753127410e-01 1.075387414885779942e-02 -5.242523248862862584e-02 -6.175286377678934713e+01 -7.080548953672180165e-03 -9.975389130831548989e-01 -6.975659618554408414e-02 1.833571125394164483e+02 -5.304636309127032379e-02 -6.928543191515038058e-02 9.961855310569011079e-01 -1.730808421666843455e-01
-9.983681584531407527e-01 2.399146950437453310e-02 -5.182113061198727333e-02 -6.186374476169955727e+01 -2.045285182756119771e-02 -9.974914492571460567e-01 -6.776790915321313780e-02 1.832918240106729684e+02 -5.331698640211958440e-02 -6.659743275756947745e-02 9.963543952385101043e-01 -1.649735447279723211e-01
-9.981035184086544110e-01 3.685655036341729113e-02 -4.930477903382900901e-02 -6.199081779828432559e+01 -3.343299355293637837e-02 -9.970876319403561006e-01 -6.854552628481989929e-02 1.832665352558024381e+02 -5.168753701188647659e-02 -6.676712459648466436e-02 9.964288984121056902e-01 -1.799025312801812437e-01
-9.974455036112166439e-01 5.100011864198019523e-02 -5.001455012565302755e-02 -6.210278179091308459e+01 -4.746048154164832916e-02 -9.964472114887332754e-01 -6.957339583607866085e-02 1.832513366011616540e+02 -5.338511044853586768e-02 -6.702195621460757535e-02 9.963222808748004589e-01 -1.821757085318891356e-01
-9.964197395251084277e-01 6.662735412968866233e-02 -5.204323554884977138e-02 -6.225757922836661606e+01 -6.285081075357280833e-02 -9.954863338624908575e-01 -7.111072127771565776e-02 1.832605712197072592e+02 -5.654624896785443583e-02 -6.758516682449962343e-02 9.961098167134836423e-01 -2.036452718597046296e-01
-9.954167563950921949e-01 8.060870079626562823e-02 -5.145598550035146435e-02 -6.240154633517271776e+01 -7.675508616707239773e-02 -9.943796162993352450e-01 -7.292349028860614646e-02 1.832573085090457425e+02 -5.704505092783727915e-02 -6.863975556720219862e-02 9.960092600575133348e-01 -2.183949535363075845e-01
-9.942963282915437961e-01 9.461963493591207808e-02 -4.921317131164797132e-02 -6.253486364143374487e+01 -9.098812256746277582e-02 -9.932869342726846629e-01 -7.142987998604140298e-02 1.832391194136129400e+02 -5.564146922577849208e-02 -6.654465333718882769e-02 9.962308146281313448e-01 -2.299671803887460841e-01
-9.929707261627731540e-01 1.067146800118492500e-01 -5.119681683214765550e-02 -6.268880309467371603e+01 -1.031355030684261431e-01 -9.923339308656498048e-01 -6.809139196367686164e-02 1.831788897944625774e+02 -5.807068959981890460e-02 -6.233254946412059017e-02 9.963646161354308139e-01 -2.343744685826082419e-01
-9.913272241897359560e-01 1.186693980728377174e-01 -5.646156693984996644e-02 -6.286255398638061820e+01 -1.148743563071360219e-01 -9.911656047117332058e-01 -6.629197764017409622e-02 1.831190946267862500e+02 -6.382959222252587717e-02 -5.923105602177429485e-02 9.962015183481962577e-01 -2.440323482984718961e-01
-9.898482474166132583e-01 1.292904802769891115e-01 -5.902896573721204410e-02 -6.298131312868191145e+01 -1.255020701649695869e-01 -9.900314925352871054e-01 -6.392866471825639496e-02 1.830873651457489757e+02 -6.670590281651632425e-02 -5.587141933133318861e-02 9.962071607006927065e-01 -2.567947463219446003e-01
-9.879327544474962863e-01 1.441193357015022047e-01 -5.673173509368640427e-02 -6.310841164065055153e+01 -1.406818650171482998e-01 -9.882019063292899475e-01 -6.054424153008897136e-02 1.831028373815539965e+02 -6.478800463881692617e-02 -5.183251300211670631e-02 9.965520082016824377e-01 -2.803080269187154805e-01
-9.864505602146802499e-01 1.554145065216157306e-01 -5.255115046110854504e-02 -6.322767344708836390e+01 -1.523528070561919467e-01 -9.866237680623113349e-01 -5.798415711748538398e-02 1.830739036904920169e+02 -6.085979324843421301e-02 -4.919218898533731649e-02 9.969334050520067825e-01 -2.987876442582808600e-01
-9.851500866202680395e-01 1.637185931057980326e-01 -5.172551694798591809e-02 -6.332186790183236269e+01 -1.607220823078507055e-01 -9.853175024304807739e-01 -5.760062206945337770e-02 1.830230307089482835e+02 -6.039634997834467806e-02 -4.843182502877300954e-02 9.969988160643299402e-01 -3.139323613543543168e-01
-9.831938066131100662e-01 1.745308322018440661e-01 -5.356236783932166040e-02 -6.349497225109537624e+01 -1.714893553536102622e-01 -9.835384193186769153e-01 -5.695242509781494461e-02 1.829576139547976084e+02 -6.262060074788677877e-02 -4.680989569579046411e-02 9.969390623437939247e-01 -3.237931701511698179e-01
-9.803512080429295228e-01 1.891389344474742606e-01 -5.601760763226645845e-02 -6.366755575616759444e+01 -1.858592816311239182e-01 -9.808072440571558026e-01 -5.893621498339764175e-02 1.828519381682487790e+02 -6.608960826280546597e-02 -4.736679724322447049e-02 9.966887930535730522e-01 -3.038032604421436744e-01
-9.767998770814902976e-01 2.067411398467560724e-01 -5.585786630770411126e-02 -6.377250226016424506e+01 -2.033863610164770019e-01 -9.772402112808642460e-01 -6.029558531274865213e-02 1.828326605425814648e+02 -6.705213110752401839e-02 -4.753599215958057705e-02 9.966164463640682092e-01 -3.169181503505207886e-01
-9.725824944490311097e-01 2.263545785016164991e-01 -5.335631436536703021e-02 -6.388711739429548686e+01 -2.232282227008639541e-01 -9.729949213800230812e-01 -5.873707141572669793e-02 1.828821685061111566e+02 -6.521082794378425807e-02 -4.521601220848889963e-02 9.968465579811408572e-01 -3.616455498586674810e-01
-9.678901385970890558e-01 2.462126313761839047e-01 -5.067563277674685951e-02 -6.399361982291452478e+01 -2.432590710489136721e-01 -9.682237340125470215e-01 -5.803296690003728608e-02 1.828300202627679312e+02 -6.335379987757561171e-02 -4.384222902199003125e-02 9.970276600954737223e-01 -3.663077262835806591e-01
-9.629161950125646463e-01 2.648719198065594416e-01 -5.133485638931789552e-02 -6.414462552348420843e+01 -2.620012589493069255e-01 -9.634164482691489617e-01 -5.642771937121492110e-02 1.827310809743186439e+02 -6.440296337516294989e-02 -4.088536782818390225e-02 9.970860770294867059e-01 -3.906869625079982811e-01
-9.580787980852076835e-01 2.814364660525162654e-01 -5.365195462865521292e-02 -6.427780655147513755e+01 -2.785855297954696885e-01 -9.588406500672777000e-01 -5.490637820088316995e-02 1.826184481575966743e+02 -6.689633209811930714e-02 -3.765797862912757116e-02 9.970490245707009924e-01 -3.959824511361152988e-01
-9.539273151524989558e-01 2.950106549525732813e-01 -5.469360904529343287e-02 -6.440703006348074666e+01 -2.920246087030374804e-01 -9.547419745573515470e-01 -5.647468397581518335e-02 1.825366994178363313e+02 -6.887891780351608484e-02 -3.790086387912649374e-02 9.969048195286410730e-01 -3.838863807580465415e-01
-9.489764322772411553e-01 3.109638565066478177e-01 -5.239476050973447541e-02 -6.451977613457646044e+01 -3.080745877836807978e-01 -9.496819408636965054e-01 -5.651778091254183040e-02 1.824920251207283286e+02 -6.733334496573499528e-02 -3.749254784454956330e-02 9.970258419478652545e-01 -4.199827506742959127e-01
-9.430941166383328689e-01 3.287886594366993265e-01 -4.971422923048438025e-02 -6.463803447518914425e+01 -3.261233052497850560e-01 -9.437367905650164701e-01 -5.481295382478660466e-02 1.825100999021626080e+02 -6.493902474720812668e-02 -3.548080551313379655e-02 9.972582591811514074e-01 -4.420443109772545509e-01
-9.389970290307039225e-01 3.404907668031895152e-01 -4.848316401894881000e-02 -6.473483504099620234e+01 -3.380369629703676160e-01 -9.396781187877416563e-01 -5.230721496411352978e-02 1.824587116906363917e+02 -6.336869209067361175e-02 -3.272721792801330798e-02 9.974534265164513025e-01 -4.565951493368035630e-01
-9.355592428686392292e-01 3.495239694392214269e-01 -5.061519406767784474e-02 -6.490600018286914974e+01 -3.471687983374091568e-01 -9.364760771962341579e-01 -4.986363705258411994e-02 1.823463716614795089e+02 -6.482845474032089550e-02 -2.907837042550174070e-02 9.974726662066382143e-01 -4.504299855284156218e-01
-9.324985556816571819e-01 3.573295013398935516e-01 -5.255541003366377695e-02 -6.503845450507029113e+01 -3.548845951454258629e-01 -9.335453485053153422e-01 -5.049758818554214712e-02 1.822383579070962014e+02 -6.710713658092347378e-02 -2.843782263592654555e-02 9.973404245610607566e-01 -4.647082170550778102e-01
-9.297382003946763618e-01 3.644028575957068972e-01 -5.289079412290317861e-02 -6.515851561134329017e+01 -3.618170223381230732e-01 -9.307671758278366347e-01 -5.254433126272506360e-02 1.821930461204217124e+02 -6.837631953565857790e-02 -2.971568235050020892e-02 9.972169559073901235e-01 -4.875667547579822791e-01
-9.272098205983643204e-01 3.708772294728668872e-01 -5.226881713296780557e-02 -6.524849674375795416e+01 -3.683077242381947447e-01 -9.282102494296582407e-01 -5.267972209696834829e-02 1.821669759422878485e+02 -6.805416116910942281e-02 -2.959414658783597607e-02 9.972426072101545635e-01 -5.051779885589475771e-01
-9.247253296860256100e-01 3.772430461082177944e-01 -5.070255220464202350e-02 -6.533797313544333463e+01 -3.747578128061531677e-01 -9.256512099623843692e-01 -5.221512458974428283e-02 1.821264794140795686e+02 -6.663067144956306975e-02 -2.928347073294673697e-02 9.973478991625805978e-01 -5.085973747862793104e-01
-9.215288789916487033e-01 3.851064979397976207e-01 -4.977459622077012175e-02 -6.545369452347999584e+01 -3.826673598468140480e-01 -9.224190678795352039e-01 -5.204570030386015261e-02 1.820566067856770474e+02 -6.595617402688683240e-02 -2.891450253410823151e-02 9.974034964100236822e-01 -5.081715187545841061e-01
-9.173238830214984763e-01 3.950139958070616464e-01 -4.980799890479378073e-02 -6.559547524921195816e+01 -3.925151998895439753e-01 -9.182130182017935738e-01 -5.307231915438649639e-02 1.819931824232283759e+02 -6.669866186088416193e-02 -2.913410924144473058e-02 9.973477288211344272e-01 -5.058197879013803799e-01
-9.133650629497356288e-01 4.041347105247749538e-01 -4.939025745916426902e-02 -6.569112604181256643e+01 -4.015834876885837068e-01 -9.142191103216459336e-01 -5.416752475951263496e-02 1.819813794658136601e+02 -6.704449417140338763e-02 -2.964041281351533635e-02 9.973096217973358435e-01 -5.310092114577409372e-01
-9.094490247244999548e-01 4.128723960592466380e-01 -4.938477498128534399e-02 -6.577575652859030697e+01 -4.102872109038114834e-01 -9.103087007191781321e-01 -5.479483519213271953e-02 1.819366667327268772e+02 -6.757866524597019864e-02 -2.957116783724091785e-02 9.972756239056055350e-01 -5.511354807275219425e-01
-9.067793735073579331e-01 4.187253097326478213e-01 -4.919636948903458040e-02 -6.582514184566014137e+01 -4.162141661532026693e-01 -9.076698023643741120e-01 -5.386369620822985260e-02 1.818479761535386672e+02 -6.720815184929303243e-02 -2.836626279784592100e-02 9.973356603771299511e-01 -5.506242652942239246e-01
-9.033492630577113491e-01 4.261664264970675964e-01 -4.839716789038280009e-02 -6.588925515727382276e+01 -4.238937813110447150e-01 -9.042910435731728036e-01 -5.071262839931447997e-02 1.817704484731476668e+02 -6.537714508078984466e-02 -2.529595699044044632e-02 9.975399457971710904e-01 -5.495654405176910728e-01
-9.006755399105306203e-01 4.318190017059712615e-01 -4.812402282159861100e-02 -6.598183993807569436e+01 -4.297628900273532948e-01 -9.016880156926325718e-01 -4.756659239025667896e-02 1.816900049028157014e+02 -6.393301308566967656e-02 -2.216014715524602594e-02 9.977081225067006010e-01 -5.647765803856524824e-01
-8.977965025218537232e-01 4.376548827931840968e-01 -4.918987321402042145e-02 -6.607695412760914166e+01 -4.356124497640954107e-01 -8.989009718952507555e-01 -4.710452564560166366e-02 1.816577656171271826e+02 -6.483235048994144545e-02 -2.086255720322744214e-02 9.976780643258081893e-01 -5.734827260601076393e-01
-8.940847728093066493e-01 4.451011091243791684e-01 -4.997421021665304774e-02 -6.619336136121907543e+01 -4.429960976653243288e-01 -8.952402344238195031e-01 -4.795185212355444065e-02 1.816231458146807256e+02 -6.608234623426399723e-02 -2.073464070178975688e-02 9.975987160131786213e-01 -5.878863012936198507e-01
-8.895423351496769548e-01 4.540212582494013160e-01 -5.078514580161014313e-02 -6.628058995652473584e+01 -4.520053622317997677e-01 -8.907997225364039373e-01 -4.655112074661153787e-02 1.815966676680819489e+02 -6.637459220334150645e-02 -1.845403442872383185e-02 9.976241086316747220e-01 -6.045861208284841748e-01
-8.851662366831398732e-01 4.625914426873489194e-01 -4.989880347909116803e-02 -6.634623943682345271e+01 -4.606020303270040306e-01 -8.863838010244002863e-01 -4.657818094535406961e-02 1.816200261571285637e+02 -6.577615901563012291e-02 -1.824594294558783136e-02 9.976675711233561339e-01 -5.975049148413261735e-01
-8.807785204619038577e-01 4.709316302287193112e-01 -4.952370687924344955e-02 -6.634801514254854737e+01 -4.689811970919438577e-01 -8.819956888100393133e-01 -4.626274629453284298e-02 1.815336676654720236e+02 -6.546628649272678846e-02 -1.752154589714492033e-02 9.977009375370088362e-01 -5.921242528577861375e-01
-8.760617324552495422e-01 4.796122501411212435e-01 -4.987915839383235544e-02 -6.640075098597827719e+01 -4.777623345685464984e-01 -8.773446647357441286e-01 -4.482734575387074816e-02 1.814658385106982621e+02 -6.526095766320591518e-02 -1.544113902195482987e-02 9.977487552638619750e-01 -6.193601336132746882e-01
-8.725557284764278165e-01 4.859887358790423439e-01 -4.961299529015202048e-02 -6.641649438746424039e+01 -4.840840445505663059e-01 -8.738185022757520848e-01 -4.586788519352995308e-02 1.813698324493706195e+02 -6.564402878050323853e-02 -1.600542655638870215e-02 9.977147326797437543e-01 -6.133813246221995197e-01
-8.695508499476582998e-01 4.912998575903910758e-01 -5.005765962334534497e-02 -6.650701499394357086e+01 -4.893943679598874441e-01 -8.708542081316479333e-01 -4.589227373472465343e-02 1.813062598556692535e+02 -6.613979108258143114e-02 -1.540772893914213806e-02 9.976914001456013148e-01 -6.343633897804176192e-01
-8.648883548695052159e-01 4.993824465182958861e-01 -5.084590170822069627e-02 -6.664105759474414015e+01 -4.975152869847945247e-01 -8.662700004279777488e-01 -4.533018392802790064e-02 1.813583778361990539e+02 -6.668337744564417635e-02 -1.390893482307806531e-02 9.976772367376781636e-01 -6.361451637199883047e-01
-8.599546484439288818e-01 5.078660008332452902e-01 -5.049879025605487348e-02 -6.669611373103354879e+01 -5.061228976198431928e-01 -8.613517825897225588e-01 -4.373464455556082958e-02 1.812996975914267352e+02 -6.570856203397351658e-02 -1.205121683290630297e-02 9.977660813278198537e-01 -6.366296645357309991e-01
-8.557044208507733618e-01 5.148957048612229359e-01 -5.150104127013203914e-02 -6.671353836511305246e+01 -5.132370602345791566e-01 -8.571955804741067109e-01 -4.246712631468205212e-02 1.812385061092923308e+02 -6.601260590380053639e-02 -9.907064707799326242e-03 9.977696056358226206e-01 -6.558353374329576324e-01
-8.522005207688652106e-01 5.205126336255945230e-01 -5.311186908236734810e-02 -6.674120613514406841e+01 -5.189066966961068950e-01 -8.538173919820697400e-01 -4.161371496119267016e-02 1.811910155528514679e+02 -6.700830191259521396e-02 -7.903125020168183523e-03 9.977211173918822951e-01 -6.555562832889352265e-01
-8.480871908963860673e-01 5.270385533163762792e-01 -5.457545195102109920e-02 -6.679286432767301562e+01 -5.254914883636111478e-01 -8.498208358193288792e-01 -4.078287219819168308e-02 1.811683645326814087e+02 -6.787350215565599032e-02 -5.908496045391887358e-03 9.976764392224604094e-01 -6.539369125674998617e-01
-8.443037184466815059e-01 5.328888978128127896e-01 -5.639728366643909085e-02 -6.686410115250750152e+01 -5.313406950799910433e-01 -8.461731636061882167e-01 -4.084168146155627011e-02 1.811534346323696809e+02 -6.948594655769707584e-02 -4.516611621657683900e-03 9.975727058467668273e-01 -6.595619096824082428e-01
-8.420622997241498098e-01 5.364179119338017276e-01 -5.645269825133127778e-02 -6.688762912214821199e+01 -5.348934700011529486e-01 -8.439430228598356898e-01 -4.060972686842649615e-02 1.810711391637785255e+02 -6.942664570178602723e-02 -3.999740339414206702e-03 9.975790409505483902e-01 -6.700937394543198256e-01
-8.387701986964912759e-01 5.414845692267444832e-01 -5.708778387690213729e-02 -6.690462596817435781e+01 -5.400176411771193674e-01 -8.407064974299691684e-01 -3.991907309211607802e-02 1.810422397330551405e+02 -6.960963292640484634e-02 -2.654518480020084253e-03 9.975707757024011579e-01 -6.669002785393722821e-01
-8.357226463069411526e-01 5.459200381649982337e-01 -5.948924591596199685e-02 -6.692291093890220566e+01 -5.443627657843013168e-01 -8.378346583771445477e-01 -4.125850760411823442e-02 1.810112203883591349e+02 -7.236599807498506065e-02 -2.096938716353226317e-03 9.973759397391893655e-01 -6.529135955398546187e-01
-8.341435968697157310e-01 5.482359725798919836e-01 -6.034714716234543946e-02 -6.698627508153546728e+01 -5.464547763359035581e-01 -8.363140889203399819e-01 -4.433872002008770741e-02 1.810361990115840740e+02 -7.477725069117889534e-02 -4.007872593045882365e-03 9.971922080202725303e-01 -6.682243093912308973e-01
-8.347353613408432516e-01 5.474221738963134243e-01 -5.954695671322723927e-02 -6.701541570636572942e+01 -5.455920819256916410e-01 -8.368411433724309845e-01 -4.501311918888106084e-02 1.810971430240451809e+02 -7.447252290047684520e-02 -5.085694225700376769e-03 9.972100977462475813e-01 -6.937029637323146591e-01
-8.373711757272326306e-01 5.436900330696725625e-01 -5.666270379968673526e-02 -6.697805853149645827e+01 -5.421331710306951379e-01 -8.392772102260843692e-01 -4.129635895965245995e-02 1.810604799648897085e+02 -7.000813473729852743e-02 -3.861649365200826162e-03 9.975389459739326670e-01 -7.036659268383003152e-01
-8.389111814499272679e-01 5.416059889069058109e-01 -5.376785674043998292e-02 -6.697876864361330718e+01 -5.402810259306651819e-01 -8.406278120583392521e-01 -3.796438611801702251e-02 1.810619958573531392e+02 -6.576049465747449418e-02 -2.798995209468926881e-03 9.978315103103437833e-01 -6.680531191299655669e-01
-8.377278810962127675e-01 5.436741785322729559e-01 -5.128727747998437086e-02 -6.694589205188054848e+01 -5.425665855535568571e-01 -8.392954345741550082e-01 -3.470841027382071120e-02 1.811056216394277953e+02 -6.191524428446931044e-02 -1.249439970252883003e-03 9.980806287194212700e-01 -6.471948069371495915e-01
-8.362511215333561232e-01 5.459421701266005122e-01 -5.129530789128840251e-02 -6.694026619495929253e+01 -5.447770446457202986e-01 -8.378206854362122424e-01 -3.569972944254107272e-02 1.810856759053518772e+02 -6.246625778193415357e-02 -1.909432547553956139e-03 9.980452498289179575e-01 -6.473213314363248649e-01
-8.368998618984224702e-01 5.446740880810729823e-01 -5.411800927096716701e-02 -6.693886526597039222e+01 -5.432195637819208223e-01 -8.386379437823678895e-01 -3.998630731964920859e-02 1.810230798891494146e+02 -6.716492149165850800e-02 -4.066573684721578458e-03 9.977335998649570215e-01 -6.619080612621105475e-01
-8.369882965796682228e-01 5.442746300392846681e-01 -5.670730538709339852e-02 -6.695334119775135662e+01 -5.425097252903257061e-01 -8.388837049336328455e-01 -4.424169483910901646e-02 1.810165960330226085e+02 -7.165046653079484851e-02 -6.265516133676703875e-03 9.974101232459484656e-01 -6.949964022542372000e-01
-8.364476795458155589e-01 5.449769203638883397e-01 -5.792612237249564894e-02 -6.695661456358783425e+01 -5.433064751006577708e-01 -8.384396070547341928e-01 -4.286139796602293078e-02 1.810429740343277558e+02 -7.192602794621388851e-02 -4.379679508319647696e-03 9.974003533743532879e-01 -7.061706296360843460e-01
-8.368153061718479613e-01 5.444781629543860024e-01 -5.730334564695245547e-02 -6.695928313099196316e+01 -5.430431281423391265e-01 -8.387726767534744443e-01 -3.955449037966807246e-02 1.810486765570739465e+02 -6.960103687374245840e-02 -1.981614904390593263e-03 9.975729391219825271e-01 -6.840430553268211922e-01
-8.375445119744437950e-01 5.435756836801751701e-01 -5.517849738006268268e-02 -6.695856702331785471e+01 -5.423202861496513316e-01 -8.393595499422532580e-01 -3.693579769409238711e-02 1.810610914688978994e+02 -6.639200021125810092e-02 -1.010956165622012987e-03 9.977931049448975909e-01 -6.414214313656857458e-01
-8.372522491580185466e-01 5.442932022674744630e-01 -5.247457713272343782e-02 -6.697767666351417404e+01 -5.431035087814917173e-01 -8.388934374816519046e-01 -3.600526766253477062e-02 1.810793041442451852e+02 -6.361800082580501559e-02 -1.646364369386574267e-03 9.979729652927934458e-01 -6.448138470645050635e-01
-8.368517431271835783e-01 5.449408793241597992e-01 -5.214017708453842770e-02 -6.694233810002297957e+01 -5.436472323877922230e-01 -8.384684774370392280e-01 -3.766031148979069598e-02 1.810656604338579996e+02 -6.424053815223880470e-02 -3.170234348725327334e-03 9.979294077599301094e-01 -6.688121875730737020e-01
-8.364872056303718217e-01 5.452085533970263409e-01 -5.510706052235422869e-02 -6.693062489770494494e+01 -5.436580987081820471e-01 -8.382876703662081042e-01 -4.134795546336907102e-02 1.810456411333408653e+02 -6.873882837012205982e-02 -4.627635975102843691e-03 9.976239564382888281e-01 -6.763394362061049270e-01
-8.365315054293682717e-01 5.449455456772935857e-01 -5.700344437445889478e-02 -6.693499875487293593e+01 -5.433272722182462822e-01 -8.384603110213464383e-01 -4.218746384730154286e-02 1.810226447772903384e+02 -7.078499620650563484e-02 -4.319616703410918135e-03 9.974822430617903413e-01 -6.879659802856193940e-01
-8.368426859954765096e-01 5.445360374616554644e-01 -5.634556594299102578e-02 -6.696214406945578901e+01 -5.430052494537029872e-01 -8.387293379309452845e-01 -4.096824086583515656e-02 1.810589431482389955e+02 -6.956736276156577636e-02 -3.688034636191210580e-03 9.975704388357360397e-01 -6.843085643926467565e-01
-8.372232860809929456e-01 5.441380892223490751e-01 -5.450604646454671603e-02 -6.697407046609716019e+01 -5.427839715314535241e-01 -8.389916178244887224e-01 -3.845289935479459520e-02 1.810674003382949309e+02 -6.665380328448401726e-02 -2.608654384658213449e-03 9.977727523990694847e-01 -6.696783539409961739e-01
-8.372126104773158772e-01 5.441768843905093744e-01 -5.428225633480723844e-02 -6.695617788102053680e+01 -5.428964994235482289e-01 -8.389685773598765106e-01 -3.735126659704217367e-02 1.810569823014059807e+02 -6.586680325791505197e-02 -1.801304467365254236e-03 9.978267983627213678e-01 -6.489199449112708074e-01
-8.370857823942059461e-01 5.443284780667267952e-01 -5.471655032109857403e-02 -6.692919457611174039e+01 -5.429756094501636543e-01 -8.388685533421142981e-01 -3.843224890546802913e-02 1.810646835347940282e+02 -6.681976096712599622e-02 -2.461336886593529227e-03 9.977620264196401800e-01 -6.536248841210730021e-01
-8.368271888800988823e-01 5.446990336595565196e-01 -5.498380380963813902e-02 -6.692292245444366472e+01 -5.432585663827340650e-01 -8.386247987491952660e-01 -3.973130975248898716e-02 1.810572757407646520e+02 -6.775238743253228502e-02 -3.377817818806284900e-03 9.976964489983789486e-01 -6.755713027919157954e-01
-8.366649825683214470e-01 5.449165982769165195e-01 -5.529564057197323967e-02 -6.695028157255541146e+01 -5.434517768767791468e-01 -8.384830172791268854e-01 -4.007986956021256097e-02 1.810760669746087785e+02 -6.820464172930376656e-02 -3.482909244557252232e-03 9.976652726189138010e-01 -6.929884262758524427e-01
-8.368724291431670625e-01 5.445831777342122759e-01 -5.544095840551732657e-02 -6.696832691871010468e+01 -5.431246294719551670e-01 -8.387001943133163273e-01 -3.997025043400051492e-02 1.810844955527862226e+02 -6.826546858380415361e-02 -3.338650582596063704e-03 9.976616055613851675e-01 -6.840058102525058414e-01
-8.373075087750552203e-01 5.439124511857824640e-01 -5.545611953594559163e-02 -6.697331414233244118e+01 -5.425226688969724265e-01 -8.391381927146244202e-01 -3.893901976861260938e-02 1.810681264342877057e+02 -6.771476561147726780e-02 -2.517731659288920815e-03 9.977015443234887870e-01 -6.709461118016754044e-01
-8.369436299032484428e-01 5.444959573426647603e-01 -5.522239402516473938e-02 -6.696227386421327310e+01 -5.431455040236096155e-01 -8.387607575199562682e-01 -3.838428198480665215e-02 1.810737199314112615e+02 -6.721846341084074250e-02 -2.131685259405463606e-03 9.977360042088490033e-01 -6.594856629355509980e-01
-8.367817572671294446e-01 5.447846254012029821e-01 -5.482702464483337618e-02 -6.692438581274613796e+01 -5.434484838241695481e-01 -8.385732112077013412e-01 -3.819312600474891739e-02 1.810733497590609318e+02 -6.678350196077981193e-02 -2.163647677953631915e-03 9.977651439565226044e-01 -6.621890144328128613e-01
-8.369665338325125159e-01 5.444641114407530180e-01 -5.518924349382484107e-02 -6.693573272527045503e+01 -5.430875018346864591e-01 -8.387804772678264520e-01 -3.877210731075445005e-02 1.810632195965499704e+02 -6.740168095343612720e-02 -2.478367888056814267e-03 9.977228428262343574e-01 -6.744723480640649749e-01
-8.371672194146311252e-01 5.441702093567138965e-01 -5.504389145260017019e-02 -6.695962735704137003e+01 -5.427540209558660012e-01 -8.389692223827185380e-01 -3.935373718945434085e-02 1.810485687273498741e+02 -6.759526221426116754e-02 -3.070365321512676104e-03 9.977081002893469774e-01 -6.828946352393644448e-01
-8.372083219824948408e-01 5.441180814807766719e-01 -5.493395133189380580e-02 -6.696233337175142708e+01 -5.426690752713350108e-01 -8.390011622101276600e-01 -3.984124187584912186e-02 1.810371549682182888e+02 -6.776798910555208166e-02 -3.544462686299008902e-03 9.976948112708892147e-01 -6.855790743541440024e-01
-8.371701894156249324e-01 5.441747812999400136e-01 -5.495344712544786986e-02 -6.695526685641314657e+01 -5.427618887716398888e-01 -8.389662144095710872e-01 -3.930932683621257695e-02 1.810505432169043161e+02 -6.749522983773734164e-02 -3.081959836952249260e-03 9.977148367508195115e-01 -6.747754835103900728e-01
-8.369569511806924655e-01 5.445031984286726745e-01 -5.494841918805321024e-02 -6.695143771980453096e+01 -5.431545415350825801e-01 -8.387557050217022692e-01 -3.836679949333562933e-02 1.810815225429913937e+02 -6.697914511349642441e-02 -2.265876098338535233e-03 9.977518027672874767e-01 -6.658622773176992027e-01
-8.366275458413279242e-01 5.450066804256828989e-01 -5.497333745457424342e-02 -6.694564532801740597e+01 -5.436763933452765096e-01 -8.384293287969075692e-01 -3.810826593062394824e-02 1.810981091541737271e+02 -6.686051793539309063e-02 -1.994719164350872154e-03 9.977603380756655538e-01 -6.643203846355837383e-01
-8.367626033720831913e-01 5.447503035469738464e-01 -5.545676138627200769e-02 -6.693804800138157418e+01 -5.433682985259733478e-01 -8.385949330135693547e-01 -3.885138969144201482e-02 1.810753380912966009e+02 -6.767006542750507447e-02 -2.375943906614812889e-03 9.977049248828983030e-01 -6.716266759587455892e-01
-8.370118494893346028e-01 5.443729982207593521e-01 -5.540038467902602681e-02 -6.695051931544824697e+01 -5.429614008480113663e-01 -8.388386173965274306e-01 -3.927710724387441232e-02 1.810529378046298348e+02 -6.785337871917618280e-02 -2.795133703943589176e-03 9.976913882679198098e-01 -6.771723207057976923e-01
-8.373080797342962178e-01 5.438950159555042685e-01 -5.561826346109623176e-02 -6.696450539416544245e+01 -5.424664999422532663e-01 -8.391482481973162599e-01 -3.950080996356056251e-02 1.810383678948483066e+02 -6.815626201654179095e-02 -2.903302625931251241e-03 9.976704339519111286e-01 -6.794967657882764467e-01
-8.372260935063036147e-01 5.440591054363485002e-01 -5.524634054826507018e-02 -6.698525939473466906e+01 -5.426742934804827945e-01 -8.390429603008937587e-01 -3.887829683733635272e-02 1.810741070873619663e+02 -6.750614451761764723e-02 -2.569155758889697660e-03 9.977155505909753863e-01 -6.764608387807653500e-01
-8.366680397609038700e-01 5.449703854572884865e-01 -5.471627013221294633e-02 -6.696375201208735461e+01 -5.436199659794449524e-01 -8.384518679787922313e-01 -3.841611213256061058e-02 1.811012458191755172e+02 -6.681260233783810343e-02 -2.396676325388841233e-03 9.977626632177800658e-01 -6.744533058324385655e-01
-8.363942716853896009e-01 5.453651940247733476e-01 -5.496751257050110778e-02 -6.694558053066329251e+01 -5.440187020084087388e-01 -8.381957074202355251e-01 -3.836154229664699711e-02 1.811089075977066329e+02 -6.699458304186228785e-02 -2.182019388697428730e-03 9.977509532114887669e-01 -6.687648944209517721e-01
-8.366598892665373377e-01 5.449741282744462456e-01 -5.480355101645700833e-02 -6.695232940178753722e+01 -5.436036332691236428e-01 -8.384488369206368752e-01 -3.871224306392075792e-02 1.810770703534544452e+02 -6.704714452617784037e-02 -2.597571546523409769e-03 9.977464272213388830e-01 -6.739116617391650577e-01
-8.366765535990612346e-01 5.448918329104412983e-01 -5.536456524798245155e-02 -6.695644421909726418e+01 -5.435072908063500741e-01 -8.385027571605994101e-01 -3.889667176527684955e-02 1.810642182226464456e+02 -6.761781938172867212e-02 -2.452888414443396559e-03 9.977082809321000667e-01 -6.772963112689727172e-01
-8.370525236885484333e-01 5.442939077769963774e-01 -5.556270820864438881e-02 -6.694790980096962585e+01 -5.428760968666399567e-01 -8.388899823461357652e-01 -3.935912816797483560e-02 1.810582724288123586e+02 -6.803393298549584300e-02 -2.781991399535482107e-03 9.976791290221410646e-01 -6.779828817698141386e-01
-8.369315536027017721e-01 5.445037059956190362e-01 -5.532891415168404714e-02 -6.695378661187849900e+01 -5.430848061646498248e-01 -8.387533538738722871e-01 -3.939168285863794972e-02 1.810796921087977580e+02 -6.785622961285701915e-02 -2.919849716536894457e-03 9.976908371737008840e-01 -6.736207432248900728e-01
-8.367295876994835790e-01 5.448440909932262821e-01 -5.503193234856324639e-02 -6.696548067098578372e+01 -5.434516707692386150e-01 -8.385328722140070745e-01 -3.902439947841296330e-02 1.811011914857110696e+02 -6.740829775610011898e-02 -2.745674105306024348e-03 9.977216959991059841e-01 -6.685745414417483268e-01
-8.364599921971229701e-01 5.452935848991548040e-01 -5.467712246833794643e-02 -6.696885867807252168e+01 -5.439369761915359147e-01 -8.382414671269668993e-01 -3.852023780351099963e-02 1.811098675231629329e+02 -6.683746991918489144e-02 -2.479729150274098681e-03 9.977607947590160231e-01 -6.731053512816689288e-01
-8.366126785907348484e-01 5.450618719451882921e-01 -5.465145718865114383e-02 -6.695434139737731982e+01 -5.436773285945537548e-01 -8.383909555326949370e-01 -3.893029736932425433e-02 1.810866017914037229e+02 -6.703870817315413233e-02 -2.856822112358717997e-03 9.977462854723604391e-01 -6.777978024634889742e-01
-8.368966919045861541e-01 5.445942041180942272e-01 -5.496435135740043720e-02 -6.695489276101304199e+01 -5.431918345942183812e-01 -8.386945891519046459e-01 -3.916652853502973486e-02 1.810649477830483534e+02 -6.742816851529903621e-02 -2.922151313245396204e-03 9.977198520237907653e-01 -6.815061337266371533e-01
-8.370332814105843067e-01 5.443886050218397221e-01 -5.492114832562509236e-02 -6.694133958354237279e+01 -5.429737716197514663e-01 -8.388273680773228325e-01 -3.934628187635845487e-02 1.810697686582441008e+02 -6.748902980523521777e-02 -3.113404382221653804e-03 9.977151585342887152e-01 -6.758498495990619137e-01
-8.367845821187975819e-01 5.447659562138391642e-01 -5.496922847094061482e-02 -6.694471446548692484e+01 -5.433801142297827180e-01 -8.385837701306586567e-01 -3.892700775912232014e-02 1.810834806135980273e+02 -6.730241145677673398e-02 -2.704334275189627240e-03 9.977289571763620080e-01 -6.719353534515837278e-01
-8.368553749494367366e-01 5.446431861101772576e-01 -5.510790544007479475e-02 -6.695142334832175379e+01 -5.432877375998714786e-01 -8.386648491325077170e-01 -3.846693389342586977e-02 1.810886235092220886e+02 -6.716781663751386633e-02 -2.251811116132221291e-03 9.977391511586816142e-01 -6.703816903897458213e-01
-8.372114276212658801e-01 5.440637284419702624e-01 -5.542278280800969070e-02 -6.695524766519537252e+01 -5.426985094488656625e-01 -8.390409487368295505e-01 -3.858256322200789845e-02 1.810538919460686884e+02 -6.749335746828136195e-02 -2.223901216969904199e-03 9.977172449953122246e-01 -6.701668301135876860e-01
-8.374929206374941426e-01 5.436707571707990461e-01 -5.502468245623462484e-02 -6.695547533711864219e+01 -5.422732490291193308e-01 -8.392936523936931348e-01 -3.906262201974100567e-02 1.810325453748241671e+02 -6.741907200104566011e-02 -2.876256070733464870e-03 9.977206001088347875e-01 -6.765564160698682716e-01
-8.371765745577754991e-01 5.441841675986336391e-01 -5.476289571134597411e-02 -6.693625981120123924e+01 -5.427808265125253495e-01 -8.389601562832527115e-01 -3.917691334906460432e-02 1.810442286752530947e+02 -6.726334352445879905e-02 -3.073744322893097458e-03 9.977305220918863959e-01 -6.803294157263447550e-01
-8.368914049434434954e-01 5.446089223035086579e-01 -5.489898067542482024e-02 -6.695983501102121238e+01 -5.432338443936119976e-01 -8.386860329233691846e-01 -3.876504204304552503e-02 1.810747991319192067e+02 -6.715479608432195491e-02 -2.619146172494382641e-03 9.977391309536778330e-01 -6.831476052199177973e-01
-8.368789206061857389e-01 5.446256023539794988e-01 -5.492381546825056415e-02 -6.698936537659275814e+01 -5.432485528574761968e-01 -8.386751720645360120e-01 -3.879388586850519849e-02 1.810906007664903541e+02 -6.719138384706203893e-02 -2.628502061216009267e-03 9.977366430645067119e-01 -6.812433314107440019e-01
-8.368981115473526078e-01 5.445854668314726865e-01 -5.502926679888421602e-02 -6.697629227631796311e+01 -5.432084107939290085e-01 -8.387014162690746844e-01 -3.878861677068408398e-02 1.810913663105610567e+02 -6.727684097228302240e-02 -2.569759559942451366e-03 9.977310374066721277e-01 -6.661532141392882966e-01
-8.370154048038043193e-01 5.444199869331742825e-01 -5.488251040911604900e-02 -6.696052292953208962e+01 -5.430396501523557795e-01 -8.388084189740303565e-01 -3.883779886522407965e-02 1.810654644156682593e+02 -6.717998573631490944e-02 -2.704456686814859373e-03 9.977372076005273094e-01 -6.690818937504446895e-01
-8.368703686686613796e-01 5.446284057576232795e-01 -5.502622725835491779e-02 -6.694942722393258805e+01 -5.432394047747005628e-01 -8.386730662233807809e-01 -3.896712834558460625e-02 1.810756159750048369e+02 -6.737161972527755394e-02 -2.718020121702306030e-03 9.977242490900031235e-01 -6.746757611505762586e-01
-8.372873515468450822e-01 5.439839016536794913e-01 -5.505820267053956191e-02 -6.693471602316564883e+01 -5.425938471690173737e-01 -8.390911557303097901e-01 -3.896086997871874014e-02 1.810426907428235950e+02 -6.739293697410178585e-02 -2.747201633222874639e-03 9.977227294840942395e-01 -6.796376127482287588e-01
-8.374920514831294405e-01 5.436586085590612294e-01 -5.515778315165256046e-02 -6.695133878784055526e+01 -5.422669839968677907e-01 -8.393020215167232845e-01 -3.896966441840044731e-02 1.810374972832022991e+02 -6.748023243528418480e-02 -2.726539485775419935e-03 9.977168858012339658e-01 -6.749956757572248556e-01
-8.377610386285085919e-01 5.432367813030886117e-01 -5.522899234589946638e-02 -6.696475614226534390e+01 -5.418525448269774225e-01 -8.395754614296688789e-01 -3.884410160741974538e-02 1.810340011116345806e+02 -6.747045146292900142e-02 -2.616104856367987980e-03 9.977178429670229276e-01 -6.733535501891141362e-01
-8.376287918626230677e-01 5.434602508970614032e-01 -5.503601309747906817e-02 -6.696873379041868191e+01 -5.420816577544818049e-01 -8.394307347578087164e-01 -3.877522237355651713e-02 1.810370003680059767e+02 -6.727171299227960310e-02 -2.645229454887865900e-03 9.977311859374825564e-01 -6.758695504616590854e-01
-8.374060297898400229e-01 5.437998885513265490e-01 -5.507106756894547539e-02 -6.695936316609315497e+01 -5.424134349493917595e-01 -8.392105608158055841e-01 -3.890115938663113448e-02 1.810395102824573712e+02 -6.737066763822723015e-02 -2.704778509778776180e-03 9.977243493646892336e-01 -6.817862981597658800e-01
-8.368119389100947547e-01 5.447013507809591593e-01 -5.519254800175837916e-02 -6.695758675513438618e+01 -5.433274775780189136e-01 -8.386265766054914472e-01 -3.873909033084657616e-02 1.810542340996736073e+02 -6.738717241608660480e-02 -2.429705404469913177e-03 9.977239425439343723e-01 -6.771203547565501912e-01
-8.371189568452455099e-01 5.442315208770165391e-01 -5.517158484417070130e-02 -6.695442150272374704e+01 -5.428325381895824364e-01 -8.389304666212045181e-01 -3.909613353496008137e-02 1.810537602855807791e+02 -6.756247163169375181e-02 -2.779183084565123307e-03 9.977111749240854532e-01 -6.716526898038773785e-01
-8.369121388928373317e-01 5.445485929903894906e-01 -5.518062745207238939e-02 -6.694642518357042604e+01 -5.431670930273118092e-01 -8.387254497407552467e-01 -3.884750969404032750e-02 1.810948150316919794e+02 -6.743575332178662618e-02 -2.539651424134276719e-03 9.977203863530939021e-01 -6.724953980388835850e-01
-8.369097715280624517e-01 5.445980918856332398e-01 -5.472616042966715194e-02 -6.694424303660292708e+01 -5.432002449628836604e-01 -8.386917741362092116e-01 -3.911012488501239975e-02 1.810853346506892763e+02 -6.719767996820691369e-02 -3.004381930676452983e-03 9.977351579933950720e-01 -6.754955952968315636e-01
-8.368125299869488831e-01 5.447412022673395748e-01 -5.478879638370853788e-02 -6.694615719748689742e+01 -5.433491223320406904e-01 -8.385992372054262844e-01 -3.902628113820878764e-02 1.810781403877428488e+02 -6.720506616203243688e-02 -2.888236626529518125e-03 9.977350034810575918e-01 -6.756724511014210455e-01
-8.366994361085147158e-01 5.448657117411060957e-01 -5.527576127518837867e-02 -6.696922739755315490e+01 -5.434943803787409822e-01 -8.385200499004819008e-01 -3.870380358081108862e-02 1.810765056174855943e+02 -6.743820958790468223e-02 -2.341385007097636362e-03 9.977207053097707501e-01 -6.665074285814085453e-01
-8.372278401918775703e-01 5.440236456511845509e-01 -5.556812557607720970e-02 -6.696031709688749345e+01 -5.426357049561597590e-01 -8.390663829467759349e-01 -3.891139570031185158e-02 1.810460133241550977e+02 -6.779406548051079839e-02 -2.424454785956521585e-03 9.976963900428902354e-01 -6.642485727425975206e-01
-8.370294790330798929e-01 5.443607846863641742e-01 -5.525384443870509643e-02 -6.694372309398765708e+01 -5.429641330122033649e-01 -8.388468690385180171e-01 -3.906252125223917682e-02 1.810580243385772974e+02 -6.761361913044579286e-02 -2.695626072227699094e-03 9.977079392829154569e-01 -6.703074675402888039e-01
-8.368267021873596612e-01 5.446944282362206069e-01 -5.503680908850323156e-02 -6.692776976311102999e+01 -5.432973455323880652e-01 -8.386298885991005925e-01 -3.908841626007433789e-02 1.810708132991770754e+02 -6.744675562018201398e-02 -2.808878188288163602e-03 9.977189210191589330e-01 -6.726631504672390127e-01
-8.370281115177453657e-01 5.443752265930544842e-01 -5.513214308184553186e-02 -6.693538105725667720e+01 -5.429706412581850605e-01 -8.388369393291890130e-01 -3.918509855179324458e-02 1.810531197031446311e+02 -6.757827506463784384e-02 -2.863893957356561382e-03 9.977098650663374091e-01 -6.710504281885087963e-01
-8.371545947123597564e-01 5.441752540971280805e-01 -5.518584402100816522e-02 -6.694444357222265296e+01 -5.427839387412363159e-01 -8.389672921912592063e-01 -3.898048842455073548e-02 1.810385928217763194e+02 -6.751133531885444850e-02 -2.678705208262278925e-03 9.977149112556514821e-01 -6.708612716829647216e-01
-8.366750128138227272e-01 5.449114909595040857e-01 -5.519411158158659542e-02 -6.695862427995483301e+01 -5.435181341964419044e-01 -8.384893518207372498e-01 -3.903389146446099162e-02 1.810842164444351852e+02 -6.754969084021686387e-02 -2.659681095747087887e-03 9.977123660473794509e-01 -6.691644380192459662e-01
-8.364928385558738633e-01 5.452087938716961846e-01 -5.501910695119691108e-02 -6.696502527392539150e+01 -5.438364737384652203e-01 -8.382966089967889278e-01 -3.873867803883244976e-02 1.811170638978170757e+02 -6.724299871695582631e-02 -2.483229642026633238e-03 9.977335379218724709e-01 -6.733614271458769895e-01
-8.365046672294618180e-01 5.451995772032259824e-01 -5.493052631052652152e-02 -6.695546153250431587e+01 -5.438208723374949871e-01 -8.383022039620648957e-01 -3.883649884362534027e-02 1.811133823616648044e+02 -6.722202402050866943e-02 -2.614545805395933342e-03 9.977346158357028871e-01 -6.756522506144749807e-01
-8.366130817366574934e-01 5.449917119709254409e-01 -5.534063019241546033e-02 -6.696515836539991540e+01 -5.435903766163133755e-01 -8.384371820227738414e-01 -3.914836205827451621e-02 1.810928523528304197e+02 -6.773517488888987359e-02 -2.669397818036226000e-03 9.976997646577153711e-01 -6.672614163640241403e-01
-8.369308972280686820e-01 5.444885580541446446e-01 -5.548768704079909408e-02 -6.697281245874020783e+01 -5.430821896569334450e-01 -8.387640082910488015e-01 -3.920042949973376323e-02 1.810696616926207128e+02 -6.788526012655313191e-02 -2.673676055822020448e-03 9.976895523728304127e-01 -6.702373248233317593e-01
-8.374298095123366981e-01 5.437522325882518937e-01 -5.517992112556691087e-02 -6.696478215367056919e+01 -5.423759490905629699e-01 -8.392420212879669883e-01 -3.874480032983777800e-02 1.810338719368083957e+02 -6.737688022046668668e-02 -2.517788668587799678e-03 9.977244192420957614e-01 -6.772601597455608635e-01
-8.368453662187969044e-01 5.446791714179203270e-01 -5.490385470633896842e-02 -6.697246600572860586e+01 -5.432984197940010640e-01 -8.386402086795392563e-01 -3.885135049492847298e-02 1.810866722857885236e+02 -6.720610156428008519e-02 -2.683395130469876100e-03 9.977355056842998060e-01 -6.736900038818650627e-01
-8.367423579414836610e-01 5.448334613649447045e-01 -5.494293224446659962e-02 -6.695722200557514725e+01 -5.434484454227194172e-01 -8.385399088682183866e-01 -3.891797017972679212e-02 1.811001483956750633e+02 -6.727565379954594804e-02 -2.705663019259757496e-03 9.977307581674876857e-01 -6.703771270079019740e-01
-8.372109098046072173e-01 5.441016537893806904e-01 -5.505708717143691089e-02 -6.693988145723183436e+01 -5.427026049064404001e-01 -8.390144505382068907e-01 -3.909775461373024563e-02 1.810607586577118582e+02 -6.746684468615929409e-02 -2.853442084978598248e-03 9.977174363197033324e-01 -6.700906808667190795e-01
-8.370469888445133400e-01 5.443383353426992644e-01 -5.520973775225717500e-02 -6.696346124087507690e+01 -5.429386494005591368e-01 -8.388612274197684293e-01 -3.910836379723518774e-02 1.810650330780921422e+02 -6.760149002374564453e-02 -2.760037706141912212e-03 9.977085850780427201e-01 -6.757789144453127950e-01
-8.368588982537035204e-01 5.446194399407869868e-01 -5.528878776191039485e-02 -6.696571476325591732e+01 -5.432203714254607574e-01 -8.386789742565803341e-01 -3.910506627427483978e-02 1.810815214820304391e+02 -6.766692310119168385e-02 -2.691426854739269181e-03 9.977043368350680952e-01 -6.700851743474828259e-01
-8.364892781713335612e-01 5.452272512564717566e-01 -5.489018119585341998e-02 -6.695608389194674714e+01 -5.438512273121396401e-01 -8.382842411780000447e-01 -3.879914359498522897e-02 1.811080726302885182e+02 -6.716792430528784053e-02 -2.602975208684507602e-03 9.977382895652456840e-01 -6.737846485029026500e-01
-8.363483393969568525e-01 5.454154121474051875e-01 -5.516777483303975105e-02 -6.695558611416510075e+01 -5.440344567549818544e-01 -8.381621616282597387e-01 -3.886773312086821974e-02 1.811015467611694874e+02 -6.743860208563538794e-02 -2.493793640088292490e-03 9.977203094765666469e-01 -6.741429552082852661e-01
-8.364792001283885003e-01 5.452177603628299840e-01 -5.513747851971033398e-02 -6.694606957862728791e+01 -5.438348832426344037e-01 -8.382905896505234988e-01 -3.889096388427890072e-02 1.810882648235393333e+02 -6.742527360746927712e-02 -2.545798169083724610e-03 9.977210789547548142e-01 -6.748884759670593647e-01
-8.368086243685255443e-01 5.447213509474562176e-01 -5.504521781620735216e-02 -6.694543616409237075e+01 -5.433336262490948698e-01 -8.386128036695505994e-01 -3.895043142898754751e-02 1.810778645399597622e+02 -6.737875606943510842e-02 -2.686139138900436873e-03 9.977238535221366611e-01 -6.796500510887759638e-01
-8.372562298940828818e-01 5.440537284508941696e-01 -5.484109829523488994e-02 -6.696138796514314606e+01 -5.426482849161018418e-01 -8.390447954486632831e-01 -3.920038403031480406e-02 1.810624055935874708e+02 -6.734125318970504703e-02 -3.061337810797010173e-03 9.977253047956878840e-01 -6.802796135126676358e-01
-8.372928320307746475e-01 5.439652174417852759e-01 -5.515936587195220675e-02 -6.696659549893134056e+01 -5.425652188244007856e-01 -8.391030496845168773e-01 -3.910313711421212202e-02 1.810516575923889775e+02 -6.755513860480751032e-02 -2.813223001115420369e-03 9.977115760701743552e-01 -6.670134734621113726e-01
-8.370543119431863577e-01 5.443207713491980959e-01 -5.527184396356680379e-02 -6.697418386066875939e+01 -5.429407537045848331e-01 -8.388734966597488629e-01 -3.881487560902060346e-02 1.810803654305796897e+02 -6.749382804387457635e-02 -2.480822375847936689e-03 9.977166074072955082e-01 -6.641443606504446873e-01
-8.366210441874892823e-01 5.449725220572538831e-01 -5.540919260548128611e-02 -6.697393595241375408e+01 -5.435882752739475965e-01 -8.384504146456879248e-01 -3.889330488874827296e-02 1.811057217020324686e+02 -6.765364297161143015e-02 -2.419169905191413672e-03 9.977059347371045606e-01 -6.688135252253338825e-01
-8.365795964327842338e-01 5.450714914091602248e-01 -5.506040397012038762e-02 -6.695517215909731590e+01 -5.436808860969376545e-01 -8.383852394016133580e-01 -3.900364657756494324e-02 1.811055726044157552e+02 -6.742160577446805469e-02 -2.694365693935839995e-03 9.977209366693171599e-01 -6.780785906187530854e-01
-8.369238704047752275e-01 5.445396601284362426e-01 -5.509077684965049682e-02 -6.694729141787210835e+01 -5.431572490495291117e-01 -8.387310540202963516e-01 -3.886414577667130638e-02 1.810682291637407673e+02 -6.736941406631490048e-02 -2.603376501729495751e-03 9.977247037530702078e-01 -6.770208185171858739e-01
-8.373123372903463757e-01 5.439148935369365612e-01 -5.535917638549794212e-02 -6.695550694123981827e+01 -5.425326429278579665e-01 -8.391367219330250204e-01 -3.883160132174087731e-02 1.810468024986443538e+02 -6.757500409982231115e-02 -2.480018588700082238e-03 9.977111146663190100e-01 -6.694449084367541936e-01
-8.373790529182454367e-01 5.438467983965603603e-01 -5.501801166485771610e-02 -6.696770878787981474e+01 -5.424656300478564175e-01 -8.391802825116745357e-01 -3.882645567663030317e-02 1.810549550811140591e+02 -6.728567418496721186e-02 -2.667080320911553032e-03 9.977301863389902437e-01 -6.714574182951152936e-01
-8.370169190664886738e-01 5.444091367390399006e-01 -5.496698128419220952e-02 -6.693130604777320514e+01 -5.430409511852133386e-01 -8.388160820877745838e-01 -3.865366433825605241e-02 1.810851069559015230e+02 -6.715059591918873250e-02 -2.504449234689728326e-03 9.977397081412209268e-01 -6.706986420849536668e-01
-8.369134715928114865e-01 5.445395502485383954e-01 -5.524960888177089802e-02 -6.693468256315952658e+01 -5.431732000685718376e-01 -8.387319794614047641e-01 -3.862047845407343138e-02 1.810825496893246509e+02 -6.736999178964060697e-02 -2.311891838725474435e-03 9.977253827393536278e-01 -6.712247893605111093e-01
-8.369002493513300056e-01 5.445360535537229207e-01 -5.548386266131161842e-02 -6.694612367841776290e+01 -5.431578266588885651e-01 -8.387342133063302452e-01 -3.878781727043838223e-02 1.810742594887827295e+02 -6.765757884283910006e-02 -2.325039687665422100e-03 9.977058916412069323e-01 -6.667880437716486863e-01
-8.364684279155607527e-01 5.452024827679357033e-01 -5.545107649224344931e-02 -6.698982155447363596e+01 -5.438396003191424688e-01 -8.383017164797224030e-01 -3.858395096235960747e-02 1.810785407232039574e+02 -6.752079846377083416e-02 -2.117765527448155216e-03 9.977156192242284671e-01 -6.699723214739945476e-01
-8.362627438904506327e-01 5.456082079199338075e-01 -5.455553712697770036e-02 -6.699278037593172996e+01 -5.443116737986963827e-01 -8.380385006472814702e-01 -3.763340536435930139e-02 1.810644977085162850e+02 -6.625273539467198269e-02 -1.776199103368552440e-03 9.978012929283408550e-01 -6.702074110135428642e-01
-8.340551532171402993e-01 5.489816971813933355e-01 -5.450777514969217669e-02 -6.701346703298243312e+01 -5.477287794074477967e-01 -8.358336801374208758e-01 -3.708427371221550972e-02 1.810665496372883467e+02 -6.591802182074169014e-02 -1.074852442031769967e-03 9.978244630652568503e-01 -6.742006534480250446e-01
-8.324334523302154842e-01 5.514939707431312232e-01 -5.393466117047328312e-02 -6.701124570569935202e+01 -5.503102789589526811e-01 -8.341787898631507492e-01 -3.611569485098749255e-02 1.810114203520031140e+02 -6.490873834638280493e-02 -3.831141138323501671e-04 9.978911307902563754e-01 -6.780285345207439640e-01
-8.301153094235855789e-01 5.549607626858761300e-01 -5.410291063977153148e-02 -6.705621625690872634e+01 -5.537799997502210747e-01 -8.318765210874554672e-01 -3.618239268037763690e-02 1.809799523812473581e+02 -6.508674932142086145e-02 -7.444825497846321860e-05 9.978796067262963865e-01 -6.882130566156744456e-01
-8.281932558364846209e-01 5.578814293443834504e-01 -5.351861152562861768e-02 -6.711073386507473515e+01 -5.567066690567727960e-01 -8.299206469989288681e-01 -3.618569209774072371e-02 1.809252810888046099e+02 -6.460352633313738713e-02 -1.745781981483222889e-04 9.979109949829074733e-01 -6.999017783679017946e-01
-8.241911352559214698e-01 5.637689667067137256e-01 -5.360526787545528277e-02 -6.715920222586363764e+01 -5.626807299703969756e-01 -8.259315328553558100e-01 -3.503568402619311462e-02 1.808793161184024996e+02 -6.402631244680656586e-02 1.286551066403993776e-03 9.979473814289094857e-01 -7.002074192365893568e-01
-8.184087499232284291e-01 5.721229687314480783e-01 -5.368823613244666504e-02 -6.715556385369934844e+01 -5.710789902777096971e-01 -8.201645641415102883e-01 -3.462476844627805639e-02 1.808558531665921407e+02 -6.384281410221816222e-02 2.323010219809223259e-03 9.979572629682236240e-01 -6.940887190553320929e-01
-8.118354186109555393e-01 5.813921422138299544e-01 -5.391131663007687341e-02 -6.719270607461497491e+01 -5.803596950669849264e-01 -8.136177243665330128e-01 -3.476813107402768055e-02 1.808224474248072795e+02 -6.407712096006695779e-02 3.061955035287253907e-03 9.979402522199567471e-01 -6.912256843534987372e-01
-8.058080838812253788e-01 5.896308379880472739e-01 -5.485259196411083199e-02 -6.726291746592370657e+01 -5.886317992550582634e-01 -8.076608176790505134e-01 -3.459202930965964151e-02 1.807362024401355995e+02 -6.469881650711077625e-02 4.413443046058087432e-03 9.978950769810713828e-01 -6.932122645292875251e-01
-8.004474029649060185e-01 5.968433461434353715e-01 -5.533511770155019605e-02 -6.733570065722143738e+01 -5.958956569403123238e-01 -8.023376764572178743e-01 -3.409719895982976645e-02 1.806689385377687813e+02 -6.474813608445172119e-02 5.680941958861322055e-03 9.978854672616739308e-01 -7.060306641232084734e-01
-7.939261815435474379e-01 6.055006123322603795e-01 -5.522885771895735124e-02 -6.743883489705601164e+01 -6.047389844793547020e-01 -7.958005986458802639e-01 -3.149869593710794002e-02 1.806331407279479038e+02 -6.302363771286091654e-02 8.391403941967679608e-03 9.979767559564304280e-01 -7.424057184020235178e-01
-7.876289962798592725e-01 6.135890065209126387e-01 -5.611680047775949309e-02 -6.759789143370655040e+01 -6.128824207812944014e-01 -7.895631934232705262e-01 -3.106608904428610762e-02 1.805055234483830304e+02 -6.336957090309001950e-02 9.924447991018334539e-03 9.979407812168173963e-01 -7.647278934645274084e-01
-7.798211326977462221e-01 6.233945076990036194e-01 -5.708142227311181066e-02 -6.769458528208932080e+01 -6.227558661739570622e-01 -7.818195631939064416e-01 -3.054998777764333928e-02 1.803811830649015349e+02 -6.367206721890573962e-02 1.172426449746902244e-02 9.979020039453094792e-01 -7.788375837498245913e-01
-7.679681581768884602e-01 6.377898383116796799e-01 -5.872844432435787854e-02 -6.772415786559091089e+01 -6.372410615574658488e-01 -7.700772509603548421e-01 -3.008084138544923902e-02 1.803260916058126782e+02 -6.441069392198471577e-02 1.432304784967777973e-02 9.978206816902445153e-01 -7.679033436583247996e-01
-7.535881296907651627e-01 6.544503884836758711e-01 -6.164105614556438656e-02 -6.776048459115533262e+01 -6.540983970010836313e-01 -7.558708791170356545e-01 -2.853946641850336335e-02 1.802689281750297141e+02 -6.527034418315663666e-02 1.881231289357511438e-02 9.976902721054298206e-01 -7.857320849933748796e-01
-7.403712945920211119e-01 6.690873192023150118e-01 -6.459493344523221936e-02 -6.783444679570492042e+01 -6.689141394434368060e-01 -7.428318562909903555e-01 -2.747193717101076987e-02 1.802069460862711026e+02 -6.636429911316084340e-02 2.286903062967166056e-02 9.975333514430874127e-01 -7.903603154342362380e-01
-7.284967751017616955e-01 6.819337592495237077e-01 -6.525945649594522280e-02 -6.795439840983418378e+01 -6.818419684226576516e-01 -7.309958869578558893e-01 -2.713933212541023640e-02 1.800831962016281125e+02 -6.621162106344344322e-02 2.472572034361107327e-02 9.974992030020076728e-01 -8.027491813424678657e-01
-7.170298212866286214e-01 6.939660777731622154e-01 -6.541649857489460762e-02 -6.804515090958044254e+01 -6.939045523972655616e-01 -7.195465293950713548e-01 -2.737269073106587958e-02 1.798728600687848882e+02 -6.606593333947861912e-02 2.576577061997827739e-02 9.974825399556336292e-01 -8.200996870552542672e-01
-7.016069132038038614e-01 7.094019896408094716e-01 -6.705636761926758727e-02 -6.815099155110985407e+01 -7.095504723947569925e-01 -7.041850351962239962e-01 -2.572087343130725900e-02 1.797320463762007705e+02 -6.546652937957370133e-02 2.953393470828259010e-02 9.974176057357521108e-01 -8.334253551494823498e-01
-6.846866814576102467e-01 7.257571328274572409e-01 -6.693827294331364253e-02 -6.822505580717731277e+01 -7.260786559613736646e-01 -6.871956745524312460e-01 -2.391422659744697060e-02 1.796223285606454567e+02 -6.335561215780441402e-02 3.222869880242546642e-02 9.974704894790684673e-01 -8.307973679580956672e-01
-6.673760107218578153e-01 7.416634872633732778e-01 -6.741314392098550490e-02 -6.830350289190842261e+01 -7.420407295151968396e-01 -6.699170664164719735e-01 -2.422147527511910384e-02 1.795124921465870784e+02 -6.312539943266641529e-02 3.385846695113395310e-02 9.974310944432127624e-01 -8.201791706373151580e-01
-6.480912897848516430e-01 7.584692397723103996e-01 -6.857180487795602741e-02 -6.837971753644059447e+01 -7.588812543681112688e-01 -6.507353686806633952e-01 -2.535195686179883903e-02 1.793793198272502423e+02 -6.385077817606421569e-02 3.560747487893550778e-02 9.973240124749113145e-01 -8.396038370333813727e-01
-6.279204632382149320e-01 7.752603602607716082e-01 -6.846360825317282517e-02 -6.847249879074584555e+01 -7.758227780146323971e-01 -6.304946193587070979e-01 -2.399066638043427166e-02 1.792348249196285508e+02 -6.176494928649930993e-02 3.805139640088629760e-02 9.973651198390581785e-01 -8.796763261660900390e-01
-6.100417270574678419e-01 7.894658234969909039e-01 -6.777023519923870698e-02 -6.862441855893351317e+01 -7.902509378903352921e-01 -6.124312989684872477e-01 -2.076918889165085824e-02 1.790702308093522674e+02 -5.790117798618134304e-02 4.088542006620152908e-02 9.974847547776470869e-01 -9.077393091024402727e-01
-5.914997914647595056e-01 8.033069637919653116e-01 -6.946883200745043729e-02 -6.870211692201910125e+01 -8.044642934448341665e-01 -5.937735158511256994e-01 -1.643813998285246006e-02 1.789494484941972132e+02 -5.445362494314762158e-02 4.616203848538574794e-02 9.974486798494570650e-01 -9.098729975198922570e-01
-5.711841310373311220e-01 8.174061261998213368e-01 -7.480583735331952644e-02 -6.874911280730668750e+01 -8.190328405965772163e-01 -5.735813003092473661e-01 -1.377308824683267166e-02 1.787739124322243640e+02 -5.416543616949084927e-02 5.340146801872723559e-02 9.971029980588834718e-01 -9.127056137796031310e-01
-5.480705256977747020e-01 8.325841743462033540e-01 -8.013920070487652592e-02 -6.884220875203875778e+01 -8.345089959028376692e-01 -5.507881775209222397e-01 -1.507047644965021915e-02 1.785881674364991909e+02 -5.668716449605824131e-02 5.861719996240676023e-02 9.966697493402536523e-01 -9.173405021050142771e-01
-5.212140692708460143e-01 8.497304510246291853e-01 -7.933507796433032777e-02 -6.891232431406912440e+01 -8.516893823496546334e-01 -5.238284312814316390e-01 -1.513177366004126584e-02 1.783866382781536402e+02 -5.441589829259467492e-02 5.968195022546667755e-02 9.967331512648182068e-01 -9.382974996427291270e-01
-4.895979930528708834e-01 8.685580943562822842e-01 -7.681563595248210030e-02 -6.899933555886815384e+01 -8.705194199072081584e-01 -4.919365576054881561e-01 -1.394140795184382192e-02 1.782149420976879810e+02 -4.989734224403742646e-02 6.004381749560393916e-02 9.969478397677262738e-01 -9.618128449391984969e-01
-4.570542775670609625e-01 8.863582876030067226e-01 -7.396197235822180027e-02 -6.903864943510927787e+01 -8.883642370163820079e-01 -4.590073694736340748e-01 -1.100986644773750689e-02 1.780821692550143496e+02 -4.370777674458341255e-02 6.067306458685793602e-02 9.972002855423199863e-01 -9.766445078592833617e-01
-4.239775950234629942e-01 9.027754989948409969e-01 -7.238368139806233836e-02 -6.907708886849195551e+01 -9.048021982308384059e-01 -4.257183940020239366e-01 -9.840278704380291119e-03 1.779418636469367527e+02 -3.969862711433250202e-02 6.132085634556370263e-02 9.973283168457034442e-01 -9.615710869583028453e-01
-3.951245922589210480e-01 9.157799068920892127e-01 -7.227529816568080412e-02 -6.910797694261832191e+01 -9.178401700264967600e-01 -3.968189434137352478e-01 -1.020531399508931361e-02 1.777140750889683147e+02 -3.802602895324555532e-02 6.230480142592029202e-02 9.973325086656523730e-01 -9.615381038295806038e-01
-3.647406421556556033e-01 9.284491575100644045e-01 -7.033083163685771577e-02 -6.918778277580416614e+01 -9.303675007376326356e-01 -3.664231709170806539e-01 -1.226268267075813698e-02 1.775108979200190049e+02 -3.715612373609137459e-02 6.096082130289917633e-02 9.974483448956061871e-01 -9.737260152311306705e-01
-3.391418728247894698e-01 9.382065460227080322e-01 -6.892943563554319863e-02 -6.919976812319499970e+01 -9.401401901473247502e-01 -3.406220289084824770e-01 -1.063279323701512083e-02 1.772726930425596379e+02 -3.345464043516893637e-02 6.119730731338730856e-02 9.975648733846558258e-01 -1.001507917607905140e+00
-3.144450666736302580e-01 9.467110818330832789e-01 -6.973110911960062053e-02 -6.921724678925311025e+01 -9.488483961469915684e-01 -3.156581296851395102e-01 -6.831273158170760029e-03 1.770202683499212526e+02 -2.847843348743264377e-02 6.401619090599711126e-02 9.975424332468212363e-01 -1.010895044790750763e+00
-2.916067726211415412e-01 9.539361659669500781e-01 -7.050731466846252293e-02 -6.922750878839607935e+01 -9.562117705598822681e-01 -2.926400239931785663e-01 -4.567953590756040905e-03 1.768899522945053491e+02 -2.499079839095424277e-02 6.608787799246977623e-02 9.975008031967869115e-01 -1.003835428042132216e+00
-2.760861163823569164e-01 9.584962352878503289e-01 -7.114368053401282088e-02 -6.927297290387728879e+01 -9.608360376123878943e-01 -2.770832854398579403e-01 -4.354509751970034315e-03 1.767018194674784297e+02 -2.388650594443544883e-02 6.715519241929195082e-02 9.974565729719235829e-01 -9.972027456558478775e-01
-2.662455212601810839e-01 9.612491115615932058e-01 -7.150851649238976204e-02 -6.932444838701458423e+01 -9.636026879002425050e-01 -2.672871379189212249e-01 -5.238871494869748457e-03 1.764110346204931261e+02 -2.414916728010772090e-02 6.751097262785887843e-02 9.974262310038360946e-01 -1.014944949183006262e+00
-2.572865769892700438e-01 9.636204310592669797e-01 -7.238288572789672304e-02 -6.938500112202856940e+01 -9.659971800028318567e-01 -2.584549357004970460e-01 -7.105943894325700283e-03 1.761956658028227878e+02 -2.555514679515304838e-02 6.809339951276657810e-02 9.973516047087270797e-01 -1.039819438178789079e+00
-2.527907214859415053e-01 9.648374160024907331e-01 -7.201119227074173623e-02 -6.941496316411202372e+01 -9.671763285889650730e-01 -2.539862157938372889e-01 -7.807150818094188427e-03 1.759941344760978552e+02 -2.582248144131985695e-02 6.767394526967447643e-02 9.973732684325612441e-01 -1.055003851805065507e+00
-2.470512926958547961e-01 9.662678370108189752e-01 -7.274699949647861486e-02 -6.948187083838651290e+01 -9.686703922124811905e-01 -2.482347835807598990e-01 -7.560652850871815017e-03 1.757409931096302103e+02 -2.536395135275960194e-02 6.859999547410261522e-02 9.973217688352781218e-01 -1.046930631151480329e+00
-2.383901918568551714e-01 9.683463985462689161e-01 -7.399573534280137754e-02 -6.948879675603399164e+01 -9.708397237298725946e-01 -2.396018119905052313e-01 -7.823203881462712644e-03 1.755390971107512428e+02 -2.530508357141271480e-02 6.997302418315687333e-02 9.972278719691438642e-01 -1.035686891373089225e+00
-2.273100832935082138e-01 9.711398973308983384e-01 -7.223175094949985109e-02 -6.951323971356562481e+01 -9.735841318481613937e-01 -2.282692621931996513e-01 -5.204051425019354249e-03 1.753367768269204134e+02 -2.154215046276328552e-02 6.914075317715656643e-02 9.973742988484990413e-01 -1.055291296602816287e+00
-2.136507860728296126e-01 9.744897402479919535e-01 -6.872472453101623191e-02 -6.954058879138551674e+01 -9.767820659018233709e-01 -2.142324403252959808e-01 -1.121269296457123865e-03 1.751286137332471924e+02 -1.581573087241587225e-02 6.688951833935233293e-02 9.976350309573640551e-01 -1.066716195037451964e+00
-1.994131800770284624e-01 9.776030751522538642e-01 -6.728009411723105682e-02 -6.956911209457639700e+01 -9.798395406830934240e-01 -1.997820414005742062e-01 1.269034185439762985e-03 1.749801653656471956e+02 -1.220074282620392872e-02 6.617675865948798031e-02 9.977333203255330796e-01 -1.067988259286472896e+00
-1.889080760282231264e-01 9.797891339038947711e-01 -6.577987454511409482e-02 -6.964940478803241319e+01 -9.819040528800465628e-01 -1.893768842030636446e-01 -9.092124493580572286e-04 1.747968109744793992e+02 -1.334802416291329744e-02 6.441776783927939676e-02 9.978337443870852752e-01 -1.082317337250685796e+00
-1.897184187910812003e-01 9.798026474529218932e-01 -6.319567719122343163e-02 -6.961704568266898718e+01 -9.817523539698699286e-01 -1.901612235592948785e-01 -1.012190224734185739e-03 1.744476931028555953e+02 -1.300911396026178946e-02 6.185047371425127227e-02 9.980006422118633536e-01 -1.115473739166386702e+00
-1.942227107742713343e-01 9.789312739899076465e-01 -6.301665989236568399e-02 -6.964102304054226522e+01 -9.808956954263268191e-01 -1.945302089829308301e-01 1.277688209265413072e-03 1.741307067855945263e+02 -1.100787507181008595e-02 6.206092649609420975e-02 9.980116572910607831e-01 -1.129756678123569280e+00
-1.943834459005506776e-01 9.788588481566609101e-01 -6.364299918485001595e-02 -6.970841602967206541e+01 -9.808695096930928337e-01 -1.946567513072907651e-01 1.937556430937247692e-03 1.739491844298406136e+02 -1.049194520854970433e-02 6.280210630151410178e-02 9.979708485370872850e-01 -1.123668025582058139e+00
-1.899155950824791272e-01 9.796943962151386520e-01 -6.427251954858100025e-02 -6.980246488535262017e+01 -9.817604374793617028e-01 -1.900912980579712031e-01 3.426631431578494591e-03 1.737950425603341102e+02 -8.860595059033984922e-03 6.375098765737226281e-02 9.979265010149341864e-01 -1.136736447693168950e+00
-1.851102566121267667e-01 9.807049945756698417e-01 -6.286419100988799302e-02 -6.988574219714490710e+01 -9.826860402695878349e-01 -1.852391149473964216e-01 3.823160051991347785e-03 1.735651383626907318e+02 -7.895514946505640536e-03 6.248346907655120963e-02 9.980147678946885703e-01 -1.132467281723322117e+00
-1.841096065059848463e-01 9.809563076571247153e-01 -6.187386572626818459e-02 -6.985578861961380426e+01 -9.828778274623860556e-01 -1.842134750664976561e-01 4.070858232003621291e-03 1.732215513896094023e+02 -7.404665760971845812e-03 6.156393482896969915e-02 9.980756749131514116e-01 -1.140563581172701957e+00
-1.811687065911444794e-01 9.814922877250503719e-01 -6.205472494773649206e-02 -6.985099419306217783e+01 -9.834202901846486045e-01 -1.813088129186326558e-01 3.412801075133534839e-03 1.729252767219275597e+02 -7.901430581483029347e-03 6.164416837206636302e-02 9.980669135386075475e-01 -1.151346106017988813e+00
-1.791062036101163102e-01 9.818542212721077522e-01 -6.231577648168104555e-02 -6.994665349026935530e+01 -9.838005607212583215e-01 -1.792291302206805437e-01 3.657267405660954984e-03 1.726709083833997624e+02 -7.577898977268928554e-03 6.196133512507336072e-02 9.980497825242028442e-01 -1.169835311047694892e+00
-1.746382029838162708e-01 9.826482885431357950e-01 -6.248070967770325002e-02 -7.001807908096391486e+01 -9.846186006330388540e-01 -1.746229973532946733e-01 5.746310362962865625e-03 1.724219141528413957e+02 -5.263966757078405306e-03 6.252319424499447331e-02 9.980296292372201616e-01 -1.177645293599985044e+00
-1.688896423524111068e-01 9.836913397449630336e-01 -6.186789811230209574e-02 -7.008613259760514325e+01 -9.856344666591757564e-01 -1.686197779824707421e-01 9.595238747648945216e-03 1.721385447656977306e+02 -9.933979850909394060e-04 6.259966919961952592e-02 9.980382230037793123e-01 -1.183107911102403431e+00
-1.699279032652376564e-01 9.834791284618189522e-01 -6.239640672234932073e-02 -7.010322384191005085e+01 -9.854564079992840231e-01 -1.696138453128355206e-01 1.033496063571797546e-02 1.717780447277054634e+02 -4.190763991782121833e-04 6.324513703182507718e-02 9.979979343750152720e-01 -1.170126631161092723e+00
-1.689538545685442816e-01 9.837367128648294434e-01 -6.096453713702312815e-02 -7.009437126904499848e+01 -9.856226025776974042e-01 -1.687328550096547364e-01 8.792549587999732436e-03 1.713587549776298715e+02 -1.637166576072161123e-03 6.157356090231504153e-02 9.981012054312984327e-01 -1.172377791245665435e+00
-1.588173759789375250e-01 9.855577806173224653e-01 -5.876140018602548504e-02 -7.015694934221967571e+01 -9.873041626612589772e-01 -1.587006635511154506e-01 6.677557950750711430e-03 1.710948876197684285e+02 -2.744354006829465009e-03 5.907588723915256634e-02 9.982497222979789253e-01 -1.194884141437470904e+00
-1.491503610756814702e-01 9.871365206460600561e-01 -5.758176271863123252e-02 -7.018634141764718493e+01 -9.888139840473364472e-01 -1.489582258930459702e-01 7.638840961183543388e-03 1.708336636519795491e+02 -1.036698330170310323e-03 5.807698808983836891e-02 9.983115689557969796e-01 -1.231113610840537387e+00
-1.453277059404805005e-01 9.877035350507432643e-01 -5.763319125593326098e-02 -7.026526208647999283e+01 -9.893831190110971008e-01 -1.450249548241653308e-01 9.423709148880309722e-03 1.705013730379977233e+02 9.495798813749199707e-04 5.839083255541541173e-02 9.982933481555079647e-01 -1.247762614782772284e+00
-1.472057495640979319e-01 9.874740146893957737e-01 -5.679381663948336600e-02 -7.032384934872051474e+01 -9.891053474548775482e-01 -1.469025015324281203e-01 9.500877837388930353e-03 1.701200411249925253e+02 1.038716245245801389e-03 5.757365158405455818e-02 9.983407212529396002e-01 -1.234906390974850332e+00
-1.492897587052877117e-01 9.869787194932828633e-01 -5.987967278732318072e-02 -7.035058699150400230e+01 -9.887934494197403446e-01 -1.490333281597722159e-01 8.751084631824827820e-03 1.697536218775612440e+02 -2.869326205170996680e-04 6.051507551859731243e-02 9.981672421516595284e-01 -1.236803457167424458e+00
-1.477489790954218396e-01 9.871541733847570832e-01 -6.080195017693031112e-02 -7.037663007332898246e+01 -9.890217075837357541e-01 -1.476250712222531014e-01 6.549830133405366156e-03 1.693251722548010321e+02 -2.510200074168855711e-03 6.110217930386790952e-02 9.981283597713801470e-01 -1.222686566053703405e+00
-1.454488244296896493e-01 9.876595124043291429e-01 -5.808034976878606592e-02 -7.044726477067746373e+01 -9.893551446899447877e-01 -1.454685728832401104e-01 3.910495985432520250e-03 1.689627273837836583e+02 -4.586627035193361485e-03 5.803086989315810879e-02 9.983042527165170155e-01 -1.238666698459611970e+00
-1.427585047159771747e-01 9.880464914634238260e-01 -5.817336192860959182e-02 -7.046657720031747374e+01 -9.897432690209041484e-01 -1.428253963739818388e-01 3.027800923007067241e-03 1.686780306318820521e+02 -5.317025397033915690e-03 5.800893773750440130e-02 9.983019044274600295e-01 -1.286720100019406177e+00
-1.408663934372649251e-01 9.882059237527829332e-01 -6.004757663625057834e-02 -7.055462929615644896e+01 -9.900191072332822362e-01 -1.408715194108427493e-01 4.169212383040275111e-03 1.683711773216735992e+02 -4.338952983383791151e-03 6.003555012481577580e-02 9.981868092738045428e-01 -1.294255163150775712e+00
-1.427344940420329777e-01 9.875700189650377103e-01 -6.582037565951720515e-02 -7.059049565364284717e+01 -9.897575612524548427e-01 -1.425936791076052312e-01 6.856575103549634315e-03 1.679723474221569859e+02 -2.614221520487507167e-03 6.612488427175054750e-02 9.978079301778921550e-01 -1.296032747403982555e+00
-1.455974493531255742e-01 9.866891131942795434e-01 -7.242911462768839015e-02 -7.071955981841577454e+01 -9.893263433354985148e-01 -1.456405050071118978e-01 4.714836549145222377e-03 1.675052166903273019e+02 -5.896534938062442111e-03 7.234249930131103623e-02 9.973624184169784801e-01 -1.315158969262695710e+00
-1.524212400540212453e-01 9.852404995724977077e-01 -7.790329635214096604e-02 -7.077021852463734319e+01 -9.882159229275813139e-01 -1.530512458567554468e-01 -2.146116046180999992e-03 1.670719570452532139e+02 -1.403763700852311835e-02 7.665816423467311513e-02 9.969586102759666613e-01 -1.314123663400644570e+00
-1.593329088591499687e-01 9.837021098285149145e-01 -8.332576596353602483e-02 -7.085392019832573851e+01 -9.870796928660375835e-01 -1.601886451560796676e-01 -3.643884541038061586e-03 1.666826550027330143e+02 -1.693233846728205844e-02 8.166858075164398767e-02 9.965156992401281721e-01 -1.344484840968036554e+00
-1.674329352597594411e-01 9.819180188676572829e-01 -8.833581614111174485e-02 -7.091381345436684569e+01 -9.857712989257449987e-01 -1.680920749855949747e-01 -2.326557149328473129e-05 1.662543253053787282e+02 -1.487139551457400399e-02 8.707501679616388990e-02 9.960907504065062978e-01 -1.358704740414198309e+00
-1.720373928036540434e-01 9.808011032230802284e-01 -9.182772671535499587e-02 -7.096118449055171595e+01 -9.849970292486408541e-01 -1.725556225606961203e-01 2.325831903326788797e-03 1.658868524899464205e+02 -1.356421205500719929e-02 9.085016807402863936e-02 9.957721923774772721e-01 -1.324875422803707847e+00
-1.771118694963507156e-01 9.801252145809465910e-01 -8.936413948649182815e-02 -7.104172097378094008e+01 -9.840979171666329739e-01 -1.776105569173156429e-01 2.404059029228522437e-03 1.654852387032383376e+02 -1.351573571074460300e-02 8.836885092709130529e-02 9.959961200095223122e-01 -1.324907311484232686e+00
-1.824004049683201067e-01 9.792100758821342676e-01 -8.875651839892001460e-02 -7.113334181763475783e+01 -9.831244038493143211e-01 -1.829242365396144265e-01 2.265003825549491423e-03 1.650658196230243391e+02 -1.401780379814704380e-02 8.767183685371394974e-02 9.960507769182113114e-01 -1.382808606465880441e+00
-1.876709739159030388e-01 9.781605809093241177e-01 -8.933914877918802677e-02 -7.123664769812175734e+01 -9.821483940843593885e-01 -1.880635386659175179e-01 4.078899602408918301e-03 1.646607964090448490e+02 -1.281161765625187660e-02 8.850979256323246447e-02 9.959929111562207948e-01 -1.394508491390563432e+00
-1.884022418038417968e-01 9.783986610548315310e-01 -8.509204034103101666e-02 -7.129319171773138919e+01 -9.820195657968057157e-01 -1.887318223042417920e-01 4.227486484085801743e-03 1.642514688279145219e+02 -1.192340872149189740e-02 8.435851643926076115e-02 9.963641267270852975e-01 -1.424833533504057392e+00
-1.874185507564272157e-01 9.786860792698299782e-01 -8.395144475117398419e-02 -7.136467764087166188e+01 -9.822386739940147660e-01 -1.875102778640711509e-01 6.861705751414516608e-03 1.638239838578649028e+02 -9.026302833427715666e-03 8.374636671992205517e-02 9.964462212876175062e-01 -1.473127769830837597e+00
-1.886753587135439059e-01 9.783528643554709747e-01 -8.501342142133441748e-02 -7.141433750368305766e+01 -9.820205325505152461e-01 -1.885016725663075654e-01 1.013869266263431324e-02 1.633498948922808154e+02 -6.105953121197799094e-03 8.539784685312909462e-02 9.963282215662322416e-01 -1.462976242546487171e+00
-1.873174098017129641e-01 9.786905327723969261e-01 -8.412507977327234043e-02 -7.150160150853669450e+01 -9.822760611171139633e-01 -1.872156230858730286e-01 9.167891186980713092e-03 1.628763766847295642e+02 -6.777000916716430234e-03 8.435135763134210540e-02 9.964130271751390211e-01 -1.445878246558276903e+00
-1.845652580858214709e-01 9.790285377174665626e-01 -8.624840776799114206e-02 -7.162527198819286411e+01 -9.827772376550523159e-01 -1.846662686646676210e-01 6.875344687641261887e-03 1.624499755424508862e+02 -9.196012984938675694e-03 8.603192170507636960e-02 9.962499394192766422e-01 -1.486291508315483734e+00
-1.822876763939820233e-01 9.792490906116206872e-01 -8.855744785841798694e-02 -7.174517196633705396e+01 -9.831571780502059710e-01 -1.827359598356763648e-01 3.087431179655167335e-03 1.620397407136436243e+02 -1.315926606000259597e-02 8.762869118757618536e-02 9.960662860460213208e-01 -1.501697515446592801e+00
-1.835027582361581366e-01 9.788698610120978305e-01 -9.022490189453538645e-02 -7.179418948143285206e+01 -9.829624673216785791e-01 -1.837036752809502183e-01 6.143901459933757969e-03 1.614921668297894257e+02 -1.056056611173192966e-02 8.981511504433789539e-02 9.959024648794539969e-01 -1.500438622127080679e+00
-1.825743244213799965e-01 9.791281457533930199e-01 -8.930112124491340619e-02 -7.186980360234235832e+01 -9.831516766128797213e-01 -1.826353632315567133e-01 7.556776466236050926e-03 1.610420914948622908e+02 -8.910490186291468440e-03 8.917622043347310512e-02 9.959760061737634729e-01 -1.494688429271947783e+00
-1.805155793373878215e-01 9.796220679848571811e-01 -8.806094215689209970e-02 -7.192138145824223727e+01 -9.835441098959466499e-01 -1.804612489876524783e-01 8.644160040571849390e-03 1.606450903358913251e+02 -7.423577673725104131e-03 8.817222652790777937e-02 9.960775817995470849e-01 -1.523706945253556766e+00
-1.816276177108415713e-01 9.798305206554850377e-01 -8.332802215752833919e-02 -7.200520331087302850e+01 -9.833192537117517729e-01 -1.818038591275361604e-01 5.531915228787383232e-03 1.601604377883833763e+02 -9.729016622858743801e-03 8.294279714560007233e-02 9.965068181589206153e-01 -1.549539556128864959e+00
-1.841708624344984280e-01 9.795473873025986045e-01 -8.104325671384449148e-02 -7.212429132785469221e+01 -9.828334502019280272e-01 -1.844494371263596388e-01 4.100525325328577275e-03 1.596853528135490023e+02 -1.093172421476192729e-02 8.040722089726860811e-02 9.967021502100165131e-01 -1.589634958979276425e+00
-1.889202994619352260e-01 9.785627806604224599e-01 -8.200002900825188734e-02 -7.219489859387847730e+01 -9.819228965618107541e-01 -1.892408168113186573e-01 3.916434634701357331e-03 1.592535273504115594e+02 -1.168527530166528494e-02 8.125760000594609012e-02 9.966246318360779677e-01 -1.591579583649810115e+00
-1.958579531662365536e-01 9.770946403190683416e-01 -8.322094713041383596e-02 -7.232948450355304715e+01 -9.805312778848958022e-01 -1.963492618645323873e-01 2.319580709260540829e-03 1.587870721886990282e+02 -1.407392166191805127e-02 8.205504996649568006e-02 9.965284208210271055e-01 -1.583105452071381425e+00
-2.044132253285755318e-01 9.752485547457721005e-01 -8.429406727078615769e-02 -7.245875815890960325e+01 -9.787814651176651726e-01 -2.048829677644834479e-01 3.132580746700190655e-03 1.582895206312347227e+02 -1.421537382153388596e-02 8.314581159806228028e-02 9.964359975235808076e-01 -1.634000164965771607e+00
-2.128727234228364740e-01 9.729287106798926166e-01 -8.997181534962434002e-02 -7.251226594158141836e+01 -9.769985051627184669e-01 -2.131394620465607570e-01 6.744674070470031702e-03 1.577303416932685991e+02 -1.261445727563289404e-02 8.933808624133943166e-02 9.959214737188751831e-01 -1.656809697412273241e+00
-2.127641086761742351e-01 9.725425894833757967e-01 -9.429923488662736442e-02 -7.261150201481927979e+01 -9.770254139483888212e-01 -2.129748288343700224e-01 7.941207839515102007e-03 1.573405639306527348e+02 -1.236020057332381378e-02 9.382235300791012811e-02 9.955122256998385488e-01 -1.624810612933934806e+00
-2.190759390187719813e-01 9.709629018094445563e-01 -9.610814873269865610e-02 -7.275992317869489057e+01 -9.756230857024477121e-01 -2.192896879285515244e-01 8.463297976156781977e-03 1.568078584288828949e+02 -1.285797758117709216e-02 9.561943357906746432e-02 9.953349166660135916e-01 -1.657811735474837844e+00
-2.254059062429962790e-01 9.694374003842579635e-01 -9.686745669721195939e-02 -7.287946434317815658e+01 -9.741083051797837511e-01 -2.260357639896395376e-01 4.565432880878871058e-03 1.562686630808277073e+02 -1.746960819661957931e-02 9.538846960630328886e-02 9.952868192916169976e-01 -1.685540410279203760e+00
-2.263684271933656955e-01 9.694002456818501257e-01 -9.497630674000101525e-02 -7.299666692484889552e+01 -9.738995540043658972e-01 -2.269229237110672592e-01 5.064129196484259965e-03 1.557867954550071659e+02 -1.664313312148369556e-02 9.364374173638097265e-02 9.954666522558707209e-01 -1.728722034638135341e+00
-2.270198270688983389e-01 9.694914598172602593e-01 -9.245705737803353030e-02 -7.307357198529413722e+01 -9.738086407370324382e-01 -2.272036993201227428e-01 8.672383821322897368e-03 1.553346704781551750e+02 -1.259878341351215042e-02 9.200428444724048638e-02 9.956789052198758982e-01 -1.737954837272869257e+00
-2.280829530149930395e-01 9.693432059973231540e-01 -9.138881512959645681e-02 -7.316021385586236647e+01 -9.736069965164740880e-01 -2.278604281065019777e-01 1.300160133569373128e-02 1.548526516623780935e+02 -8.220880617735348839e-03 9.194223344009441745e-02 9.957304067024950189e-01 -1.752347081405712048e+00
-2.273750861579473259e-01 9.696600712827374569e-01 -8.977703690043734031e-02 -7.326358396678310214e+01 -9.737788366630442116e-01 -2.271044663621335502e-01 1.335434856287914807e-02 1.543312391418628522e+02 -7.439587477431473805e-03 9.045942470703095817e-02 9.958723537782533386e-01 -1.747316415450321347e+00
-2.227037250275245572e-01 9.709514475039007220e-01 -8.750049970683169975e-02 -7.341279054642271262e+01 -9.748561241341622274e-01 -2.225027416777110023e-01 1.216828599356583468e-02 1.539023854849907025e+02 -7.654286183845587788e-03 8.801032062197169936e-02 9.960901542365698802e-01 -1.777823639736107575e+00
-2.197264207943170344e-01 9.716094629439167019e-01 -8.772315271781215562e-02 -7.354503658554334322e+01 -9.755394826189169866e-01 -2.194358939047020840e-01 1.306163534402913357e-02 1.534512564824270555e+02 -6.558799930990372173e-03 8.844738539989877024e-02 9.960592563494338192e-01 -1.823153988407089976e+00
-2.177057952544110275e-01 9.719021963208426262e-01 -8.950032122493996323e-02 -7.367407821128205114e+01 -9.759907168121421117e-01 -2.174226138129646824e-01 1.302028030650879270e-02 1.529946477455761737e+02 -6.804954751217479059e-03 9.018607314580995293e-02 9.959016843049179890e-01 -1.818152637190214582e+00
-2.207350174369797635e-01 9.709851681489124475e-01 -9.199921364840238369e-02 -7.377186013765478378e+01 -9.753119493303722409e-01 -2.203775352185379788e-01 1.415427371472887524e-02 1.524478228433448521e+02 -6.530970102956855372e-03 9.285227625551317754e-02 9.956584761973776843e-01 -1.803292974247520331e+00
-2.225452136328933683e-01 9.705467402553450418e-01 -9.226403887113318603e-02 -7.390384734012286572e+01 -9.748993574006826757e-01 -2.221914015917048069e-01 1.422054845813262858e-02 1.519279926493436506e+02 -6.698569162604812999e-03 9.311286720125136473e-02 9.956330263368807776e-01 -1.839204158065971262e+00
-2.212670689440607852e-01 9.711202656418136403e-01 -8.925420920425744531e-02 -7.403414002011712114e+01 -9.751712345847216579e-01 -2.211784807840162514e-01 1.100649247418155480e-02 1.513666771130591826e+02 -9.052482500064608362e-03 8.947351171071579734e-02 9.959480625327499226e-01 -1.866649566536320304e+00
-2.194687627394282803e-01 9.716755296438831513e-01 -8.763633534615562770e-02 -7.413780703779919179e+01 -9.755420695006752352e-01 -2.196960795996087956e-01 7.162628211923316446e-03 1.508244590037879220e+02 -1.229360874456419950e-02 8.706490509867716165e-02 9.961267838403874419e-01 -1.917444906086191558e+00
-2.189787119679251770e-01 9.716347006979091372e-01 -8.929911592257414044e-02 -7.423651018080256847e+01 -9.756202005152772028e-01 -2.194059260076666185e-01 5.124839436421120553e-03 1.503406287406565127e+02 -1.461328338872645155e-02 8.824425212104866634e-02 9.959916685977837636e-01 -1.933538751207660944e+00
-2.221065503761519011e-01 9.707404504979114668e-01 -9.127791653581035503e-02 -7.435677465867370017e+01 -9.748918911594416370e-01 -2.226332050468502466e-01 4.500729067058555077e-03 1.497826787906847699e+02 -1.595245534624086664e-02 8.998574207995185814e-02 9.958152867830191157e-01 -1.935145939255638270e+00
-2.229860282791868986e-01 9.704763591366620812e-01 -9.193947764220566921e-02 -7.445753159565353485e+01 -9.746941139534868181e-01 -2.234885360748304350e-01 4.925288575900209354e-03 1.492516247248186687e+02 -1.576754314090413750e-02 9.071113823548493382e-02 9.957524160067714458e-01 -1.921416910837714820e+00
-2.221932433446354160e-01 9.704674282959084852e-01 -9.393153479379104387e-02 -7.456713536654734753e+01 -9.748720125988843410e-01 -2.227070847687198096e-01 5.110131624417924012e-03 1.487018797254066556e+02 -1.596000198597432446e-02 9.270666109047262515e-02 9.955655444650863828e-01 -1.943230732087233292e+00
-2.214110643342359630e-01 9.702983641078825050e-01 -9.745883849065475890e-02 -7.472399480357243817e+01 -9.750060999600419498e-01 -2.221535369817535521e-01 3.303187431079580849e-03 1.481908682122982555e+02 -1.844574832011421778e-02 9.575432426821975374e-02 9.952340748551807836e-01 -2.001263750858120805e+00
-2.208178702954388672e-01 9.703965228229012308e-01 -9.782666636152692607e-02 -7.485104982117515249e+01 -9.750364292645179454e-01 -2.220389066110481924e-01 -1.638767240696295535e-03 1.476629854263098025e+02 -2.331158006840500924e-02 9.502269436399404801e-02 9.952021190645251592e-01 -2.019203490113583577e+00
-2.222913917319782051e-01 9.702779060328213800e-01 -9.564163437762673858e-02 -7.496034022619805626e+01 -9.747232119302938758e-01 -2.234134181653932849e-01 -1.051050877143556994e-03 1.470932338503722008e+02 -2.238743589943920087e-02 9.299048149256178286e-02 9.954152766888952897e-01 -2.047615658826540841e+00
-2.226900855378872723e-01 9.703135144709634785e-01 -9.434410123656958302e-02 -7.506530222835168331e+01 -9.747443366638864903e-01 -2.232806617013942674e-01 4.384546939850707259e-03 1.465805572966328612e+02 -1.681082820115513410e-02 9.293777351107079809e-02 9.955299926722429582e-01 -2.079782200612142695e+00
-2.200892230597766286e-01 9.707344058488818206e-01 -9.610123409281542961e-02 -7.515993033662681455e+01 -9.753729080521549299e-01 -2.204526147167924499e-01 6.952330717943891458e-03 1.461003158443415941e+02 -1.443690170452354565e-02 9.526467323067719373e-02 9.953472850736200250e-01 -2.075468780033647764e+00
-2.185727578289156092e-01 9.708418730713872513e-01 -9.844799147927166261e-02 -7.527967333283207552e+01 -9.756392606683144120e-01 -2.193623154760415694e-01 2.864889452420096849e-03 1.455743755526487746e+02 -1.881442472272865790e-02 9.667591240960754506e-02 9.951380735265447086e-01 -2.078835893889618092e+00
-2.174027780411680322e-01 9.711987870718854499e-01 -9.751383537776112109e-02 -7.543464006818477685e+01 -9.757912325780140339e-01 -2.186889561293934303e-01 -2.571165283741169705e-03 1.450171556540917948e+02 -2.382231147186685688e-02 9.459416714118673575e-02 9.952308481046006072e-01 -2.112996291154895623e+00
-2.177901457893753889e-01 9.713971827810901072e-01 -9.463068044775072019e-02 -7.553143839570900298e+01 -9.757505643814725627e-01 -2.188822008922703954e-01 -1.190899573336332007e-03 1.444550148490651509e+02 -2.186980809885091109e-02 9.207657366299810964e-02 9.955117357802477640e-01 -2.154014636348808409e+00
-2.196084553618733448e-01 9.712116927910927622e-01 -9.230370588135936027e-02 -7.565197325081280155e+01 -9.754968416924416630e-01 -2.198968881670919640e-01 7.160336758930692380e-03 1.438958950561247150e+02 -1.334309490500605599e-02 9.161444405927368639e-02 9.957051548817381637e-01 -2.170413730339036285e+00
-2.202077635881942719e-01 9.711037677811290569e-01 -9.201093987554556652e-02 -7.581527294252028071e+01 -9.754277200004358717e-01 -2.198992459546167400e-01 1.360458317416211871e-02 1.432890996200843858e+02 -7.021674318687450012e-03 9.274585613323238498e-02 9.956650552569754620e-01 -2.161282039418015888e+00
-2.197490211831674145e-01 9.713008207055217058e-01 -9.102243342067031784e-02 -7.589259398868321682e+01 -9.755251665058052302e-01 -2.195304922285152838e-01 1.253046271002142276e-02 1.427745094416366385e+02 -7.811350898613241001e-03 9.154823143396234597e-02 9.957700056330539562e-01 -2.180082195773608511e+00
-2.187656374193778230e-01 9.716682823759577037e-01 -8.945582657965456264e-02 -7.595475456514699886e+01 -9.756877777846946209e-01 -2.190670817311703988e-01 6.555454473421373773e-03 1.422232710948507872e+02 -1.322709968427144417e-02 8.871506482184791931e-02 9.959692169477918355e-01 -2.203854920308861320e+00
-2.165197471326625323e-01 9.722493803353875474e-01 -8.860215312882083194e-02 -7.607472416923332048e+01 -9.761698289561291375e-01 -2.169547282536639088e-01 4.807382254460312865e-03 1.416720735410158341e+02 -1.454868163681844601e-02 8.753164185501158268e-02 9.960554942054165029e-01 -2.242426841724708186e+00
-2.155708242119953599e-01 9.726041294262643966e-01 -8.700820174868195700e-02 -7.620398745260938256e+01 -9.764465383906792972e-01 -2.155273559756938351e-01 1.000582285402122629e-02 1.411123916949489683e+02 -9.020943044964438440e-03 8.711582088865893470e-02 9.961573451706685622e-01 -2.261955643522219450e+00
-2.147024150445808743e-01 9.728765994624338775e-01 -8.610455964950912422e-02 -7.632588162444291413e+01 -9.766713820483489128e-01 -2.142243999096213880e-01 1.486330956183486152e-02 1.405806318846775014e+02 -3.985531557122889978e-03 8.728704773203171952e-02 9.961752289815447581e-01 -2.248022602362643507e+00
-2.134028071231917068e-01 9.732048635262587899e-01 -8.562438625051642382e-02 -7.644977821218608938e+01 -9.769602187855507269e-01 -2.128340347976676039e-01 1.582417587850382806e-02 1.400061766955073779e+02 -2.823618676516523318e-03 8.702854267756685025e-02 9.962018168709534383e-01 -2.246560296950066871e+00
-2.123685490654581010e-01 9.735696922197569769e-01 -8.403364658849281355e-02 -7.652792061772169063e+01 -9.771779941412932491e-01 -2.119992215030375160e-01 1.339768069870906492e-02 1.394135452417621650e+02 -4.771491782521106173e-03 8.496107622454887598e-02 9.963728460736651638e-01 -2.251263924066756683e+00
-2.114155230090155602e-01 9.741861046424521442e-01 -7.915118541367618943e-02 -7.660066635842993321e+01 -9.773800981545625044e-01 -2.111835677129874078e-01 1.138615208892849312e-02 1.388317347350011630e+02 -5.623198573992523042e-03 7.976800266760980529e-02 9.967975949952014858e-01 -2.299668847560110141e+00
-2.105571791672136150e-01 9.745515317915778297e-01 -7.690894735877949751e-02 -7.675186216870780243e+01 -9.775708111789576105e-01 -2.102708989076549351e-01 1.189362028492917805e-02 1.383152451945153416e+02 -4.580767627946957798e-03 7.768822919372245228e-02 9.969671788041382099e-01 -2.362934362379832010e+00
-2.137503874885895438e-01 9.736722458412035985e-01 -7.920309038809225655e-02 -7.687934794955242523e+01 -9.768882496024905437e-01 -2.130753821526616409e-01 1.697731748772397797e-02 1.377622555719345883e+02 -3.458859054832272295e-04 8.100147652384911967e-02 9.967139214257503266e-01 -2.387033188145283980e+00
-2.184008775997776652e-01 9.721632266851291115e-01 -8.485114816433214635e-02 -7.699886756728116666e+01 -9.758487133761449828e-01 -2.171694975486753165e-01 2.359444715560365252e-02 1.371891156246439323e+02 4.510572665367210132e-03 8.795493172991758479e-02 9.961142428048180841e-01 -2.340652107540183824e+00
-2.214419167877426098e-01 9.711666740035351797e-01 -8.831063805839978187e-02 -7.714248855630604851e+01 -9.751571686806157491e-01 -2.200032213819664850e-01 2.582787161890203603e-02 1.366005141423304963e+02 5.654543321574549697e-03 9.183612517124517538e-02 9.957580791805586973e-01 -2.319289624160803420e+00
-2.215658868752377053e-01 9.711302009570118576e-01 -8.840073847193331835e-02 -7.726899305788316497e+01 -9.751449320892086048e-01 -2.205643439736135747e-01 2.106493741320111107e-02 1.360081220240815583e+02 9.587460153839127974e-04 9.087080365377658842e-02 9.958622283475735415e-01 -2.360600639580798799e+00
-2.215498099518109498e-01 9.713913473646381691e-01 -8.552503712614623055e-02 -7.739965687515893933e+01 -9.751430937455337622e-01 -2.210014233466766065e-01 1.594733830868121788e-02 1.354394937857860839e+02 -3.410048490106128150e-03 8.693227906741746169e-02 9.962083870483322556e-01 -2.412895783534288352e+00
-2.240246446218214782e-01 9.712324651730749325e-01 -8.074934795958611800e-02 -7.749515869002247825e+01 -9.745760985680799182e-01 -2.235751302084751924e-01 1.468295787924284168e-02 1.348868167259223867e+02 -3.792980607224480383e-03 8.198572891726432776e-02 9.966262858022650883e-01 -2.439553172827618521e+00
-2.274250013630609857e-01 9.707399568864879535e-01 -7.708310358977440990e-02 -7.758816821869112346e+01 -9.737921655606786020e-01 -2.269207762464053868e-01 1.535511642331515575e-02 1.342538841020790699e+02 -2.585932647317712441e-03 7.855505974632692734e-02 9.969064226599176903e-01 -2.430904277641059430e+00
-2.280309242188656160e-01 9.706616773191589775e-01 -7.627454217395794600e-02 -7.771960495751869757e+01 -9.736457502570248224e-01 -2.276485707224480404e-01 1.378699584615285939e-02 1.336528852704348935e+02 -3.981281995191612855e-03 7.740824524547426644e-02 9.969915310380982332e-01 -2.426998792726049015e+00
-2.277780312652852857e-01 9.705975827861833549e-01 -7.782994772276824458e-02 -7.786283326374881142e+01 -9.736854740949579812e-01 -2.276447127213199195e-01 1.069964048483711822e-02 1.330823623073935664e+02 -7.332530899200828678e-03 7.821903259211193671e-02 9.969092320421987230e-01 -2.446024458529451273e+00
-2.299267303166849796e-01 9.698465945168455171e-01 -8.081634605669675564e-02 -7.800676616585828071e+01 -9.731580768485339483e-01 -2.299614691595341931e-01 9.004452590337240492e-03 1.325159744644337820e+02 -9.851707991076347204e-03 8.071744424884846891e-02 9.966883354607861678e-01 -2.485491562102610352e+00
-2.334355391526850010e-01 9.687938389546754125e-01 -8.334474586893644843e-02 -7.816535094565907116e+01 -9.723260958374494445e-01 -2.334007982363701661e-01 1.029712271114433669e-02 1.319739667582109348e+02 -9.476941173100279781e-03 8.344198575110470251e-02 9.964675722771484390e-01 -2.495960401004149176e+00
-2.391045790219297196e-01 9.674395914166507016e-01 -8.300383876863620669e-02 -7.829475250278888154e+01 -9.709675483569168986e-01 -2.388517490712198654e-01 1.310961492101185566e-02 1.314070050135673569e+02 -7.142851566700941790e-03 8.372860279022366348e-02 9.964629951715683331e-01 -2.508084769223072996e+00
-2.451224141741485951e-01 9.662133617356494231e-01 -7.966644006689782564e-02 -7.843882734680714464e+01 -9.694875459744296542e-01 -2.445451304871533171e-01 1.707563631317348535e-02 1.308033662987602099e+02 -2.983332015679816818e-03 8.142124267362058077e-02 9.966753137163414378e-01 -2.522368135898189312e+00
-2.494603920537392661e-01 9.653306800752906591e-01 -7.685174625063281861e-02 -7.858285154743153100e+01 -9.683849544818251553e-01 -2.486985279470872445e-01 1.948389412271578705e-02 1.302014372149067469e+02 -3.045153986992663042e-04 7.928253466135408434e-02 9.968521389694878776e-01 -2.543058999577353152e+00
-2.526778911230902480e-01 9.646990570829495626e-01 -7.422676472038972073e-02 -7.869753140945540792e+01 -9.675498046142515518e-01 -2.520220368525538657e-01 1.822823446233664407e-02 1.296002473314118220e+02 -1.122019835704812785e-03 7.642396354520153423e-02 9.970747809806093098e-01 -2.568656647242969715e+00
-2.536382158067864712e-01 9.644609912523740558e-01 -7.404493118937005569e-02 -7.887448714640160574e+01 -9.672937780531134511e-01 -2.531478425548050470e-01 1.609089026692729282e-02 1.289960588333728424e+02 -3.225278605734134552e-03 7.570446593389477952e-02 9.971250831342972631e-01 -2.588943489519736296e+00
-2.549007960256697292e-01 9.639640814070852270e-01 -7.615007513111150816e-02 -7.902976954178890878e+01 -9.669639061551934534e-01 -2.543141236750223744e-01 1.746799051108988837e-02 1.284598588898759033e+02 -2.527524197705299791e-03 7.808697878903669842e-02 9.969433461160320809e-01 -2.602180939630784007e+00
-2.598458746057450419e-01 9.624790443551968222e-01 -7.819341805729107531e-02 -7.919632150225638156e+01 -9.656458776619444295e-01 -2.587518995166999680e-01 2.398944457448592971e-02 1.278905751165387699e+02 2.856642236635668908e-03 8.174071001408352022e-02 9.966495351534185865e-01 -2.588012856693634678e+00
-2.677017160827721565e-01 9.602912052602570192e-01 -7.859129917580970348e-02 -7.934133087094963344e+01 -9.634434509896625531e-01 -2.658955295946758834e-01 3.280676891582426369e-02 1.272808372587082317e+02 1.060697654698607856e-02 8.450070083360022855e-02 9.963669623221969029e-01 -2.584708691940375225e+00
-2.725763868479940122e-01 9.589177789621263770e-01 -7.860538482340637123e-02 -7.949297198342374315e+01 -9.620380900770819643e-01 -2.704836374053416481e-01 3.634989871810749562e-02 1.266578545446028699e+02 1.359509373758430867e-02 8.552949834015616259e-02 9.962428811991318467e-01 -2.574228784364114286e+00
-2.747864767496166483e-01 9.583467661728859444e-01 -7.787084153587287005e-02 -7.971296640645962839e+01 -9.614007865399378794e-01 -2.726601093339506843e-01 3.694580379945371085e-02 1.260444818943743570e+02 1.417461942776656464e-02 8.501729555784949544e-02 9.962786455706592603e-01 -2.635389125838741187e+00
-2.772539851205926276e-01 9.577182707053244481e-01 -7.685012486621989325e-02 -7.986479539185850740e+01 -9.606735210233565692e-01 -2.750496776804749466e-01 3.813214932906106025e-02 1.254386572938017821e+02 1.538225403954753337e-02 8.440017040901176548e-02 9.963132025099299405e-01 -2.667367623761858653e+00
-2.801184184383311848e-01 9.567760656160051447e-01 -7.818715953380948880e-02 -7.999822202549754024e+01 -9.597736062671911039e-01 -2.775037013834695809e-01 4.273547041211369496e-02 1.248606076624955818e+02 1.919104907185936737e-02 8.701296445261191836e-02 9.960223128287287730e-01 -2.623294091837989672e+00
-2.799200796458558571e-01 9.566443030670651604e-01 -8.047624755408824826e-02 -8.019005095264309091e+01 -9.596856779325902975e-01 -2.766137340139909195e-01 4.988227867591480541e-02 1.243041782382627929e+02 2.545876238394698815e-02 9.119495361129500988e-02 9.955075749856007183e-01 -2.607444388945012737e+00
-2.773317310472418473e-01 9.573556311401584251e-01 -8.097719727534197220e-02 -8.034892637612848887e+01 -9.603694512104213876e-01 -2.737822356526204981e-01 5.228579752521261143e-02 1.237397907124132530e+02 2.788598458249004486e-02 9.226853724473096929e-02 9.953436034348052130e-01 -2.588981273155554597e+00
-2.776679732727029837e-01 9.577734840478147049e-01 -7.463544649521357266e-02 -8.050271717553252415e+01 -9.601689046183654597e-01 -2.741555896970908623e-01 5.398506498846284557e-02 1.231287115057567121e+02 3.124373893434680485e-02 8.665255848935349281e-02 9.957485440032797230e-01 -2.612685071894337518e+00
-2.828048226818369315e-01 9.564431910905898393e-01 -7.237302318091085040e-02 -8.067422527153348710e+01 -9.586051378712773241e-01 -2.792241907297643433e-01 5.576774119594428425e-02 1.224846692904655754e+02 3.313037752100679578e-02 8.514853802478376810e-02 9.958173048092493485e-01 -2.630392176906465096e+00
-2.862510125287949236e-01 9.554612153414303588e-01 -7.179292308101900555e-02 -8.085052188722656297e+01 -9.575700528480541873e-01 -2.826551378219173127e-01 5.626425998311953419e-02 1.218521695899018908e+02 3.346567965565386965e-02 8.485245453815895567e-02 9.958313658667489188e-01 -2.620359134245358046e+00
-2.878083348188977819e-01 9.549513938253240131e-01 -7.234775628756415222e-02 -8.102777830449996088e+01 -9.569620513475078916e-01 -2.838274370873725694e-01 6.054434934148488628e-02 1.213066454224803721e+02 3.728263254577716956e-02 8.665922563400331458e-02 9.955401468162755618e-01 -2.645607637279168145e+00
-2.919761942886232031e-01 9.534558649335235225e-01 -7.531145724654943197e-02 -8.123888859821653341e+01 -9.553161583013535241e-01 -2.869403664480836280e-01 7.096663857745269532e-02 1.207620409699444224e+02 4.605366062622583134e-02 9.266682106615106718e-02 9.946315501814821936e-01 -2.614413754571340398e+00
-2.984880975989185892e-01 9.514400465867489665e-01 -7.527744245644751864e-02 -8.143208622045648326e+01 -9.532289288688380324e-01 -2.932607300428098362e-01 7.316251350470515113e-02 1.201905066468252699e+02 4.753382752678690648e-02 9.359477531231968905e-02 9.944750139017520807e-01 -2.541017173744961610e+00
-3.065051954837925141e-01 9.488618121578402675e-01 -7.560308571733026506e-02 -8.162281363763383979e+01 -9.511113236458232922e-01 -3.021252763628965443e-01 6.409030671898605092e-02 1.195180034376725473e+02 3.797124140889275579e-02 9.155096291783765272e-02 9.950761810106221184e-01 -2.563257156078701637e+00
-3.150228575081333027e-01 9.462759562764925247e-01 -7.295487523407703789e-02 -8.180970322765855940e+01 -9.486386794342617224e-01 -3.115886547206985213e-01 5.474638006813675045e-02 1.188428932013552242e+02 2.907327172214993136e-02 8.645417758763693228e-02 9.958315219197549917e-01 -2.630255645942009224e+00
-3.229292161280181706e-01 9.440225855400516952e-01 -6.736526821159090350e-02 -8.199007335002437458e+01 -9.455553268157281810e-01 -3.187673665643657728e-01 6.566955111785785504e-02 1.183060344450599359e+02 4.051969029182375670e-02 8.490420486580868564e-02 9.955648802035754752e-01 -2.632481823288274292e+00
-3.286977895918374859e-01 9.420351650636858976e-01 -6.728678102625217095e-02 -8.218056901081259014e+01 -9.429792991625410847e-01 -3.234027224197884021e-01 7.874465367498123536e-02 1.178034176344002901e+02 5.241950465583960356e-02 8.933323522017969087e-02 9.946214197455897077e-01 -2.536739032464034427e+00
-3.321313294119812021e-01 9.402482904919607920e-01 -7.497954554394217763e-02 -8.241218762934562392e+01 -9.419724242443602291e-01 -3.265291678028370281e-01 7.788873177289760974e-02 1.172388024629180165e+02 4.875173828935547987e-02 9.649795231471329504e-02 9.941385281804712148e-01 -2.477013813011283982e+00
-3.372256229324224197e-01 9.377700437830965852e-01 -8.286268292113810330e-02 -8.262922434909852143e+01 -9.405160305509941976e-01 -3.317283716755798917e-01 7.338858018840616060e-02 1.166499297799015125e+02 4.133370917836190483e-02 1.026821912919557434e-01 9.938550659311652380e-01 -2.538580169617937088e+00
-3.458907608633003949e-01 9.348101858563773181e-01 -8.055742031975243744e-02 -8.281764889312398736e+01 -9.370973777548838868e-01 -3.398812536804118878e-01 7.955650822875905137e-02 1.160988764538417399e+02 4.699027723187332306e-02 1.030080085032108322e-01 9.935699593032562005e-01 -2.562031006205700123e+00
-3.543056150836256801e-01 9.323381069732727955e-01 -7.220239196666788928e-02 -8.301920993379310687e+01 -9.328157556974210340e-01 -3.469455192074843985e-01 9.738363632817698123e-02 1.156172285661455561e+02 6.574417877548827116e-02 1.018550979938835366e-01 9.926244214050916614e-01 -2.506587903921611460e+00
-3.620970065476769584e-01 9.293810997839786481e-01 -7.166958360095611325e-02 -8.322883094854043406e+01 -9.294501305159355020e-01 -3.541458388044289585e-01 1.034561730464573365e-01 1.151182488806996247e+02 7.076872708423338765e-02 1.040744744009320238e-01 9.920485326056619479e-01 -2.431575959715301494e+00
-3.693852806792605747e-01 9.261979377246132294e-01 -7.557707702853774800e-02 -8.344751734746702709e+01 -9.274507842125327972e-01 -3.623430486279948237e-01 9.242595941903332390e-02 1.145481103179673283e+02 5.821990450921430554e-02 1.042348083206578874e-01 9.928471923983537284e-01 -2.412107030756686754e+00
-3.759447003051745728e-01 9.236045905961228764e-01 -7.496760995404061489e-02 -8.364085347844249441e+01 -9.253372646087486553e-01 -3.698928571290067691e-01 8.324794875154317708e-02 1.139743976602524924e+02 4.915820418660300783e-02 1.006669482735469412e-01 9.937050047606881265e-01 -2.459069188299905395e+00
-3.826455248679614396e-01 9.214083000855511907e-01 -6.774324196535909393e-02 -8.383479839012802870e+01 -9.218084305841230952e-01 -3.758281595817609677e-01 9.498637675699801719e-02 1.134959239457255080e+02 6.206141798700844092e-02 9.879240354825562231e-02 9.931709024123694940e-01 -2.468674810392707641e+00
-3.898699827891876080e-01 9.189396717768522072e-01 -5.959258472838685483e-02 -8.402692843463832162e+01 -9.173037195466665628e-01 -3.818563882051115854e-01 1.128697696143559498e-01 1.130239056685920218e+02 8.096469987475629626e-02 9.866903476571763087e-02 9.918211224573674212e-01 -2.380426129680270453e+00
-3.956336630401287024e-01 9.164535520328690454e-01 -5.989066401190969169e-02 -8.425860333198330920e+01 -9.146903948373580340e-01 -3.873314373406220312e-01 1.153942773274579392e-01 1.125179533525561340e+02 8.255595836599756432e-02 1.004352757450558686e-01 9.915126167247123590e-01 -2.304550771870509607e+00
-4.019329169901999510e-01 9.133393299682077693e-01 -6.527785668183798407e-02 -8.449729593184831344e+01 -9.131259148730161979e-01 -3.944871618131213786e-01 1.028637095964634596e-01 1.119643080794758419e+02 6.819819518921628465e-02 1.009512134540923034e-01 9.925511869294599832e-01 -2.320111848077428540e+00
-4.087370355233426178e-01 9.102636529507602825e-01 -6.598574018928361762e-02 -8.471901583810740988e+01 -9.108266089236919383e-01 -4.022810563503957937e-01 9.254642174702337742e-02 1.114161415452387303e+02 5.769683065955941159e-02 9.792871804709629702e-02 9.935195226634927490e-01 -2.334028762267263968e+00
-4.162583581240635322e-01 9.073517681215645947e-01 -5.866641439980631312e-02 -8.491409309168437858e+01 -9.071132173995750669e-01 -4.099993335251843618e-01 9.511128917166560004e-02 1.109414172234643559e+02 6.224620559399932085e-02 9.280794898916559788e-02 9.937364310990988159e-01 -2.308009049607335328e+00
-4.221622629743639887e-01 9.049282323375064108e-01 -5.370212322506555391e-02 -8.511844994641879225e+01 -9.035159683777250761e-01 -4.152052603932334662e-01 1.061295747105815424e-01 1.104878720145872677e+02 7.374224438424502315e-02 9.332462729796095480e-02 9.929011004792325235e-01 -2.285256072341503408e+00
-4.276272868861066279e-01 9.024247697709721905e-01 -5.257792706294026064e-02 -8.534583905348898725e+01 -9.003670742692848616e-01 -4.200315888048624657e-01 1.136336040871338410e-01 1.100533479766723133e+02 8.046138876626457437e-02 9.593226417567439490e-02 9.921305184339067607e-01 -2.223767474597602600e+00
-4.345422551507380771e-01 8.991441971959246438e-01 -5.208398158174107340e-02 -8.557042274291764272e+01 -8.969310473570659692e-01 -4.267721934726542710e-01 1.156727762504907581e-01 1.095990601304785628e+02 8.177851047474235524e-02 9.698044920207214703e-02 9.919208979032031470e-01 -2.183476151201234394e+00
-4.429914917229273996e-01 8.948570146609867715e-01 -5.467596888142023381e-02 -8.582296545359112372e+01 -8.930920309286606296e-01 -4.351407769567372519e-01 1.141890035038720386e-01 1.091041188415415775e+02 7.839108720266430019e-02 9.941542909183470611e-02 9.919533305078775953e-01 -2.187769938167430261e+00
-4.503755151142463387e-01 8.909760927666993124e-01 -5.764978320656195115e-02 -8.607390754105387032e+01 -8.899664100112315568e-01 -4.428140117563668099e-01 1.089749514519414986e-01 1.086010269512762534e+02 7.156594467550907168e-02 1.003860204929878375e-01 9.923713833299927511e-01 -2.172422429168738400e+00
-4.563736847513952810e-01 8.879213372019060246e-01 -5.760866955600602718e-02 -8.630223983929406018e+01 -8.867953681556873802e-01 -4.485785690935717440e-01 1.112260867224162952e-01 1.081811941465653604e+02 7.291800109748543257e-02 1.018477603658650976e-01 9.921239835949963171e-01 -2.180823773950557154e+00
-4.614860142103780483e-01 8.856212831610131841e-01 -5.201539676345559582e-02 -8.650954428950663555e+01 -8.829959762380016342e-01 -4.528706172231480309e-01 1.233949350801075984e-01 1.078102425377542488e+02 8.572493590384172579e-02 1.028744228084216283e-01 9.909934855972143408e-01 -2.143916094856967991e+00
-4.661928907059464944e-01 8.832393130201623421e-01 -5.052231775073207087e-02 -8.672733582660350748e+01 -8.797616780118611146e-01 -4.568276114477962668e-01 1.316355701193882843e-01 1.074182855653514395e+02 9.318572077839235024e-02 1.058151659951153678e-01 9.900098848438018129e-01 -2.051962953386377908e+00
-4.718316013396861575e-01 8.800210575793205869e-01 -5.420219731893789750e-02 -8.696475363297332706e+01 -8.777136187781955368e-01 -4.629849865675585985e-01 1.235463703405379615e-01 1.069242824690189337e+02 8.362860388952601809e-02 1.058670885120167743e-01 9.908574146573650987e-01 -1.993746737696450833e+00
-4.756376453669388660e-01 8.776421671075843589e-01 -5.927104541424199624e-02 -8.720829789220397288e+01 -8.770902770481970867e-01 -4.680524941437544939e-01 1.078865544603581084e-01 1.064511734323810117e+02 6.694382882171540095e-02 1.033009643735905148e-01 9.923947977202294268e-01 -2.027121035380260672e+00
-4.795523243700305915e-01 8.755443537067441051e-01 -5.875076921659026091e-02 -8.743480100441209402e+01 -8.751711436830270641e-01 -4.723108587357933708e-01 1.048709778003435039e-01 1.060227798781993158e+02 6.407056622071991003e-02 1.017080990506534638e-01 9.927489235107025412e-01 -2.036097556586675239e+00
-4.826772927871498808e-01 8.742665453272030485e-01 -5.177488531426610585e-02 -8.765872449332208305e+01 -8.721488260463127196e-01 -4.744340615786433180e-01 1.194518582527312328e-01 1.056740788927390611e+02 7.986899432011437816e-02 1.028121050053423385e-01 9.914890896074771698e-01 -2.003489870006408324e+00
-4.861915622925025993e-01 8.724795952096010554e-01 -4.896039928826652343e-02 -8.786914466365423948e+01 -8.688771764746842097e-01 -4.766940403743595844e-01 1.334737579936564333e-01 1.053382954758151442e+02 9.311399979034391816e-02 1.074343884166493734e-01 9.898422274426285083e-01 -1.943669874370975048e+00
-4.896895821027533735e-01 8.703205791855117557e-01 -5.240422336249267454e-02 -8.808879094750248839e+01 -8.672708468524095160e-01 -4.800277064569820062e-01 1.319646893436035584e-01 1.049642306281963187e+02 8.969610571220443251e-02 1.100703887512207713e-01 9.898682327159611383e-01 -1.879013326733255163e+00
-4.930751905160439819e-01 8.680520943820956292e-01 -5.798635991700908099e-02 -8.834288517908780136e+01 -8.667424868092573620e-01 -4.843934161052836362e-01 1.188296259085186851e-01 1.045227495930874113e+02 7.506209467682005421e-02 1.088511822292781289e-01 9.912200068955512311e-01 -1.868264986564922570e+00
-4.980541139235319381e-01 8.652569052681542416e-01 -5.720653362704264389e-02 -8.855497547320516105e+01 -8.646307065458622709e-01 -4.905065314798779941e-01 1.087064113729391268e-01 1.040821223995700961e+02 6.599879469996849934e-02 1.036042009831456556e-01 9.924264852556059502e-01 -1.878948307673573348e+00
-5.016539139352327314e-01 8.636210498787321166e-01 -5.002032426742908378e-02 -8.875236075186943197e+01 -8.619355771820264023e-01 -4.940843447357192719e-01 1.137880533050915632e-01 1.036939425250188833e+02 7.355549891985942168e-02 1.001965193678486798e-01 9.922450534445707016e-01 -1.892402634262063010e+00
-5.026183696618182761e-01 8.633563353600172130e-01 -4.461628259075205855e-02 -8.894272398341330188e+01 -8.602163769775009738e-01 -4.943202979145189246e-01 1.252007501950510027e-01 1.033689237254580462e+02 8.603812677062525061e-02 1.013078539078941520e-01 9.911277210725056852e-01 -1.839387275687132117e+00
-5.036093415866189638e-01 8.629013835544075972e-01 -4.217621754710814547e-02 -8.912056169191669142e+01 -8.590003754463845231e-01 -4.949292632089159483e-01 1.310090813739627491e-01 1.030310045703306230e+02 9.217367330025522110e-02 1.022067839204834766e-01 9.904836128230337655e-01 -1.761909728948105602e+00
-5.050785812944977859e-01 8.619417780924973904e-01 -4.418142026102084285e-02 -8.933901599257730197e+01 -8.588696453601820657e-01 -4.969132720974751560e-01 1.241778252839665642e-01 1.026577180877101938e+02 8.507972141710407055e-02 1.006656405737540172e-01 9.912758797688279166e-01 -1.720903578439784365e+00
