1.000000000000000000e+00 0.000000000000000000e+00 0.000000000000000000e+00 0.000000000000000000e+00 0.000000000000000000e+00 1.000000000000000000e+00 0.000000000000000000e+00 0.000000000000000000e+00 0.000000000000000000e+00 0.000000000000000000e+00 1.000000000000000000e+00 0.000000000000000000e+00
9.999975840093778823e-01 4.419830104235130861e-04 -2.153282709198187008e-03 7.394180639130775411e-03 -4.417766190859527564e-04 9.999998977775171882e-01 9.632431646920428469e-05 -1.779301731371466704e-03 2.153325062795652129e-03 -9.537281379535318855e-05 9.999976770449020558e-01 2.775194381825267231e-01
9.999921826107273093e-01 1.135608172131286330e-04 -3.952444986911690661e-03 8.168690887447163651e-03 -1.129184576390476752e-04 9.999999803817674060e-01 1.627448518291638049e-04 -6.274540233110239770e-03 3.952463390810076818e-03 -1.622972755974797009e-04 9.999921758157603868e-01 5.812924980139491105e-01
9.999798195548117441e-01 3.467906663333635182e-04 -6.343517900971287066e-03 1.081504885305559910e-02 -3.458913155821582508e-04 9.999999299734909641e-01 1.428713091929569988e-04 -7.714631934026995944e-03 6.343567003193387871e-03 -1.406742582341469043e-04 9.999798694815956734e-01 8.811797761039766863e-01
9.999652663809939224e-01 1.866088895441447241e-04 -8.332539151430650923e-03 1.075729614532932275e-02 -1.853505915322278558e-04 9.999999713036710203e-01 1.517821315653143795e-04 -5.328271825390898733e-03 8.332567236212390718e-03 -1.502324185619015632e-04 9.999652722737296662e-01 1.179848119957928043e+00
9.999456223976120883e-01 1.313988596293539919e-04 -1.042760673365639504e-02 -1.255507713811374049e-03 -1.323922182820074346e-04 9.999999867642040963e-01 -9.457215309376615462e-05 4.027140014268225723e-03 1.042759416896565233e-02 9.594754447366943284e-05 9.999456265587224335e-01 1.485411397132053501e+00
9.999166321296053539e-01 1.841141195053778762e-04 -1.291103762593852518e-02 6.257089551014493115e-03 -1.833118362711078032e-04 9.999999811935014193e-01 6.332272531633446042e-05 -3.343796843896625764e-03 1.291104904173493058e-02 -6.095070022020109436e-05 9.999166470749719648e-01 1.799519953867751765e+00
9.998887915772962653e-01 1.627194144211676014e-04 -1.491234389646269552e-02 -4.458807427787562713e-03 -1.642755681331400561e-04 9.999999811890228907e-01 -1.031285193488303318e-04 8.034401818851137980e-03 1.491232683493465792e-02 1.055667843546459424e-04 9.998887994992353700e-01 2.109849754532447275e+00
9.998549812496790867e-01 4.723278948076502096e-05 -1.702980444008652186e-02 -1.529265159817183063e-02 -4.730675686715539951e-05 9.999999988732714007e-01 -3.940566263247538739e-06 4.631872751993705573e-04 1.702980423477461550e-02 4.745619625394862483e-06 9.998549823575438866e-01 2.415006525034494533e+00
9.998082183598990813e-01 -2.605318801523744208e-05 -1.958381528802951091e-02 -1.740188282589474889e-02 2.695407385469580306e-05 9.999999985907752631e-01 4.573759333960875442e-05 -3.045706158887980484e-03 1.958381406882139450e-02 -4.625668531257408984e-05 9.998082176531841725e-01 2.727949515447576356e+00
9.997613747945420792e-01 -1.192991258885411118e-04 -2.184443262357162532e-02 -2.165567796573025436e-02 1.163438531928245574e-04 9.999999839080018216e-01 -1.365580605013400246e-04 8.917558649161837908e-03 2.184444856330830867e-02 1.339840088438585847e-04 9.997613725861038692e-01 3.040913278362115335e+00
9.997000968164669876e-01 3.394186498380218759e-05 -2.448908477457388544e-02 -3.643684833269067447e-02 -3.376282387316740781e-05 9.999999994002016779e-01 7.724529943950009491e-06 -4.737163073464945029e-04 2.448908502207032545e-02 -6.895392676769518618e-06 9.997000973628218379e-01 3.347758366156581733e+00
9.996432403535302491e-01 1.251501842036329846e-04 -2.670910617983263818e-02 -4.474507976490913613e-02 -1.248980137346751768e-04 9.999999921385311907e-01 1.110962135237337028e-05 1.405756882395524029e-03 2.670910736023099363e-02 -7.769743577297648558e-06 9.996432481258755720e-01 3.661630649963329986e+00
9.995575179754188078e-01 1.753966884116247421e-04 -2.974453722655565416e-02 -4.875371335922872029e-02 -1.759036369540873605e-04 9.999999844248895764e-01 -1.442675250269720082e-05 9.466405801678923551e-05 2.974453423287658563e-02 1.965254120170905906e-05 9.995575332601154273e-01 3.971767412133607511e+00
9.994561974221464196e-01 -1.358274515746193717e-04 -3.297409567170546396e-02 -5.575436849553763730e-02 1.360233105319652493e-04 9.999999907419971912e-01 3.696549835206593593e-06 -2.574733732737370835e-03 3.297409486433824921e-02 -8.179785296940167649e-06 9.994562066448777760e-01 4.280005983607229503e+00
9.993485578208750608e-01 1.776223297975178825e-04 -3.608917333003264227e-02 -6.626416552458380682e-02 -1.755089955347315025e-04 9.999999826932041147e-01 6.172668824659149802e-05 -1.843829489859682719e-03 3.608918366948285494e-02 -5.535250231745712812e-05 9.993485716996701740e-01 4.589011189642983268e+00
9.992410159243124701e-01 2.140105418583689237e-05 -3.895371146043588584e-02 -7.452627770877159885e-02 -1.893761443559462276e-05 9.999999977976204990e-01 6.360916477532036200e-05 -2.381547575013290806e-03 3.895371273594820660e-02 -6.282319606371496439e-05 9.992410141288893266e-01 4.901200024338173478e+00
9.991079675595208043e-01 2.850626388267536244e-05 -4.222876207605838483e-02 -8.130371096035292344e-02 -3.509471125194672266e-05 9.999999873287563901e-01 -1.552766831702311425e-04 6.920348291281992227e-03 4.222875711460934156e-02 1.566201775431797037e-04 9.991079558999994559e-01 5.215248328531258082e+00
9.989514564290497001e-01 -8.089066261785421135e-06 -4.578195750344796200e-02 -8.320385346608308308e-02 5.619379023823118421e-06 9.999999985222529642e-01 -5.407325341146520826e-05 1.831915432952430783e-03 4.578195787319594423e-02 5.375928907757580589e-05 9.989514549983076197e-01 5.515890606144099984e+00
9.987681477318833823e-01 2.827546825186662283e-04 -4.961962440418367370e-02 -9.670591489280405684e-02 -2.866970457608559704e-04 9.999999562862662561e-01 -7.233442895765256325e-05 3.011217798885245343e-03 4.961960178222613038e-02 8.647112335572089414e-05 9.987681851369306640e-01 5.823985388207988834e+00
9.986194541389888935e-01 -6.434808089094394166e-05 -5.252791328876724175e-02 -1.294063617825114143e-01 5.969578266189661989e-05 9.999999941558637140e-01 -9.013703995118646419e-05 1.346494154388147828e-03 5.252791878193249775e-02 8.687690673838885380e-05 9.986194521442298688e-01 6.150029360432526460e+00
9.983774367355706669e-01 1.830001831242693592e-04 -5.694260556248390698e-02 -1.348448221815297110e-01 -1.720557843337326513e-04 9.999999657735875180e-01 1.971030972559500245e-04 -6.153506518299871331e-03 5.694263968344568522e-02 -1.869859803489777237e-04 9.983774340509327105e-01 6.454146864480176937e+00
9.981756649955652039e-01 1.410103831620256607e-04 -6.037650144495844418e-02 -1.652355021250225542e-01 -1.482936766384188769e-04 9.999999822590275311e-01 -1.161504635908693783e-04 5.487445565662951025e-03 6.037648399539921606e-02 1.248920196161969144e-04 9.981756681979062629e-01 6.772769022678637896e+00
9.978884179576645863e-01 -6.673963891795115118e-05 -6.495152693947860156e-02 -1.796801802629756084e-01 6.714700080238181483e-05 9.999999977372808768e-01 4.088828190293112904e-06 -4.532216190499763903e-03 6.495152651962461665e-02 -8.441494525633389139e-06 9.978884201810900301e-01 7.078714935361738014e+00
9.975486545499177016e-01 3.510195474832700311e-05 -6.997628579384415626e-02 -1.952508388532671613e-01 -4.612436016970246041e-05 9.999999867837859879e-01 -1.559005171693486006e-04 5.896782021387596273e-03 6.997627939660969187e-02 1.587459625552133634e-04 9.975486429851563308e-01 7.395397227145056540e+00
9.972034065182343587e-01 8.527709374220851155e-05 -7.473525778537336295e-02 -2.200426171124711394e-01 -1.039121572919450299e-04 9.999999644759891559e-01 -2.454593328632677200e-04 1.047879534590766791e-02 7.473523419841872351e-02 2.525387847551915617e-04 9.972033799548964961e-01 7.711779085714276505e+00
9.968506976224844607e-01 7.000607549472351678e-05 -7.930120899907820708e-02 -2.433010928514528215e-01 -9.184135248137679955e-05 9.999999588724619581e-01 -2.716988044451809463e-04 1.090497475984429122e-02 7.930118671704770861e-02 2.781262730422572743e-04 9.968506630539221147e-01 8.013460940948984756e+00
9.963570064113921321e-01 6.931237600455635115e-05 -8.528019096322178583e-02 -2.580695402034532404e-01 -7.129384205159392191e-05 9.999999972547910509e-01 -2.018925155263631528e-05 1.377519643466716334e-03 8.528018932974484878e-02 2.619565470333296895e-05 9.963570086177295781e-01 8.321753536632948922e+00
9.959218937962395213e-01 1.489193175236115587e-04 -9.021950609678980326e-02 -2.975242312144459889e-01 -1.381809212481285994e-04 9.999999826065735231e-01 1.252712483852891844e-04 -5.463726754702550800e-03 9.021952318287226880e-02 -1.122937644630907477e-04 9.959218970515537617e-01 8.617644506416912265e+00
9.953454502869423237e-01 1.983826217172607483e-04 -9.637113280137082905e-02 -3.282144827328318248e-01 -1.971605545770956341e-04 9.999999803173644786e-01 2.220329652672668649e-05 2.020488737222457531e-03 9.637113530928112515e-02 -3.099364190908072934e-06 9.953454698091482866e-01 8.925908191135139447e+00
9.946110130027249197e-01 1.142793818528533819e-04 -1.036769972265605688e-01 -3.575191614897209047e-01 -1.158019349330884247e-04 9.999999932574032968e-01 -8.666326699235719856e-06 2.167752147273176513e-03 1.036769955371259211e-01 2.062562086422755606e-05 9.946110195302375612e-01 9.228586184568669637e+00
9.937464278995360445e-01 1.745241445341532934e-04 -1.116602282741494118e-01 -3.811050064814301974e-01 -1.761281009164559423e-04 9.999999844793185932e-01 -4.500521992518610840e-06 2.822825166953059177e-03 1.116602257556568306e-01 2.413888160757256390e-05 9.937464432145204363e-01 9.543025287784374200e+00
9.929092726602656294e-01 2.427570001651421989e-04 -1.188743762730268827e-01 -4.250354833562576817e-01 -2.182135653884896131e-04 9.999999521053735130e-01 2.194814127476345136e-04 -6.659806223462979777e-03 1.188744238602323922e-01 -1.919851284138312576e-04 9.929092780781174632e-01 9.859514417836496847e+00
9.917380436292758672e-01 1.762265050826893802e-04 -1.282794674240402832e-01 -4.533421207487419169e-01 -1.591641191645155721e-04 9.999999770715967129e-01 1.432605642581533112e-04 -3.966779750115933048e-03 1.282794897291054670e-01 -1.216594632871665868e-04 9.917380489392424447e-01 1.016734923767623755e+01
9.905727268202059177e-01 2.359644217943221184e-04 -1.369876534610811603e-01 -4.919176716683966721e-01 -2.525176408094392116e-04 9.999999627654850842e-01 -1.034595064622863617e-04 5.685904053647843417e-03 1.369876239476497393e-01 1.370759645038329322e-04 9.905727495218901169e-01 1.047788116457393670e+01
9.889509818786431650e-01 6.309644853650542989e-05 -1.482428799642861728e-01 -5.347820331596612187e-01 -7.899864928290094084e-05 9.999999917403258332e-01 -1.013832419046561658e-04 4.960715322523585186e-03 1.482428723429257966e-01 1.119740439106355534e-04 9.889509786947644487e-01 1.079157239827763881e+01
9.873669458708258517e-01 -7.712164991459170328e-05 -1.584503337136551337e-01 -5.811391527347192776e-01 5.070761954934190416e-05 9.999999841374205278e-01 -1.707451200028514389e-04 5.700142007318796666e-03 1.584503443683694668e-01 1.605534484201447858e-04 9.873669341192945481e-01 1.111221692638163283e+01
9.848751489387985725e-01 -5.658775766244313933e-05 -1.732655124385837075e-01 -6.320051922810678846e-01 7.329757404972676654e-05 9.999999932599370478e-01 9.004216510524116796e-05 -5.149761024802175166e-03 1.732655061754790060e-01 -1.013802324970272271e-04 9.848751464484234441e-01 1.142933009005100686e+01
9.827121434003978084e-01 -5.967447429769902789e-09 -1.851400637717185715e-01 -6.874558953575055087e-01 -2.335647492057004935e-06 9.999999999200235301e-01 -1.242970621104391057e-05 9.849761006493207294e-06 1.851400637569859120e-01 1.264724515811988515e-05 9.827121433217900215e-01 1.173650208265020467e+01
9.798030879335534182e-01 1.462467051785492841e-04 -1.999647156069655207e-01 -7.201999351063941290e-01 -1.015932664345519667e-04 9.999999675624617890e-01 2.335677278217230103e-04 -6.946285108431480768e-03 1.999647432791130386e-01 -2.085353123311800788e-04 9.798030710088339035e-01 1.203535262273733153e+01
9.770847405326857915e-01 2.546981624593586623e-04 -2.128505225434508819e-01 -7.953456069162432307e-01 -2.515315814151655662e-04 9.999999674857531495e-01 4.195659991111118760e-05 -5.562686396208549322e-04 2.128505263090453292e-01 1.254347500261676535e-05 9.770847728281428779e-01 1.233522385862771209e+01
9.727502533327849754e-01 -1.630010726894740622e-04 -2.318553818043758707e-01 -8.411780245239899312e-01 1.689180272175663875e-04 9.999999857172910955e-01 5.667254289113158125e-06 -5.241182048922694500e-03 2.318553775690844199e-01 -4.467737673960695140e-05 9.727502669730958562e-01 1.264977378905551753e+01
9.692993588396582316e-01 3.740403992585488872e-05 -2.458836138378586167e-01 -9.253679720076719573e-01 -3.341532984689393667e-05 9.999999992337476051e-01 2.039412884378173838e-05 -5.137370274211905397e-04 2.458836144122725220e-01 -1.155173395203268298e-05 9.692993593467986724e-01 1.295355766029322808e+01
9.646850298519246136e-01 4.564888392911326838e-05 -2.634061333677913397e-01 -9.920294382456276150e-01 -1.608626810393414230e-05 9.999999933282215370e-01 1.143887623771958951e-04 -5.978391585530354671e-04 2.634061368321232721e-01 -1.061119049669950189e-04 9.646850241500799505e-01 1.326046631744750748e+01
9.604657984799390702e-01 2.067613211800429102e-05 -2.783980056013162785e-01 -1.065378639755969470e+00 -1.779334275713691308e-05 9.999999997587295519e-01 1.288168335261251537e-05 7.380612692725308475e-04 2.783980058004905112e-01 -7.418785150465175820e-06 9.604657986161047045e-01 1.355247041884402392e+01
9.551054376307532845e-01 -1.720355021492378153e-04 -2.962660517372067703e-01 -1.143241830812779858e+00 2.313473876108639710e-04 9.999999596034281346e-01 1.651409346508940143e-04 -5.512371081282160107e-03 2.962660113589703492e-01 -2.262673817676816160e-04 9.551054388477318025e-01 1.385771813415930609e+01
9.503453849712982793e-01 -2.395207380470119982e-04 -3.111970306631652861e-01 -1.260301050059920769e+00 3.237240981896130762e-04 9.999999236371516220e-01 2.189255559951332295e-04 -1.080343694866960601e-02 3.111969544620628580e-01 -3.087968699029689022e-04 9.503453899388526471e-01 1.416024174900714883e+01
9.440120752111322844e-01 -1.933726183215937191e-04 -3.299108432025263382e-01 -1.356969341065638934e+00 1.995031192869816772e-04 9.999999799825955993e-01 -1.527461405227179846e-05 1.108705686004400615e-04 3.299108395522596937e-01 -5.139882219596808588e-05 9.440120948929013878e-01 1.447724877998996895e+01
9.377292843367175390e-01 -7.261147539503090391e-05 -3.473669299529263954e-01 -1.434917089284555969e+00 1.881421558354715636e-04 9.999999376418750030e-01 2.988624688369644761e-04 -1.078484295642930663e-02 3.473668865909311787e-01 -3.456064520848839980e-04 9.377292395229570587e-01 1.476988096179025334e+01
9.301911165431180351e-01 -2.950592448899737189e-04 -3.670754685950962659e-01 -1.536151673064744649e+00 3.513295460225311683e-04 9.999999345444459120e-01 8.647921157486397549e-05 -7.384660849271602184e-03 3.670754190514771698e-01 -2.094066521101142872e-04 9.301911593199735373e-01 1.507699279159035832e+01
9.231383710985487934e-01 -2.800188013166250212e-04 -3.844677741956911143e-01 -1.638267053397741257e+00 4.147158487038694603e-04 9.999998782437961031e-01 2.674381384336995044e-04 -1.275992681300289894e-02 3.844676524966474940e-01 -4.063272867581672345e-04 9.231383748289598845e-01 1.537719522136809580e+01
9.129722239396911299e-01 -1.511211095072863687e-04 -4.080216850573320508e-01 -1.768113888056286109e+00 3.316440402608792910e-04 9.999998759265317227e-01 3.716976616447310714e-04 -1.470213604723225910e-02 4.080215782613034747e-01 -4.746676009314385763e-04 9.129721607824762275e-01 1.568194735402333784e+01
9.047253710018752226e-01 1.141981694461508294e-04 -4.259952934297481231e-01 -1.921970288849229824e+00 1.668833512033381615e-04 9.999997923222984086e-01 6.224992427174445495e-04 -2.190416924337154625e-02 4.259952760482987322e-01 -6.342823804803322547e-04 9.047251640528164440e-01 1.599638416529174734e+01
8.939362785711338910e-01 -7.116955084799063012e-05 -4.481940704530653075e-01 -2.041649326321983704e+00 2.875502878342834495e-04 9.999998726545473726e-01 4.147357242719955199e-04 -1.454886933930562426e-02 4.481939838610333182e-01 -4.996256439106095803e-04 8.939361851972387196e-01 1.628632037051252723e+01
8.839317523894736350e-01 3.465405801239811195e-05 -4.676159277834434636e-01 -2.177316457965865482e+00 1.317163271036274526e-04 9.999999391316424235e-01 3.230905766068012039e-04 -9.525389585605906206e-03 4.676159105168295471e-01 -3.471826720633654868e-04 8.839316940214942964e-01 1.657623782892580877e+01
8.716055064579244505e-01 1.252174065116120282e-04 -4.902079410136336302e-01 -2.333026757323170219e+00 2.545109790177205720e-04 9.999997170041313721e-01 7.079659728151847060e-04 -2.269356006685609856e-02 4.902078909364745440e-01 -7.418303432801970918e-04 8.716052279279623560e-01 1.687143631320000381e+01
8.602388167476042735e-01 1.265258627596579043e-04 -5.098913238641031853e-01 -2.475752197494551776e+00 2.190192796742074157e-04 9.999997852690748479e-01 6.176506773949971612e-04 -1.763915999777804569e-02 5.098912925234524440e-01 -6.430031183504726069e-04 8.602386043161240892e-01 1.714778007511027269e+01
8.444135825436233089e-01 2.122448106334153971e-04 -5.356917551801445576e-01 -2.617427474724572711e+00 1.196044880959193292e-04 9.999998218869006195e-01 5.847400563517504571e-04 -1.571133859650852838e-02 5.356917838744681415e-01 -5.578335839962674523e-04 8.444134067570709945e-01 1.742152633507473780e+01
8.320539826987616294e-01 3.062506527277104136e-04 -5.546945791024703309e-01 -2.786315326647109014e+00 1.799153334544561600e-04 9.999996459867032117e-01 8.219835405603169746e-04 -2.319735711401415754e-02 5.546946344662094797e-01 -7.837327388006408739e-04 8.320536330413998982e-01 1.768624033682050722e+01
8.167865817707063991e-01 4.008683910672359110e-04 -5.769397881441860054e-01 -2.951143445649202945e+00 1.131417118548899551e-04 9.999996280908268753e-01 8.549954158109954400e-04 -2.122739046903136806e-02 5.769399163156230248e-01 -7.636247383777174406e-04 8.167862326453481092e-01 1.794862030148674847e+01
8.032387210674709621e-01 5.357197071943804604e-04 -5.956570069950399837e-01 -3.110786113033953360e+00 2.276241855293738205e-05 9.999995672250860945e-01 9.300707031216163406e-04 -1.982100324405461356e-02 5.956572474668349049e-01 -7.606273961849416721e-04 8.032383612516262872e-01 1.819974180261890950e+01
7.867273398739457191e-01 4.425721710949719750e-04 -6.173004915150630545e-01 -3.287730030034390794e+00 1.312111481223044351e-04 9.999996005122739895e-01 8.841713222636731059e-04 -1.952259728954831852e-02 6.173006362207151820e-01 -7.765984585854829357e-04 7.867269675156269848e-01 1.845986361981757895e+01
7.723083174147429286e-01 5.863126684213630386e-04 -6.352476045523223203e-01 -3.488095941116062804e+00 1.743739750797638046e-04 9.999993407257312672e-01 1.134963356034026814e-03 -2.866082100311776598e-02 6.352478511933161709e-01 -9.873122897917153192e-04 7.723077060140710604e-01 1.872317732032767168e+01
7.546590516916075186e-01 7.613114863055476730e-04 -6.561167092101407583e-01 -3.680098349904832755e+00 8.524906428470122944e-05 9.999992046045000915e-01 1.258381088581711233e-03 -2.813818536778208562e-02 6.561171453578398260e-01 -1.005582014497448905e-03 7.546583865381020217e-01 1.897290250837324876e+01
7.368730385371409231e-01 7.974784423174755173e-04 -6.760306865114743546e-01 -3.901271562614798238e+00 2.098187089954139353e-04 9.999989862635834115e-01 1.408349358276901131e-03 -3.208073622800627217e-02 6.760311243228011024e-01 -1.179618556840453638e-03 7.368721242162101781e-01 1.922988477864647905e+01
7.179183042045269580e-01 8.580837344334627664e-04 -6.961268362736786619e-01 -4.096850611196779290e+00 2.827587197895589893e-04 9.999987983342194520e-01 1.524262977123334688e-03 -3.736985946821669985e-02 6.961273077071482573e-01 -1.291132224734029520e-03 7.179171988760093548e-01 1.947125138472333106e+01
7.010540288403090958e-01 9.832304417790541790e-04 -7.131074827153823792e-01 -4.305667917320743499e+00 1.923674347482379893e-04 9.999987523239044496e-01 1.567911159642280689e-03 -3.371820521319414399e-02 7.131081346062048132e-01 -1.236369092480633144e-03 7.010529650104377897e-01 1.971087030723734301e+01
6.807809988233906040e-01 1.035196498278329567e-03 -7.324862865673572587e-01 -4.518395143448102225e+00 1.650246792791081117e-04 9.999987592052846930e-01 1.566638039300141672e-03 -3.055173982171617564e-02 7.324869994804562578e-01 -1.187415723706591875e-03 6.807799832809549034e-01 1.993514256212590396e+01
6.631195459916294777e-01 1.174991580973118368e-03 -7.485125831398158347e-01 -4.746428844039979111e+00 1.545298376929612593e-04 9.999985317033203147e-01 1.706666848794148811e-03 -3.050607013422507521e-02 7.485134894204541478e-01 -1.247391673915075909e-03 6.631183907641435837e-01 2.016222278182542027e+01
6.389219137410325766e-01 1.115108801217566323e-03 -7.692707876124361688e-01 -4.981012271541253256e+00 3.502383858298985242e-04 9.999984240716021100e-01 1.740456085407062967e-03 -3.627653080201187485e-02 7.692715160946553832e-01 -1.381443691789981196e-03 6.389205162919381342e-01 2.038510840552110537e+01
6.201613797861764699e-01 1.558747000250194480e-03 -7.844727103790768430e-01 -5.224640844676899043e+00 4.879563408290632162e-04 9.999970659843632204e-01 2.372745514074842479e-03 -5.344466832743278994e-02 7.844741072338304866e-01 -1.854273565126947007e-03 6.201587996225083055e-01 2.059586314486085357e+01
5.979462505570173336e-01 1.762964752709835544e-03 -8.015342621498381392e-01 -5.466989944767004950e+00 3.982869146867952471e-04 9.999968041640124872e-01 2.496603551892133573e-03 -5.163807805863748074e-02 8.015361020018613170e-01 -1.812075341268649421e-03 5.979436374530791021e-01 2.080450313027354881e+01
5.786153282039736556e-01 1.460322811657104817e-03 -8.155992701227078312e-01 -5.732852993222921967e+00 3.345312444881052161e-04 9.999978880248602264e-01 2.027815244448135431e-03 -3.708781933399026703e-02 8.156005088621846033e-01 -1.446168422041118912e-03 5.786136176591774039e-01 2.101641672156157981e+01
5.550042584434555781e-01 1.699515414501559778e-03 -8.318457698137232681e-01 -5.984944052984279672e+00 4.122491969964159819e-04 9.999972282023371628e-01 2.318110921082668866e-03 -4.197759201325573786e-02 8.318474037708055713e-01 -1.629489183375735411e-03 5.550020194600842061e-01 2.121884826115127964e+01
5.349845684427266823e-01 1.911621800961268297e-03 -8.448596671816211989e-01 -6.267525276921110056e+00 4.219687134508471162e-04 9.999967109131452370e-01 2.529842939080074148e-03 -4.753454787463468750e-02 8.448617244677111282e-01 -1.709931279798772514e-03 5.349820021874232001e-01 2.141996145434900711e+01
5.083533037767486995e-01 1.826027851965951378e-03 -8.611466682055667343e-01 -6.550553172366662125e+00 6.747388639370544136e-04 9.999966002656270891e-01 2.518766494382457255e-03 -4.982099249181674849e-02 8.611483398734099959e-01 -1.861472393449705191e-03 5.083503434185898673e-01 2.160632494334456055e+01
4.881802639274229749e-01 1.940319188955316266e-03 -8.727406631257631497e-01 -6.832679427911100056e+00 7.854941487107048540e-04 9.999961467264053550e-01 2.662617374653941486e-03 -5.238876661620584657e-02 8.727424665447959251e-01 -1.985369936923490897e-03 4.881768587259330827e-01 2.178715026129619403e+01
4.650506422990151600e-01 2.008854327007883901e-03 -8.852817995427030295e-01 -7.128013318645065155e+00 7.119606096492866543e-04 9.999962533923837382e-01 2.643163499618622105e-03 -4.779360195138475376e-02 8.852837924696036476e-01 -1.859490652912793593e-03 4.650474697115853928e-01 2.194498594411855308e+01
4.445716358471215601e-01 1.960458119441333552e-03 -8.957411552475280647e-01 -7.424850327284756801e+00 7.825484135490569674e-04 9.999963732663329496e-01 2.577027776607022577e-03 -4.495651802895819088e-02 8.957429587879519595e-01 -1.846634274259207134e-03 4.445684893508112800e-01 2.210742430113330315e+01
4.211098693047380381e-01 2.263263164257572554e-03 -9.070068112280060824e-01 -7.731720539158139616e+00 9.568213888221756887e-04 9.999952217987079228e-01 2.939536116951220381e-03 -5.346845105833343548e-02 9.070091303107021830e-01 -2.105711186816239689e-03 4.211056916184123811e-01 2.226228580433956239e+01
3.980281811843744411e-01 2.199577684872866187e-03 -9.173705515445038650e-01 -8.063752197029831592e+00 1.112707579785944187e-03 9.999952323826913902e-01 2.880467623308376537e-03 -5.423458031583764521e-02 9.173725136850900963e-01 -2.167272455241892395e-03 3.980238360515663265e-01 2.241036319660172182e+01
3.749622145187685440e-01 2.467735503408157588e-03 -9.270368104690698274e-01 -8.363750961588861443e+00 1.170951310423459226e-03 9.999943985368904276e-01 3.135565000334783296e-03 -5.784713596474110736e-02 9.270393554516493939e-01 -2.261233364322615125e-03 3.749572245836350071e-01 2.254302878857416914e+01
3.548558236360037643e-01 2.370933298110723154e-03 -9.349180301539324889e-01 -8.686378160549169891e+00 1.212565212680390527e-03 9.999947762048309041e-01 2.996205709753685560e-03 -5.292194508171516737e-02 9.349202501375283303e-01 -2.196870124989876161e-03 3.548510950306276168e-01 2.266765275672227986e+01
3.320929807450206939e-01 2.529136902606280921e-03 -9.432432642783171728e-01 -9.018701113451013995e+00 1.268544439800052201e-03 9.999943034138856213e-01 3.127928193198617132e-03 -5.448010997596253874e-02 9.432458019704575980e-01 -2.235308995514826043e-03 3.320878806262026472e-01 2.278436514702341142e+01
3.104473596001763314e-01 2.419121573516238178e-03 -9.505874945359273909e-01 -9.348972542880458647e+00 1.175406627766581273e-03 9.999950204758483174e-01 2.928727158195745459e-03 -4.679653702308699675e-02 9.505898460095913993e-01 -2.026542454600754710e-03 3.104429702685204129e-01 2.288750727344009306e+01
2.897656787262761213e-01 2.329085504449829400e-03 -9.570947846441405504e-01 -9.693986329064523844e+00 1.108080600411024286e-03 9.999955524941475105e-01 2.768961774329696188e-03 -3.981265851428945901e-02 9.570969771082155075e-01 -1.862888251524497454e-03 2.897618091772600213e-01 2.297829442309570069e+01
2.723098027768028340e-01 2.467347636303830749e-03 -9.622064661533411556e-01 -1.001743868057310571e+01 1.098418396128429848e-03 9.999952636086585356e-01 2.875106480894427247e-03 -4.453430179961247876e-02 9.622090026541458840e-01 -1.839824962071226824e-03 2.723058028309773837e-01 2.307302846450735956e+01
2.530048220967348049e-01 2.445600350153829573e-03 -9.674619264005829278e-01 -1.034507888117159169e+01 1.067144311681792260e-03 9.999954912095352366e-01 2.806913539518953241e-03 -3.915996694073817230e-02 9.674644289062092062e-01 -1.742584152234000075e-03 2.530010715425031753e-01 2.314436221453190257e+01
2.342466855666532899e-01 2.837016370701401797e-03 -9.721730512821006309e-01 -1.067170265073607993e+01 1.387421546153711025e-03 9.999937481173898357e-01 3.252504817437923586e-03 -5.541917644263880810e-02 9.721762007797202232e-01 -2.110702311213189658e-03 2.342412849462338631e-01 2.322383594543915208e+01
2.190934209063206684e-01 3.401939632267209600e-03 -9.756979551696848274e-01 -1.099943677168577949e+01 2.175491063176829103e-03 9.999897326792110963e-01 3.975144625541127477e-03 -8.343934424238808045e-02 9.757014605678316910e-01 -2.993550216438736929e-03 2.190837705146180259e-01 2.329008692781057732e+01
2.030085305017357289e-01 2.939082706159952107e-03 -9.791725579980131711e-01 -1.133773609152724759e+01 1.547734985270653087e-03 9.999932828494340065e-01 3.322464812041241774e-03 -5.466132648032873131e-02 9.791757457473818649e-01 -2.189988323766700867e-03 2.030026179417412369e-01 2.335240715582875382e+01
1.877187202922624421e-01 3.163579203467767071e-03 -9.822177323885264988e-01 -1.165186251579776666e+01 1.571120235674058462e-03 9.999925666992961482e-01 3.521097465108907493e-03 -6.044120986577126986e-02 9.822215705394788943e-01 -2.204158065368074567e-03 1.877123545592630505e-01 2.341739204385216766e+01
1.764058146401970006e-01 3.245090627202953590e-03 -9.843121750481146348e-01 -1.199839463124553696e+01 1.669324859558022007e-03 9.999921411949016514e-01 3.595956472086344821e-03 -6.200777236579778362e-02 9.843161087352184646e-01 -2.277484414242526324e-03 1.763990111908261271e-01 2.346330978578153292e+01
1.635625068445423214e-01 3.303941907362409509e-03 -9.865274402278945143e-01 -1.234120294395801132e+01 1.742442165397281454e-03 9.999918646639329722e-01 3.637925404750622961e-03 -6.275599573119322594e-02 9.865314339898296758e-01 -2.313995208088987995e-03 1.635554192808897911e-01 2.352450481747779065e+01
1.519926166898855069e-01 3.313492118362458203e-03 -9.883760748023716625e-01 -1.267338125653781056e+01 1.840208023557904186e-03 9.999916986416507170e-01 3.635420500592092836e-03 -6.241377164050317117e-02 9.883799158755665060e-01 -2.371374657797037638e-03 1.519852574299257464e-01 2.358723882915094094e+01
1.431388675208588035e-01 3.159552634283172793e-03 -9.896975708932487237e-01 -1.301356641109597057e+01 1.668149174490319176e-03 9.999927135270618717e-01 3.433681859917746878e-03 -5.450783704566583565e-02 9.897012083872473998e-01 -2.142456518736189901e-03 1.431325539382556356e-01 2.363990294799229019e+01
1.336448561792796808e-01 3.011948368862294410e-03 -9.910247123981535955e-01 -1.335372525621464845e+01 1.374382808337636791e-03 9.999938566546793250e-01 3.224550324730013785e-03 -4.378789452207798583e-02 9.910283363702149240e-01 -1.792991891749165251e-03 1.336398955827200474e-01 2.368242656982367933e+01
1.243869784311847360e-01 3.228767185866216957e-03 -9.922285294523737198e-01 -1.370886827554783416e+01 1.937788922268897721e-03 9.999920081130023730e-01 3.496953562418933167e-03 -5.746526833888682823e-02 9.922318905230033126e-01 -2.357704940075427621e-03 1.243797276752238723e-01 2.371987207037415146e+01
1.153616579126831576e-01 3.270732736397753259e-03 -9.933181716806573913e-01 -1.405154616481675234e+01 1.776755404458735688e-03 9.999922998401783447e-01 3.499057099213147542e-03 -5.377626174515494351e-02 9.933219674525826104e-01 -2.168540457977050865e-03 1.153549583174140469e-01 2.375770661018416163e+01
1.084274031749664635e-01 3.335964804463344754e-03 -9.940987725470525893e-01 -1.440929890294906102e+01 1.995125042667917747e-03 9.999916252869713862e-01 3.573350246675940835e-03 -6.084056781411625869e-02 9.941023678257673302e-01 -2.370800443875760530e-03 1.084198394596576076e-01 2.379831051783126483e+01
1.016905767701948848e-01 3.377253277617906727e-03 -9.948103441141151748e-01 -1.474754213016281490e+01 1.649842785660790654e-03 9.999922897348867412e-01 3.563494010218217715e-03 -5.583408039799565847e-02 9.948147086844505438e-01 -2.003654430553626718e-03 1.016842207719330649e-01 2.382365114493361347e+01
9.599258502577745489e-02 3.388596717115019506e-03 -9.953762811280758571e-01 -1.510037994374216730e+01 1.704566444127710110e-03 9.999921793983070906e-01 3.568696605412432533e-03 -5.483227808457270813e-02 9.953805895602479969e-01 -2.039253420417805156e-03 9.598605821774786051e-02 2.387043425885783421e+01
8.975515801890732170e-02 3.343518164670960212e-03 -9.959582483695206268e-01 -1.545236893970137082e+01 1.899079984329569808e-03 9.999919726048116519e-01 3.528203671957174520e-03 -5.422835739537028299e-02 9.959620500321357817e-01 -2.208078852805901021e-03 8.974808791035993050e-02 2.390365073321946099e+01
8.601758639486123403e-02 3.205153814512768946e-03 -9.962884631570458893e-01 -1.580229798071063740e+01 1.545516731725053629e-03 9.999931927100533802e-01 3.350509153262282852e-03 -4.520391121970310233e-02 9.962924200297997857e-01 -1.827983199991366388e-03 8.601204722936206526e-02 2.391777195070326556e+01
8.220773501053035837e-02 3.492900524092102353e-03 -9.966090948563371965e-01 -1.615539844568216665e+01 1.916223511778158799e-03 9.999914558844374968e-01 3.662819347990994411e-03 -6.012490236218141770e-02 9.966133735766803392e-01 -2.210837861966750365e-03 8.220033944003379833e-02 2.392637499180083438e+01
7.866794628000650658e-02 3.448223194007114453e-03 -9.968949112042306826e-01 -1.651028113134792363e+01 2.000193725977247004e-03 9.999914590443282902e-01 3.616775283881249262e-03 -5.689999404879744760e-02 9.968988682174060312e-01 -2.278507230588572470e-03 7.866037726616603720e-02 2.395918802426817251e+01
7.528540827533736213e-02 3.295638905825030475e-03 -9.971565805153261852e-01 -1.687504862007724071e+01 1.513794545422197588e-03 9.999930083651760171e-01 3.419305022844377085e-03 -4.513459432368198410e-02 9.971608775553171267e-01 -1.766913967178701441e-03 7.527989298705572985e-02 2.398664740936336770e+01
7.157604171019571471e-02 2.974016296774488997e-03 -9.974307121199784687e-01 -1.724449697997897957e+01 1.326967345408889285e-03 9.999943859552785641e-01 3.076884071530266301e-03 -3.083000465222232242e-02 9.974342632027261013e-01 -1.543789166932433643e-03 7.157169345658598303e-02 2.401683624648909543e+01
6.893305279741890335e-02 3.423576044711987808e-03 -9.976154135532865341e-01 -1.760675471332978859e+01 1.590122847817451029e-03 9.999924642342974401e-01 3.541607537000343500e-03 -5.044772597828774130e-02 9.976200207199922287e-01 -1.830464881761718291e-03 6.892708942759395718e-02 2.403814936874119113e+01
6.598909178021916677e-02 3.681822529127689973e-03 -9.978135516963507756e-01 -1.797600100076797958e+01 1.926544382788683432e-03 9.999908584115747567e-01 3.817266040374537196e-03 -6.173229263074263284e-02 9.978184845916432399e-01 -2.174230012178819237e-03 6.598139534058966582e-02 2.406928978949241582e+01
6.328391943899580596e-02 3.678493342568480654e-03 -9.979887846199313461e-01 -1.833596298619449172e+01 1.991103533626469978e-03 9.999907515385458856e-01 3.812131174630566804e-03 -6.013703446482552423e-02 9.979935776582720131e-01 -2.228345597722536896e-03 6.327600989901338568e-02 2.409748020897611198e+01
6.108878073713741585e-02 3.378391942949639497e-03 -9.981266188895724367e-01 -1.870739238094629542e+01 1.562713377568740892e-03 9.999927225132115849e-01 3.480351636637919917e-03 -4.014734411926831892e-02 9.981311130282181088e-01 -1.772396257864902692e-03 6.108305670605873594e-02 2.411812489912948720e+01
5.912219625695636083e-02 3.265864372802158768e-03 -9.982454107280697153e-01 -1.908653133759790421e+01 1.450609410876553974e-03 9.999933114515164867e-01 3.357496771006942063e-03 -3.629586915729748897e-02 9.982496990443278095e-01 -1.646566770194039103e-03 5.911706332168642497e-02 2.413602214073631913e+01
5.726011234489991608e-02 3.411227682188179393e-03 -9.983534659928565702e-01 -1.945827929351213115e+01 1.572209588173508789e-03 9.999926145204763861e-01 3.507001783984969867e-03 -4.378062376065060268e-02 9.983580558553430961e-01 -1.770432207764967942e-03 5.725432628664328671e-02 2.415662193008041214e+01
5.501291132629770875e-02 3.377957530852733307e-03 -9.984799291875250393e-01 -1.982491855609890408e+01 1.532513193981893803e-03 9.999928138556393176e-01 3.467512132794143588e-03 -3.949504645592728791e-02 9.984844670753350027e-01 -1.720941602890255218e-03 5.500733923109046852e-02 2.417598107903946669e+01
5.316148684408683600e-02 3.458051329570640924e-03 -9.985799408147190137e-01 -2.019675037967971676e+01 1.553385881530827510e-03 9.999925076839428773e-01 3.545640743567538347e-03 -4.207060352004342307e-02 9.985847201458816214e-01 -1.739671515384497158e-03 5.315571685331232921e-02 2.418465298876116876e+01
5.084711140260655959e-02 3.481373098079035191e-03 -9.987003811470998027e-01 -2.057904839441656009e+01 1.544608385586644043e-03 9.999924541689346746e-01 3.564518217958650287e-03 -4.210390539515766750e-02 9.987052545405703530e-01 -1.723846438333551763e-03 5.084135036081316450e-02 2.420810438101545614e+01
4.894463584268804457e-02 3.439982697103799447e-03 -9.987955692439119959e-01 -2.096211466144419688e+01 1.502083200669468432e-03 9.999926846928772761e-01 3.517713289913530685e-03 -3.869578892693118638e-02 9.988003636204209057e-01 -1.672447241438181163e-03 4.893911065742495570e-02 2.422655135795891113e+01
4.679411908842945333e-02 3.673894664592373786e-03 -9.988977990348820724e-01 -2.133832782286349428e+01 1.606437450707042707e-03 9.999916664922618992e-01 3.753172624027714416e-03 -4.979961930514842372e-02 9.989032634732230020e-01 -1.780293240526658553e-03 4.678782724729679821e-02 2.424761919067304561e+01
4.474480436426120367e-02 3.664168152494963037e-03 -9.989917298727525319e-01 -2.172040483148140311e+01 1.639463675477111169e-03 9.999916575042233635e-01 3.741267273639222336e-03 -4.861985755442148338e-02 9.989971044208593165e-01 -1.805212925461820942e-03 4.473842381033288351e-02 2.426349913536597924e+01
4.252278755720129144e-02 3.619797455170422305e-03 -9.990889397870188482e-01 -2.210245587717102467e+01 1.451736342904272814e-03 9.999921571105448992e-01 3.684858069174827815e-03 -4.474738599613754808e-02 9.990944424827696846e-01 -1.607104160536474129e-03 4.251719906415951655e-02 2.427832020996645568e+01
4.058395980162998740e-02 3.682159390880260404e-03 -9.991693469622857648e-01 -2.248829890949779298e+01 1.594551564005948106e-03 9.999916975796272478e-01 3.749956949751972850e-03 -4.535930686176223303e-02 9.991748593775415799e-01 -1.745415147012092548e-03 4.057775146351971784e-02 2.429544884554990603e+01
3.878205651063393322e-02 3.780791420919106353e-03 -9.992405404651262257e-01 -2.287829537002463454e+01 1.582887234659083450e-03 9.999913549283212522e-01 3.845066530329462919e-03 -4.970565360687344281e-02 9.992464393535803735e-01 -1.730804683322476577e-03 3.877573667049849515e-02 2.430503716624990673e+01
3.729922235824822963e-02 3.626900266927446034e-03 -9.992975600920497303e-01 -2.325951738742049102e+01 1.484248763094960346e-03 9.999921095175240415e-01 3.684821339146365088e-03 -3.935910904368251917e-02 9.993030396316620045e-01 -1.620647138009675102e-03 3.729354482715285801e-02 2.431692040530939636e+01
3.578427547100737627e-02 3.684052284231988800e-03 -9.993527472258143529e-01 -2.364598282817451391e+01 1.488299735621432911e-03 9.999918997684715816e-01 3.739700701932378857e-03 -4.147998729058828549e-02 9.993584294900965670e-01 -1.621158909585800707e-03 3.577850263605042436e-02 2.432844079188748410e+01
3.434396950019436012e-02 3.631345676681453291e-03 -9.994034746225102239e-01 -2.403714355187604212e+01 1.314800432406456861e-03 9.999923693222161347e-01 3.678667851730996544e-03 -3.543996695210966524e-02 9.994092070112186033e-01 -1.440356177083387292e-03 3.433893293756340448e-02 2.434456088667047524e+01
3.302681148631114727e-02 3.684816798347112423e-03 -9.994476733917643241e-01 -2.442613569164101861e+01 1.524786367813456538e-03 9.999918541116389337e-01 3.737209774566567586e-03 -3.841094985665353956e-02 9.994533029359504717e-01 -1.647372310440048480e-03 3.302092389516986248e-02 2.435271919367785998e+01
3.215199714999317226e-02 3.654956391886155474e-03 -9.994763080598960681e-01 -2.481662380640256416e+01 1.587587112945058150e-03 9.999918654427150111e-01 3.707912560687429485e-03 -3.456249253364025026e-02 9.994817300213274525e-01 -1.705972500453441752e-03 3.214593304606438995e-02 2.436576275657683155e+01
3.161366213633731714e-02 3.509565457837696221e-03 -9.994940016411437700e-01 -2.521007856524377999e+01 1.583909677534938842e-03 9.999924037511854769e-01 3.561414053371525675e-03 -2.627586199542675249e-02 9.994989082517613532e-01 -1.695697562448420653e-03 3.160786315640118360e-02 2.438818889948049318e+01
3.129364813433177517e-02 3.581281844932858015e-03 -9.995038179050603766e-01 -2.559329905744212397e+01 1.539138573965096162e-03 9.999922226130067981e-01 3.631220999724491666e-03 -2.881664969820943445e-02 9.995090488029085840e-01 -1.652009033226439034e-03 3.128789266248810375e-02 2.439840021465728270e+01
3.052620124354032960e-02 3.728965737347187098e-03 -9.995270110668191821e-01 -2.598006258041280603e+01 1.570439921385832511e-03 9.999916276833898943e-01 3.778661347346053828e-03 -3.525572936304734867e-02 9.995327332089193328e-01 -1.685045297403065315e-03 3.052008955185925299e-02 2.441348781340556684e+01
2.985424365454780737e-02 3.639691813897700991e-03 -9.995476360730963794e-01 -2.636942859210399703e+01 1.511953503896731107e-03 9.999920619407779432e-01 3.686468775599951488e-03 -2.803003082633168455e-02 9.995531192149906818e-01 -1.621326287724056577e-03 2.984850362500246490e-02 2.442594299135791758e+01
2.920519133621657382e-02 3.695713461237711862e-03 -9.995666053350458213e-01 -2.675744776931831481e+01 1.594291527109696236e-03 9.999917208128410451e-01 3.743867024824084743e-03 -3.073269955906469952e-02 9.995721659958032301e-01 -1.702940922464804639e-03 2.919905749631368508e-02 2.443479935291370353e+01
2.886331876558256848e-02 3.747418979257629602e-03 -9.995763430978297226e-01 -2.714588840664083236e+01 1.668653993257953943e-03 9.999913985542395745e-01 3.797158330488749345e-03 -3.210899976561493868e-02 9.995819748393259818e-01 -1.777545647772660331e-03 2.885681735366762979e-02 2.444619167716328789e+01
2.798207495459004157e-02 3.740773162887236006e-03 -9.996014256179209800e-01 -2.753721558564294369e+01 1.561223446341431518e-03 9.999916145958671621e-01 3.785937044006791770e-03 -3.000793828389679632e-02 9.996072058876860345e-01 -1.666539556809776106e-03 2.797600013081369408e-02 2.446624315942264971e+01
2.774504935078181411e-02 3.606139100800210152e-03 -9.996085273732456811e-01 -2.794089836576482710e+01 1.624720079636552631e-03 9.999920093008257682e-01 3.652618124029743344e-03 -2.226447884981584691e-02 9.996137116512487930e-01 -1.725426116310002384e-03 2.773896868183178821e-02 2.447102405323148133e+01
2.744211380056449379e-02 3.775342394687657664e-03 -9.996162649636909370e-01 -2.833399545625077209e+01 1.626807088266434389e-03 9.999913750895341735e-01 3.821419270407780747e-03 -2.905031257330314975e-02 9.996220705290849162e-01 -1.731050647887552021e-03 2.743573536102161814e-02 2.447953780215929953e+01
2.727337302345189674e-02 3.752000416106053820e-03 -9.996209709769005025e-01 -2.873809434006457053e+01 1.650160138492937512e-03 9.999914244768760563e-01 3.798413382659031681e-03 -2.699588936853049292e-02 9.996266503527410086e-01 -1.753130224990218826e-03 2.726694773848459263e-02 2.448868050381014783e+01
2.716600377901501329e-02 3.618675209298984410e-03 -9.996243861713298706e-01 -2.914356786478689898e+01 1.627467763151262082e-03 9.999919623356963161e-01 3.664234256064484441e-03 -1.729698273489771454e-02 9.996296111997475808e-01 -1.726399065401151497e-03 2.715989615054770212e-02 2.450721673092537856e+01
2.694066504073167057e-02 3.729636475982537822e-03 -9.996300767678611976e-01 -2.954583761674437525e+01 1.436324373477343127e-03 9.999918631484716602e-01 3.769696160507846061e-03 -2.052588586082557121e-02 9.996360025226469492e-01 -1.537351165288280844e-03 2.693508886076545483e-02 2.452228269652165693e+01
2.663455232861977606e-02 3.688536162925251920e-03 -9.996384322960122359e-01 -2.994789070648182516e+01 1.609576949545388647e-03 9.999917379763800795e-01 3.732725682696667099e-03 -1.827921395831393417e-02 9.996439415533401318e-01 -1.708414456027517511e-03 2.662839529053395715e-02 2.453011570511287687e+01
2.669814553243332611e-02 3.576303306273334245e-03 -9.996371437075508570e-01 -3.036120214649986693e+01 1.509070989941886003e-03 9.999923168022626374e-01 3.617877995532097109e-03 -9.326824257382883288e-03 9.996424019267471373e-01 -1.605114047280736984e-03 2.669254350973115919e-02 2.453767334176484738e+01
2.736014722126234311e-02 3.568049425338193706e-03 -9.996192732072194387e-01 -3.076490330195973755e+01 1.502772719138189411e-03 9.999923529063473593e-01 3.610512841940404730e-03 -6.860917242796719592e-03 9.996245115132910142e-01 -1.600984736200302284e-03 2.735457602831725676e-02 2.455227767039382414e+01
2.883341678545503495e-02 3.585580165372699579e-03 -9.995777997191386266e-01 -3.117343871664118993e+01 1.585698063844208318e-03 9.999921441071167871e-01 3.632806862687448964e-03 -6.785388167143930477e-03 9.995829728632470434e-01 -1.689774816049221043e-03 2.882750462569527716e-02 2.456750670746118459e+01
3.015483815164865522e-02 3.611237004920908079e-03 -9.995387159601883953e-01 -3.157873917646500672e+01 1.458352221631580492e-03 9.999922502170405236e-01 3.656872250634149966e-03 -6.539374748085141284e-03 9.995441755844739484e-01 -1.567951897886446337e-03 3.014933800268893016e-02 2.458247236725205553e+01
3.178564383058302134e-02 3.666232370104614228e-03 -9.994879847134152673e-01 -3.200178558211948143e+01 1.675748669776632501e-03 9.999916715937877676e-01 3.721371985943133787e-03 -8.159111695559516375e-03 9.994933039859104085e-01 -1.793176865347531103e-03 3.177923542281213543e-02 2.459271758866342594e+01
3.390943718664951589e-02 3.729152550524370349e-03 -9.994179523557396028e-01 -3.241340884562925595e+01 1.634891128026780662e-03 9.999914937417673233e-01 3.786763143969939550e-03 -1.058009115513035628e-02 9.994235724659910058e-01 -1.762346550468258137e-03 3.390305198580034762e-02 2.460218219279102669e+01
3.660305628968318903e-02 3.785626452496943829e-03 -9.993227132926664202e-01 -3.282941491263570555e+01 1.610264945260936505e-03 9.999913032434010196e-01 3.847139764881810954e-03 -1.216235326507092776e-02 9.993285862603255021e-01 -1.749991407586473473e-03 3.659664210023949593e-02 2.461309267033327686e+01
3.892047314209334807e-02 3.826888764621305151e-03 -9.992349832210531968e-01 -3.324476162945115476e+01 1.638573462433052944e-03 9.999910774096065769e-01 3.893607348248389645e-03 -1.305836081415125138e-02 9.992409678588061173e-01 -1.788860966464113356e-03 3.891385523228019228e-02 2.462615595583552164e+01
4.122289844948090476e-02 3.701829734591387949e-03 -9.991431174261473647e-01 -3.366894411730898184e+01 1.550033905818381380e-03 9.999916962635874151e-01 3.768925412373844500e-03 -5.480120001079068909e-03 9.991487727252208462e-01 -1.704071738313559957e-03 4.121681818379585582e-02 2.464060933075360538e+01
4.334943226143539441e-02 3.768536411411160629e-03 -9.990528638945627149e-01 -3.409672852463620529e+01 1.435332070279340608e-03 9.999916187277920754e-01 3.834357314888991661e-03 -5.761965075061747585e-03 9.990589404757158620e-01 -1.600189828140207576e-03 4.334365983687427093e-02 2.465587313474092213e+01
4.511441282798800412e-02 3.750350237279180196e-03 -9.989747867830718331e-01 -3.451802975677650664e+01 1.511299233894409719e-03 9.999915525091668256e-01 3.822418727975018110e-03 -3.674046278682777632e-03 9.989806833617012050e-01 -1.682196006440385286e-03 4.510836382295879687e-02 2.468188179718615416e+01
4.737025223323143575e-02 3.910129516195294010e-03 -9.988697463085599582e-01 -3.495141524621556783e+01 1.437539567353561748e-03 9.999910357799242089e-01 3.982692529768216624e-03 -1.066982795176894296e-02 9.988763650639415070e-01 -1.624575932653496597e-03 4.736420662997231634e-02 2.470362359822806653e+01
4.959963235207609511e-02 3.841907995320332971e-03 -9.987617915266356894e-01 -3.538495021259579687e+01 1.370434575286250730e-03 9.999913984982548021e-01 3.914695209017222954e-03 -4.704323251444202103e-03 9.987682405741654668e-01 -1.562905134720628166e-03 4.959394063720001800e-02 2.471868901515336603e+01
5.158289015540107325e-02 3.847945279573090557e-03 -9.986613033257781824e-01 -3.582238267704109091e+01 1.462762744919627765e-03 9.999912130797843357e-01 3.928624234176088595e-03 -2.830509242389275468e-03 9.986676452996604558e-01 -1.663454341631181218e-03 5.157680826966137833e-02 2.473484137016914275e+01
5.374963432394608276e-02 3.665722202998974565e-03 -9.985477150796415735e-01 -3.626312239697347906e+01 1.481435877107906401e-03 9.999918685172177746e-01 3.750766213122029135e-03 9.166378118870756320e-03 9.985533446730747720e-01 -1.680886722513025896e-03 5.374376672733305327e-02 2.476164434376025270e+01
5.601484136952961101e-02 3.529429705324978704e-03 -9.984236979721092808e-01 -3.670396201198455799e+01 1.472069339329319096e-03 9.999923730962174684e-01 3.617562888949563214e-03 1.756025306949045642e-02 9.984288510245518111e-01 -1.672386124813346388e-03 5.600921858446961110e-02 2.478524012864975745e+01
5.766355803179168404e-02 3.741321469230996649e-03 -9.983290622779534829e-01 -3.714304831734005319e+01 1.487450401643753382e-03 9.999915459752684033e-01 3.833467007189898107e-03 8.449482429443738729e-03 9.983349646117862797e-01 -1.706016311890027346e-03 5.765750551252390999e-02 2.480787953421082648e+01
5.921692585449978008e-02 3.850949172685324585e-03 -9.982377101085755378e-01 -3.759342219986110933e+01 1.411308289470664676e-03 9.999912366122543084e-01 3.941434714214531003e-03 3.564966850735282709e-03 9.982441404292115017e-01 -1.642220802370440496e-03 5.921097203712766266e-02 2.483353989732563250e+01
6.004744916557702705e-02 3.729529807431752626e-03 -9.981885565644017522e-01 -3.803712606722097433e+01 1.511649988585394861e-03 9.999915336848241854e-01 3.827201717330242642e-03 1.164333676402934045e-02 9.981943792483607414e-01 -1.738725420704447184e-03 6.004130304125598894e-02 2.486182467385194883e+01
6.068976448502882981e-02 3.699976778583455739e-03 -9.981498197458085198e-01 -3.848619357434718324e+01 1.361622174536703932e-03 9.999918924455015734e-01 3.789594743275703434e-03 1.735309572821129229e-02 9.981557486042977878e-01 -1.589092540538812994e-03 6.068423446902881935e-02 2.489281497470265947e+01
6.149721226939919294e-02 3.753856691200041507e-03 -9.981001960940769635e-01 -3.893531203089085579e+01 1.420086082521221501e-03 9.999915862902496455e-01 3.848467776711040483e-03 1.454823967709670263e-02 9.981062449652398083e-01 -1.654058237211243404e-03 6.149136405006183637e-02 2.491355454765213651e+01
6.230879589875260027e-02 3.600647408996955016e-03 -9.980504242230870959e-01 -3.939049840369740707e+01 1.655599026858645736e-03 9.999917436606757803e-01 3.711010959759876004e-03 2.480363170974231660e-02 9.980555460221191000e-01 -1.883599935569313984e-03 6.230232022784443213e-02 2.493553984246220878e+01
6.276093203856936142e-02 3.773146552972114504e-03 -9.980214570713097366e-01 -3.984982969950301879e+01 1.386970995440962254e-03 9.999915581239268159e-01 3.867814930801666447e-03 1.712899869542172313e-02 9.980276257304243614e-01 -1.626974483795441207e-03 6.275516897372834801e-02 2.495805341197179672e+01
6.360597400762357800e-02 3.709216185271926695e-03 -9.979681967807555454e-01 -4.030450808842066834e+01 1.456596982280337254e-03 9.999916827013430876e-01 3.809573908939770798e-03 2.205638078596678514e-02 9.979740269144147247e-01 -1.695949122874742697e-03 6.360004214463932382e-02 2.498891558542717561e+01
6.411027248088674302e-02 3.519853386587146280e-03 -9.979366130143556557e-01 -4.077170746377717592e+01 1.445784030158644550e-03 9.999924026772311070e-01 3.619985684596671496e-03 3.377823700455013373e-02 9.979417731866748742e-01 -1.674879086823165188e-03 6.410469646663907728e-02 2.502075682539705781e+01
6.454346552507128632e-02 3.603901648142816827e-03 -9.979083890572947313e-01 -4.123432035643152460e+01 1.478749333045293940e-03 9.999920354333831085e-01 3.707070300030613878e-03 3.116368587422724962e-02 9.979138010662166325e-01 -1.714923528867820122e-03 6.453762219718184312e-02 2.504490774587150881e+01
6.464232385515555901e-02 3.624486838651231474e-03 -9.979019155517051543e-01 -4.169857637423699259e+01 1.433107800460632327e-03 9.999920355824678531e-01 3.724912571418788516e-03 3.122427930243628150e-02 9.979074687407837319e-01 -1.670888024045550204e-03 6.463661473633697252e-02 2.507782955998983709e+01
6.468104455206846737e-02 3.612158458695952177e-03 -9.978994512409170570e-01 -4.216857655785249648e+01 1.451951657249853003e-03 9.999920495657240727e-01 3.713844601967651506e-03 3.482091865279712817e-02 9.979049325021090988e-01 -1.689117110157298176e-03 6.467528563021451848e-02 2.510731447883710743e+01
6.467759765778657854e-02 3.696433853378256786e-03 -9.978993660374704255e-01 -4.263719416836287479e+01 1.421826981961409053e-03 9.999917830770599370e-01 3.796338551238408014e-03 3.234133969099457773e-02 9.979051992896175172e-01 -1.664378301304002576e-03 6.467181051756087928e-02 2.513694419990608964e+01
6.473700264940773774e-02 3.690918670579037240e-03 -9.978955344159717855e-01 -4.311267029776458060e+01 1.382683042076641652e-03 9.999918681798721787e-01 3.788371910756194866e-03 3.503339666634770755e-02 9.979014022815960727e-01 -1.625021075624537813e-03 6.473137284909102895e-02 2.516353836786172948e+01
6.421758925106813010e-02 3.750301208431057725e-03 -9.979288734532272276e-01 -4.358468512564137143e+01 1.474704882263266643e-03 9.999914899699342552e-01 3.852951235237466951e-03 3.455124118434811653e-02 9.979348307761841674e-01 -1.719077821661831517e-03 6.421151216995091282e-02 2.520220450299066783e+01
6.418300471181148659e-02 3.754507404932315787e-03 -9.979310825805106644e-01 -4.406654098933971397e+01 1.398495789745415581e-03 9.999916023261551379e-01 3.852205432589295153e-03 3.573893361762532639e-02 9.979371654145815507e-01 -1.642848536875673830e-03 6.417721506107321172e-02 2.522759014621285800e+01
6.370782926616203046e-02 3.698862806895931825e-03 -9.979617381964748235e-01 -4.454928637474323949e+01 1.358655556295727644e-03 9.999918831105539807e-01 3.793121153811420190e-03 4.076544365474175924e-02 9.979676680861323534e-01 -1.597537775424068057e-03 6.370228667625044139e-02 2.526602282383196751e+01
6.364765835906016633e-02 3.688842707346398804e-03 -9.979656146505696546e-01 -4.502999779400190050e+01 1.341408697688442923e-03 9.999919489543591666e-01 3.781884340912139344e-03 4.216981445573247944e-02 9.979715307603290730e-01 -1.579387837970123217e-03 6.364219768316581316e-02 2.529106022931689779e+01
6.338361485771559778e-02 3.784039146500979209e-03 -9.979820631731345371e-01 -4.550890756958202843e+01 1.350767875273678519e-03 9.999915703750985596e-01 3.877448244846423003e-03 3.876039928197971829e-02 9.979883229746305817e-01 -1.593808797215687722e-03 6.337796919909965965e-02 2.532502334304626856e+01
6.360697881249199881e-02 3.721899699529507971e-03 -9.979680855162523789e-01 -4.600164850003414330e+01 1.400166911396542868e-03 9.999917285409820611e-01 3.818688549628738993e-03 4.415871281274462434e-02 9.979740436398972792e-01 -1.640217133637353157e-03 6.360124140916667557e-02 2.535625889000236910e+01
6.378181682115380280e-02 3.620395450215680485e-03 -9.979572999781992637e-01 -4.649245751951024630e+01 1.431178347573768776e-03 9.999920594330100609e-01 3.719247163688781024e-03 5.131739579028475606e-02 9.979628407769153275e-01 -1.665475220838973005e-03 6.377612892578654602e-02 2.538693221337322825e+01
6.406816450490993020e-02 3.688632601467536215e-03 -9.979387076802382905e-01 -4.698703034246678811e+01 1.346774483161740886e-03 9.999919387121242176e-01 3.782685455954925766e-03 4.960904087988278477e-02 9.979446159459272048e-01 -1.586348101325599615e-03 6.406268027672668008e-02 2.541248813456904543e+01
6.401540318875553748e-02 3.586268765767360207e-03 -9.979424666938077060e-01 -4.748198635038185245e+01 1.386004975379342107e-03 9.999922589013572338e-01 3.682543627592895115e-03 5.840657776183184879e-02 9.979479481139235109e-01 -1.618892739060493391e-03 6.400993705285240587e-02 2.544758715718780451e+01
6.411182531532144679e-02 3.454132235233845806e-03 -9.979367428976846366e-01 -4.797548501187694114e+01 1.407910714631942879e-03 9.999927015848254497e-01 3.551698819152680851e-03 6.702771189764061832e-02 9.979417275783981633e-01 -1.632711727116703451e-03 6.410649429081893835e-02 2.548341043122117000e+01
6.455952441650913975e-02 3.501721341075306627e-03 -9.979077140471275253e-01 -4.847425155673440855e+01 1.357079860074013062e-03 9.999926105342119564e-01 3.596833499793297261e-03 6.619711763393151815e-02 9.979129351508415624e-01 -1.586450321097877553e-03 6.455429524060452007e-02 2.550942193488911514e+01
6.488263934911964181e-02 3.663344827343059315e-03 -9.978861773848600736e-01 -4.896876906215998559e+01 1.346480933299976958e-03 9.999920298358592197e-01 3.758623930936269911e-03 5.970807533623507385e-02 9.978919932037678686e-01 -1.587504152412221080e-03 6.487718959987198719e-02 2.554374421099428361e+01
6.504172682499065328e-02 3.555017147810774630e-03 -9.978762125758395829e-01 -4.947923497066408061e+01 1.334392396461940100e-03 9.999924501268722121e-01 3.649532324465129714e-03 6.607377666308832109e-02 9.978816528870322333e-01 -1.568930315158272590e-03 6.503649198035377221e-02 2.557771184260861475e+01
6.519841243286206289e-02 3.623290646568320950e-03 -9.978657418616622143e-01 -4.998525406996756004e+01 1.292177814161762570e-03 9.999922628601414232e-01 3.715440263345708063e-03 6.485718507515055020e-02 9.978714833548113505e-01 -1.531660779804984700e-03 6.519322604783872599e-02 2.561231502346888789e+01
6.558782323411094239e-02 3.655617450710102814e-03 -9.978401043776833346e-01 -5.049119729959667779e+01 1.408180187199959939e-03 9.999919544877622357e-01 3.756060210601051656e-03 6.425600269308333334e-02 9.978458069621639615e-01 -1.651490478127773734e-03 6.558214777841042675e-02 2.564301852004869176e+01
6.581487777458194799e-02 3.583444342377186797e-03 -9.978254159872665952e-01 -5.099816957831176012e+01 1.279871609601430666e-03 9.999924257533268079e-01 3.675644792441001320e-03 7.182709026019760967e-02 9.978310296799650647e-01 -1.519000534018122425e-03 6.580979292778454948e-02 2.567389516002277716e+01
6.602982651378164203e-02 3.562807525355456487e-03 -9.978112889785809569e-01 -5.152092626516133578e+01 1.139764343393723537e-03 9.999927037108776728e-01 3.646020056223918133e-03 7.361425900877457962e-02 9.978169987266208851e-01 -1.378015800391750503e-03 6.602528398009699373e-02 2.570840818762150448e+01
6.602972189767497557e-02 3.466514884363612256e-03 -9.978116350798243994e-01 -5.203612872171338921e+01 1.271690278937106719e-03 9.999928608183060730e-01 3.558246232975794190e-03 8.066962810281061436e-02 9.978168462347939416e-01 -1.503857365748193821e-03 6.602484216621284929e-02 2.574145671394813562e+01
6.604619469181827185e-02 3.547864111195623855e-03 -9.978102589305141157e-01 -5.256340609555559240e+01 1.274436023748237636e-03 9.999925631515946822e-01 3.639979989690342484e-03 7.836342487872487161e-02 9.978157525212519863e-01 -1.512052165920016065e-03 6.604118199044994864e-02 2.577347410558461149e+01
6.609100999233363805e-02 3.624101047375438006e-03 -9.978070175589023316e-01 -5.308317204351108387e+01 1.286321160448907408e-03 9.999922637256916103e-01 3.717239115112997913e-03 7.633512541017102582e-02 9.978127699002782292e-01 -1.529176368231257481e-03 6.608583693628622413e-02 2.580635841538023456e+01
6.587433707120904369e-02 3.587154591408372312e-03 -9.978214790419006608e-01 -5.360949220492027933e+01 1.156303812087647364e-03 9.999925922433499093e-01 3.671296762655125358e-03 8.076885229242450337e-02 9.978272569322421681e-01 -1.395629020430666934e-03 6.586970124962199247e-02 2.584385152913424832e+01
6.568157903658378149e-02 3.445676848577681160e-03 -9.978346844474369481e-01 -5.413025930591710733e+01 1.298737799391707888e-03 9.999928957070634006e-01 3.538617742931874852e-03 8.863922024587611581e-02 9.978397884707691512e-01 -1.528347623198621176e-03 6.567663738463802581e-02 2.587835027185961678e+01
6.465912147977237456e-02 3.602566712475298132e-03 -9.979009066648585335e-01 -5.466453568030944155e+01 1.300362042788819365e-03 9.999923302995558094e-01 3.694374185390223407e-03 8.338392887741263859e-02 9.979065622932952184e-01 -1.536507450736412711e-03 6.465394092267007231e-02 2.592281140192403655e+01
6.327771707551310687e-02 3.607942338424047733e-03 -9.979894354519962540e-01 -5.521437701193444525e+01 1.360986370776325885e-03 9.999922233638613989e-01 3.701476448605725035e-03 8.409898244077657070e-02 9.979950291648802541e-01 -1.592470999305475301e-03 6.327231462738258649e-02 2.595813108350049347e+01
6.203396030085217561e-02 3.643741905886489774e-03 -9.980673879625141520e-01 -5.575508587117519710e+01 1.398686267334948129e-03 9.999920365967910341e-01 3.737702466460930077e-03 8.431673607606861298e-02 9.980730591725828216e-01 -1.627847635838864607e-03 6.202836984764814598e-02 2.598508796197729609e+01
6.101621270810775322e-02 3.528503002314217936e-03 -9.981305382831054951e-01 -5.630004401975277517e+01 1.269510160728955271e-03 9.999926683747168976e-01 3.612691623339315400e-03 9.199434962853414444e-02 9.981359677572544387e-01 -1.487569620622734845e-03 6.101128588968640631e-02 2.601791244831994732e+01
5.962534926064977370e-02 3.606373438692785614e-03 -9.982143115564745539e-01 -5.684661799635956214e+01 1.298576144972282730e-03 9.999923474284622138e-01 3.690363736724649926e-03 8.911095124134160717e-02 9.982199814798045079e-01 -1.516296519258211826e-03 5.962020982288174231e-02 2.604242118511198711e+01
5.881782138110935865e-02 3.715899006839133364e-03 -9.982618173518162941e-01 -5.739038385351624072e+01 1.244117329619868172e-03 9.999920226007333879e-01 3.795643155571557827e-03 8.470470435306784451e-02 9.982679580453588386e-01 -1.465206287616056336e-03 5.881272915351476449e-02 2.607084074877123570e+01
5.849787607395207090e-02 3.699185083161857408e-03 -9.982806792303242638e-01 -5.792658562918239795e+01 1.202899906491311163e-03 9.999921473392801019e-01 3.776015305917835956e-03 8.977274331014491182e-02 9.982868082503404406e-01 -1.421720611117167953e-03 5.849296696058781109e-02 2.610239472293419638e+01
5.772625104236639437e-02 3.573374962264093315e-03 -9.983260544190823982e-01 -5.847882339012506492e+01 1.253195172273196493e-03 9.999925468887216340e-01 3.651803508968802341e-03 9.804101335116743865e-02 9.983316630471328335e-01 -1.461902317868670137e-03 5.772134266594219909e-02 2.613782845666549903e+01
5.657037708838197343e-02 3.643336500192072280e-03 -9.983919663815532530e-01 -5.903507683719786314e+01 1.304950678174533274e-03 9.999922177229906284e-01 3.723116595334957819e-03 9.752683814757816261e-02 9.983977611852932199e-01 -1.513470383355725252e-03 5.656518246760011692e-02 2.618304058956933389e+01
5.577204274500624503e-02 3.576268520544766648e-03 -9.984371234842575049e-01 -5.958924539506476492e+01 1.300121080868679594e-03 9.999924772625520264e-01 3.654463500894722123e-03 1.023073340670968834e-01 9.984426818466969333e-01 -1.501906046745734354e-03 5.576697360447735452e-02 2.620403389705595387e+01
5.417372994770441874e-02 3.633060425773789077e-03 -9.985249159913319739e-01 -6.015401076439814432e+01 1.239983001964144833e-03 9.999923651843628525e-01 3.705673371847550187e-03 1.015798103687384074e-01 9.985307553729673158e-01 -1.438904071387796680e-03 5.416881140809082229e-02 2.623594563097101329e+01
5.261383229699301278e-02 3.649816302525274100e-03 -9.986082632804428316e-01 -6.071296639825965968e+01 1.282396022954899149e-03 9.999922494187672983e-01 3.722440440665256492e-03 1.027960421094811921e-01 9.986141097097841479e-01 -1.476463122401445874e-03 5.260874399930093315e-02 2.626735207604777855e+01
5.135882132213376305e-02 3.686958891922421065e-03 -9.986734590478164586e-01 -6.126752580184653851e+01 1.224400762577397333e-03 9.999922011489541518e-01 3.754794806949573235e-03 1.042923264121070476e-01 9.986795143163665900e-01 -1.415618380415352862e-03 5.135390646705750850e-02 2.628474127374464331e+01
4.955909599594710002e-02 3.705894003573810026e-03 -9.987643177215026480e-01 -6.183064637782911177e+01 1.171867453040247075e-03 9.999922121652136120e-01 3.768598624818779788e-03 1.040645938034099049e-01 9.987705055370512675e-01 -1.357187738213365804e-03 4.955436722132811056e-02 2.632503260544639545e+01
4.804497085088776931e-02 3.706603227771381771e-03 -9.988382961563143647e-01 -6.239261939066662421e+01 1.339003807324192809e-03 9.999919770886603887e-01 3.775291659746594225e-03 1.061539029165242953e-01 9.988442760734733694e-01 -1.518832059200639307e-03 4.803962223451208047e-02 2.635543839581646708e+01
4.682183378428927956e-02 3.673880619144290552e-03 -9.988965003854367586e-01 -6.295687839730216950e+01 1.242040096865592832e-03 9.999922493061307316e-01 3.736129556514734829e-03 1.114553928684917927e-01 9.989024843384234353e-01 -1.415601943189133188e-03 4.681690777554914362e-02 2.637566285408811240e+01
4.528484898138063208e-02 3.645260330231114149e-03 -9.989674641998400606e-01 -6.351157258662855298e+01 1.250537334518121019e-03 9.999923519830802299e-01 3.705689102219968459e-03 1.138143960068522531e-01 9.989733322812521799e-01 -1.417057681316774044e-03 4.527994410795244118e-02 2.639958034306517831e+01
4.441358366836889449e-02 3.629685554873668396e-03 -9.990066360983324012e-01 -6.407400416754649086e+01 1.251919222185676750e-03 9.999924122377056301e-01 3.688924677413571961e-03 1.159482470919815794e-01 9.990124455100618528e-01 -1.414513975629172341e-03 4.440870259553675314e-02 2.642601640834486432e+01
4.371048239458619200e-02 3.623449325918547299e-03 -9.990376691315574487e-01 -6.464218482846945335e+01 1.263782736799157029e-03 9.999924220776615913e-01 3.682205921190323701e-03 1.191557103767224290e-01 9.990434407882506918e-01 -1.423517556751961385e-03 4.370557190723955987e-02 2.645228578935188679e+01
4.293060374369817023e-02 3.615262800394670843e-03 -9.990715155268345971e-01 -6.521653994038581459e+01 1.225067184152236902e-03 9.999925105855506091e-01 3.671237284851754969e-03 1.215826491777070445e-01 9.990773055537776060e-01 -1.381538161418228690e-03 4.292585327879527846e-02 2.647233052313762158e+01
4.240450969393794178e-02 3.537812222264210497e-03 -9.990942605391631703e-01 -6.578982783560310565e+01 1.223486280807522825e-03 9.999927969692957719e-01 3.592922326680047726e-03 1.301581693497209646e-01 9.990997751170490604e-01 -1.374734230634474044e-03 4.239987578823467551e-02 2.650489755754102106e+01
4.213079734872371418e-02 3.630672162242697294e-03 -9.991055070083499912e-01 -6.637414033707285910e+01 1.294597516149929200e-03 9.999923595143237476e-01 3.688486172776468848e-03 1.258244538102574750e-01 9.991112650411028140e-01 -1.448838371213541495e-03 4.212577518980686886e-02 2.652599161110750003e+01
4.172880094334152634e-02 3.730864684731143716e-03 -9.991220084757096442e-01 -6.696729800069834937e+01 1.082890998382451996e-03 9.999922719313648622e-01 3.779341825357691344e-03 1.221680348883540934e-01 9.991283874052009351e-01 -1.239647631991338790e-03 4.172443834052042000e-02 2.654698938412958498e+01
4.181656150210943945e-02 3.603375269435483280e-03 -9.991188071850152230e-01 -6.755119080151388289e+01 1.136178513755428015e-03 9.999926783723784851e-01 3.654079914527469993e-03 1.321159771348660861e-01 9.991246590303559660e-01 -1.287978378892027081e-03 4.181216125925957261e-02 2.656641201025246346e+01
4.182988152075384214e-02 3.597180730195926029e-03 -9.991182719291816783e-01 -6.813836437471502450e+01 1.069406172263699575e-03 9.999927847752666521e-01 3.645101897876255968e-03 1.338923611811737580e-01 9.991241751566212193e-01 -1.220937427341747556e-03 4.182573286148250080e-02 2.659230613187999381e+01
4.173462965079854925e-02 3.456958518470065484e-03 -9.991227502793198489e-01 -6.871703485280335144e+01 1.124420011162404007e-03 9.999932185069901891e-01 3.506938788940887688e-03 1.444818906888985788e-01 9.991280980772931919e-01 -1.269794405586152641e-03 4.173045955436338605e-02 2.662034400004660029e+01
4.154176551223409675e-02 3.622967896362624691e-03 -9.991301996345364200e-01 -6.930325764586307002e+01 1.188479944685994025e-03 9.999925390452758522e-01 3.675509380143435374e-03 1.394232174189399820e-01 9.991360614218404157e-01 -1.340133353203695754e-03 4.153714974631739221e-02 2.664661720272513534e+01
4.064624481425105351e-02 3.725276071859707008e-03 -9.991666553186653310e-01 -6.988434586674141258e+01 1.130428622570257662e-03 9.999922382136131604e-01 3.774340161900099824e-03 1.354444635634235172e-01 9.991729604596140124e-01 -1.282899340122861404e-03 4.064171816808281879e-02 2.667205405905187732e+01
3.964320342668115060e-02 3.781819520519931477e-03 -9.992067425028642313e-01 -7.047171134491517819e+01 1.191810558103061990e-03 9.999919473578391393e-01 3.832076078360315864e-03 1.351096253021515092e-01 9.992131884686393795e-01 -1.342780916963637848e-03 3.963837698171646107e-02 2.669518154304591206e+01
3.798458236004087496e-02 3.735484916500417946e-03 -9.992713433574348381e-01 -7.105963248812905420e+01 1.272452204780722199e-03 9.999920214288517961e-01 3.786547771425988976e-03 1.389519711634111532e-01 9.992775151920113563e-01 -1.415355459713322616e-03 3.797952607133003866e-02 2.672344246680801305e+01
3.695893342262079884e-02 3.684303077409056479e-03 -9.993099935210776330e-01 -7.164753101971933802e+01 1.376813929799142579e-03 9.999920668157339376e-01 3.737738487293384461e-03 1.432214353690764441e-01 9.993158367721715063e-01 -1.514006747170354265e-03 3.695356762079315960e-02 2.674101624150455692e+01
3.613262962687369129e-02 3.775611598884425456e-03 -9.993398710315234412e-01 -7.225048974537526192e+01 1.299163073213624280e-03 9.999918405582838288e-01 3.825047995138385146e-03 1.407287944263837798e-01 9.993461588716677779e-01 -1.436514500547572421e-03 3.612742966962012581e-02 2.676331902609159741e+01
3.529307758111832616e-02 3.799920745080790502e-03 -9.993697810506302348e-01 -7.284400951782801314e+01 1.146178184270035079e-03 9.999919596873788619e-01 3.842764130882533359e-03 1.425498371845622114e-01 9.993763480043057479e-01 -1.281078813656129833e-03 3.528843842748119464e-02 2.678688383880435353e+01
3.471480563326057034e-02 3.798139172452549492e-03 -9.993900421800648859e-01 -7.343353561637182736e+01 1.205701587578554383e-03 9.999918914446707108e-01 3.842307716933966288e-03 1.445109418351812614e-01 9.993965321900647458e-01 -1.338351126043242894e-03 3.470994472390831476e-02 2.679898594051813632e+01
3.396405883519382218e-02 3.830642008690768145e-03 -9.994157137494092957e-01 -7.403895446654610168e+01 1.218397974281476212e-03 9.999917527900560321e-01 3.874255831478684575e-03 1.450572446225313061e-01 9.994223122453371744e-01 -1.349271534100291749e-03 3.395911148000640978e-02 2.682379901269823463e+01
3.321013955413842922e-02 3.714808042887078870e-03 -9.994414874478644295e-01 -7.464048177890110480e+01 1.331942319556701001e-03 9.999920399473020138e-01 3.761113092001722169e-03 1.534923255282154564e-01 9.994475036541202728e-01 -1.456105503716782984e-03 3.320492728963608808e-02 2.684648086668357791e+01
3.298101046861090513e-02 3.761004561927939159e-03 -9.994489020420980196e-01 -7.524340665672573891e+01 1.190313333829785781e-03 9.999920626968484827e-01 3.802327901360260179e-03 1.530872126439452585e-01 9.994552696857610385e-01 -1.315061970902103904e-03 3.297627191445395844e-02 2.686064160149026492e+01
3.264199029210002045e-02 3.812190711030880030e-03 -9.994598379483558004e-01 -7.584838792395467522e+01 1.342383145104307637e-03 9.999916566518306515e-01 3.858060940300145868e-03 1.529898847052280908e-01 9.994662067710257114e-01 -1.467592828430163863e-03 3.263660052805361644e-02 2.688126105788208875e+01
3.229103307743852458e-02 3.861933071548812567e-03 -9.994710474324622895e-01 -7.646361043246703559e+01 1.337187585106260415e-03 9.999914730333765434e-01 3.907146004426603411e-03 1.525805422183566518e-01 9.994776141125695235e-01 -1.462646057167160934e-03 3.228559360391947131e-02 2.690121699071163164e+01
3.226141803783155737e-02 3.852964999646848326e-03 -9.994720384117304901e-01 -7.707383040200734570e+01 1.309093295335202146e-03 9.999915489272166447e-01 3.897223228175924342e-03 1.561767741791188491e-01 9.994786076654827989e-01 -1.434132092110734259e-03 3.225610150359137229e-02 2.692267738681045586e+01
3.222183233236552979e-02 3.854154823314447260e-03 -9.994733108051172543e-01 -7.768475415608342871e+01 1.212100966423472308e-03 9.999916789609031298e-01 3.895230442637186846e-03 1.568051792843859760e-01 9.994800069698202005e-01 -1.336974028159931089e-03 3.221689258845272796e-02 2.693662765370748247e+01
3.228170504036442789e-02 3.874192986425305414e-03 -9.994713013130447354e-01 -7.830688420608130684e+01 1.280327876338567409e-03 9.999915066963874777e-01 3.917562458714923986e-03 1.608084835392090406e-01 9.994779898928320971e-01 -1.406116564440915455e-03 3.227647062476357576e-02 2.695210835008781203e+01
3.184349515139595077e-02 3.861429232606749390e-03 -9.994854081880459873e-01 -7.893112584547984056e+01 1.264569288323993913e-03 9.999915810621402557e-01 3.903673828063801421e-03 1.635972604192363067e-01 9.994920673427369895e-01 -1.388225169939155288e-03 3.183834401817242643e-02 2.697716349963542015e+01
3.162568954328359716e-02 3.685895542941069504e-03 -9.994929864361025151e-01 -7.954806265464320347e+01 1.218085704929446891e-03 9.999923155253964691e-01 3.726279293256142336e-03 1.736658805974256314e-01 9.994990405338705086e-01 -1.335314271035143753e-03 3.162095677980469866e-02 2.699926537742176791e+01
3.141280109249722230e-02 3.941903447412884592e-03 -9.994987230230636399e-01 -8.016499924695654045e+01 1.268599877301519437e-03 9.999912602915349558e-01 3.983716217159907237e-03 1.636632747772446272e-01 9.995056911203032968e-01 -1.393103642528684474e-03 3.140752585554384968e-02 2.702049713250044150e+01
3.090529749258130732e-02 3.806364116493004060e-03 -9.995150695107644090e-01 -8.078159294400930435e+01 1.345971990726158073e-03 9.999916836766092887e-01 3.849797010275794393e-03 1.730805873043474719e-01 9.995214109494081622e-01 -1.464298409758821870e-03 3.089991721464557806e-02 2.704634392280396327e+01
3.090136875642979231e-02 3.836139706114825593e-03 -9.995150771454799354e-01 -8.140241950754175093e+01 1.383294889162655587e-03 9.999915131606597063e-01 3.880734711836452897e-03 1.745252753564472403e-01 9.995214814621189436e-01 -1.502544112232695331e-03 3.089579998902813873e-02 2.705742358380726742e+01
3.082321163626222660e-02 3.733307764039535577e-03 -9.995178797988384378e-01 -8.203201375462016642e+01 1.308497642080099638e-03 9.999920169482271470e-01 3.775430271799868395e-03 1.826485815914168920e-01 9.995239954390024995e-01 -1.424237675219319332e-03 3.081808054856161050e-02 2.708208102489114566e+01
3.100099653722609983e-02 3.766414420045410827e-03 -9.995122572215489054e-01 -8.265990367732882760e+01 1.292756790861913007e-03 9.999919127135254993e-01 3.808318188464468630e-03 1.830753331967986397e-01 9.995185175841310166e-01 -1.410187917046119626e-03 3.099587676546744497e-02 2.709194334291270678e+01
3.113919370939055575e-02 3.566641330151917692e-03 -9.995086941516575507e-01 -8.328655108576592170e+01 1.199041954140461384e-03 9.999927804992937430e-01 3.605724293891082732e-03 1.954506432750880429e-01 9.995143385232259092e-01 -1.310732205066114696e-03 3.113469234736931934e-02 2.711271944455131688e+01
3.145036546210500106e-02 3.775032538463169232e-03 -9.994981859121273571e-01 -8.391837758953926141e+01 1.212691979234028182e-03 9.999919873295213257e-01 3.815056345331380508e-03 1.883434596636462677e-01 9.995045792243592020e-01 -1.332068349633792675e-03 3.144553550900941463e-02 2.712436955698198560e+01
3.166134096233919060e-02 3.811106961839809057e-03 -9.994913881330803607e-01 -8.454736588494176885e+01 1.454475164565387571e-03 9.999914959348814580e-01 3.859087963978556461e-03 1.888146556083065974e-01 9.994975957902360042e-01 -1.575919301067734172e-03 3.165552855180842062e-02 2.714111932759940515e+01
3.218657522770451695e-02 3.587894808301594386e-03 -9.994754381103899687e-01 -8.519159061996009541e+01 1.461124905804908570e-03 9.999923193573463376e-01 3.636803586222784809e-03 2.015416935768113982e-01 9.994808099654145517e-01 -1.577414707579708223e-03 3.218108565165811452e-02 2.717011436642657785e+01
3.297139045487407216e-02 3.931444780162653314e-03 -9.994485635356193942e-01 -8.583012165503276947e+01 1.566679800571272761e-03 9.999908315587057173e-01 3.985261965132068374e-03 1.884443181632526887e-01 9.994550679874882881e-01 -1.697215504518557972e-03 3.296492884349222496e-02 2.719495231406457947e+01
3.427358821246795362e-02 3.884578009546939704e-03 -9.994049385533022578e-01 -8.648133405311351396e+01 1.453542153615684351e-03 9.999911947477122531e-01 3.936704491149746812e-03 1.922942243684016561e-01 9.994114309763771908e-01 -1.587602195362757462e-03 3.426764002699111966e-02 2.721394272039427520e+01
3.586701569803729672e-02 3.913180906189871883e-03 -9.993489101410539810e-01 -8.712796514685634008e+01 1.519352017447791114e-03 9.999909644000545272e-01 3.970225144242483378e-03 1.935515581345510494e-01 9.993554166333236122e-01 -1.660762910330348952e-03 3.586074611872769324e-02 2.723369424966697849e+01
3.702894044547799801e-02 3.952304463014897490e-03 -9.993063778736314129e-01 -8.777316834755924901e+01 1.425704322960268632e-03 9.999909522481158497e-01 4.007840951175204065e-03 1.980421087873706909e-01 9.993131766051465137e-01 -1.573121526792218812e-03 3.702297059925374612e-02 2.725240060430462918e+01
3.850193016313141481e-02 3.988285901921101440e-03 -9.992505666494655436e-01 -8.842140400554185931e+01 1.379208246055889462e-03 9.999908703350610661e-01 4.044382665028691849e-03 1.956522901813550208e-01 9.992575739809668178e-01 -1.533891160320877134e-03 3.849607797660592468e-02 2.727340598652463655e+01
3.922679274349716305e-02 4.033031531594532572e-03 -9.992221942029332338e-01 -8.907784402435957816e+01 1.571158667892009727e-03 9.999903696542663534e-01 4.097811509086133307e-03 1.966201905473974332e-01 9.992290979507650883e-01 -1.730680614340851693e-03 3.922007844347219496e-02 2.730556626355386030e+01
4.019798789574202669e-02 3.992437153811462421e-03 -9.991837579818374504e-01 -8.971331220985140931e+01 1.454124760072565215e-03 9.999907246020456331e-01 4.054162189399784094e-03 1.997363084845856784e-01 9.991906761426050387e-01 -1.615907004960611109e-03 4.019180954168899422e-02 2.732309838378086653e+01
4.064201994235594473e-02 4.113360420730397503e-03 -9.991653048825577255e-01 -9.037218251344228293e+01 1.374097230696937804e-03 9.999903503790592563e-01 4.172649705750453367e-03 1.960790150413060651e-01 9.991728269282575958e-01 -1.542535191001159810e-03 4.063597560510634477e-02 2.736424174067369819e+01
4.107156615162510516e-02 4.001375767366885036e-03 -9.991481949369778182e-01 -9.101876969025444453e+01 1.235427017292467684e-03 9.999910131365563615e-01 4.055535255479391851e-03 2.051733193669130206e-01 9.991554434490850234e-01 -1.400941858829812771e-03 4.106625363933935624e-02 2.738780201617097276e+01
4.133204313766214444e-02 4.009976263659871878e-03 -9.991374191273348915e-01 -9.167236204180997561e+01 1.357376084947772756e-03 9.999907980927096318e-01 4.069552809540961762e-03 2.086640350826269308e-01 9.991445439676037710e-01 -1.524408170574825631e-03 4.132621975815153892e-02 2.740907077710414086e+01
4.146390375540143225e-02 3.955911164105041511e-03 -9.991321711626670599e-01 -9.231700588676216057e+01 1.432598658060599273e-03 9.999908985575157727e-01 4.018763891680684867e-03 2.126276145674338147e-01 9.991389754916220056e-01 -1.597989046853141122e-03 4.145785914104116454e-02 2.743825307634595490e+01
4.133351340712942967e-02 4.028377213850928805e-03 -9.991372842840196000e-01 -9.297243799356003535e+01 1.377562941201039559e-03 9.999906919466891031e-01 4.088806711610076805e-03 2.126116975583073887e-01 9.991444555167015018e-01 -1.545379243035409442e-03 4.132757932942010548e-02 2.747044770700606620e+01
4.123103880848466574e-02 4.059757785970206229e-03 -9.991413912982950452e-01 -9.362713201066239321e+01 1.482440635925495655e-03 9.999903958728711961e-01 4.124382593715562179e-03 2.137638840915792593e-01 9.991485394117004537e-01 -1.651220378278254325e-03 4.122462447043229172e-02 2.750310127083420753e+01
4.125926668475599079e-02 4.116035511180748431e-03 -9.991399957785229713e-01 -9.428045392569207195e+01 1.476844720801223122e-03 9.999901710266876353e-01 4.180523853126742219e-03 2.148886028526129643e-01 9.991473824428040995e-01 -1.648059976645007384e-03 4.125278240320950918e-02 2.752066388292015731e+01
4.098703098183575921e-02 4.094958323211495867e-03 -9.991512871470593637e-01 -9.492870942829934222e+01 1.426462933229490733e-03 9.999903425910973143e-01 4.156913282694831013e-03 2.172157240405835910e-01 9.991586603211697337e-01 -1.595631809310433472e-03 4.098079384705666239e-02 2.755299995600069352e+01
4.073267430950111567e-02 3.988894951196374911e-03 -9.991621179571734679e-01 -9.558599584050689657e+01 1.321302071239508543e-03 9.999909417017535107e-01 4.046069114183310604e-03 2.259947494790635336e-01 9.991692065933741596e-01 -1.485002191422627989e-03 4.072703480562778200e-02 2.757713909818653875e+01
3.992802531818262501e-02 3.953657055009749538e-03 -9.991947364703649415e-01 -9.623991962219223240e+01 1.322731597355201278e-03 9.999910864452862258e-01 4.009664711337734833e-03 2.293178807811349362e-01 9.992016829325859328e-01 -1.481764443952071717e-03 3.992243979043252899e-02 2.760870346682749954e+01
3.960691588192222223e-02 4.127254137700477228e-03 -9.992068144221223358e-01 -9.689891173684571868e+01 1.255778894273434096e-03 9.999904741437053435e-01 4.180268079454737933e-03 2.236991397783475444e-01 9.992145491503271471e-01 -1.420350354752342647e-03 3.960135567349587493e-02 2.763406753710932406e+01
3.880654424533735991e-02 4.164539957756766345e-03 -9.992380640921738610e-01 -9.754402187287463732e+01 1.403746310620977277e-03 9.999901012536238643e-01 4.222190315755543905e-03 2.237517544495991884e-01 9.992457563682872745e-01 -1.566525361202039451e-03 3.880031415159701513e-02 2.766378485876975191e+01
3.827986379104031389e-02 4.133840728964732932e-03 -9.992585067883918981e-01 -9.819670892387111394e+01 1.420614153959582661e-03 9.999902074281226128e-01 4.191288976669549533e-03 2.288097624235133909e-01 9.992660475987187318e-01 -1.580002749343906209e-03 3.827361634007286906e-02 2.767977442319228132e+01
3.754808490646677210e-02 4.158783720470627700e-03 -9.992861681409500596e-01 -9.885239329404888053e+01 1.455922067337020410e-03 9.999900510003528753e-01 4.216419244522280792e-03 2.301976078068921072e-01 9.992937614189286721e-01 -1.613201251575644736e-03 3.754165647559137842e-02 2.770834137118917795e+01
3.715043854283617275e-02 4.067917110820729217e-03 -9.993014044653668604e-01 -9.951593012670512906e+01 1.452882328730543396e-03 9.999904378015490591e-01 4.124734949670896302e-03 2.371353676164588975e-01 9.993086280269044552e-01 -1.605103063876581844e-03 3.714417309808526468e-02 2.773513052678505275e+01
3.699075993621314673e-02 4.137981706726677825e-03 -9.993070402967930699e-01 -1.001641600429158245e+02 1.460051082287030675e-03 9.999901356676911268e-01 4.194856153654754997e-03 2.364212372924973382e-01 9.993145410380951388e-01 -1.614210242669171470e-03 3.698435338239536296e-02 2.775820449113921029e+01
3.667552280435504297e-02 4.072023612808084794e-03 -9.993189303974603366e-01 -1.008221649249593810e+02 1.468908930943699405e-03 9.999903981515553264e-01 4.128669428095249096e-03 2.424386494979780260e-01 9.993261471279433206e-01 -1.619329611483685816e-03 3.666918921969153367e-02 2.778057106674242860e+01
3.591185672813079766e-02 4.104487494853361826e-03 -9.993465323543897494e-01 -1.014669031482509354e+02 1.318811706177895051e-03 9.999905002865249193e-01 4.154524327672878131e-03 2.428680920066161875e-01 9.993540910418201584e-01 -1.467146587826179127e-03 3.590610252962544990e-02 2.780864776046561460e+01
3.528767167832735918e-02 4.182410744575436150e-03 -9.993684444027072233e-01 -1.021210042930343604e+02 1.449973085627511392e-03 9.999899759995227733e-01 4.236210396663496122e-03 2.404792173936829702e-01 9.993761443048229109e-01 -1.598543348647138516e-03 3.528125357167699594e-02 2.782752204747868774e+01
3.453432458953276107e-02 4.142224823858496954e-03 -9.993949281433508469e-01 -1.027695123809240556e+02 1.418268776561920543e-03 9.999902006461397486e-01 4.193700677271695182e-03 2.451539887972788989e-01 9.994025059698531388e-01 -1.562237242460302877e-03 3.452811138733258289e-02 2.785316742672865331e+01
3.431293751743946796e-02 4.089081651010035429e-03 -9.994027725247593974e-01 -1.034315031719134623e+02 1.512167771586536875e-03 9.999902727313533246e-01 4.143403347997060351e-03 2.524852908984857591e-01 9.994099937801077527e-01 -1.653437003635544562e-03 3.430642036879016921e-02 2.787928369671286788e+01
3.411763693393154995e-02 4.032669333869576961e-03 -9.994096879799034827e-01 -1.040750771806873871e+02 1.407911960830066957e-03 9.999906730910361752e-01 4.083076639863845655e-03 2.578178125774657770e-01 9.994168322746794786e-01 -1.546385779848642641e-03 3.411164107844855131e-02 2.790228731880259616e+01
3.406474680619508977e-02 4.042124265610689930e-03 -9.994114539349904236e-01 -1.047436766235320249e+02 1.309822687248065080e-03 9.999907817196109772e-01 4.089112413398245972e-03 2.597650790415462763e-01 9.994187697804949311e-01 -1.448346375284105753e-03 3.405913832173990130e-02 2.792805149984285507e+01
3.419776207538594015e-02 4.195774167521540247e-03 -9.994062780211913077e-01 -1.053835128218282478e+02 1.450275248591996599e-03 9.999899261848325116e-01 4.247850109936217311e-03 2.533264582543477972e-01 9.994140332068280896e-01 -1.594681155693086381e-03 3.419133254602779726e-02 2.794212409581576040e+01
3.410640425262367881e-02 4.116282585790450622e-03 -9.994097304942708426e-01 -1.060385778155921201e+02 1.458086945173562394e-03 9.999902490266443511e-01 4.168433049732127305e-03 2.615023958830163808e-01 9.994171437249901313e-01 -1.599396543607285812e-03 3.410006978408353095e-02 2.796909684872504442e+01
3.410771230200115856e-02 4.061454145534022266e-03 -9.994099101728720624e-01 -1.066845080713966212e+02 1.562973199616347160e-03 9.999903030331093179e-01 4.117153692486557812e-03 2.671653793761784579e-01 9.994169405589951038e-01 -1.702477598677634143e-03 3.410103361666327881e-02 2.799185177523046164e+01
3.385824322343333748e-02 4.030094276429049480e-03 -9.994185197933579401e-01 -1.073441925798887269e+02 1.616417298399056750e-03 9.999903411083775895e-01 4.087161003449832179e-03 2.720025400842772667e-01 9.994253381623566801e-01 -1.753861475082500688e-03 3.385140187622892594e-02 2.800925231969707241e+01
3.384137648479079719e-02 4.059568102959790377e-03 -9.994189717753174662e-01 -1.079769224954991813e+02 1.480418958359789802e-03 9.999904497884521959e-01 4.112017947038322692e-03 2.726277214606976917e-01 9.994261201296086305e-01 -1.618715140618568827e-03 3.383504343090393274e-02 2.803145448435776288e+01
3.361173128519223674e-02 4.074418158267999190e-03 -9.994266609595142681e-01 -1.086423364177741178e+02 1.484849281328220593e-03 9.999903829313293580e-01 4.126653300795690531e-03 2.744031695648304625e-01 9.994338631158262709e-01 -1.622701921119494963e-03 3.360535814199017146e-02 2.805674666306510900e+01
3.395008960694811950e-02 4.146961653712216526e-03 -9.994149259065140400e-01 -1.093002920562813216e+02 1.393303417500823442e-03 9.999902232466201246e-01 4.196679254074901777e-03 2.729836392976947579e-01 9.994225583411989744e-01 -1.534965868494342096e-03 3.394397970945051135e-02 2.806910843899590802e+01
3.408531862926178491e-02 4.205851045230538966e-03 -9.994100769308500443e-01 -1.099590294709094707e+02 1.382577312349500499e-03 9.999899897841642016e-01 4.255444917100920967e-03 2.719935061141957044e-01 9.994179703877239529e-01 -1.526809894006720715e-03 3.407916251363118931e-02 2.809403976440119521e+01
3.403445823329764863e-02 4.184991276939999463e-03 -9.994118978183010871e-01 -1.106230642422358414e+02 1.644692027489691195e-03 9.999896441350522025e-01 4.243419704237691610e-03 2.773818827487563587e-01 9.994193067181067480e-01 -1.788147271210332317e-03 3.402722275525627005e-02 2.811734641165668336e+01
3.401915621301709880e-02 4.290491579309029142e-03 -9.994119714574979385e-01 -1.112932632274652889e+02 1.469719841186975734e-03 9.999894890867514485e-01 4.342998918515098873e-03 2.737443297456030322e-01 9.994201003252553006e-01 -1.616600762612806176e-03 3.401249282001472807e-02 2.813269067776712262e+01
3.394461318845953812e-02 4.147352027878023657e-03 -9.994151103053442453e-01 -1.119612636331077056e+02 1.538341575839497107e-03 9.999899883567273662e-01 4.201986614480485160e-03 2.839806926960748990e-01 9.994225316354853339e-01 -1.680076625956554133e-03 3.393789330304719520e-02 2.816817475426929462e+01
3.438695596922780595e-02 4.125135735968447903e-03 -9.994000803053454396e-01 -1.126384655644599491e+02 1.606668214973016066e-03 9.999899611322683457e-01 4.182852128813759063e-03 2.900797888533646063e-01 9.994073022929229611e-01 -1.749539895047388677e-03 3.437998303865563710e-02 2.818761167501484977e+01
3.462042491214389894e-02 4.209735374879243139e-03 -9.993916671190413714e-01 -1.132997719170804203e+02 1.593658777569872389e-03 9.999896244608542650e-01 4.267460877419445957e-03 2.873511407859790645e-01 9.993992627726938638e-01 -1.740430611406660602e-03 3.461335682483857035e-02 2.821531920735821330e+01
3.547381013109762726e-02 4.180577604757927321e-03 -9.993618621728936890e-01 -1.139586089719331170e+02 1.632332092911398204e-03 9.999896740333388268e-01 4.241145910623639846e-03 2.916383827814168495e-01 9.993692732352348340e-01 -1.781740044828256965e-03 3.546661973872577978e-02 2.822998690367936447e+01
3.604423485784413739e-02 4.129229347991835754e-03 -9.993416645965005340e-01 -1.146142712229704443e+02 1.692862228895509157e-03 9.999897765769104607e-01 4.192965434484632187e-03 2.977557069814804613e-01 9.993487616197795909e-01 -1.842879988628367497e-03 3.603687614598360955e-02 2.825979662454891184e+01
3.636553691000743438e-02 4.118568177873422123e-03 -9.993300681563680454e-01 -1.152783766508980250e+02 1.450546310826843037e-03 9.999902364622951234e-01 4.174074206712535817e-03 2.990772004089082836e-01 9.993375023687679493e-01 -1.601366993291872265e-03 3.635920767984035518e-02 2.828490881260994882e+01
3.705002531114298669e-02 4.055192919726401807e-03 -9.993051841328692841e-01 -1.159439735898718737e+02 1.489400442196399822e-03 9.999904316134839988e-01 4.113194354857301234e-03 3.058647052479740447e-01 9.993123021912453385e-01 -1.640759538093764522e-03 3.704363099605256782e-02 2.830054890758913544e+01
3.761133337931654719e-02 4.213845695066773152e-03 -9.992835589090258708e-01 -1.166032933740655579e+02 1.535117530880819895e-03 9.999896855404103446e-01 4.274602549670194519e-03 3.006733364526952279e-01 9.992912643546909557e-01 -1.694791211161945097e-03 3.760447669033939455e-02 2.832336683769407060e+01
3.836978054449202702e-02 4.171815711393805567e-03 -9.992549003605825098e-01 -1.172585335149284163e+02 1.545863721974971962e-03 9.999898406953939833e-01 4.234242713129863361e-03 3.045943950462538519e-01 9.992624131059472115e-01 -1.707178863148047128e-03 3.836294167564080482e-02 2.834565436640323455e+01
3.916623007047448368e-02 4.125495850309046121e-03 -9.992241924143230314e-01 -1.179270196823106573e+02 1.391774539484201371e-03 9.999902818045843800e-01 4.183211687113209259e-03 3.103112748546993371e-01 9.992317395808132385e-01 -1.554535421609891431e-03 3.916010768530975295e-02 2.837598091724615657e+01
3.990359374909746570e-02 4.064475424044318441e-03 -9.991952678257812748e-01 -1.185786380501660915e+02 1.446352108968105080e-03 9.999904442311049468e-01 4.125471131183975487e-03 3.171383544113982045e-01 9.992024876227462160e-01 -1.609809306933164671e-03 3.989733377697612937e-02 2.840754450290394573e+01
4.069900718626506819e-02 4.252522144591725645e-03 -9.991624026500709466e-01 -1.192448491970923499e+02 1.499925160131214104e-03 9.999895562121922099e-01 4.317139221394955539e-03 3.104773208722285127e-01 9.991703263400923962e-01 -1.674372106987656941e-03 4.069220366951142864e-02 2.843083346268091205e+01
4.145191802877223886e-02 4.252210910375303979e-03 -9.991314514087272780e-01 -1.199057867048188939e+02 1.559727875441789058e-03 9.999894498959440714e-01 4.320572388209007429e-03 3.114581490545972331e-01 9.991392824529976568e-01 -1.737469188466222612e-03 4.144484841483464521e-02 2.845333561579061765e+01
4.176652649415846241e-02 4.124947439949885018e-03 -9.991188828529018462e-01 -1.205684742637275662e+02 1.520230841289655797e-03 9.999900575697746596e-01 4.192094916370819879e-03 3.212340976242457624e-01 9.991262413543156029e-01 -1.693980583218477297e-03 4.175984036106616948e-02 2.848582726585422265e+01
4.210568534029845988e-02 4.285039630634130889e-03 -9.991039734168751796e-01 -1.212211206791839544e+02 1.439677404379641635e-03 9.999895044884485884e-01 4.349510537796984905e-03 3.161855439330274464e-01 9.991121251346093413e-01 -1.621526537242985646e-03 4.209907434485848921e-02 2.851197802763130440e+01
4.236068209268661899e-02 4.122908803925451164e-03 -9.990938765879995298e-01 -1.218861391170261754e+02 1.284818811643352642e-03 9.999904338439234985e-01 4.181083742629801772e-03 3.275676736200038852e-01 9.991015573270134453e-01 -1.460768166462385418e-03 4.235497967300028144e-02 2.854511169058794096e+01
4.295279778802207904e-02 4.164454958704452356e-03 -9.990684233209848886e-01 -1.225389614990569243e+02 1.350484829891437141e-03 9.999901569949056768e-01 4.226358246546844943e-03 3.276535934788041282e-01 9.990761899639616361e-01 -1.530760660862213194e-03 4.294675097016809051e-02 2.856979632634331168e+01
4.309239948689680411e-02 4.320214148901061792e-03 -9.990617502718087684e-01 -1.231984581752367376e+02 1.406401368003424440e-03 9.999893973414381021e-01 4.384887672401230688e-03 3.230881972546199576e-01 9.990701012149519888e-01 -1.594037143586451728e-03 4.308586663780933357e-02 2.859946989501693082e+01
4.317925715461423675e-02 4.310762842834096886e-03 -9.990580408941661661e-01 -1.238543200122784071e+02 1.306819155844102676e-03 9.999895920875413458e-01 4.371263008171110721e-03 3.272255832986947777e-01 9.990664862636872146e-01 -1.494336075160851473e-03 4.317317436122647401e-02 2.863265537191965038e+01
4.341335153285896808e-02 4.329298693833694145e-03 -9.990478157132942627e-01 -1.245175538679989415e+02 1.350596419966435457e-03 9.999894427540326758e-01 4.392068964575739434e-03 3.286189738973716579e-01 9.990562830982021580e-01 -1.539984837193349252e-03 4.340704607211176569e-02 2.866709265283377661e+01
4.376625003719392115e-02 4.299389840553016762e-03 -9.990325473199965778e-01 -1.251790126675409454e+02 1.354949083782893641e-03 9.999895646983240072e-01 4.362866882769752229e-03 3.321543663213556430e-01 9.990408797795327089e-01 -1.544584557530813938e-03 4.375996786884628342e-02 2.868755557579669002e+01
4.378683253957893484e-02 4.256586778000804108e-03 -9.990318287047479373e-01 -1.258224297176999755e+02 1.376993602686428292e-03 9.999897162815690743e-01 4.321020680939282460e-03 3.365934317960394551e-01 9.990399477422160501e-01 -1.564864245962908689e-03 4.378052095535955868e-02 2.871496277560461508e+01
4.425950505826825587e-02 4.252832832550704385e-03 -9.990110157675420322e-01 -1.264704533885382318e+02 1.527250165306739396e-03 9.999894823541078948e-01 4.324660460183426224e-03 3.387371870604077295e-01 9.990189005814305023e-01 -1.717147070487014477e-03 4.425254441282011619e-02 2.872806824077638055e+01
4.417658868960128160e-02 4.370389094071681566e-03 -9.990141784333776975e-01 -1.271319116914616529e+02 1.368450441037431624e-03 9.999892282570895796e-01 4.435167773682641666e-03 3.376111539733063771e-01 9.990228007183523662e-01 -1.563031975587156515e-03 4.417013216986198643e-02 2.876968829752960488e+01
4.449543496157926104e-02 4.281629499105407514e-03 -9.990004123704918637e-01 -1.277837448860860974e+02 1.458749544856032540e-03 9.999894710600510939e-01 4.350841160585980534e-03 3.447643291887792505e-01 9.990085226450000633e-01 -1.650883966745460068e-03 4.448872064673348170e-02 2.879158147388357847e+01
4.458357847668092955e-02 4.332687403640254897e-03 -9.989962624304840055e-01 -1.284366275236673403e+02 1.525099669524239898e-03 9.999891347161933286e-01 4.405056249015932950e-03 3.450070862884546119e-01 9.990044937842932349e-01 -1.719962040660878320e-03 4.457648628332022689e-02 2.881726518519375446e+01
4.457049008565427961e-02 4.278125482340761759e-03 -9.989970816052881064e-01 -1.290761929566102424e+02 1.450481433784183262e-03 9.999894994052722641e-01 4.347089003367709918e-03 3.506228070744266123e-01 9.990051889340393343e-01 -1.642778606599111339e-03 4.456381672741760447e-02 2.884663500240768030e+01
4.503138781150695102e-02 4.249902328876883038e-03 -9.989765324780984779e-01 -1.297326490714040688e+02 1.540148439266002560e-03 9.999894669944873193e-01 4.323637689039303011e-03 3.548634493811873014e-01 9.989843852906586941e-01 -1.733271552891083814e-03 4.502436801521203513e-02 2.886195050404368700e+01
4.506751191884172947e-02 4.305723366732067472e-03 -9.989746644013223209e-01 -1.303857698948239090e+02 1.572859202610349741e-03 9.999891661828661515e-01 4.381053620409507826e-03 3.554627421804036902e-01 9.989827052974310506e-01 -1.768689680333096004e-03 4.506025136903768491e-02 2.889665002672161620e+01
4.523020998943527715e-02 4.358598289756338701e-03 -9.989670819027324233e-01 -1.310554776761174480e+02 1.466156254193742153e-03 9.999891151614354046e-01 4.429440651782093341e-03 3.553526369908240889e-01 9.989755144597639580e-01 -1.664986365681208865e-03 4.522332727975930666e-02 2.892009580980512951e+01
4.502945591992169039e-02 4.414569264942019844e-03 -9.989759054540611194e-01 -1.317000306180108851e+02 1.581621689958120436e-03 9.999886676075282477e-01 4.490337331451042455e-03 3.560543350704691856e-01 9.989844075722033034e-01 -1.782199406743849475e-03 4.502196344995323951e-02 2.895812883152318662e+01
4.508958871788459888e-02 4.349882209942724023e-03 -9.989734768821501021e-01 -1.323504264328720126e+02 1.424606856955081251e-03 9.999892231497783390e-01 4.418606070458445771e-03 3.620836806929111362e-01 9.989819315105530340e-01 -1.622377595505889109e-03 4.508290592211727787e-02 2.897775473264929857e+01
4.487119612591938811e-02 4.404240742872056642e-03 -9.989830721397174873e-01 -1.329983620949978160e+02 1.474376571367259393e-03 9.999889006822780813e-01 4.474899549125479527e-03 3.624794004047205975e-01 9.989916926441155809e-01 -1.673671332067886049e-03 4.486420457689110908e-02 2.900834085385288574e+01
4.512680080522302184e-02 4.289061465007084316e-03 -9.989720595696535144e-01 -1.336533055055057275e+02 1.632906384230154362e-03 9.999891305667539809e-01 4.367191899595210258e-03 3.710122499896379988e-01 9.989799324640241673e-01 -1.828305252670049934e-03 4.511930666662544720e-02 2.901953730391405983e+01
4.469131141661653039e-02 4.332306447790595580e-03 -9.989914503161203552e-01 -1.342915324940131256e+02 1.655614171772042467e-03 9.999889022793275739e-01 4.410698346022768820e-03 3.702236298303233086e-01 9.989994722849344644e-01 -1.851064295969334465e-03 4.468364281697456697e-02 2.905172217108226462e+01
4.412206786909533829e-02 4.272183179439479478e-03 -9.990170126568598263e-01 -1.349550286085570008e+02 1.556197486401771773e-03 9.999893492448942434e-01 4.345071478844146455e-03 3.745236577945990630e-01 9.990249353125968401e-01 -1.746381302654844087e-03 4.411494957503037107e-02 2.909100205702180730e+01
4.444575560159025329e-02 4.451763448389838354e-03 -9.990018801840182538e-01 -1.355870145932098580e+02 1.634207031830962062e-03 9.999884093039516086e-01 4.528865766357310918e-03 3.715687130208749078e-01 9.990104624959544877e-01 -1.833864758413001391e-03 4.443796534121502440e-02 2.910058997795204050e+01
4.442526541288482900e-02 4.440579567142216057e-03 -9.990028413603748714e-01 -1.362281619063528524e+02 1.496816290240843067e-03 9.999887027797209615e-01 4.511524567605427333e-03 3.753721668452157378e-01 9.990115891890283262e-01 -1.695749403277719679e-03 4.441811679904128507e-02 2.911867079790613033e+01
4.347819093573501714e-02 4.402527352951162917e-03 -9.990446760109690238e-01 -1.368789422213801288e+02 1.257905433052773029e-03 9.999892565842688485e-01 4.461433621931408175e-03 3.784737410925238521e-01 9.990535844422345768e-01 -1.450678788678087198e-03 4.347218586837808818e-02 2.915894574673080797e+01
4.275374714633572992e-02 4.157898496573103966e-03 -9.990769885174213272e-01 -1.375318016105868537e+02 1.169127159602991904e-03 9.999904471869649480e-01 4.211730819817950840e-03 3.883581362024576267e-01 9.990849564709860520e-01 -1.348115316329010285e-03 4.274847761572342364e-02 2.919554859178497352e+01
4.178584200027479767e-02 4.316473858776489515e-03 -9.991172661213270079e-01 -1.381851896345263810e+02 1.315070218570747870e-03 9.999895638681010057e-01 4.375242302466215809e-03 3.869319909004866886e-01 9.991257248207796593e-01 -1.496732545099753496e-03 4.177972945149532880e-02 2.922526180893325787e+01
4.135891410953451697e-02 4.125604758968027912e-03 -9.991358364151757820e-01 -1.388440397909134560e+02 1.116219186370391017e-03 9.999906602516193121e-01 4.175340017111215697e-03 3.958984613934279362e-01 9.991437305405105329e-01 -1.287942119542652940e-03 4.135392274849603034e-02 2.924316701645210870e+01
4.061667735666407708e-02 4.259139348841045787e-03 -9.991657246185500219e-01 -1.395035519762892591e+02 1.188109123322894775e-03 9.999900020019989455e-01 4.310950330632366129e-03 3.935882347779433577e-01 9.991740958998166500e-01 -1.362214391810729957e-03 4.061121094888719973e-02 2.927232016170469819e+01
4.057797667215068405e-02 4.412826922826584147e-03 -9.991666301312029930e-01 -1.401587689296970893e+02 1.239022102637619537e-03 9.999892562970758014e-01 4.466779001732800250e-03 3.906881358101648716e-01 9.991756065043944091e-01 -1.419242393082475236e-03 4.057207312433153135e-02 2.929314973687265322e+01
4.016432385889101564e-02 4.250417237372066705e-03 -9.991840476320000830e-01 -1.408065277572459877e+02 1.287971241248081792e-03 9.999899013409239146e-01 4.305617987104163463e-03 4.009108965135295688e-01 9.991922578858588588e-01 -1.459852553310588301e-03 4.015844383791233874e-02 2.932199749796308552e+01
3.975650046479117794e-02 4.056925772938212854e-03 -9.992011619409107981e-01 -1.414574349138023024e+02 1.176865821440105202e-03 9.999908739013725345e-01 4.106957609656226166e-03 4.080281075115980149e-01 9.992087047547332235e-01 -1.339203958348673170e-03 3.975136318576455441e-02 2.934343983787014665e+01
3.939126458381692064e-02 4.119245913247875437e-03 -9.992153722234229374e-01 -1.420869362427526994e+02 1.156192022698248343e-03 9.999906453642588566e-01 4.168021590591984224e-03 4.106905395574386164e-01 9.992231940334923568e-01 -1.319468483588252415e-03 3.938613345362096396e-02 2.937200448183962465e+01
3.935239547345548150e-02 4.214680626570283667e-03 -9.992165057872676170e-01 -1.427338442948375246e+02 1.207558400003492420e-03 9.999901736014552567e-01 4.265501522910539189e-03 4.106183130496752209e-01 9.992246648142805165e-01 -1.374469987807755205e-03 3.934691930813993821e-02 2.939186922823868642e+01
3.898066732021088221e-02 4.317144357164432768e-03 -9.992306389617316986e-01 -1.433764009823226218e+02 1.190156443891173541e-03 9.999897570091669241e-01 4.366852915585784332e-03 4.092172373967469245e-01 9.992392561858797206e-01 -1.359463624632542512e-03 3.897512996441698796e-02 2.941885668218824179e+01
3.906702997883404471e-02 4.351403968425208296e-03 -9.992271175524295446e-01 -1.440085566243730568e+02 1.323446119001087887e-03 9.999894157147740659e-01 4.406466701900563221e-03 4.135371138471514718e-01 9.992357157643051435e-01 -1.494570817469290580e-03 3.906085763355160445e-02 2.943559164190039112e+01
3.877617565881263939e-02 4.332861327255075820e-03 -9.992385273366893861e-01 -1.446560291151580202e+02 1.140534937583387136e-03 9.999897556815752209e-01 4.380378061277324236e-03 4.145043855566746260e-01 9.992472703897333774e-01 -1.309520760562966121e-03 3.877083664359848303e-02 2.946742104124552952e+01
3.859555956484295169e-02 4.444550598002602534e-03 -9.992450293856149912e-01 -1.453033452984070664e+02 1.161112804772003113e-03 9.999892336361521084e-01 4.492708407598541495e-03 4.126070664780654429e-01 9.992542392198950907e-01 -1.333634793677354732e-03 3.858998340639496760e-02 2.949888384695315224e+01
3.915429066081355103e-02 4.505722782458534796e-03 -9.992230181421245527e-01 -1.459508943585796601e+02 1.240240915350716540e-03 9.999888441844537734e-01 4.557774578895435608e-03 4.135809994174609594e-01 9.992324070632020439e-01 -1.417733701288633298e-03 3.914826568102103277e-02 2.951219151634667170e+01
3.935757907030790204e-02 4.192673084386438868e-03 -9.992163942120506626e-01 -1.465933664015097122e+02 1.101537159621960270e-03 9.999904073930258042e-01 4.239308648373843122e-03 4.265159283634252785e-01 9.992245831571653358e-01 -1.267522914059853508e-03 3.935258314331979701e-02 2.954257438009168268e+01
4.023713558431751824e-02 4.207836691674055225e-03 -9.991812983790006042e-01 -1.472353232143999548e+02 1.117458477067002865e-03 9.999903177904522211e-01 4.256243872526860490e-03 4.265332391317726013e-01 9.991895336754289536e-01 -1.287802673779212545e-03 4.023204391715795580e-02 2.955939919434172936e+01
4.109586301599255087e-02 4.050555527086441288e-03 -9.991469977149972648e-01 -1.478636118478092385e+02 1.262122064836883112e-03 9.999907743212615996e-01 4.105888485708710477e-03 4.399576817201000800e-01 9.991544110350832897e-01 -1.429780502599250916e-03 4.109037158325723471e-02 2.958686876124751919e+01
4.139572529867818762e-02 4.179239679417230333e-03 -9.991340890404544206e-01 -1.485025545337809945e+02 1.258638591998523628e-03 9.999902403887640512e-01 4.234968254492276624e-03 4.361779013503350177e-01 9.991420368275431008e-01 -1.432858305559190325e-03 4.139006114014676108e-02 2.960816753194858819e+01
4.164421640763926735e-02 4.390940979803247511e-03 -9.991228547466548537e-01 -1.491336500877924038e+02 1.540074667321154498e-03 9.999888729570042267e-01 4.458938461050086094e-03 4.342185156781104838e-01 9.991313163993071900e-01 -1.724412796357231714e-03 4.163699065368409169e-02 2.963378595090265577e+01
4.183080313305698184e-02 4.457001822603922844e-03 -9.991147677038891839e-01 -1.497677351239553047e+02 1.340794985035469828e-03 9.999888992588794601e-01 4.517037505123604191e-03 4.305672513643120647e-01 9.991238092338963206e-01 -1.528559376633713447e-03 4.182436285444857127e-02 2.964899448072963040e+01
4.149386903410035021e-02 4.605743338058767428e-03 -9.991281429130525193e-01 -1.504030389494647864e+02 1.594883546129464199e-03 9.999877958830440949e-01 4.675941770987328966e-03 4.275810669466706959e-01 9.991374856240033964e-01 -1.787515951063343468e-03 4.148601701380216777e-02 2.967945226744497589e+01
4.056540006339415250e-02 4.408402222360495969e-03 -9.991671603428242676e-01 -1.510352946212788083e+02 1.459381023350223927e-03 9.999889388802365442e-01 4.471277692933597718e-03 4.415693428074055071e-01 9.991758196257183311e-01 -1.639544761367429980e-03 4.055851782609920519e-02 2.970698661418976627e+01
4.074519007431021134e-02 4.345837172144586744e-03 -9.991601188924036370e-01 -1.516553552065872168e+02 1.370003757749126312e-03 9.999893581016443544e-01 4.405311925958822067e-03 4.449957338752582037e-01 9.991686307003001533e-01 -1.548348389235475403e-03 4.073880265488261099e-02 2.972625573273142763e+01
4.042760890124064144e-02 4.206118053342083364e-03 -9.991736170503353609e-01 -1.522797009868409646e+02 1.464951675332879606e-03 9.999898154627656632e-01 4.268827395540469513e-03 4.527263242068721993e-01 9.991813961214037754e-01 -1.636319548660113881e-03 4.042103540506358783e-02 2.976318803472369368e+01
4.000577319921982955e-02 4.421281604987681475e-03 -9.991896668699604689e-01 -1.529068045875876294e+02 1.330827441098057090e-03 9.999890876868549050e-01 4.478102894489304972e-03 4.467595525659748823e-01 9.991985623533767846e-01 -1.508898996291879128e-03 3.999945268081028793e-02 2.979704612354662885e+01
4.063066468351561600e-02 4.667109384672112754e-03 -9.991633335833374208e-01 -1.535450803954971093e+02 1.307278136873758463e-03 9.999879867782246468e-01 4.724121411012265417e-03 4.409174448034096083e-01 9.991733784039928956e-01 -1.498128574134455085e-03 4.062407536826884158e-02 2.980843786028323450e+01
4.026835398016814782e-02 4.035653558967031672e-03 -9.991807509995775938e-01 -1.541733112603892835e+02 1.550067351572140565e-03 9.999903878851218453e-01 4.101393491125567350e-03 4.659693405752535211e-01 9.991876985626542140e-01 -1.713953825356379643e-03 4.026171138129974736e-02 2.983122311169015362e+01
4.012620974587099987e-02 3.934638572815636788e-03 -9.991868723670923602e-01 -1.548019168160487311e+02 1.543686153044376711e-03 9.999908092861531372e-01 3.999797030528823641e-03 4.693416424506143270e-01 9.991934268821486276e-01 -1.702927633764711197e-03 4.011976711027731568e-02 2.984695638575414733e+01
3.953730147519740612e-02 4.062437939825990808e-03 -9.992098370162519894e-01 -1.554368597382453174e+02 1.389258608675882252e-03 9.999905453334361205e-01 4.120582999425674402e-03 4.689156206207462652e-01 9.992171294331267939e-01 -1.551077600250319816e-03 3.953128388631499401e-02 2.988687242261299915e+01
3.928700765508530424e-02 4.211354299736921533e-03 -9.992190928542508122e-01 -1.560644052059472529e+02 1.478561307991367417e-03 9.999897787390423787e-01 4.272736113974513056e-03 4.695346849615328888e-01 9.992268735807541269e-01 -1.645269705318405228e-03 3.928037934680594923e-02 2.990705607888460094e+01
3.866031723816598653e-02 4.138705157714899635e-03 -9.992438396060605577e-01 -1.566898399947844780e+02 1.408151965426908837e-03 9.999902041345535286e-01 4.196277275897026572e-03 4.724359150410983310e-01 9.992514183022644936e-01 -1.569316587387492015e-03 3.865411060109802399e-02 2.994505429649022332e+01
3.872226271495693428e-02 4.291619364973799436e-03 -9.992407959913669480e-01 -1.573197690417442516e+02 1.581102504307599181e-03 9.999892621773583956e-01 4.356104320739619291e-03 4.701400261467993946e-01 9.992487610625822025e-01 -1.748580340869708557e-03 3.871506143204217487e-02 2.995524403000733216e+01
3.778815304060101354e-02 4.411017660055174296e-03 -9.992760371453840440e-01 -1.579564267699254287e+02 1.229931326344345507e-03 9.999892947591377812e-01 4.460676636429234190e-03 4.693288878530220143e-01 9.992850157781375531e-01 -1.397601633152365007e-03 3.778232326051988998e-02 2.998370407988366537e+01
3.781195426663264136e-02 4.071013997118518024e-03 -9.992765798114022768e-01 -1.585879994113676048e+02 1.555667172954475989e-03 9.999902499386685850e-01 4.132786861931315656e-03 4.855384379185012644e-01 9.992836614366240600e-01 -1.710810519731909528e-03 3.780525245492349917e-02 2.999885594807929934e+01
3.709199803678620011e-02 4.094182286454870270e-03 -9.993034680981772722e-01 -1.592131132117948198e+02 1.320745750992106515e-03 9.999905330276862570e-01 4.146020461264290913e-03 4.833302245856909707e-01 9.993109822834435052e-01 -1.473609992252034734e-03 3.708623951400902286e-02 3.004447434891102731e+01
3.760986809154587274e-02 4.582711951010658841e-03 -9.992819905178471629e-01 -1.598328071686372027e+02 1.269769591030954449e-03 9.999884579935465201e-01 4.633741994835218793e-03 4.713797299934207041e-01 9.992916919034813272e-01 -1.443132309620454240e-03 3.760361500992581707e-02 3.004555280071895851e+01
3.651344979536441659e-02 4.349501625923773290e-03 -9.993236962164200321e-01 -1.604584676964858261e+02 1.366210159854753430e-03 9.999893764775996674e-01 4.402317769141386207e-03 4.825775940786570795e-01 9.993322277670428910e-01 -1.526029995601263902e-03 3.650711956060104235e-02 3.008235115976327378e+01
3.545681613062201532e-02 4.463306938876220042e-03 -9.993612425349750472e-01 -1.610794420545259413e+02 1.700633362667306782e-03 9.999883095021018242e-01 4.526445105642784919e-03 4.838943334890358217e-01 9.993697624183180972e-01 -1.860040402247763180e-03 3.544881117409948157e-02 3.010864189555201875e+01
3.465637429110723922e-02 4.287586692253427673e-03 -9.993900901656728175e-01 -1.617018484625405392e+02 1.303488436651004849e-03 9.999897527284296039e-01 4.335361118714582684e-03 4.888877873482707082e-01 9.993984373806529264e-01 -1.452941323851846076e-03 3.465043033815373708e-02 3.011311087846237200e+01
3.365027976218259997e-02 4.300329057190227684e-03 -9.994244172732259512e-01 -1.623022220932286075e+02 9.991784648004150421e-04 9.999900985677021570e-01 4.336405072502120400e-03 4.865472275779564315e-01 9.994331695087584899e-01 -1.144524598786955845e-03 3.364564978003026230e-02 3.012287629637296149e+01
3.112810000258670051e-02 4.367178023439342686e-03 -9.995058624872297237e-01 -1.629254661070149837e+02 1.385330986029868804e-03 9.999893055832219657e-01 4.412434389841895545e-03 4.909116456920731286e-01 9.995144432414613256e-01 -1.521997140963919333e-03 3.112171711867428581e-02 3.016099957933970543e+01
2.935966433593484304e-02 4.492962298548328938e-03 -9.995588143775561152e-01 -1.635224980187448409e+02 1.298435369827001832e-03 9.999888827728963259e-01 4.533033885262344881e-03 4.883114503231503756e-01 9.995680688055578189e-01 -1.430950872104883378e-03 2.935350411671500126e-02 3.017127426239477472e+01
2.808884582460124957e-02 4.220868791015448471e-03 -9.995965191050292242e-01 -1.641569890137817254e+02 1.247228354209862361e-03 9.999901586757637961e-01 4.257578308532924613e-03 5.010571149873638275e-01 9.996046524309870618e-01 -1.366315582091820816e-03 2.808330500592648438e-02 3.017829741125823872e+01
2.588993015962193223e-02 4.552932405198905665e-03 -9.996544314526113473e-01 -1.647620725380473345e+02 1.401988218237233035e-03 9.999884795922346914e-01 4.590763754177780431e-03 4.937323254302291020e-01 9.996638164629977341e-01 -1.520358288180188129e-03 2.588324873947900340e-02 3.020487224049291086e+01
2.377883588406282112e-02 4.508071010977203301e-03 -9.997070792285904783e-01 -1.653770509242788478e+02 1.521205209088208853e-03 9.999885120108359393e-01 4.545523189478291662e-03 4.976061350287000473e-01 9.997160861458171954e-01 -1.628846866414697349e-03 2.377170501194902918e-02 3.021763631480046897e+01
2.158352203518998369e-02 4.687138719982142029e-03 -9.997560614005681634e-01 -1.659866738397659276e+02 1.502849716276248278e-03 9.999877282855946792e-01 4.720669544238223318e-03 4.981195021961549174e-01 9.997659191127127309e-01 -1.604371788350220226e-03 2.157621310327628716e-02 3.023112462558239955e+01
1.882476990032533326e-02 4.963585874014408116e-03 -9.998104774673404194e-01 -1.665953963733656735e+02 1.721615203242541194e-03 9.999860335552229751e-01 4.996872580371155073e-03 4.927704281029925970e-01 9.998213160756734830e-01 -1.815353894915689098e-03 1.881596160031273612e-02 3.024954228438818760e+01
1.627768230203840982e-02 4.626275724872349650e-03 -9.998568070637875449e-01 -1.672054784428099481e+02 1.940337770158007341e-03 9.999872668011797749e-01 4.658468079087523667e-03 5.059418832258240073e-01 9.998656270460607454e-01 -2.015888990901029167e-03 1.626849849754918864e-02 3.026048113779100390e+01
1.291287091078319182e-02 4.079238658264447946e-03 -9.999083045843806250e-01 -1.678217121243076235e+02 1.694681348143733642e-03 9.999901530011368056e-01 4.101457776364958625e-03 5.211984131658993213e-01 9.999151893135587166e-01 -1.747487548445401983e-03 1.290583074808926423e-02 3.026792531543999942e+01
1.020512761822112147e-02 5.021805685378638237e-03 -9.999353163269882883e-01 -1.684352647234047140e+02 2.276670261491585065e-03 9.999846807993144626e-01 5.045288813704545787e-03 5.027979952866324931e-01 9.999453345772538748e-01 -2.328010814311473435e-03 1.019353828816016438e-02 3.025515972440114965e+01
5.588570403171622125e-03 4.720245400698602420e-03 -9.999732432241406066e-01 -1.690390201866628672e+02 1.953464102068487585e-03 9.999868996476504179e-01 4.731227227871632329e-03 5.118461743423028398e-01 9.999824757758764004e-01 -1.979852630123722125e-03 5.579276360986984429e-03 3.027156515799540415e+01
1.200537034331095043e-03 4.681776599221777573e-03 -9.999883197711383342e-01 -1.696242527854996638e+02 1.821359152298213145e-03 9.999873715106865069e-01 4.683958794281874866e-03 5.151839613588433675e-01 9.999976206780032406e-01 -1.826961144406291171e-03 1.191994676703944656e-03 3.029262654414923617e+01
-3.216380252967443454e-03 4.746299019551892054e-03 -9.999835636367657710e-01 -1.702254691035162182e+02 2.040973644525842599e-03 9.999866845135088056e-01 4.739749177183449902e-03 5.193862797470201187e-01 9.999927446360052929e-01 -2.025695262684157946e-03 -3.226024496507662320e-03 3.028686262593244294e+01
-8.096466361382059773e-03 4.783924325479303394e-03 -9.999557796725352388e-01 -1.708215886137887196e+02 1.846071110405099469e-03 9.999869236437879394e-01 4.769126008848452621e-03 5.188002006111755993e-01 9.999655190324888698e-01 -1.807376408232241058e-03 -8.105191953595491938e-03 3.026802810712670677e+01
-1.339695972883059305e-02 5.244014124033280141e-03 -9.998965055373938426e-01 -1.714199919836852928e+02 1.803158648601680411e-03 9.999847483353493383e-01 5.220317574250409737e-03 5.089215034754375200e-01 9.999086308702973547e-01 -1.733035647352411867e-03 -1.340621119231455438e-02 3.025432145830026087e+01
-1.756024493885499638e-02 5.593827734252376782e-03 -9.998301590215046275e-01 -1.720101154417528164e+02 1.846592911321315051e-03 9.999828255887576178e-01 5.562249737667375980e-03 5.019330535906745272e-01 9.998441017940284947e-01 -1.748604816369853402e-03 -1.757027287462809007e-02 3.022110442142104247e+01
-2.336080537463058882e-02 5.587846062498179854e-03 -9.997114827532145309e-01 -1.726080443095805776e+02 1.935212043958312207e-03 9.999827585777800731e-01 5.544141188518867010e-03 5.053644788256905773e-01 9.997252261129523365e-01 -1.805138098632980874e-03 -2.337121626812166397e-02 3.021528610629849254e+01
-2.867896984335716049e-02 5.750367041019473560e-03 -9.995721334489162668e-01 -1.732074393003404396e+02 2.203541343607553701e-03 9.999813868297769970e-01 5.689499059056777469e-03 5.076847086495868133e-01 9.995862449505152902e-01 -2.039429550034196729e-03 -2.869110720832557249e-02 3.020315592544580241e+01
-3.430694022061997472e-02 5.662560073584082046e-03 -9.993953018031012103e-01 -1.738073730496898577e+02 2.077715136019304271e-03 9.999821918282003619e-01 5.594562206453254638e-03 5.103158005042264245e-01 9.994091839444503300e-01 -1.884526434245551493e-03 -3.431809446350819748e-02 3.018185312872556025e+01
-4.048012815992541036e-02 5.709232871971455826e-03 -9.991640325212719498e-01 -1.743887011566226590e+02 1.836366653974422225e-03 9.999824116844818755e-01 5.639510546093316756e-03 5.090649398630976430e-01 9.991786561880052764e-01 -1.606543401507570887e-03 -4.048990042752498297e-02 3.016013891383749979e+01
-4.685767438333976465e-02 6.247904521161536107e-03 -9.988820360985972702e-01 -1.749796781598698487e+02 2.086468521241345835e-03 9.999788694625888485e-01 6.156888616219786253e-03 5.001132733558328880e-01 9.988993968365857956e-01 -1.795638442759866973e-03 -4.686972031160552277e-02 3.013127404238134233e+01
-5.252396825351079990e-02 6.012174254657599165e-03 -9.986015654502231609e-01 -1.755598168722342223e+02 1.864785232858561306e-03 9.999807237237867685e-01 5.922394523074223788e-03 5.079683952030815686e-01 9.986179225984981311e-01 -1.551109790846303110e-03 -5.253416720075820834e-02 3.008951919242654327e+01
-5.966734862423495045e-02 5.954499379396075570e-03 -9.982005567245969546e-01 -1.761500003601425419e+02 1.852031523155639112e-03 9.999811477185495123e-01 5.854416002449699605e-03 5.151547407025326430e-01 9.982165984832108707e-01 -1.499381416875996981e-03 -5.967725167914061934e-02 3.004077039699189910e+01
-6.710214715520845807e-02 6.156644401506185249e-03 -9.977271157871148155e-01 -1.767453242880148139e+02 1.720371051694038426e-03 9.999801893987584345e-01 6.054843802095897370e-03 5.077832406575648605e-01 9.977446277332722158e-01 -1.310167827680298967e-03 -6.711140953413274879e-02 3.001822198394975416e+01
-7.542021101473173061e-02 6.070918423002782775e-03 -9.971333590448148154e-01 -1.773321605542197688e+02 1.623076711244077729e-03 9.999808890897277092e-01 5.965490533651945058e-03 5.138325287128591157e-01 9.971505189250435830e-01 -1.168505378215806134e-03 -7.542862323215460130e-02 2.996067038404748573e+01
-8.345816029174923933e-02 6.084474500445436265e-03 -9.964927067724936860e-01 -1.779115707298604434e+02 1.514351373052319222e-03 9.999809793051903650e-01 5.978943698624485104e-03 5.153900882765625191e-01 9.965101315193120035e-01 -1.010048457162403355e-03 -8.346578689186712197e-02 2.991335121931761876e+01
-9.326608477531950214e-02 5.788299767034607059e-03 -9.956243935423090274e-01 -1.784946822765473371e+02 1.578671014662211790e-03 9.999827033634595130e-01 5.665754295313791926e-03 5.279641372497536622e-01 9.956399676733107551e-01 -1.043340651153022366e-03 -9.327360940681583834e-02 2.984851695718104381e+01
-1.041257715288146368e-01 5.784653483241114502e-03 -9.945473148561654320e-01 -1.790666210589355956e+02 1.502614373929960553e-03 9.999828590710170273e-01 5.658949920069692233e-03 5.312549192045571411e-01 9.945630024556377791e-01 -9.051785643861410928e-04 -1.041326788198317921e-01 2.979536531792790655e+01
-1.160891490101951806e-01 5.646236415085662680e-03 -9.932227491839050737e-01 -1.796357093112178802e+02 1.669200154018901823e-03 9.999835390514845157e-01 5.489571651224260662e-03 5.388695610932561220e-01 9.932373952147267593e-01 -1.020607864491736641e-03 -1.160966627713837518e-01 2.974112674753027008e+01
-1.266562845272833915e-01 5.661378915619585256e-03 -9.919305088455128150e-01 -1.801997803831184228e+02 1.643252868452944968e-03 9.999835383636196395e-01 5.497519603009520979e-03 5.416522519346979037e-01 9.919453035877303648e-01 -9.336972469332878791e-04 -1.266635026347247006e-01 2.967558973164154068e+01
-1.396503244910196617e-01 5.754012499298947862e-03 -9.901841637845510968e-01 -1.807755755515094336e+02 1.526703568835781344e-03 9.999831788703776869e-01 5.595636917017901037e-03 5.405503249586576242e-01 9.901997051331442590e-01 -7.302851854590697647e-04 -1.396567600862272940e-01 2.960120285819903074e+01
-1.511767792134235400e-01 5.392949617780104163e-03 -9.884920320979204700e-01 -1.813368545915279526e+02 1.614818949165478922e-03 9.999851308554917884e-01 5.208687712492592742e-03 5.557435762490845477e-01 9.885054242574582428e-01 -8.088030322276492344e-04 -1.511832399812818029e-01 2.951309329349771460e+01
-1.646605419954065841e-01 5.812128973310349590e-03 -9.863331714317310484e-01 -1.819106352995001998e+02 1.611372881682936534e-03 9.999828894003310875e-01 5.623556170368103346e-03 5.466391595092517930e-01 9.863489795134453564e-01 -6.633727177949928951e-04 -1.646670900618036892e-01 2.940222988000988735e+01
-1.791054803562945885e-01 6.360849672526524071e-03 -9.838093140938364289e-01 -1.824957322902761234e+02 1.915965980837644120e-03 9.999794579846795761e-01 6.116590800986152279e-03 5.353947235019089756e-01 9.838280113824273698e-01 -7.894302438814903428e-04 -1.791139883403549682e-01 2.929920927134617159e+01
-1.940452414652067414e-01 6.067704322045047033e-03 -9.809738157713333573e-01 -1.830439632072054508e+02 1.920530450298021247e-03 9.999813044158728514e-01 5.805375226372574970e-03 5.491922891398979267e-01 9.809907011931860987e-01 -7.574846465362911931e-04 -1.940532668869843214e-01 2.918591669495505769e+01
-2.073427065482928988e-01 6.012380972117937691e-03 -9.782498930826800665e-01 -1.836000955147874834e+02 1.911542871738135252e-03 9.999816945039501359e-01 5.740789219097694462e-03 5.545751639279422607e-01 9.782665015449921730e-01 -6.796558354898135472e-04 -2.073504039611866467e-01 2.907737865867756355e+01
-2.224248763587595157e-01 5.779213912517603205e-03 -9.749327028381724602e-01 -1.841578277310699150e+02 1.779011738559645780e-03 9.999831720710036231e-01 5.521837741881455500e-03 5.619025304323903569e-01 9.749482086213734355e-01 -5.062226456436780264e-04 -2.224314146981232199e-01 2.893394774816632520e+01
-2.363125550880598169e-01 5.986732445729609289e-03 -9.716586516582745858e-01 -1.847091025875168668e+02 1.713962207367142852e-03 9.999820319507335409e-01 5.744398074110687591e-03 5.593308128000775703e-01 9.716755830220829004e-01 -3.079128210675716008e-04 -2.363185700455854299e-01 2.880019673374954081e+01
-2.523507695936739736e-01 5.749991240028537280e-03 -9.676187403550120525e-01 -1.852563582980351384e+02 1.845873866404961058e-03 9.999833854161015445e-01 5.460919466708375782e-03 5.709428185192580996e-01 9.676340640113647584e-01 -4.080349153520708774e-04 -2.523571906492025896e-01 2.865839530128606327e+01
-2.680589728852711406e-01 6.233764241202978743e-03 -9.633823369976629580e-01 -1.857891431197545558e+02 1.744861815664125113e-03 9.999805669679018294e-01 5.985076757892354542e-03 5.568133968359724184e-01 9.634009251152594322e-01 -7.661552535235746642e-05 -2.680646407438391776e-01 2.848722541064894642e+01
-2.848184064799963444e-01 6.381594337737234862e-03 -9.585602488022880729e-01 -1.863206103547825023e+02 1.910522056768256330e-03 9.999796327245097372e-01 6.089666790989234704e-03 5.596742954760060007e-01 9.585795873247388021e-01 -9.690130667433212788e-05 -2.848247976817865901e-01 2.833424292035856951e+01
-2.982775181055272729e-01 6.720018045260368715e-03 -9.544555325159357340e-01 -1.868588787162934466e+02 1.671946016264458205e-03 9.999773597376978573e-01 6.518021827326454451e-03 5.493145046847113244e-01 9.544777246166228357e-01 3.483812483209983504e-04 -2.982820005316786371e-01 2.813122397999642033e+01
-3.157059391640562040e-01 6.267620920182693720e-03 -9.488363804705962634e-01 -1.873936753285846919e+02 1.825642226019740400e-03 9.999803452503636114e-01 5.998011622717215607e-03 5.633515968131861396e-01 9.488553245922181079e-01 1.613721306960107758e-04 -3.157111764762718931e-01 2.795217224661876543e+01
-3.308784298868112650e-01 6.756742372338555430e-03 -9.436491991562080406e-01 -1.879241900813421182e+02 1.946101586510824710e-03 9.999771258639319482e-01 6.477687668060378920e-03 5.519820920222001659e-01 9.436713820627676830e-01 3.068899213174106771e-04 -3.308840106356345512e-01 2.775396700540612116e+01
-3.511950611736733840e-01 6.293330280358342202e-03 -9.362811666381004594e-01 -1.884315342299911151e+02 2.138811017485234191e-03 9.999801938917833866e-01 5.919232347429330063e-03 5.730112127259338051e-01 9.362998742361613447e-01 7.627669168713087020e-05 -3.512015656104270356e-01 2.755557372029019092e+01
-3.673527115895047768e-01 6.423916441163439114e-03 -9.300595242162701393e-01 -1.889591875808041834e+02 2.191237445476179341e-03 9.999793499953452125e-01 6.041362540383303850e-03 5.731545080467077558e-01 9.300791276909161631e-01 1.813296549206147405e-04 -3.673592020805529490e-01 2.736371909140016356e+01
-3.855717673053071781e-01 6.496715652255336676e-03 -9.226549761112199377e-01 -1.894548346840063857e+02 2.298192222787737594e-03 9.999788710007413428e-01 6.080778288168308884e-03 5.747244483800916237e-01 9.226749864223962039e-01 2.241379407455844179e-04 -3.855785512611074051e-01 2.715878649100356768e+01
-4.012944041724324507e-01 6.285976397286587719e-03 -9.159275559129257394e-01 -1.899722652153643594e+02 2.049372048467036633e-03 9.999801096047705729e-01 5.964936633191347988e-03 5.787374032531532597e-01 9.159468332027246307e-01 5.166193606341564978e-04 -4.012993045724559948e-01 2.694674461267895538e+01
-4.177584441713395602e-01 6.283834649845838893e-03 -9.085364030932584489e-01 -1.904685893630682472e+02 2.221495979982547348e-03 9.999801578120095513e-01 5.894822972698519903e-03 5.844532163785477463e-01 9.085554178360025768e-01 4.443021066005263010e-04 -4.177641144431691878e-01 2.670488385523040265e+01
-4.324133710127142649e-01 6.750503419366452734e-03 -9.016502133715750267e-01 -1.909833187340955476e+02 2.380985198950423803e-03 9.999770370299193578e-01 6.344787021296154246e-03 5.748208491613571169e-01 9.016723393111846230e-01 5.967549315681738506e-04 -4.324195143661402341e-01 2.646314810168537690e+01
-4.519666526405488050e-01 6.680252192625102739e-03 -8.920098200869432947e-01 -1.914729779123302080e+02 2.766245661383193079e-03 9.999776466231707905e-01 6.087211095887356573e-03 5.863035655334399854e-01 8.920305447605698657e-01 2.836981281979043118e-04 -4.519750288782928838e-01 2.620491402632884714e+01
-4.674873470283296140e-01 6.822737465658663264e-03 -8.839734332104605130e-01 -1.919627288679164110e+02 2.812044662379218837e-03 9.999766336416621160e-01 6.230936968529905001e-03 5.841478668601863822e-01 8.839952900175602757e-01 4.271114183742809496e-04 -4.674956093939335311e-01 2.597597274595062800e+01
-4.849735043433782700e-01 6.873357926720186778e-03 -8.745018336377085033e-01 -1.924561059349990160e+02 3.030234159058688235e-03 9.999763180799726703e-01 6.179074377500242549e-03 5.881609450944883521e-01 8.745235947450727965e-01 3.467420260062294320e-04 -4.849828471236099503e-01 2.571073554637128566e+01
-4.999509879283297042e-01 6.752878970292771829e-03 -8.660273715622964774e-01 -1.929510477211619843e+02 2.890719225726767067e-03 9.999770419463257509e-01 6.128566115681501059e-03 5.903138810537541525e-01 8.660488747246574137e-01 5.605407111383040562e-04 -4.999590307037828918e-01 2.541324034775289675e+01
-5.180744682556461811e-01 7.356028602145828557e-03 -8.553038841165369055e-01 -1.934186026788849517e+02 3.295210847914624170e-03 9.999727621855015736e-01 6.604276839002488214e-03 5.774314486659604118e-01 8.553291687573257862e-01 6.031005743749669364e-04 -5.180845967046308065e-01 2.514234376689178774e+01
-5.353352789252951993e-01 7.682054182316318952e-03 -8.446047153441162969e-01 -1.938991571921999650e+02 3.497108388162063330e-03 9.999702270881761779e-01 6.878602339342558547e-03 5.681404145451417476e-01 8.446324107982698948e-01 7.286842672369971304e-04 -5.353462054113589108e-01 2.483937730518148612e+01
-5.501595018070095655e-01 7.131000619656613533e-03 -8.350291440432636714e-01 -1.943634828603994151e+02 3.559292099535835661e-03 9.999744790916391679e-01 6.194562547518722012e-03 5.927508553877861575e-01 8.350520067703647298e-01 4.358848097799007844e-04 -5.501708425509472811e-01 2.454854350824084364e+01
-5.667996407525774938e-01 6.786827672168270313e-03 -8.238277163417713211e-01 -1.948319378156059543e+02 3.342875910670000707e-03 9.999767821086613662e-01 5.938048859068961391e-03 6.022830080732965996e-01 8.238488893136870495e-01 6.117301325903527591e-04 -5.668091683828428984e-01 2.424457599297544164e+01
-5.836367841508061094e-01 7.128580986035782351e-03 -8.119835512614966833e-01 -1.952786927604085463e+02 3.677830411895882841e-03 9.999744146037066184e-01 6.135446311043437663e-03 5.959724326189564936e-01 8.120065133664676749e-01 5.945343555185649692e-04 -5.836480692843362128e-01 2.394593790630266028e+01
-5.974077234122134872e-01 7.067449704086339532e-03 -8.019065177201869510e-01 -1.957238569241814332e+02 3.798360710301807580e-03 9.999748855633882050e-01 5.983368482987143529e-03 6.013762459980565023e-01 8.019286654455934915e-01 5.285803335144407394e-04 -5.974195645770903340e-01 2.361627787985443661e+01
-6.136130305023725917e-01 6.561354939338205454e-03 -7.895796333613571694e-01 -1.961594924525777515e+02 3.623694600623357694e-03 9.999783441414679119e-01 5.493640462323213722e-03 6.166264392405625960e-01 7.895985800614997441e-01 5.097739184028800448e-04 -6.136235185318570373e-01 2.327935662826546803e+01
-6.299078594830394007e-01 6.648478596499187918e-03 -7.766414142278581512e-01 -1.966088213049063995e+02 3.716499390696358790e-03 9.999777143314922956e-01 5.546032153111312910e-03 6.164660446184867526e-01 7.766609789308167588e-01 6.071018994230651875e-04 -6.299185306319454725e-01 2.293251931143188571e+01
-6.456467205241200880e-01 7.049234446775055028e-03 -7.636037064932069685e-01 -1.970230878706726116e+02 4.049355607473810979e-03 9.999749376992945749e-01 5.807468678885513436e-03 6.096539714712914115e-01 7.636255070357548247e-01 6.574701562929207224e-04 -6.456590839888962652e-01 2.256179185389830266e+01
-6.594702346841097018e-01 7.263013511133975877e-03 -7.516955887860612417e-01 -1.974389062971212354e+02 4.279758203943108755e-03 9.999733937318464605e-01 5.907241160579806971e-03 6.088017275980401877e-01 7.517184933440190786e-01 6.785743515282040457e-04 -6.594837725838660347e-01 2.220424075902913330e+01
-6.756728169854642196e-01 7.120389794532572085e-03 -7.371672431925483382e-01 -1.978578589031780552e+02 4.290010761348209654e-03 9.999743998106028764e-01 5.726738259427077357e-03 6.138322016214765586e-01 7.371891481801636781e-01 7.069459656761016390e-04 -6.756860661822223779e-01 2.183607110080900071e+01
-6.890290926087412338e-01 6.867660365396549213e-03 -7.247011416990323251e-01 -1.982668348619916969e+02 4.197356401544840090e-03 9.999761450985092948e-01 5.485565892725072223e-03 6.232770755980666655e-01 7.247215270281501809e-01 7.378855131925285936e-04 -6.890414819058112705e-01 2.145137732103218653e+01
-7.045318802721631801e-01 6.803494570484696150e-03 -7.096397270036390870e-01 -1.986701095723532262e+02 4.364740240349631456e-03 9.999766735452975119e-01 5.253704209015570142e-03 6.280422518857798897e-01 7.096589171727530898e-01 6.040090321680073766e-04 -7.045451415276982043e-01 2.105333396326782491e+01
-7.196307489008961777e-01 6.678865942708141559e-03 -6.943248360717445555e-01 -1.990754564266382829e+02 4.372787420208457815e-03 9.999775011117938428e-01 5.086845819376637282e-03 6.356189320883984806e-01 6.943431888961778542e-01 6.245157578285763338e-04 -7.196437632701024878e-01 2.063866059971305944e+01
-7.347863479353562433e-01 6.468566427267869769e-03 -6.782677793734550598e-01 -1.994608763399224927e+02 4.258519846567858889e-03 9.999788127559159356e-01 4.923316766700830925e-03 6.404546766296297378e-01 6.782852555500069602e-01 7.291691469836414016e-04 -7.347983263561621570e-01 2.023759098688386260e+01
-7.473562482278306440e-01 6.498930609818371132e-03 -6.643917535127528140e-01 -1.998470685024753948e+02 4.413886328004953605e-03 9.999786592144525033e-01 4.816505283837209384e-03 6.446567374309657428e-01 6.644088770044431769e-01 6.670956412289210172e-04 -7.473689845993749525e-01 1.980903984583597577e+01
-7.614101323090185502e-01 6.373123460712139081e-03 -6.482391485513019358e-01 -2.002065231263278804e+02 4.324425291054712246e-03 9.999793594538212149e-01 4.751843034819162696e-03 6.453584088360303506e-01 6.482560526235481291e-01 8.148396652063252810e-04 -7.614219764842982130e-01 1.938235078787797860e+01
-7.754823686217615641e-01 6.376926672764209568e-03 -6.313370183689470672e-01 -2.005859089724530406e+02 4.451611984865848880e-03 9.999793614830848609e-01 4.632467875560691145e-03 6.495433022553052105e-01 6.313535294171706003e-01 7.819297232433508431e-04 -7.754947514189824975e-01 1.893397871788075904e+01
-7.868237690603216983e-01 6.210918816487782067e-03 -6.171464825543163668e-01 -2.009331386330570695e+02 4.532984022402017192e-03 9.999805475468778182e-01 4.284458390397406780e-03 6.601696539658784557e-01 6.171610879645302861e-01 5.735985542142849579e-04 -7.868366174035981153e-01 1.849087322077299689e+01
-7.996583221825375176e-01 6.236994511513800112e-03 -6.004229073442084452e-01 -2.012827996026342419e+02 4.567885300743913975e-03 9.999803054982290274e-01 4.303840093192471718e-03 6.593506245748623762e-01 6.004379253412361894e-01 6.989385751766934596e-04 -7.996710631858452434e-01 1.803009393918293313e+01
-8.118970846015367560e-01 6.324663705653335577e-03 -5.837663253773174299e-01 -2.016255592809527286e+02 4.576680815965315785e-03 9.999795416578992624e-01 4.468809502157208846e-03 6.539487100794564300e-01 5.837826462033918196e-01 9.565012640801459978e-04 -8.119094205002783671e-01 1.756479394266885663e+01
-8.216353590322784672e-01 6.481214735815413706e-03 -5.699766053474891736e-01 -2.019509290676385831e+02 4.795463381026818413e-03 9.999785646707521902e-01 4.457996184770439060e-03 6.534363085660409576e-01 5.699932809418549740e-01 9.295453568525279334e-04 -8.216488274357662824e-01 1.708916223553182334e+01
-8.321466716731142910e-01 6.514600753092693840e-03 -5.545173367897399119e-01 -2.022665760279564608e+02 4.883091974328990746e-03 9.999783089197586960e-01 4.420079495878448048e-03 6.548189548070137977e-01 5.545341037629049064e-01 9.703952841215632806e-04 -8.321604329075400486e-01 1.659997868099221563e+01
-8.419275772120409229e-01 6.631991384167752572e-03 -5.395497858586758566e-01 -2.025858182820052775e+02 5.018057511520506754e-03 9.999774584619370854e-01 4.461128424072536604e-03 6.521343050973834599e-01 5.395672097419131896e-01 1.048455189943751920e-03 -8.419418785836947361e-01 1.610453774938782701e+01
-8.497536311116484775e-01 6.389859241512277528e-03 -5.271412866693732102e-01 -2.028968558301135374e+02 5.007311907886206719e-03 9.999792633081640014e-01 4.049664321729248839e-03 6.640088084512129063e-01 5.271562322879488338e-01 8.016561202947099403e-04 -8.497680060507333266e-01 1.562785158359478643e+01
-8.576969477717784063e-01 6.403549843556134366e-03 -5.141156876933207220e-01 -2.031953808342570937e+02 4.976116974096927298e-03 9.999789928415615536e-01 4.153568999834804203e-03 6.617516823892968247e-01 5.141314851697326160e-01 1.004203653337542440e-03 -8.577107948091753364e-01 1.512172231312858273e+01
-8.639078413094083420e-01 6.174398323665671734e-03 -5.036120714691616485e-01 -2.034925863086113509e+02 4.867997443861888859e-03 9.999805097495324535e-01 3.909312209546538831e-03 6.701240724740753496e-01 5.036263935945035630e-01 9.257031953439917929e-04 -8.639210604844573815e-01 1.463571900932312531e+01
-8.704899509363437371e-01 6.011831314669093332e-03 -4.921494724197982285e-01 -2.037801067760930209e+02 4.836678902450939135e-03 9.999816040107494253e-01 3.660352070963668932e-03 6.829047343097587319e-01 4.921624242625968204e-01 8.059307245577101118e-04 -8.705030147102481575e-01 1.413719086575807360e+01
-8.757456022283161001e-01 6.262897122207549544e-03 -4.827322407892403744e-01 -2.040432031085368578e+02 5.033826958882211405e-03 9.999799515004523798e-01 3.841507946239763709e-03 6.736384708130888077e-01 4.827466217011907590e-01 9.341931222381055343e-04 -8.757595711833803254e-01 1.363927244767320879e+01
-8.803980522621004390e-01 6.177976064980181779e-03 -4.741952152698729051e-01 -2.043180265420055548e+02 4.989395634877065618e-03 9.999804663039945085e-01 3.764696753312909983e-03 6.757280550136774977e-01 4.742092106911244831e-01 9.484841518270436481e-04 -8.804116792009946124e-01 1.312365024903511568e+01
-8.838009704270108902e-01 6.176041498999253546e-03 -4.678222965867240291e-01 -2.045928305463223467e+02 5.007254027918508696e-03 9.999804629199032791e-01 3.741815815331422934e-03 6.801140285564555299e-01 4.678362663148016853e-01 9.645153698150871809e-04 -8.838146285453345463e-01 1.260058824751593320e+01
-8.873374969632030762e-01 6.133033139100677565e-03 -4.610797679226364965e-01 -2.048598469507505513e+02 4.977980407304836465e-03 9.999806860367497219e-01 3.721191279124096661e-03 6.805768960206011187e-01 4.610936848343751837e-01 1.006706504415730329e-03 -8.873508890781998115e-01 1.206979568650758594e+01
-8.903962361474688780e-01 6.432569085351085535e-03 -4.551408185489226876e-01 -2.051271293181460464e+02 5.253823300059621594e-03 9.999787689474192165e-01 3.854736714178187609e-03 6.770014024898011185e-01 4.551559512904921889e-01 1.041013624343181242e-03 -8.904111276795014795e-01 1.154898830426426493e+01
-8.931452812462696844e-01 6.269561232991729960e-03 -4.497245814823420118e-01 -2.053962500562624314e+02 5.147567513609530368e-03 9.999798406879429891e-01 3.717629138177484718e-03 6.843843231765969204e-01 4.497388232476876024e-01 1.005395276476710956e-03 -8.931595490415602523e-01 1.100923016572370727e+01
-8.950996391747834124e-01 6.298024021058026140e-03 -4.458216805434694341e-01 -2.056517244636844737e+02 5.141146682034136717e-03 9.999795475997852456e-01 3.804338697142889414e-03 6.820742363812870579e-01 4.458365222365334168e-01 1.113227541406323906e-03 -8.951137113040301685e-01 1.047859410666156421e+01
-8.973368168456401506e-01 6.187307077937260341e-03 -4.413030187574724650e-01 -2.059072145122698885e+02 5.105661052850558185e-03 9.999803465222452115e-01 3.638515420308068883e-03 6.890787260709227979e-01 4.413168582306234988e-01 1.011830209927611123e-03 -8.973507713492414606e-01 9.946790166919985410e+00
-8.991130476463755627e-01 6.084686553025880906e-03 -4.376741986244990223e-01 -2.061635399375185784e+02 5.053092966936387209e-03 9.999810324676736695e-01 3.521499162706355317e-03 6.963501831462076685e-01 4.376873242435899702e-01 9.546174295860969990e-04 -8.991267401774065693e-01 9.405009399630774425e+00
-9.011040263541791884e-01 6.006720325629041207e-03 -4.335613601316623544e-01 -2.064174552209204876e+02 5.031414290308634449e-03 9.999815726643737079e-01 3.396940082661598255e-03 7.008769258275289182e-01 4.335737752200040651e-01 8.795695626781698667e-04 -9.011176437063357358e-01 8.851395922367943925e+00
-9.030308237214339506e-01 6.134727679635139375e-03 -4.295319505290448037e-01 -2.066884414237799774e+02 5.113297432095839298e-03 9.999806890905712509e-01 3.532086538749255964e-03 6.983526204224521639e-01 4.295453242655075110e-01 9.932583968988461555e-04 -9.030447540622765779e-01 8.289199719753815643e+00
-9.044642971566581036e-01 6.038823717562523744e-03 -4.265065858542169130e-01 -2.069338382228453384e+02 4.999957457380729831e-03 9.999811793881158151e-01 3.555459882676631402e-03 6.980920177187051046e-01 4.265200295347648107e-01 1.083271739290027433e-03 -9.044774684468386283e-01 7.753969778946189884e+00
-9.061522124232881392e-01 6.017395576395002943e-03 -4.229089250309782111e-01 -2.071801389054623996e+02 5.014406183364119793e-03 9.999813581232238624e-01 3.484126384175529646e-03 7.025666180228911095e-01 4.229220065816019503e-01 1.036511702707796842e-03 -9.061654937109897556e-01 7.197737361276124624e+00
-9.080684866185240178e-01 6.067737861513302668e-03 -4.187777527132838240e-01 -2.074332836231722581e+02 5.121715237683476842e-03 9.999811612505098424e-01 3.383072140213409448e-03 7.102230378624675433e-01 4.187903910590217715e-01 9.272008012104118041e-04 -9.080824569692482751e-01 6.635349137584679369e+00
-9.094890217561024670e-01 5.947048285260116661e-03 -4.156854001788132802e-01 -2.076843488286178854e+02 4.977565023524727940e-03 9.999817779042927679e-01 3.415802366389100383e-03 7.096730678390618108e-01 4.156981394612729863e-01 1.037533643999462686e-03 -9.095020507796414133e-01 6.070344493300662059e+00
-9.111091354415179477e-01 5.858600101831348307e-03 -4.121235495817447414e-01 -2.079462091958303063e+02 4.945158790918572668e-03 9.999823841722625950e-01 3.282796017115200034e-03 7.171941240151509245e-01 4.121355222733689705e-01 9.529690468259566487e-04 -9.111220572077340929e-01 5.510506404560014282e+00
-9.126930295795627757e-01 5.858658309790448597e-03 -4.086038544601460765e-01 -2.081994394732732303e+02 4.932598747750796021e-03 9.999823230417234088e-01 3.320101455086092290e-03 7.170523216112785203e-01 4.086160829268383199e-01 1.014754594717775116e-03 -9.127057943536018847e-01 4.936057587763332144e+00
-9.139514864574742603e-01 5.873097203481416478e-03 -4.057809595476504216e-01 -2.084317627795687713e+02 4.911378243351494435e-03 9.999821206208930890e-01 3.411275757312704805e-03 7.131136227419518914e-01 4.057937391901508817e-01 1.124796772823669598e-03 -9.139639905741887560e-01 4.384636621487182140e+00
-9.150287605612643649e-01 6.068629836137626014e-03 -4.033429546646720709e-01 -2.086602754210803425e+02 5.089788078111311294e-03 9.999809260870007321e-01 3.498788290871854452e-03 7.137940239054582081e-01 4.033564941872582743e-01 1.148561751220298841e-03 -9.150421954220842036e-01 3.818593197994895938e+00
-9.163124723662547932e-01 6.074583050996304988e-03 -4.004179721575926165e-01 -2.088938229534944639e+02 5.080927181473596406e-03 9.999808148731840207e-01 3.543171536822937139e-03 7.121952117641969782e-01 4.004318133777817201e-01 1.212157712237917897e-03 -9.163257573094094610e-01 3.247247172404810645e+00
-9.176038512108004586e-01 6.080952608738854175e-03 -3.974496122258485142e-01 -2.091355716606526300e+02 5.057465639176282786e-03 9.999806466291127904e-01 3.623314577836093085e-03 7.121917496938550141e-01 3.974639534403284769e-01 1.314679653634468403e-03 -9.176168466920124889e-01 2.673624068324931269e+00
-9.186792003617600955e-01 6.027184075577189139e-03 -3.949584786718677298e-01 -2.093698584010757884e+02 5.053713298260595517e-03 9.999810873055872129e-01 3.504998293081498795e-03 7.186626215522089467e-01 3.949721342127519019e-01 1.223962113232653602e-03 -9.186922853230941044e-01 2.098494043761463423e+00
-9.198499313943431233e-01 6.160179523761600065e-03 -3.922220747256054407e-01 -2.095984252918305799e+02 5.116830305152820710e-03 9.999800438215195042e-01 3.705402318278438762e-03 7.114371708944317030e-01 3.922370734153665106e-01 1.401480269950968350e-03 -9.198630952982094211e-01 1.513991622009953186e+00
-9.210889086459141950e-01 6.145958836313218307e-03 -3.893038011109857810e-01 -2.098417643548266085e+02 5.109536193901073609e-03 9.999801099067325838e-01 3.697625021855942794e-03 7.126229777550006084e-01 3.893187832732488141e-01 1.416679533763266774e-03 -9.211019911007340966e-01 9.260506990448581499e-01
-9.220331231264429217e-01 6.221409660132697431e-03 -3.870609950893266760e-01 -2.100938908088834012e+02 5.167887026529927041e-03 9.999795680353366079e-01 3.762506550519928786e-03 7.114650574416215845e-01 3.870764947673521750e-01 1.468868170561692934e-03 -9.220464357205220285e-01 3.329749872454184079e-01
-9.230173246907180662e-01 6.095059262210067788e-03 -3.847101097883692811e-01 -2.103327675024519294e+02 5.069690672354654551e-03 9.999803796947112078e-01 3.679464921415751336e-03 7.148496434858078175e-01 3.847249882153167544e-01 1.445848612903880004e-03 -9.230301148741097972e-01 -2.653700729848330608e-01
-9.239402069683395613e-01 6.078087666121332819e-03 -3.824886283245886309e-01 -2.105831238770175275e+02 5.095687642746284801e-03 9.999806034487012107e-01 3.581437395661898459e-03 7.221442509635234153e-01 3.825029776547497207e-01 1.359991431747421733e-03 -9.239532577509297351e-01 -8.635398586767507600e-01
-9.245176803357384454e-01 5.992168440133473044e-03 -3.810920527431809202e-01 -2.108279673462926098e+02 5.010110617071146695e-03 9.999810803205161358e-01 3.569004429551021675e-03 7.234171772795737754e-01 3.811062286793945875e-01 1.390294356786437018e-03 -9.245302101842705067e-01 -1.466492488685077866e+00
-9.250208732431026704e-01 5.964286359390927675e-03 -3.798694662022620849e-01 -2.110673270789933724e+02 5.038817205072347247e-03 9.999814206219143076e-01 3.430558577238693695e-03 7.329614410019880122e-01 3.798828692975536048e-01 1.259245488847345181e-03 -9.250337398792851662e-01 -2.073129759445650588e+00
-9.254233838830649983e-01 5.963955523216039889e-03 -3.788878353773507679e-01 -2.113145952716434692e+02 5.026830120047717787e-03 9.999813708705924675e-01 3.462497756652357234e-03 7.343968248600788451e-01 3.789014272094544666e-01 1.299671607654198082e-03 -9.254361238423485236e-01 -2.674913456031497550e+00
-9.254862024542023224e-01 5.992067669658723665e-03 -3.787339226844372297e-01 -2.115615314229778789e+02 5.013275899880921711e-03 9.999810594286875354e-01 3.570412949685625517e-03 7.330547894415224697e-01 3.787481434035693817e-01 1.405670274936603355e-03 -9.254987131052248017e-01 -3.296015441368413068e+00
-9.254585667656585191e-01 6.006622708590791601e-03 -3.788012165815864973e-01 -2.117998968704008291e+02 5.024340044268780017e-03 9.999809641257506598e-01 3.581535041537420479e-03 7.343727103821610092e-01 3.788155186989742296e-01 1.411336165073608442e-03 -9.254711291677641949e-01 -3.899702099453362880e+00
-9.253812406956043457e-01 5.923571682848606523e-03 -3.789913860065730611e-01 -2.120483333530270613e+02 4.990652017692144560e-03 9.999816163163969263e-01 3.443896294113602506e-03 7.433771497578781640e-01 3.790048189154108793e-01 1.295502900212192358e-03 -9.253937912646341690e-01 -4.521106989613679517e+00
-9.252176125910973603e-01 6.000302444522468207e-03 -3.793894644317443166e-01 -2.122881608239595437e+02 4.963256771478763776e-03 9.999807953322140675e-01 3.711475309501010428e-03 7.308043618189637991e-01 3.794044483574908200e-01 1.550914996678770573e-03 -9.252296251359564128e-01 -5.138863733364138042e+00
-9.251829324461962045e-01 5.906844329449978219e-03 -3.794754942026217215e-01 -2.125503550084140727e+02 4.949755588924611462e-03 9.999816327001307403e-01 3.497739554446581672e-03 7.434028645697431381e-01 3.794891848654797784e-01 1.357737989626585460e-03 -9.251951767695747453e-01 -5.756875327812206677e+00
-9.250131312911831216e-01 5.923766019820585725e-03 -3.798889521097228439e-01 -2.127941443430034099e+02 4.958799469804366263e-03 9.999815144819975687e-01 3.518664819034568805e-03 7.460889116971479718e-01 3.799027734127498057e-01 1.371018027913060424e-03 -9.250254067120904367e-01 -6.363429087084900182e+00
-9.246750903177716197e-01 5.950139213512045840e-03 -3.807106160710020393e-01 -2.130517017619022511e+02 4.957355567547431889e-03 9.999812743711892216e-01 3.588249259641769842e-03 7.469914394460025475e-01 3.807248376079487850e-01 1.430646816037934319e-03 -9.246872721510175364e-01 -6.987042243779113981e+00
-9.241625138345339607e-01 5.913976660549308435e-03 -3.819537575454571843e-01 -2.132802677468641264e+02 4.971190014025587446e-03 9.999816746777819843e-01 3.455080095012125034e-03 7.563088784233930051e-01 3.819671913828200371e-01 1.294290800776537985e-03 -9.241749777604042482e-01 -7.584972901421748404e+00
-9.237483138093176560e-01 5.983323904757379720e-03 -3.829533294926337206e-01 -2.135175748528436941e+02 4.990314619205908804e-03 9.999811171405383892e-01 3.586380119590910215e-03 7.534290838752844000e-01 3.829675567126336055e-01 1.401854989510693990e-03 -9.237607294684835324e-01 -8.202612734356421242e+00
-9.235892216021839296e-01 5.840380196217381803e-03 -3.833390662317573971e-01 -2.137765963065682229e+02 4.882102333533080638e-03 9.999820525845325436e-01 3.472691410148808985e-03 7.597986153037066259e-01 3.833524681244102617e-01 1.335839806579473691e-03 -9.236011588964871954e-01 -8.830496039523179519e+00
-9.234403187166244642e-01 5.945753584201461314e-03 -3.836960069936293793e-01 -2.140333121363202622e+02 4.982097626172082502e-03 9.999814455804439950e-01 3.505309984702367244e-03 7.628475364850211271e-01 3.837097294463389652e-01 1.325333603859451745e-03 -9.234528071423337980e-01 -9.459812735488869251e+00
-9.227161072292138222e-01 5.892989523661774920e-03 -3.854351542532676866e-01 -2.142836933816025748e+02 4.917008767284125614e-03 9.999817239339815478e-01 3.517786634337276459e-03 7.638121419204810802e-01 3.854488402947253700e-01 1.350730356615822449e-03 -9.227282194898751566e-01 -1.007013575089728263e+01
-9.220198105395571719e-01 5.805671279882151405e-03 -3.870991644961137568e-01 -2.145454119406463747e+02 4.835059219887339298e-03 9.999822517626180129e-01 3.481143792537376783e-03 7.671299042524895029e-01 3.871125045447893487e-01 1.338036155748646532e-03 -9.220315170775381652e-01 -1.068589558097922598e+01
-9.217507603477486100e-01 5.785036176469734136e-03 -3.877396925190724208e-01 -2.147899123589609758e+02 4.743096504155359418e-03 9.999821114593206994e-01 3.644145566647935281e-03 7.590270443450062299e-01 3.877538379357451936e-01 1.519907166766124810e-03 -9.217617105566409119e-01 -1.128553954595606612e+01
-9.215934448876810237e-01 5.964862214189781825e-03 -3.881107351759589541e-01 -2.150341407847298001e+02 4.917527184117611444e-03 9.999810944578899630e-01 3.691700582944859935e-03 7.627536903919023281e-01 3.881254182174249667e-01 1.493701967054363077e-03 -9.216053540360880092e-01 -1.190042159436316993e+01
-9.215688538587332168e-01 6.007426198035278019e-03 -3.881684665554067659e-01 -2.152987077585615907e+02 4.990910531199782389e-03 9.999809680609101914e-01 3.626889581242094280e-03 7.703029153101649262e-01 3.881828672282823800e-01 1.405114386846407614e-03 -9.215812971431167622e-01 -1.251341889797397755e+01
-9.214085387118371440e-01 6.089520237334569708e-03 -3.885475807828380201e-01 -2.155601948954440843e+02 5.041704912547647841e-03 9.999803852435216189e-01 3.716226552954008527e-03 7.704734221758481327e-01 3.885625895534614571e-01 1.465220630888142443e-03 -9.214211670718288616e-01 -1.312038898461226921e+01
-9.212810547518264226e-01 6.029218343577896419e-03 -3.888506997313080360e-01 -2.158190863889246600e+02 5.073594740500748240e-03 9.999810587421361641e-01 3.484364126444687397e-03 7.832298898031511136e-01 3.888643424020407080e-01 1.237207792553586929e-03 -9.212941943402805922e-01 -1.370527348531176592e+01
-9.210798838924163512e-01 5.917576526924845683e-03 -3.893286911810906470e-01 -2.160685416651949708e+02 4.862256812765241958e-03 9.999813490337158273e-01 3.695949593343319378e-03 7.727535245570293920e-01 3.893433008893562586e-01 1.511248741208654758e-03 -9.210914776393399617e-01 -1.430800918150836765e+01
-9.208242186629631565e-01 5.982086680088166512e-03 -3.899320106924997198e-01 -2.163266357216159292e+02 4.856350615226348762e-03 9.999807084799204882e-01 3.872793139095583384e-03 7.663076677102670375e-01 3.899476556955379092e-01 1.672515156328006382e-03 -9.208355056743884326e-01 -1.490849504016664895e+01
-9.207539461398317471e-01 5.909049746068774887e-03 -3.900990307588915185e-01 -2.165781720197369111e+02 4.794750585382101700e-03 9.999811698328363585e-01 3.830188843383546156e-03 7.694831258906227323e-01 3.901143179053443433e-01 1.656233935917972256e-03 -9.207649406088382893e-01 -1.550081580161605999e+01
-9.207283725324681978e-01 5.774729062262068044e-03 -3.901613980367219514e-01 -2.168212346536586494e+02 4.784858943082805766e-03 9.999823959059360723e-01 3.508988902581145885e-03 7.880409891455897320e-01 3.901747930589656854e-01 1.363958386866331255e-03 -9.207397952075881964e-01 -1.610455567139175415e+01
-9.209920852842050643e-01 5.886859587752146794e-03 -3.895368066409716779e-01 -2.170747298688556555e+02 4.860047801015617702e-03 9.999816323690974285e-01 3.621444436571500010e-03 7.867706625635927375e-01 3.895509707075872630e-01 1.442154162848768503e-03 -9.210037792605125784e-01 -1.670125564995568013e+01
-9.215840115727818027e-01 5.987912364834155690e-03 -3.881327794955359844e-01 -2.173119726105925622e+02 4.955337742776582191e-03 9.999810198755685331e-01 3.661217894745411906e-03 7.879568187346757124e-01 3.881473357389875756e-01 1.450790863238520358e-03 -9.215961919217101617e-01 -1.728928493654382592e+01
-9.222597865115202964e-01 6.046555460946722096e-03 -3.865233826701598985e-01 -2.175665806279409935e+02 5.033883938554887735e-03 9.999807337580218780e-01 3.632096537995704866e-03 7.926339851452041119e-01 3.865378974902957121e-01 1.404022729821928148e-03 -9.222724556897250459e-01 -1.789127500770205970e+01
-9.234472933485069479e-01 6.046666559913486255e-03 -3.836776436421985848e-01 -2.178244141763811399e+02 5.028910738955878409e-03 9.999806727196640654e-01 3.655713871152102383e-03 7.906240258940090415e-01 3.836923330796385700e-01 1.446378457162462300e-03 -9.234598537701907972e-01 -1.849779604444046655e+01
-9.246154353454836272e-01 6.033542912870918859e-03 -3.808541624832272876e-01 -2.180653608670941423e+02 5.000178032120980443e-03 9.999806439713162520e-01 3.702688531148386544e-03 7.905350703144027324e-01 3.808691309892796029e-01 1.519224351486026707e-03 -9.246277072513244821e-01 -1.910371170711424682e+01
-9.258075331291131249e-01 5.812686374344401899e-03 -3.779505579814640970e-01 -2.183182086010220928e+02 4.872600942969415594e-03 9.999821996977964478e-01 3.443551597828435618e-03 8.017372739787264058e-01 3.779638466327661095e-01 1.346463764772060784e-03 -9.258193763763500339e-01 -1.971273557787719355e+01
-9.275190533815316218e-01 5.885361908976057162e-03 -3.737295387434976801e-01 -2.185550120582478257e+02 4.953963870858044995e-03 9.999817685454909233e-01 3.452653848614290789e-03 8.034250925557709921e-01 3.737430452278589499e-01 1.350959596913099345e-03 -9.275312992303677007e-01 -2.031213868227779784e+01
-9.291973717652117770e-01 5.931568235106871381e-03 -3.695362780606202269e-01 -2.187865053362899346e+02 4.968965500100933422e-03 9.999813296697096510e-01 3.556640810966285680e-03 8.001561144742920240e-01 3.695504751539125388e-01 1.468608277143835811e-03 -9.292094971012976323e-01 -2.090559961109694243e+01
-9.312623261584100920e-01 5.790950778829318316e-03 -3.643033691404806151e-01 -2.190298724313285277e+02 4.907987591426559576e-03 9.999823461855651408e-01 3.349473841510987142e-03 8.102123146504036644e-01 3.643163344345549670e-01 1.331242385795897891e-03 -9.312743077406788750e-01 -2.150890045474761436e+01
-9.330950659544707815e-01 5.803693448605545466e-03 -3.595829737818199145e-01 -2.192557739577275697e+02 4.890516271702911172e-03 9.999820927811250426e-01 3.449198120968835317e-03 8.057187395278337938e-01 3.595965527393423233e-01 1.459883363868139322e-03 -9.331067398741399455e-01 -2.210303066771220770e+01
-9.352847906837102876e-01 5.964153538605554937e-03 -3.538457138193100149e-01 -2.194866729148795912e+02 5.068581813584713443e-03 9.999811768984745441e-01 3.457647631082820874e-03 8.087189629530388002e-01 3.538596752868686246e-01 1.440389291015865955e-03 -9.352974155232991471e-01 -2.272311311300185110e+01
-9.373306013616369281e-01 5.819819868417302859e-03 -3.483927000494291826e-01 -2.197272174152506636e+02 4.993359421200328253e-03 9.999821861640991738e-01 3.270124792657991015e-03 8.168303518524239193e-01 3.484055253762819437e-01 1.325538067360475507e-03 -9.373429643604891393e-01 -2.331944629480245368e+01
-9.395119994292175924e-01 5.972831392448864699e-03 -3.424639078993158003e-01 -2.199380169725612291e+02 5.150342132823259797e-03 9.999812553241587132e-01 3.311038543193303360e-03 8.180316500289119830e-01 3.424772647993272745e-01 1.346954148077593840e-03 -9.395251507065121022e-01 -2.393488092199339690e+01
-9.418082202388200486e-01 5.977485749774794598e-03 -3.360975244697543829e-01 -2.201670924839333736e+02 5.149920441189317390e-03 9.999811156768511067e-01 3.353596447020775785e-03 8.168063074158130599e-01 3.361112235704653006e-01 1.427569189667952411e-03 -9.418212184040943846e-01 -2.453891727524140265e+01
-9.443279159115138821e-01 5.984039063241282895e-03 -3.289513315168459129e-01 -2.203924932593614301e+02 5.171289080864958747e-03 9.999810322527432627e-01 3.345579767428971934e-03 8.162764407156378743e-01 3.289651121311473747e-01 1.458221940482874301e-03 -9.443409493341445859e-01 -2.516251998643774357e+01
-9.465672632990640434e-01 5.963655838896581539e-03 -3.224513154874005805e-01 -2.206015233458313674e+02 5.169274215127015772e-03 9.999811285501549740e-01 3.319811387313611507e-03 8.181556058395886843e-01 3.224650285761369028e-01 1.475585508775708156e-03 -9.465802279747854708e-01 -2.577935831331752325e+01
-9.493914355304851060e-01 5.877483786923852656e-03 -3.140403753113596985e-01 -2.208087190212642952e+02 5.146006667872704034e-03 9.999817720311421354e-01 3.158198985362862133e-03 8.246753758400739986e-01 3.140532132565107548e-01 1.382313203071065203e-03 -9.494043756237220411e-01 -2.639361236146521250e+01
-9.517275913485492289e-01 5.586575304997365779e-03 -3.068931117543217124e-01 -2.210043824204162775e+02 4.966706192173167556e-03 9.999837436615426345e-01 2.800757441612383020e-03 8.393979269377331853e-01 3.069037694383854320e-01 1.141310215371796333e-03 -9.517398666208654046e-01 -2.699651131084402778e+01
-9.545332754757906990e-01 5.641186035181439649e-03 -2.980510074292240241e-01 -2.212047036167483611e+02 5.032339868081866195e-03 9.999833892772966859e-01 2.810111197546581643e-03 8.409052866982696939e-01 2.980619089466330363e-01 1.182450678437286639e-03 -9.545458083536286775e-01 -2.761313595601160031e+01
-9.572444843561860317e-01 5.705739886148922940e-03 -2.892238608794414079e-01 -2.213960768820316218e+02 5.082157790850741139e-03 9.999828603565261709e-01 2.907002815484476931e-03 8.354808184287558781e-01 2.892354902874952893e-01 1.312831113262036015e-03 -9.572570749974218529e-01 -2.822382345860846442e+01
-9.598035150104018420e-01 5.762480216716206992e-03 -2.806136247501705983e-01 -2.215808680093009571e+02 5.180082870758041975e-03 9.999826151768672622e-01 2.817105870471854623e-03 8.410529192230321582e-01 2.806249798487826519e-01 1.250266285765639978e-03 -9.598166791211149018e-01 -2.884975282909613270e+01
-9.620420707383616765e-01 5.627675139211193306e-03 -2.728431479842837182e-01 -2.217742093327142641e+02 5.043766791017039938e-03 9.999832432027092599e-01 2.841431038953239237e-03 8.369296371601591122e-01 2.728545666577784634e-01 1.357418991615149360e-03 -9.620543346753749336e-01 -2.946915290807801213e+01
-9.643849032878895056e-01 5.630683943412547778e-03 -2.644429120032100178e-01 -2.219362547397619210e+02 5.071740343857188311e-03 9.999832287473955361e-01 2.796367969086718981e-03 8.380756061960878966e-01 2.644542224285567622e-01 1.355589267971290266e-03 -9.643972867119876557e-01 -3.009442187025750215e+01
-9.663092506900579082e-01 5.688179752758566222e-03 -2.573209603625779551e-01 -2.221025383098841246e+02 5.103164794275759190e-03 9.999826532230695619e-01 2.941251779887381866e-03 8.329127057014357183e-01 2.573332270421010981e-01 1.529007537762239015e-03 -9.663215160576981155e-01 -3.070755713091320871e+01
-9.683142560332167470e-01 5.936504607254138033e-03 -2.496642935541384944e-01 -2.222632683979298918e+02 5.353906728471023377e-03 9.999811299079534033e-01 3.012558838543003947e-03 8.320902506566700829e-01 2.496774664353629825e-01 1.580424329381592292e-03 -9.683277673460357615e-01 -3.134264656742514532e+01
-9.702857018158956848e-01 5.721720444337785767e-03 -2.418944372382125230e-01 -2.224204405657692973e+02 5.164617921741171923e-03 9.999823499708561103e-01 2.937085032252946277e-03 8.334447257993783387e-01 2.419069729738212993e-01 1.600519266082545220e-03 -9.702981267449306557e-01 -3.197204830514719731e+01
-9.719224844577372124e-01 5.749103791904449333e-03 -2.352310183863719206e-01 -2.225782346718424094e+02 5.234329416813243881e-03 9.999823450348618303e-01 2.812723615094519201e-03 8.371252413798749847e-01 2.352430360309440138e-01 1.502472684788889144e-03 -9.719354179032553276e-01 -3.260088631219269928e+01
-9.738406878839152014e-01 5.650577202436527120e-03 -2.271615847784624609e-01 -2.227368100110059856e+02 5.175650660617487318e-03 9.999829980981473909e-01 2.686290170453165503e-03 8.431600398494317750e-01 2.271729016894896425e-01 1.440309661124345234e-03 -9.738533761537504496e-01 -3.323218294277395302e+01
-9.755103550319450534e-01 5.738845534852337130e-03 -2.198786321527766152e-01 -2.228750258458752285e+02 5.216093624857949876e-03 9.999820213011941794e-01 2.957945515869976096e-03 8.321434534869116550e-01 2.198916542134913554e-01 1.738598948936885720e-03 -9.755227509806982944e-01 -3.385917622219693612e+01
-9.770015551941768628e-01 5.588852265642035334e-03 -2.131589216488780358e-01 -2.230186705172266386e+02 5.138252338447218438e-03 9.999832403036232886e-01 2.667859586326228744e-03 8.450273587366279315e-01 2.131702594431646725e-01 1.511238637257183689e-03 -9.770138978779754346e-01 -3.448648418187425335e+01
-9.780436948243924622e-01 5.477508421077275334e-03 -2.083279335944869526e-01 -2.231476032435590184e+02 5.041416096035133791e-03 9.999838487115267904e-01 2.624202703461924087e-03 8.467363572229533730e-01 2.083389429223412581e-01 1.516317110385073143e-03 -9.780555125576582132e-01 -3.511918106288214858e+01
-9.792248968220220728e-01 5.729519081653911688e-03 -2.026962605846330256e-01 -2.232809216777214090e+02 5.281984377128408348e-03 9.999822722747396808e-01 2.748777416996420891e-03 8.433215800189597378e-01 2.027084164136759847e-01 1.621032800834643940e-03 -9.792378006223609876e-01 -3.575005581737427462e+01
-9.802661033734103579e-01 5.571324777867935757e-03 -1.976039648320100650e-01 -2.234040412444453807e+02 5.164177419641841071e-03 9.999833484418905183e-01 2.575676711654434868e-03 8.498245292301143117e-01 1.976150243495904124e-01 1.504386640465964903e-03 -9.802785517250427461e-01 -3.638311079766240397e+01
-9.810479054535727883e-01 5.887319720585388466e-03 -1.936758804592511873e-01 -2.235319441129531413e+02 5.418276143267369838e-03 9.999809655156268740e-01 2.951421703173415408e-03 8.354727992786046276e-01 1.936895699019280104e-01 1.846096677389831055e-03 -9.810611308365371208e-01 -3.702016656130484051e+01
-9.819097960723079943e-01 5.819610466858259751e-03 -1.892598333277640543e-01 -2.236588241052664898e+02 5.337363364877818414e-03 9.999810814746814547e-01 3.057653518256693223e-03 8.315972514953173800e-01 1.892740471632343435e-01 1.992191441724714025e-03 -9.819222811626742153e-01 -3.765165516504129073e+01
-9.825621327376230507e-01 5.805869551204653062e-03 -1.858438785347756306e-01 -2.237655859717431213e+02 5.373395512187956538e-03 9.999815567204292099e-01 2.830695966844879591e-03 8.427925418199675445e-01 1.858568856156899152e-01 1.782722003428525298e-03 -9.825752083029040129e-01 -3.829554523230791574e+01
-9.833561922105640285e-01 5.851499549159841322e-03 -1.815939404114762235e-01 -2.238871623659036629e+02 5.444117338589913972e-03 9.999814220368118400e-01 2.741745363667817507e-03 8.482068263015116738e-01 1.816066100876954914e-01 1.707493561250371513e-03 -9.833697797055767076e-01 -3.893907046654540949e+01
-9.841598466052763339e-01 5.865656916038401725e-03 -1.771863154953648711e-01 -2.240077808775794495e+02 5.446047501364676205e-03 9.999810962382472690e-01 2.854423368393047000e-03 8.433314321517366707e-01 1.771997090756430027e-01 1.844243773604671392e-03 -9.841731869282011047e-01 -3.957213301334167710e+01
-9.847953238254019137e-01 5.634702114260989672e-03 -1.736272452805312227e-01 -2.241222863258053906e+02 5.246449317311586980e-03 9.999826057222063191e-01 2.694999552378291117e-03 8.498087581703530624e-01 1.736394106796700088e-01 1.743096414424957210e-03 -9.848077562010300046e-01 -4.020541072318297893e+01
-9.854003769691599413e-01 5.697110018266371943e-03 -1.701576915877687224e-01 -2.242221223323137451e+02 5.309747437096217805e-03 9.999821726567854618e-01 2.731474101864892184e-03 8.493423485574649323e-01 1.701702196366705611e-01 1.788101242848797335e-03 -9.854130601137545131e-01 -4.083968168234449791e+01
-9.859690273132577509e-01 5.748366739290172896e-03 -1.668293543078654406e-01 -2.243353691283441549e+02 5.379867883057227150e-03 9.999819887303957877e-01 2.660683439175499845e-03 8.542279148089650942e-01 1.668416440835726600e-01 1.725831577320300226e-03 -9.859821942128861316e-01 -4.147767451604735101e+01
-9.864198370527081927e-01 5.650391819764374705e-03 -1.641462096461313303e-01 -2.244478849664859581e+02 5.292265076225423533e-03 9.999825662465143816e-01 2.618994730509171739e-03 8.575148491340022217e-01 1.641581463079780090e-01 1.714723102605761156e-03 -9.864325434237304346e-01 -4.210787582930593231e+01
-9.868778784655691805e-01 5.746802161423501809e-03 -1.613661279829645134e-01 -2.245471503542054279e+02 5.413728497678096246e-03 9.999822113775318488e-01 2.503691725161494817e-03 8.648577139928953494e-01 1.613776457228523475e-01 1.597245572437831253e-03 -9.868914348941988379e-01 -4.273776249027788765e+01
-9.873376249495409152e-01 5.635516506573197588e-03 -1.585328209321481552e-01 -2.246485232717919303e+02 5.321012678655094759e-03 9.999829434675163720e-01 2.408235477602019021e-03 8.706958783200413610e-01 1.585436885627239390e-01 1.534186346611881874e-03 -9.873507710480509125e-01 -4.336811218071184726e+01
-9.878555438792879784e-01 5.640697067471354964e-03 -1.552726858257740816e-01 -2.247486933751617926e+02 5.311724655149278884e-03 9.999826833394601655e-01 2.533496082671727202e-03 8.637388716548692891e-01 1.552842877053065007e-01 1.677962397091712233e-03 -9.878683993498575955e-01 -4.400659919508827755e+01
-9.882426224582185892e-01 5.578275636642537894e-03 -1.527920220359189063e-01 -2.248443945836711464e+02 5.268883580747462519e-03 9.999831674487517086e-01 2.429749981840105457e-03 8.692830816122059101e-01 1.528030039715044808e-01 1.596139117797216751e-03 -9.882553790985411091e-01 -4.464114439468533391e+01
-9.887127784265372643e-01 5.657946311681572547e-03 -1.497164968185261125e-01 -2.249431635915983918e+02 5.366815685314245930e-03 9.999828407590365398e-01 2.348505245306914836e-03 8.752501514961452678e-01 1.497272155136716298e-01 1.518496302760729069e-03 -9.887261780207405870e-01 -4.527643824679226014e+01
-9.891818297574241914e-01 5.642111016564976822e-03 -1.465860643479837688e-01 -2.250385396162263305e+02 5.329201597693272036e-03 9.999826060910689263e-01 2.527276329405404171e-03 8.669452857568322734e-01 1.465977738169499944e-01 1.718749135501020445e-03 -9.891946919658050064e-01 -4.590258474362605057e+01
-9.895577086742619599e-01 5.574641586842866807e-03 -1.440293878849836229e-01 -2.251372077942315286e+02 5.292234764845763807e-03 9.999832492792393168e-01 2.343802920143185035e-03 8.762118562192409144e-01 1.440400411501558120e-01 1.557090913516568070e-03 -9.895706351814146373e-01 -4.653659299472604260e+01
-9.899694846135369541e-01 5.576875362008005405e-03 -1.411712364301072609e-01 -2.252175946333546221e+02 5.283962816034068130e-03 9.999830393544781870e-01 2.449640859147283588e-03 8.713960371172212449e-01 1.411825034165614667e-01 1.679126134828056675e-03 -9.899821620940734146e-01 -4.717143741154324488e+01
-9.903488352975926556e-01 5.485879139728965306e-03 -1.384885899804276788e-01 -2.253119550828243973e+02 5.215908827557890273e-03 9.999837237587898553e-01 2.312252712600417360e-03 8.785029264565196172e-01 1.384990206456541140e-01 1.567592921842563686e-03 -9.903613299864990616e-01 -4.780085184817458810e+01
-9.906917737035167981e-01 5.515391067701680763e-03 -1.360124625817431265e-01 -2.254030246969093696e+02 5.253794079852481397e-03 9.999835944311779024e-01 2.282217401550918831e-03 8.815449730918699656e-01 1.360228185413986657e-01 1.546392534821391766e-03 -9.907044975703813705e-01 -4.843102655938246670e+01
-9.910400964711982841e-01 5.534224825646669871e-03 -1.334499889169649955e-01 -2.254885766241000056e+02 5.270477277273564326e-03 9.999833974915002255e-01 2.329551593345934035e-03 8.804893705118610470e-01 1.334606655746502224e-01 1.605333901564914324e-03 -9.910528107257636776e-01 -4.906384687702180258e+01
-9.913550797870898101e-01 5.463141465134935260e-03 -1.310925622057388940e-01 -2.255718755389831927e+02 5.185162125446368675e-03 9.999835268508032726e-01 2.461731252938248460e-03 8.744257014080147883e-01 1.311038514844870551e-01 1.760713594194049554e-03 -9.913670763211643866e-01 -4.969115537585186360e+01
-9.915915406441808688e-01 5.423399395891930971e-03 -1.292934772596505411e-01 -2.256514666520588435e+02 5.158896531775881630e-03 9.999838591781897712e-01 2.380581792096024291e-03 8.795184694326624308e-01 1.293043012025259786e-01 1.693553095437927512e-03 -9.916035142981487471e-01 -5.032716642693523568e+01
-9.918816037912498995e-01 5.385817485187253430e-03 -1.270506868557379487e-01 -2.257334659273537909e+02 5.127514495908814564e-03 9.999840692821858612e-01 2.360037485859850341e-03 8.807833375001309362e-01 1.270613735782545883e-01 1.689423527914168987e-03 -9.918934182625425144e-01 -5.096274307987911811e+01
-9.920360711085427496e-01 5.356224686619853563e-03 -1.258401544684102646e-01 -2.258062866989808981e+02 5.119888929053374553e-03 9.999844701235252042e-01 2.201419797934283783e-03 8.900668056735613343e-01 1.258499914854231128e-01 1.539600233510108078e-03 -9.920480881863744660e-01 -5.160025037541611681e+01
-9.921800945138152805e-01 5.321246877701759324e-03 -1.247010199726660551e-01 -2.258828519679555313e+02 5.079436340003584856e-03 9.999845525402727420e-01 2.256990761703030896e-03 8.878145986065990591e-01 1.247111036637257864e-01 1.605930414778648264e-03 -9.921917967865279131e-01 -5.222707443261889892e+01
-9.923407573971336770e-01 5.594326531952490029e-03 -1.234039088486981323e-01 -2.259660606901271365e+02 5.320933105384606336e-03 9.999826054297508149e-01 2.544898586436518569e-03 8.753584121692069564e-01 1.234159992844198611e-01 1.868782646836406741e-03 -9.923532630933642462e-01 -5.286156459790667128e+01
-9.925081811558478240e-01 5.619817588391398146e-03 -1.220488754105687329e-01 -2.260502724297890040e+02 5.356655316759789502e-03 9.999825673130192660e-01 2.484212929734019339e-03 8.807073690738749239e-01 1.220607085942431863e-01 1.811827899121574948e-03 -9.925209824971641392e-01 -5.348783538545364991e+01
-9.925791115538937781e-01 5.228767975953318645e-03 -1.214881364263080549e-01 -2.261254659291762152e+02 4.986083338570168957e-03 9.999849208834934444e-01 2.301516581331196701e-03 8.880906334607642227e-01 1.214983385887413031e-01 1.678687310655118921e-03 -9.925902154107149045e-01 -5.412702395380728149e+01
-9.926859481633518723e-01 5.529121461098981602e-03 -1.205986614141964508e-01 -2.262017234609148488e+02 5.295890495513298074e-03 9.999834355465792024e-01 2.254368275137237729e-03 8.937110185318937194e-01 1.206091284392981355e-01 1.599202403958919355e-03 -9.926987864849965426e-01 -5.475979924179793557e+01
-9.927349105150151676e-01 5.711265166927297597e-03 -1.201864339055703779e-01 -2.262745957531836893e+02 5.477095067553131892e-03 9.999824044679106461e-01 2.278636477585852492e-03 8.944828905471639002e-01 1.201973330584584221e-01 1.603809455341440428e-03 -9.927487239583161482e-01 -5.539696536769415047e+01
-9.928096800440711078e-01 5.395333731201264887e-03 -1.195818948868017789e-01 -2.263637075970243018e+02 5.146186863781997828e-03 9.999838969621664964e-01 2.392190862424887349e-03 8.899814705534132564e-01 1.195928759230757282e-01 1.759599468115783912e-03 -9.928214581878049838e-01 -5.602511492282169314e+01
-9.927736711093488875e-01 5.304809597997693638e-03 -1.198845150434169615e-01 -2.264270516534128035e+02 5.060366502967240943e-03 9.999844506365528352e-01 2.343325834649546361e-03 8.940129956391028587e-01 1.198950818128997342e-01 1.719732607320229988e-03 -9.927850783915102006e-01 -5.665815404488461837e+01
-9.927537194629838524e-01 5.486899270372503842e-03 -1.200414362993420803e-01 -2.264957179752818490e+02 5.256556258673604140e-03 9.999836856060900780e-01 2.235427914263379747e-03 9.018635063696005538e-01 1.200517434638565251e-01 1.588224813196874047e-03 -9.927663654824492312e-01 -5.728763330625786665e+01
-9.927228765444275904e-01 5.330428441061983713e-03 -1.203032706038901778e-01 -2.265652594118623142e+02 5.097833197741515401e-03 9.999844946915648070e-01 2.241087491353392115e-03 9.009500119771054472e-01 1.203133512210765033e-01 1.611492814322681294e-03 -9.927346577051010534e-01 -5.791888904155925388e+01
-9.927464889491524058e-01 5.316873747698132313e-03 -1.201088653375846915e-01 -2.266517096416684467e+02 5.087793658789094633e-03 9.999846065008314300e-01 2.213846666509777274e-03 9.030378355938608603e-01 1.201187871850885880e-01 1.586699381820449182e-03 -9.927582582634384423e-01 -5.855086842759494203e+01
-9.927244940343225021e-01 5.316890775580112617e-03 -1.202905217246089536e-01 -2.267262344368717493e+02 5.096010442649879200e-03 9.999847173485351126e-01 2.143769329628999239e-03 9.093367766592177492e-01 1.203000815538645824e-01 1.515170568221837783e-03 -9.927364175027943993e-01 -5.917865759627453315e+01
-9.927426840058117818e-01 5.366815750726902992e-03 -1.201380898867411423e-01 -2.268100711369793316e+02 5.125430151277346816e-03 9.999841779588347634e-01 2.318145327150884262e-03 9.031965329151726563e-01 1.201486301157916742e-01 1.685562425768928401e-03 -9.927544840294642015e-01 -5.980917076857055292e+01
-9.927022311117821296e-01 5.424804885780725762e-03 -1.204692983197023226e-01 -2.268800168213805364e+02 5.203929886800298492e-03 9.999841525139875342e-01 2.147983848951489846e-03 9.109270867050580645e-01 1.204790415774606438e-01 1.505394577278456984e-03 -9.927147295813352201e-01 -6.044210230079200130e+01
-9.926641867193839452e-01 5.400745910925916493e-03 -1.207834605744944195e-01 -2.269498223687740222e+02 5.191385847921557370e-03 9.999844275769992352e-01 2.047954218035842253e-03 9.178599452947990844e-01 1.207926401637236663e-01 1.405897260395658948e-03 -9.926767658886608281e-01 -6.107696744125861699e+01
-9.926281014779616552e-01 5.459315863747976096e-03 -1.210770334396967934e-01 -2.270239791552202462e+02 5.224278077311688036e-03 9.999838027355161252e-01 2.258580347745249746e-03 9.124990227568596790e-01 1.210874026264852493e-01 1.609390231152859480e-03 -9.926405446022521506e-01 -6.171333459533693144e+01
-9.925905941808863542e-01 5.377631467275404906e-03 -1.213877811949712199e-01 -2.270959545917766889e+02 5.163226188554125365e-03 9.999845056541748489e-01 2.080756329179409437e-03 9.208748725530229162e-01 1.213970899114219654e-01 1.438586590289475664e-03 -9.926029805665814720e-01 -6.233963072798268001e+01
-9.925763915566239159e-01 5.557019298010459039e-03 -1.214957878321443197e-01 -2.271760645327807140e+02 5.339181027951558738e-03 9.999835025246393005e-01 2.118448608155543492e-03 9.192907323431975808e-01 1.215055557181755064e-01 1.454034069811768661e-03 -9.925896864840684231e-01 -6.298072171854651913e+01
-9.925920834249621905e-01 5.431647641345366088e-03 -1.213731977250046973e-01 -2.272494042510306826e+02 5.200882953408993668e-03 9.999840155217833981e-01 2.217998519972242885e-03 9.170336817850103239e-01 1.213833050241990980e-01 1.570319976924015133e-03 -9.926044667220534912e-01 -6.359960760856681361e+01
-9.926459494365045266e-01 5.426799274744806278e-03 -1.209320839022147431e-01 -2.273236625805752738e+02 5.204050829747251805e-03 9.999841310022037355e-01 2.157683648946088790e-03 9.225607424579028715e-01 1.209418741473030356e-01 1.512479222717326953e-03 -9.926584384793888383e-01 -6.423856547126474936e+01
-9.927787685326119327e-01 5.487362654553009852e-03 -1.198340752956707916e-01 -2.273986961241643030e+02 5.262595239418061885e-03 9.999837499016991371e-01 2.192036469153630512e-03 9.205622731212668164e-01 1.198441564792257080e-01 1.545569032253852693e-03 -9.927915135486151677e-01 -6.487579552337314226e+01
-9.929536031270220775e-01 5.276098199628028416e-03 -1.183862526852404035e-01 -2.274847821197207054e+02 5.045793553414675871e-03 9.999847498224698761e-01 2.245014456216114403e-03 9.176832417502026606e-01 1.183962921906003968e-01 1.631842602759934514e-03 -9.929650825105782452e-01 -6.550899725189434264e+01
-9.930593707916870461e-01 5.338152730692034310e-03 -1.174929368440619237e-01 -2.275472699846500007e+02 5.134822022322929787e-03 9.999847497070588620e-01 2.033213247540800218e-03 9.293842657333400981e-01 1.175019986452059684e-01 1.415796148713902936e-03 -9.930716368095744429e-01 -6.614336739955570010e+01
-9.931871245144872073e-01 5.217789346595600765e-03 -1.164135317434338984e-01 -2.276269686976289961e+02 5.013705439217278244e-03 9.999853385109128689e-01 2.045854585187586484e-03 9.309529418132792555e-01 1.164224997859679284e-01 1.448253275336689903e-03 -9.931987233711274676e-01 -6.678690072636395314e+01
-9.933497466680643040e-01 5.064001721265674189e-03 -1.150245046981707014e-01 -2.277046943755276516e+02 4.839816407412652483e-03 9.999858055146283453e-01 2.228215968558714538e-03 9.219213946335906851e-01 1.150341556740215182e-01 1.656700282796814061e-03 -9.933601554182338589e-01 -6.739988366796602293e+01
-9.934453720063924909e-01 5.117684081634110010e-03 -1.141932666522914031e-01 -2.277792357374817982e+02 4.918239759860708674e-03 9.999858485193847679e-01 2.028220557704257191e-03 9.316230465095610702e-01 1.142020304405541864e-01 1.453296462101842657e-03 -9.934564832807970536e-01 -6.802761750145695885e+01
-9.935046125327815503e-01 5.067347112671746756e-03 -1.136789640581205990e-01 -2.278366886030160572e+02 4.864860572871373967e-03 9.999860476333892745e-01 2.058560215158738993e-03 9.312122137600113980e-01 1.136878094067006878e-01 1.492156758725469512e-03 -9.935154027293753298e-01 -6.865104152729988130e+01
-9.935899483313939129e-01 5.102285190730694933e-03 -1.129290983788074632e-01 -2.279112048203386962e+02 4.877712377742506739e-03 9.999855391247863823e-01 2.264831841539501848e-03 9.241166669379443643e-01 1.129390211431723912e-01 1.699478491444918974e-03 -9.936004676307672590e-01 -6.927946155571243025e+01
-9.936844745781385768e-01 5.183036991832037747e-03 -1.120905933159001278e-01 -2.279816647443198008e+02 4.965774334311797052e-03 9.999852120453612825e-01 2.217380403647421609e-03 9.279914195500372776e-01 1.121004284899478065e-01 1.646759889932370010e-03 -9.936955178092712337e-01 -6.990383861104110963e+01
-9.937509920574032485e-01 5.086357130182061863e-03 -1.115037880794714914e-01 -2.280434975744668975e+02 4.877705168236727042e-03 9.999858055954561342e-01 2.143968259644663844e-03 9.318223162329128950e-01 1.115131103378396576e-01 1.586687981568257483e-03 -9.937616961042674557e-01 -7.054517655870793646e+01
-9.937994868683124317e-01 5.141561575332454642e-03 -1.110681963698275238e-01 -2.281117419027612243e+02 4.936943955090439956e-03 9.999855718927810333e-01 2.117212944390268071e-03 9.333051450526483883e-01 1.110774796467033504e-01 1.555747677055178751e-03 -9.938105318241008401e-01 -7.117473588624521597e+01
-9.938135312840257196e-01 5.067747233045405940e-03 -1.109458560504069241e-01 -2.281782964868309023e+02 4.856003754962545833e-03 9.999858362354060448e-01 2.178659245361466278e-03 9.325178413343393480e-01 1.109553255337815819e-01 1.626427544518958520e-03 -9.938240641427111832e-01 -7.179332584440950882e+01
-9.937905002410130084e-01 5.156872612353116843e-03 -1.111478668062392677e-01 -2.282402751820923470e+02 4.947309316301165376e-03 9.999854266501690958e-01 2.161161217509402835e-03 9.344559281084212632e-01 1.111573918425867863e-01 1.597858610512637367e-03 -9.938015300283125075e-01 -7.242529212100451730e+01
-9.937839624640432135e-01 5.157223148361310926e-03 -1.112062902837042816e-01 -2.283096873775662345e+02 4.953485921205255833e-03 9.999855089698632682e-01 2.108275957249443073e-03 9.389771567288214271e-01 1.112155516395702398e-01 1.544312041493231102e-03 -9.937951077429518776e-01 -7.306243300280650033e+01
-9.937768931640726944e-01 5.121033956542704949e-03 -1.112711176558383724e-01 -2.283836276808154366e+02 4.920831106287361367e-03 9.999857423109103083e-01 2.073787867891040398e-03 9.416528611604061405e-01 1.112801511249283254e-01 1.513336087441893895e-03 -9.937879239452951374e-01 -7.368375920221578212e+01
-9.937642144619822648e-01 5.248179566458920087e-03 -1.113783761149257506e-01 -2.284532031298136303e+02 5.031006757334728977e-03 9.999848560818579424e-01 2.230824500844952492e-03 9.387559794424251702e-01 1.113883971774767695e-01 1.656568194829566949e-03 -9.937755686049285497e-01 -7.431268641785737827e+01
-9.937268196401083387e-01 5.265814468309884533e-03 -1.117106938745884709e-01 -2.285163368744730406e+02 5.077470371325963627e-03 9.999851682440012990e-01 1.970428035896399331e-03 9.486041016309844087e-01 1.117194129172946609e-01 1.390859447132545548e-03 -9.937388179433337410e-01 -7.493543019066238742e+01
-9.936784424119864401e-01 5.294227507903146064e-03 -1.121388614209335444e-01 -2.285702575511140253e+02 5.114724836251627153e-03 9.999851367584944306e-01 1.888346351884412615e-03 9.530383533918120875e-01 1.121471920091546837e-01 1.302849642056231553e-03 -9.936907516462414325e-01 -7.556140709835162284e+01
-9.936860269920206878e-01 5.202926646122300706e-03 -1.120759087187307296e-01 -2.286446446553383964e+02 5.011421432270609343e-03 9.999854619528535382e-01 1.990361315504525670e-03 9.502580107451404912e-01 1.120846350578096479e-01 1.416134616888051591e-03 -9.936976547958165096e-01 -7.618982083911987502e+01
-9.936232679635166321e-01 4.998975970630801548e-03 -1.126401864378207412e-01 -2.287042931583451377e+02 4.772295327487061957e-03 9.999860087905493300e-01 2.281977312494375132e-03 9.388135887771887900e-01 1.126500180151304015e-01 1.729873519234780216e-03 -9.936332225619264324e-01 -7.681519902631140440e+01
-9.936102773569648328e-01 5.148497514221195281e-03 -1.127479920174254413e-01 -2.287732744884288252e+02 4.932077536434971085e-03 9.999854208284135737e-01 2.198349789067722236e-03 9.428703409533516488e-01 1.127576664435281928e-01 1.628221104935911531e-03 -9.936211841311775039e-01 -7.744308701900703795e+01
-9.935286997846963786e-01 5.131436665315898364e-03 -1.134653738454206306e-01 -2.288244280420321672e+02 4.930860552610914944e-03 9.999857454224566622e-01 2.048308107771277999e-03 9.490874422096183816e-01 1.134742672077767578e-01 1.475570955090814212e-03 -9.935398398514350138e-01 -7.805718282449912238e+01
-9.934648607465623726e-01 5.164480027019007630e-03 -1.140214830979842109e-01 -2.288953250042254410e+02 4.941417452453987502e-03 9.999852848160969421e-01 2.238871329479532983e-03 9.444671363634195016e-01 1.140313678571557021e-01 1.660812247035788536e-03 -9.934757615801736996e-01 -7.867703086571842164e+01
-9.933846479661678774e-01 5.299776661315929067e-03 -1.147120462395874035e-01 -2.289529097167614395e+02 5.114052720833002670e-03 9.999850928022452345e-01 1.913279397646446521e-03 9.577480495104208069e-01 1.147204761579274784e-01 1.313978928708053537e-03 -9.933969427220286086e-01 -7.930069520034057007e+01
-9.933005120662334875e-01 5.445158641767246406e-03 -1.154315510435723335e-01 -2.290339281486869538e+02 5.277599196341618316e-03 9.999845295371889708e-01 1.757166187257975078e-03 9.675618834480068653e-01 1.154393333127042565e-01 1.136192612568793494e-03 -9.933138826124732201e-01 -7.991975660947736060e+01
-9.932112376074688775e-01 5.463123890860070893e-03 -1.161963500614064670e-01 -2.290976514875007126e+02 5.294224608688017676e-03 9.999844328843294772e-01 1.762150617496909596e-03 9.678403969237813209e-01 1.162041680665223120e-01 1.135018219720045334e-03 -9.932246991781912282e-01 -8.054650794149782200e+01
-9.931317126904906090e-01 5.435548949222172334e-03 -1.168753868702601673e-01 -2.291777189363928358e+02 5.272477448515155811e-03 9.999846479046297087e-01 1.704387458512495249e-03 9.724791645183566979e-01 1.168828568696336778e-01 1.076458394200776377e-03 -9.931451248469771453e-01 -8.117163078675170595e+01
-9.930667367935630541e-01 5.434447237119746817e-03 -1.174262451814374192e-01 -2.292506447210747922e+02 5.270689267643743382e-03 9.999846562012587592e-01 1.705050349467309313e-03 9.733808088065374342e-01 1.174337094229252337e-01 1.074311536396720113e-03 -9.930801426601454374e-01 -8.179352879456449443e+01
-9.929894465772808321e-01 5.274767034760305395e-03 -1.180852904424362221e-01 -2.293187431289002518e+02 5.088508341647389466e-03 9.999852885567576122e-01 1.878763666642180568e-03 9.650218908020915531e-01 1.180934632780430288e-01 1.264714508146330251e-03 -9.930016789654538822e-01 -8.242182364603088729e+01
-9.928998770819634778e-01 5.203425463553835312e-03 -1.188392126112743918e-01 -2.293926082400370490e+02 5.023707507027080563e-03 9.999857397730431696e-01 1.811798400306983189e-03 9.660023568045833509e-01 1.188469454950621673e-01 1.201920964437654723e-03 -9.929118585919345374e-01 -8.304644825833183575e+01
-9.928350685792124430e-01 5.329592402362160267e-03 -1.193738750486669498e-01 -2.294662063747204286e+02 5.154117897931973294e-03 9.999851356283181447e-01 1.778648674800737718e-03 9.704733831470918615e-01 1.193815801034828206e-01 1.150637753090286673e-03 -9.928477800573241030e-01 -8.366770795165297159e+01
-9.926985590453409891e-01 5.533693035684769494e-03 -1.204946019981407435e-01 -2.295339038762751045e+02 5.364693665841154153e-03 9.999841188222813315e-01 1.726894639854964887e-03 9.770045073683499837e-01 1.205022445067941983e-01 1.067869192499670437e-03 -9.927124803910811757e-01 -8.429290043515101161e+01
-9.925804655253949171e-01 5.251622056054830977e-03 -1.214760878657659277e-01 -2.296135985593970190e+02 5.065879707432117789e-03 9.999854795139507813e-01 1.837831342561084590e-03 9.708540966488546919e-01 1.214839755695406726e-01 1.208812241099017784e-03 -9.925926568601974864e-01 -8.491882027392693999e+01
-9.925233465764924379e-01 5.202713963380753946e-03 -1.219439964410537897e-01 -2.296904403196549538e+02 5.005353445453519269e-03 9.999856208265077706e-01 1.924727801485475419e-03 9.682537039598805295e-01 1.219522567953811171e-01 1.299964476040577858e-03 -9.925351163333593352e-01 -8.555501029092255294e+01
-9.924718003373607100e-01 5.178287686997878891e-03 -1.223638462608518523e-01 -2.297573316581030554e+02 4.959277594333403455e-03 9.999855095822482998e-01 2.094323583772779180e-03 9.622999790418599320e-01 1.223729181676282557e-01 1.471720816558063066e-03 -9.924830995724702731e-01 -8.616622722688819636e+01
-9.924213941135142658e-01 5.126847335803157331e-03 -1.227741501383090017e-01 -2.298298632747094814e+02 4.902619677311763520e-03 9.999857170676862417e-01 2.128375184264886394e-03 9.609873219104910769e-01 1.227833084180757484e-01 1.510330103231463791e-03 -9.924323544085467130e-01 -8.678662390743862431e+01
-9.924095332912723499e-01 5.000513667653511303e-03 -1.228751931663140395e-01 -2.299094601907914637e+02 4.785116119370397096e-03 9.999864540434380000e-01 2.048021815136013939e-03 9.632595936745643739e-01 1.228837698653630905e-01 1.444504306238595347e-03 -9.924200181933988674e-01 -8.740528854039622786e+01
-9.923317279049499451e-01 5.376199789164441169e-03 -1.234861865513903340e-01 -2.299808275242897082e+02 5.179684448733964421e-03 9.999847567180565333e-01 1.912380856642810923e-03 9.735571017349825551e-01 1.234945855581908863e-01 1.258096719771009935e-03 -9.923444485310812802e-01 -8.803126072321909135e+01
-9.922372437844302340e-01 5.281472258397767322e-03 -1.242471653514148344e-01 -2.300637220694269729e+02 5.060988972697515187e-03 9.999850087846843261e-01 2.090118779633199329e-03 9.669874934838927905e-01 1.242563416397580722e-01 1.445080163352886402e-03 -9.922490984151237647e-01 -8.865802037294096749e+01
-9.921237563116767078e-01 5.149768971088429168e-03 -1.251556312818314087e-01 -2.301383073233317305e+02 4.915588966028257636e-03 9.999855424902015510e-01 2.179861393360179450e-03 9.655144490790518175e-01 1.251650476256306044e-01 1.547478633654034976e-03 -9.921347268202804770e-01 -8.928477461623248246e+01
-9.920621261201314489e-01 5.320796643469198964e-03 -1.256360897237890628e-01 -2.302132208958662716e+02 5.093557233124308345e-03 9.999847595176759585e-01 2.129884289955442326e-03 9.699663748983282652e-01 1.256455076503653345e-01 1.473042923529001898e-03 -9.920741083970632257e-01 -8.990331186647568984e+01
-9.920151294283008347e-01 5.288563270119327545e-03 -1.260079921429184402e-01 -2.302976712197823304e+02 5.058080937882234937e-03 9.999848987040721449e-01 2.148995354208605921e-03 9.689825593351643063e-01 1.260174543568377270e-01 1.494477281367156919e-03 -9.920268986953317825e-01 -9.052594135348309123e+01
-9.919373620899423205e-01 5.248197642382537373e-03 -1.266204016403102983e-01 -2.303732696269740075e+02 5.031308170349779382e-03 9.999852769817514364e-01 2.032672581829861758e-03 9.740841952326616537e-01 1.266292052732779783e-01 1.379217617507001335e-03 -9.919491630777363955e-01 -9.114923520662846101e+01
-9.918727618934479739e-01 5.204355116387468158e-03 -1.271272547555665211e-01 -2.304508897640507143e+02 4.975350389475609661e-03 9.999853780596439368e-01 2.118857100615220181e-03 9.725909453629254520e-01 1.271364231932223254e-01 1.469134007983688558e-03 -9.918841522793382381e-01 -9.177295592962779835e+01
-9.917804769473632653e-01 5.156510409900079590e-03 -1.278471585388361309e-01 -2.305388058349674623e+02 4.946663825107060382e-03 9.999858466206652530e-01 1.958845413159372457e-03 9.801266497641529796e-01 1.278554498762688174e-01 1.310327723842568369e-03 -9.917919474255647572e-01 -9.239296179248506746e+01
-9.916702760697155838e-01 5.161587185227503941e-03 -1.286989571734873661e-01 -2.306136394175495639e+02 4.937092247713627952e-03 9.999856838365043243e-01 2.063308550912960025e-03 9.766256593660491703e-01 1.287077646451502966e-01 1.410723136550807565e-03 -9.916815623879875474e-01 -9.301165813028495677e+01
-9.915766965066792338e-01 5.339791946383852343e-03 -1.294107474936694036e-01 -2.306924127666321738e+02 5.136605200146222329e-03 9.999849952797739139e-01 1.903812577016928331e-03 9.865546288590546498e-01 1.294189716846751714e-01 1.223044267355521573e-03 -9.915892465788449517e-01 -9.363528345849032064e+01
-9.915053284930037680e-01 5.456896760648603274e-03 -1.299515519250324380e-01 -2.307705024708568544e+02 5.246573286614515143e-03 9.999843142914325300e-01 1.960775316450117517e-03 9.882773921815092288e-01 1.299602132913337260e-01 1.262318833353872792e-03 -9.915184060381503350e-01 -9.424523801769478837e+01
-9.914575431378991333e-01 5.293543040526642318e-03 -1.303223639942087397e-01 -2.308518894432308173e+02 5.075765391591029879e-03 9.999851118393856542e-01 2.003173797000932718e-03 9.848772424309542028e-01 1.303310276206340046e-01 1.324576026340627648e-03 -9.914696509413185588e-01 -9.486887825077180025e+01
-9.914489531949810530e-01 5.465854945241865707e-03 -1.303805876589510249e-01 -2.309341546880634723e+02 5.268694606489834030e-03 9.999843959234870905e-01 1.857085534451334390e-03 9.920460802149956292e-01 1.303887037504376234e-01 1.154270010135627356e-03 -9.914622804701265224e-01 -9.549350293915153998e+01
-9.914827054037480547e-01 5.371248850916683810e-03 -1.301276087963122163e-01 -2.310075129884550620e+02 5.181379571996962662e-03 9.999849608231017317e-01 1.797618800126732190e-03 9.959876453770708515e-01 1.301353072420987356e-01 1.108067417264267315e-03 -9.914956247990223126e-01 -9.611046914228107596e+01
-9.915945677776880629e-01 5.218292772546082904e-03 -1.292787011627229143e-01 -2.310911064859076873e+02 5.018775788433796174e-03 9.999856591857532173e-01 1.869040507836452559e-03 9.937880898065732937e-01 1.292866004014571468e-01 1.204509599171435215e-03 -9.916065369456072975e-01 -9.673576352453368088e+01
-9.917672701435071847e-01 5.114377325637909678e-03 -1.279512603168348750e-01 -2.311743930950418928e+02 4.912099398389511117e-03 9.999861373735400294e-01 1.896401921483951026e-03 9.920167156527019969e-01 1.279591854912955629e-01 1.252280047939535301e-03 -9.917786439740903237e-01 -9.734828898175369716e+01
-9.919442722485514174e-01 4.835659189445879087e-03 -1.265826889961504664e-01 -2.312617952639790531e+02 4.641120044322189463e-03 9.999875522895128599e-01 1.831739818578107838e-03 9.952764969825937946e-01 1.265899710009715518e-01 1.229498366123918385e-03 -9.919543676882227601e-01 -9.797332566576166357e+01
-9.920578789618841320e-01 5.080883750841146650e-03 -1.256795504843896960e-01 -2.313423957268383901e+02 4.876637731184790304e-03 9.999862413492178748e-01 1.932748484022054182e-03 9.932609961457498082e-01 1.256876413737110509e-01 1.304504723695197469e-03 -9.920690072133788728e-01 -9.859268344661059302e+01
-9.921484336665695736e-01 5.159330114801004806e-03 -1.249594609693057273e-01 -2.314281664628856845e+02 4.966929543500342957e-03 9.999859512166197062e-01 1.851210496423171285e-03 9.971552811542327976e-01 1.249672564469702790e-01 1.216010755985039117e-03 -9.921601212173158935e-01 -9.922345825291239407e+01
-9.921688578618086396e-01 5.245558833627955719e-03 -1.247935959964187602e-01 -2.314971764014071312e+02 5.063418429862779138e-03 9.999856025123784464e-01 1.776671539560069867e-03 1.003819253232429265e+00 1.248011189172539559e-01 1.130875978303779068e-03 -9.921811335822321443e-01 -9.983973516283779759e+01
-9.922608703242117301e-01 4.709163311231207190e-03 -1.240813805707601525e-01 -2.315839161305028426e+02 4.487580341511168865e-03 9.999877981679636818e-01 2.065221021196001882e-03 9.887358981036848959e-01 1.240895920136581843e-01 1.492412843706893231e-03 -9.922698956724362862e-01 -1.004522400147452998e+02
-9.922575887600817435e-01 4.986674005678838444e-03 -1.240967792909633549e-01 -2.316542703352652666e+02 4.792308606869868058e-03 9.999867782452613874e-01 1.864701820413343673e-03 1.001694775474364585e+00 1.241044371738799224e-01 1.255554468598964841e-03 -9.922683670543626100e-01 -1.010637758327923734e+02
-9.922767412796420494e-01 4.740890551150869943e-03 -1.239531874226592612e-01 -2.317393241363035941e+02 4.513943904177438078e-03 9.999875824705494187e-01 2.111685378077566948e-03 9.895160528244365539e-01 1.239616594995598953e-01 1.535858550796800285e-03 -9.922858197679877978e-01 -1.016909987024799733e+02
-9.922834847099641919e-01 4.860805519171259095e-03 -1.238945460525029962e-01 -2.318140350843814304e+02 4.650017001801551308e-03 9.999872076055359438e-01 1.990469081802183869e-03 9.970504558039384735e-01 1.239026364276965275e-01 1.398997851123488659e-03 -9.922933938565143830e-01 -1.023151849057867935e+02
-9.922492073989024330e-01 5.054624260012391575e-03 -1.241610292718292041e-01 -2.318774783449485426e+02 4.865229409650873547e-03 9.999864928633172001e-01 1.828560558036822171e-03 1.005113998263668984e+00 1.241685948983937138e-01 1.210315873247105054e-03 -9.922603968598391333e-01 -1.029371242791027896e+02
-9.922300436306672466e-01 5.381399087755900021e-03 -1.243003662928763714e-01 -2.319504269504190574e+02 5.210327995912008084e-03 9.999849788891580493e-01 1.701316615202769613e-03 1.014145740582293342e+00 1.243076546269776123e-01 1.040451780934331704e-03 -9.922431780875251572e-01 -1.035602299557161814e+02
-9.922299507759246850e-01 5.432760800419909192e-03 -1.242988732583392153e-01 -2.320309730985608212e+02 5.229435156953865863e-03 9.999844016685123238e-01 1.961995822270808099e-03 1.005289391068352023e+00 1.243075934573044106e-01 1.296738120367421296e-03 -9.922428839145696067e-01 -1.041775102494561764e+02
-9.922131114170056332e-01 5.040011578012101347e-03 -1.244497481535407762e-01 -2.320991314568241251e+02 4.841087182643313662e-03 9.999864753385555582e-01 1.900793219271762220e-03 1.007002014754282859e+00 1.244576450326626976e-01 1.283519873584685819e-03 -9.922240912060436013e-01 -1.047884647503009461e+02
-9.922072777427646262e-01 5.406507377504410176e-03 -1.244808727165328255e-01 -2.321743331339685881e+02 5.196237076629730590e-03 9.999844717508398206e-01 2.013796771595632862e-03 1.004590272901755288e+00 1.244898273536280409e-01 1.351271686531196501e-03 -9.922199639950273209e-01 -1.054016947954008572e+02
-9.922087829608210452e-01 5.159026423228261181e-03 -1.244793776565843724e-01 -2.322514068701037786e+02 4.945764212189914140e-03 9.999857249616468380e-01 2.022199121484369137e-03 1.003577800753842730e+00 1.244880332873949114e-01 1.390798078062839994e-03 -9.922201344706438331e-01 -1.060222482208321964e+02
-9.922121592211596841e-01 5.348327547433570639e-03 -1.244444714968490767e-01 -2.323317928826329819e+02 5.155135526346410826e-03 9.999849554847595190e-01 1.874401730817730483e-03 1.012172479121592472e+00 1.244526242045129322e-01 1.218276072511728734e-03 -9.922248032235547743e-01 -1.066471263346023619e+02
-9.922136528941363220e-01 5.301733246984341279e-03 -1.244345556308731199e-01 -2.324096093764815407e+02 5.089515260848407295e-03 9.999850014533812059e-01 2.023290065912853805e-03 1.006318975723759168e+00 1.244434162376002323e-01 1.374224457303590890e-03 -9.922257543836769944e-01 -1.072637049216627787e+02
-9.921980689303131484e-01 5.376189792506292330e-03 -1.245555642846715161e-01 -2.324810918778389066e+02 5.154977038236923000e-03 9.999845116669928702e-01 2.098246377595677174e-03 1.004721940520006074e+00 1.245649156973713811e-01 1.439794930118330329e-03 -9.922104155711459761e-01 -1.078844296990949942e+02
-9.921751976246473426e-01 5.328221897107293138e-03 -1.247396780094763569e-01 -2.325586401807628079e+02 5.118370258765123602e-03 9.999848955410837181e-01 2.002742015841745514e-03 1.010587244277806773e+00 1.247484649379977106e-01 1.348607097347326311e-03 -9.921874831676273931e-01 -1.084969886402832913e+02
-9.921702136867500688e-01 5.132000442150518732e-03 -1.247875380166243720e-01 -2.326334024975454327e+02 4.906411746540642951e-03 9.999857267465434019e-01 2.115047744366080167e-03 1.004516233684055404e+00 1.247966113184252879e-01 1.486228330138719559e-03 -9.921812318970706368e-01 -1.091165688859574345e+02
-9.921789869717694277e-01 4.945025872251706221e-03 -1.247253163186879399e-01 -2.327149947202642295e+02 4.708158046925848238e-03 9.999865101311088411e-01 2.193810295096897036e-03 9.999448784684925595e-01 1.247344822391914521e-01 1.589425974516274747e-03 -9.921888845706714477e-01 -1.097293975237810173e+02
-9.921525077754422828e-01 5.155194969572768522e-03 -1.249272799660943734e-01 -2.327803503533832838e+02 4.924823551576436483e-03 9.999855556606620510e-01 2.152808171378951807e-03 1.005186487379148064e+00 1.249365736199255228e-01 1.520669215381686545e-03 -9.921635652135443184e-01 -1.103331075862123924e+02
-9.921595039607049582e-01 4.972755303279683195e-03 -1.248791031563824261e-01 -2.328597908837223542e+02 4.739493608688838053e-03 9.999864250530767773e-01 2.164927227497583356e-03 1.004405840968048746e+00 1.248881735825370098e-01 1.556089412876557028e-03 -9.921696037900766818e-01 -1.109472547222656118e+02
-9.921904750778445248e-01 5.162012301239822694e-03 -1.246250969660761820e-01 -2.329440482860271686e+02 4.918852615734418780e-03 9.999853513426720797e-01 2.258758291066328191e-03 1.001335161184097933e+00 1.246349311138202631e-01 1.628105977701380059e-03 -9.922013319972813328e-01 -1.115701809184867841e+02
-9.921824983185800750e-01 5.075164151049607782e-03 -1.246921518746952201e-01 -2.330178062998799646e+02 4.840104390578006156e-03 9.999858929362118731e-01 2.187994071134072120e-03 1.006484776320488272e+00 1.247014972636273783e-01 1.567366392044711523e-03 -9.921930658610771392e-01 -1.121851286270679964e+02
-9.921732555337934301e-01 4.872190526315705629e-03 -1.247737663250934326e-01 -2.330908609440810153e+02 4.626393932264847263e-03 9.999867452046903304e-01 2.259622559889545509e-03 1.003671931849855703e+00 1.247831217859901309e-01 1.664684476090970075e-03 -9.921826451530673108e-01 -1.127961720432969059e+02
-9.921872192017804348e-01 4.709398444898618002e-03 -1.246689360623782356e-01 -2.331737540628721774e+02 4.458875180811554262e-03 9.999874406042013053e-01 2.288463672615070107e-03 1.001581273321619836e+00 1.246781475831274383e-01 1.714701182749518975e-03 -9.921957565496306586e-01 -1.134160103339300463e+02
-9.921938620377901419e-01 4.955293206092421278e-03 -1.246065215138280613e-01 -2.332439643520965831e+02 4.720374297565106507e-03 9.999864817340917700e-01 2.180462236288428259e-03 1.010632272702717493e+00 1.246156418794419629e-01 1.575251825787704878e-03 -9.922038401360175897e-01 -1.140228589296962980e+02
-9.921870086429949165e-01 4.918793015513434584e-03 -1.246625258661827190e-01 -2.333171102295450225e+02 4.678239033959664776e-03 9.999865876141060816e-01 2.222312182567438323e-03 1.008828445842226085e+00 1.246717849379212067e-01 1.621748182113288972e-03 -9.921967123374411113e-01 -1.146421065485702400e+02
-9.921925965741436038e-01 4.902523286297102122e-03 -1.246186846700236966e-01 -2.333983240475832872e+02 4.667283085792429086e-03 9.999867328945534206e-01 2.179564973614857726e-03 1.013176606575388883e+00 1.246277167088307020e-01 1.580917551438877893e-03 -9.922023145143534784e-01 -1.152555909332596968e+02
-9.922104433727860773e-01 4.971282395661948128e-03 -1.244737820318898569e-01 -2.334736873828660748e+02 4.741546640870326554e-03 9.999864650352973117e-01 2.141840718322534590e-03 1.016539768725201576e+00 1.244827449787009599e-01 1.534958485690955231e-03 -9.922205854068013586e-01 -1.158674639420246137e+02
-9.922159803056658234e-01 4.783995730424111040e-03 -1.244369792743267727e-01 -2.335557224304342299e+02 4.549438656280909224e-03 9.999872988482537695e-01 2.169043587847856603e-03 1.015331805634182016e+00 1.244457754766335328e-01 1.586041306060729985e-03 -9.922251425150423465e-01 -1.164922079996708248e+02
-9.922457324107052390e-01 4.998145971578351471e-03 -1.241910828102813918e-01 -2.336364168713041920e+02 4.772892684160897139e-03 9.999863810163122091e-01 2.111226497618255531e-03 1.020669266854810742e+00 1.241999436721645950e-01 1.502104771830901474e-03 -9.922560746466033699e-01 -1.171142378826670267e+02
-9.922730577225971071e-01 4.789655162712719468e-03 -1.239807973892338294e-01 -2.337060922968874195e+02 4.549238385201479808e-03 9.999871831009271572e-01 2.222175507777042047e-03 1.015244813311365846e+00 1.239898517942599893e-01 1.640986683387199788e-03 -9.922821291420815815e-01 -1.177199661310919367e+02
-9.922958102231842492e-01 4.690273137654099068e-03 -1.238023681171259993e-01 -2.337823224211422257e+02 4.443712545383524636e-03 9.999875555688615414e-01 2.267625680529359970e-03 1.013686839304220211e+00 1.238114632508968416e-01 1.700013325593518728e-03 -9.923043038918881731e-01 -1.183340844795344537e+02
-9.922830667705997421e-01 4.651201889689018411e-03 -1.239059390074383066e-01 -2.338525425878412705e+02 4.402578645447882515e-03 9.999877087321328295e-01 2.280281984707355908e-03 1.014159395177095080e+00 1.239150220982279255e-01 1.717179559768849213e-03 -9.922913476357411167e-01 -1.189458603124540872e+02
-9.923174024323340170e-01 4.608883244497552663e-03 -1.236322410424751800e-01 -2.339359423382244074e+02 4.371329037345056921e-03 9.999880418123271442e-01 2.192650176084246557e-03 1.020932015164980111e+00 1.236408682935919850e-01 1.635367721953703618e-03 -9.923256830597610989e-01 -1.195630775209272514e+02
-9.923722335745066570e-01 4.801029397906081408e-03 -1.231840092993662927e-01 -2.340162797359948570e+02 4.565488665237539892e-03 9.999871705811983480e-01 2.194307694203128083e-03 1.020847726609264372e+00 1.231929638558692530e-01 1.615174829451310190e-03 -9.923814210608126185e-01 -1.201723568286317203e+02
-9.923844866443312096e-01 4.790352689967117619e-03 -1.230856741817380751e-01 -2.340881267408727524e+02 4.559060970889820125e-03 9.999872731036378859e-01 2.160692901397389103e-03 1.024056242247076920e+00 1.230944581641714997e-01 1.583083022511675786e-03 -9.923936961798038858e-01 -1.207753535425291886e+02
-9.923917589407904583e-01 4.689003095356251288e-03 -1.230309312180287301e-01 -2.341593934953351948e+02 4.459267892341819625e-03 9.999877620412844781e-01 2.142591311395641157e-03 1.026595760438692828e+00 1.230394721878629721e-01 1.577662078861705218e-03 -9.924005236123651930e-01 -1.213942771436894787e+02
-9.924650511817982856e-01 4.632503181367615859e-03 -1.224404430610477462e-01 -2.342386838127398789e+02 4.400896333156345021e-03 9.999879789417969178e-01 2.161962850081035423e-03 1.026697646523678120e+00 1.224489864971363001e-01 1.606824873761417572e-03 -9.924735078679176592e-01 -1.220109780523852265e+02
-9.924978861853475109e-01 4.596008976543681374e-03 -1.221753764843990786e-01 -2.343211793218740979e+02 4.353643790352149101e-03 9.999879901539321381e-01 2.250629611032852438e-03 1.022823931201562120e+00 1.221842530908293922e-01 1.701837062371016653e-03 -9.925059758244527686e-01 -1.226351946085173807e+02
-9.925152288200325135e-01 4.669641211251663281e-03 -1.220316148023819769e-01 -2.343942515458922173e+02 4.435866393472097900e-03 9.999877693400047729e-01 2.187295073968388397e-03 1.027926703646513840e+00 1.220403361584112278e-01 1.629607731793646227e-03 -9.925238036082473236e-01 -1.232440781924016449e+02
-9.925275938814761556e-01 4.891630485163632469e-03 -1.219223004008858774e-01 -2.344674421749458872e+02 4.667260342863591149e-03 9.999868487577151521e-01 2.125792206781861211e-03 1.032934417340181987e+00 1.219310955611371955e-01 1.540864306517438029e-03 -9.925373714235901090e-01 -1.238545494731902465e+02
-9.925917895501614741e-01 4.834989695232774602e-03 -1.214008327494320999e-01 -2.345404019290482438e+02 4.613201073623433672e-03 9.999871374635037613e-01 2.107909723378318875e-03 1.034842611752656127e+00 1.214094629485811955e-01 1.532247432559811790e-03 -9.926013270816955725e-01 -1.244575197272777700e+02
-9.925924116770390437e-01 4.817410077023446917e-03 -1.213964449286273478e-01 -2.346141039233974652e+02 4.599116336532823625e-03 9.999872642748388607e-01 2.078320727585300422e-03 1.037657215415984657e+00 1.214049109800855591e-01 1.504609010164014663e-03 -9.926019261222718271e-01 -1.250647024082049938e+02
-9.926249834045635101e-01 4.924404825869084339e-03 -1.211255239749309126e-01 -2.346926155308599959e+02 4.704186689165004535e-03 9.999867218506078848e-01 2.103984331778861912e-03 1.038404544335125967e+00 1.211342765227253343e-01 1.518670334814447177e-03 -9.926349685013773350e-01 -1.256689380191738934e+02
-9.926255290013188404e-01 5.025254453424662232e-03 -1.211169104317431633e-01 -2.347665486107590596e+02 4.814097190131776463e-03 9.999863395599478677e-01 2.035967028387063605e-03 1.043098296303153649e+00 1.211254871738253469e-01 1.437884270395054604e-03 -9.926361613631295988e-01 -1.262742678553365181e+02
-9.926324739131364705e-01 5.027331082801012041e-03 -1.210598929260665035e-01 -2.348431288158959376e+02 4.820211276110163839e-03 9.999863753376465603e-01 2.003672211005343585e-03 1.047147410520644195e+00 1.210683166494869734e-01 1.405375842754322865e-03 -9.926431824288124428e-01 -1.268798515896869930e+02
-9.926385372641577387e-01 5.160209259850438712e-03 -1.210045725519028892e-01 -2.349176315800506814e+02 4.955610462646557399e-03 9.999857374109444308e-01 1.991707717578331503e-03 1.048686135161890576e+00 1.210131243420178859e-01 1.377394309668404085e-03 -9.926499516556175351e-01 -1.274780203205595228e+02
-9.926396350613662101e-01 4.960806756854562426e-03 -1.210039061417378936e-01 -2.349920122232071265e+02 4.762281497720374616e-03 9.999867982092812690e-01 1.929788093714828855e-03 1.053341620494611552e+00 1.210118819793074563e-01 1.339329485720166125e-03 -9.926501551988768934e-01 -1.280714395610079350e+02
-9.926256209815678133e-01 5.133496976747306713e-03 -1.211116170305153311e-01 -2.350593055878605071e+02 4.927800700569431001e-03 9.999858625824759040e-01 1.997852706566415667e-03 1.050511636574260610e+00 1.211201607958474896e-01 1.386305872235124841e-03 -9.926368846687172454e-01 -1.286784311656290356e+02
-9.926419445689587118e-01 4.923740494885397653e-03 -1.209864730533790206e-01 -2.351381762663747566e+02 4.715317760616646175e-03 9.999868648985109632e-01 2.008932269543904289e-03 1.050005080726921669e+00 1.209947753449436975e-01 1.423660769364426537e-03 -9.926521231172786841e-01 -1.292732022009472530e+02
-9.926410684626014724e-01 5.020759703988957913e-03 -1.209896738297107366e-01 -2.352145271408636802e+02 4.811289065997161572e-03 9.999863786208568195e-01 2.023380900325008093e-03 1.052934002658115098e+00 1.209981846927812577e-01 1.426374684009986240e-03 -9.926517036485216217e-01 -1.298760203644105218e+02
-9.926354362066469594e-01 5.081841904462167624e-03 -1.210333246246584477e-01 -2.352843746469822008e+02 4.886167963076548486e-03 9.999862319844814440e-01 1.913427321729118270e-03 1.059975668316032404e+00 1.210413819711114586e-01 1.307946610908649557e-03 -9.926466003196638965e-01 -1.304751280335545403e+02
-9.926121489537347298e-01 4.962813004777337327e-03 -1.212290898940068529e-01 -2.353572851321939652e+02 4.768465672970327411e-03 9.999868386807098108e-01 1.893198480268048654e-03 1.062405892935467833e+00 1.212368899492859975e-01 1.301135058169806133e-03 -9.926227498717656861e-01 -1.310774500494160009e+02
-9.925823556690258620e-01 5.151879530762694913e-03 -1.214649140773899488e-01 -2.354345514164531608e+02 4.945547594444185506e-03 9.999857704623459353e-01 2.000107951975657258e-03 1.057820181000387105e+00 1.214734900030385173e-01 1.384561348939543574e-03 -9.925937105464412991e-01 -1.316615828209791630e+02
-9.925195557088839493e-01 5.081251627752248791e-03 -1.219799672787928169e-01 -2.355080806730583731e+02 4.876330731513088719e-03 9.999861535297386306e-01 1.978420429234732658e-03 1.060793508422880116e+00 1.219883311388298419e-01 1.368806302358897874e-03 -9.925305906798389532e-01 -1.322527458802729825e+02
-9.924952567330334041e-01 4.989417557891714060e-03 -1.221813041134541394e-01 -2.355681959493957720e+02 4.793896584682831412e-03 9.999867152574005713e-01 1.894165845393501251e-03 1.065524092583128857e+00 1.221891317506050983e-01 1.294226080517183299e-03 -9.925059904408068956e-01 -1.328341268727661202e+02
-9.926160134869232987e-01 5.066144917941388555e-03 -1.211931678973659221e-01 -2.356466868543260773e+02 4.873248846425449858e-03 9.999863433858184880e-01 1.887985047804445092e-03 1.068516180570270091e+00 1.212010776148856050e-01 1.283439726024081717e-03 -9.926271462978739635e-01 -1.334253696309729662e+02
-9.927092398238122062e-01 5.014086171033152114e-03 -1.204293324248649211e-01 -2.357233570394476203e+02 4.811372180845265370e-03 9.999864769646230611e-01 1.973977106951523182e-03 1.063255587333300500e+00 1.204376015460560112e-01 1.380154973484692786e-03 -9.927199400163586596e-01 -1.340134224915209700e+02
-9.927351096506109585e-01 5.114117147304845026e-03 -1.202116794358758234e-01 -2.357958808791298964e+02 4.916491384246870697e-03 9.999860311670487611e-01 1.940511077748945101e-03 1.066726260624789591e+00 1.202199242199842311e-01 1.335393791314993389e-03 -9.927463858125920027e-01 -1.345943286708561004e+02
-9.927345439217549750e-01 5.056008214190542763e-03 -1.202188091997383468e-01 -2.358582876240290602e+02 4.859871810685289714e-03 9.999863386327195736e-01 1.924628252822561556e-03 1.068421095278591304e+00 1.202268977826873864e-01 1.326396948840767977e-03 -9.927455533623332773e-01 -1.351944273363725983e+02
-9.927223295037932438e-01 5.012142246962812860e-03 -1.203214649788613422e-01 -2.359327542297893388e+02 4.815834060981496502e-03 9.999865562435302779e-01 1.922257657537878445e-03 1.070315243579504250e+00 1.203294820352029670e-01 1.328819890385113910e-03 -9.927331212319048248e-01 -1.357780565330694174e+02
-9.926287648168237165e-01 5.083173077401835667e-03 -1.210879705408127588e-01 -2.359983921671331473e+02 4.862306607817228239e-03 9.999859329194106250e-01 2.119419200536625490e-03 1.060671280911595682e+00 1.210970405611926509e-01 1.515029623869958283e-03 -9.926395173740365507e-01 -1.363570512483987329e+02
-9.925752946351324990e-01 5.041038919159820594e-03 -1.215272496463053187e-01 -2.360763886945172771e+02 4.813096463657497159e-03 9.999860643983176089e-01 2.169126920048232432e-03 1.058121269803175668e+00 1.215364907441852660e-01 1.568099416257217812e-03 -9.925857255077816799e-01 -1.369481362190597054e+02
-9.925513732216506568e-01 5.008981979192955909e-03 -1.217237923141877426e-01 -2.361455176506059956e+02 4.785530479900094135e-03 9.999862850594345431e-01 2.128001658174778158e-03 1.061547106963706355e+00 1.217327820015682432e-01 1.529638049790751648e-03 -9.925617310744936361e-01 -1.375317405225095229e+02
-9.925534694803805902e-01 4.970782816401152389e-03 -1.217082640606282212e-01 -2.362206003319442686e+02 4.749345412452245403e-03 9.999864968967882017e-01 2.109441215837596587e-03 1.064225491803516999e+00 1.217171061955247685e-01 1.515698611870647250e-03 -9.925636748930042330e-01 -1.381324960498813255e+02
-9.925691176638415936e-01 5.060226391462367863e-03 -1.215768924133646123e-01 -2.362993348603563390e+02 4.843891138415623056e-03 9.999861156666959294e-01 2.074895773926936204e-03 1.068173048058749686e+00 1.215857038416230385e-01 1.470572235773885510e-03 -9.925798476891605215e-01 -1.387219793938980388e+02
-9.925523397988016416e-01 5.001316929662357087e-03 -1.217162256599104014e-01 -2.363649780194738526e+02 4.771062989493291516e-03 9.999862354274848819e-01 2.183097230325122852e-03 1.061758308701689080e+00 1.217254686492331567e-01 1.586122484500670842e-03 -9.925625393382471184e-01 -1.393113510986301549e+02
-9.925289142752271587e-01 5.085005424830322043e-03 -1.219036383684647951e-01 -2.364230567409198329e+02 4.866626963358534202e-03 9.999859757504782065e-01 2.089077395302048855e-03 1.069062200054652356e+00 1.219125517313106866e-01 1.480210185580582401e-03 -9.925397416265850925e-01 -1.398881199420182213e+02
-9.925223028706779971e-01 4.985931017358401912e-03 -1.219615463831811158e-01 -2.364996695612588269e+02 4.756791365950476316e-03 9.999863321950879236e-01 2.169875322718296459e-03 1.065769010940305295e+00 1.219706982852337002e-01 1.573504021433134439e-03 -9.925324543030862312e-01 -1.404675987315056886e+02
-9.925127147535783845e-01 5.016379887115379049e-03 -1.220383013045879261e-01 -2.365771757527944601e+02 4.785388321052314736e-03 9.999861610656897160e-01 2.185803221073800810e-03 1.064216322509071055e+00 1.220475772438682216e-01 1.585436827081036434e-03 -9.925229847610426148e-01 -1.410405926683852442e+02
-9.925105315284992180e-01 4.932266186295926856e-03 -1.220594836761285523e-01 -2.366484370869403620e+02 4.720470694704660165e-03 9.999868096086309555e-01 2.024293746516062434e-03 1.076598639923409095e+00 1.220678580193656354e-01 1.432954646620527911e-03 -9.925207225441412540e-01 -1.416203162241035898e+02
-9.925182005867001500e-01 5.004914732069222147e-03 -1.219941487640489181e-01 -2.367216933313018501e+02 4.790242484697948555e-03 9.999864194613168333e-01 2.052917405318484094e-03 1.076213195188139737e+00 1.220027666943580974e-01 1.453176334785708955e-03 -9.925286964100650255e-01 -1.421930002318906929e+02
-9.925182888378965007e-01 4.987658187369121802e-03 -1.219941375152936436e-01 -2.367939726552768320e+02 4.769429784593516401e-03 9.999864613313442785e-01 2.080791567123296479e-03 1.075267236892888389e+00 1.220028641541838488e-01 1.483381212618300115e-03 -9.925286397471633215e-01 -1.427814100104906743e+02
-9.925466690308852868e-01 5.004178300310478493e-03 -1.217623422706432951e-01 -2.368674000005797211e+02 4.778498971431641672e-03 9.999862815534323879e-01 2.145379341629551680e-03 1.072359493522553331e+00 1.217714077412042212e-01 1.547547892042708392e-03 -9.925569652933012854e-01 -1.433488038829908646e+02
-9.925404290713009114e-01 5.088057618236838456e-03 -1.218097218149356842e-01 -2.369343668692650908e+02 4.863452846101614865e-03 9.999858810638303508e-01 2.141144415669980414e-03 1.073816005096996484e+00 1.218188962574044409e-01 1.532756558789006955e-03 -9.925511609846415784e-01 -1.439213438917283270e+02
-9.925446930147945324e-01 5.019448018146343074e-03 -1.217778202701971513e-01 -2.370063146630219819e+02 4.800858969047016103e-03 9.999862952239637615e-01 2.088328856035322027e-03 1.078375347596928213e+00 1.217866335905818387e-01 1.488121582652344142e-03 -9.925551880741083632e-01 -1.444796689216654215e+02
-9.925641997795637828e-01 4.923269308029789258e-03 -1.216226571625326491e-01 -2.370737560179030368e+02 4.713472476684850247e-03 9.999868661758174460e-01 2.012623432042600323e-03 1.086769734095442308e+00 1.216309684791084533e-01 1.424392919206087784e-03 -9.925743693102528908e-01 -1.450474218531770134e+02
-9.925934956248205765e-01 4.962405255662366739e-03 -1.213817407083037508e-01 -2.371477811372249676e+02 4.748060176201339237e-03 9.999866162634587496e-01 2.055047084920088706e-03 1.083695989792677894e+00 1.213903141435200422e-01 1.463498560519334215e-03 -9.926037728137551142e-01 -1.456119289111699970e+02
-9.926017661046930840e-01 4.853046813893759429e-03 -1.213185140960209574e-01 -2.372196729163997020e+02 4.619279284099329572e-03 9.999868932813914535e-01 2.208058949971469266e-03 1.073108165864842700e+00 1.213276398218467445e-01 1.631319114463492502e-03 -9.926111739312666327e-01 -1.461590095693882745e+02
-9.925708532396129158e-01 4.983498315095766587e-03 -1.215658917777954345e-01 -2.372737490733999550e+02 4.752668022214325688e-03 9.999863107924713557e-01 2.188692379812868551e-03 1.077055988351456550e+00 1.215751349818615518e-01 1.594669936465601843e-03 -9.925809506442970775e-01 -1.467254060799216973e+02
-9.925827714601151985e-01 4.843392655754776184e-03 -1.214742085717742809e-01 -2.373370971431761518e+02 4.626419558638247310e-03 9.999871594294591493e-01 2.068143677024655239e-03 1.085221128304874716e+00 1.214826656055265769e-01 1.490813128312287348e-03 -9.925924336975335827e-01 -1.472906463160007036e+02
-9.926128776010805232e-01 4.901818110931097268e-03 -1.212256053798417832e-01 -2.374109462115479516e+02 4.680409692878829790e-03 9.999868184382089131e-01 2.111093303353291789e-03 1.083874697760678130e+00 1.212343556324220473e-01 1.528112900280966836e-03 -9.926227359300989761e-01 -1.478477160837345252e+02
-9.926795968572903472e-01 4.848481902382610446e-03 -1.206801980711439681e-01 -2.374804281621374571e+02 4.627413994606594493e-03 9.999870631092072637e-01 2.112026028442673484e-03 1.084729506315894376e+00 1.206888769645769466e-01 1.538127909040269085e-03 -9.926891906027612844e-01 -1.484030287059864293e+02
-9.927872255948160252e-01 4.908630113741910619e-03 -1.197891065420981643e-01 -2.375488931994245831e+02 4.686659366629659929e-03 9.999867391292643903e-01 2.134663814680014607e-03 1.085536645887114737e+00 1.197979963093242367e-01 1.557856227958095800e-03 -9.927970654490494429e-01 -1.489568008018987371e+02
-9.928484570478812721e-01 4.856076239839307238e-03 -1.192826888580017231e-01 -2.376153193521690241e+02 4.645186024411496195e-03 9.999871180591717312e-01 2.045962490045113991e-03 1.090925244572238606e+00 1.192910876152975252e-01 1.477240422181717860e-03 -9.928582246102890529e-01 -1.495053394512860052e+02
-9.928995907707904855e-01 4.892634864137048248e-03 -1.188548054193982878e-01 -2.376747074717974328e+02 4.680996266001690928e-03 9.999869227591688947e-01 2.059753530335581978e-03 1.091104408772511691e+00 1.188633287484179429e-01 1.488769536994329241e-03 -9.929095087892507721e-01 -1.500514849540612659e+02
-9.929468790643940501e-01 4.857562965768268473e-03 -1.184605395830741481e-01 -2.377317928564870044e+02 4.637121259332953674e-03 9.999869662670615167e-01 2.136446213927202086e-03 1.086948916271051724e+00 1.184693735220445909e-01 1.572061713915230132e-03 -9.929564623684472568e-01 -1.505921557976820111e+02
-9.929762465900764390e-01 4.861633585456611763e-03 -1.182139510665540238e-01 -2.377897792292443171e+02 4.645118722032427934e-03 9.999869916091861377e-01 2.107008416609461397e-03 1.091323982839346174e+00 1.182226567961619235e-01 1.543091471753886730e-03 -9.929859124321795960e-01 -1.511339457020661428e+02
-9.930538058207616370e-01 4.814832176714678273e-03 -1.175625626464949364e-01 -2.378617228200263014e+02 4.604445354693737467e-03 9.999872753811481774e-01 2.061106198974772905e-03 1.094082984661306268e+00 1.175709905881404532e-01 1.505478959629117037e-03 -9.930633392212329102e-01 -1.516648757315012119e+02
-9.931123863277810937e-01 4.788534653569348487e-03 -1.170677498639651204e-01 -2.379201861811833396e+02 4.584024930972823916e-03 9.999874609084915544e-01 2.016120338734927846e-03 1.097765028518748132e+00 1.170759362028446771e-01 1.465592596735711996e-03 -9.931218843629254778e-01 -1.521751086732323017e+02
-9.931697170850397605e-01 4.827141883553844742e-03 -1.165787792287203972e-01 -2.379816067597484448e+02 4.621082555708826492e-03 9.999872464576784470e-01 2.037772804684410879e-03 1.097686304160621518e+00 1.165871290547803585e-01 1.485134076852333675e-03 -9.931793572741725029e-01 -1.527131177241660680e+02
-9.932412096368252730e-01 4.755285003523033148e-03 -1.159710599404501497e-01 -2.380477077488630187e+02 4.566635873079815354e-03 9.999877823799950827e-01 1.892333887625229777e-03 1.106914481634719616e+00 1.159786416370657269e-01 1.349946397018490438e-03 -9.932507902482365925e-01 -1.532220832011236382e+02
-9.932483708221901963e-01 4.746166875262650998e-03 -1.159100848030822917e-01 -2.381007786153112988e+02 4.553363487450932424e-03 9.999877745518116479e-01 1.928115107095481999e-03 1.106705586950953668e+00 1.159178189063990172e-01 1.387316440910543736e-03 -9.932578389386497175e-01 -1.537255931045783086e+02
-9.931973219194367708e-01 4.816534026106360049e-03 -1.163438040122226902e-01 -2.381519504327084746e+02 4.619517715037731349e-03 9.999874033005909935e-01 1.962981462392071174e-03 1.105271811595197162e+00 1.163517932313016812e-01 1.412175667755963693e-03 -9.932070609755774271e-01 -1.542201313022151510e+02
-9.931902179353240268e-01 4.787322861971801333e-03 -1.164056379107128170e-01 -2.382188130410280849e+02 4.589365448457673538e-03 9.999875311904194986e-01 1.968549839414831908e-03 1.106750045925488868e+00 1.164136105546307864e-01 1.420916431391863136e-03 -9.931998048097527843e-01 -1.547284058255530113e+02
-9.932020466104216627e-01 4.758214004329398145e-03 -1.163058640325540100e-01 -2.382837667735614389e+02 4.556405582104154292e-03 9.999876175808534162e-01 2.000963053170499387e-03 1.105546535381481510e+00 1.163139448950181037e-01 1.457423911491401896e-03 -9.932114287192335134e-01 -1.552182377379014611e+02
-9.931693658819020776e-01 4.672627157697773620e-03 -1.165880664098411790e-01 -2.383321086690137633e+02 4.477741709381699575e-03 9.999881057544580676e-01 1.933437041841532932e-03 1.110942030151155668e+00 1.165957139131814646e-01 1.398179193038826505e-03 -9.931784756991159924e-01 -1.557060483585110546e+02
-9.931602866680706576e-01 4.679018374267774824e-03 -1.166651266336666548e-01 -2.383959469097843282e+02 4.489558240478737014e-03 9.999881420471241622e-01 1.886698689769470512e-03 1.114066105249938543e+00 1.166725711219289141e-01 1.350019330933046853e-03 -9.931695165456926322e-01 -1.561785363954498393e+02
-9.931062572848290415e-01 4.793803582402259358e-03 -1.171195166867282783e-01 -2.384320299336821165e+02 4.601537549462058480e-03 9.999875850452939474e-01 1.911964294089522421e-03 1.114754487267210603e+00 1.171272282345158372e-01 1.359853850356647137e-03 -9.931159867828158738e-01 -1.566564909847163847e+02
-9.930774169413802976e-01 4.799995338797715186e-03 -1.173635548446994442e-01 -2.384839331008836325e+02 4.608539087125253231e-03 9.999875706033648504e-01 1.902631404881622050e-03 1.116929211117430043e+00 1.173712287084006517e-01 1.348585751045623714e-03 -9.930871945544126334e-01 -1.571327037931125687e+02
-9.930518222853457200e-01 4.694203632069385637e-03 -1.175841941249536476e-01 -2.385381691381369649e+02 4.504908178430730437e-03 9.999880938997389723e-01 1.875596190735802794e-03 1.119366069058421287e+00 1.175915985862001217e-01 1.332858217313951255e-03 -9.930611458671183556e-01 -1.576035217007096776e+02
-9.930541358361051341e-01 4.681800223556603635e-03 -1.175651480902136364e-01 -2.386044876883889856e+02 4.493235475953651428e-03 9.999881589345633870e-01 1.868910276061681863e-03 1.121311533925395398e+00 1.175725058581503085e-01 1.327681185014956741e-03 -9.930634134479563446e-01 -1.580590757930200425e+02
-9.929956395285957083e-01 4.597187538074937879e-03 -1.180615337183776176e-01 -2.386493961536592678e+02 4.417459351502272050e-03 9.999886516987533946e-01 1.783963729216834441e-03 1.126829021783420259e+00 1.180683951363516865e-01 1.249936178012540575e-03 -9.930046786040225282e-01 -1.585199180647140622e+02
-9.929543992335863045e-01 4.719623277841007193e-03 -1.184030666781188956e-01 -2.386912940826667580e+02 4.543045385470721211e-03 9.999881294029360213e-01 1.761190461735931542e-03 1.130281306863032853e+00 1.184099733185231262e-01 1.210871311171314276e-03 -9.929640537347634854e-01 -1.589750907094121146e+02
-9.929409103471424913e-01 4.774962955398325340e-03 -1.185139160088931332e-01 -2.387509922029011307e+02 4.588742542365388533e-03 9.999877712493594473e-01 1.844124078945105381e-03 1.126431816709944744e+00 1.185212723559289638e-01 1.287276393488511915e-03 -9.929506789960007573e-01 -1.594417137929307557e+02
-9.929319221422348019e-01 4.701582585451279626e-03 -1.185921292165712515e-01 -2.388119927835651595e+02 4.519370545081125186e-03 9.999881579407647880e-01 1.805344319608411744e-03 1.129559777842800372e+00 1.185992128169660598e-01 1.256622229737517846e-03 -9.929414119774482295e-01 -1.599005158383723710e+02
-9.929128614516926632e-01 4.761669003392870678e-03 -1.187492150378894884e-01 -2.388656709240798648e+02 4.567486059806639617e-03 9.999877499893153887e-01 1.907339088861428715e-03 1.125773105854591893e+00 1.187568424761548669e-01 1.351436128181523685e-03 -9.929224471153255127e-01 -1.603519462123691710e+02
-9.928776560088667935e-01 4.769717475558999872e-03 -1.190428914028126423e-01 -2.389126497929947561e+02 4.576062286498859891e-03 9.999877246329620384e-01 1.900062457248187335e-03 1.126100736348711884e+00 1.190504928687344116e-01 1.341781872998837506e-03 -9.928872945954725360e-01 -1.607983068942007492e+02
-9.928530725888204955e-01 4.703169821874570236e-03 -1.192503938968991484e-01 -2.389628201888510546e+02 4.509868174150798159e-03 9.999880429350219702e-01 1.890787147304489029e-03 1.128771386840658364e+00 1.192578607052414696e-01 1.339470272622140298e-03 -9.928624116560151869e-01 -1.612475890364983968e+02
-9.928214918171409664e-01 4.763555771029505913e-03 -1.195106435527933247e-01 -2.390126173096938658e+02 4.574269591562501840e-03 9.999878116584018928e-01 1.858115266675668771e-03 1.131312643347208269e+00 1.195180381519469065e-01 1.298102868357534729e-03 -9.928311807579639492e-01 -1.616925760821147264e+02
-9.928210097513634480e-01 4.748056082589290940e-03 -1.195152649652735516e-01 -2.390757954049317391e+02 4.563762406310542356e-03 9.999879376450304669e-01 1.815664379072524275e-03 1.132386592278897375e+00 1.195224442060222464e-01 1.257190468971607035e-03 -9.928307029917755600e-01 -1.621364169330335585e+02
-9.927834605900105469e-01 4.800357066692839507e-03 -1.198246925760953624e-01 -2.391211242719493555e+02 4.604697163085731161e-03 9.999875748115019114e-01 1.909708524132892882e-03 1.129173895731597321e+00 1.198323710145125370e-01 1.344170615334128269e-03 -9.927932292589416452e-01 -1.625766621722656282e+02
-9.927936086038364749e-01 4.854726824537467129e-03 -1.197383912654239602e-01 -2.391784504433148868e+02 4.656186160919712110e-03 9.999872822824754648e-01 1.937834808119162124e-03 1.127968438703960796e+00 1.197462761250115137e-01 1.366345771689888786e-03 -9.928035870470175439e-01 -1.630039652570570752e+02
-9.927618133372755338e-01 4.812294696771151140e-03 -1.200034324468912811e-01 -2.392257056041263468e+02 4.610862541505951484e-03 9.999874566110279472e-01 1.956161350938376113e-03 1.128795094630317797e+00 1.200113408220552652e-01 1.388682958416366259e-03 -9.927715495690503378e-01 -1.634422575438306069e+02
-9.927775687412745409e-01 4.849175524898489097e-03 -1.198715333216871376e-01 -2.392767477860566032e+02 4.666068175098216954e-03 9.999874791030258780e-01 1.808160656747642659e-03 1.137223224862073945e+00 1.198788005109700655e-01 1.235772593967001233e-03 -9.927877648592104975e-01 -1.638762840773644598e+02
-9.928082742561958884e-01 4.874743555861878186e-03 -1.196159163476975540e-01 -2.393228594649237664e+02 4.674916354889242440e-03 9.999871690556724202e-01 1.951123034752735765e-03 1.132011783437526287e+00 1.196238927869745505e-01 1.377896689355459850e-03 -9.928183246068762458e-01 -1.642940844914558056e+02
-9.929188756321003506e-01 4.838045884739211600e-03 -1.186958285935240526e-01 -2.393767878868610808e+02 4.633677047530393792e-03 9.999872690309401513e-01 1.997701945049914357e-03 1.129062287771898321e+00 1.187039824542768934e-01 1.433557832535606444e-03 -9.929286527547869223e-01 -1.647117783726112066e+02
-9.930598646248083305e-01 4.939776795457640618e-03 -1.175061865459408467e-01 -2.394264942947127963e+02 4.725747358989210514e-03 9.999866286073089139e-01 2.099980592059798746e-03 1.124905329611582516e+00 1.175149887599764714e-01 1.530101891731254233e-03 -9.930699301685377289e-01 -1.651322853024301764e+02
-9.932135656480585162e-01 4.994477666479239623e-03 -1.161975395845747383e-01 -2.394826514010129017e+02 4.776789410812551546e-03 9.999862758661688389e-01 2.151827649967702743e-03 1.121089367723432817e+00 1.162066921291305122e-01 1.582173236234435528e-03 -9.932237922201903046e-01 -1.655538164703708048e+02
-9.933468128683109466e-01 4.878367867390537641e-03 -1.150578588855156043e-01 -2.395283291205417129e+02 4.669077709073656338e-03 9.999869189955964410e-01 2.088432675731298916e-03 1.126729606997650679e+00 1.150665419560153585e-01 1.537323858151621106e-03 -9.933565963729438231e-01 -1.659735949547715848e+02
-9.935574063923053867e-01 4.926183178754431173e-03 -1.132228462912211742e-01 -2.395629023879377826e+02 4.723329486682466098e-03 9.999867235601307414e-01 2.059820874448632828e-03 1.127145801689460436e+00 1.132314901498535364e-01 1.511761477196471712e-03 -9.935674834734078420e-01 -1.663816690182318041e+02
-9.937827944048032158e-01 4.973980740596435982e-03 -1.112250738843265085e-01 -2.396061651364029217e+02 4.761982383982185998e-03 9.999863037431584445e-01 2.171600762159295404e-03 1.119775325596773508e+00 1.112343520175146094e-01 1.628447631255984214e-03 -9.937928693090714027e-01 -1.667923982302726245e+02
-9.940068978282883272e-01 4.863627343150771394e-03 -1.092091214086510498e-01 -2.396475773525040154e+02 4.664627603109470534e-03 9.999869623468850000e-01 2.077591291340324421e-03 1.124710298199189662e+00 1.092178022078215960e-01 1.555720192226136287e-03 -9.940166253215165781e-01 -1.671922709886246139e+02
-9.942866008734050354e-01 4.712694260180202814e-03 -1.066393259375763292e-01 -2.397010738630332582e+02 4.538718779285235046e-03 9.999879438632669482e-01 1.874075761084629567e-03 1.137141356503109879e+00 1.066468722253641199e-01 1.379362507024878542e-03 -9.942960032121328506e-01 -1.676029470604235598e+02
-9.946175440803679546e-01 5.051229268654440670e-03 -1.034911884674874494e-01 -2.397344357224381781e+02 4.850738038158468844e-03 9.999858394976710585e-01 2.188868343041453380e-03 1.122041913240755306e+00 1.035007794561117467e-01 1.675078211157686155e-03 -9.946279619862716803e-01 -1.680022609162891172e+02
-9.949802500266258232e-01 4.919775014998888779e-03 -9.995047709118623502e-02 -2.397704400335383355e+02 4.737616806812070328e-03 9.999866560943793115e-01 2.059762164270361341e-03 1.127910178303276556e+00 9.995927692788580954e-02 1.575895613085018850e-03 -9.949902811128716884e-01 -1.684007526189477915e+02
-9.952830156697618502e-01 4.920387409971574075e-03 -9.688915577628134934e-02 -2.397973220680459008e+02 4.746413212995355402e-03 9.999866833541168898e-01 2.026000011015279424e-03 1.130433062109621467e+00 9.689783424265077660e-02 1.556567431537750866e-03 -9.952931160301043967e-01 -1.688146870677332743e+02
-9.956964656335602903e-01 4.807938572065758795e-03 -9.254961940237038664e-02 -2.398479149766252192e+02 4.649631433370682645e-03 9.999873355304805811e-01 1.926059756046963464e-03 1.134620318705689801e+00 9.255770768752963340e-02 1.487449272175244428e-03 -9.957062108083349905e-01 -1.692031028007192504e+02
-9.960434016815009617e-01 5.032039073109236850e-03 -8.872553493504940769e-02 -2.398741843517284167e+02 4.869535323766238134e-03 9.999860467842749401e-01 2.047892206264755217e-03 1.130029535465221890e+00 8.873460200211956417e-02 1.607737392918702490e-03 -9.960540073650629989e-01 -1.695927652730666750e+02
-9.964763213889717974e-01 4.698032391150178642e-03 -8.374287672844250852e-02 -2.399068520007736538e+02 4.569660467978793432e-03 9.999880720121973043e-01 1.724539514176445321e-03 1.146329364986690358e+00 8.374997978692773348e-02 1.335786277915683136e-03 -9.964859038444595640e-01 -1.699815504319128081e+02
-9.968899824270667231e-01 4.643634156930174367e-03 -7.866892396861255299e-02 -2.399526432293377525e+02 4.525310806970410035e-03 9.999883456829130601e-01 1.682278351237251465e-03 1.148411288610534431e+00 7.867581902124101689e-02 1.321045104194442212e-03 -9.968993782429447226e-01 -1.703743290724478356e+02
-9.973513531498401363e-01 5.030205084634910458e-03 -7.256015026852007110e-02 -2.399707759174139028e+02 4.895643027489330994e-03 9.999859512810828077e-01 2.032220415018812232e-03 1.128986505213774416e+00 7.256935337682908493e-02 1.671609187082083014e-03 -9.973619677294673913e-01 -1.707593902263925258e+02
-9.978174354438562599e-01 4.849954882069292678e-03 -6.585471480378454756e-02 -2.399854268240384840e+02 4.734282163619565192e-03 9.999869645115966321e-01 1.912427587659492213e-03 1.133312483979474372e+00 6.586313154292877670e-02 1.596478789304664730e-03 -9.978273894611404682e-01 -1.711370097881226968e+02
-9.982657422842786676e-01 4.814255991884209239e-03 -5.867137906051073798e-02 -2.399930363861250555e+02 4.716761503674908075e-03 9.999872558540633394e-01 1.800080658584887923e-03 1.139410505721985656e+00 5.867929739299015263e-02 1.520219952693681927e-03 -9.982757279373069004e-01 -1.715254168790069400e+02
-9.986486340455813515e-01 4.888960927025792422e-03 -5.173976980958192029e-02 -2.400128431919497984e+02 4.801848487704693524e-03 9.999868368991698953e-01 1.807838348416866301e-03 1.136956396271683989e+00 5.174792720482278285e-02 1.556948761807393266e-03 -9.986589647825514504e-01 -1.719090536289146200e+02
-9.990802188133660611e-01 4.775449532141799562e-03 -4.261351261752581443e-02 -2.400390310407783829e+02 4.706491429681144111e-03 9.999874479394232907e-01 1.718401007168057423e-03 1.141430335690460041e+00 4.262118386741976794e-02 1.516260322327575832e-03 -9.990901539102343687e-01 -1.722966428449928742e+02
-9.994303214109494515e-01 5.051014969766383020e-03 -3.336944548806437122e-02 -2.400540946506384614e+02 4.988725920189944485e-03 9.999856556465139823e-01 1.949644815011744017e-03 1.127740864350638361e+00 3.337881451008901240e-02 1.782063126455706763e-03 -9.994411833584375682e-01 -1.726807987828958915e+02
-9.997252487647143582e-01 5.036817776165654174e-03 -2.289230108616854484e-02 -2.400576778342870625e+02 4.997279010413707527e-03 9.999859220961153650e-01 1.784043742167238603e-03 1.134842051859881407e+00 2.290096471378815987e-02 1.669154358227293265e-03 -9.997363451125031997e-01 -1.730672136250574624e+02
-9.998942559960528609e-01 5.144801797451357614e-03 -1.360175873058380031e-02 -2.400582528877985453e+02 5.119207295129398969e-03 9.999850615001277809e-01 1.915853140284971704e-03 1.123937571962159376e+00 1.361141222539253084e-02 1.846020327782748509e-03 -9.999056563827311006e-01 -1.734529856782923218e+02
-9.999860445652419827e-01 4.833247258231418604e-03 -2.133165652866420448e-03 -2.400608571786574146e+02 4.829756844638329917e-03 9.999869944798791543e-01 1.638389428626593064e-03 1.136441749006105839e+00 2.141056651151425436e-03 1.628063892777134678e-03 -9.999963826356461638e-01 -1.738461218909455965e+02
-9.999564160884635289e-01 4.878485970787964018e-03 7.960295104336117047e-03 -2.400627285419402313e+02 4.891398507283969965e-03 9.999867514869972274e-01 1.603455994243283781e-03 1.138600030863080370e+00 -7.952367204690230160e-03 1.642323084949967853e-03 -9.999670307718779849e-01 -1.742279771931462165e+02
-9.997719097007740086e-01 4.905812831325450166e-03 2.078609087182344342e-02 -2.400538429733075816e+02 4.939664357345489865e-03 9.999865554587682448e-01 1.577535338596624398e-03 1.135497789807286440e+00 -2.077807231926171241e-02 1.679851830297294894e-03 -9.997827012948983239e-01 -1.746143824290365671e+02
-9.994262352174716479e-01 5.017479320189853834e-03 3.349664550820791176e-02 -2.400562600886108271e+02 5.078702949558885557e-03 9.999855843989434723e-01 1.742920151259183797e-03 1.122437696031691301e+00 -3.348741756811385306e-02 1.912039637400496025e-03 -9.994373101746021337e-01 -1.750053137459154016e+02
-9.989084036701050273e-01 4.729973732325200644e-03 4.647180247993449448e-02 -2.400379117512362654e+02 4.796229087988258116e-03 9.999876343130013057e-01 1.314308800359805917e-03 1.146389193209137680e+00 -4.646501117806890041e-02 1.535763516522491330e-03 -9.989187375190453633e-01 -1.754033038386746455e+02
-9.982742910722000040e-01 4.908705180559104313e-03 5.851789809748498411e-02 -2.400197717332008551e+02 4.998941933084738616e-03 9.999865311449955829e-01 1.395746448452839326e-03 1.137712934851449642e+00 -5.851025862057807753e-02 1.685865370981295963e-03 -9.982853837926832785e-01 -1.757947588979990883e+02
-9.972837525844386874e-01 4.777375877765941033e-03 7.350029599139717984e-02 -2.399885438582016661e+02 4.880217543544983390e-03 9.999873478587882891e-01 1.219671707631358104e-03 1.144494906861191152e+00 -7.349353922507836923e-02 1.575056211460636570e-03 -9.972944494431437157e-01 -1.761907724319701174e+02
-9.961696346361883503e-01 4.967466048815651417e-03 8.730053441908612599e-02 -2.399728272552892747e+02 5.108878559037870540e-03 9.999859745056278726e-01 1.396478391800272173e-03 1.130209345428816237e+00 -8.729237302693278189e-02 1.837137197823225003e-03 -9.961810410453735276e-01 -1.765662685583050688e+02
-9.946188594996123733e-01 4.802826398057516259e-03 1.034903724328065655e-01 -2.399312678571993160e+02 4.940714787901420886e-03 9.999872156213051033e-01 1.076072178807232441e-03 1.144435959889737342e+00 -1.034838811848275142e-01 1.581598096708704878e-03 -9.946298733108640544e-01 -1.769691743970891480e+02
-9.927274726181223308e-01 4.786525143984217585e-03 1.202882134137873288e-01 -2.398759806657737670e+02 4.946100404309172228e-03 9.999872394916020646e-01 1.028078185599047827e-03 1.144229450563430284e+00 -1.202817575529445543e-01 1.615559039843129582e-03 -9.927384795448210841e-01 -1.773675159731334077e+02
-9.904158100845144030e-01 4.797525918638917072e-03 1.380344409185442767e-01 -2.398364648727063866e+02 4.965927823364395949e-03 9.999872863267400547e-01 8.756401861190009741e-04 1.148374890855307529e+00 -1.380284850872754987e-01 1.552716955017553312e-03 -9.904270424289560726e-01 -1.777547680608995506e+02
-9.881801343613736410e-01 4.726640300398302422e-03 1.532242830787892696e-01 -2.397808336198592656e+02 4.901991673307843148e-03 9.999876912905955040e-01 7.666452500279554143e-04 1.151794239797967911e+00 -1.532187734292802528e-01 1.508687765980922446e-03 -9.881911410906558668e-01 -1.781481563093537090e+02
-9.852195411386297508e-01 4.833037506347863908e-03 1.712282030129690380e-01 -2.397160227201111695e+02 5.040235299305151524e-03 9.999869973373063381e-01 7.753608487657045328e-04 1.144395968839868827e+00 -1.712222292423385972e-01 1.626931092700361139e-03 -9.852310903074994464e-01 -1.785494051677502796e+02
-9.824103658736178524e-01 4.833781749724771516e-03 1.866721928356240290e-01 -2.396472403640912319e+02 5.070206714805388336e-03 9.999868350653330351e-01 7.891133553710649642e-04 1.140008416018096327e+00 -1.866659209066655611e-01 1.721699745748473320e-03 -9.824219407780203639e-01 -1.789319487692602593e+02
-9.787161135205701967e-01 4.731221190899679609e-03 2.051642870512161987e-01 -2.395736333557329942e+02 4.969673566768762103e-03 9.999874417999092824e-01 6.469830854304806783e-04 1.143283024157837335e+00 -2.051586495369639995e-01 1.652812305089454599e-03 -9.787273352326755216e-01 -1.793253555706608608e+02
-9.745576728728215787e-01 4.713576131450337298e-03 2.240873143325242955e-01 -2.394940035370690055e+02 4.953631767670526112e-03 9.999876010994565023e-01 5.090969108224602116e-04 1.145801480647689052e+00 -2.240821362291533780e-01 1.606190339687442199e-03 -9.745689387496259126e-01 -1.797177452235840462e+02
-9.706603406303662140e-01 4.757416823628756765e-03 2.404077164163167246e-01 -2.394058407203094418e+02 5.031959535602919566e-03 9.999872001466324489e-01 5.281345764113105912e-04 1.140172390573916728e+00 -2.404021266764792275e-01 1.722361188891684356e-03 -9.706718554492870243e-01 -1.801094494750879562e+02
-9.657363252125634734e-01 4.725206376119479336e-03 2.594822201801818551e-01 -2.393047275794226323e+02 5.007417123912377872e-03 9.999873718087683994e-01 4.266107584056602229e-04 1.141970076415397273e+00 -2.594769275652084595e-01 1.711329218799871599e-03 -9.657477907888911695e-01 -1.805040767129300718e+02
-9.603203043882557743e-01 4.755526784184876260e-03 2.788589212212038149e-01 -2.392020950798222145e+02 5.062095931291294912e-03 9.999871155794880506e-01 3.792885418152797941e-04 1.137643871253228633e+00 -2.788535245687797648e-01 1.775849098445162096e-03 -9.603320041504133098e-01 -1.808961585657736180e+02
-9.551880922490971759e-01 4.709858281132804463e-03 2.959620341538785615e-01 -2.390910685828342253e+02 4.976326552004182481e-03 9.999876071950348777e-01 1.470727587210030616e-04 1.146938337721746581e+00 -2.959576736622616666e-01 1.613285876769641157e-03 -9.551996925821855111e-01 -1.812876192026899957e+02
-9.487637576264400519e-01 4.734398581781237673e-03 3.159508152934983327e-01 -2.389739986869651318e+02 5.055767005170598398e-03 9.999872000310544573e-01 1.974690896906208457e-04 1.137133975992350887e+00 -3.159458362354961025e-01 1.784725222767565272e-03 -9.487755494959448921e-01 -1.816721444999632524e+02
-9.418315735631517249e-01 4.714684480487906643e-03 3.360521667685054670e-01 -2.388529895341992528e+02 5.053115504178723461e-03 9.999872241392685490e-01 1.325969143121435902e-04 1.135189610802727511e+00 -3.360472482602102628e-01 1.822994374567013564e-03 -9.418433646993811248e-01 -1.820630834145534607e+02
-9.355696443796324147e-01 4.674934026082783883e-03 3.531112933725291114e-01 -2.387100216302482067e+02 4.997290158247551933e-03 9.999875134668134713e-01 1.238487292203526921e-06 1.138486392199921315e+00 -3.531068784467994437e-01 1.765758282252138846e-03 -9.355813243600183959e-01 -1.824410982002275432e+02
-9.278230727395129218e-01 4.639344940706374015e-03 3.729917186355888870e-01 -2.385680507885041663e+02 4.964126690919102441e-03 9.999876746243069325e-01 -8.969764616384586463e-05 1.138250543192309783e+00 -3.729875375108472335e-01 1.768354600289473487e-03 -9.278346672676132112e-01 -1.828234036785640626e+02
-9.195920566585671363e-01 4.583923057985064831e-03 3.928478547476947913e-01 -2.384192493384145450e+02 4.883363423703579106e-03 9.999880481880305538e-01 -2.371555716999775758e-04 1.141812126897441493e+00 -3.928442466068956529e-01 1.700332465027688377e-03 -9.196034508294157472e-01 -1.831960731969810752e+02
-9.121548885304495702e-01 4.574872283600390360e-03 4.098201189224278673e-01 -2.382648730442044780e+02 4.884941893233140514e-03 9.999880264462589485e-01 -2.903563600887347322e-04 1.140054126965123871e+00 -4.098165402624739384e-01 1.737097494343108495e-03 -9.121663147801459814e-01 -1.835625843430865700e+02
-9.025435987001801941e-01 4.594822012147779453e-03 4.305739658363065270e-01 -2.381088122548992203e+02 4.902912162827031961e-03 9.999879030090962351e-01 -3.940657228296241474e-04 1.138849993861813292e+00 -4.305705678488159216e-01 1.755404838488461728e-03 -9.025552086472059532e-01 -1.839320809382098503e+02
-8.937019690697127761e-01 4.591600649108592766e-03 4.486376128730146240e-01 -2.379376612876055788e+02 4.907078338322733158e-03 9.999878547185603317e-01 -4.593446995413177610e-04 1.136608646294349878e+00 -4.486342731703624187e-01 1.790982649424178921e-03 -8.937136461518588870e-01 -1.842883863007108971e+02
-8.827858754254525042e-01 4.580483660840008360e-03 4.697532515254685959e-01 -2.377619442321358747e+02 4.903581107310519584e-03 9.999878339202863398e-01 -5.356339588001647915e-04 1.134446775823258147e+00 -4.697499899325612849e-01 1.830623076050969748e-03 -8.827975961552636530e-01 -1.846388352450260015e+02
-8.711729412533610883e-01 4.540395149631873753e-03 4.909552843588242399e-01 -2.375846632766874507e+02 4.863036530330547974e-03 9.999879839194957265e-01 -6.187829401294285287e-04 1.132811701604302224e+00 -4.909521945196634873e-01 1.848466528645827415e-03 -8.711845532766406830e-01 -1.849815568996094441e+02
-8.585384551016705945e-01 4.565842717387383516e-03 5.127288505554541409e-01 -2.373986096774647194e+02 4.949039231604842638e-03 9.999875624913022731e-01 -6.179590502778330684e-04 1.124284569299606185e+00 -5.127252949897451728e-01 2.006973588232972752e-03 -8.585503735569015582e-01 -1.853262741964330758e+02
-8.469630486316015450e-01 4.552205668911585984e-03 5.316322711011927105e-01 -2.372053662173308339e+02 4.863742619876361070e-03 9.999878406451504498e-01 -8.139837693472279628e-04 1.128877634551262776e+00 -5.316295122172880472e-01 1.896308360233563443e-03 -8.469748908640750695e-01 -1.856685222040463543e+02
-8.326965029559536546e-01 4.520849420698721047e-03 5.537112026006356658e-01 -2.370006419280644820e+02 4.846478320000130111e-03 9.999878719072985422e-01 -8.761770403475501812e-04 1.126474630460750248e+00 -5.537084482043059808e-01 1.953959781477477686e-03 -8.327083141342790373e-01 -1.860031904829845928e+02
-8.197773483675276918e-01 4.526831128814000522e-03 5.726644802180741456e-01 -2.367915419580575929e+02 4.842973316513471231e-03 9.999878003617270750e-01 -9.719759103509270507e-04 1.124371970428436951e+00 -5.726618938893711652e-01 1.976594962546593132e-03 -8.197892707027782944e-01 -1.863418967290716637e+02
-8.037392557785432157e-01 4.565136388159180166e-03 5.949641739216833258e-01 -2.365646137935842432e+02 4.861363567259126446e-03 9.999875722847997306e-01 -1.105631140763633754e-03 1.122499121167650271e+00 -5.949618272333281332e-01 2.003698008684349184e-03 -8.037514599236939006e-01 -1.866732431841054733e+02
-7.865355768533885961e-01 4.517880851165200114e-03 6.175284407187425773e-01 -2.363326329521337357e+02 4.857381053116270088e-03 9.999875652853892349e-01 -1.129213843470964953e-03 1.116168924356645054e+00 -6.175258635824184550e-01 2.111404085942386773e-03 -7.865477415768058478e-01 -1.870093061965105505e+02
-7.704526629684584904e-01 4.440283417287118652e-03 6.374817471959375315e-01 -2.361119872293759556e+02 4.593667092369334466e-03 9.999884501673783621e-01 -1.413419431401203782e-03 1.130776463271233823e+00 -6.374806603713210063e-01 1.839406159265663185e-03 -7.704641615529730370e-01 -1.873157148961728922e+02
-7.504298552863120086e-01 4.404891030891712987e-03 6.609354198633710098e-01 -2.358625896751967446e+02 4.552671778352396746e-03 9.999885183753230988e-01 -1.495425425974909739e-03 1.128006272897694284e+00 -6.609344184369907449e-01 1.886810147319638309e-03 -7.504412931554502730e-01 -1.876314521223364409e+02
-7.293490588565751942e-01 4.370411171274251987e-03 6.841278022790933111e-01 -2.355698691948922203e+02 4.500362812783127199e-03 9.999886086415437081e-01 -1.590384136871592427e-03 1.125071155194562689e+00 -6.841269597666661539e-01 1.918878147120157366e-03 -7.293604190159179712e-01 -1.879811278784051751e+02
-7.105118769135436718e-01 4.329770595678478044e-03 7.036718879217660483e-01 -2.352987921402970812e+02 4.431570628767404589e-03 9.999887720252547130e-01 -1.678393632423217340e-03 1.124167867640651908e+00 -7.036712541709770896e-01 1.925853060830646883e-03 -7.105230869883345513e-01 -1.882859365948554569e+02
-6.875868201269286217e-01 4.343977519678599367e-03 7.260891781641204412e-01 -2.350375307430409464e+02 4.425644479180194935e-03 9.999886017273655892e-01 -1.791671368351749598e-03 1.119840282804974274e+00 -7.260886849818576350e-01 1.981482943857082023e-03 -6.875982077250204494e-01 -1.885785031186636331e+02
-6.672116740433031712e-01 4.314281109478308035e-03 7.448556699111857915e-01 -2.347577278684079261e+02 4.399635670173426133e-03 9.999886083982441054e-01 -1.851021262137136003e-03 1.116288405491100866e+00 -7.448551706380931448e-01 2.042070579471909689e-03 -6.672230546986859245e-01 -1.888598458404821372e+02
-6.422909121689883705e-01 4.311141491583336642e-03 7.664488229517798512e-01 -2.344657327242126144e+02 4.254601796217107219e-03 9.999888286181911612e-01 -2.059369411631159410e-03 1.120835614529335000e+00 -7.664491388922587412e-01 1.938220280949639902e-03 -6.423020790823099624e-01 -1.891325545456157613e+02
-6.153686423989748189e-01 4.293620215203690534e-03 7.882277581876254713e-01 -2.341639608315432781e+02 4.214483557804541043e-03 9.999887929401264364e-01 -2.156877949686714004e-03 1.116519509250144315e+00 -7.882281852867120131e-01 1.994697870967883455e-03 -6.153798413175557425e-01 -1.893953739016150735e+02
-5.908758986955273684e-01 4.235727828246939677e-03 8.067513439409431664e-01 -2.338641375476490509e+02 4.021551434842467534e-03 9.999892573270742213e-01 -2.304854551480692119e-03 1.121864118551807676e+00 -8.067524400116864447e-01 1.882509020318158055e-03 -5.908865853063332008e-01 -1.896476550469000415e+02
-5.617279183406136411e-01 4.090775955687003980e-03 8.273119189935567164e-01 -2.335540668966755504e+02 3.978682790540003129e-03 9.999895690954822003e-01 -2.243163722074213197e-03 1.111409275615783621e+00 -8.273124656621422268e-01 2.031564006410358815e-03 -5.617383349102273993e-01 -1.898978156876548837e+02
-5.325586967772308888e-01 4.104163342367257022e-03 8.463831226638426353e-01 -2.331903754545438687e+02 3.841774516829824654e-03 9.999896637465456317e-01 -2.431700769531176809e-03 1.114918697529490466e+00 -8.463843543305250572e-01 1.956589719351089010e-03 -5.325689593857032555e-01 -1.901604611870192230e+02
-5.030203270840332141e-01 4.266066344366726756e-03 8.642640517910125109e-01 -2.328296494205133627e+02 3.723603953039309605e-03 9.999892342097161935e-01 -2.768797259868606593e-03 1.123208507154593194e+00 -8.642665591782858758e-01 1.825415736430304262e-03 -5.030307968141871644e-01 -1.904087039878367591e+02
-4.771883848294327102e-01 4.136176911465749319e-03 8.787912934391387543e-01 -2.324545213294253472e+02 3.640176524709807029e-03 9.999896481038476059e-01 -2.729981687099810022e-03 1.116452816603606735e+00 -8.787934879701523316e-01 1.896239884615431772e-03 -4.771985014389230617e-01 -1.906383591922639766e+02
-4.465495059831430247e-01 4.200094609328738210e-03 8.947490698019662236e-01 -2.320574582323395418e+02 3.589826789117281022e-03 9.999893442447223002e-01 -2.902505923228127730e-03 1.115556685803180459e+00 -8.947517263743252069e-01 1.915881594182199891e-03 -4.465598252730331730e-01 -1.908467981081131768e+02
-4.193265520475004671e-01 4.308700969086695816e-03 9.078252463133610339e-01 -2.316851253517662315e+02 3.493145916973128089e-03 9.999889922056910407e-01 -3.132634522093803980e-03 1.118827950420692163e+00 -9.078287507451824334e-01 1.857569219510077103e-03 -4.193369871082648359e-01 -1.910495614959592956e+02
-3.873756519985318558e-01 4.008694086458894010e-03 9.219132467919276541e-01 -2.313392759013931652e+02 3.363962456563764514e-03 9.999900356023772030e-01 -2.934698033401538821e-03 1.108583264339792818e+00 -9.219158247884148283e-01 1.964450986309118977e-03 -3.873852771299124420e-01 -1.912152237870817828e+02
-3.565544504148208116e-01 3.834775952296780397e-03 9.342666741261730357e-01 -2.309457040543282176e+02 3.266903451660715160e-03 9.999905802275864675e-01 -2.857760999890180623e-03 1.102309388898566000e+00 -9.342688324198890060e-01 2.033211619741619614e-03 -3.565636195958397092e-01 -1.913826143509021449e+02
-3.265560585568962892e-01 3.743124657863531463e-03 9.451704235943807486e-01 -2.305244438606971471e+02 3.147608935410540348e-03 9.999909199475123245e-01 -2.872730498636796338e-03 1.098696396858634960e+00 -9.451725943856894574e-01 2.036919321860418408e-03 -3.265648753033638663e-01 -1.915524951701308680e+02
-3.017679604526266601e-01 3.643223416941370005e-03 9.533744411129327911e-01 -2.300933138148960779e+02 3.037591802648107343e-03 9.999912970013526969e-01 -2.859887688846895083e-03 1.095850949162563204e+00 -9.533765631062591783e-01 2.032939912191962257e-03 -3.017764007920615832e-01 -1.917015162562220496e+02
-2.737769319959060255e-01 3.903045338206160945e-03 9.617852971136526818e-01 -2.297083001611893565e+02 2.852697894992356660e-03 9.999906625838376195e-01 -3.246052965890191752e-03 1.105944980971910629e+00 -9.617889860159707371e-01 1.854988470413087946e-03 -2.737855098359767148e-01 -1.918214640153301218e+02
-2.475112731366002627e-01 3.921032687457967798e-03 9.688770794961367727e-01 -2.292878329276256864e+02 2.768189866286761402e-03 9.999905914484470415e-01 -3.339781347510159537e-03 1.105256614212359434e+00 -9.688810591580183651e-01 1.855402179818608490e-03 -2.475197985769779230e-01 -1.919417479000999549e+02
-2.233312594919119043e-01 3.794953005827032648e-03 9.747352188494270431e-01 -2.288506443228377236e+02 2.694312093907774708e-03 9.999910043398271275e-01 -3.275961197023270072e-03 1.100622078874949672e+00 -9.747388825814314872e-01 1.894616348326014742e-03 -2.233394752675750272e-01 -1.920544225298903882e+02
-2.015757761405609916e-01 3.764216201105102105e-03 9.794656896235426347e-01 -2.284047513088718802e+02 2.682792888645053192e-03 9.999909860152844665e-01 -3.290974095278117323e-03 1.095374775193015848e+00 -9.794692486727939462e-01 1.964322929279696713e-03 -2.015840577520513488e-01 -1.921496260240938625e+02
-1.847222234301084676e-01 3.773524726810483648e-03 9.827835268675261249e-01 -2.279598498416122254e+02 2.588827410418373040e-03 9.999910276287791167e-01 -3.353003814094980897e-03 1.096120758519646854e+00 -9.827873616116949984e-01 1.924882613153034577e-03 -1.847303350379936315e-01 -1.922408646637784386e+02
-1.675092495777410484e-01 3.896085351649388080e-03 9.858628057822422797e-01 -2.275149819667826989e+02 2.510329828421641561e-03 9.999906349104873415e-01 -3.525384443276657898e-03 1.097537305411071529e+00 -9.858673082875073490e-01 1.884306305520299686e-03 -1.675174612978969080e-01 -1.923230934549572737e+02
-1.545673453268561204e-01 3.796392212053776010e-03 9.879749607984914528e-01 -2.270818607258334509e+02 2.546387554194321726e-03 9.999908267063003509e-01 -3.444185487714892125e-03 1.089897885725166216e+00 -9.879789732929705748e-01 1.983408536383527310e-03 -1.545755945210807170e-01 -1.923963583474312884e+02
-1.419214659658845079e-01 3.888744690641632827e-03 9.898702819879104942e-01 -2.266475241705188068e+02 2.406386053863641787e-03 9.999906839080574539e-01 -3.583490373274676299e-03 1.094121214124844199e+00 -9.898749955445153015e-01 1.873435834660002689e-03 -1.419295016334494175e-01 -1.924694254574660874e+02
-1.316293135651331880e-01 3.911543414683378746e-03 9.912912910131342903e-01 -2.261939788054232849e+02 2.395733654389852352e-03 9.999905498979096974e-01 -3.627750698900174611e-03 1.091889602553542726e+00 -9.912961133135894665e-01 1.897351572902068696e-03 -1.316374406708811229e-01 -1.925241595087090047e+02
-1.241402153738362379e-01 4.046484877889622474e-03 9.922564350444247339e-01 -2.257578110325750060e+02 2.203584980349466288e-03 9.999903431807549703e-01 -3.802335922863052907e-03 1.100252982932906631e+00 -9.922622390981992169e-01 1.714498576531106773e-03 -1.241479333475155045e-01 -1.925796867693269121e+02
-1.169892028283268104e-01 3.930593107459232072e-03 9.931254084250471514e-01 -2.253150900732766218e+02 2.310840294875656214e-03 9.999905383273550719e-01 -3.685549198985289820e-03 1.090817352043441879e+00 -9.931304981918160912e-01 1.863784748879575813e-03 -1.169971788877219865e-01 -1.926365998702933382e+02
-1.114083099101692564e-01 3.865103077878078060e-03 9.937672008378810595e-01 -2.248521276708357846e+02 2.320562557498715567e-03 9.999907220611407022e-01 -3.629157072275562747e-03 1.085493434033490967e+00 -9.937720077927214568e-01 1.901780701313934927e-03 -1.114162454841649552e-01 -1.926898201850973464e+02
-1.069877079585459523e-01 3.797014153553670245e-03 9.942530930448719717e-01 -2.244116526591775482e+02 2.335798316125737607e-03 9.999909081665536714e-01 -3.567580476692150913e-03 1.080956749114393212e+00 -9.942575996149104478e-01 1.940687442378069040e-03 -1.069956043033903903e-01 -1.927426523046969180e+02
-1.043045599509075938e-01 3.928346513789900477e-03 9.945376447712350743e-01 -2.239489133530002505e+02 2.242695241533290609e-03 9.999905857018204225e-01 -3.714677076645129476e-03 1.086505031861012327e+00 -9.945428744360402806e-01 1.842987085614981608e-03 -1.043123880807121928e-01 -1.927879330347137738e+02
-1.025597805759916881e-01 4.035333837809513061e-03 9.947186574549722327e-01 -2.234867130873004726e+02 2.103327806802865723e-03 9.999904157056830334e-01 -3.839857928682876165e-03 1.091817601223848522e+00 -9.947246188872285177e-01 1.698404425561959950e-03 -1.025672852427403914e-01 -1.928296848781608901e+02
-1.024398976669298467e-01 3.908186051830356972e-03 9.947315182740386064e-01 -2.230180864433936279e+02 2.207400990641452104e-03 9.999907130027466673e-01 -3.701525243027112971e-03 1.083000260090118294e+00 -9.947367464544858429e-01 1.816587471753133669e-03 -1.024475732416441076e-01 -1.928696807954005976e+02
-1.030562225665818676e-01 3.908350818561772723e-03 9.946678540016188341e-01 -2.225467494775543003e+02 2.197106393669734283e-03 9.999907352985780706e-01 -3.701626737546002965e-03 1.082114052271050175e+00 -9.946731059568271194e-01 1.803915432681758163e-03 -1.030638548440223623e-01 -1.929225007320733312e+02
-1.043057535429974259e-01 3.875241894189748043e-03 9.945377279309666196e-01 -2.220755226398141531e+02 2.238065918632793985e-03 9.999907912280401323e-01 -3.661764610403745856e-03 1.077042664612343215e+00 -9.945427596834495176e-01 1.843897876691548508e-03 -1.043134660619087217e-01 -1.929704147139137547e+02
-1.054292120733522076e-01 3.902392352274032614e-03 9.944191533631691060e-01 -2.216035531005118173e+02 2.200320103930559438e-03 9.999907675971767551e-01 -3.690977086006368060e-03 1.078421122525256459e+00 -9.944243761257228753e-01 1.798903648920139545e-03 -1.054368252207431578e-01 -1.930142705657018212e+02
-1.063186403567983884e-01 3.833053544004936045e-03 9.943247228210769784e-01 -2.211328916686739490e+02 2.225779624816646984e-03 9.999909819144262579e-01 -3.616904046750577580e-03 1.072649290148359746e+00 -9.943296197025131011e-01 1.828603387955090188e-03 -1.063262130986806220e-01 -1.930732300628096993e+02
-1.082187526887525841e-01 3.940151622988859528e-03 9.941192970522595429e-01 -2.206507573316609125e+02 2.209576115187190069e-03 9.999906288865433313e-01 -3.722890340423590325e-03 1.076487930596037090e+00 -9.941246497999544074e-01 1.793695705375705860e-03 -1.082264446234593169e-01 -1.931211547468206504e+02
-1.097718672324285993e-01 3.891058783775743282e-03 9.939491922758666442e-01 -2.201635614897916469e+02 2.196366300255659688e-03 9.999908456271819901e-01 -3.672143367117414701e-03 1.072958528479238671e+00 -9.939543818201023173e-01 1.779978475927390799e-03 -1.097794085302161715e-01 -1.931751432454634028e+02
-1.119613014266918061e-01 3.824308366899714824e-03 9.937052086249508198e-01 -2.196592775271101914e+02 2.388993599054234016e-03 9.999907405129676574e-01 -3.579329254233849702e-03 1.065904248822918454e+00 -9.937096958832724036e-01 1.973209021213207914e-03 -1.119694009706824200e-01 -1.932246112841520471e+02
-1.146997612536153621e-01 4.010732978799059524e-03 9.933921072715129474e-01 -2.191553710955498673e+02 2.184488306949332326e-03 9.999904502938269379e-01 -3.785146230461700588e-03 1.073732669370146331e+00 -9.933978018795900367e-01 1.735898073606398579e-03 -1.147074273038917180e-01 -1.932855256650419733e+02
-1.168205714891545899e-01 3.932272428989497248e-03 9.931452518692783782e-01 -2.186510313031651549e+02 2.233650564330255921e-03 9.999906727893337344e-01 -3.696638945324440175e-03 1.069529539594338274e+00 -9.931505247856965424e-01 1.786495978117862236e-03 -1.168282652016041645e-01 -1.933370598967498211e+02
-1.184309271917938222e-01 3.937416423286801449e-03 9.929544864878762089e-01 -2.181404999476064290e+02 2.263821025220678906e-03 9.999906098611117677e-01 -3.695308372456168784e-03 1.067308861811623766e+00 -9.929597124752133075e-01 1.810232446788874287e-03 -1.184387287150230339e-01 -1.933950447920060185e+02
-1.200187966676555806e-01 3.921000377897116383e-03 9.927638763585655557e-01 -2.176406366953783049e+02 2.455805156120584483e-03 9.999903135352209427e-01 -3.652650649294503487e-03 1.064249280468753778e+00 -9.927685820308194131e-01 1.999647910795967088e-03 -1.200272633227539298e-01 -1.934465619580633415e+02
-1.211198673957987193e-01 3.815010519316079478e-03 9.926305573660131332e-01 -2.171354469717691984e+02 2.461192550927287365e-03 9.999906948490761005e-01 -3.542985533304312835e-03 1.057023342654367148e+00 -9.926348373159444849e-01 2.013928995632981774e-03 -1.211281298326245537e-01 -1.935024748410519919e+02
-1.220315002904197588e-01 3.918521514629523354e-03 9.925184925864147800e-01 -2.166341755713379484e+02 2.420819513706577546e-03 9.999904071405930628e-01 -3.650378017816295444e-03 1.060282816504478642e+00 -9.925232755808559570e-01 1.957247028426539401e-03 -1.220398156927418043e-01 -1.935704254578902521e+02
-1.229203180569766740e-01 3.938868515747759487e-03 9.924087266462281454e-01 -2.161108598781777062e+02 2.711683387840502658e-03 9.999897236739189177e-01 -3.633086809234207203e-03 1.057111125096692028e+00 -9.924128385817952980e-01 2.244518071874847254e-03 -1.229297358520273775e-01 -1.936320816733403660e+02
-1.237735629040899177e-01 4.061789838377589251e-03 9.923021752416635310e-01 -2.155661165511435513e+02 2.713972383650635825e-03 9.999892681151160145e-01 -3.754731481125190770e-03 1.060869797122422131e+00 -9.923067768991246096e-01 2.228344206675314174e-03 -1.237832581659106257e-01 -1.936891991761483780e+02
-1.243552984127203054e-01 3.996794780121003948e-03 9.922297039436831501e-01 -2.150254890669137069e+02 2.397882318697861989e-03 9.999901777913916545e-01 -3.727530164404929073e-03 1.058018599266911330e+00 -9.922348562296474661e-01 1.915711937236380582e-03 -1.243636608125724408e-01 -1.937643543245544322e+02
-1.249309917453216290e-01 3.890132489109881641e-03 9.921578070905592295e-01 -2.144843062105353795e+02 2.171429629616481675e-03 9.999909905611098493e-01 -3.647422373944465227e-03 1.053054667460938232e+00 -9.921630572617052835e-01 1.698724765080796440e-03 -1.249383133361359199e-01 -1.938371365100771015e+02
-1.252463399819347956e-01 4.047637162080990753e-03 9.921174179271998739e-01 -2.139437978785587120e+02 1.956914786312833991e-03 9.999907403474145307e-01 -3.832714957942497547e-03 1.060250296816372506e+00 -9.921237447040813784e-01 1.461455724223935122e-03 -1.252531011253510407e-01 -1.938967785252353337e+02
-1.259756549585966390e-01 3.832824874496617781e-03 9.920259290014722398e-01 -2.133986699587424880e+02 2.431930368245301122e-03 9.999907246148231899e-01 -3.554771301356735545e-03 1.044113021234869931e+00 -9.920303523947423541e-01 1.964723339908999201e-03 -1.259838076490824577e-01 -1.939556169843806401e+02
-1.264317253537363683e-01 3.872191720692711326e-03 9.919677539896928353e-01 -2.128544841766056379e+02 2.311945417353608850e-03 9.999908155489459771e-01 -3.608839999384594148e-03 1.045141787306881787e+00 -9.919726174307760269e-01 1.837103435351251446e-03 -1.264395164436469265e-01 -1.940284966055158691e+02
-1.267056114665932043e-01 3.976252556950788004e-03 9.919323955988536001e-01 -2.123030765046906367e+02 2.265931306527580770e-03 9.999905168320503135e-01 -3.719112969909511325e-03 1.047854772383497446e+00 -9.919377770698075691e-01 1.776418186180622229e-03 -1.267134198111510290e-01 -1.941094117865490034e+02
-1.274851975275541616e-01 3.815600811685243045e-03 9.918331339503672073e-01 -2.117460110242672044e+02 2.495604831173282336e-03 9.999906688540503019e-01 -3.526210622722911105e-03 1.036945043359217333e+00 -9.918373336227508386e-01 2.025683903042683944e-03 -1.274935301763890916e-01 -1.941748998082002231e+02
-1.279378102893777847e-01 3.804834043250948390e-03 9.917748937819823585e-01 -2.111871714284308155e+02 2.450580463681812076e-03 9.999908012707531269e-01 -3.520231422513553192e-03 1.035587770776686289e+00 -9.917791646096172364e-01 1.980053479163985247e-03 -1.279459574760744012e-01 -1.942501298650798560e+02
-1.281033515669858236e-01 3.804908855189788417e-03 9.917535248164783823e-01 -2.106299898959418044e+02 2.353751525175585158e-03 9.999909906730315434e-01 -3.532481638559557303e-03 1.034588986561218338e+00 -9.917580305553685971e-01 1.881818634386731894e-03 -1.281111532520269325e-01 -1.943221095447309779e+02
-1.283342176350825703e-01 3.796289668821826047e-03 9.917237098954234664e-01 -2.100604054261564784e+02 2.428405270824873178e-03 9.999908783811648494e-01 -3.513687849965499606e-03 1.032720217223183301e+00 -9.917280027466364167e-01 1.957380703072825537e-03 -1.283422659491073592e-01 -1.944015516011688476e+02
-1.288989977913967966e-01 3.738226561457706591e-03 9.916506814551929727e-01 -2.094891540143525219e+02 2.593385328187519830e-03 9.999907458760619594e-01 -3.432566791322592265e-03 1.026701882501101837e+00 -9.916543363092368280e-01 2.129277908719540320e-03 -1.289074996060137757e-01 -1.944815941467041682e+02
-1.296904579601194651e-01 3.760167089195575428e-03 9.915473999045917308e-01 -2.089193608077128488e+02 2.546992109982346673e-03 9.999907738603144303e-01 -3.459049788779004417e-03 1.024662545354374732e+00 -9.915512583549509484e-01 2.076857653016902366e-03 -1.296988385337469740e-01 -1.945497510952938569e+02
-1.301394748869142415e-01 3.733527324607765086e-03 9.914886675347702738e-01 -2.083331990971030905e+02 2.599614857667382952e-03 9.999907579547125946e-01 -3.424325882751483655e-03 1.020579448181205606e+00 -9.914922889658546179e-01 2.131848699109277837e-03 -1.301479778650982411e-01 -1.946219308073650041e+02
-1.309451771814169607e-01 3.640465044126206442e-03 9.913829268184871646e-01 -2.077502914378319474e+02 2.634066142892013771e-03 9.999910057922607454e-01 -3.324158560824341628e-03 1.015495272289986151e+00 -9.913861115975360905e-01 2.176085670447499947e-03 -1.309535886590080800e-01 -1.946921733103878296e+02
-1.312918640164870698e-01 3.815200906159008868e-03 9.913364165030571495e-01 -2.071688212265223115e+02 2.624785048513119442e-03 9.999904271197672667e-01 -3.500881642458130057e-03 1.020539535703455236e+00 -9.913402831250863745e-01 2.142407727544370054e-03 -1.313006212574929776e-01 -1.947692510692870371e+02
-1.317142758899496613e-01 3.685782774290844409e-03 9.912808706578205564e-01 -2.065847758303743262e+02 2.564164105337589199e-03 9.999910088689341059e-01 -3.377461137039329108e-03 1.014455921709458641e+00 -9.912844065096692026e-01 2.096946978836995972e-03 -1.317225425815218287e-01 -1.948428929122705142e+02
-1.322606839995559280e-01 3.785445332418951002e-03 9.912077390091368345e-01 -2.060033604214160334e+02 2.595016891510149026e-03 9.999906029930084594e-01 -3.472724148564616288e-03 1.016610143297609348e+00 -9.912115704305023423e-01 2.112895954493362004e-03 -1.322692644395631056e-01 -1.949106329269720561e+02
-1.326455448617946953e-01 3.559793029575289598e-03 9.911571456141072822e-01 -2.054149511917629809e+02 2.506797183113185050e-03 9.999915570494550821e-01 -3.256040185441202734e-03 1.004554514917781693e+00 -9.911603681525007481e-01 2.052730716158201758e-03 -1.326533486211582957e-01 -1.950032303387478123e+02
-1.330162834560091323e-01 3.660148730950417602e-03 9.911070939342618846e-01 -2.048136802927353131e+02 2.607424898503374680e-03 9.999910127527186221e-01 -3.343014985138294346e-03 1.005733832307740272e+00 -9.911104225417817215e-01 2.139561884946676162e-03 -1.330246315687106939e-01 -1.950834548029798725e+02
-1.333881750557794899e-01 3.506608629839185181e-03 9.910576665619441616e-01 -2.042200941740560722e+02 2.571134902013475724e-03 9.999915996367986226e-01 -3.192165589744272360e-03 9.986696723700893008e-01 -9.910605349929964003e-01 2.122345813913603923e-03 -1.333960705104981770e-01 -1.951624261761591868e+02
-1.336911047353903648e-01 3.766168205465244938e-03 9.910158951760963397e-01 -2.036116175136707227e+02 2.488753775368999707e-03 9.999909015079997410e-01 -3.464535446992412192e-03 1.008289504944256398e+00 -9.910199264491492688e-01 2.003216979266864151e-03 -1.336992614132834767e-01 -1.952443798217072128e+02
-1.347257126328094134e-01 3.636729891665748185e-03 9.908762569318515512e-01 -2.030017063695916306e+02 2.620576223735374306e-03 9.999910753719634116e-01 -3.313873365096369535e-03 1.000280440587017150e+00 -9.908794653921521034e-01 2.150202808892019268e-03 -1.347340405838235444e-01 -1.953096516527272399e+02
-1.353445430055089105e-01 3.478466395498670642e-03 9.907924883395945459e-01 -2.023875683030677521e+02 2.721513203531454768e-03 9.999913699953582036e-01 -3.138996764816128632e-03 9.899786612163106181e-01 -9.907948566905832033e-01 2.271608756346181479e-03 -1.353528416736977658e-01 -1.953949613334453943e+02
-1.361131187250437247e-01 3.719874188904093073e-03 9.906863183909228043e-01 -2.017726520947084055e+02 2.449924862218259055e-03 9.999911568134588480e-01 -3.418210504031534043e-03 1.001696367599181681e+00 -9.906902728800316416e-01 1.961843749922960109e-03 -1.361210284636038548e-01 -1.954755472696410266e+02
-1.368357189587068312e-01 3.795264205534999193e-03 9.905864838501807768e-01 -2.011688490681055725e+02 2.618918695839604280e-03 9.999905517783905795e-01 -3.469527174487382903e-03 1.003104235214557161e+00 -9.905902923418534733e-01 2.119510217033502945e-03 -1.368443655928934799e-01 -1.955571163079840460e+02
-1.373871223052445245e-01 3.635513827437717675e-03 9.905107579748411162e-01 -2.005534116671997253e+02 2.531456781618020378e-03 9.999912873169218841e-01 -3.319189179341375685e-03 9.925823440050451918e-01 -9.905141949266786927e-01 2.051421325804599332e-03 -1.373951284409220541e-01 -1.956334918338685611e+02
-1.372013934201194996e-01 3.610125658882547099e-03 9.905365942943779034e-01 -1.999338879642945130e+02 2.420016554526773986e-03 9.999915957143329370e-01 -3.309383715711746755e-03 9.901666839636786843e-01 -9.905402168329430213e-01 1.943062898899461767e-03 -1.372089769042736940e-01 -1.957362877805252026e+02
-1.382955488560924096e-01 3.504842193175252904e-03 9.903848026135060323e-01 -1.993231437873462539e+02 2.495478721419292986e-03 9.999917970100182796e-01 -3.190375937932819587e-03 9.834064070257626522e-01 -9.903878602610916015e-01 2.030269409545361510e-03 -1.383031606782056944e-01 -1.958116672579995736e+02
-1.390906029591925108e-01 3.639720952645315432e-03 9.902729707509116963e-01 -1.987001421575784263e+02 2.625509915337216008e-03 9.999910862797847244e-01 -3.306668816284540416e-03 9.846264068406953562e-01 -9.902761790864877955e-01 2.140044944153583241e-03 -1.390989192679235043e-01 -1.959005195947014499e+02
-1.401101584694932622e-01 3.603753125296634517e-03 9.901293634960359746e-01 -1.980885482990529738e+02 2.552190720656295243e-03 9.999913688592589889e-01 -3.278495006974598176e-03 9.830390063935477984e-01 -9.901326324367756282e-01 2.067648518795253340e-03 -1.401181466242822360e-01 -1.959871172076597645e+02
-1.404263596730292996e-01 3.656879231188190152e-03 9.900843725376486937e-01 -1.974771964921159508e+02 2.462315648528980161e-03 9.999913765136186905e-01 -3.344233850257217772e-03 9.842212892799903079e-01 -9.900880640178568726e-01 1.968281658376508803e-03 -1.404341530991848330e-01 -1.960746633984264804e+02
-1.409297887072973321e-01 3.661508993440396736e-03 9.900128221426265362e-01 -1.968782048159028193e+02 2.724558889712812293e-03 9.999908084200838099e-01 -3.310567051694085147e-03 9.817452626093031709e-01 -9.900158440316868536e-01 2.230790720401775416e-03 -1.409384693367596864e-01 -1.961594637337457527e+02
-1.409843050012007382e-01 3.748659960484570456e-03 9.900047339744537656e-01 -1.962632081857514095e+02 2.638012892239319663e-03 9.999907036274520156e-01 -3.410798536076078101e-03 9.829172520099640487e-01 -9.900083164455280027e-01 2.130776190494768421e-03 -1.409928833718823160e-01 -1.962520952669673306e+02
-1.415953168716035382e-01 3.843352969569809822e-03 9.899171656648759754e-01 -1.956562722766563240e+02 2.528265368972229966e-03 9.999906057842947726e-01 -3.520826235887065427e-03 9.870020933053683665e-01 -9.899213979474603686e-01 2.004240781581367349e-03 -1.416037037108677232e-01 -1.963478079921572146e+02
-1.424576365190650673e-01 3.423298340407949624e-03 9.897949801983610962e-01 -1.950621557778968054e+02 2.787973796251209512e-03 9.999914400206539877e-01 -3.057300693470254519e-03 9.652194797884940947e-01 -9.897969736261639229e-01 2.323986637534144074e-03 -1.424659611507084200e-01 -1.964259197861691746e+02
-1.431374720593037164e-01 3.369019731358380981e-03 9.896970818379339230e-01 -1.944634708413953490e+02 2.335354335841669134e-03 9.999925719041805605e-01 -3.066309930232606791e-03 9.642785552037785868e-01 -9.897000607318352516e-01 1.872389519276231734e-03 -1.431442766752830664e-01 -1.964989427912600490e+02
-1.436651603824263823e-01 3.333574000492751845e-03 9.896207399689411766e-01 -1.938664189158481577e+02 2.531298223033962794e-03 9.999922931219398237e-01 -3.001037492352583852e-03 9.594477450126396301e-01 -9.896231172631313466e-01 2.073880687908427438e-03 -1.436724914424976074e-01 -1.965863205102034783e+02
-1.444774722294461800e-01 3.346850149673079658e-03 9.895024298162514720e-01 -1.932802489666571262e+02 2.766660769529938682e-03 9.999917374220806954e-01 -2.978367968345610722e-03 9.546137272603514301e-01 -9.895042221266042715e-01 2.307310478491449070e-03 -1.444855380720848625e-01 -1.966567301746371186e+02
-1.447830808891061860e-01 3.324596328699843360e-03 9.894578346486071485e-01 -1.926813046464354215e+02 2.395675863182468099e-03 9.999926019632287000e-01 -3.009444462065658746e-03 9.567940714109490763e-01 -9.894605197911727767e-01 1.934703611121933297e-03 -1.447899744337293182e-01 -1.967605200657471585e+02
-1.449651918853720467e-01 3.704728031132165436e-03 9.894298197102475712e-01 -1.920850784899627683e+02 2.601683858541203875e-03 9.999909603945252856e-01 -3.363089403398349976e-03 9.676393887535919003e-01 -9.894333349866164529e-01 2.086652690408181618e-03 -1.449735199883486203e-01 -1.968662933967160598e+02
-1.455089341029156547e-01 3.812849983844538056e-03 9.893495905246202371e-01 -1.914992960264998771e+02 2.824144416453944900e-03 9.999901004299236451e-01 -3.438495378235425365e-03 9.675324769412037007e-01 -9.893529068560661388e-01 2.293734324596263460e-03 -1.455182616660184447e-01 -1.969566298197337630e+02
-1.470081431576102382e-01 3.688730929675100231e-03 9.891284037522531936e-01 -1.909107269085968426e+02 2.736089332754077473e-03 9.999907370584759647e-01 -3.322591219084879751e-03 9.616343514816325655e-01 -9.891314976586860208e-01 2.217895708641159317e-03 -1.470168741271247193e-01 -1.970198460132012883e+02
-1.468311748811901296e-01 3.442508161981486757e-03 9.891555768535931215e-01 -1.903357419261052144e+02 2.319148394833363963e-03 9.999923936036749783e-01 -3.135966440415645807e-03 9.544691265300168093e-01 -9.891588485343154602e-01 1.833540931466268089e-03 -1.468380417123591464e-01 -1.971399755497721458e+02
-1.483980817944017261e-01 3.446583364108395369e-03 9.889217008352364502e-01 -1.897522567742332740e+02 2.350225011108238952e-03 9.999923319427391766e-01 -3.132490721418841693e-03 9.527996725373030218e-01 -9.889249141174165647e-01 1.859332901033355131e-03 -1.484050441158382139e-01 -1.972076417303723019e+02
-1.484846549537413019e-01 3.164952874388353779e-03 9.889096471956227985e-01 -1.891737206997468093e+02 2.153855710906221570e-03 9.999935417951169025e-01 -2.877025136207795979e-03 9.410012554269755469e-01 -9.889123662634847767e-01 1.702774606539493108e-03 -1.484905128612410419e-01 -1.973104055747263033e+02
-1.495767352873269562e-01 3.284501403819053283e-03 9.887446648712261421e-01 -1.886015507123117914e+02 2.117506559154607934e-03 9.999932534607010037e-01 -3.001532784118664862e-03 9.431037562905186800e-01 -9.887478528051310001e-01 1.644713838487595666e-03 -1.495826811152700664e-01 -1.973881038632396496e+02
-1.502704503803478087e-01 3.622271619391607706e-03 9.886382912323405936e-01 -1.880266149408056435e+02 2.220847487280414121e-03 9.999920017256680449e-01 -3.326307431639790452e-03 9.531147234796967238e-01 -9.886424326210792035e-01 1.695769149056535960e-03 -1.502772929888860354e-01 -1.974890960865541842e+02
-1.516325477332007843e-01 3.237664536679133766e-03 9.884316304106655071e-01 -1.874603886852874552e+02 2.113811358291006401e-03 9.999934109056909382e-01 -2.951261890015736619e-03 9.372780531102704593e-01 -9.884346727373944930e-01 1.641850647845175112e-03 -1.516383924241153647e-01 -1.975567893798065597e+02
-1.533423882098370328e-01 3.005965426649781242e-03 9.881685464281677600e-01 -1.868781154560570315e+02 2.207349468914040786e-03 9.999939203925568565e-01 -2.699404794885272487e-03 9.254327037138776468e-01 -9.881706530688039170e-01 1.767300138162982651e-03 -1.533480911645004330e-01 -1.976333015368570898e+02
-1.543340120611855770e-01 3.148188333987585966e-03 9.880137153052642729e-01 -1.863234328497987917e+02 2.091032968999782370e-03 9.999937247470621626e-01 -2.859728591903780079e-03 9.302902038799999440e-01 -9.880165182334860186e-01 1.624615865532677041e-03 -1.543396265418219837e-01 -1.977397143034505973e+02
-1.558261461402106196e-01 3.649213964749827011e-03 9.877777560851072058e-01 -1.857552814010191753e+02 2.413634277435419695e-03 9.999915972588524493e-01 -3.313575299242523149e-03 9.470631662624003910e-01 -9.877815479895667439e-01 1.867792581748900851e-03 -1.558336446413517429e-01 -1.978234391659358664e+02
-1.578100689102310827e-01 3.518887130599397672e-03 9.874632142940367174e-01 -1.852010931966978262e+02 2.379162822457253981e-03 9.999921030233274166e-01 -3.183311993365218508e-03 9.390021094406993951e-01 -9.874666180356745926e-01 1.846977082956782583e-03 -1.578171946932356295e-01 -1.979216535630553153e+02
-1.603781994134063638e-01 3.433291720081721454e-03 9.870496672715505238e-01 -1.846467491703798771e+02 2.224548109179995577e-03 9.999926682518422982e-01 -3.116861926813564547e-03 9.342968023061538618e-01 -9.870531315682169460e-01 1.695862767353111629e-03 -1.603846610834425146e-01 -1.980184978518246908e+02
-1.633527176955891225e-01 3.567290006614964957e-03 9.865612824672750358e-01 -1.840887297020445033e+02 2.586217005502606647e-03 9.999915752062257246e-01 -3.187632063431643757e-03 9.355647497751585773e-01 -9.865643420999291591e-01 2.030753205112170029e-03 -1.633605672687086230e-01 -1.980924575830129015e+02
-1.664536403632359551e-01 3.540600319460917439e-03 9.860429249070268298e-01 -1.835292350575274440e+02 2.538747255751239683e-03 9.999917778413452973e-01 -3.162121451959489307e-03 9.335504064363986387e-01 -9.860460133138808647e-01 1.976967142711301591e-03 -1.664612604443409527e-01 -1.981856492495802513e+02
-1.700579758626128424e-01 3.046857163294486477e-03 9.854293488154987068e-01 -1.829785810726346256e+02 2.025311695086857988e-03 9.999941887228311899e-01 -2.742377272458973621e-03 9.186692622792753671e-01 -9.854319778442593991e-01 1.529438456831850495e-03 -1.700631584440264188e-01 -1.982726338291953994e+02
-1.731040576323206182e-01 3.505393700356817556e-03 9.848973029946991309e-01 -1.824388656647237497e+02 2.331949520603753510e-03 9.999923220595846596e-01 -3.149259168962608400e-03 9.330590177385333917e-01 -9.849007804051431725e-01 1.751581252879201188e-03 -1.731109029508395292e-01 -1.983834255566249283e+02
-1.778092810358766762e-01 3.282768842623530990e-03 9.840594915990752423e-01 -1.818992573148415488e+02 2.258474654815788296e-03 9.999931634995022911e-01 -2.927839901915201166e-03 9.237516746685907609e-01 -9.840623754974773263e-01 1.701876312659727705e-03 -1.778154794928670235e-01 -1.984679332972573604e+02
-1.833135407387904703e-01 3.195113660723042977e-03 9.830493054931187524e-01 -1.813556496067200214e+02 2.312246360411736919e-03 9.999933533260745300e-01 -2.819010542982705939e-03 9.172445000279075833e-01 -9.830517785440281431e-01 1.756289374717609443e-03 -1.833197102033923276e-01 -1.985573602361313021e+02
-1.892635475563957392e-01 2.753665897861478935e-03 9.819224648058988425e-01 -1.808220888942229578e+02 1.902973929696883792e-03 9.999952184986738990e-01 -2.437554104473720236e-03 9.044957935332540444e-01 -9.819244819519430401e-01 1.407232714335982307e-03 -1.892678827469067571e-01 -1.986592820697674426e+02
-1.950318476842918258e-01 3.077245209108792068e-03 9.807920824266345150e-01 -1.803015840223836221e+02 2.329971942520500140e-03 9.999937099965701126e-01 -2.674172403323547571e-03 9.102570651296257864e-01 -9.807941423252886093e-01 1.763669248653777300e-03 -1.950377908282983075e-01 -1.987540460664865520e+02
-2.022796135254965044e-01 3.690404662264530969e-03 9.793208559330311980e-01 -1.797971066709153547e+02 2.714445101121064872e-03 9.999911714222031733e-01 -3.207626138275292138e-03 9.281640195906879498e-01 -9.793240473611218855e-01 2.009475324228498366e-03 -2.022878450850482679e-01 -1.988584890228866868e+02
-2.100615413511210949e-01 3.819971364957491875e-03 9.776807028186462745e-01 -1.792845284230052130e+02 2.864367342888554397e-03 9.999904799763991159e-01 -3.291710238750535610e-03 9.299433817040594352e-01 -9.776839695141350539e-01 2.108974950492855868e-03 -2.100704833615183453e-01 -1.989591720820087630e+02
-2.172971538580661388e-01 4.043281387019076641e-03 9.760971257005163215e-01 -1.787936013067058809e+02 3.002010352535619889e-03 9.999894597547076547e-01 -3.473947802017626589e-03 9.347501014784548312e-01 -9.761008835458696575e-01 2.175374706403297720e-03 -2.173070014653453175e-01 -1.990668699012225034e+02
-2.264397351670501823e-01 4.084615943340608527e-03 9.740166129230403147e-01 -1.783017651978168772e+02 3.209343369486241868e-03 9.999889076316119674e-01 -3.447423512164018034e-03 9.318515369776044777e-01 -9.740198901729948400e-01 2.345320091350925219e-03 -2.264503323491846576e-01 -1.991845141398992212e+02
-2.347726385958170958e-01 3.860518842201046165e-03 9.720426454436181807e-01 -1.778136070200245911e+02 3.017510236296336822e-03 9.999901896847200877e-01 -3.242709714335998208e-03 9.242301234101026886e-01 -9.720456279407527767e-01 2.171849116907737832e-03 -2.347819845573371200e-01 -1.993112962496623766e+02
-2.455343265118450358e-01 3.470059064044361992e-03 9.693816860217998599e-01 -1.773338381417014773e+02 2.707048152697507509e-03 9.999921483919352871e-01 -2.893966962596224071e-03 9.126448575060867041e-01 -9.693841170530257401e-01 1.913594673295514626e-03 -2.455417922895259952e-01 -1.994242787963093804e+02
-2.574016608244444893e-01 3.668402949433724209e-03 9.662975358680255811e-01 -1.768406578423036990e+02 2.940183804876618772e-03 9.999911381997863558e-01 -3.013111529524753213e-03 9.177872737652394974e-01 -9.663000260395376850e-01 2.065512453702398384e-03 -2.574101655612934803e-01 -1.995459709296442838e+02
-2.678003559346788798e-01 3.591580556175920022e-03 9.634677316393984725e-01 -1.763675727483802689e+02 2.951705802730742768e-03 9.999914175066983990e-01 -2.907291832294056372e-03 9.128159859377962260e-01 -9.634699044568613147e-01 2.065299506729505619e-03 -2.678086588290866654e-01 -1.996717936957157349e+02
-2.806620727548525540e-01 3.487704076798438160e-03 9.598003109174443326e-01 -1.758875846719778053e+02 2.791256511705172364e-03 9.999921351437351946e-01 -2.817541083891284340e-03 9.084070740592470328e-01 -9.598025889754809858e-01 1.888271947108083326e-03 -2.806696004647066811e-01 -1.998079703262619375e+02
-2.936035408726909157e-01 3.754454474027404953e-03 9.559199050436292255e-01 -1.754121875305463334e+02 3.177077744096217307e-03 9.999905966879589769e-01 -2.951730453083505675e-03 9.134417908049060619e-01 -9.559219983680816712e-01 2.170393342725614443e-03 -2.936127082207302674e-01 -1.999627044870988755e+02
-3.052243235449207948e-01 3.295754504602309287e-03 9.522747766893711052e-01 -1.749274985605704558e+02 2.912818009046237028e-03 9.999925641403211163e-01 -2.527282198716395388e-03 8.983162867367027182e-01 -9.522760250094466361e-01 2.002415119590952169e-03 -3.052316538727546380e-01 -2.001125951459451073e+02
-3.188651004646874121e-01 3.687918467667405335e-03 9.477929346450209014e-01 -1.744465533621087445e+02 3.241550572735009319e-03 9.999908248120074061e-01 -2.800471689820898877e-03 9.093125538764996740e-01 -9.477945663779305807e-01 2.179346043409509034e-03 -3.188741293916674824e-01 -2.002704782605007665e+02
-3.332654732617841287e-01 3.631729371035077435e-03 9.428260363785966325e-01 -1.739790942195167815e+02 3.203115417367868433e-03 9.999911715867517703e-01 -2.719705899293274609e-03 9.072073723586836502e-01 -9.428275899565213836e-01 2.113596539359282635e-03 -3.332741639048046878e-01 -2.004269029557983686e+02
-3.460846605416354471e-01 3.411744409047018020e-03 9.381970836332145236e-01 -1.735186724627762658e+02 3.106984119096523576e-03 9.999920723752795393e-01 -2.490348625689560360e-03 8.997492924451653273e-01 -9.381981423918219765e-01 2.053091980678970700e-03 -3.460925171480224716e-01 -2.005812221501484771e+02
-3.604550649610787083e-01 3.603395782815703007e-03 9.327696187605688527e-01 -1.730647618266759764e+02 3.393481118281545857e-03 9.999909864677076765e-01 -2.551718879651937791e-03 9.034506094798022691e-01 -9.327704060645386486e-01 2.245556094443316129e-03 -3.604640440432616000e-01 -2.007521187807186323e+02
-3.749852613977455729e-01 3.745390623235741144e-03 9.270232067125093733e-01 -1.726043668910538713e+02 3.492418537815416939e-03 9.999904495942710803e-01 -2.627495576470513777e-03 9.060842151953659718e-01 -9.270241942620597309e-01 2.252280916543644099e-03 -3.749947606080008544e-01 -2.009406464222380748e+02
-3.876915984705604501e-01 3.500149169013846463e-03 9.217824978980324602e-01 -1.721459809534081842e+02 3.286093461161194648e-03 9.999916845836083201e-01 -2.415026584048992134e-03 8.988597312382555771e-01 -9.217832858460313084e-01 2.092777922236706799e-03 -3.876998764707850764e-01 -2.011280862618635865e+02
-4.030170577795371134e-01 3.479681791428706518e-03 9.151858515915529679e-01 -1.716987993991414498e+02 3.372294138133276158e-03 9.999916293467453476e-01 -2.317081933700770261e-03 8.951976858719266072e-01 -9.151862535959396361e-01 2.152452339070499553e-03 -4.030254187739985561e-01 -2.013185207012331261e+02
-4.183068523928761273e-01 3.479867851951297473e-03 9.082991069911373616e-01 -1.712350949788142884e+02 3.293183695337369588e-03 9.999918989314880990e-01 -2.314522098694316889e-03 8.972136670546575488e-01 -9.082998030288861324e-01 2.023015355734132659e-03 -4.183149235044778536e-01 -2.015406162427783272e+02
-4.341422930361602539e-01 3.173535501162517199e-03 9.008387192332089066e-01 -1.707824785702828194e+02 3.202069650125706404e-03 9.999929138125226435e-01 -1.979665299073635892e-03 8.846887862137410297e-01 -9.008386182592645897e-01 2.025091890130826383e-03 -4.341493785041918851e-01 -2.017440998229124602e+02
-4.477375239131389240e-01 3.316535311209685422e-03 8.941588842446632768e-01 -1.703339040450163679e+02 3.351861019369458544e-03 9.999923206416403421e-01 -2.030685956407981847e-03 8.893608370820808018e-01 -8.941587525198411157e-01 2.087882007255281117e-03 -4.477452021416707950e-01 -2.019542092606080814e+02
-4.629768517994881094e-01 3.278231044446210975e-03 8.863643087912861374e-01 -1.698968696158662226e+02 3.396532925951860175e-03 9.999923801594474693e-01 -1.924366681781074142e-03 8.857187290328403240e-01 -8.863638633551788049e-01 2.119628331159335768e-03 -4.629844586093792014e-01 -2.021877801941483597e+02
-4.776246514967124046e-01 3.411629084762046998e-03 8.785573703917303190e-01 -1.694552850469213467e+02 3.727028350364553193e-03 9.999913303722937075e-01 -1.856997556709736241e-03 8.859477471862438058e-01 -8.785560890132851908e-01 2.387460416017976247e-03 -4.776332259071205399e-01 -2.024154520947662377e+02
-4.896342510543840731e-01 3.429856709375601886e-03 8.719211754954491189e-01 -1.690317946493546231e+02 3.727796553073206391e-03 9.999913584326449723e-01 -1.840269787895627493e-03 8.859947172514552882e-01 -8.719199525915618532e-01 2.349285633229187403e-03 -4.896428056550430341e-01 -2.026511067629724607e+02
-5.032995220935052583e-01 3.621140699012141695e-03 8.641044372068039658e-01 -1.685890743076286640e+02 3.874432044455335816e-03 9.999906243251865945e-01 -1.933917799818471927e-03 8.923585608384284606e-01 -8.641033386330493338e-01 2.374574016853324247e-03 -5.033088331844142171e-01 -2.028973388098542898e+02
-5.147342429026446897e-01 3.521945548498996506e-03 8.573425541071639788e-01 -1.681804036447352644e+02 3.959054057097074510e-03 9.999906647375320645e-01 -1.730990687926239370e-03 8.854634213296561640e-01 -8.573406470443443173e-01 2.503265335938694575e-03 -5.147433812961985655e-01 -2.031406752725294496e+02
-5.279757315430819720e-01 3.680249675333180457e-03 8.492514837572404662e-01 -1.677537390724044712e+02 4.195727058842163570e-03 9.999897100495750424e-01 -1.725012873710725023e-03 8.880400434307492707e-01 -8.492490934796428359e-01 2.652462496243455578e-03 -5.279857400221250607e-01 -2.033945872120728211e+02
-5.402703636159746914e-01 3.573683420343546670e-03 8.414839053630640553e-01 -1.673346234461949393e+02 4.185258233351527198e-03 9.999900253983901033e-01 -1.559717040754679757e-03 8.822565870223789686e-01 -8.414810858312760100e-01 2.679158550406998685e-03 -5.402799314222943572e-01 -2.036607947662907065e+02
-5.499745681870664704e-01 3.579238443429487784e-03 8.351737324650569949e-01 -1.669114932470693589e+02 4.318742864631488348e-03 9.999896350431616288e-01 -1.441619337257118386e-03 8.794879865278080189e-01 -8.351702358247201641e-01 2.814046625313003803e-03 -5.499843255348932924e-01 -2.039216467717491525e+02
-5.597746841859352340e-01 3.569316550174204267e-03 8.286371720625990145e-01 -1.665020206402905671e+02 4.560078041997305334e-03 9.999888501319276202e-01 -1.226906710463743872e-03 8.734248958703153543e-01 -8.286323120858777314e-01 3.091858856729953753e-03 -5.597847191340816764e-01 -2.041962628327537175e+02
-5.684799847908903470e-01 3.489013885802459605e-03 8.226896946444962611e-01 -1.660968006087769879e+02 4.387522112251265177e-03 9.999896437434839802e-01 -1.209154867883979788e-03 8.729912855430469465e-01 -8.226853934171095561e-01 2.922188885869452489e-03 -5.684894055919174072e-01 -2.044739304678352312e+02
-5.750547716893084083e-01 3.519778215991015320e-03 8.181073405847593127e-01 -1.656803528569320463e+02 4.338858588341790341e-03 9.999898027512121867e-01 -1.252477441766244133e-03 8.753100485096731997e-01 -8.181034065834876801e-01 2.829408931560748082e-03 -5.750641795326765227e-01 -2.047461633218516965e+02
-5.805186834024933518e-01 3.461593935821059322e-03 8.142395689157214678e-01 -1.652793318799889164e+02 4.452991262883172589e-03 9.999895059742550663e-01 -1.076480458694287733e-03 8.684693671156780148e-01 -8.142347506029504745e-01 3.000884667685748373e-03 -5.805280058720361236e-01 -2.050420190133542917e+02
-5.848241696769496123e-01 3.578296875744321585e-03 8.111521967874681938e-01 -1.648852512349914434e+02 4.709753461079143298e-03 9.999883932325854818e-01 -1.015688164673567151e-03 8.682259185658558476e-01 -8.111464163663686389e-01 3.226327878725804982e-03 -5.848342346549288973e-01 -2.053188395526411796e+02
-5.876052796595783168e-01 3.617794048368609162e-03 8.091396337359906266e-01 -1.644769395691460829e+02 4.692010192508905449e-03 9.999884266975574976e-01 -1.063725198128114349e-03 8.718980236642134285e-01 -8.091341176569819549e-01 3.171440866125178719e-03 -5.876154538525093507e-01 -2.056074047390231385e+02
-5.894607748373212885e-01 3.608834576925437979e-03 8.077889397863663445e-01 -1.640790308048091788e+02 4.473611108479646006e-03 9.999892697286036913e-01 -1.203009270073378267e-03 8.765841498810285071e-01 -8.077846134532616906e-01 2.904606797861349586e-03 -5.894705942856819370e-01 -2.058983613544257310e+02
-5.906950551523395543e-01 3.529147171059887015e-03 8.068871649362258092e-01 -1.636788128593920248e+02 4.438884599539694512e-03 9.999895162112355518e-01 -1.124175756294439662e-03 8.730175389330198099e-01 -8.068826730833219552e-01 2.917633949636390129e-03 -5.907045279071843069e-01 -2.061914736013858942e+02
-5.913441579830347461e-01 3.639905148874878708e-03 8.064110849373558043e-01 -1.632719287506451451e+02 4.586703967921866923e-03 9.999888195168168403e-01 -1.150212186406673800e-03 8.745386105185251058e-01 -8.064062555350415273e-01 3.018597666185866921e-03 -5.913542416370101140e-01 -2.064830131828838944e+02
-5.913705095721895066e-01 3.529380864001899903e-03 8.063922518719073285e-01 -1.628721543645445990e+02 4.382289633827120279e-03 9.999897214984565519e-01 -1.162942390913421567e-03 8.735010286237500088e-01 -8.063880678345223263e-01 2.846114571859197431e-03 -5.913798979386681864e-01 -2.067942989275856007e+02
-5.907393886529050953e-01 3.556811243067612479e-03 8.068545865196363742e-01 -1.624582493513342172e+02 4.333405380661077555e-03 9.999898475278909959e-01 -1.235491380898874527e-03 8.750372324572769367e-01 -8.068507893605849635e-01 2.766574583597126730e-03 -5.907488042927167005e-01 -2.070905278511430652e+02
-5.892479404707657853e-01 3.336635497384889907e-03 8.079453765660887798e-01 -1.620478571488866919e+02 4.560715399642681703e-03 9.999892770505820483e-01 -8.035290272440428344e-04 8.591011329123783291e-01 -8.079393940921589801e-01 3.211331096563035774e-03 -5.892568394398014497e-01 -2.074059676495362510e+02
-5.870619126070266702e-01 3.570772284137442576e-03 8.095341625598482249e-01 -1.616320305421025409e+02 4.617541716032565885e-03 9.999887748752871452e-01 -1.062276763833109629e-03 8.694508344463913740e-01 -8.095288685863406553e-01 3.114435537479719185e-03 -5.870718109538239915e-01 -2.076954470441107219e+02
-5.836757669243746172e-01 3.789901122466304492e-03 8.119779773828383895e-01 -1.612332592611183770e+02 4.760100540390272209e-03 9.999878947348445068e-01 -1.245723331584856156e-03 8.760583060359080632e-01 -8.119728693423744481e-01 3.137998287986671752e-03 -5.836867416848321444e-01 -2.079981127680731277e+02
-5.803814853271522800e-01 3.550164084764752693e-03 8.143369866489054143e-01 -1.608202739591237673e+02 4.827520516541354903e-03 9.999879252348845560e-01 -9.189287749401526921e-04 8.631659625725908169e-01 -8.143304160689999183e-01 3.397899263116427749e-03 -5.803916158469959452e-01 -2.082930282323828521e+02
-5.757401759267057884e-01 3.453363324925329790e-03 8.176254179669514288e-01 -1.603917571146793932e+02 4.628565923060725361e-03 9.999888231451936615e-01 -9.643454704650422735e-04 8.621311633012893605e-01 -8.176196097216491543e-01 3.229220716610448592e-03 -5.757497250821590473e-01 -2.085953300310019927e+02
-5.706304538019328909e-01 3.715885892582486590e-03 8.211985614854875326e-01 -1.599791533998323416e+02 5.121986212747235874e-03 9.999864161979583610e-01 -9.657519350037631518e-04 8.628869361303643792e-01 -8.211909951107825290e-01 3.655080244925238298e-03 -5.706417351871195809e-01 -2.088807526516839346e+02
-5.640571547255486262e-01 3.583840086902248881e-03 8.257279711219372986e-01 -1.595495859991583529e+02 4.893255188982880560e-03 9.999875303781272651e-01 -9.975679973739980458e-04 8.598955463967636881e-01 -8.257212497305460586e-01 3.477812313136684381e-03 -5.640676577902163924e-01 -2.091758393989168212e+02
-5.566398804465064742e-01 3.583664787452896586e-03 8.307461711276133975e-01 -1.591210939654581011e+02 4.914322989101285732e-03 9.999874035136977479e-01 -1.020903272522396014e-03 8.573080071251045764e-01 -8.307393652199572820e-01 3.514279531315987228e-03 -5.566504800261273811e-01 -2.094737112939818928e+02
-5.485283923940180717e-01 3.611054226989304783e-03 8.361241313495288985e-01 -1.586941062453525717e+02 4.855466413588480426e-03 9.999875698681647274e-01 -1.133382137184380661e-03 8.609589490687579172e-01 -8.361178309207029091e-01 3.438080355680635594e-03 -5.485391074663019673e-01 -2.097544784672079174e+02
-5.405330090472157956e-01 3.570334426846834882e-03 8.413152315526231106e-01 -1.582704187763798700e+02 4.739158815644160978e-03 9.999880514816679167e-01 -1.198860966544406086e-03 8.586861962495696554e-01 -8.413094594167376261e-01 3.339102570672820239e-03 -5.405434708605219019e-01 -2.100368139477469356e+02
-5.301401966706662527e-01 3.568114220376925744e-03 8.479024946507105476e-01 -1.578660132973455177e+02 4.942115048101058256e-03 9.999871625737148939e-01 -1.118117445561755529e-03 8.543596931272512407e-01 -8.478955993356960263e-01 3.597672675644691346e-03 -5.301510250659524637e-01 -2.103005338285379935e+02
-5.201689559009519126e-01 3.349487385936208289e-03 8.540568120746799829e-01 -1.574302815705734986e+02 5.014480414119001223e-03 9.999870509556982867e-01 -8.677021966224972901e-04 8.460720134391677139e-01 -8.540486592127466414e-01 3.831299411043307714e-03 -5.201790161489918685e-01 -2.105858515501461170e+02
-5.073825778777165674e-01 3.467599546907930430e-03 8.617139289924152790e-01 -1.569551045674473926e+02 5.138925471057292915e-03 9.999862974409773342e-01 -9.981859988032470987e-04 8.454307763125284980e-01 -8.617055826157596909e-01 3.921821473189743279e-03 -5.073934451736310525e-01 -2.108820380316496426e+02
-4.942340444318904513e-01 3.658175273347003507e-03 8.693211875240161035e-01 -1.564605112916165410e+02 5.305682803479989072e-03 9.999852148155065068e-01 -1.191587333864922498e-03 8.521524596758256465e-01 -8.693126934851951315e-01 4.023419448037100776e-03 -4.942461462080005585e-01 -2.111724524559788563e+02
-4.799898294203830407e-01 3.647600773981748892e-03 8.772664695869695217e-01 -1.560128422405297215e+02 4.972190202902786182e-03 9.999866055650397101e-01 -1.437363939929321320e-03 8.570468265551616227e-01 -8.772599620281195110e-01 3.672015673073760617e-03 -4.800015367926637744e-01 -2.114213718825733679e+02
-4.667891722780330710e-01 3.488387140955266034e-03 8.843617471369641381e-01 -1.555077795474159075e+02 4.792290864820540099e-03 9.999875158121335206e-01 -1.414979909772020325e-03 8.521465427798682324e-01 -8.843556425964927969e-01 3.577621421128678383e-03 -4.668000621601409161e-01 -2.117048042904981742e+02
-4.505392588141914345e-01 3.477408381154621728e-03 8.927498439642035377e-01 -1.550061254964408022e+02 4.972064686328945063e-03 9.999866788542188800e-01 -1.385888474695032247e-03 8.461311552817932791e-01 -8.927427708135832196e-01 3.814412806711861906e-03 -4.505505470144566260e-01 -2.119556865105958821e+02
-4.355405537144807493e-01 3.753598776103899814e-03 9.001612836410550766e-01 -1.545323043777675309e+02 4.402137395848456855e-03 9.999882299137732300e-01 -2.039906925990165806e-03 8.657608919394274016e-01 -9.001583456572692654e-01 3.074171456939477250e-03 -4.355519512221497358e-01 -2.121930452302132437e+02
-4.169037271599942418e-01 3.773562602458291424e-03 9.089428158610369790e-01 -1.540173457447971259e+02 4.490329475300507654e-03 9.999877302258463052e-01 -2.091970115267350206e-03 8.615748757719825512e-01 -9.089395575181601350e-01 3.209302579261174865e-03 -4.169155563847988244e-01 -2.124409544171451216e+02
-3.966308885705085441e-01 3.622919477038110021e-03 9.179710304177535196e-01 -1.535307418571613880e+02 5.081850438504820731e-03 9.999855545201798979e-01 -1.750870380397394430e-03 8.458604769619320063e-01 -9.179641131481610650e-01 3.970542208714379628e-03 -3.966435701819448489e-01 -2.126584815233192103e+02
-3.751920051016601754e-01 3.604798471512705819e-03 9.269401084944891567e-01 -1.530094321289789150e+02 4.752599442495827019e-03 9.999867753258429026e-01 -1.965190057328612683e-03 8.472860690943546658e-01 -9.269349341277061116e-01 3.668051444842961376e-03 -3.752041754728523415e-01 -2.128826712317735996e+02
-3.557072904732476726e-01 3.558737410451060044e-03 9.345906370664238683e-01 -1.525211105996052936e+02 4.661642744791887581e-03 9.999870668529780016e-01 -2.033522485136611286e-03 8.470506308277746532e-01 -9.345857866408522341e-01 3.633388889326754582e-03 -3.557192796209931451e-01 -2.130885112658936862e+02
-3.320157018084153311e-01 3.476460645184322427e-03 9.432674530450250172e-01 -1.520005138812099403e+02 4.534275597368420292e-03 9.999875370690582965e-01 -2.089509838678017036e-03 8.451195622502769567e-01 -9.432629612666200147e-01 3.583284518609648663e-03 -3.320273271503206836e-01 -2.133093569521628581e+02
-3.082165022479956829e-01 3.468113536290400641e-03 9.513099179187145538e-01 -1.514614562015655395e+02 4.537549358021518778e-03 9.999873389631327436e-01 -2.175444611150223646e-03 8.420652710450157175e-01 -9.513054180376749880e-01 3.646107778448593774e-03 -3.082283366438478556e-01 -2.134926725554766449e+02
-2.865870730973076874e-01 3.530158876949874951e-03 9.580476958439083646e-01 -1.509631917207089487e+02 4.414730203884476532e-03 9.999874605416344542e-01 -2.364088983094946462e-03 8.444185400973091005e-01 -9.580440280544237908e-01 3.552004757397260026e-03 -2.865990641496549696e-01 -2.136595021718118517e+02
-2.606095510188639608e-01 3.452845335768459437e-03 9.654381076883353785e-01 -1.504589939768920033e+02 4.102465846258308672e-03 9.999885368477311465e-01 -2.468997187940413351e-03 8.459029162098111732e-01 -9.654355657897253362e-01 3.317232614851657688e-03 -2.606207287919604099e-01 -2.138028496595126455e+02
-2.329095124526079363e-01 3.563271656651682915e-03 9.724918827960415957e-01 -1.499256450433252041e+02 3.895738399163883956e-03 9.999886823625020460e-01 -2.731001507186476673e-03 8.497858795282672295e-01 -9.724906077857071729e-01 3.152497741137582059e-03 -2.329207580413956702e-01 -2.139640479177332963e+02
-2.051360799446955152e-01 3.371664228249440093e-03 9.787276539391617236e-01 -1.494074608551865424e+02 3.873161977452011656e-03 9.999890326020005604e-01 -2.633114507849363458e-03 8.399021690111536653e-01 -9.787257978214428666e-01 3.250623947332247164e-03 -2.051468891373522396e-01 -2.140907523872319587e+02
-1.809200653458582497e-01 3.415203643035393932e-03 9.834918740586153785e-01 -1.488750532452953337e+02 3.668136616003324964e-03 9.999893587318663402e-01 -2.797712779586070120e-03 8.415381034372163560e-01 -9.834909632167532223e-01 3.101420175874483078e-03 -1.809306675604662740e-01 -2.141820675167130901e+02
-1.513196214295864372e-01 3.516188502848083437e-03 9.884786333496636823e-01 -1.483659278785694653e+02 3.468287063781855251e-03 9.999894065012696620e-01 -3.026197297226645207e-03 8.483827514755433175e-01 -9.884788025826601876e-01 2.970404627483832962e-03 -1.513302135764671430e-01 -2.142862579264420617e+02
-1.214222936079276671e-01 3.699416673961582365e-03 9.925940463912036327e-01 -1.478194057123104130e+02 3.235080396410267879e-03 9.999892184996758138e-01 -3.331236892849690455e-03 8.550804805471103887e-01 -9.925956683714770579e-01 2.806635116992571045e-03 -1.214329524037898178e-01 -2.143668870336385908e+02
-9.461832956817417539e-02 3.402293618087902718e-03 9.955078081601694828e-01 -1.472771677168271651e+02 3.041607773358702589e-03 9.999904804367151234e-01 -3.128523309905192895e-03 8.428249631372372042e-01 -9.955089755154805653e-01 2.731928638140930510e-03 -9.462777728571403202e-02 -2.144608425597929227e+02
-6.431776358973606555e-02 3.491465942379319131e-03 9.979233612619702321e-01 -1.467570364038360538e+02 2.960108523921013268e-03 9.999901476849495374e-01 -3.307913324066154986e-03 8.474531746294288181e-01 -9.979250788733300404e-01 2.741203860738841529e-03 -6.432746502896269369e-02 -2.145072502199145674e+02
-3.317376288506346249e-02 3.737202992363808114e-03 9.994426120442535533e-01 -1.462039124686491789e+02 2.754176322786945717e-03 9.999895538669932860e-01 -3.647830817730892891e-03 8.546336009315570470e-01 -9.994458044180430933e-01 2.631628903484390172e-03 -3.318370926351899008e-02 -2.145407094064588023e+02
-6.852187421997557593e-03 3.604222763525004314e-03 9.999700281037452454e-01 -1.456743605718938284e+02 2.487817281381405829e-03 9.999904711596881990e-01 -3.587248945831377975e-03 8.514098369149567525e-01 -9.999734287933398358e-01 2.463162214673748907e-03 -6.861088776274781864e-03 -2.145387725471239264e+02
2.512829329155874536e-02 3.602254777646778181e-03 9.996777443940476626e-01 -1.451206059850215695e+02 2.103519133248859304e-03 9.999911034497537266e-01 -3.656258825634206306e-03 8.529497149020941471e-01 -9.996820214865875798e-01 2.194716806536328810e-03 2.512049232458724024e-02 -2.145714142715922037e+02
5.178771728356346138e-02 3.629732409319142913e-03 9.986515194907557014e-01 -1.445905268674675881e+02 1.885364048043890531e-03 9.999912573610917343e-01 -3.732372407620966788e-03 8.544842965710787164e-01 -9.986563361542171169e-01 2.076112718415122280e-03 5.178042115526282352e-02 -2.145455423819075520e+02
8.324768488192069160e-02 3.290853479668939818e-03 9.965234534345772666e-01 -1.440294579688292060e+02 2.100451878012541719e-03 9.999917465583907372e-01 -3.477774720612588581e-03 8.352733113993814351e-01 -9.965266735334830095e-01 2.382666253282068793e-03 8.324008552264283711e-02 -2.145227762877952955e+02
1.136537487993121154e-01 3.432651148910321678e-03 9.935144902264650968e-01 -1.434439691687952347e+02 1.702999086567632582e-03 9.999918891738646121e-01 -3.649846653809067643e-03 8.426072879889831002e-01 -9.935189606534814422e-01 2.106773024095402909e-03 1.136469811717448763e-01 -2.144782726957214720e+02
1.436635855262202721e-01 3.359305732023263116e-03 9.896208815797843394e-01 -1.428968058494297679e+02 1.805217207035503778e-03 9.999916852949120027e-01 -3.656573789375334397e-03 8.367999450731972155e-01 -9.896249367232953231e-01 2.311797145192329931e-03 1.436563267293635704e-01 -2.144026273652686143e+02
1.688978068382540609e-01 3.033095939083253843e-03 9.856289013489063500e-01 -1.424123288159599952e+02 1.831223340686220866e-03 9.999925735141859118e-01 -3.391096806656075831e-03 8.251906274788843865e-01 -9.856318671118058372e-01 2.377655462825451795e-03 1.688909982450093050e-01 -2.143261785929987013e+02
1.984431195320515151e-01 3.282049897874507374e-03 9.801069107290570903e-01 -1.418671582827801387e+02 1.569125197243662149e-03 9.999920478642237986e-01 -3.666340741310049507e-03 8.336721987961773772e-01 -9.801111498990834336e-01 2.265470543590628570e-03 1.984363915382277854e-01 -2.142426150447860778e+02
2.270569182588824120e-01 2.862643189846454314e-03 9.738772823845653903e-01 -1.413178834123407341e+02 1.711474523931737560e-03 9.999929628314339070e-01 -3.338434148567051823e-03 8.180472614601939085e-01 -9.738799857917468383e-01 2.424780727820909521e-03 2.270504210801840284e-01 -2.141397207430342746e+02
2.501074970095786831e-01 2.905955323883562327e-03 9.682137136827072554e-01 -1.407672793143720185e+02 1.406335034242690808e-03 9.999933507559097823e-01 -3.364619702046679154e-03 8.186873975737370968e-01 -9.682170532279296138e-01 2.203149478254222849e-03 2.501017472370024031e-01 -2.140000549857163890e+02
2.765594618078348610e-01 2.962782612293015944e-03 9.609922403452346718e-01 -1.402173132961947886e+02 1.377592815242599088e-03 9.999929977223843691e-01 -3.479474706725258371e-03 8.189897296332481202e-01 -9.609958201379422693e-01 2.286137658069396002e-03 2.765534437536661949e-01 -2.138733636048241351e+02
3.017134602252102837e-01 2.783622777638582353e-03 9.533945874417174560e-01 -1.396918651619048433e+02 1.357631102194787991e-03 9.999934694372246691e-01 -3.349316451582072269e-03 8.107379351536303513e-01 -9.533976844720785104e-01 2.304892000571094179e-03 3.017077107336584296e-01 -2.137391588499324655e+02
3.208596834966276345e-01 2.895677004362147075e-03 9.471223144668964311e-01 -1.391551705046888969e+02 1.228452253156060887e-03 9.999932128694745126e-01 -3.473488167169265246e-03 8.128457280772273252e-01 -9.471259443239351539e-01 2.277996855168453860e-03 3.208539485791349621e-01 -2.135689245039895070e+02
3.412485198651069584e-01 2.839311644314335137e-03 9.399688218229689252e-01 -1.386634786869871050e+02 1.287905248297555039e-03 9.999930868990801747e-01 -3.488187798841648445e-03 8.076474331969931697e-01 -9.399722277758770783e-01 2.400929702228109426e-03 3.412425040152821110e-01 -2.134090262017145676e+02
3.598852848064233445e-01 2.774172042001629701e-03 9.329924360622013912e-01 -1.381812460593828007e+02 1.035953410078196925e-03 9.999937748320310016e-01 -3.372995362780268225e-03 8.050573683632402666e-01 -9.329959852970063361e-01 2.180428092500723541e-03 3.598801705470887624e-01 -2.132505470029256571e+02
3.755069782432646219e-01 2.834986650444835422e-03 9.268152308531103500e-01 -1.377062518656831003e+02 8.916673365577478839e-04 9.999937539198519021e-01 -3.420095122004306563e-03 8.061307974189683145e-01 -9.268191378149102100e-01 2.110680452944314195e-03 3.755021049315865334e-01 -2.130829675689494707e+02
3.866981143624825812e-01 2.720802288443000851e-03 9.222023452493535167e-01 -1.372366210882297537e+02 9.945390517962936130e-04 9.999938359265722054e-01 -3.367343305083150655e-03 7.982967372691494035e-01 -9.222058226017524341e-01 2.219311552495393906e-03 3.866930247827832234e-01 -2.128958526929181403e+02
3.971046750104271217e-01 2.572257549784409941e-03 9.177697208864329381e-01 -1.367595367462586751e+02 1.033608856218140321e-03 9.999941847651722115e-01 -3.249936702594932898e-03 7.950758926898016110e-01 -9.177727435142076784e-01 2.239179969565487788e-03 3.970997070453068378e-01 -2.126868508883454183e+02
4.052461386070479454e-01 2.975388520250111472e-03 9.142027752130437168e-01 -1.362896556514546660e+02 7.534143149019170357e-04 9.999932772195456732e-01 -3.588576679267984314e-03 8.064082754816528364e-01 -9.142073066383507030e-01 2.143030299937219788e-03 4.052411725259245090e-01 -2.124907662092833505e+02
4.107022894253390399e-01 2.720984181426651990e-03 9.117654444569994743e-01 -1.358096474387801322e+02 8.255303046002422651e-04 9.999940273844643013e-01 -3.356142892590059917e-03 7.956017364476490883e-01 -9.117691308442622544e-01 2.131065574711879778e-03 4.106975902035645554e-01 -2.122871088813996039e+02
4.162103749071388581e-01 2.732995197897248717e-03 9.092642380281472647e-01 -1.353374611320275562e+02 8.154297718898764541e-04 9.999939588278737856e-01 -3.378961681297816978e-03 7.939371094150051711e-01 -9.092679796924261204e-01 2.147800038372735167e-03 4.162056319429725537e-01 -2.120867325066215869e+02
4.189221448915899648e-01 2.458923819075994974e-03 9.080188270146616336e-01 -1.348670704418423156e+02 9.145375327092041028e-04 9.999946835813585677e-01 -3.129924938382449076e-03 7.830222931779685647e-01 -9.080216958534257365e-01 2.141612166248347757e-03 4.189176689479668925e-01 -2.118634031736671375e+02
4.208095186911089414e-01 2.752243392184517638e-03 9.071448473839596183e-01 -1.344064995653776009e+02 8.126178654025345343e-04 9.999938526748450851e-01 -3.410903798872229938e-03 7.925570771419556682e-01 -9.071486585070618336e-01 2.172502895397159395e-03 4.208046953160188286e-01 -2.116504237778428319e+02
4.212688127327822718e-01 2.666647388357744689e-03 9.069319028518174619e-01 -1.339374255773091420e+02 8.542449859219995202e-04 9.999940670856779512e-01 -3.337073410752044653e-03 7.877612469963867214e-01 -9.069354209006375012e-01 2.180546984333513356e-03 4.212640354108490026e-01 -2.114384987500405941e+02
4.202636815000992954e-01 2.850554926754555844e-03 9.073975492299902745e-01 -1.334580674885215217e+02 7.461618404784283506e-04 9.999936419155867062e-01 -3.487028951582585821e-03 7.909875555463303787e-01 -9.074017198873335355e-01 2.142537050068594150e-03 4.202588824528259437e-01 -2.112062656265020166e+02
4.180606441862040334e-01 2.568278283371688755e-03 9.084154895912307515e-01 -1.329851278194386168e+02 1.011191315950349043e-03 9.999940682896254485e-01 -3.292548813072685744e-03 7.779475999368853367e-01 -9.084185573152602222e-01 2.295066932157125913e-03 4.180555673508467018e-01 -2.109777476466776420e+02
4.152683748935929176e-01 2.792039253326682614e-03 9.096946637911220712e-01 -1.325123358097263235e+02 8.592220945918478984e-04 9.999936401572611100e-01 -3.461413356177441697e-03 7.839412935074512312e-01 -9.096985426780823669e-01 2.219045253716418753e-03 4.152633348702187144e-01 -2.107624716494799202e+02
4.121321934292049294e-01 2.748877568342620627e-03 9.111199146168120766e-01 -1.320415637220361305e+02 8.421467704831347555e-04 9.999938723561907494e-01 -3.397946274953933966e-03 7.824228781610540473e-01 -9.111236721368014546e-01 2.167699745068779171e-03 4.121273530715546807e-01 -2.105515361882823413e+02
4.077292896258204458e-01 2.848060788522630352e-03 9.130984147018156305e-01 -1.315807625244150643e+02 7.861648118044474529e-04 9.999936699943763330e-01 -3.470146404276050478e-03 7.840709653609291285e-01 -9.131025179716200091e-01 2.132726171666061293e-03 4.077244696519504163e-01 -2.103491515186051686e+02
4.018901282679504527e-01 2.244847471247228207e-03 9.156851453750910474e-01 -1.311087770229705143e+02 1.026403101582931470e-03 9.999952623723054046e-01 -2.902021643101946116e-03 7.620103978382954946e-01 -9.156873217957338662e-01 2.106155923669020789e-03 4.018859201437415818e-01 -2.101353970963223787e+02
3.959718182738353187e-01 2.629562661642573414e-03 9.182588984230544149e-01 -1.306448538391993566e+02 1.058167373547163519e-03 9.999939291697259591e-01 -3.319925526657918277e-03 7.729090227417210190e-01 -9.182620537813388495e-01 2.286268554105091826e-03 3.959666318787180561e-01 -2.099234604026390230e+02
3.888489933464619464e-01 2.291055720058253649e-03 9.212986548547279497e-01 -1.301750011289406359e+02 1.131708393198845161e-03 9.999949657391313806e-01 -2.964410988067549442e-03 7.599736963211205509e-01 -9.213008084277123366e-01 2.195349648917158808e-03 3.888444429722032192e-01 -2.097271499707128157e+02
3.812159730765907195e-01 2.096279028691284962e-03 9.244836328921686164e-01 -1.297029225606107730e+02 1.203120241867570257e-03 9.999954574526298545e-01 -2.763616433082044174e-03 7.521634081687651463e-01 -9.244852266926453233e-01 2.165799699755664373e-03 3.812117193092426914e-01 -2.095356306274410940e+02
3.726437635690004191e-01 2.112036769793491399e-03 9.279720711173446990e-01 -1.292201141102779332e+02 1.379319406230903027e-03 9.999950447032932566e-01 -2.829849259972197148e-03 7.493111102786469413e-01 -9.279734494860867322e-01 2.334495564701427779e-03 3.726390038352828116e-01 -2.093214024832440998e+02
3.653390156192475313e-01 2.197647207877008631e-03 9.308719428649189220e-01 -1.287417968964464308e+02 1.234411223188247543e-03 9.999951902207158128e-01 -2.845305671880462087e-03 7.520936982590481490e-01 -9.308737185543972670e-01 2.188579946924174881e-03 3.653345456188404894e-01 -2.091267825499534467e+02
3.565952210321756688e-01 1.802391484973862260e-03 9.342572449395022405e-01 -1.282525604829021972e+02 1.462351849901325287e-03 9.999958372282262697e-01 -2.487378798247712880e-03 7.364065259905939742e-01 -9.342578390701793412e-01 2.253200202772887364e-03 3.565911008771326385e-01 -2.089428590076205126e+02
3.480255462811060463e-01 1.803637113423654011e-03 9.374833150669407145e-01 -1.277795987775919713e+02 1.475112340468490418e-03 9.999958578138326004e-01 -2.471517501487537159e-03 7.360550237690097752e-01 -9.374838895572129571e-01 2.243044435637068113e-03 3.480214441271386461e-01 -2.087555301214291035e+02
3.368887120113855937e-01 1.957101671983699307e-03 9.415424395492513199e-01 -1.272985667290021894e+02 1.531062852320729971e-03 9.999953788589597270e-01 -2.626424807204135164e-03 7.413618793512820604e-01 -9.415432287292242464e-01 2.326373523571048565e-03 3.368841587554642913e-01 -2.085767967889998147e+02
3.252506970957373955e-01 2.072765086852368464e-03 9.456255536329544187e-01 -1.267987229414379300e+02 1.623725950831387708e-03 9.999948993241561945e-01 -2.750425368432290671e-03 7.444786540361240101e-01 -9.456264312892134205e-01 2.430014519595529235e-03 3.252456724949021050e-01 -2.083980055469565968e+02
3.127382129020545021e-01 2.131393621678845211e-03 9.498369688278398559e-01 -1.263019187002216910e+02 1.477354680424971525e-03 9.999951812333305323e-01 -2.730372367764678093e-03 7.441634160269855469e-01 -9.498382112833625435e-01 2.257137866390353763e-03 3.127335570652350905e-01 -2.082283072992501047e+02
3.014270585650865586e-01 2.003883815035746065e-03 9.534871330093845909e-01 -1.258360107574591780e+02 1.580768187603349062e-03 9.999953670450016929e-01 -2.601357428249991346e-03 7.379594511690263925e-01 -9.534879283644535075e-01 2.291361645024191616e-03 3.014224943913025312e-01 -2.080620305828002472e+02
2.880960094601526800e-01 2.116710274916728651e-03 9.575991900950771019e-01 -1.253611015878274344e+02 1.493146986707156836e-03 9.999953483999568515e-01 -2.659641051891485815e-03 7.403669448882849169e-01 -9.576003654161853174e-01 2.196068318810018120e-03 2.880915087931739116e-01 -2.079181647891711293e+02
2.763640985122889360e-01 2.447789841628494022e-03 9.610498912014824313e-01 -1.248828009674937363e+02 1.361844068789794682e-03 9.999947549897932886e-01 -2.938600625406151759e-03 7.497747571124254717e-01 -9.610520435617533330e-01 2.120923806871836091e-03 2.763593154716940115e-01 -2.077700654032094576e+02
2.618748206005259149e-01 2.343230437490025509e-03 9.650990040439164641e-01 -1.243775537379255240e+02 1.464110552572988472e-03 9.999949371986494029e-01 -2.825235805911282747e-03 7.428990269419454284e-01 -9.651007381179088629e-01 2.152869755925579040e-03 2.618700640319198136e-01 -2.076127681340080073e+02
2.475911726753997621e-01 2.203459424500259223e-03 9.688620933754117370e-01 -1.238727738667071350e+02 1.516363164555942613e-03 9.999953078028950282e-01 -2.661769138437387449e-03 7.359319559079118278e-01 -9.688634123837960299e-01 2.128177332305936000e-03 2.475866696841102499e-01 -2.074694750110914470e+02
2.348872582555273647e-01 2.329476284387551298e-03 9.720198297614313088e-01 -1.233653872315466202e+02 1.498049767100650357e-03 9.999950731908461288e-01 -2.758521511526334201e-03 7.392817128347611844e-01 -9.720214667156774624e-01 2.104075634272640008e-03 2.348826113394280046e-01 -2.073467256476564842e+02
2.201376518469295718e-01 2.036206969570754453e-03 9.754666924608429435e-01 -1.228554080816386715e+02 1.427641319190422467e-03 9.999960778460013078e-01 -2.409591848810390020e-03 7.261662728732347638e-01 -9.754677729579709355e-01 1.923058447157737112e-03 2.201338814599539395e-01 -2.072290668954325668e+02
2.045275794824070736e-01 2.167602320606480844e-03 9.788584017779322632e-01 -1.223509277884508464e+02 1.566260705304995922e-03 9.999955433576233066e-01 -2.541671161787694474e-03 7.307533813486746244e-01 -9.788595486884066332e-01 2.052989301323099574e-03 2.045232729457896470e-01 -2.071058508142634764e+02
1.908934064638965200e-01 1.896022714267431471e-03 9.816089407021904023e-01 -1.218323656126981405e+02 1.763590375021779032e-03 9.999958581836092542e-01 -2.274503158036834689e-03 7.224625392190868745e-01 -9.816091875678418788e-01 2.165343735708249225e-03 1.908892720110471064e-01 -2.069953334033918679e+02
1.756483271674893487e-01 2.004578086009790351e-03 9.844509367307037184e-01 -1.213052188017814075e+02 1.707997577298912611e-03 9.999958012776503091e-01 -2.340976579549006262e-03 7.252505018958057548e-01 -9.844514959649046659e-01 2.092628435041740936e-03 1.756441658544179996e-01 -2.069042868610831647e+02
1.598910442289664946e-01 2.001589788561257324e-03 9.871326393214281403e-01 -1.207460667200251834e+02 1.841136039887596425e-03 9.999956002167178504e-01 -2.325890214270964415e-03 7.242891581317737471e-01 -9.871329516298466000e-01 2.189334493525764772e-03 1.598866555439263371e-01 -2.068004766859147026e+02
1.446011578981811763e-01 1.962429409359698392e-03 9.894880767373191999e-01 -1.202022945295863536e+02 1.915320618341878655e-03 9.999956047977086593e-01 -2.263168618087805194e-03 7.224426536716649361e-01 -9.894881690457114631e-01 2.222443717672761658e-03 1.445967636653308075e-01 -2.067147074588752957e+02
1.315583812967284771e-01 2.305161745364307617e-03 9.913057442282438014e-01 -1.196713687243446032e+02 1.883721627807951335e-03 9.999949095433275925e-01 -2.575360219660506426e-03 7.320024311294284214e-01 -9.913066346511625326e-01 2.206154291927523055e-03 1.315533693214532285e-01 -2.066511568280637050e+02
1.156562068713147262e-01 2.146152531772556674e-03 9.932869856398249819e-01 -1.191230211223238911e+02 2.092320655224369497e-03 9.999949208237320919e-01 -2.404271410129259906e-03 7.256925670324946287e-01 -9.932871004933141457e-01 2.356343788204455156e-03 1.156511289937820486e-01 -2.065733789054835938e+02
9.963192942458332091e-02 2.207816548160871327e-03 9.950219114096053863e-01 -1.185687421204082739e+02 2.122738827500540194e-03 9.999947911201204631e-01 -2.431401344248506138e-03 7.272782337881977810e-01 -9.950220965481143542e-01 2.354416852695976128e-03 9.962672383591997249e-02 -2.065100663554117659e+02
8.572646002452877223e-02 1.785748533739364968e-03 9.963171107402688520e-01 -1.180124479430578646e+02 1.883952054541686207e-03 9.999963154288937783e-01 -1.954444497161046332e-03 7.090011525745735232e-01 -9.963169298854250844e-01 2.044561275810203096e-03 8.572277989467214088e-02 -2.064472460786182637e+02
6.981203490040810422e-02 2.065085553399982881e-03 9.975580259838129349e-01 -1.174612778093599275e+02 2.149382167476756016e-03 9.999952246434584691e-01 -2.220550962522478775e-03 7.182764629256210842e-01 -9.975578479162813261e-01 2.299154613366675894e-03 6.980726286498772915e-02 -2.063899043706935856e+02
5.440684464032419232e-02 2.118849765220326680e-03 9.985166026321027344e-01 -1.169040080832566275e+02 2.106424334893392935e-03 9.999952799257324498e-01 -2.236761672004081592e-03 7.192107462515053840e-01 -9.985166289215244850e-01 2.224994815365495277e-03 5.440212463926941133e-02 -2.063669361658091077e+02
4.122577487777057126e-02 1.964282313828361222e-03 9.991479255249040570e-01 -1.163634467205170040e+02 2.039668105205959953e-03 9.999958183971840997e-01 -2.050107842674433935e-03 7.131329667869522604e-01 -9.991477744757020218e-01 2.122447440473094592e-03 4.122159600396901880e-02 -2.063356742353843458e+02
2.707740954507231734e-02 1.826418166193623759e-03 9.996316712114572400e-01 -1.158083574685372099e+02 2.025986467592767043e-03 9.999961767900616971e-01 -1.881962829818513644e-03 7.053090039929992283e-01 -9.996312866608176861e-01 2.076198916743154065e-03 2.707360572396211307e-02 -2.063157852830279637e+02
1.308547296169504381e-02 1.916885180128527662e-03 9.999125441500247291e-01 -1.152502788203305073e+02 2.253422900733088527e-03 9.999955665354381962e-01 -1.946534021912212260e-03 7.092839002658801739e-01 -9.999118423554145263e-01 2.278697144030702830e-03 1.308109539475132976e-02 -2.062916052815732257e+02
2.667023148886782380e-04 1.655775290808421786e-03 9.999985936380418883e-01 -1.147001664607709159e+02 2.131209500474608165e-03 9.999963572353212093e-01 -1.656339987129513492e-03 6.977934784746544494e-01 -9.999976934053099731e-01 2.131648252931452135e-03 2.631725393243966593e-04 -2.062894596364207587e+02
-1.066320333138937038e-02 1.851254312963218369e-03 9.999414327610304243e-01 -1.141433551515912654e+02 2.265241973893241095e-03 9.999957650027941902e-01 -1.827198751129856594e-03 7.051014835371987033e-01 -9.999405806214253234e-01 2.245625513115073225e-03 -1.066735171172727981e-02 -2.062788719141565537e+02
-2.204201594871246783e-02 2.025643507997360471e-03 9.997549931364663189e-01 -1.135913893447188343e+02 2.411126749401792339e-03 9.999951469148897765e-01 -1.972970974542648942e-03 7.109230834085950024e-01 -9.997541377762412251e-01 2.367047749112123622e-03 -2.204679306017975904e-02 -2.062826853980554063e+02
-3.107524302556496920e-02 1.425170155292085523e-03 9.995160319679377015e-01 -1.130331223187981919e+02 2.019861916841067008e-03 9.999970311110910615e-01 -1.363057900626053320e-03 6.896003774633246985e-01 -9.995150071053160445e-01 1.976527012724264842e-03 -3.107802941354220749e-02 -2.062903106706230005e+02
-4.082249420443417876e-02 1.457208868170226232e-03 9.991653519359267044e-01 -1.124780483207934054e+02 2.120728945341185216e-03 9.999968103649633511e-01 -1.371775725078679163e-03 6.890796767953402124e-01 -9.991641639268644681e-01 2.062959576445723680e-03 -4.082545434060258494e-02 -2.063090745519918698e+02
-4.972598532526872894e-02 1.619992019785122328e-03 9.987615841677569550e-01 -1.119179632981903438e+02 2.322431333889707350e-03 9.999961685795447641e-01 -1.506366134156311362e-03 6.947682809506090518e-01 -9.987601977933097119e-01 2.244649657874981958e-03 -4.972955712433879683e-02 -2.063232958863625583e+02
-5.601206085736132323e-02 1.634451516940533004e-03 9.984287543970028489e-01 -1.113734885264944126e+02 2.301692434134609919e-03 9.999962142295689693e-01 -1.507892061357837474e-03 6.949253246036836140e-01 -9.984274391514139646e-01 2.213615768110916825e-03 -5.601561081324812896e-02 -2.063580547875639581e+02
-6.264608758245970854e-02 1.525950329950440543e-03 9.980346382697354857e-01 -1.108166448229482484e+02 2.486277291111124634e-03 9.999959667953313147e-01 -1.372886849821841181e-03 6.920491001521452690e-01 -9.980327079489142994e-01 2.395384867037602273e-03 -6.264962885361935463e-02 -2.063871583123146536e+02
-6.817640803602453836e-02 1.414618699076627614e-03 9.976722789780430034e-01 -1.102493399185019598e+02 2.032698166040710578e-03 9.999971161319698432e-01 -1.279009737774823227e-03 6.843143474731462339e-01 -9.976712111339445244e-01 1.940768322023739105e-03 -6.817908691709617663e-02 -2.064399185724827248e+02
-7.234340039422182400e-02 1.865255192753638262e-03 9.973780392822308993e-01 -1.096999839896907076e+02 2.394721308460325687e-03 9.999956936694158749e-01 -1.696452910789269294e-03 7.001033414938417909e-01 -9.973769085602774975e-01 2.265715271084366936e-03 -7.234755562598005341e-02 -2.064826572794956121e+02
-7.676005528643536913e-02 1.522705666138270478e-03 9.970484317624083159e-01 -1.091446978956482781e+02 2.066922957965639223e-03 9.999969280860436793e-01 -1.368081854940706929e-03 6.867431188957200394e-01 -9.970474521014079938e-01 1.955808254991741116e-03 -7.676296680145000551e-02 -2.065240007471323338e+02
-8.015981133216776300e-02 8.129900506681224555e-04 9.967816930975252898e-01 -1.085823949476902897e+02 2.080584706767171603e-03 9.999976254374504103e-01 -6.482952557136504625e-04 6.632387524544167690e-01 -9.967798532346394680e-01 2.021921521258653737e-03 -8.016131248234792395e-02 -2.065798749405405204e+02
-8.370659658399803860e-02 1.228493734069596114e-03 9.964896870973977139e-01 -1.080106258770850047e+02 2.003765156282481114e-03 9.999974258802953875e-01 -1.064498934538375598e-03 6.782750560513234328e-01 -9.964884297439297045e-01 1.907625730723097948e-03 -8.370884272613743349e-02 -2.066178052992336802e+02
-8.672913524559588971e-02 1.463030488471380895e-03 9.962308550940094376e-01 -1.074357260096862632e+02 2.082581115178830898e-03 9.999970029075165856e-01 -1.287257504501221599e-03 6.867474068615727623e-01 -9.962297525949775912e-01 1.963088834973448008e-03 -8.673192219002290315e-02 -2.066705580761741317e+02
-9.023944027542518675e-02 1.018822975573821336e-03 9.959195777865412769e-01 -1.068662729671746234e+02 2.035739898313951822e-03 9.999975763055514166e-01 -8.385380666419866343e-04 6.676677927067702356e-01 -9.959180183036375755e-01 1.951764014228637512e-03 -9.024129562117533254e-02 -2.067154271338825140e+02
-9.392811870275341590e-02 1.011386808394717021e-03 9.955784678334930193e-01 -1.062954967403134958e+02 2.223180796985891727e-03 9.999972038075864988e-01 -8.061291163840736494e-04 6.673277947394745668e-01 -9.955764993128882745e-01 2.137632740246588406e-03 -9.393010455739125852e-02 -2.067465670247629532e+02
-9.686777136465862803e-02 1.116031611722613504e-03 9.952966338455515594e-01 -1.056980166521581594e+02 2.372115219605213082e-03 9.999967900926929332e-01 -8.904345543670048359e-04 6.712612137041364946e-01 -9.952944327887247589e-01 2.274703882339254926e-03 -9.687010778366311747e-02 -2.068177942236900435e+02
-9.968471149107727136e-02 1.297521883755454498e-03 9.950182283415223150e-01 -1.051090340818699644e+02 2.280489134990765655e-03 9.999968212800204315e-01 -1.075545982308682980e-03 6.761473082122979594e-01 -9.950164610016489775e-01 2.161912767908774104e-03 -9.968735360585156968e-02 -2.068871944189980923e+02
-1.026140065458922557e-01 1.440566498684175880e-03 9.947202071078895536e-01 -1.045262290631983149e+02 2.408422238437148404e-03 9.999963800350971654e-01 -1.199757901785850935e-03 6.827650546162971068e-01 -9.947183345866914550e-01 2.272594302634107621e-03 -1.026171045791814951e-01 -2.069427334469605171e+02
-1.047202209284741059e-01 1.455325855798721320e-03 9.945006572925658705e-01 -1.039403148236307146e+02 2.455234323001385770e-03 9.999962600933050005e-01 -1.204833524737872284e-03 6.826765080188798018e-01 -9.944986913782798421e-01 2.315561715139563721e-03 -1.047234024506109584e-01 -2.070080664750712742e+02
-1.072861975320800187e-01 1.590878003853651770e-03 9.942269061568818067e-01 -1.033470759179747347e+02 2.473963274006065697e-03 9.999960511059525770e-01 -1.333145986026755894e-03 6.876679607209780221e-01 -9.942251009327953692e-01 2.316652688264834656e-03 -1.072897096440081910e-01 -2.070725705435552584e+02
-1.086661869360650012e-01 1.540151058942273825e-03 9.940771035244155840e-01 -1.027540048412854077e+02 2.203929916023879016e-03 9.999967153820270571e-01 -1.308402874660759795e-03 6.834960569713486311e-01 -9.940758534989677653e-01 2.048697115926255072e-03 -1.086692243941485003e-01 -2.071376602407502219e+02
-1.099382164969178177e-01 1.307312831705600585e-03 9.939375631731788285e-01 -1.021622407694306531e+02 2.085488451108158999e-03 9.999972371760246226e-01 -1.084609716880962629e-03 6.731059800339381782e-01 -9.939362350228495568e-01 1.953605251251130763e-03 -1.099406391427899532e-01 -2.072068199831066408e+02
-1.110515226228037111e-01 1.641059068908116677e-03 9.938132954676595077e-01 -1.015543825483624119e+02 2.338359841901341100e-03 9.999963000160111415e-01 -1.389973934171046151e-03 6.856007099811423089e-01 -9.938118994037086207e-01 2.169534378673503450e-03 -1.110549491205730099e-01 -2.072830912480610834e+02
-1.123633855969783379e-01 1.270249380092372711e-03 9.936663705911041866e-01 -1.009656369849753048e+02 2.026485870166117725e-03 9.999973962759383106e-01 -1.049188430174017661e-03 6.708883333879046562e-01 -9.936651160890188628e-01 1.895760495518590159e-03 -1.123656671761479320e-01 -2.073327590095629205e+02
-1.130804232997304482e-01 1.405842144086292623e-03 9.935848436214294033e-01 -1.003767447937668464e+02 2.200392288699666403e-03 9.999969011172611388e-01 -1.164486861431593325e-03 6.760374745685060471e-01 -9.935834017032139087e-01 2.054595760855797842e-03 -1.130831662809717031e-01 -2.074029954254003201e+02
-1.132932361613925298e-01 1.129553479530553874e-03 9.935609527095036198e-01 -9.978485752206371728e+01 1.964057770095818233e-03 9.999976545291897612e-01 -9.129146701470206883e-04 6.654279725295160208e-01 -9.935596535272329666e-01 1.847984051912737995e-03 -1.132951889437023851e-01 -2.074709615699271978e+02
-1.134286977226020010e-01 1.286474304557747635e-03 9.935453062225290122e-01 -9.917779355123749951e+01 2.095224661796112400e-03 9.999972478399995479e-01 -1.055625901085889854e-03 6.709384373678612956e-01 -9.935439298624755278e-01 1.961962356966792317e-03 -1.134310810013670068e-01 -2.075368792174074031e+02
-1.133236798742853768e-01 1.442881874155470690e-03 9.935570751958079372e-01 -9.857122393635243895e+01 2.311498787087493210e-03 9.999966221109328757e-01 -1.188587431124806708e-03 6.758498017062619656e-01 -9.935554340614863866e-01 2.161910872669920228e-03 -1.133266322991681729e-01 -2.076015575862936942e+02
-1.130993367549963935e-01 1.709883358015683004e-03 9.935822141747921998e-01 -9.795618335472376259e+01 2.739162269937485406e-03 9.999952556724291952e-01 -1.409121248147043436e-03 6.854150185317589017e-01 -9.935799097282712600e-01 2.562212234575732880e-03 -1.131034838226749883e-01 -2.076785245821466219e+02
-1.130924974377061076e-01 1.340959602192999534e-03 9.935835590682087215e-01 -9.733841802459922121e+01 2.494197622058292110e-03 9.999963216051882542e-01 -1.065717746402148735e-03 6.727983849269464356e-01 -9.935813333600453934e-01 2.357669068839837647e-03 -1.130954260571013226e-01 -2.077498960101017929e+02
-1.134095205684277907e-01 1.399551247242544760e-03 9.935473425563305927e-01 -9.671553109265491344e+01 2.541830581106397507e-03 9.999961440253123390e-01 -1.118495330257413380e-03 6.715969235650812719e-01 -9.935450768544611400e-01 2.398580999924155611e-03 -1.134126406863471548e-01 -2.078076900982320012e+02
-1.130257693562652932e-01 1.548754306791969709e-03 9.935908498076673201e-01 -9.609928043161887956e+01 2.525018956151764936e-03 9.999960037689454850e-01 -1.271505175091195480e-03 6.772434983749787696e-01 -9.935888484381738550e-01 2.365122879768145371e-03 -1.130292283131590914e-01 -2.078867669846648596e+02
-1.130587593597807139e-01 1.698379324273683287e-03 9.935868519861251746e-01 -9.548970823512385664e+01 2.470530782393312759e-03 9.999959283291685042e-01 -1.428216628448710770e-03 6.804754358090743249e-01 -9.935852320811137117e-01 2.293214502703570627e-03 -1.130624949201288754e-01 -2.079505807656993284e+02
-1.122804649142510325e-01 1.790308272747235174e-03 9.936749428233201398e-01 -9.486662434407783451e+01 2.784706110020249495e-03 9.999950170542316608e-01 -1.487036848143915083e-03 6.811083670409062707e-01 -9.936726536493397655e-01 2.600127495999900694e-03 -1.122848909091693770e-01 -2.080204691805199104e+02
-1.119418403268412909e-01 1.351992602389634262e-03 9.937138403485400451e-01 -9.424760102925273486e+01 2.074813533249157075e-03 9.999972127159372226e-01 -1.126813719694711325e-03 6.651229744862313664e-01 -9.937125940296031024e-01 1.935633322643983550e-03 -1.119443334456819983e-01 -2.081015941915384815e+02
-1.116298138770519532e-01 1.458768185787943450e-03 9.937487895082717237e-01 -9.362295257613153865e+01 2.231751700479075486e-03 9.999967687970756636e-01 -1.217242685514309270e-03 6.678626052053134865e-01 -9.937473541791810305e-01 2.081919976406942496e-03 -1.116327087868500545e-01 -2.081718699243403137e+02
-1.116693400132322544e-01 1.641218586436798922e-03 9.937440640841890271e-01 -9.300532650928521150e+01 2.500110373917197384e-03 9.999959354427554459e-01 -1.370600629901167281e-03 6.759688261762190065e-01 -9.937422744097825777e-01 2.331415775872733992e-03 -1.116729893544210483e-01 -2.082375525038198134e+02
-1.115887656447316356e-01 1.646617125717838226e-03 9.937531061757374218e-01 -9.238027646124264436e+01 2.387202947071570200e-03 9.999961860991950502e-01 -1.388902139675116543e-03 6.744560981060013782e-01 -9.937516030900148678e-01 2.217304468356575114e-03 -1.115922708655037177e-01 -2.083082881533387081e+02
-1.111603373356648827e-01 1.113517960673561600e-03 9.938018612787826722e-01 -9.173478371814634613e+01 2.035153629270657766e-03 9.999975305074261245e-01 -8.928206732757319394e-04 6.539434719450996081e-01 -9.938004012643217866e-01 1.923293217535863419e-03 -1.111623290061563019e-01 -2.083840542904979145e+02
-1.107202246075067453e-01 1.618345480604516020e-03 9.938502969868093784e-01 -9.108522784067639577e+01 2.543057590787079023e-03 9.999958618508357766e-01 -1.345042487848138041e-03 6.715913430093228831e-01 -9.938483610294649440e-01 2.378495135497113097e-03 -1.107238819764606585e-01 -2.084468094788998371e+02
-1.105788587349114671e-01 1.564155241593218320e-03 9.938661224829355989e-01 -9.044110104396962413e+01 2.529723335078301692e-03 9.999959651677592376e-01 -1.292342079205182053e-03 6.689714546798439798e-01 -9.938641338234986966e-01 2.371300609775259596e-03 -1.105823694477814367e-01 -2.085154541869866307e+02
-1.103334612204676102e-01 1.623820092367821936e-03 9.938932993754511225e-01 -8.979797894561049532e+01 2.505052165884902402e-03 9.999959433855997171e-01 -1.355701291076863955e-03 6.706395046036057739e-01 -9.938914689485761622e-01 2.340175346433397922e-03 -1.103370813941992878e-01 -2.085838087349027319e+02
-1.100844407420404902e-01 1.819337019979350503e-03 9.939205732448246344e-01 -8.914214227014734604e+01 2.599632410069335417e-03 9.999954312499789166e-01 -1.542527309683013742e-03 6.765280783388607500e-01 -9.939188386472235237e-01 2.414019879026159908e-03 -1.100886674012315769e-01 -2.086534724723703675e+02
-1.100879277777302434e-01 1.480197711658283021e-03 9.939207499455581241e-01 -8.850464633582026863e+01 2.418860096112369039e-03 9.999963287279984847e-01 -1.221329750838895780e-03 6.609668210470134309e-01 -9.939189088016394669e-01 2.269701579338244748e-03 -1.100911040061824941e-01 -2.087188750021337000e+02
-1.095465996722866375e-01 1.637476824840059658e-03 9.939803122647289380e-01 -8.784724861402750662e+01 2.395550073250775000e-03 9.999961738012449475e-01 -1.383373672186710614e-03 6.668445681754221477e-01 -9.939787743408238230e-01 2.229585727991380793e-03 -1.095501031829511085e-01 -2.088014381690131813e+02
-1.097567981611127230e-01 1.875595757754721683e-03 9.939567029795484121e-01 -8.718076314195042187e+01 2.461478986979639093e-03 9.999956661405332570e-01 -1.615184617219266776e-03 6.749901896655876588e-01 -9.939554247442978774e-01 2.269326046326651612e-03 -1.097609392301197584e-01 -2.088601300525023987e+02
-1.095679436681571417e-01 1.828430255649846807e-03 9.939776267920380493e-01 -8.649217866673980382e+01 2.358912532013408489e-03 9.999959703888557927e-01 -1.579473873499597598e-03 6.711227596128227502e-01 -9.939765094065343698e-01 2.171646575983755215e-03 -1.095718152589943983e-01 -2.089433219470573704e+02
-1.097427735827034567e-01 1.406059579553249009e-03 9.939590266418606435e-01 -8.583634904157342760e+01 2.354897774764353260e-03 9.999965606756459069e-01 -1.154596617759199619e-03 6.564760784663200566e-01 -9.939572315260082336e-01 2.213963264843756516e-03 -1.097457072682845869e-01 -2.090066787431443913e+02
-1.097802760330763849e-01 1.584038423951282352e-03 9.939546175839085729e-01 -8.517539857544950621e+01 2.391381279688289604e-03 9.999962567976935501e-01 -1.329543597073665987e-03 6.646041158209612387e-01 -9.939530030588356047e-01 2.230966802265134559e-03 -1.097836531431273244e-01 -2.090795450494050556e+02
-1.097751635852690644e-01 1.413140613549301221e-03 9.939554398932747281e-01 -8.451802701048072208e+01 2.315604345803796808e-03 9.999966392187151776e-01 -1.165987902393131413e-03 6.557830761791053620e-01 -9.939537471312941408e-01 2.173611023428540998e-03 -1.097780669294998734e-01 -2.091582930876579383e+02
-1.097360749266145241e-01 1.313119387393717761e-03 9.939598933443819506e-01 -8.386533161178142848e+01 2.339081427334512193e-03 9.999966995151448046e-01 -1.062853185292061964e-03 6.517501620493250103e-01 -9.939580084479308075e-01 2.208319789260035620e-03 -1.097387842375319167e-01 -2.092369257987776905e+02
-1.104280006961644300e-01 1.285513199113420693e-03 9.938832950191200943e-01 -8.321238848803511701e+01 2.272856080201462840e-03 9.999968753327400650e-01 -1.040889040685350842e-03 6.479176343657648829e-01 -9.938815275411285732e-01 2.144010394385439250e-03 -1.104305774318967703e-01 -2.093081722041198134e+02
-1.111752808941830484e-01 1.521769201738028265e-03 9.937996483882433063e-01 -8.257613098745501645e+01 2.361048493987865510e-03 9.999964099091370739e-01 -1.267130161463366975e-03 6.578879522079408293e-01 -9.937980088368604248e-01 2.205535611522550701e-03 -1.111784747357049685e-01 -2.093654424891916221e+02
-1.115335632588816406e-01 1.463190911600911574e-03 9.937595903130360675e-01 -8.195784600400700981e+01 2.302425852691985901e-03 9.999966125577720577e-01 -1.213963827263402507e-03 6.547078200160776351e-01 -9.937580002706745130e-01 2.152660060775254004e-03 -1.115365543339619236e-01 -2.094453031908547587e+02
-1.120594565294192879e-01 1.573025849376082520e-03 9.937002585246763608e-01 -8.132056574976327568e+01 2.398343997608244540e-03 9.999962625966413166e-01 -1.312531454241366554e-03 6.595712704773843971e-01 -9.936986093118982399e-01 2.236153489014362263e-03 -1.120628103751339921e-01 -2.095091340300947138e+02
-1.131780735541729754e-01 1.387091176166555754e-03 9.935737514873443921e-01 -8.069285975203510475e+01 2.395067481442067926e-03 9.999965009908886593e-01 -1.123235388887232518e-03 6.514503089359479082e-01 -9.935718329936318316e-01 2.252550565139611622e-03 -1.131809997200323714e-01 -2.095660879668624546e+02
-1.136211186939601880e-01 1.266811798870014910e-03 9.935233447557230146e-01 -8.006017089881072479e+01 2.303533358934629818e-03 9.999968351646693066e-01 -1.011629729420586432e-03 6.454116934930765881e-01 -9.935214819624169635e-01 2.173671665964283569e-03 -1.136236772450676114e-01 -2.096520842129218636e+02
-1.143105836406754783e-01 1.346811476067251651e-03 9.934441486900894569e-01 -7.941832308526161910e+01 2.280885547696106207e-03 9.999968011831704695e-01 -1.093244961099590698e-03 6.475260783108094387e-01 -9.934424432390872584e-01 2.140962931624964399e-03 -1.143132899048879825e-01 -2.097317870890500728e+02
-1.157335477678664848e-01 1.461598847455309203e-03 9.932792203856236624e-01 -7.878475683763009840e+01 2.450539872691810585e-03 9.999962941765045965e-01 -1.185954295064573167e-03 6.520462392956648534e-01 -9.932772728575821608e-01 2.296815636212845221e-03 -1.157367005860194809e-01 -2.097915321155839763e+02
-1.166146205805180802e-01 1.211987572159982460e-03 9.931765006044935840e-01 -7.815322162342479828e+01 2.113165052557776456e-03 9.999972946843266319e-01 -9.721921047621339502e-04 6.402027708665001260e-01 -9.931749920332887394e-01 1.985374058670831034e-03 -1.166168662309388093e-01 -2.098724390995047884e+02
-1.179668825668533927e-01 1.225837874566197260e-03 9.930167732415013937e-01 -7.753779526995464266e+01 2.135016805999153701e-03 9.999972398414016528e-01 -9.808225202967610877e-04 6.384716265822462100e-01 -9.930152346871099489e-01 2.004402924438883262e-03 -1.179691741440118680e-01 -2.099358517174857184e+02
-1.193886484830495309e-01 1.389186743344402244e-03 9.928466249998452176e-01 -7.691936064920591321e+01 2.511588454276591532e-03 9.999962440583083367e-01 -1.097174877880510279e-03 6.456530585474813400e-01 -9.928444201066083385e-01 2.362631894397382998e-03 -1.193916891316324502e-01 -2.100025827380545422e+02
-1.199630393137736117e-01 1.370969905764165371e-03 9.927774119308520051e-01 -7.628590810356307372e+01 2.619984714355523200e-03 9.999960014111036744e-01 -1.064350459459290424e-03 6.455621679587941752e-01 -9.927749014145651474e-01 2.473378928004520486e-03 -1.199661515510934695e-01 -2.100894223423208587e+02
-1.208897520324985209e-01 1.472557693350694773e-03 9.926648474824527613e-01 -7.565956736159638751e+01 2.623827513356323179e-03 9.999958804301820603e-01 -1.163895117784149481e-03 6.490191166154939406e-01 -9.926624720330176066e-01 2.463878346185356064e-03 -1.208931177561154424e-01 -2.101560260919814596e+02
-1.217772923786359929e-01 1.416762325772313218e-03 9.925564386197093247e-01 -7.504057004238070760e+01 2.579700276043074558e-03 9.999960555419404873e-01 -1.110876701561804751e-03 6.471877270093938650e-01 -9.925540973707248638e-01 2.425218561812888564e-03 -1.217804668553763570e-01 -2.102299234261570859e+02
-1.228982921121475336e-01 1.324658248426814101e-03 9.924183871112237654e-01 -7.442852997608447652e+01 2.478541125665791045e-03 9.999964001853207662e-01 -1.027837676000497094e-03 6.389900327185619178e-01 -9.924161761226013567e-01 2.333430291373101047e-03 -1.229011329210178971e-01 -2.102929868325399241e+02
-1.234610077811770790e-01 1.519093644277305123e-03 9.923482614043098726e-01 -7.381568668277527934e+01 2.548309646659098135e-03 9.999960164467053270e-01 -1.213758075282254933e-03 6.486062422071312561e-01 -9.923461521443016631e-01 2.378958852205098617e-03 -1.234643870886606987e-01 -2.103858124325866470e+02
-1.241900824250004032e-01 1.602923459030161125e-03 9.922571511778871534e-01 -7.320648930513891628e+01 2.666127304137523232e-03 9.999956244518114490e-01 -1.281734149454305353e-03 6.525407190876366670e-01 -9.922548640306431134e-01 2.486305213813411272e-03 -1.241938126233106399e-01 -2.104686522855578801e+02
-1.250555609831254245e-01 1.645054410645696227e-03 9.921483762337073298e-01 -7.258760481341077764e+01 2.848453726318480976e-03 9.999950994030735174e-01 -1.299030871884714229e-03 6.549499280106272359e-01 -9.921456510908894799e-01 2.663637704925792167e-03 -1.250596339975937887e-01 -2.105282615862595321e+02
-1.252711319118353650e-01 1.249411539395375555e-03 9.921217578908007040e-01 -7.198754408695502605e+01 2.319243394686933656e-03 9.999968435009415346e-01 -9.664875734970905605e-04 6.372512895720366943e-01 -9.921198338001330219e-01 2.179898841402724829e-03 -1.252736341830853473e-01 -2.106206900443222878e+02
-1.253237219399248037e-01 1.262133794644087212e-03 9.921151000450547652e-01 -7.138027594055040481e+01 2.298985211225011357e-03 9.999968754086545619e-01 -9.817534957304455481e-04 6.347856299109541078e-01 -9.921132391950644447e-01 2.157820940724131803e-03 -1.253262319814361092e-01 -2.107056646487138494e+02
-1.256933676836591296e-01 1.439276383675252343e-03 9.920680953461977758e-01 -7.076887607034549887e+01 2.439652170158230007e-03 9.999963723268776583e-01 -1.141678752214905952e-03 6.425105614089022810e-01 -9.920661396386984965e-01 2.276799634577323338e-03 -1.256964230429602480e-01 -2.107797666591460768e+02
-1.262938987167563365e-01 1.182921678932945860e-03 9.919921631964755404e-01 -7.018216041313262110e+01 2.237670898373338591e-03 9.999970845578495249e-01 -9.075818154566497658e-04 6.285725854678545499e-01 -9.919903446989150053e-01 2.105129949120717204e-03 -1.262961775036166578e-01 -2.108448157667023395e+02
-1.271129408529136917e-01 1.242545860225310536e-03 9.918874716153587290e-01 -6.958885557484632045e+01 2.339452599538100266e-03 9.999968094687549103e-01 -9.528976047972124953e-04 6.313866394283008665e-01 -9.918854909863630276e-01 2.199348107042353121e-03 -1.271154421722469063e-01 -2.109136180142147055e+02
-1.280536332487400841e-01 1.319567702940243562e-03 9.917663665162652631e-01 -6.900866493111954014e+01 2.478863987020628410e-03 9.999964171004406266e-01 -1.010455152572285265e-03 6.336010974124033357e-01 -9.917641464809723306e-01 2.329061475973680066e-03 -1.280564454742911806e-01 -2.109826412866973726e+02
-1.287461927663571259e-01 1.258980129663617121e-03 9.916767783996963681e-01 -6.843307995614166828e+01 2.454633051637099446e-03 9.999965353098121401e-01 -9.508653708443647219e-04 6.300356066449507297e-01 -9.916745396675005209e-01 2.311782300471312401e-03 -1.287488370349241240e-01 -2.110567754326237377e+02
-1.286561180894791878e-01 1.409398047327020415e-03 9.916882659764055807e-01 -6.784679839552497072e+01 2.361361813706802648e-03 9.999965905274474931e-01 -1.114855984081108368e-03 6.375178923765464356e-01 -9.916864561183290627e-01 2.198301759237097832e-03 -1.286590075387050724e-01 -2.111440979333890482e+02
-1.288357675595317442e-01 1.298766608739781916e-03 9.916650937703930246e-01 -6.726945673599834663e+01 2.499573610657027274e-03 9.999963910091272945e-01 -9.849367926108988473e-04 6.315825324518548056e-01 -9.916627940631388416e-01 2.351844811324552316e-03 -1.288385489551642227e-01 -2.112190047560214339e+02
-1.284177578177800871e-01 1.610283481888725651e-03 9.917188545470747574e-01 -6.667960999725052318e+01 2.638330701847732204e-03 9.999956977251014401e-01 -1.282085174708223882e-03 6.449537150680936248e-01 -9.917166524205196509e-01 2.451839798085365084e-03 -1.284214537896330999e-01 -2.113075507866861358e+02
-1.284562685392944825e-01 1.534180951516784640e-03 9.917139876808074295e-01 -6.610760248700188413e+01 2.581294032784576305e-03 9.999959332053053318e-01 -1.212639256683190059e-03 6.402663838570555876e-01 -9.917118149916723802e-01 2.404134284631678515e-03 -1.284597063061585498e-01 -2.113696581317152834e+02
-1.282271563196077935e-01 1.581910835798244156e-03 9.917435625908013197e-01 -6.554037266978627940e+01 2.399212288669023540e-03 9.999962964388433573e-01 -1.284869250457035435e-03 6.472542640084626431e-01 -9.917419221564554022e-01 2.214648212347635620e-03 -1.282304767624091735e-01 -2.114546046020903987e+02
-1.286105290267418599e-01 1.354952237582576855e-03 9.916942552661560661e-01 -6.494763381721963924e+01 2.316706596772467354e-03 9.999967484144015595e-01 -1.065847629161735489e-03 6.356330440790678438e-01 -9.916924748600275397e-01 2.160385395708072989e-03 -1.286132498653849154e-01 -2.115128821429314030e+02
-1.282139623343307999e-01 1.140129282955809967e-03 9.917458746915709389e-01 -6.439511599095619943e+01 2.298203934444095417e-03 9.999969957461268821e-01 -8.525006724061299753e-04 6.273244441003011929e-01 -9.917438671961661401e-01 2.169931782082997699e-03 -1.282161973966418067e-01 -2.115984421628590439e+02
-1.283883182269467405e-01 1.134585464112444460e-03 9.917233245510973516e-01 -6.382062621442950956e+01 2.516457368842020884e-03 9.999964989318681496e-01 -8.182703202461465066e-04 6.214795558454013769e-01 -9.917207808577811479e-01 2.390573117647687602e-03 -1.283907238666488482e-01 -2.116645163792459243e+02
-1.276675182183035773e-01 1.303453294527123166e-03 9.918161653257562271e-01 -6.325126598733354655e+01 2.759559385287672830e-03 9.999957325761293925e-01 -9.589898484174409462e-04 6.262424817621249362e-01 -9.918131828242544579e-01 2.614543753560719455e-03 -1.276705703636611400e-01 -2.117655317860723585e+02
-1.271244255805692447e-01 9.868894288188672596e-04 9.918862870662472631e-01 -6.271408820320810662e+01 2.620914662953124051e-03 9.999963482224502043e-01 -6.590509037362461036e-04 6.118641225528147487e-01 -9.918833153285420146e-01 2.515867846188233822e-03 -1.271265479034207058e-01 -2.118429317699569197e+02
-1.264864707023716228e-01 1.402553178588895801e-03 9.919673409814657727e-01 -6.214956951449501332e+01 2.515746248544833714e-03 9.999962380468936374e-01 -1.093120703969528880e-03 6.311333998417713032e-01 -9.919651424067639223e-01 2.357273136856318820e-03 -1.264895233340976866e-01 -2.119038837929648480e+02
-1.258861312362773432e-01 1.443343805191378993e-03 9.920436475886650340e-01 -6.158568241594126391e+01 2.610131365624612527e-03 9.999959622490468547e-01 -1.123699184407083492e-03 6.308386690101274175e-01 -9.920412638477381639e-01 2.447906097641455378e-03 -1.258893902563684719e-01 -2.119722585354204512e+02
-1.254177362900883441e-01 1.278755076256916055e-03 9.921031983666440679e-01 -6.103321955300328483e+01 2.467754767322267312e-03 9.999964778564451873e-01 -9.769652564945512877e-04 6.240524600025615376e-01 -9.921009533360393151e-01 2.325738626541342183e-03 -1.254204502047524539e-01 -2.120280843920202187e+02
-1.241570289900872925e-01 1.801821668460045238e-03 9.922609463195806168e-01 -6.048943096607239056e+01 2.588965431473528277e-03 9.999955357042579207e-01 -1.491921428487482260e-03 6.466522760847029927e-01 -9.922592047496203715e-01 2.383696756974951723e-03 -1.241611395704047549e-01 -2.121081827597876952e+02
-1.227826597471641801e-01 1.781299300162763645e-03 9.924319852958267685e-01 -5.995209305807551203e+01 3.094203020019279000e-03 9.999942159789472207e-01 -1.412061019049795424e-03 6.418175963481679291e-01 -9.924287603516352974e-01 2.897409438421850135e-03 -1.227874612713495406e-01 -2.121875739262061131e+02
-1.219278519792779125e-01 1.625668998025502120e-03 9.925376346073880862e-01 -5.941731400753219816e+01 2.812116004307762401e-03 9.999952108019739550e-01 -1.292430537367357437e-03 6.372355629084754947e-01 -9.925349822123644694e-01 2.633547687903579990e-03 -1.219318396124569048e-01 -2.122631782708083961e+02
-1.210862132639818345e-01 1.603469445130949189e-03 9.926406992679317476e-01 -5.889739006743929650e+01 2.771521193844952123e-03 9.999953436165300857e-01 -1.277268777467842516e-03 6.344747755917883314e-01 -9.926381252136460276e-01 2.596465096310249330e-03 -1.210900934896907977e-01 -2.123440442537803960e+02
-1.200379016645962693e-01 1.564277695964871873e-03 9.927680772462674774e-01 -5.835821754661481009e+01 2.784340836420740560e-03 9.999953561463386098e-01 -1.239004384162976534e-03 6.327977610882602466e-01 -9.927654051235204058e-01 2.615477212143523834e-03 -1.200416997084154946e-01 -2.124255239985303376e+02
-1.199184272150430886e-01 1.735704652172876490e-03 9.927822309769809284e-01 -5.782199005351735366e+01 2.696520095773728351e-03 9.999953524804477967e-01 -1.422602150345471123e-03 6.405642605107098042e-01 -9.927800862193219000e-01 2.506461024134337082e-03 -1.199225502542828892e-01 -2.124817772120587733e+02
-1.185218462178490029e-01 1.791536918910132921e-03 9.929498287247858768e-01 -5.726010483835306530e+01 2.636543927698839062e-03 9.999954149395970937e-01 -1.489542178137345319e-03 6.413595248818508843e-01 -9.929479445596484100e-01 2.441412552461741728e-03 -1.185260262538099241e-01 -2.125615015658840434e+02
-1.181760812197361066e-01 1.914732624872046620e-03 9.929908094370873961e-01 -5.669648511740386709e+01 2.669656651636570944e-03 9.999951395639680163e-01 -1.610522214249472195e-03 6.463166632252841382e-01 -9.929890667882044220e-01 2.460619315430367850e-03 -1.181806185111409224e-01 -2.126181114041329749e+02
-1.164624906287425876e-01 1.765421502092992274e-03 9.931935217083678324e-01 -5.619661400611934710e+01 2.843204267160610258e-03 9.999949153474450014e-01 -1.444115214073454431e-03 6.372812594356558336e-01 -9.931910211364405328e-01 2.655666804451651229e-03 -1.164669179113901887e-01 -2.126903549284363066e+02
-1.148571331226690972e-01 1.916357874341827715e-03 9.933801722116961663e-01 -5.567384390522411053e+01 2.776717818826252189e-03 9.999948519656228774e-01 -1.608067289231313946e-03 6.398425955394779763e-01 -9.933781398888321679e-01 2.573638426339457282e-03 -1.148618630192561607e-01 -2.127596962347305976e+02
-1.128889138870963205e-01 2.177876272433639047e-03 9.936052284364921272e-01 -5.517946722666724213e+01 2.710204312819232669e-03 9.999945527290389213e-01 -1.883959880737304205e-03 6.543594832419410423e-01 -9.936039190311068969e-01 2.480194990605021424e-03 -1.128942014402603000e-01 -2.128190734843994960e+02
-1.107762105075174031e-01 2.121881369688966013e-03 9.938431107599665637e-01 -5.467791731029856095e+01 2.819721862640118919e-03 9.999943670554285458e-01 -1.820721293964261325e-03 6.494368385598036086e-01 -9.938413758514039742e-01 2.600668542108438858e-03 -1.107815696265519456e-01 -2.128814890075397841e+02
-1.084952638388727575e-01 1.919356292157618511e-03 9.940951130530507607e-01 -5.418183307738525656e+01 2.798522622816172669e-03 9.999947632940081599e-01 -1.625317104486464440e-03 6.411887706929328967e-01 -9.940930268318269869e-01 2.605658455036870876e-03 -1.085000670430793512e-01 -2.129369001750481232e+02
-1.059720631968983362e-01 1.497982487004021444e-03 9.943679791054528261e-01 -5.366741966836622879e+01 2.964568695809300693e-03 9.999948969861658377e-01 -1.190518406133506384e-03 6.226313069317538362e-01 -9.943646882076221383e-01 2.821710491199330619e-03 -1.059759632919816674e-01 -2.130113014519668582e+02
-1.028246760804736315e-01 1.841477433598810286e-03 9.946977907635100591e-01 -5.319177328202496113e+01 2.781037914965740852e-03 9.999949101653613504e-01 -1.563800334587390952e-03 6.384677075600726504e-01 -9.946956076192664531e-01 2.605495007187496031e-03 -1.028292739384379928e-01 -2.130733294574655474e+02
-1.006203938468561709e-01 1.686144072124038393e-03 9.949234610060572193e-01 -5.269234782993936506e+01 2.662080942905426743e-03 9.999954406078689351e-01 -1.425513425897627709e-03 6.310344554850352283e-01 -9.949213283808709951e-01 2.505131062845934904e-03 -1.006244237310256473e-01 -2.131236550810683354e+02
-9.738738183203610177e-02 1.766945429523202396e-03 9.952449827875297084e-01 -5.220951589223185607e+01 2.785035717035940980e-03 9.999949924883916319e-01 -1.502855347779157892e-03 6.365857496086620992e-01 -9.952426545501132926e-01 2.625433676671604100e-03 -9.739181516972239550e-02 -2.131894929808613597e+02
-9.455005495976687158e-02 1.807664805036303520e-03 9.955184676614783346e-01 -5.170941854412959060e+01 2.728859475654084842e-03 9.999950651208414643e-01 -1.556618105406464871e-03 6.368773282427415694e-01 -9.955163687419044116e-01 2.569451676249110035e-03 -9.455452122990326558e-02 -2.132647984300079145e+02
-9.191017503642751052e-02 1.445160912684633620e-03 9.957662533118454284e-01 -5.124482320995257822e+01 2.972520808691145495e-03 9.999948894631444096e-01 -1.176931448934412849e-03 6.180206290202593378e-01 -9.957628652670351688e-01 2.851763933084439789e-03 -9.191400109697545062e-02 -2.133231282206313324e+02
-9.012324619752298815e-02 1.429571176140282405e-03 9.959295943092932868e-01 -5.073829772706143615e+01 2.850656526653556726e-03 9.999952436770745967e-01 -1.177446642174762546e-03 6.163662340963672603e-01 -9.959265405903129365e-01 2.732937884488052631e-03 -9.012689275866447858e-02 -2.133640898218517634e+02
-8.805228365545891833e-02 1.558745972703121010e-03 9.961146347956398861e-01 -5.024949230519188603e+01 2.688515040482172564e-03 9.999955052490714369e-01 -1.327165600616768935e-03 6.226742038126207301e-01 -9.961122262224951784e-01 2.561209215769209412e-03 -8.805607859436714868e-02 -2.134031840746741011e+02
-8.546871221367680072e-02 1.414999800883769143e-03 9.963398501556081088e-01 -4.975852278738621948e+01 2.729188962363835770e-03 9.999955723676656749e-01 -1.186074480107684147e-03 6.160579602833942126e-01 -9.963371170242248942e-01 2.617827463403613313e-03 -8.547219559148144796e-02 -2.134562469186799660e+02
-8.215388806771550811e-02 1.405615092520612081e-03 9.966186647467368820e-01 -4.930087875463848235e+01 2.685355400719093271e-03 9.999956875430441317e-01 -1.189017109321799555e-03 6.169658258038021037e-01 -9.966160381720378103e-01 2.578592935325279677e-03 -8.215730835868950699e-02 -2.135067979525825592e+02
-7.824600353645561057e-02 1.349387684530224240e-03 9.969331683134279309e-01 -4.884026663810457336e+01 2.733723406609851660e-03 9.999956147400915762e-01 -1.138971870796697677e-03 6.151179800120152308e-01 -9.969303334169890007e-01 2.636219540013855223e-03 -7.824934926009108338e-02 -2.135707707592628424e+02
-7.407984283391511049e-02 1.428291620573502244e-03 9.972512907330577381e-01 -4.835678625980460055e+01 2.744701437221109576e-03 9.999954788940340622e-01 -1.228334446295813436e-03 6.163455551837706548e-01 -9.972485364740946157e-01 2.646162228216551639e-03 -7.408342814515944674e-02 -2.136448698193790392e+02
-6.965800804580313255e-02 1.378969974029654530e-03 9.975699776741989711e-01 -4.788348106654454028e+01 2.763772688251754477e-03 9.999954735112166482e-01 -1.189334942445520720e-03 6.125531002031527894e-01 -9.975671022420590228e-01 2.674209955925838361e-03 -6.966150389916325736e-02 -2.136980027829106916e+02
-6.633125279164886479e-02 1.102247916321007779e-03 9.977970484786079508e-01 -4.738734618888594241e+01 2.764410565356113618e-03 9.999957549749731722e-01 -9.209051305789425898e-04 6.047390516846367081e-01 -9.977938278709267417e-01 2.697235911881851796e-03 -6.633401827960638819e-02 -2.137147777423588195e+02
-6.220877803038860065e-02 2.063642274739806073e-03 9.980610248459401701e-01 -4.689630427682622837e+01 2.539518562447001023e-03 9.999949525942185558e-01 -1.909353701532124845e-03 6.371562798472472089e-01 -9.980599274499689644e-01 2.415815938451029536e-03 -6.221370469530573821e-02 -2.137675589156047238e+02
-5.761503817995028420e-02 1.705568707159658710e-03 9.983374171145285025e-01 -4.642890334927771079e+01 2.618744392233033919e-03 9.999953585319220073e-01 -1.557270824495763468e-03 6.238375610875683819e-01 -9.983354393956627160e-01 2.524668294615236598e-03 -5.761923721007722321e-02 -2.137997382919351423e+02
-5.190289544282800094e-02 1.605278755890672884e-03 9.986508461543337489e-01 -4.595635637636745230e+01 2.573681801114518879e-03 9.999956022073426265e-01 -1.473678377631647924e-03 6.201381950373983099e-01 -9.986488199595680015e-01 2.493721333664451929e-03 -5.190679866137526410e-02 -2.138456898539102440e+02
-4.667586734629347589e-02 1.925480828050618555e-03 9.989082319868287652e-01 -4.547499073748528531e+01 2.522395077129454925e-03 9.999951812205184476e-01 -1.809712357633178927e-03 6.291171368544462572e-01 -9.989069030347854650e-01 2.435171312927830213e-03 -4.668049924894335234e-02 -2.138702422173686273e+02
-3.946689994106589161e-02 1.910619603872213638e-03 9.992190517307861786e-01 -4.499402354286632288e+01 2.354046998884128886e-03 9.999955746139548296e-01 -1.819124853687326213e-03 6.295657613216669723e-01 -9.992181054563460396e-01 2.280413391373918314e-03 -3.947122297314220596e-02 -2.138953016804942422e+02
-3.160392990339611075e-02 2.192981240945514072e-03 9.994980652547251765e-01 -4.451245945677865734e+01 2.281633245247445974e-03 9.999951457758029516e-01 -2.121927087507012935e-03 6.399809428921455767e-01 -9.994978668133294164e-01 2.213426779311992651e-03 -3.160878006974043863e-02 -2.139277348917434551e+02
-2.441672150977503009e-02 1.821876738333335494e-03 9.997002073001007849e-01 -4.402669818842450411e+01 2.309174335534208700e-03 9.999957744417391492e-01 -1.766016011927056158e-03 6.260374905286877345e-01 -9.996992004721231284e-01 2.265361740780594442e-03 -2.442082536650258540e-02 -2.139497859114745211e+02
-1.543010981360226630e-02 1.545151152665302742e-03 9.998797548800834045e-01 -4.355521144927221400e+01 2.403330039109001157e-03 9.999959745963211688e-01 -1.508242645204122901e-03 6.148162526317515475e-01 -9.998780604233014069e-01 2.379768700759191113e-03 -1.543376120936179596e-02 -2.139584825089357594e+02
-5.833438752441022501e-03 1.868167602481400928e-03 9.999812402951020474e-01 -4.309634495656971609e+01 2.204345198738904589e-03 9.999958492871521276e-01 -1.855335741099040483e-03 6.265352744657916029e-01 -9.999805557382435151e-01 2.193480858462567348e-03 -5.837532625796670871e-03 -2.139679771386402933e+02
2.307764612825335959e-03 1.898398569288729148e-03 9.999955351427147754e-01 -4.262229323757176758e+01 2.201897378546012213e-03 9.999957641960126598e-01 -1.903480487664505061e-03 6.280862678296467161e-01 -9.999949129222742705e-01 2.206280332299095925e-03 2.303574758753645924e-03 -2.139841723967398934e+02
1.156461505857742100e-02 1.328283586353416540e-03 9.999322453752860218e-01 -4.216768551590566005e+01 2.263457305552837341e-03 9.999965209760061091e-01 -1.354546754470198865e-03 6.109245977719848231e-01 -9.999305658092331184e-01 2.278968757646836468e-03 1.156156831181676115e-02 -2.139894230580561612e+02
2.171767993825912679e-02 2.000968567687136119e-03 9.997621409629845468e-01 -4.171716377349619620e+01 1.974530796865570873e-03 9.999959609654287540e-01 -2.044328975701980786e-03 6.338360123868925777e-01 -9.997621935271566729e-01 2.018459219254475911e-03 2.171364124573860188e-02 -2.140053339232758276e+02
2.969651797066386045e-02 1.710137090587580651e-03 9.995574982218630167e-01 -4.124487238233246700e+01 1.909627987166989541e-03 9.999966144096000820e-01 -1.767622778824757233e-03 6.236642044230730209e-01 -9.995571370068691008e-01 1.961275215003812234e-03 2.969315170476771737e-02 -2.140024937846387729e+02
3.871264064064128263e-02 1.586567494847203027e-03 9.992491252226410881e-01 -4.079546429169069199e+01 2.107874084073086199e-03 9.999963849509060365e-01 -1.669416654118742417e-03 6.152484289563873165e-01 -9.992481615301950226e-01 2.170918861599907719e-03 3.870915640803984648e-02 -2.139895242903237715e+02
4.775996465213339093e-02 1.658532263340716960e-03 9.988574648302722681e-01 -4.034320052322842542e+01 2.022664717090663297e-03 9.999964106432985833e-01 -1.757136295684014887e-03 6.159612558562812534e-01 -9.988567938417746150e-01 2.104274518885668969e-03 4.775643856989297831e-02 -2.139718336814465545e+02
5.541097638286185401e-02 1.561937294864609513e-03 9.984624099324846958e-01 -3.988559702716911204e+01 2.122088795204112466e-03 9.999963336242894130e-01 -1.682104968220695697e-03 6.128718062044189452e-01 -9.984613765366406879e-01 2.212032971217792448e-03 5.540745865577179075e-02 -2.139439011895516671e+02
6.499509865481800652e-02 1.494883201469981342e-03 9.978844634901699040e-01 -3.943763666470704266e+01 2.040684389162771527e-03 9.999965877777255985e-01 -1.630962945450485169e-03 6.066795163166329719e-01 -9.978834965856856476e-01 2.142371844374364384e-03 6.499182629228184016e-02 -2.139218405453555931e+02
7.470586603939832759e-02 1.618591052413449836e-03 9.972042988988307766e-01 -3.898179725998789991e+01 1.976506753822561933e-03 9.999964781407114645e-01 -1.771193728999098833e-03 6.128696900662766733e-01 -9.972036537239299392e-01 2.103299593162860723e-03 7.470240377970327472e-02 -2.138996123093272388e+02
8.312620858521901912e-02 1.587521461766566765e-03 9.965377630686432786e-01 -3.855299827912740795e+01 1.952715757264966061e-03 9.999965518219522398e-01 -1.755917246595533558e-03 6.109606544590060473e-01 -9.965371143853188896e-01 2.091917735952604843e-03 8.312282197307807596e-02 -2.138686365700094427e+02
9.400189116031754111e-02 1.473953905693250500e-03 9.955709276180013667e-01 -3.811918594503099911e+01 1.965010372331055851e-03 9.999966815124240460e-01 -1.666042729384231789e-03 6.071135367134569139e-01 -9.955700794984352342e-01 2.112918366476638620e-03 9.399868288149659801e-02 -2.138314563281682013e+02
1.059881928328008094e-01 1.398367976730590691e-03 9.943664050776448438e-01 -3.768652940843040255e+01 1.935663434965765022e-03 9.999968263498030252e-01 -1.612605775915296451e-03 6.018732062921641202e-01 -9.943655043227836998e-01 2.095675863208152495e-03 1.059851496935905191e-01 -2.137916348536533064e+02
1.170938672215801057e-01 1.471618687105172730e-03 9.931197614575671961e-01 -3.724901794712926062e+01 1.656389962885912795e-03 9.999972218390148493e-01 -1.677106598551999020e-03 6.080889953575664419e-01 -9.931194704724030098e-01 1.841372502189250228e-03 1.170911043415441277e-01 -2.137543442540919045e+02
1.304550269571651544e-01 1.403284388605487284e-03 9.914532347693109093e-01 -3.681746005412320244e+01 1.676623484059305792e-03 9.999972562365202489e-01 -1.635986896056078593e-03 6.057592662113282511e-01 -9.914528102110046204e-01 1.875716491387355647e-03 1.304523162398656400e-01 -2.136995629178973104e+02
1.452023161503110948e-01 1.464924216203149611e-03 9.894009002328764124e-01 -3.636903135621759731e+01 1.628325923041736923e-03 9.999971957908513343e-01 -1.719582833735106226e-03 6.076354376582266958e-01 -9.894006448043551893e-01 1.860754544400676719e-03 1.451995235985712451e-01 -2.136350178251478269e+02
1.597901860093491333e-01 1.400443820930416874e-03 9.871500064388400997e-01 -3.596684962124340501e+01 1.777703806127157483e-03 9.999969639338297522e-01 -1.706426763869205773e-03 6.017405084853957309e-01 -9.871493991409179269e-01 2.027530573674766155e-03 1.597872113014602302e-01 -2.135943572255702918e+02
1.769543673074021051e-01 1.529193317908842135e-03 9.842178688982606838e-01 -3.554272993146717852e+01 1.624254833481179145e-03 9.999969775203654265e-01 -1.845737351214071570e-03 6.086879132111912005e-01 -9.842177166090201323e-01 1.925231915956271455e-03 1.769513486667926294e-01 -2.135457058246973077e+02
1.948464916058223473e-01 1.608224059054053426e-03 9.808324313175407205e-01 -3.510825023493488573e+01 1.568753438629007669e-03 9.999968657418301099e-01 -1.951286540969276529e-03 6.131279552524748766e-01 -9.808324952414408937e-01 1.918885585973766203e-03 1.948433579995914045e-01 -2.134583698349642589e+02
2.139072195400505416e-01 1.633872328902312692e-03 9.768526152341802105e-01 -3.466830141956828726e+01 1.524320695838292817e-03 9.999968254526182543e-01 -2.006372622917593565e-03 6.139129035159508474e-01 -9.768527923259781032e-01 1.918214247314802869e-03 2.139040499360415071e-01 -2.133740623884229706e+02
2.303937413065255679e-01 1.463697873615007073e-03 9.730963886251540185e-01 -3.422983819480831613e+01 1.583390311473700622e-03 9.999969810187386843e-01 -1.879049900833451494e-03 6.038825997602674800e-01 -9.730962012267356798e-01 1.973712730633790744e-03 2.303907281471058166e-01 -2.132705993382085694e+02
2.506792672394414501e-01 1.236400829129022296e-03 9.680694067520605461e-01 -3.379326656840033394e+01 1.525498638332510246e-03 9.999974382922750538e-01 -1.672202975708777248e-03 5.944863701353664265e-01 -9.680689943543285825e-01 1.895975178437919002e-03 2.506767389446448169e-01 -2.131762895706399377e+02
2.715837591292040720e-01 1.517384129974380961e-03 9.624136113556650551e-01 -3.335092063674945706e+01 1.491980197982051932e-03 9.999968916661787777e-01 -1.997661900733210209e-03 6.060664968177046363e-01 -9.624136510733519723e-01 1.978434578881362819e-03 2.715806510491456383e-01 -2.130694287142637791e+02
2.908401693671270882e-01 1.351595104930709010e-03 9.567706982726705833e-01 -3.292705373131170177e+01 1.343440544555828163e-03 9.999974394863575533e-01 -1.821040425685928246e-03 5.983237285007296791e-01 -9.567707097575700592e-01 1.814996253733376901e-03 2.908376088792418157e-01 -2.129772744859285183e+02
3.138829212935735358e-01 1.267422829352250757e-03 9.494608498298305888e-01 -3.251872828443873686e+01 1.223918493179443952e-03 9.999977380792128834e-01 -1.739499922406078205e-03 5.941310812697470078e-01 -9.494609069065110818e-01 1.708062009891364629e-03 3.138806600930296176e-01 -2.128703067383482335e+02
3.363310398788238453e-01 1.453866553039387562e-03 9.417427025924198780e-01 -3.208151655907575872e+01 1.064700456216481714e-03 9.999975822299638217e-01 -1.924044481083012808e-03 6.047300906788114494e-01 -9.417432229790494436e-01 1.649789766184453802e-03 3.363286787753311247e-01 -2.127223270780271491e+02
3.558254966539786679e-01 1.551426117118788472e-03 9.345511270165761664e-01 -3.168208527887691517e+01 1.004848069790619490e-03 9.999974089015163381e-01 -2.042662627576188709e-03 6.091575829270090559e-01 -9.345518745427169316e-01 1.665913340057072981e-03 3.558230157275346084e-01 -2.125740752700962162e+02
3.792157374727256336e-01 1.405376787794982525e-03 9.253072189111579693e-01 -3.128180373363458244e+01 1.052426167824204806e-03 9.999975446919289190e-01 -1.950130578957816590e-03 5.995745626803593575e-01 -9.253076876651238347e-01 1.713337736126344449e-03 3.792133273259575832e-01 -2.124201474616003225e+02
4.028806820258084009e-01 1.391529385862003663e-03 9.152514516221144092e-01 -3.087915412419810224e+01 9.425698944214355507e-04 9.999976831207292305e-01 -1.935281676569503180e-03 5.983013197359211555e-01 -9.152520240963215592e-01 1.642376065892893217e-03 4.028784369862012937e-01 -2.122545077971531100e+02
4.266795102036974319e-01 1.533169561946692329e-03 9.044015949584716108e-01 -3.046958571111271397e+01 8.571763962984473668e-04 9.999974284060554330e-01 -2.099626133758772991e-03 6.066657522942352498e-01 -9.044024882876864346e-01 1.671099150336147069e-03 4.266770987604927567e-01 -2.120712139282736359e+02
4.473759496603648689e-01 1.333223175000114577e-03 8.943450017646726868e-01 -3.007811196065904724e+01 1.020041291776507862e-03 9.999974778047534540e-01 -2.000974736171382516e-03 5.963358395700114611e-01 -8.943454137978513740e-01 1.807456803734970325e-03 4.473734613481815670e-01 -2.118936037999873463e+02
4.707826745098472321e-01 1.416761568121609324e-03 8.822480751852135317e-01 -2.969612533541610233e+01 8.260884762202175529e-04 9.999975643671309422e-01 -2.046665003205832764e-03 5.996028550085473752e-01 -8.822488259891223539e-01 1.692349392112920152e-03 4.707803574856860296e-01 -2.116907856079680812e+02
4.946425932664947345e-01 1.276308188315356668e-03 8.690955505374569068e-01 -2.928485236174106632e+01 7.616040189910173444e-04 9.999979011589128497e-01 -1.902008698032045964e-03 5.921779865547553978e-01 -8.690961539932824387e-01 1.602721178986538791e-03 4.946405830488508348e-01 -2.114849060943129757e+02
5.151170532385442868e-01 1.618570237666946618e-03 8.571183125410544168e-01 -2.889828265956066389e+01 5.263652745944903677e-04 9.999974310715584735e-01 -2.204719909961701859e-03 6.079952315485941394e-01 -8.571196791594721809e-01 1.586846139176458599e-03 5.151148779805279077e-01 -2.112831477520283272e+02
5.389800515603015985e-01 1.399833563769142548e-03 8.423173656562285005e-01 -2.850068205056831872e+01 5.177933421734499551e-04 9.999978795104198515e-01 -1.993204635394031383e-03 5.948123828337646968e-01 -8.423183696857795555e-01 1.510443861088782078e-03 5.389781838342189157e-01 -2.110537299650754903e+02
5.619287581869966131e-01 1.616349397033139653e-03 8.271840533623980862e-01 -2.812982641336445866e+01 4.717772581471614633e-04 9.999973019790329154e-01 -2.274524318079175402e-03 6.059932125765257194e-01 -8.271854980284886194e-01 1.668367250202723801e-03 5.619264795345382257e-01 -2.107988316377777949e+02
5.817352824334605099e-01 1.794754244189530326e-03 8.133761983419880437e-01 -2.774456057378471741e+01 2.852238198463588007e-04 9.999970539741578346e-01 -2.410537362894216769e-03 6.138668305831640470e-01 -8.133781284368510889e-01 1.634288899882887841e-03 5.817330567196239421e-01 -2.105493927785698247e+02
6.043080536085891907e-01 1.491243148652208333e-03 7.967493661984741404e-01 -2.737144969482473655e+01 3.239777060628896109e-04 9.999977058651901007e-01 -2.117381118923395648e-03 5.962983119420428579e-01 -7.967506958781049864e-01 1.537679494692216573e-03 6.043061841149128810e-01 -2.102982465871356226e+02
6.260974895506936644e-01 1.720965351099668517e-03 7.797428883013808321e-01 -2.701075427775651860e+01 1.524224518378868064e-04 9.999972751518686476e-01 -2.329475527675798577e-03 6.074161954569798905e-01 -7.797447725670980656e-01 1.577329102685647239e-03 6.260955212163608063e-01 -2.100081164065627490e+02
6.480410893243138126e-01 1.434777461055500129e-03 7.616040230730101168e-01 -2.665232050678222464e+01 2.202861118373393955e-04 9.999978305428088854e-01 -2.071324142800752381e-03 5.919991785014907526e-01 -7.616053426948801164e-01 1.510073942846779180e-03 6.480393673653642717e-01 -2.097311921321148418e+02
6.663392012600912739e-01 1.465221825447215846e-03 7.456473174290013661e-01 -2.631177351641841966e+01 1.248695221821228456e-04 9.999978360317730575e-01 -2.076617291087810326e-03 5.922000383223360309e-01 -7.456487465768758538e-01 1.476840131310087467e-03 6.663375763616821157e-01 -2.094402035468710608e+02
6.873589762372120937e-01 1.503024579003021900e-03 7.263163076120809913e-01 -2.596516258576976099e+01 1.371623364324458388e-04 9.999975723927647664e-01 -2.199180545249844639e-03 5.932169019266275711e-01 -7.263178498237706782e-01 1.611249729884787086e-03 6.873571014412251934e-01 -2.091387972335586767e+02
7.050342906031628054e-01 1.407656564167457294e-03 7.091718180925496995e-01 -2.562080958566843591e+01 2.364082761707058961e-05 9.999979828247893554e-01 -2.008429103453071140e-03 5.848888316972156165e-01 -7.091732147471492276e-01 1.432776796882192366e-03 7.050328351473029720e-01 -2.088156701621106492e+02
7.283573019470326315e-01 1.668863108868598628e-03 6.851954871395192770e-01 -2.528680088257441128e+01 -1.216917362890235091e-04 9.999973332260780889e-01 -2.306237596911512450e-03 5.987570903180414739e-01 -6.851975086729086284e-01 1.596382365207866258e-03 7.283555626696233132e-01 -2.084894812688606294e+02
7.451208914422216001e-01 1.513693554815951411e-03 6.669277066280656641e-01 -2.497864927557063552e+01 -1.341187933847773827e-04 9.999977442209219136e-01 -2.119803108075260512e-03 5.889476779139958262e-01 -6.669294109188006470e-01 1.490062042283196806e-03 7.451194136288570302e-01 -2.081351013078100038e+02
7.646681725995290169e-01 1.561552890909350972e-03 6.444223361785854642e-01 -2.466715502927102577e+01 -2.134665967537865148e-04 9.999976230271838684e-01 -2.169878336281489718e-03 5.913221210067211020e-01 -6.444241927839993167e-01 1.521674259191505701e-03 7.646666883434506401e-01 -2.077885466862843487e+02
7.811463861166964007e-01 1.542417199515804839e-03 6.243460133659922695e-01 -2.436075974639250319e+01 -3.188443317035640151e-04 9.999978035543787280e-01 -2.071527144481189690e-03 5.865965898368282749e-01 -6.243478371830218920e-01 1.419096755270656679e-03 7.811451621621181562e-01 -2.074474185910790425e+02
7.988596523729608601e-01 1.362743322864650407e-03 6.015159172799904308e-01 -2.407741686604043707e+01 -3.661677947620093840e-04 9.999983501613667336e-01 -1.779212098266311605e-03 5.726970873510764948e-01 -6.015173494851984159e-01 1.201085001374130800e-03 7.988588333761611482e-01 -2.070534309537984541e+02
8.134094655898184145e-01 1.629512915790982605e-03 5.816892520723959681e-01 -2.379991509548187523e+01 -4.846646474747345196e-04 9.999976276980534484e-01 -2.123605058544005778e-03 5.890383345479300869e-01 -5.816913325717218974e-01 1.445436239498605223e-03 8.134083257042628023e-01 -2.066738591853934395e+02
8.297768764668930208e-01 1.518829911117092982e-03 5.580932076602864722e-01 -2.352056151480991986e+01 -5.513091006986610421e-04 9.999980396678613825e-01 -1.901767259648417521e-03 5.803423496165451834e-01 -5.580950020732331485e-01 1.270360632056842737e-03 8.297760871733665944e-01 -2.062986743223347332e+02
8.452374059103784365e-01 1.368313241121168512e-03 5.343892358279388466e-01 -2.325851181977288462e+01 -5.677459755339037996e-04 9.999984568502824356e-01 -1.662516634819900590e-03 5.688604253734300675e-01 -5.343906860288655247e-01 1.101823909688074256e-03 8.452368784368502475e-01 -2.058972983475914020e+02
8.577835568816272183e-01 1.552771882220451089e-03 5.140087143648304213e-01 -2.300736735995340609e+01 -6.828151918627158468e-04 9.999979970279332386e-01 -1.881409985992062855e-03 5.787583797641795424e-01 -5.140106062202587367e-01 1.262869590818754394e-03 8.577828990213541838e-01 -2.054715724800467456e+02
8.718082677559351179e-01 1.556533205425436779e-03 4.898447932526955317e-01 -2.276360669896231670e+01 -7.598258889072460930e-04 9.999980454928234508e-01 -1.825287690063358975e-03 5.770678634486884340e-01 -4.898466769684308164e-01 1.219104143770553556e-03 8.718077464946457633e-01 -2.050562866751324975e+02
8.847803851745669190e-01 1.460703444492028082e-03 4.660059402580531418e-01 -2.252449504579504591e+01 -7.773159838125386989e-04 9.999983223061688076e-01 -1.658663530964522024e-03 5.695794598561867428e-01 -4.660075812582948340e-01 1.105319091887621433e-03 8.847800362121078788e-01 -2.046465768079448537e+02
8.965307883861233229e-01 1.425252667141003148e-03 4.429791350962152263e-01 -2.231074785152281947e+01 -8.240279426791827233e-04 9.999984597052447022e-01 -1.549698386088382146e-03 5.660890630780118782e-01 -4.429806614895347439e-01 1.024325130497382406e-03 8.965305819124751441e-01 -2.042142586351450007e+02
9.056651174092225087e-01 1.508442047073872173e-03 4.239910608854032814e-01 -2.210151419021276098e+01 -9.383954527330744082e-04 9.999983534003210606e-01 -1.553258066390931884e-03 5.676896260484068923e-01 -4.239927057416358336e-01 1.008860365530430889e-03 9.056650416564887562e-01 -2.037731601646562183e+02
9.153301638751321079e-01 1.437678029352187740e-03 4.027016565426664862e-01 -2.190666567868195713e+01 -9.367278154442299810e-04 9.999985231448647038e-01 -1.440919529049830995e-03 5.639962359933060609e-01 -4.027031333890060405e-01 9.416952656470753977e-04 9.153301587780788839e-01 -2.033264155879749921e+02
9.243501448103854656e-01 1.471945297877722382e-03 3.815424526393617066e-01 -2.171347986447551293e+01 -9.998637882985869207e-04 9.999984697499108011e-01 -1.435538310717286627e-03 5.648262777500292486e-01 -3.815439818178558706e-01 9.454495632996535656e-04 9.243502020682956566e-01 -2.028746359317184158e+02
9.316032422991245010e-01 1.402300998031762690e-03 3.634741152952566945e-01 -2.153934086668443371e+01 -9.926194267957642349e-04 9.999986441750393640e-01 -1.313908199479609613e-03 5.607381136154724333e-01 -3.634754649827580120e-01 8.632496707391341170e-04 9.316033711594080557e-01 -2.024351858570145168e+02
9.394397447119653410e-01 1.564516172128506497e-03 3.427105460073626708e-01 -2.135748067706848019e+01 -1.135447635480272936e-03 9.999983003225627609e-01 -1.452621992366646617e-03 5.678267208781364594e-01 -3.427122361605791645e-01 9.755209545536957551e-04 9.394399243936158994e-01 -2.019593761055705556e+02
9.456444301182665990e-01 1.604753347527357365e-03 3.251984571811379343e-01 -2.119388917929523686e+01 -1.207370117220254698e-03 9.999982575670366414e-01 -1.423769746403671151e-03 5.688508825432750937e-01 -3.252001753438931164e-01 9.537450310908921055e-04 9.456447199274772286e-01 -2.015240611849773131e+02
9.521082008257296669e-01 1.518436531596316190e-03 3.057575318301932188e-01 -2.103353386112149437e+01 -1.189637709941317439e-03 9.999984964523669362e-01 -1.261687411586763854e-03 5.609899057567401259e-01 -3.057589879014371292e-01 8.375222414865649521e-04 9.521085756750560236e-01 -2.010345253391115250e+02
9.578764338670288092e-01 1.364021782541291299e-03 2.871774310191530510e-01 -2.089000362748440409e+01 -1.120185463160060756e-03 9.999988591182031872e-01 -1.013383846353910862e-03 5.506678292710177614e-01 -2.871784856612900061e-01 6.490045213086308206e-04 9.578768690006140840e-01 -2.005682926501169447e+02
9.630627686606342275e-01 1.491762995460024950e-03 2.692728695262095462e-01 -2.075457771785202610e+01 -1.215655684952597626e-03 9.999985505033281985e-01 -1.192129396588891607e-03 5.606068754980713109e-01 -2.692742575906009739e-01 8.207523426375936499e-04 9.630631861745223565e-01 -2.000738302526436314e+02
9.670365962535302229e-01 1.421545221597060116e-03 2.546334634637986150e-01 -2.062712660123813535e+01 -1.192236073950200511e-03 9.999987329008664938e-01 -1.054879047792772447e-03 5.554812600917909959e-01 -2.546346403762274613e-01 7.165234430602668032e-04 9.670370657397909797e-01 -1.995999356107239464e+02
9.711363661589943463e-01 1.400487662946676677e-03 2.385208522494616790e-01 -2.050828007908134154e+01 -1.192310540098731391e-03 9.999987719923654206e-01 -1.017059161095345459e-03 5.538571133218757048e-01 -2.385219837228417239e-01 7.033122117044835787e-04 9.711368434123243132e-01 -1.991064849485219383e+02
9.743138152477274216e-01 1.406122439927370025e-03 2.251901690507405740e-01 -2.039870731920490954e+01 -1.207089973544849286e-03 9.999987497146385351e-01 -1.021519924120107073e-03 5.531701958036976396e-01 -2.251913238808568307e-01 7.234561794190120165e-04 9.743142943937256328e-01 -1.986218902847192282e+02
9.776791430026607888e-01 1.438794975831967065e-03 2.100986035331987856e-01 -2.028706031371763530e+01 -1.248982793588925087e-03 9.999986832414400340e-01 -1.036126134893033002e-03 5.546779653777996755e-01 -2.100998176571413356e-01 7.505893708348533502e-04 9.776796526654486508e-01 -1.981152204524615854e+02
9.805559956609954941e-01 1.367585547377332201e-03 1.962347295537781311e-01 -2.019149825647903995e+01 -1.207642153578641431e-03 9.999988339551210137e-01 -9.347132325853039830e-04 5.498721427129398265e-01 -1.962357790355844789e-01 6.795573330299434786e-04 9.805565038426538038e-01 -1.976133050735711265e+02
9.830099221858565883e-01 1.496515370547366356e-03 1.835463247409273857e-01 -2.009575599746895236e+01 -1.334489067630198868e-03 9.999986032781437162e-01 -1.006270684326145311e-03 5.553597832850025728e-01 -1.835475742773100272e-01 7.442335033268829541e-04 9.830105462778148118e-01 -1.971150497488372082e+02
9.847994970884167421e-01 1.547651613805873681e-03 1.736880977755347888e-01 -2.000500443326189171e+01 -1.382717570302783834e-03 9.999984709576298370e-01 -1.070595405862491759e-03 5.589700521741416406e-01 -1.736894891077817027e-01 8.141602327318515561e-04 9.848001312533387619e-01 -1.966281031119856664e+02
9.865247121542753961e-01 1.462401714464302283e-03 1.636057874592143635e-01 -1.992843194059139833e+01 -1.322221689972809082e-03 9.999986595682429646e-01 -9.657077818804206534e-04 5.529887272531538445e-01 -1.636069804095371116e-01 7.363714707610710631e-04 9.865253234044883968e-01 -1.961191705531039418e+02
9.877327791090531051e-01 1.519455927839038307e-03 1.561462401954971102e-01 -1.985007926355264729e+01 -1.378177026936669653e-03 9.999985371834539949e-01 -1.013044438568037192e-03 5.561439656128706055e-01 -1.561475510585706994e-01 7.854200375878086235e-04 9.877334283164540540e-01 -1.956165495201588840e+02
9.890269543099903249e-01 1.518699492863845530e-03 1.477273745795097959e-01 -1.977175856439057711e+01 -1.385474360168159657e-03 9.999985354904730173e-01 -1.004727677756072149e-03 5.549699613361738226e-01 -1.477286841107769977e-01 7.890302652671690427e-04 9.890276099898014373e-01 -1.950964231771236825e+02
9.897740951093123574e-01 1.432902715774580452e-03 1.426365571666293741e-01 -1.970168742954879093e+01 -1.315713042999672438e-03 9.999987150035971606e-01 -9.159095714053670486e-04 5.496828087039559163e-01 -1.426376862884787822e-01 7.188747885670025923e-04 9.897747085419529300e-01 -1.945821464027790171e+02
9.903957326098196123e-01 1.632369082000609479e-03 1.382520459141156344e-01 -1.963493153511200262e+01 -1.489875152388444408e-03 9.999982469726715895e-01 -1.134162075717023337e-03 5.614031745036062171e-01 -1.382536549256073444e-01 9.172909919037277411e-04 9.903964284451692857e-01 -1.940599531345281719e+02
9.907616482288174042e-01 1.731955496536185515e-03 1.356036752048963845e-01 -1.956318703881859378e+01 -1.576951796608351162e-03 9.999979747690878051e-01 -1.250472212387116009e-03 5.682776790378575305e-01 -1.356055663383630427e-01 1.025079450967938260e-03 9.907623729180328187e-01 -1.935292987259634856e+02
9.909975915681207281e-01 1.722873421668498712e-03 1.338686117555456800e-01 -1.949522156274779050e+01 -1.571539489585018412e-03 9.999980011292413096e-01 -1.236123438229299633e-03 5.663855542928730724e-01 -1.338704738537097871e-01 1.014615540376375552e-03 9.909983182556307835e-01 -1.930018527824595367e+02
9.910884290911314842e-01 1.838011977259792692e-03 1.331928955824776273e-01 -1.943288338289220363e+01 -1.680351709030310659e-03 9.999977482748532154e-01 -1.296095427489646259e-03 5.695347166949275008e-01 -1.331949779076046780e-01 1.060734271460200048e-03 9.910892859389601739e-01 -1.924659741420388173e+02
9.912144996783922579e-01 1.795252169120861848e-03 1.322520045101914787e-01 -1.935342438316210689e+01 -1.645302599012040670e-03 9.999978738565397096e-01 -1.243085579434492251e-03 5.664538869712275604e-01 -1.322539549755398780e-01 1.014569883931414496e-03 9.912153459472258232e-01 -1.919236695824540959e+02
9.912200011229070906e-01 1.743245054742493562e-03 1.322114611922252103e-01 -1.928430778157145653e+01 -1.594275076390391441e-03 9.999979694870191338e-01 -1.232602458072353663e-03 5.638445935721447810e-01 -1.322133414632765125e-01 1.010998772482656332e-03 9.912207676499706910e-01 -1.913926748439560015e+02
9.911457060537726127e-01 1.743810095012905464e-03 1.327672719367276877e-01 -1.922080466678687927e+01 -1.597200593121228139e-03 9.999979915143447640e-01 -1.210750817364893237e-03 5.636820405639779707e-01 -1.327691165950643792e-01 9.879745082478808178e-04 9.911465005663578909e-01 -1.908423472129118750e+02
9.911558289298264546e-01 1.975738138338889709e-03 1.326884291761616652e-01 -1.914448619576395672e+01 -1.803188145305393642e-03 9.999973652508236110e-01 -1.420564649518942131e-03 5.741471595099311154e-01 -1.326908862391882049e-01 1.168738730232706663e-03 9.911567801104118614e-01 -1.903077972200573811e+02
9.910752313562467553e-01 1.801276613112456513e-03 1.332915646045349789e-01 -1.908585874838393082e+01 -1.642666557874643924e-03 9.999978059429073252e-01 -1.299906131614649712e-03 5.665181987167373645e-01 -1.332936136457464060e-01 1.069351174508735656e-03 9.910760157774599621e-01 -1.897599934525579215e+02
9.909939711206791069e-01 1.709134998894745521e-03 1.338955864097920445e-01 -1.901582260829000859e+01 -1.560813587052520832e-03 9.999980466112911026e-01 -1.212697220508026762e-03 5.595710008096937971e-01 -1.338973975229280078e-01 9.927895838034912247e-04 9.909947029653737305e-01 -1.892095618782197732e+02
9.909489862097847768e-01 1.813547584447143882e-03 1.342267401636451085e-01 -1.894139324860421425e+01 -1.658487203495390399e-03 9.999978220430082443e-01 -1.267015957219131891e-03 5.637157632249716332e-01 -1.342287456173065774e-01 1.032934847389612582e-03 9.909498357109735034e-01 -1.886673596484804705e+02
9.908584096615061787e-01 1.790521412994322764e-03 1.348940548583977828e-01 -1.887602298950853807e+01 -1.630668693748015896e-03 9.999978312925920099e-01 -1.295503656471382829e-03 5.634353577215570619e-01 -1.348960819396992639e-01 1.063693180531583710e-03 9.908591805267464858e-01 -1.881193181287355003e+02
9.908228587971877888e-01 1.860858541387046044e-03 1.351539851075695131e-01 -1.880459982911786554e+01 -1.696796223773035456e-03 9.999976772188936547e-01 -1.329074637658258411e-03 5.651724755730938021e-01 -1.351561443943380680e-01 1.087548760480991144e-03 9.908237148303175035e-01 -1.875616343429927610e+02
9.907904675180728704e-01 1.850684619817441956e-03 1.353913750641325131e-01 -1.872396123708938376e+01 -1.694683185552680856e-03 9.999977607816193936e-01 -1.267470176297276615e-03 5.606696082683491067e-01 -1.353934175808382268e-01 1.026351881748751053e-03 9.907913852459535597e-01 -1.870004974976558287e+02
9.907239002182675058e-01 1.796622479486814942e-03 1.358783488417873997e-01 -1.865462702806180317e+01 -1.640765044862549848e-03 9.999978613776797642e-01 -1.259019513116441807e-03 5.590359531892021838e-01 -1.358803202320770787e-01 1.024396277352380979e-03 9.907247292693844853e-01 -1.864422346054446109e+02
9.906845118158570385e-01 1.897297356913247050e-03 1.361638656579507167e-01 -1.857471445270356014e+01 -1.733344081354885229e-03 9.999976230686515866e-01 -1.322639536205003161e-03 5.622238971395780993e-01 -1.361660514462861016e-01 1.074299672600994779e-03 9.906854456959286459e-01 -1.858708415755958470e+02
9.906829598542122861e-01 1.800036953307432861e-03 1.361764771223865078e-01 -1.848932366705018282e+01 -1.646052604487001749e-03 9.999978722767896011e-01 -1.243363469345287178e-03 5.565136087744574356e-01 -1.361784254767266500e-01 1.007625357148422439e-03 9.906838149105996472e-01 -1.853144717389728555e+02
9.906881546631044477e-01 1.805867807377532514e-03 1.361386023568448289e-01 -1.841081983075482853e+01 -1.655579402390560447e-03 9.999978887992035936e-01 -1.217149940625189336e-03 5.532814588225265506e-01 -1.361405129528136526e-01 9.804277626940447170e-04 9.906890528790286421e-01 -1.847464381482931230e+02
9.907055601908411058e-01 1.794184040471584300e-03 1.360120359033739901e-01 -1.832327853463105072e+01 -1.639544037876521955e-03 9.999978759834656783e-01 -1.248969136920253294e-03 5.566230175584631068e-01 -1.360139878920533507e-01 1.014362945908826516e-03 9.907063975595969962e-01 -1.841814830734303428e+02
9.906528776793687152e-01 1.951151204521829304e-03 1.363930678391055695e-01 -1.824828416407553888e+01 -1.777744733243128263e-03 9.999974493517309604e-01 -1.393166786737965726e-03 5.637466898504498447e-01 -1.363954382274172039e-01 1.137672628367442660e-03 9.906538195210986553e-01 -1.836051998649237191e+02
9.906248343364998377e-01 1.911290871982433692e-03 1.365971616212612039e-01 -1.817208496077419255e+01 -1.744751473502429654e-03 9.999975815703427973e-01 -1.338915890289847036e-03 5.602055895807543928e-01 -1.365993903283539146e-01 1.088035232993941632e-03 9.906257733075864991e-01 -1.830355344622678331e+02
9.905985719051301208e-01 1.939555366251493468e-03 1.367870880766822728e-01 -1.808388833581322430e+01 -1.777451581287052551e-03 9.999975659290936125e-01 -1.307211445882201350e-03 5.553510335271212295e-01 -1.367892905361854927e-01 1.051789365467398554e-03 9.905996081837190603e-01 -1.824690682388952325e+02
9.905787648615164143e-01 1.831942872841107800e-03 1.369319341524949940e-01 -1.801359164101634036e+01 -1.680515559098207665e-03 9.999978419579440558e-01 -1.221452786776644744e-03 5.509515010560107617e-01 -1.369338762793495534e-01 9.798289469811869053e-04 9.905797057593833665e-01 -1.819022855872297271e+02
9.906265392347052279e-01 1.781727658746554577e-03 1.365865484241442773e-01 -1.793297631892507127e+01 -1.634859019710012927e-03 9.999979586007069488e-01 -1.187447011204574706e-03 5.475990722903395502e-01 -1.365883853036440609e-01 9.530167725719112821e-04 9.906274298439219361e-01 -1.813199806831242427e+02
9.906144856493876993e-01 1.819641405322776307e-03 1.366734419218124941e-01 -1.785854520427951542e+01 -1.662769932468745370e-03 9.999978213514866265e-01 -1.261938362952827073e-03 5.514978082367782974e-01 -1.366754404337176265e-01 1.022837932543141847e-03 9.906153530936279150e-01 -1.807355223326421196e+02
9.905716815009536491e-01 1.779060284170559539e-03 1.369838631112385574e-01 -1.777719861000915103e+01 -1.628104244773578803e-03 9.999979377005275838e-01 -1.214030996309564637e-03 5.476084138953579705e-01 -1.369857404438192261e-01 9.795607164117530342e-04 9.905725351410977764e-01 -1.801616525414317778e+02
9.905120448542140688e-01 1.735004927699992840e-03 1.374149873799229427e-01 -1.769112370684794300e+01 -1.592209404017713194e-03 9.999980722555718016e-01 -1.149066731765286840e-03 5.437933520734267168e-01 -1.374167161153885541e-01 9.193710029954942509e-04 9.905128978913003701e-01 -1.795858436079196849e+02
9.904874734421372784e-01 1.684387931927322501e-03 1.375926153233019700e-01 -1.761099867353955517e+01 -1.552762864681013055e-03 9.999982284587259906e-01 -1.063958126880050785e-03 5.381101433614039475e-01 -1.375941636905338994e-01 8.401884934132874006e-04 9.904883342077270836e-01 -1.790035016753893444e+02
9.904328982293387762e-01 1.820392306623944871e-03 1.379831883849703122e-01 -1.752087339242565989e+01 -1.673653451100832893e-03 9.999979038649423613e-01 -1.179470155280208784e-03 5.434343111418457051e-01 -1.379850462519683352e-01 9.372500048347835473e-04 9.904338688540849089e-01 -1.784174751936171788e+02
9.903586701093958222e-01 1.841539352389654025e-03 1.385146680751262460e-01 -1.745159401309892644e+01 -1.704021249438184091e-03 9.999979305637466398e-01 -1.111386434006473353e-03 5.381004879683519704e-01 -1.385164280897044353e-01 8.646392530013828105e-04 9.903597586474481851e-01 -1.778369534326026837e+02
9.902653465692963231e-01 1.757088400185681434e-03 1.391813781521990534e-01 -1.738091974818832952e+01 -1.617563863977255004e-03 9.999980694855001850e-01 -1.115577168461797872e-03 5.376097240041041170e-01 -1.391830696282326252e-01 8.795826435140659911e-04 9.902662770503879441e-01 -1.772537439282019136e+02
9.902174682954242302e-01 1.890590821370498678e-03 1.395198593353173533e-01 -1.729644729244737533e+01 -1.741899114884645945e-03 9.999977774057746682e-01 -1.187842996521646603e-03 5.412907866823445380e-01 -1.395217949643501321e-01 9.331933652630956160e-04 9.902185606622756486e-01 -1.766715194683655739e+02
9.902133506164676469e-01 1.776297804835250994e-03 1.395505823241773025e-01 -1.721669087628445993e+01 -1.628183895732822611e-03 9.999979835804753137e-01 -1.175522090472015321e-03 5.403679300235532112e-01 -1.395523890089672425e-01 9.368036571496058318e-04 9.902142460704137505e-01 -1.760823182740245727e+02
9.902162646679012470e-01 1.777823387460505293e-03 1.395298840075198388e-01 -1.713345472397639924e+01 -1.631962905654511494e-03 9.999979958046724127e-01 -1.159777441172907958e-03 5.383462864627990285e-01 -1.395316662418374098e-01 9.207228907137845336e-04 9.902171814229113744e-01 -1.754984959998177487e+02
9.902239155576221252e-01 1.831311431424506109e-03 1.394748843203403310e-01 -1.704610422127854363e+01 -1.679355742695537229e-03 9.999978612553508395e-01 -1.207165694320448852e-03 5.413189781612233187e-01 -1.394767967155134403e-01 9.611363926116711686e-04 9.902248731448903829e-01 -1.749070799898529458e+02
9.902169026771083793e-01 1.755322689166372973e-03 1.395256409940871523e-01 -1.696542413564628049e+01 -1.594610313356319836e-03 9.999979302247697932e-01 -1.263631324809704175e-03 5.438180297395853735e-01 -1.395275702881066393e-01 1.028780070472013614e-03 9.902176522063541597e-01 -1.743106976278950810e+02
9.902068583032276328e-01 1.751558054380596011e-03 1.395969548866803078e-01 -1.688658443150427146e+01 -1.610837306962927895e-03 9.999980742443316251e-01 -1.121031131870940363e-03 5.342744403101603590e-01 -1.395986496081614014e-01 8.851847322801497265e-04 9.902077728818167168e-01 -1.737227711201070690e+02
9.901841541358682441e-01 1.855912983846731441e-03 1.397565615104760239e-01 -1.680175120986634951e+01 -1.708962738273497525e-03 9.999978535452210826e-01 -1.171473990179023759e-03 5.362633143023708415e-01 -1.397584356831253205e-01 9.211362260069554716e-04 9.901852004364934956e-01 -1.731335622610693008e+02
9.901701715240909252e-01 1.871686971390954446e-03 1.398553832064876046e-01 -1.672479266200783954e+01 -1.721847975974476240e-03 9.999978067357573330e-01 -1.192377130965202765e-03 5.361322902198386586e-01 -1.398573082234175202e-01 9.398465597859926657e-04 9.901712225796829303e-01 -1.725451981357248314e+02
9.902328818711260139e-01 1.789017169658453253e-03 1.394117609054960072e-01 -1.663516371292618246e+01 -1.638637300126618299e-03 9.999979452704088612e-01 -1.193449939842731273e-03 5.373828928223443047e-01 -1.394136095544590281e-01 9.533480618033102118e-04 9.902337787605863806e-01 -1.719518724276823889e+02
9.903330294512809884e-01 1.760976263009020630e-03 1.386989175893217074e-01 -1.654938818064491457e+01 -1.613607230392231527e-03 9.999980078807537698e-01 -1.174949458495498297e-03 5.354864807772828916e-01 -1.387007103426451671e-01 9.397856804142832405e-04 9.903338981138233299e-01 -1.713501028683691629e+02
9.903570719253877996e-01 1.807999585791963135e-03 1.385265361758173108e-01 -1.647575901033869172e+01 -1.659215646075104132e-03 9.999979160224905517e-01 -1.189518438637781565e-03 5.345913455524107238e-01 -1.385283981384758112e-01 9.482026016710674464e-04 9.903580079047243911e-01 -1.707469042105455230e+02
9.904141542781648155e-01 1.769708063938040454e-03 1.381183229656227085e-01 -1.638787908672492577e+01 -1.649539354720353781e-03 9.999981548868147607e-01 -9.845013373518405123e-04 5.225360732091937077e-01 -1.381198104016395645e-01 7.472324500792747572e-04 9.904152460550477155e-01 -1.701429645858833055e+02
9.904413781469464384e-01 1.732787832556686308e-03 1.379234349220782307e-01 -1.631203388441803881e+01 -1.588413553518116649e-03 9.999980693414118882e-01 -1.156830079031504182e-03 5.309402988313268734e-01 -1.379251731800993641e-01 9.266929243798011214e-04 9.904422183264723900e-01 -1.695389074061179713e+02
9.904736423956612690e-01 1.775146627717514485e-03 1.376910039687479492e-01 -1.622229724117148919e+01 -1.622821739567555403e-03 9.999979408132838588e-01 -1.218531408550853866e-03 5.339331856488482853e-01 -1.376928835091822956e-01 9.834752880175131988e-04 9.904744835720326046e-01 -1.689263970391039607e+02
9.905475025034231606e-01 1.883615839661152399e-03 1.371571991387965372e-01 -1.612574335631954625e+01 -1.733680115847514988e-03 9.999977619544492269e-01 -1.212616736086850888e-03 5.335252549157797342e-01 -1.371591762788287872e-01 9.633677705324131778e-04 9.905485512003194826e-01 -1.683099231589901024e+02
9.905836821399438552e-01 1.822183106920059401e-03 1.368964876349845761e-01 -1.604675178608909647e+01 -1.682250331839562490e-03 9.999979376472439840e-01 -1.137864262494947803e-03 5.284258066653425567e-01 -1.368982787031731152e-01 8.968556091660737084e-04 9.905847045750931779e-01 -1.677001933443636972e+02
9.905402640379716850e-01 1.824045670052651218e-03 1.372102699398953241e-01 -1.597072727658947855e+01 -1.669901690335350193e-03 9.999978387531351931e-01 -1.238514191772037290e-03 5.335393224761963982e-01 -1.372122325010783905e-01 9.976705128286482340e-04 9.905411692128792689e-01 -1.670947267802490046e+02
9.905773590072898260e-01 1.857534312073016395e-03 1.369417591110259902e-01 -1.587999957996104605e+01 -1.719639143012149235e-03 9.999978883157698561e-01 -1.125257845502303971e-03 5.258736743096629196e-01 -1.369435601383307832e-01 8.791645355196444581e-04 9.905784615094146428e-01 -1.664762973027800399e+02
9.905505971927355269e-01 1.860298667687623536e-03 1.371351657671440183e-01 -1.580559751227631970e+01 -1.713853165663248952e-03 9.999978281048139683e-01 -1.185956568147283506e-03 5.289316094716546290e-01 -1.371370741573613161e-01 9.397204488491645502e-04 9.905516340994225954e-01 -1.658562801261922459e+02
9.906133644226124968e-01 1.769778753972343823e-03 1.366822230960351436e-01 -1.571469577119401251e+01 -1.619902567848906672e-03 9.999979586252479846e-01 -1.207750391219913509e-03 5.291461427650459015e-01 -1.366840815273783483e-01 9.750017942565206586e-04 9.906142090786493881e-01 -1.652417959794425428e+02
9.906320895464072462e-01 1.849613518957542255e-03 1.365453847288489453e-01 -1.563166705943535106e+01 -1.707644563383826919e-03 9.999978728255761729e-01 -1.156846734828630239e-03 5.257033080131301439e-01 -1.365472339923589351e-01 9.128385143208527430e-04 9.906331407816330037e-01 -1.646369208655517866e+02
9.906674476960747322e-01 1.892099589797881926e-03 1.362880333502812513e-01 -1.554157374676621295e+01 -1.718253641041037841e-03 9.999975532907503517e-01 -1.393203839310593007e-03 5.369517053671273299e-01 -1.362903359735022912e-01 1.146024282075754292e-03 9.906682749278765687e-01 -1.640230102097904705e+02
9.906704112109854243e-01 1.941381799966330210e-03 1.362657968375180495e-01 -1.545436500438363403e+01 -1.776819125428009136e-03 9.999975379662007224e-01 -1.329276243835386890e-03 5.325647435266903651e-01 -1.362680419792274833e-01 1.074754969130807319e-03 9.906714216312610954e-01 -1.633993038093565531e+02
9.906789737900846271e-01 1.912262491431110508e-03 1.362039431969155334e-01 -1.537477514930111155e+01 -1.740581066032885265e-03 9.999975336009524485e-01 -1.379554118056310888e-03 5.347661406085789659e-01 -1.362062453332346101e-01 1.129621253316341568e-03 9.906798588282931251e-01 -1.627682698180949217e+02
9.906953035458121448e-01 2.003179899082995451e-03 1.360838080102224901e-01 -1.528964596152512279e+01 -1.829628321083088746e-03 9.999973456805748562e-01 -1.400389949831036670e-03 5.345566818011037169e-01 -1.360862520333258330e-01 1.138376957254026668e-03 9.906963389986991331e-01 -1.621336605522513423e+02
9.907285493683868349e-01 1.865376179445799552e-03 1.358435196765790942e-01 -1.521004874753678493e+01 -1.705159122225303157e-03 9.999977067024585775e-01 -1.295770886956746672e-03 5.302692027545495845e-01 -1.358456252471159642e-01 1.052122394376734348e-03 9.907294580962491271e-01 -1.615020291705417890e+02
9.907831604093830791e-01 1.796296063117698962e-03 1.354455697675207848e-01 -1.512025118823753189e+01 -1.658522677993374715e-03 9.999979861774492829e-01 -1.130019279670617079e-03 5.202088187348973269e-01 -1.354473268533613328e-01 8.949645241424214600e-04 9.907841443456688602e-01 -1.608725329366616847e+02
9.907986587662657163e-01 1.918964782763169169e-03 1.353304672316305857e-01 -1.502906098742300678e+01 -1.764210181520961237e-03 9.999976456263879321e-01 -1.263449293186214061e-03 5.261749164724064398e-01 -1.353325731278480493e-01 1.013072476948055764e-03 9.907997115132564092e-01 -1.602451298992914417e+02
9.907831530074119319e-01 1.854524788878600438e-03 1.354448391578612076e-01 -1.494911061938706354e+01 -1.705682424136081539e-03 9.999978072641532156e-01 -1.214954465625305100e-03 5.236404145757467266e-01 -1.354467953262809554e-01 9.727305346211726281e-04 9.907841437120133987e-01 -1.596175787221599194e+02
9.908506875596950758e-01 1.790906363561591517e-03 1.349507599714667716e-01 -1.486369344037082207e+01 -1.659096997165293574e-03 9.999980305419792215e-01 -1.089178275900860426e-03 5.165667668799001078e-01 -1.349524448079155170e-01 8.553166429176160173e-04 9.908517074082311415e-01 -1.589868236061045081e+02
9.909243656534525435e-01 1.929437225640007539e-03 1.344067662965486853e-01 -1.477372528502753291e+01 -1.772888601691521935e-03 9.999976035689739362e-01 -1.284415164713343131e-03 5.253518188013993617e-01 -1.344089223984357706e-01 1.034470058371877001e-03 9.909254116488231956e-01 -1.583438189765502955e+02
9.910077860791401960e-01 2.068695726254159845e-03 1.337882223086673261e-01 -1.467406590072801187e+01 -1.890321098856407797e-03 9.999971471450930238e-01 -1.460269775902190738e-03 5.322747704532340141e-01 -1.337908614841253896e-01 1.194236018286546751e-03 9.910088693768932533e-01 -1.577122330622534889e+02
9.910182230584166918e-01 1.912108692189488273e-03 1.337132207617761359e-01 -1.459117119319492417e+01 -1.758344416578367731e-03 9.999976501552503283e-01 -1.268033473599522237e-03 5.236999130258386259e-01 -1.337153311742932116e-01 1.021530384636010419e-03 9.910192564650912583e-01 -1.570653170042606632e+02
9.910085058920523604e-01 1.852558191353138872e-03 1.337860578601134109e-01 -1.451714808545390767e+01 -1.702247483375305976e-03 9.999977849891249493e-01 -1.237889473740935199e-03 5.205587418383580411e-01 -1.337880547848248891e-01 9.990220175284223077e-04 9.910094643099536249e-01 -1.564226347331820932e+02
9.910166833565163813e-01 1.917697076415151008e-03 1.337245517733121614e-01 -1.442808126023907356e+01 -1.763631059971629972e-03 9.999976376416742641e-01 -1.270557576426909960e-03 5.223180395962107037e-01 -1.337266724125536488e-01 1.023302982415892366e-03 9.910177243301311334e-01 -1.557898793134371829e+02
9.910423506929485482e-01 1.803979051084094896e-03 1.335357809449515543e-01 -1.435143604374182225e+01 -1.667560822842903195e-03 9.999979672991125002e-01 -1.133418962839416021e-03 5.156864104741221144e-01 -1.335375541707161662e-01 9.005871565008053727e-04 9.910433444450734708e-01 -1.551538162664723188e+02
9.911797051950895776e-01 1.788322968370385357e-03 1.325126179287694772e-01 -1.425728035972566765e+01 -1.673207564305943893e-03 9.999981199283232147e-01 -9.800593174143946030e-04 5.072563087900823220e-01 -1.325141214581373739e-01 7.496937906240999953e-04 9.911808339417174096e-01 -1.545238171391601441e+02
9.912830160383780953e-01 1.969781548173831290e-03 1.317349690648201010e-01 -1.417731930411728491e+01 -1.805693202685645753e-03 9.999974380656924122e-01 -1.365039966238556146e-03 5.235992826332999117e-01 -1.317373203990213348e-01 1.115267996549532429e-03 9.912840332575630908e-01 -1.538889065783850185e+02
9.914426224799105514e-01 1.979209996443537928e-03 1.305281925790269248e-01 -1.409253388523200989e+01 -1.818801099755258839e-03 9.999974372608705364e-01 -1.348122491065653844e-03 5.226562495539407438e-01 -1.305305262868310390e-01 1.099181277754481380e-03 9.914436814604253856e-01 -1.532493094504905855e+02
9.916088999603929199e-01 1.898163016362613758e-03 1.292601504583014982e-01 -1.401353492755987240e+01 -1.751723607389246923e-03 9.999976887410493287e-01 -1.246586123311302840e-03 5.175338488176820517e-01 -1.292622179282977568e-01 1.009697837390119207e-03 9.916099331524137472e-01 -1.526102578846945903e+02
9.917407796706150247e-01 1.926225635167521603e-03 1.282439690321651726e-01 -1.392157409928520373e+01 -1.785251523041945544e-03 9.999976692894615438e-01 -1.214204531398330915e-03 5.146685547812293038e-01 -1.282460089644897883e-01 9.752284076129574602e-04 9.917419070071774589e-01 -1.519665353843096227e+02
9.918916050446300314e-01 1.965463126427675813e-03 1.270715577801986851e-01 -1.384951353204499114e+01 -1.843482665428522634e-03 9.999977202456611369e-01 -1.077531968307009072e-03 5.072520470637310597e-01 -1.270733859376147468e-01 8.345406994941433152e-04 9.918929670726428505e-01 -1.513308894042727673e+02
9.920834749282926301e-01 1.893858546389667668e-03 1.255658873819242016e-01 -1.376317913561358353e+01 -1.765875635498940230e-03 9.999978017690606125e-01 -1.130548666155135494e-03 5.097375869884983590e-01 -1.255677524583591054e-01 8.998649081171894134e-04 9.920846384183676925e-01 -1.506925919655784298e+02
9.922453059102479545e-01 1.892728876401483275e-03 1.242806118285507827e-01 -1.368602956892248379e+01 -1.744193889740727494e-03 9.999976287431385780e-01 -1.303953900598242305e-03 5.172709943430233714e-01 -1.242827851584984017e-01 1.077072653227366394e-03 9.922462543278992575e-01 -1.500563758391980684e+02
9.924864255542572566e-01 1.904658316723401674e-03 1.223399663529068093e-01 -1.359526914797090669e+01 -1.774712502965422904e-03 9.999977394230673555e-01 -1.171129491967039075e-03 5.116154652291686755e-01 -1.223419203955277701e-01 9.452118554446669804e-04 9.924875621832661698e-01 -1.494211051926099856e+02
9.926608732923362099e-01 1.811029795221723998e-03 1.209177853153842186e-01 -1.352500995398999173e+01 -1.680946007895122926e-03 9.999978936047302369e-01 -1.177797360009798190e-03 5.111642314240317786e-01 -1.209196636408449155e-01 9.658970874393197400e-04 9.926618265994725521e-01 -1.487893166661407918e+02
9.928716537382050733e-01 1.881971464487661953e-03 1.191735599307524457e-01 -1.343945717251047078e+01 -1.732284474835811897e-03 9.999975753091006059e-01 -1.359619953515516823e-03 5.187316708335316662e-01 -1.191758297376612902e-01 1.143485604023455025e-03 9.928725064412919910e-01 -1.481578768560367223e+02
9.930520571261679530e-01 1.854708382476865551e-03 1.176612591055447021e-01 -1.336644964736723651e+01 -1.705423377416594036e-03 9.999976080830133007e-01 -1.369437605705352019e-03 5.173931054071574387e-01 -1.176635175769869535e-01 1.159260569556766832e-03 9.930528448911175587e-01 -1.475249255585404171e+02
9.932629092334879228e-01 1.981476662586391380e-03 1.158657278545455194e-01 -1.329449242141796717e+01 -1.823043012185765087e-03 9.999972528802840710e-01 -1.473345194065287965e-03 5.220527441360132137e-01 -1.158683289566380947e-01 1.252190928245418928e-03 9.932637929385503828e-01 -1.468887273214783704e+02
9.934306477123147072e-01 1.865339357436120562e-03 1.144205781097630270e-01 -1.321782630429037297e+01 -1.723494047863385241e-03 9.999976188595750548e-01 -1.338597567275003845e-03 5.157317049047365209e-01 -1.144228025970250584e-01 1.132600662958871927e-03 9.934314971157198748e-01 -1.462550528353422123e+02
9.936412539051643344e-01 2.148126169710831528e-03 1.125719507325502466e-01 -1.314630097530889330e+01 -2.002979041980470533e-03 9.999970105924225194e-01 -1.402455409536512709e-03 5.154679343115802226e-01 -1.125746268602748068e-01 1.168058293645784802e-03 9.936425861581681396e-01 -1.456196295750191041e+02
9.938319557004896554e-01 2.011947559015248629e-03 1.108782931666961596e-01 -1.307677100654537483e+01 -1.877397863950185531e-03 9.999973692814368986e-01 -1.317879913340991912e-03 5.131064421866564640e-01 -1.108806529823867931e-01 1.101588500904472114e-03 9.938331184343648372e-01 -1.449822246788039593e+02
9.939749198847300793e-01 2.000834777314912903e-03 1.095894853548381176e-01 -1.300984469663540644e+01 -1.852328593308150964e-03 9.999972231549365542e-01 -1.456901231501459091e-03 5.177288735733104330e-01 -1.095920960604677974e-01 1.245127547612935853e-03 9.939758659738491264e-01 -1.443410758785361452e+02
9.941520970700490345e-01 2.266935380688714797e-03 1.079651281442468302e-01 -1.293667540310134534e+01 -2.105995887120324945e-03 9.999964949193738128e-01 -1.604658932691629568e-03 5.241298055093537300e-01 -1.079683873758763291e-01 1.367900927193367458e-03 9.941533866433821531e-01 -1.437014916270088065e+02
9.943540966306015916e-01 2.197038973074889878e-03 1.060900727386455689e-01 -1.285961850368934734e+01 -2.057501003927130964e-03 9.999968684412410269e-01 -1.424709559904689584e-03 5.129544550579721029e-01 -1.060928706537774824e-01 1.198385356233544127e-03 9.943555031622135498e-01 -1.430691294794589226e+02
9.944932293801973522e-01 2.303095933631806643e-03 1.047755337188351343e-01 -1.279663971824285262e+01 -2.151088343853804156e-03 9.999964637125348110e-01 -1.563771518462821978e-03 5.203371995874485068e-01 -1.047787647182538973e-01 1.329778758105219002e-03 9.944946667290736064e-01 -1.424402620279166172e+02
9.947276601548723507e-01 2.289146473216633129e-03 1.025262987298232592e-01 -1.272137593632964858e+01 -2.140295924787033802e-03 9.999964899309794486e-01 -1.561812752785167631e-03 5.175383590599760275e-01 -1.025295140735931615e-01 1.334141725823091360e-03 9.947290680429964338e-01 -1.418001825746636371e+02
9.948761757862598643e-01 2.257533832334920540e-03 1.010757062498343628e-01 -1.266210650995392761e+01 -2.115743972725850179e-03 9.999966217786768752e-01 -1.509986316399520570e-03 5.150911967721498730e-01 -1.010787736389238967e-01 1.288399095662040974e-03 9.948775912379479447e-01 -1.411714126480752327e+02
9.951173225186746851e-01 2.150430651517337526e-03 9.867568125570227999e-02 -1.258982060159185679e+01 -2.030971416359067354e-03 9.999970781368910933e-01 -1.311057888304942645e-03 5.045984548824542504e-01 -9.867821227793840966e-02 1.104248927356912564e-03 9.951187823852670755e-01 -1.405402612108240135e+02
9.953125122129617974e-01 2.217378267329725514e-03 9.668550183943008802e-02 -1.253103953164385587e+01 -2.076893863096002015e-03 9.999966363854458917e-01 -1.553618252875316489e-03 5.156549511255758000e-01 -9.668862158601859713e-02 1.345530160868574051e-03 9.953137696246253663e-01 -1.399018712425128967e+02
9.955156077528497516e-01 2.298172408992223571e-03 9.456951477115993487e-02 -1.246904743945763627e+01 -2.158572948229828519e-03 9.999964245581884903e-01 -1.578427593033876431e-03 5.155705641973243880e-01 -9.457280414210661457e-02 1.367214108260740276e-03 9.955170091175142844e-01 -1.392635732805231328e+02
9.957273672503498263e-01 2.259934629586354739e-03 9.231415278361686239e-02 -1.240953476998843286e+01 -2.116368083369490980e-03 9.999963941823928337e-01 -1.653060297761690554e-03 5.196344128553926911e-01 -9.231755572383106012e-02 1.450626651601785765e-03 9.957285596925976590e-01 -1.386252010874514440e+02
9.959519806111606366e-01 2.332737950798493415e-03 8.985661161182992296e-02 -1.233973335624695267e+01 -2.204174893818220543e-03 9.999964004081527413e-01 -1.529962017444166933e-03 5.144764727490883649e-01 -8.985985716516473043e-02 1.325709014174994947e-03 9.959535373529559976e-01 -1.379829175211301333e+02
9.961261355862811584e-01 2.261429155509844715e-03 8.790681395726082648e-02 -1.229554719460984025e+01 -2.132598587736211134e-03 9.999965101025534153e-01 -1.559424886701331944e-03 5.132449675440937664e-01 -8.791003370039987552e-02 1.365913938829227750e-03 9.961274819288474802e-01 -1.373427879387575672e+02
9.963046625037965676e-01 2.284043011170073904e-03 8.585920230656232666e-02 -1.223318972088329382e+01 -2.163384595348176974e-03 9.999965373894516008e-01 -1.498324464103944608e-03 5.089883119712347304e-01 -8.586232724710343711e-02 1.307041173891362786e-03 9.963061539522282128e-01 -1.367066829689636620e+02
9.964864324636997228e-01 2.281796542120780123e-03 8.372325435808643246e-02 -1.218381323766326219e+01 -2.164088615868125804e-03 9.999965383863130830e-01 -1.496641524766556975e-03 5.093470174812687601e-01 -8.372637957197924530e-02 1.310198432051891924e-03 9.964879210225467965e-01 -1.360683797493631459e+02
9.966781807421353223e-01 2.375588946223052694e-03 8.140614601924066329e-02 -1.213684074769258459e+01 -2.246939712031987071e-03 9.999960779797969490e-01 -1.671911168202762799e-03 5.169200365619145421e-01 -8.140979851638156795e-02 1.483442679192681444e-03 9.966796095553173140e-01 -1.354390974836702242e+02
9.968792951082933174e-01 2.254980631714536762e-03 7.890871971298792087e-02 -1.209150993527566875e+01 -2.142730799676871405e-03 9.999965685644385260e-01 -1.507170882225364328e-03 5.057708516180539071e-01 -7.891184758394910459e-02 1.333387302588476958e-03 9.968807061976818762e-01 -1.347869082021933309e+02
9.970671940759663343e-01 2.286254299193478303e-03 7.649695117296276270e-02 -1.203162742597345591e+01 -2.178725925821726420e-03 9.999965178887918471e-01 -1.489081472339619846e-03 5.070405225269390970e-01 -7.650008922098969211e-02 1.318048394609320963e-03 9.970687032986292886e-01 -1.341538756012320164e+02
9.972429081765381564e-01 2.304171868078388943e-03 7.417056615398689989e-02 -1.198931960363985638e+01 -2.193672080511621051e-03 9.999963595015652906e-01 -1.571237225657331213e-03 5.096455001644238925e-01 -7.417391653677035679e-02 1.404199280182011128e-03 9.972443323127877512e-01 -1.335222688767318004e+02
9.974146805191912435e-01 2.333104562386015702e-03 7.182277986753742016e-02 -1.193615782978975126e+01 -2.229538493498262313e-03 9.999963561743199225e-01 -1.522102555254895451e-03 5.081581452827615974e-01 -7.182606938226381021e-02 1.358035781442279433e-03 9.974162478603958437e-01 -1.328958335646685498e+02
9.975912022176267602e-01 2.358836001312464466e-03 6.932697275021401651e-02 -1.188859604397080894e+01 -2.253586221161722747e-03 9.999961865212404488e-01 -1.596337094804604027e-03 5.110950199858343979e-01 -6.933047387068541623e-02 1.436257531005982052e-03 9.975927137650769660e-01 -1.322664276256040523e+02
9.977593799363945193e-01 2.242736715126238557e-03 6.686695657025350237e-02 -1.183090420475017801e+01 -2.157713383713990175e-03 9.999967693348187359e-01 -1.343723512905668684e-03 4.969371105909162756e-01 -6.686975416356251423e-02 1.196433011922855717e-03 9.977609956929328616e-01 -1.316297319564586132e+02
9.978776024191643446e-01 2.279749386878394523e-03 6.507759470749673036e-02 -1.178736078950835697e+01 -2.201833800963272098e-03 9.999967708187386117e-01 -1.268968087939722870e-03 4.921780337660505711e-01 -6.508027748936780210e-02 1.122984785427367290e-03 9.978793997207671129e-01 -1.309954794009793488e+02
9.980227188977596198e-01 2.387517298996286955e-03 6.280885546696769739e-02 -1.175330176954712513e+01 -2.303183800311018724e-03 9.999963464564317617e-01 -1.415068256368411104e-03 4.980132884601412568e-01 -6.281200449201911062e-02 1.267609930219117283e-03 9.980245714694400139e-01 -1.303522045375524669e+02
9.981601614648127896e-01 2.240694640407115898e-03 6.059101709054986323e-02 -1.171892453003610690e+01 -2.167934691627325557e-03 9.999968479505209062e-01 -1.266549720929019884e-03 4.923168446345765337e-01 -6.059366405583749976e-02 1.132862105994136967e-03 9.981618728942400764e-01 -1.297324526484126750e+02
9.983211419101863937e-01 2.148398065764836433e-03 5.788162057935637012e-02 -1.168621592668645981e+01 -2.063290261054554452e-03 9.999967008076566799e-01 -1.530100356413052450e-03 5.037822930115496423e-01 -5.788471688140307131e-02 1.408104951016020791e-03 9.983222810255246715e-01 -1.290939508541315490e+02
9.985160388488317773e-01 2.313948440721320682e-03 5.440924373901950134e-02 -1.163741591235115003e+01 -2.242857404254791544e-03 9.999965495922272796e-01 -1.367623597440365511e-03 4.957170886198395410e-01 -5.441222061543279226e-02 1.243561921972379317e-03 9.985177834177234590e-01 -1.284516750559585034e+02
9.986918124357282434e-01 2.235376258521339608e-03 5.108489861811388311e-02 -1.161396470843362927e+01 -2.162740225656868860e-03 9.999965703554425378e-01 -1.477102592499822311e-03 4.997429631047944909e-01 -5.108802529513604973e-02 1.364686900092162633e-03 9.986932218159429997e-01 -1.278177082714078523e+02
9.988981126350163775e-01 2.254925841055755928e-03 4.687724270532057924e-02 -1.157985074493794819e+01 -2.190301739408040405e-03 9.999965789737276234e-01 -1.429901790954058241e-03 4.977527168983810202e-01 -4.688030665954029397e-02 1.325650894001322022e-03 9.988996343463214522e-01 -1.271869011602631332e+02
9.990493588205786590e-01 2.234669290243618527e-03 4.353601834520474945e-02 -1.154629954476523856e+01 -2.180782568410057336e-03 9.999967962127439547e-01 -1.285204900866306109e-03 4.877386646679729987e-01 -4.353875087298762769e-02 1.189040542258345363e-03 9.990510314068089537e-01 -1.265488769503655391e+02
9.992424697333506245e-01 2.150888254802385460e-03 3.885692166023001215e-02 -1.152147536183936971e+01 -2.107569036377327041e-03 9.999971111733946261e-01 -1.155767114251775394e-03 4.796189594400154244e-01 -3.885929533523224677e-02 1.072997940741491230e-03 9.992441162406052735e-01 -1.259239653933669274e+02
9.994074620576705037e-01 2.285037508790315180e-03 3.434389883267947169e-02 -1.150653977660903493e+01 -2.248735393262655483e-03 9.999968714119502611e-01 -1.095607339536524508e-03 4.772239783169256455e-01 -3.434629488863375629e-02 1.017727809770275962e-03 9.994094737681488150e-01 -1.252851207211068640e+02
9.995233943096190066e-01 2.167368883933109246e-03 3.079426472411466234e-02 -1.148386342427846607e+01 -2.136293989313424631e-03 9.999971752610694598e-01 -1.041977865928013676e-03 4.737951882764064315e-01 -3.079643608876061686e-02 9.756956507124088171e-04 9.995252010540944809e-01 -1.246566855578442556e+02
9.996376142969388701e-01 2.426422326305419444e-03 2.680956093297670248e-02 -1.147315753352429191e+01 -2.395417946259226737e-03 9.999964246870112206e-01 -1.188522636501668011e-03 4.811739002196385728e-01 -2.681234893826580160e-02 1.123871829500252368e-03 9.996398525751779562e-01 -1.240159614189702495e+02
9.997381185517875135e-01 2.109199598701499805e-03 2.278696099932792443e-02 -1.144722182368311536e+01 -2.083014531167737618e-03 9.999971427914297051e-01 -1.172799829404648454e-03 4.812897696715731088e-01 -2.278936956115720433e-02 1.125027124004108212e-03 9.997396555848804267e-01 -1.233888338248424645e+02
9.998004846178096816e-01 2.266705612359018029e-03 1.984573011153389910e-02 -1.142795126943526363e+01 -2.241263820695965029e-03 9.999966379899538627e-01 -1.304126249744103506e-03 4.876780552669045532e-01 -1.984861946027940971e-02 1.259386539602684076e-03 9.998022035638173266e-01 -1.227708697957808823e+02
9.998570175446970243e-01 2.495385412989068429e-03 1.672475764440361709e-02 -1.142161392499100714e+01 -2.471822302665091162e-03 9.999959234470706670e-01 -1.429399784646151689e-03 4.930234259854390233e-01 -1.672825636841578437e-02 1.387854776603228120e-03 9.998591097239608594e-01 -1.221401469032934983e+02
9.999023235198023496e-01 2.452413502883085943e-03 1.375969068370685305e-02 -1.140199878276497003e+01 -2.433147227145470489e-03 9.999960362811772807e-01 -1.416762684940760372e-03 4.928722440461998922e-01 -1.376311063210082508e-02 1.383144947314979495e-03 9.999043272712561103e-01 -1.215121550098822070e+02
9.999374877889782853e-01 2.570919006892064679e-03 1.088167678839038581e-02 -1.139022498810828665e+01 -2.556246185205134080e-03 9.999958051480202226e-01 -1.362090967360018523e-03 4.895778825904221199e-01 -1.088513296692406908e-02 1.334189575263077790e-03 9.999398651011317529e-01 -1.208832278728379208e+02
9.999595638775546913e-01 2.397400325502153928e-03 8.667357237935859049e-03 -1.139519295574427460e+01 -2.385763265741994328e-03 9.999962391329578759e-01 -1.352720806350423462e-03 4.883390886371412609e-01 -8.670567654459140211e-03 1.331987845056933038e-03 9.999615227922172833e-01 -1.202555879174014990e+02
9.999770037784365684e-01 2.205861128223617421e-03 6.412962730571259221e-03 -1.139068217471580624e+01 -2.197473314445468930e-03 9.999967213335361205e-01 -1.314698904808905529e-03 4.857437040786548588e-01 -6.415841747814857166e-03 1.300576357234637824e-03 9.999785725083343291e-01 -1.196345638107833054e+02
9.999836217425769336e-01 2.573365705686776143e-03 5.112145884426781174e-03 -1.138179764379948011e+01 -2.565545686005480091e-03 9.999955298465824649e-01 -1.535663435072051781e-03 4.961955754436117583e-01 -5.116074855969676184e-03 1.522522839760975279e-03 9.999857537496574800e-01 -1.190112895179697432e+02
9.999894135697084963e-01 2.595991150465339591e-03 3.799154966187706563e-03 -1.138150594292014794e+01 -2.590781618890858166e-03 9.999956978967967647e-01 -1.375513904580101879e-03 4.881229353478314104e-01 -3.802709443754588668e-03 1.365656561944319017e-03 9.999918371582046106e-01 -1.183904613266302448e+02
9.999946953716651876e-01 2.494288265970934833e-03 2.094696774434835328e-03 -1.138147883427907026e+01 -2.491531231208657642e-03 9.999960278597379570e-01 -1.317777245988922168e-03 4.843142748899287864e-01 -2.097975370327274675e-03 1.312551253236987495e-03 9.999969378495882077e-01 -1.177767632974533001e+02
9.999963347198368435e-01 2.591843314033173522e-03 7.828761891533539538e-04 -1.136633973361832695e+01 -2.590793046157675861e-03 9.999957466245686932e-01 -1.339598508311875017e-03 4.844523308941847684e-01 -7.863448887242620615e-04 1.337565328121175174e-03 9.999987962896300653e-01 -1.171610812297213187e+02
9.999965533648229599e-01 2.578666414570020965e-03 -4.936982855998269795e-04 -1.137205779178606768e+01 -2.579301226375020281e-03 9.999958421373775774e-01 -1.289539894973184024e-03 4.812019024997291616e-01 4.903709396527629978e-04 1.290808846993126520e-03 9.999990466739766548e-01 -1.165463899289624976e+02
9.999953666374258310e-01 2.498438993628649806e-03 -1.739110771477375347e-03 -1.137865186206695789e+01 -2.500803591845324279e-03 9.999959497930190899e-01 -1.358815275436840849e-03 4.835046519419364808e-01 1.735708810649498352e-03 1.363158154016925897e-03 9.999975645544202374e-01 -1.159298294020867104e+02
9.999928465459757554e-01 2.522156610567325222e-03 -2.818791036650252890e-03 -1.136837432426714400e+01 -2.526352181194432660e-03 9.999957048717537100e-01 -1.485860929232810145e-03 4.884618634489854005e-01 2.815031355616202675e-03 1.492971559078739305e-03 9.999949233043089469e-01 -1.153186080333535841e+02
9.999916566873755519e-01 2.523013592961295248e-03 -3.212624790987205284e-03 -1.137966181482305927e+01 -2.526880041217402766e-03 9.999960873982889353e-01 -1.200027237564772536e-03 4.740430590898164764e-01 3.209584536233651801e-03 1.208135142826637391e-03 9.999941194710003645e-01 -1.147016495775779674e+02
9.999910615695535299e-01 2.586074409522692071e-03 -3.344996284870760048e-03 -1.139086760125692521e+01 -2.590178145822557860e-03 9.999958975194966904e-01 -1.223078635696778259e-03 4.768308470908435015e-01 3.341819589728108574e-03 1.231731839568392254e-03 9.999936575191390453e-01 -1.140900044464851675e+02
9.999886189475564180e-01 2.722551911106534106e-03 -3.917867589656025620e-03 -1.137139755739197078e+01 -2.727401884858017544e-03 9.999955203595708442e-01 -1.233101678567191054e-03 4.748171824117550788e-01 3.914492855686402262e-03 1.243773244020971065e-03 9.999915648513242328e-01 -1.134796400279407038e+02
9.999883778091942510e-01 2.599381005426149981e-03 -4.060475948071813786e-03 -1.138544129643041636e+01 -2.604239182472767745e-03 9.999958989740291848e-01 -1.191626369131336058e-03 4.729094778205774618e-01 4.057361805005012083e-03 1.202186970385761815e-03 9.999910462407508582e-01 -1.128689118334107349e+02
9.999882031042049979e-01 2.741444094587138901e-03 -4.009755191977355283e-03 -1.139000864187726059e+01 -2.746371047879105683e-03 9.999954799282700924e-01 -1.223752056651502976e-03 4.731130220975118816e-01 4.006382219747321206e-03 1.234749895744341160e-03 9.999912121084886252e-01 -1.122624009484177492e+02
9.999889573944771293e-01 2.550870294213036966e-03 -3.946916498837918855e-03 -1.140330846036915524e+01 -2.555539702103809888e-03 9.999960402148714289e-01 -1.178461458095152745e-03 4.699948671982487336e-01 3.943894767570333554e-03 1.188534946623815780e-03 9.999915165033866904e-01 -1.116677986940079279e+02
9.999893698550115229e-01 2.574878659742979928e-03 -3.824941419744558226e-03 -1.140352083407172046e+01 -2.579984717457243365e-03 9.999957865774669052e-01 -1.330603686671404063e-03 4.763724916941546872e-01 3.821499160612807245e-03 1.340457832569402720e-03 9.999917996248591789e-01 -1.110612010560007974e+02
9.999900296794026477e-01 2.553402765562134708e-03 -3.663424095609903435e-03 -1.139683271201679382e+01 -2.558125966347895002e-03 9.999959021437162532e-01 -1.285179876650587852e-03 4.743430589715285639e-01 3.660127501573168848e-03 1.294538563299916503e-03 9.999924637898929269e-01 -1.104532776296615992e+02
9.999912709463821825e-01 2.704160031245729252e-03 -3.185207931144960845e-03 -1.139580357404178379e+01 -2.708357290311603095e-03 9.999954688828324167e-01 -1.314159271952734277e-03 4.737578515442835148e-01 3.181639801616716143e-03 1.322774481707461765e-03 9.999940637003018606e-01 -1.098463351246177240e+02
9.999947970804875519e-01 2.499592054161142718e-03 -2.039081047237941736e-03 -1.141131001934621025e+01 -2.502312746961594600e-03 9.999959810084881884e-01 -1.332815736561378944e-03 4.748810328467347186e-01 2.035741356563751381e-03 1.337911220524967866e-03 9.999970328709456568e-01 -1.092366753048512322e+02
9.999960109917793716e-01 2.797142959048142842e-03 -3.924178840666756539e-04 -1.140899268632898256e+01 -2.797611620318575347e-03 9.999953680297675174e-01 -1.198869564067354216e-03 4.663400051976113181e-01 3.890626568387698671e-04 1.199962614599293280e-03 9.999992043596698243e-01 -1.086312881488341588e+02
9.999958772939522289e-01 2.612389091676810791e-03 1.191980844022983051e-03 -1.142031860386395259e+01 -2.610732320619527612e-03 9.999956268455340025e-01 -1.389376319671171370e-03 4.749952575373148633e-01 -1.195605222848374494e-03 1.386258648765965450e-03 9.999983244061511067e-01 -1.080292469631007179e+02
9.999928377730904483e-01 2.739493341746067172e-03 2.611432318135801893e-03 -1.141882337985488505e+01 -2.736328149543475370e-03 9.999955183071789211e-01 -1.214855470701700635e-03 4.655802715947472969e-01 -2.614748702971499660e-03 1.207701033868414410e-03 9.999958522651146708e-01 -1.074243010256461730e+02
9.999893779447875941e-01 2.631611730769285642e-03 3.783994885734653750e-03 -1.140639605273286961e+01 -2.625830528940263555e-03 9.999953790439275458e-01 -1.531961104261831677e-03 4.802641139937574577e-01 -3.788008926873566440e-03 1.522008702394083259e-03 9.999916672042221677e-01 -1.068205343621401227e+02
9.999817157984356442e-01 2.545646350642405669e-03 5.485230485051768509e-03 -1.141014921114669711e+01 -2.537226388102576616e-03 9.999955932178644646e-01 -1.541436702195850056e-03 4.803323485560859751e-01 -5.489130265551749044e-03 1.527491246724990226e-03 9.999837679779701727e-01 -1.062144664167541777e+02
9.999732125808141747e-01 2.464881732801717240e-03 6.891914019273236505e-03 -1.140823265601863667e+01 -2.455035093682561217e-03 9.999959541692264864e-01 -1.436818661879195845e-03 4.742873440515815164e-01 -6.895427723828423394e-03 1.419860282435447645e-03 9.999752182295738034e-01 -1.056153501690343006e+02
9.999582678694689530e-01 2.440648656557036292e-03 8.803735208794150405e-03 -1.141256724835037417e+01 -2.427949698102045348e-03 9.999959971346212839e-01 -1.452850645477063614e-03 4.740591020393596922e-01 -8.807245866603341175e-03 1.431414988681922566e-03 9.999601909433072366e-01 -1.050227065110901918e+02
9.999442991987097518e-01 2.562341151301533032e-03 1.023879425643255993e-02 -1.140038915613834192e+01 -2.549281729140229560e-03 9.999959206733050054e-01 -1.288332028098305906e-03 4.657781372876271808e-01 -1.024205363521796079e-02 1.262158695845663411e-03 9.999467522287173171e-01 -1.044254651984280571e+02
9.999219161287170587e-01 2.606586540078105647e-03 1.222159368020552840e-02 -1.139859563695348932e+01 -2.592055099943238808e-03 9.999959149819591664e-01 -1.204686578842330573e-03 4.611795489996433073e-01 -1.222468387459627916e-02 1.172913468022361355e-03 9.999245878455848002e-01 -1.038250202913582285e+02
9.999052291206589338e-01 2.568008453200573086e-03 1.352546153544822473e-02 -1.138779337171718531e+01 -2.548948949507165700e-03 9.999957343865053527e-01 -1.426207574852748601e-03 4.698224997475401454e-01 -1.352906635416521904e-02 1.391596700934376448e-03 9.999075096338693180e-01 -1.032318582133348883e+02
9.998857580445291715e-01 2.520026240295340780e-03 1.490370180409717610e-02 -1.137764085929476821e+01 -2.502642347573980248e-03 9.999961663302727732e-01 -1.184949803801572639e-03 4.575975860952637975e-01 -1.490663077282575882e-02 1.147515797548303218e-03 9.998882315371538931e-01 -1.026424107384590769e+02
9.998612477216994865e-01 2.554456016795292675e-03 1.646086446285694588e-02 -1.135899426324733952e+01 -2.534990090830177567e-03 9.999960629214186270e-01 -1.203314963579871525e-03 4.567992549631918475e-01 -1.646387347028885340e-02 1.161419872587320665e-03 9.998637867100867993e-01 -1.020473025845140143e+02
9.998354555121851117e-01 2.531629772310463929e-03 1.796253744428237889e-02 -1.135565747227574107e+01 -2.508556405297878485e-03 9.999959995146804337e-01 -1.306942767219344435e-03 4.615114191253527620e-01 -1.796577428063523066e-02 1.261667678629851486e-03 9.998378064212044558e-01 -1.014612835620064288e+02
9.997975571927085747e-01 2.741392700523795703e-03 1.993312312594640312e-02 -1.134611533931018279e+01 -2.719594702206737727e-03 9.999956740408170175e-01 -1.120582129012452806e-03 4.496696266351831728e-01 -1.993610885173818098e-02 1.066145259168696600e-03 9.998006875863498788e-01 -1.008718962746891492e+02
9.997552518753702877e-01 2.624538678852637776e-03 2.196697849814756992e-02 -1.133215899313550423e+01 -2.597809082210692216e-03 9.999958503539615462e-01 -1.245256130183659566e-03 4.556368752332186634e-01 -2.197015556584101109e-02 1.187885339829898666e-03 9.997579212953664474e-01 -1.002830477513945766e+02
9.997180856151537398e-01 2.503590974113744077e-03 2.361104246335983883e-02 -1.132279957254464442e+01 -2.479600490420316109e-03 9.999963794655549743e-01 -1.045292872658669468e-03 4.459893818442877134e-01 -2.361357396456861477e-02 9.864522370900078579e-04 9.997206740067966502e-01 -9.969529150262641792e+01
9.996596922087717108e-01 2.692116199700232953e-03 2.594710549235104344e-02 -1.131228671523679097e+01 -2.664199107748921238e-03 9.999958344820115697e-01 -1.110433131552933557e-03 4.475345685105591720e-01 -2.594998682423850164e-02 1.040926987205239174e-03 9.996627004419186280e-01 -9.910987146193487263e+01
9.996167628008303385e-01 2.616221238150561075e-03 2.755871756852049798e-02 -1.129998334334639587e+01 -2.587850066487298352e-03 9.999960842933014460e-01 -1.065096285652842060e-03 4.453580650862275503e-01 -2.756139618418871479e-02 9.933702720434820724e-04 9.996196189830813816e-01 -9.852553439774419530e+01
9.995712306321616891e-01 2.639014831539519823e-03 2.916145560881176421e-02 -1.127539126872079400e+01 -2.608362768680345424e-03 9.999960051382825732e-01 -1.089105661984696377e-03 4.453715928927610701e-01 -2.916421327882421852e-02 1.012575031747949038e-03 9.995741209913511227e-01 -9.794430078995524980e+01
9.995258738587846636e-01 2.578593892286440599e-03 3.068188945243669960e-02 -1.126693854670438277e+01 -2.544720271923482310e-03 9.999961089410102089e-01 -1.143022999264049159e-03 4.463373376772116763e-01 -3.068471745951956500e-02 1.064404236109556950e-03 9.995285464447984936e-01 -9.735755314392412174e+01
9.994613430651467789e-01 2.536380389651676347e-03 3.271987917049815758e-02 -1.125511215254879360e+01 -2.498223344220581229e-03 9.999961510054208302e-01 -1.207002264284330302e-03 4.490110447309459962e-01 -3.272281464873399298e-02 1.124610538180474640e-03 9.994638325885544239e-01 -9.677940047919882716e+01
9.994003748310062996e-01 2.493275368549763282e-03 3.453511785966188047e-02 -1.124032826296808985e+01 -2.452289569257143018e-03 9.999962377959841220e-01 -1.229093058315087897e-03 4.488757399469526788e-01 -3.453805239895074014e-02 1.143665953881971764e-03 9.994027291160821891e-01 -9.619458063485753030e+01
9.993356740610441769e-01 2.495509544976107566e-03 3.635908388655215151e-02 -1.121525728220428419e+01 -2.453886439792401022e-03 9.999962819262298019e-01 -1.189359095054761881e-03 4.466888202605871494e-01 -3.636191675777016019e-02 1.099347910044699405e-03 9.993380821543196291e-01 -9.561188060241426001e+01
9.992661035404443171e-01 2.484868869383104455e-03 3.822407280497307214e-02 -1.119072941188877834e+01 -2.442247109513774172e-03 9.999963429306376606e-01 -1.161703235160577684e-03 4.439072466641122983e-01 -3.822681969709203209e-02 1.067498033947449510e-03 9.992685178188061013e-01 -9.503068194932532720e+01
9.991804563749016044e-01 2.606361766040337247e-03 4.039334693718562436e-02 -1.116269461956808229e+01 -2.558349488666917821e-03 9.999959582881332576e-01 -1.240264202475167962e-03 4.477250735059704612e-01 -4.039641625611308656e-02 1.135907453372297623e-03 9.991830859596855241e-01 -9.443575904272113064e+01
9.990855278895417468e-01 2.631153807704328124e-03 4.267534406792641150e-02 -1.113977320003472116e+01 -2.586828796500171158e-03 9.999960559020475426e-01 -1.093845110901501714e-03 4.372234477880266867e-01 -4.267805382691784027e-02 9.824510111189563039e-04 9.990883937427946782e-01 -9.386019470067925852e+01
9.989396527563428885e-01 2.553247641993541036e-03 4.596793531926087611e-02 -1.111359474480419962e+01 -2.502634633204638571e-03 9.999961972632565033e-01 -1.158567615134175038e-03 4.399463968424188742e-01 -4.597071862533564507e-02 1.042298184209984168e-03 9.989422438977968444e-01 -9.327884587146246531e+01
9.987882581745585187e-01 2.609498222685839846e-03 4.914474388637270208e-02 -1.107974294625814338e+01 -2.550999196710262203e-03 9.999959611563863371e-01 -1.253025942836232757e-03 4.436669987003220572e-01 -4.914781516740852896e-02 1.126139396716266568e-03 9.987908810528505210e-01 -9.269355891880103115e+01
9.985789733351462250e-01 2.477317332631606001e-03 5.323435837651042252e-02 -1.106487023328913111e+01 -2.411430007257821945e-03 9.999962450502580813e-01 -1.301879681206550730e-03 4.459131205739121917e-01 -5.323738365326943084e-02 1.171658746258890738e-03 9.985811975986413902e-01 -9.211347899825899788e+01
9.983677908539205781e-01 2.580545413834745179e-03 5.705343960559689648e-02 -1.103356736545405781e+01 -2.523652192507881524e-03 9.999962439674559000e-01 -1.069219618065909592e-03 4.333798427306528867e-01 -5.705598448080276969e-02 9.234913900753543127e-04 9.983705533510985886e-01 -9.153715915581476281e+01
9.980856775169040240e-01 2.592792636869143373e-03 6.179205257931510986e-02 -1.100240865551972291e+01 -2.527033426232052835e-03 9.999961545869091584e-01 -1.142328086465655129e-03 4.353836681924963536e-01 -6.179477678319869605e-02 9.839907197832439834e-04 9.980883915388346628e-01 -9.095751759499449918e+01
9.978031292474267566e-01 2.548414438080985698e-03 6.619985534647933323e-02 -1.096059249627650090e+01 -2.484651731691623570e-03 9.999963667118363375e-01 -1.045499353779377185e-03 4.296974730139514476e-01 -6.620227918897662878e-02 8.787189416028601480e-04 9.978058358634742664e-01 -9.037624245312247240e+01
9.973560375574652692e-01 2.619007962804748273e-03 7.262282798791819260e-02 -1.092969289759442120e+01 -2.552836827443897855e-03 9.999962375306259421e-01 -1.003966495623265969e-03 4.254171760843830086e-01 -7.262518414299845571e-02 8.159178161145938610e-04 9.973589709358977595e-01 -8.979111703554855239e+01
9.969882313196704038e-01 2.572603594398033527e-03 7.751031106131241188e-02 -1.088873014105922010e+01 -2.492194442289665055e-03 9.999962513706934786e-01 -1.134112614619557993e-03 4.314922769650475498e-01 -7.751293812607763789e-02 9.375261633197341966e-04 9.969909054087484623e-01 -8.920937377811615931e+01
9.965055596126405346e-01 2.602254277954002288e-03 8.348591458306556246e-02 -1.083735071762964886e+01 -2.519602657917636730e-03 9.999962258969306017e-01 -1.095351241046139913e-03 4.274167182530980158e-01 -8.348844988107195775e-02 8.811722691489073164e-04 9.965083553447445786e-01 -8.863359130983938883e+01
9.960578740429251177e-01 2.611309715521434229e-03 8.866731426324950260e-02 -1.078546147997249705e+01 -2.526698351669296513e-03 9.999962391985786070e-01 -1.066482132433950198e-03 4.238507181895916909e-01 -8.866976571824183861e-02 8.382423687410298996e-04 9.960607260590106371e-01 -8.805882549143244376e+01
9.954918965631842642e-01 2.613858810494305504e-03 9.481060921201388270e-02 -1.073002088622606820e+01 -2.511374569003090550e-03 9.999961262012454499e-01 -1.200241757748822134e-03 4.302549218415577803e-01 -9.481337919728720365e-02 9.567259909089631314e-04 9.954946046064587772e-01 -8.748183755750113733e+01
9.949309898502038951e-01 2.601624589587036174e-03 1.005263994440685621e-01 -1.067300614637394141e+01 -2.502152951716870351e-03 9.999962473480847880e-01 -1.115580725137361095e-03 4.236219234316209725e-01 -1.005289245257293546e-01 8.583934080242776061e-04 9.949337658831653997e-01 -8.690051725489377077e+01
9.942577100536850176e-01 2.593204449155216487e-03 1.069807519579448057e-01 -1.061687313523741594e+01 -2.482337636467634931e-03 9.999962351565474528e-01 -1.169475348062798317e-03 4.249503151488132624e-01 -1.069833818808370168e-01 8.971975345663391879e-04 9.942604040380582653e-01 -8.633190415155783626e+01
9.935121628821758089e-01 2.511793340349471708e-03 1.136981666492311027e-01 -1.056419774729913286e+01 -2.376966335251155284e-03 9.999963019791179297e-01 -1.321385307075834169e-03 4.319764842771426916e-01 -1.137010652378509235e-01 1.042555659928642029e-03 9.935144593016620451e-01 -8.576114276815833648e+01
9.926957711755102221e-01 2.387613099387063485e-03 1.206209152425342518e-01 -1.049946331267450361e+01 -2.241997046366091002e-03 9.999965850048530003e-01 -1.342917672765205203e-03 4.332725000533881321e-01 -1.206237096905209555e-01 1.062676959087140464e-03 9.926977341457859927e-01 -8.519585717999005681e+01
9.919750669366331763e-01 2.472124985143757826e-03 1.264094742261037962e-01 -1.043421893365175279e+01 -2.330047691804081490e-03 9.999964767001737753e-01 -1.271795971366574893e-03 4.272400319385843415e-01 -1.264121728862220573e-01 9.670497901833977625e-04 9.919773320801676952e-01 -8.462627960220459045e+01
9.910393671882511413e-01 2.531775625096127635e-03 1.335461073760480510e-01 -1.036499322654307242e+01 -2.371729918211870625e-03 9.999962660424300820e-01 -1.357497105900269067e-03 4.298066961224660254e-01 -1.335490455986333425e-01 1.028597774466776752e-03 9.910416713773001485e-01 -8.407026612611429073e+01
9.901381207399909679e-01 2.436636122022865173e-03 1.400734259661263192e-01 -1.028657541937816688e+01 -2.268486755689941726e-03 9.999965020561776274e-01 -1.360089426600217481e-03 4.296962182629638916e-01 -1.400762500401773192e-01 1.028921677263998271e-03 9.901401847692394842e-01 -8.350595552138109667e+01
9.893192329224983483e-01 2.555047676147731081e-03 1.457426742619063187e-01 -1.020433452234579441e+01 -2.404856296731533796e-03 9.999963802628102361e-01 -1.206701068619839973e-03 4.209590921299236621e-01 -1.457452298904893528e-01 8.433223876725009539e-04 9.893217963693707873e-01 -8.294294858373049806e+01
9.883750275176939049e-01 2.587494636392246271e-03 1.520135186452323262e-01 -1.011462706830312719e+01 -2.435433357656894421e-03 9.999963304375252271e-01 -1.186497300600697878e-03 4.171339047048628346e-01 -1.520160308775300173e-01 8.024855080074872306e-04 9.883777022845321447e-01 -8.237407065361911407e+01
9.873215588519185237e-01 2.597483116823040648e-03 1.587116646868638736e-01 -1.001826315757612385e+01 -2.431656557392018313e-03 9.999962759343045127e-01 -1.239017315938777770e-03 4.191623802598480331e-01 -1.587142919607575364e-01 8.373762476467782202e-04 9.873241981884244289e-01 -8.181199442242157716e+01
9.863888402883520534e-01 2.403204700222521823e-03 1.644119228090493712e-01 -9.929134744813726599e+00 -2.204355469428843309e-03 9.999966017103855132e-01 -1.391899653345267471e-03 4.277328256074616197e-01 -1.644147091095087276e-01 1.010531963577556997e-03 9.863907857708252847e-01 -8.125462182548068313e+01
9.852144711178849601e-01 2.333267983167314468e-03 1.713096662784237278e-01 -9.846150302782803010e+00 -2.120284378284790269e-03 9.999967351379993596e-01 -1.426221405398585013e-03 4.281662718992821359e-01 -1.713124347327460717e-01 1.041908758357450865e-03 9.852162017202508171e-01 -8.068757110787242937e+01
9.840153677892493622e-01 2.394355611105285653e-03 1.780674675952792219e-01 -9.751835811426216694e+00 -2.190924421521965679e-03 9.999967033683295758e-01 -1.339067829595413407e-03 4.229072786308417653e-01 -1.780700867769975104e-01 9.275309594010141233e-04 9.840173697052059243e-01 -8.013695216772121910e+01
9.829801102022713843e-01 2.377111240168979216e-03 1.836966311310098410e-01 -9.651758719340381987e+00 -2.174687549924462972e-03 9.999967859445746399e-01 -1.303393486572365862e-03 4.178719422561636421e-01 -1.836991390311632222e-01 8.817270963841531643e-04 9.829821203239339500e-01 -7.958941806261744034e+01
9.817640286252280468e-01 2.454668878187509385e-03 1.900877868203553755e-01 -9.548765684586998148e+00 -2.248764127366962347e-03 9.999966279547150005e-01 -1.298899187324163620e-03 4.150796896793935153e-01 -1.900903342031410870e-01 8.477499028732121385e-04 9.817662380437821579e-01 -7.903089285686168353e+01
9.805503159273334379e-01 2.565242521121975563e-03 1.962511081895195464e-01 -9.438983744266691289e+00 -2.366158320664672483e-03 9.999964207778526681e-01 -1.248890021301730675e-03 4.116886651128042196e-01 -1.962536094689935340e-01 7.602383123636117504e-04 9.805528760898619689e-01 -7.847325894943624291e+01
9.793816543058999624e-01 2.606694024206344072e-03 2.020019315632967660e-01 -9.323487903346176608e+00 -2.400097027923758265e-03 9.999963162564650121e-01 -1.267678096588898285e-03 4.092888619716352760e-01 -2.020044918889062902e-01 7.567164357846627469e-04 9.793843028336428613e-01 -7.790661333889289608e+01
9.783473912822355789e-01 2.512347465217557030e-03 2.069542705079026879e-01 -9.209697321959389171e+00 -2.272663752698507976e-03 9.999964432492209898e-01 -1.395882650792851449e-03 4.162354491343942531e-01 -2.069570413653793184e-01 8.953206808898458210e-04 9.783496212654079205e-01 -7.735384064801287707e+01
9.771853894282643838e-01 2.409533001911523184e-03 2.123744542986372441e-01 -9.091089418588612858e+00 -2.152057752136502140e-03 9.999966424516011365e-01 -1.443514099690822996e-03 4.184423817974649573e-01 -2.123772194359901666e-01 9.535387969224257045e-04 9.771872939352005405e-01 -7.679769127463826806e+01
9.760292920970117247e-01 2.543572701106414265e-03 2.176243350512995500e-01 -8.976173563127460397e+00 -2.281537597623090052e-03 9.999963382894239139e-01 -1.455332929122631416e-03 4.164604694166877397e-01 -2.176272399190798124e-01 9.239294659997683784e-04 9.760315214169802411e-01 -7.624857121059582710e+01
9.751474460978747372e-01 2.338658257902415539e-03 2.215445531859117634e-01 -8.845188880537508069e+00 -2.064397400737178184e-03 9.999967894168759752e-01 -1.469496278306301222e-03 4.160581819000983561e-01 -2.215472785483142970e-01 9.756195430962457619e-04 9.751491432259696834e-01 -7.568535003813600781e+01
9.741564776544239246e-01 2.465702172494367052e-03 2.258607477113328266e-01 -8.730090819166290927e+00 -2.215634784285523858e-03 9.999966197826866132e-01 -1.360656350300253666e-03 4.090846087544867671e-01 -2.258633392262419382e-01 8.250672684726530377e-04 9.741586478893332623e-01 -7.513447506573467649e+01
9.732848365181282491e-01 2.478174491117729038e-03 2.295876426445291607e-01 -8.611744564436168758e+00 -2.262496676306315329e-03 9.999967173703672163e-01 -1.202645949436462408e-03 3.995254917709690767e-01 -2.295898693598438511e-01 6.510757878822070500e-04 9.732872484460320939e-01 -7.458570981402374400e+01
9.726686159643034291e-01 2.449767371629870804e-03 2.321847586684174791e-01 -8.483489820750042654e+00 -2.246165745368120577e-03 9.999968261201583886e-01 -1.141266425533896036e-03 3.962480315847313195e-01 -2.321868175791440003e-01 5.885485830530194293e-04 9.726710314145449177e-01 -7.403679094361935142e+01
9.721995631992470521e-01 2.406304119729075347e-03 2.341414508703587583e-01 -8.341366240584935809e+00 -2.218960383695460677e-03 9.999969725181758751e-01 -1.063564430715902747e-03 3.926272795925318526e-01 -2.341433012708432071e-01 5.144462713139532923e-04 9.722019593762527556e-01 -7.348976134852655662e+01
9.718396601455969730e-01 2.518735085335101209e-03 2.356296478409717898e-01 -8.207349884306530896e+00 -2.324233194833194918e-03 9.999966904482157082e-01 -1.103192037449111105e-03 3.923285534376639294e-01 -2.356316466609409410e-01 5.244675255510302444e-04 9.718422979196100764e-01 -7.293478820051002742e+01
9.714751357853591562e-01 2.533841433360031238e-03 2.371278983974864363e-01 -8.079062682976273280e+00 -2.357802767341225271e-03 9.999966940695775852e-01 -1.025970772493540887e-03 3.880306752098137690e-01 -2.371297141164058764e-01 4.376042804645700456e-04 9.714778984544967244e-01 -7.238032916301709463e+01
9.712454154164997799e-01 2.556877536579228467e-03 2.380668087106931341e-01 -7.947199555870190224e+00 -2.322212856731985849e-03 9.999965020805884341e-01 -1.266157192335761860e-03 3.979498699520329641e-01 -2.380692133810645705e-01 6.769075643036100544e-04 9.712479556921963519e-01 -7.182665792340151256e+01
9.711486374777480446e-01 2.517892787359161683e-03 2.384617037199575351e-01 -7.814697163660778934e+00 -2.291240015376341203e-03 9.999966215305533535e-01 -1.227659020720066590e-03 3.957788808473378661e-01 -2.384639891981709392e-01 6.458663875615753202e-04 9.711511255784570640e-01 -7.127571182407649530e+01
9.711544977111787880e-01 2.465291654837633434e-03 2.384383859876688105e-01 -7.678081353281362098e+00 -2.238952559709541518e-03 9.999967492382957346e-01 -1.220083716944382396e-03 3.955708046697538616e-01 -2.384406187435004210e-01 6.510375546546071091e-04 9.711568603903898422e-01 -7.072981705484352233e+01
9.711780032001668950e-01 2.522105691078072986e-03 2.383420338148931339e-01 -7.548228094665321741e+00 -2.320373777766331514e-03 9.999966729106981589e-01 -1.126957437338492289e-03 3.922087559483877772e-01 -2.383440831354285694e-01 5.414336682823998144e-04 9.711806242321325833e-01 -7.019128684435744958e+01
9.713365422466553323e-01 2.589185540166375095e-03 2.376943790133669299e-01 -7.403774598383312089e+00 -2.392336768955766364e-03 9.999965149451599533e-01 -1.116611982022601684e-03 3.879183196191481886e-01 -2.376964417510187277e-01 5.159610189612328680e-04 9.713393512893068182e-01 -6.963097138765454019e+01
9.716064823180650123e-01 2.521485343130246831e-03 2.365892762345324918e-01 -7.272159226279209854e+00 -2.319819296829303198e-03 9.999966699055863328e-01 -1.130759111308600202e-03 3.888486642279143646e-01 -2.365913395624311411e-01 5.498085140559035760e-04 9.716090961671016712e-01 -6.908294033094183817e+01
9.719249338074428257e-01 2.516907238467206570e-03 2.352776832199579837e-01 -7.139164171363260536e+00 -2.293103453962151185e-03 9.999966207327478651e-01 -1.224826369060284543e-03 3.943615823775614704e-01 -2.352799709281420404e-01 6.509232196426293629e-04 9.719274209420242228e-01 -6.852898626505803747e+01
9.723647024499254554e-01 2.619142581116075050e-03 2.334524052598469512e-01 -7.005965659597757522e+00 -2.402755974183175443e-03 9.999963797664985776e-01 -1.211287589850292218e-03 3.924357770409617752e-01 -2.334547326425329694e-01 6.168841354605378042e-04 9.723674754231379502e-01 -6.796863353337555225e+01
9.728078062896931000e-01 2.573885154619558625e-03 2.315995404508519040e-01 -6.872911438445160393e+00 -2.369697500158956822e-03 9.999965196586344529e-01 -1.159829459928412871e-03 3.893495306848007154e-01 -2.316017196732197969e-01 5.794703005387718273e-04 9.728105199156606986e-01 -6.740714038179528700e+01
9.732914093334801287e-01 2.510861120577050597e-03 2.295594217061920073e-01 -6.747909117832412207e+00 -2.304154360754697914e-03 9.999966627401862818e-01 -1.168495259687595510e-03 3.901875629807973200e-01 -2.295615895360762215e-01 6.083460555241815585e-04 9.732939466187728872e-01 -6.684736362595249659e+01
9.737879323082651029e-01 2.567536269867518126e-03 2.274433350272033194e-01 -6.612430584686353363e+00 -2.376182474995644934e-03 9.999965551115020945e-01 -1.115133164257699596e-03 3.849355632305896946e-01 -2.274454146551195266e-01 5.454563515246745389e-04 9.737906786521061120e-01 -6.628873651119531019e+01
9.744943675631054791e-01 2.622919741665344622e-03 2.243966307229494639e-01 -6.476009428553354041e+00 -2.451999017729648758e-03 9.999964526792650688e-01 -1.040350759847988348e-03 3.804081524139725778e-01 -2.243985634726747280e-01 4.635956376473468390e-04 9.744973421156595261e-01 -6.573200666677374215e+01
9.750063731244262843e-01 2.555328591314652131e-03 2.221621989955592791e-01 -6.347960488976435833e+00 -2.384855543356549385e-03 9.999966199952962098e-01 -1.035597421966643564e-03 3.802262295105121592e-01 -2.221640943779831234e-01 4.798893346098630371e-04 9.750091716878550585e-01 -6.518076726605619342e+01
9.756740982798599582e-01 2.551840255034804571e-03 2.192111814143954118e-01 -6.234702839645174244e+00 -2.386878108868285310e-03 9.999966338908801156e-01 -1.017359229803423051e-03 3.794100681473223657e-01 -2.192130396638749257e-01 4.693806790279729372e-04 9.756769049860217757e-01 -6.461810990560086054e+01
9.764402430523229093e-01 2.601197272923366170e-03 2.157723001700355692e-01 -6.095186953899596638e+00 -2.441729791142901746e-03 9.999965133357928693e-01 -1.005620149200222961e-03 3.788589542795094967e-01 -2.157741636608693780e-01 4.550703294747744133e-04 9.764431899539509629e-01 -6.404216315385258440e+01
9.772796542443010770e-01 2.481670353828547681e-03 2.119394222705964503e-01 -5.964225026790076711e+00 -2.326562886017177496e-03 9.999968121480419248e-01 -9.812231607428114569e-04 3.791550898087727717e-01 -2.119411817115226804e-01 4.658390373285429902e-04 9.772823125835823355e-01 -6.347919914496044669e+01
9.781298906934052795e-01 2.550184016660746612e-03 2.079793583353602149e-01 -5.840337769637361731e+00 -2.416813922082939377e-03 9.999966786597395130e-01 -8.953658223060029838e-04 3.733964234388086334e-01 -2.079809509127531209e-01 3.731366651720067085e-04 9.781328053114546339e-01 -6.291775949203652374e+01
9.788076826435576638e-01 2.435858982352246804e-03 2.047671531007023704e-01 -5.719904186490217590e+00 -2.263205167927690321e-03 9.999968585898374451e-01 -1.077363831128546863e-03 3.830104108048909550e-01 -2.047691341494519701e-01 5.911019157915679226e-04 9.788101206557934253e-01 -6.233551552102462523e+01
9.795271016270139519e-01 2.476885156809682277e-03 2.012970993782610130e-01 -5.598332285955414989e+00 -2.287228170081737413e-03 9.999966942622771082e-01 -1.174756066568033962e-03 3.872958597835998162e-01 -2.012993436787102186e-01 6.902930087504362744e-04 9.795295287688281505e-01 -6.176482403100178686e+01
9.801559003664815917e-01 2.617586676579717470e-03 1.982108958073756089e-01 -5.485931167732469582e+00 -2.434978248634960679e-03 9.999963568028197303e-01 -1.165015886695401062e-03 3.855666150477969345e-01 -1.982132232160619401e-01 6.592579754317756148e-04 9.801587032318905823e-01 -6.119189583672979182e+01
9.807661645728246169e-01 2.403323464951815074e-03 1.951716026102000012e-01 -5.374087503341778316e+00 -2.224597757563807291e-03 9.999968815465117844e-01 -1.134928221799795219e-03 3.835861990621124429e-01 -1.951737215762615607e-01 6.789208896532555361e-04 9.807684525271485043e-01 -6.061836971031266330e+01
9.814982844413678853e-01 2.640909470897867019e-03 1.914527180162722553e-01 -5.261110929360024002e+00 -2.511690891753870850e-03 9.999964246901553722e-01 -9.176141730715548905e-04 3.725647531224093312e-01 -1.914544568494450372e-01 4.197666886058223391e-04 9.815014084291530105e-01 -6.004632777163174495e+01
9.821818973642044703e-01 2.730263133812145093e-03 1.879129217304425226e-01 -5.142834309075007937e+00 -2.631418016401141247e-03 9.999962371320123555e-01 -7.754747185199528008e-04 3.665283559166075400e-01 -1.879143318889600345e-01 2.671797826378357081e-04 9.821853860069846842e-01 -5.947895011303651813e+01
9.827562326728151998e-01 2.778526475217774766e-03 1.848850100288339793e-01 -5.037138069375059146e+00 -2.660145096491622028e-03 9.999960672293199959e-01 -8.883433789117687034e-04 3.698647456952737778e-01 -1.848867512040847372e-01 3.812040395361619466e-04 9.827597590014962581e-01 -5.890451110314931071e+01
9.834031558120294170e-01 2.473916418453997196e-03 1.814169586243137566e-01 -4.920473701641750353e+00 -2.336664132163111200e-03 9.999967992716163323e-01 -9.702820497726422164e-04 3.751984563992372679e-01 -1.814187783545984922e-01 5.302679295906280628e-04 9.834057889173969391e-01 -5.832361109948601552e+01
9.839091187255846194e-01 2.595359171772711280e-03 1.786508052022515725e-01 -4.818077960289833150e+00 -2.486703577719412504e-03 9.999965619301730557e-01 -8.321256816765442788e-04 3.691215818530428905e-01 -1.786523506533286287e-01 3.744844496684022464e-04 9.839121898662690491e-01 -5.774795167836099097e+01
9.843195353993138275e-01 2.749432006585317799e-03 1.763731636471946584e-01 -4.718493734634011894e+00 -2.635903093681757001e-03 9.999961405836336192e-01 -8.779707958391280492e-04 3.701771134680773567e-01 -1.763748968707272435e-01 3.993012381544571105e-04 9.843229837367212243e-01 -5.716748998890868450e+01
9.848171306431903194e-01 2.633995323081068061e-03 1.735750018301925046e-01 -4.623721584908545346e+00 -2.513794720679135911e-03 9.999964242380167123e-01 -9.123306871713104558e-04 3.726006132755923517e-01 -1.735767842420628260e-01 4.621469662951710250e-04 9.848202304950716135e-01 -5.658847193781348039e+01
9.852941570977350461e-01 2.728378110192309757e-03 1.708449002515193271e-01 -4.518922917406710482e+00 -2.601468579846967760e-03 9.999961489184915342e-01 -9.667002711003828356e-04 3.747595296583752233e-01 -1.708468798377419384e-01 5.080364887485868623e-04 9.852974604395539071e-01 -5.600452948365902017e+01
9.856404490016487108e-01 2.908288179712861538e-03 1.688326009741364930e-01 -4.419694656773574870e+00 -2.804020158987146748e-03 9.999957023618591956e-01 -8.559957709295111126e-04 3.709003773852826980e-01 -1.688343648750936232e-01 3.702940393767640724e-04 9.856443679743460695e-01 -5.542487457131333883e+01
9.861639957787468047e-01 2.775509781834049113e-03 1.657494192301945113e-01 -4.312961389419474045e+00 -2.668641811335585329e-03 9.999960629274511348e-01 -8.674563274460769368e-04 3.696796776744188384e-01 -1.657511742962281820e-01 4.131283676754928815e-04 9.861675200210019421e-01 -5.484779715537030853e+01
9.867076385108074499e-01 2.856601318345002548e-03 1.624803863034972595e-01 -4.206320948543408100e+00 -2.720848142177326005e-03 9.999957387804393472e-01 -1.058020014207587808e-03 3.780014672604474768e-01 -1.624827162802643388e-01 6.018719725018153218e-04 9.867112063113075981e-01 -5.427380172246822099e+01
9.871604267141260713e-01 2.941577769678482314e-03 1.597048498005285144e-01 -4.128446508545362548e+00 -2.831967382806152567e-03 9.999955723390536733e-01 -9.139272570642966408e-04 3.726184556074824683e-01 -1.597068310697045690e-01 4.499138955582095405e-04 9.871643863547546749e-01 -5.369897195020509173e+01
9.875349773680661691e-01 2.941602514132190573e-03 1.573722194331070301e-01 -4.040366641787366930e+00 -2.855953918151013168e-03 9.999956250170136673e-01 -7.703726692198740317e-04 3.666342432078859015e-01 -1.573737970625050941e-01 3.113221497649219793e-04 9.875390580005676266e-01 -5.312901448956372263e+01
9.879835431038077598e-01 2.895546679611457532e-03 1.545319849269811974e-01 -3.945513136969565071e+00 -2.811438990516653812e-03 9.999957569549008385e-01 -7.628125572914437602e-04 3.650059062435823676e-01 -1.545335380001673087e-01 3.191890053712302579e-04 9.879874916979110022e-01 -5.255810793396041447e+01
9.883344691241239266e-01 2.890095879313825389e-03 1.522715485143052161e-01 -3.855493543067470164e+00 -2.821196374487778234e-03 9.999957969504392752e-01 -6.685300833711828664e-04 3.598391306996296390e-01 -1.522728406254792721e-01 2.311433844359667361e-04 9.883384686333843705e-01 -5.199145100470824588e+01
9.886738839974018589e-01 2.858813913199483459e-03 1.500525850643758541e-01 -3.779498132620187079e+00 -2.771373337840153574e-03 9.999958462312159568e-01 -7.918397165050341429e-04 3.663931952701176553e-01 -1.500542255030306027e-01 3.670195144990308399e-04 9.886777001153417288e-01 -5.142659259473432343e+01
9.890202123426033998e-01 2.853484102887527806e-03 1.477527570174793359e-01 -3.684256113648793018e+00 -2.772517281264955721e-03 9.999958723527797577e-01 -7.539398703634327126e-04 3.649500206022035509e-01 -1.477542985016571386e-01 3.360146984948935833e-04 9.890240413500601679e-01 -5.087552000596243573e+01
9.893514695341845133e-01 2.674802690411939854e-03 1.455215281706352115e-01 -3.600205308594315312e+00 -2.604688053130765381e-03 9.999963817678374500e-01 -6.723476625192818454e-04 3.620269999636062663e-01 -1.455228000372982555e-01 2.861499620519397137e-04 9.893548568574895841e-01 -5.030794578731468647e+01
9.895569584268700813e-01 2.900376485114327264e-03 1.441131980257402689e-01 -3.517426469737070960e+00 -2.832549230848949943e-03 9.999957599533298991e-01 -6.758255818597267567e-04 3.606689062310030058e-01 -1.441145471276805423e-01 2.605601789891880669e-04 9.895609781183657416e-01 -4.975417721840730678e+01
9.898003962405002021e-01 2.837034198426402042e-03 1.424328853850320986e-01 -3.440378860242484738e+00 -2.779502723788442476e-03 9.999959554424494579e-01 -6.028792177370817951e-04 3.570960626227311363e-01 -1.424340196959883176e-01 2.008374957165826524e-04 9.898042784801160954e-01 -4.920058367925343390e+01
9.899146103134235375e-01 2.652671954503595629e-03 1.416404872186077524e-01 -3.355764648870284361e+00 -2.602957461288386322e-03 9.999964685094251404e-01 -5.362659163029236901e-04 3.524797416259557448e-01 -1.416414095541184415e-01 1.621733025351824195e-04 9.899180192315636395e-01 -4.864061000606617569e+01
9.900735229925395897e-01 2.789987932296332865e-03 1.405227207126263922e-01 -3.269815102445919219e+00 -2.745664056743367908e-03 9.999961009652401644e-01 -5.092967746395239779e-04 3.525987864599801069e-01 -1.405235937415089675e-01 1.184130684996460522e-04 9.900773230310431217e-01 -4.808655341063600019e+01
9.901218608607816885e-01 2.797341580212947629e-03 1.401815805506076984e-01 -3.190760206979564195e+00 -2.761932514879951537e-03 9.999960858893929272e-01 -4.471405562525563367e-04 3.491485013990328068e-01 -1.401822826692665780e-01 5.555157431311974980e-05 9.901257114829694617e-01 -4.753439549430504485e+01
9.901163866168261052e-01 2.771320306088498157e-03 1.402207571531436658e-01 -3.113809919283737848e+00 -2.738219478990445467e-03 9.999961590522852273e-01 -4.289927291190963722e-04 3.476387258653836354e-01 -1.402214074488082607e-01 4.079752224476378749e-05 9.901201721147980805e-01 -4.698442027578671798e+01
9.901018520471638329e-01 2.719217754684269839e-03 1.403243686163548332e-01 -3.044273670247121810e+00 -2.696353700763323962e-03 9.999963025058781207e-01 -3.530598995821166114e-04 3.433258642572017405e-01 -1.403248098145741252e-01 -2.879887016614575412e-05 9.901055231242419374e-01 -4.644274097370099241e+01
9.900412947584452672e-01 2.864949329575828315e-03 1.407480967486247070e-01 -2.967300950225553180e+00 -2.823650117630835659e-03 9.999958919021545434e-01 -4.931316535210612199e-04 3.499875969092260397e-01 -1.407489313388718410e-01 9.079732079779405493e-05 9.900453171864468382e-01 -4.588889073378280870e+01
9.899880442107398260e-01 2.744433371137639400e-03 1.411245563509963830e-01 -2.893256095946936668e+00 -2.724352592571280002e-03 9.999962326660409850e-01 -3.354946743835617810e-04 3.415868633121658671e-01 -1.411249454304429884e-01 -5.233733443420722628e-05 9.899917913993316887e-01 -4.534386739994625515e+01
9.900225988054007775e-01 2.660872297592924585e-03 1.408835462827945917e-01 -2.804305240787880127e+00 -2.637773351522636461e-03 9.999964595748865870e-01 -3.506985005940318123e-04 3.418317901875210785e-01 -1.408839806590743149e-01 -2.441942309750074445e-05 9.900261124825674441e-01 -4.480665564744268892e+01
9.899630565262773629e-01 2.580774809213095926e-03 1.413028177869592172e-01 -2.732067506806024948e+00 -2.573959667385942313e-03 9.999966606793138091e-01 -2.310018440456989403e-04 3.357460656011532762e-01 -1.413029420952767456e-01 -1.350244622769312800e-04 9.899663935324337638e-01 -4.427067569832019700e+01
9.899217907056333532e-01 2.620098390290368992e-03 1.415909014399493460e-01 -2.653741364993079888e+00 -2.606271980769721795e-03 9.999965635953191878e-01 -2.830970061979260193e-04 3.380296333132885578e-01 -1.415911566183231107e-01 -8.878050383601254346e-05 9.899252176227796296e-01 -4.374381173885979734e+01
9.898172528633727429e-01 2.598840607423369680e-03 1.423202443839357845e-01 -2.586879639658604457e+00 -2.540332116434625576e-03 9.999965976456294259e-01 -5.927983665426756182e-04 3.542547757152855192e-01 -1.423213007484972759e-01 2.252213630458291076e-04 9.898204870725769711e-01 -4.320251986546761458e+01
9.897554178961023297e-01 2.520009647502010480e-03 1.427510500721043130e-01 -2.499032489216391539e+00 -2.508542560070343291e-03 9.999968197241103640e-01 -2.602996146419772573e-04 3.378895741868897518e-01 -1.427512520419216835e-01 -1.004641307324416965e-04 9.897585917522626620e-01 -4.267525265596219697e+01
9.896899671612749971e-01 2.503192654210655271e-03 1.432044095928976524e-01 -2.418557792428557729e+00 -2.483749978295602453e-03 9.999968660229102690e-01 -3.145320380432415882e-04 3.386273068177757528e-01 -1.432047481278460044e-01 -4.439474681600954174e-05 9.896930828002925562e-01 -4.214478308141690377e+01
9.895995636452667998e-01 2.544271209894200404e-03 1.438270847827628485e-01 -2.355817650039450761e+00 -2.498141851425113736e-03 9.999967539793497284e-01 -5.013163212752738771e-04 3.475446406658028176e-01 -1.438278934017588329e-01 1.368019529179735671e-04 9.896027073350385228e-01 -4.160681237533238885e+01
9.895834795675444440e-01 2.625991723107386298e-03 1.439362398232688633e-01 -2.266231466732439248e+00 -2.578041843262968234e-03 9.999965418312951604e-01 -5.196399763529549898e-04 3.483231023553383654e-01 -1.439371066377457264e-01 1.431534868954329105e-04 9.895868273374668345e-01 -4.108591567544776524e+01
9.895487364317986367e-01 2.517680123874103688e-03 1.441768341760373828e-01 -2.194416358290874225e+00 -2.488115445475612506e-03 9.999968303828027372e-01 -3.853646041167277988e-04 3.419553807531310330e-01 -1.441773474154685597e-01 2.260844907607360713e-05 9.895518642199090387e-01 -4.055570361065243645e+01
9.894651867809065582e-01 2.625590559742431353e-03 1.447471948703614730e-01 -2.110450189756386319e+00 -2.568452432004012572e-03 9.999965323818347240e-01 -5.816153459940112810e-04 3.514470655651929509e-01 -1.447482200261210328e-01 2.037118522680672920e-04 9.894684993979094845e-01 -4.002318038857747240e+01
9.893539721010766730e-01 2.538438331287530027e-03 1.455069559115999833e-01 -2.054330282909885952e+00 -2.488604922191319131e-03 9.999967658654026481e-01 -5.245038383071757952e-04 3.491680682878942621e-01 -1.455078167431677894e-01 1.568106291167822267e-04 9.893570895672922916e-01 -3.949076183322918610e+01
9.892963025931033050e-01 2.482056939114650040e-03 1.458995033198058067e-01 -1.976302058474121104e+00 -2.452559488723650514e-03 9.999969194892046609e-01 -3.820524248484404115e-04 3.394301908221216135e-01 -1.459000021506830225e-01 2.013584003223404953e-05 9.892993424474609832e-01 -3.896835477627244870e+01
9.892244229548954326e-01 2.618828745990728086e-03 1.463836833993231723e-01 -1.905962079746578608e+00 -2.572988987326750316e-03 9.999965636103002042e-01 -5.024890664647312403e-04 3.468403766645324904e-01 -1.463844963007531197e-01 1.204308515039338072e-04 9.892277618118007210e-01 -3.842320228145847238e+01
9.891615141454448423e-01 2.601476078483464221e-03 1.468084849581387241e-01 -1.813176951110499369e+00 -2.551147507644831256e-03 9.999966047826415183e-01 -5.311022347149624030e-04 3.477842204344656074e-01 -1.468093681611810364e-01 1.508157901546123658e-04 9.891647924763155020e-01 -3.789878303198989329e+01
9.891250051038318336e-01 2.566525954163114895e-03 1.470548782695465795e-01 -1.737021495047030406e+00 -2.525598191901855943e-03 9.999967025442511037e-01 -4.650316093346678736e-04 3.439659163095274974e-01 -1.470555868782877085e-01 8.857285828868207474e-05 9.891282255212067165e-01 -3.736620074888978138e+01
9.890779923211830971e-01 2.451945043011440409e-03 1.473727012421356952e-01 -1.655814297526058132e+00 -2.449930254255138981e-03 9.999969798669273713e-01 -1.951890707239104157e-04 3.301194803845467485e-01 -1.473727347498410833e-01 -1.679956252297692639e-04 9.890810122683697525e-01 -3.682518322959121804e+01
9.890219957723610511e-01 2.662748151980706603e-03 1.477443794218074868e-01 -1.575705402830773538e+00 -2.581014893230231932e-03 9.999963917201343255e-01 -7.449220312144510213e-04 3.584528227831810798e-01 -1.477458298584999608e-01 3.554138303277741551e-04 9.890252996968441623e-01 -3.628449776732583132e+01
9.889895501788857901e-01 2.692685351537675489e-03 1.479608701061289611e-01 -1.489393018749353814e+00 -2.632992871864546936e-03 9.999963540867742307e-01 -5.993010057821761705e-04 3.510760645649890210e-01 -1.479619443826751812e-01 2.031225158259545931e-04 9.889930342301413990e-01 -3.575265850966010106e+01
9.889634166483374234e-01 2.500578257218586970e-03 1.481388120636403793e-01 -1.419857197534549753e+00 -2.493286970532691913e-03 9.999968641613499187e-01 -2.349203038761839345e-04 3.307038819031165033e-01 -1.481389349608319694e-01 -1.370249835870091166e-04 9.889665500778195284e-01 -3.521941453943546207e+01
9.889473994527607781e-01 2.455589166695497892e-03 1.482464542492200055e-01 -1.336604355194545235e+00 -2.439227720215791061e-03 9.999969823965176863e-01 -2.921745841406039141e-04 3.331986420478051936e-01 -1.482467243609470464e-01 -7.266156545635739784e-05 9.889504049428091692e-01 -3.468543617643463506e+01
9.888902608539091865e-01 2.487637060657243125e-03 1.486265913292166563e-01 -1.258613206947502450e+00 -2.456014549512992688e-03 9.999969054652307898e-01 -3.962984922294163583e-04 3.382185542284548707e-01 -1.486271172458784873e-01 2.686664860768070385e-05 9.888933103714288020e-01 -3.415281480769709788e+01
9.888310446711096047e-01 2.476131613990705839e-03 1.490202464998374443e-01 -1.180518259102470990e+00 -2.442374091611349343e-03 9.999969335410908711e-01 -4.095329190669535590e-04 3.384739691272062867e-01 -1.490208035927827745e-01 4.099567501144490197e-05 9.888340601010443542e-01 -3.361949469295459636e+01
9.888255030814367963e-01 2.500171192784136995e-03 1.490566120631693914e-01 -1.093461204943169340e+00 -2.460788126412753306e-03 9.999968716154074011e-01 -4.486437286112559446e-04 3.416764886370919352e-01 -1.490572674428868871e-01 7.683361951999755925e-05 9.888285620465534498e-01 -3.308385376608537598e+01
9.887228131565225508e-01 2.550180743326450287e-03 1.497354177274989873e-01 -1.013224803972523125e+00 -2.508714522697254399e-03 9.999967446781252711e-01 -4.658160536632410332e-04 3.417878937270896200e-01 -1.497361182056482498e-01 8.491954197627262228e-05 9.887259922209871155e-01 -3.255121504771471308e+01
9.886656907256036186e-01 2.556972875077274769e-03 1.501120044226353367e-01 -9.301432834751218737e-01 -2.509428832433429658e-03 9.999967232871697087e-01 -5.061441085883598050e-04 3.432986570444711560e-01 -1.501128067454610138e-01 1.237119227316700522e-04 9.886688676935063702e-01 -3.200641579812548088e+01
9.885920400161370969e-01 2.536944131575015818e-03 1.505966212476420041e-01 -8.556658283796795272e-01 -2.507748891760635569e-03 9.999967819505458655e-01 -3.837760391346751619e-04 3.369674948876575371e-01 -1.505971102386375327e-01 1.739427400791033161e-06 9.885952206968967593e-01 -3.146051150886485104e+01
9.885194752335348944e-01 2.444725040764676813e-03 1.510737250599582526e-01 -7.709372152431029912e-01 -2.412172223299232591e-03 9.999970112129679123e-01 -3.987358730289044281e-04 3.376176592653633013e-01 -1.510742483323413432e-01 2.974233270334157575e-05 9.885224178571833109e-01 -3.091712709925159430e+01
9.884653497244476617e-01 2.476779719871940403e-03 1.514269393349298165e-01 -6.896683465028033977e-01 -2.431534004892718561e-03 9.999969267064988676e-01 -4.839627467188116201e-04 3.402314899743636434e-01 -1.514276726246175098e-01 1.101806534393058438e-04 9.884683342544238194e-01 -3.038516065084289863e+01
9.883435476367362638e-01 2.415241492322226218e-03 1.522208870469629605e-01 -6.128216323078613526e-01 -2.364219073922376336e-03 9.999970720076269970e-01 -5.161824709274992658e-04 3.427068901961315417e-01 -1.522216880506880865e-01 1.502820899385676429e-04 9.883463639343711415e-01 -2.984428209605432514e+01
9.882962753292812152e-01 2.567342517203686798e-03 1.525250173665583797e-01 -5.266999799291942619e-01 -2.529485135859526040e-03 9.999967030570428017e-01 -4.422442673059826901e-04 3.382600973748421391e-01 -1.525256498927870519e-01 5.125859788880415607e-05 9.882995110275726303e-01 -2.930477406241496752e+01
9.882451458754608620e-01 2.429387546195219995e-03 1.528582013819977103e-01 -4.519179197874383935e-01 -2.380138792553511060e-03 9.999970398656988779e-01 -5.051724142556875000e-04 3.403826565663357617e-01 -1.528589761607644648e-01 1.354104513491211699e-04 9.882480028166474861e-01 -2.875901592060225909e+01
9.882083625732952514e-01 2.504216127402887800e-03 1.530946146727369395e-01 -3.702582054635373821e-01 -2.459065111309719984e-03 9.999968592343927432e-01 -4.842727831869815774e-04 3.390638398131075038e-01 -1.530953465621502363e-01 1.020927884408869848e-04 9.882114168729673187e-01 -2.821689190525981061e+01
9.882132439046156236e-01 2.535543300144588782e-03 1.530625871716853881e-01 -2.857855765918212998e-01 -2.488669171286430563e-03 9.999967793398444327e-01 -4.978309897079153355e-04 3.388416467710499425e-01 -1.530633564811401393e-01 1.110410352839891191e-04 9.882163713340392786e-01 -2.767958206308738056e+01
9.881952567662195541e-01 2.506954099741662452e-03 1.531791424636109455e-01 -1.970950309700931491e-01 -2.478343121380286070e-03 9.999968575653687131e-01 -3.777231265597391988e-04 3.343831368713173768e-01 -1.531796080427095530e-01 -6.366272026380180886e-06 9.881983645196709132e-01 -2.713024215190387167e+01
9.882098371387496583e-01 2.412721696097598883e-03 1.530865655641378553e-01 -1.005544138018721195e-01 -2.342297915740614977e-03 9.999970517761067601e-01 -6.403745531041323512e-04 3.478897926036010890e-01 -1.530876592762454580e-01 2.742500893820651428e-04 9.882125749878963861e-01 -2.658479496073542236e+01
9.881929391483328384e-01 2.594281813182486990e-03 1.531926392463198727e-01 -2.134043157931034967e-02 -2.559558608313354522e-03 9.999966344869583024e-01 -4.238802748036111958e-04 3.359426548246127742e-01 -1.531932233393824561e-01 2.676995609202342374e-05 9.881962535884557530e-01 -2.604662435765478889e+01
9.881729837933337368e-01 2.510881634059388724e-03 1.533226975186635366e-01 6.467656815171593521e-02 -2.429101755021812782e-03 9.999967900174029367e-01 -7.207076757964088606e-04 3.507176692168382237e-01 -1.533240149671394603e-01 3.397474208072316692e-04 9.881759109622367809e-01 -2.550357401957984038e+01
9.881559530168482208e-01 2.428077663987720548e-03 1.534337542922749598e-01 1.430919629386637748e-01 -2.344371503282398871e-03 9.999969880740685602e-01 -7.264743945048154905e-04 3.511027218008385686e-01 -1.534350560974224176e-01 3.581642764398009090e-04 9.881586690803921824e-01 -2.496494530226350861e+01
9.881722457772671442e-01 2.568378405853285942e-03 1.533265016488563892e-01 2.334368860931680945e-01 -2.512306516190854124e-03 9.999966876610223432e-01 -5.594487932989642125e-04 3.428638309330572786e-01 -1.533274306557085576e-01 1.676286012744499497e-04 9.881754251696258651e-01 -2.442244429525121774e+01
9.881606194742765803e-01 2.518817093384619499e-03 1.534022349272135821e-01 3.134869454190544746e-01 -2.426184575991697980e-03 9.999967439288471871e-01 -7.910500027827412246e-04 3.532581458047385770e-01 -1.534037279488903727e-01 4.095023244818613126e-04 9.881635130681708512e-01 -2.387825979342881766e+01
9.881643135162166969e-01 2.487697931141357247e-03 1.533789452696408817e-01 3.913033243368606029e-01 -2.416190026517515965e-03 9.999968680548869671e-01 -6.526148732708808835e-04 3.461932448608339152e-01 -1.533800884038728773e-01 2.742980503979104766e-04 9.881672293907542981e-01 -2.333398074655331911e+01
9.881517343597797653e-01 2.494456868992897969e-03 1.534598565315629937e-01 4.695368463273621451e-01 -2.442765920530668138e-03 9.999968784270911737e-01 -5.253862682973813557e-04 3.395866291581907670e-01 -1.534606880488181002e-01 1.442948445220423024e-04 9.881547431463257869e-01 -2.279402791221702529e+01
9.881876798245600169e-01 2.429396975512978889e-03 1.532292644154119865e-01 5.629845236200614611e-01 -2.375455077843603366e-03 9.999970354314654530e-01 -5.351088240893534659e-04 3.407997486447580382e-01 -1.532301101485149253e-01 1.647987131006763714e-04 9.881905211978397885e-01 -2.225662140504443087e+01
9.882210111615803427e-01 2.414047485273893446e-03 1.530143962949975234e-01 6.405780164334744509e-01 -2.384403525772395022e-03 9.999970861515540266e-01 -3.772376276155264916e-04 3.327386565565427778e-01 -1.530148611037829842e-01 7.946083790684698974e-06 9.882238876986579879e-01 -2.171552984209128212e+01
9.882844167819314629e-01 2.412793064802903811e-03 1.526043576560778270e-01 7.258362986112050219e-01 -2.388770767127191327e-03 9.999970888249541945e-01 -3.407577419323381748e-04 3.319714306291255967e-01 -1.526047355759964641e-01 -2.777126225553264095e-05 9.882873033225394455e-01 -2.117347437876671634e+01
9.883391497860104513e-01 2.552535769396953140e-03 1.522471988622845218e-01 8.110334584907603617e-01 -2.524193510306188028e-03 9.999967422321220933e-01 -3.794367738009243006e-04 3.308152249520953103e-01 -1.522476714021878952e-01 -9.289172914521973612e-06 9.883423731006997226e-01 -2.063498220908493863e+01
9.884141766682226216e-01 2.467953655040142514e-03 1.517607477776656555e-01 8.988160789376448134e-01 -2.434343166018077594e-03 9.999969540496442821e-01 -4.072650043785071847e-04 3.318519885395488367e-01 -1.517612906331180789e-01 3.310876476620886561e-05 9.884171738538236607e-01 -2.010023544482484326e+01
9.884788424375885452e-01 2.580232220745109703e-03 1.513371086512890762e-01 9.780903021475031434e-01 -2.551284880242509975e-03 9.999966711823112808e-01 -3.854474754518027362e-04 3.309006151722170275e-01 -1.513375994216403786e-01 -5.097402766562908211e-06 9.884821348791851259e-01 -1.956974325145986171e+01
9.886259206120275866e-01 2.477081744690954202e-03 1.503750416792992151e-01 1.071605955454038694e+00 -2.474587469299188800e-03 9.999969174549385720e-01 -2.037092968478569752e-04 3.223975447144356576e-01 -1.503750827460375583e-01 -1.707239027014955692e-04 9.886290028835242882e-01 -1.905749422487681954e+01
9.887106948520625327e-01 2.444172840058966931e-03 1.498171816057144445e-01 1.153078443180973300e+00 -2.433082912721889427e-03 9.999970069434096498e-01 -2.573164628263830138e-04 3.258744236003395800e-01 -1.498173621203214290e-01 -1.101060858390678476e-04 9.887136824601743257e-01 -1.852971009301629834e+01
9.887727614454812075e-01 2.434009657019228952e-03 1.494071679019014776e-01 1.217084483924567584e+00 -2.428818976240433233e-03 9.999970268251971994e-01 -2.172076115914004847e-04 3.233132886363525582e-01 -1.494072523736987013e-01 -1.481139946662723170e-04 9.887757334200645287e-01 -1.802089638002786387e+01
9.888177694085308334e-01 2.470469240375606015e-03 1.491084024583118062e-01 1.292584249015406916e+00 -2.467718915756010774e-03 9.999969344793224746e-01 -2.034583752210188091e-04 3.213842249745221813e-01 -1.491084480010785307e-01 -1.667743684910042703e-04 9.888208345908876540e-01 -1.750255165079261843e+01
9.888352577807221211e-01 2.528118421223234016e-03 1.489914144740596136e-01 1.361106319138008613e+00 -2.506737502626343959e-03 9.999968032506837412e-01 -3.312936858712002487e-04 3.273055781432347433e-01 -1.489917757355273542e-01 -4.588748896189673169e-05 9.888384340515454785e-01 -1.698598140091877085e+01
9.889455908121196348e-01 2.501259033686513249e-03 1.482577556707033450e-01 1.450806028240591905e+00 -2.484440073085654802e-03 9.999968691820424471e-01 -2.986362945028989200e-04 3.268149668491296955e-01 -1.482580384693889253e-01 -7.300246262892569078e-05 9.889487088316812891e-01 -1.646646972447076607e+01
9.890366914270805054e-01 2.491581211505885813e-03 1.476489587976846929e-01 1.514846477294642169e+00 -2.507065729308574197e-03 9.999968540066896949e-01 -8.122901102826985450e-05 3.164849073264848767e-01 -1.476486966837257664e-01 -2.898271722544751576e-04 9.890398264821328445e-01 -1.597549004954875151e+01
9.891774487656215253e-01 2.556114487179815976e-03 1.467018784210499527e-01 1.592329399202258244e+00 -2.549585611677595339e-03 9.999967227646571200e-01 -2.325363505188935440e-04 3.242545392131655491e-01 -1.467019920340034977e-01 -1.440092844768373602e-04 9.891807240310444005e-01 -1.547153073402386703e+01
9.892756628952763531e-01 2.518058449876771354e-03 1.460387694578210438e-01 1.659321325910936284e+00 -2.500660908769942146e-03 9.999968275256243544e-01 -3.027105977768631997e-04 3.260411279555280317e-01 -1.460390683965457070e-01 -6.572921466690714138e-05 9.892788212539169734e-01 -1.497148267773854613e+01
9.894777500230880207e-01 2.649214322620492383e-03 1.446608581224382573e-01 1.732785992814727782e+00 -2.647305778601605035e-03 9.999964747263293541e-01 -2.056867238819607303e-04 3.216336308289575729e-01 -1.446608930615388144e-01 -1.794390888886551044e-04 9.894812751236131687e-01 -1.447741736869649287e+01
9.896416366406964871e-01 2.527352166189048271e-03 1.435376031503652061e-01 1.801179424856446110e+00 -2.510318036733234174e-03 9.999968042143503322e-01 -2.997739826186911986e-04 3.269894188831107829e-01 -1.435379020693771934e-01 -6.365621935675759980e-05 9.896448184158838091e-01 -1.399919878871489054e+01
9.898061059344135382e-01 2.542816081916240978e-03 1.423987596200403660e-01 1.874879057937552052e+00 -2.532442161631146167e-03 9.999967610839693988e-01 -2.540831924151437681e-04 3.252845548817245858e-01 -1.423989444892429235e-01 -1.091235273579513532e-04 9.898093395702050046e-01 -1.351458128263089797e+01
9.900068826457911753e-01 2.516401320092492584e-03 1.409965958396121322e-01 1.944158513339753425e+00 -2.524367645891613648e-03 9.999968062932599322e-01 -1.223571362191559308e-04 3.193128621800784828e-01 -1.409964534374927581e-01 -2.347928377205799142e-04 9.900100731762138118e-01 -1.303530867181232189e+01
9.903235638475373914e-01 2.868781565696328258e-03 1.387480053213045184e-01 2.020581680254649459e+00 -2.903069868237522118e-03 9.999957850824896521e-01 4.475036580404810746e-05 3.130154138084694782e-01 -1.387472921308829099e-01 -4.471124952728843340e-04 9.903277179887292059e-01 -1.254097198773631483e+01
9.906243593228664102e-01 2.763220988748498266e-03 1.365860290290621670e-01 2.097105846959173903e+00 -2.785109796913873455e-03 9.999961210985549576e-01 -3.084255618904702166e-05 3.173830743963070855e-01 -1.365855844501153993e-01 -3.498537001057494284e-04 9.906282126624543771e-01 -1.206737122573792398e+01
9.909523796039113597e-01 2.746888450709216757e-03 1.341858262305859473e-01 2.149859567648891190e+00 -2.767890606583677665e-03 9.999961689324342595e-01 -3.003405225252673183e-05 3.172308145100398713e-01 -1.341853946558105859e-01 -3.416493724115189081e-04 9.909561862851307135e-01 -1.158387705211698382e+01
9.913662365094942919e-01 2.660738898776209005e-03 1.310950249914696886e-01 2.227274998092058755e+00 -2.729139625495887074e-03 9.999962173739522786e-01 3.421033349187906319e-04 3.059060625736725325e-01 -1.310936188603628039e-01 -6.969263230453819503e-04 9.913697480697069020e-01 -1.111811025362331407e+01
9.918792910944550512e-01 2.650219039958866176e-03 1.271552131727261836e-01 2.294994990432254856e+00 -2.689911606980798214e-03 9.999963723189289055e-01 1.404440414502024681e-04 3.132748481575871047e-01 -1.271543796866935472e-01 -4.813398200735008133e-04 9.918828217276826065e-01 -1.066119265158350338e+01
9.924679398213331893e-01 2.782315842818031126e-03 1.224730466076080077e-01 2.356794433691169033e+00 -2.798954084190290355e-03 9.999960822653521930e-01 -3.619366852374079793e-05 3.182943932428998202e-01 -1.224726674929272202e-01 -3.068753783712588768e-04 9.924718391695902531e-01 -1.019460275068449739e+01
9.930270081629731793e-01 2.744543508989390462e-03 1.178551167316111425e-01 2.385050073990050201e+00 -2.827731995518915128e-03 9.999958568879154797e-01 5.386453055187807697e-04 2.992208181199870198e-01 -1.178531501091758804e-01 -8.681520206179388528e-04 9.930306547742688839e-01 -9.737538495523505588e+00
9.935831176337611703e-01 2.742346532651888415e-03 1.130710745003791068e-01 2.425373670402782622e+00 -2.761473869616719312e-03 9.999961870451575807e-01 1.253848905048197634e-05 3.180303393465676587e-01 -1.130706089805960796e-01 -3.247008486834768257e-04 9.935869020644928495e-01 -9.289894927876341413e+00
9.943228681233846622e-01 2.904402266397731504e-03 1.063654002688899092e-01 2.461970959147457005e+00 -2.939885085008725474e-03 9.999956628994891572e-01 1.767990335044908475e-04 3.138572880967215317e-01 -1.063644254559444613e-01 -4.884973758871201041e-04 9.943270942540691770e-01 -8.849653092931831111e+00
9.950220893445158588e-01 2.946107708410229675e-03 9.961105443596500464e-02 2.499865407069178147e+00 -2.982694306619126066e-03 9.999955279143415421e-01 2.183712220207439394e-04 3.138594213623785434e-01 -9.960996562165654045e-02 -5.143935145302763832e-04 9.950264268591888506e-01 -8.430263134791976753e+00
9.959020828871333331e-01 2.800127581483759058e-03 9.039469335418329199e-02 2.558900282037822382e+00 -2.814872140156836171e-03 9.999960376049059629e-01 3.562754683584737217e-05 3.222059093196676938e-01 -9.039423541301724874e-02 -2.899310520426900896e-04 9.959060187307239298e-01 -8.003528102659293708e+00
9.967239077454200791e-01 3.039710798898035554e-03 8.082210023847737068e-02 2.595769183195517638e+00 -3.074763743619506572e-03 9.999952250847222723e-01 3.092501843446337508e-04 3.151388896865464639e-01 -8.082077428867125157e-02 -5.567459157074265350e-04 9.967284948657608723e-01 -7.591265779369852140e+00
9.975205576667114382e-01 2.970931143753094937e-03 7.031294760164845392e-02 2.626926886243560411e+00 -2.995308721451686931e-03 9.999954849474046448e-01 2.412684568400789173e-04 3.176925100929721690e-01 -7.031191334301946372e-02 -4.512792307966955168e-04 9.975249526648942711e-01 -7.174918346415965154e+00
9.981765404219867799e-01 2.965820738512128275e-03 6.028928643250707625e-02 2.659494609110405694e+00 -2.988428779487136734e-03 9.999954940728379427e-01 2.848288092659567554e-04 3.162894398321150491e-01 -6.028817002218431892e-02 -4.644796741152541330e-04 9.981809058552505443e-01 -6.770524160338448283e+00
9.988295015313725100e-01 2.965180376550199427e-03 4.827871762924582782e-02 2.683475542209870390e+00 -2.980571989323217534e-03 9.999955276254240966e-01 2.468192985720960931e-04 3.203532850854590164e-01 -4.827776984499587004e-02 -3.904285904072648085e-04 9.988338723252778717e-01 -6.353555170401828711e+00
9.993052492959997313e-01 3.023670528872163948e-03 3.714668418570777481e-02 2.706303448431589764e+00 -3.038094515352402110e-03 9.999953299154027420e-01 3.318570484626049322e-04 3.183679634391207713e-01 -3.714550728117289174e-02 -4.444816280326846568e-04 9.993097686527969703e-01 -5.978030847044673024e+00
9.997279313521720834e-01 2.968613570534558554e-03 2.313548373765896699e-02 2.723011558483690031e+00 -2.988538842759744154e-03 9.999951925772325723e-01 8.267151921525733686e-04 3.034704080704355156e-01 -2.313291831766931678e-02 -8.956315606641358090e-04 9.997319970543183665e-01 -5.588788725405742674e+00
9.999615985384573413e-01 2.895446967056767001e-03 8.271507436619833162e-03 2.745811700266003630e+00 -2.899888400523943210e-03 9.999956574950007449e-01 5.250127670790516931e-04 3.115282005503227647e-01 -8.269951370933332005e-03 -5.489790542917686754e-04 9.999656526732907391e-01 -5.210665013359307984e+00
9.999694103278411461e-01 2.986594833340145555e-03 -7.229015139773515772e-03 2.750917785469278343e+00 -2.981341718918968826e-03 9.999952839559724804e-01 7.373380289245055116e-04 3.086249503735218336e-01 7.231183177367452725e-03 -7.157633095730268381e-04 9.999735984878500572e-01 -4.848060773584307093e+00
9.997400173099865173e-01 2.985662257132416092e-03 -2.260494658065387297e-02 2.749604210362465384e+00 -2.971143579029142216e-03 9.999953577641792490e-01 6.758372022945849334e-04 3.131802375063250654e-01 2.260685946478798586e-02 -6.084989544333146766e-04 9.997442471123111352e-01 -4.479153741760007357e+00
9.992597244159197034e-01 3.024516744412496152e-03 -3.835173345082406454e-02 2.720354923282756854e+00 -2.988107730007595001e-03 9.999950289418386706e-01 1.006629924586929792e-03 3.031992300993909817e-01 3.835458737118883216e-02 -8.912856298479551655e-04 9.992637946195748189e-01 -4.106720587296195824e+00
9.985981876577871841e-01 3.131381024400473317e-03 -5.283799825374643072e-02 2.708492425532282866e+00 -3.071668557654114780e-03 9.999945488187795828e-01 1.211274121492534814e-03 2.988073915333929187e-01 5.284150318504201443e-02 -1.047275324593807851e-03 9.986023626827345012e-01 -3.753314382049523612e+00
9.975339093784190148e-01 3.222167777040505030e-03 -7.011217636776603812e-02 2.698077842776265722e+00 -3.132346620210124406e-03 9.999941267278040780e-01 1.391012058647831881e-03 2.961524861989459079e-01 7.011624665410282065e-02 -1.167966058174346299e-03 9.975381435365907601e-01 -3.400084226535477594e+00
9.961364026899411916e-01 3.147638760985484608e-03 -8.776308794803072688e-02 2.668224178018391957e+00 -3.044382320602922239e-03 9.999945073287229702e-01 1.310362037971137764e-03 3.024207867742982891e-01 8.776673044058000417e-02 -1.038114933375525011e-03 9.961405138559297212e-01 -3.040964490943805387e+00
9.943319642507444378e-01 3.121618619356805908e-03 -1.062741754447033282e-01 2.645776078465538639e+00 -2.999095370088818331e-03 9.999946411160047788e-01 1.312694265236681677e-03 3.051067781220869746e-01 1.062777036645853046e-01 -9.865274796772606491e-04 9.943359977730437116e-01 -2.694004454345655386e+00
9.924442427651124499e-01 2.851967663865244418e-03 -1.226633249297723466e-01 2.612825488846617361e+00 -2.725936312828662264e-03 9.999955702960851012e-01 1.195265420741654016e-03 3.084648116596359069e-01 1.226661904258913721e-01 -8.518618737129066924e-04 9.924476208131828292e-01 -2.365075149891515238e+00
9.898355135075820321e-01 3.065068723066263334e-03 -1.421839004701458409e-01 2.577433381600965134e+00 -2.890059223678801120e-03 9.999947907628887744e-01 1.437360347995264923e-03 3.051753923222534359e-01 1.421875654087412788e-01 -1.011830425140956315e-03 9.898392154498253381e-01 -2.032609208385999899e+00
9.872539572240343064e-01 2.811526162167506376e-03 -1.591279964874943997e-01 2.538230509125495526e+00 -2.685880023872947320e-03 9.999958883488082595e-01 1.004656147779902720e-03 3.204050551648351952e-01 1.591301668257214808e-01 -5.644520505404776282e-04 9.872574494020800451e-01 -1.705535322918548147e+00
9.839295251896702510e-01 3.082811167266038665e-03 -1.785306296839204721e-01 2.482159545218162844e+00 -2.816305578375084221e-03 9.999945096102268449e-01 1.746187931244356541e-03 3.000925170159901567e-01 1.785350326488316375e-01 -1.215329053791550443e-03 9.839328051713549517e-01 -1.384397955497572053e+00
